2026-02-11 23:41:03,461 - Drone_5 - INFO - Drone 5 initialized at {'x': 0, 'y': -10, 'z': 0}
2026-02-11 23:41:03,461 - Drone_5 - INFO - Drone 5 started
2026-02-11 23:41:26,852 - Drone_5 - INFO - Drone 5: Armed
2026-02-11 23:41:30,295 - Drone_5 - INFO - Drone 5: Taking off
2026-02-11 23:41:35,377 - Drone_5 - INFO - Drone 5: Takeoff complete at 10.1m
2026-02-11 23:41:44,325 - Drone_5 - INFO - Drone 5: Flying to {'x': -40, 'y': 0, 'z': 10.056900024414062}
2026-02-11 23:41:47,046 - Drone_5 - INFO - Drone 5: Reached target position
2026-02-11 23:41:52,924 - Drone_5 - INFO - Drone 5: Flying to {'x': -13.514533018536286, 'y': 6.508256086763374, 'z': 10.056900024414062}
2026-02-11 23:41:54,789 - Drone_5 - INFO - Drone 5: Reached target position
2026-02-11 23:42:17,724 - Drone_5 - WARNING - Drone 5: Cannot takeoff - already flying
2026-02-11 23:42:28,120 - Drone_5 - ERROR - Drone 5: EMERGENCY LANDING - Emergency button pressed
2026-02-11 23:42:34,899 - Drone_5 - INFO - Drone 5: Landed safely
2026-02-11 23:42:44,571 - Drone_5 - WARNING - Drone 5: Cannot takeoff - not armed
2026-02-11 23:42:46,737 - Drone_5 - WARNING - Drone 5: Cannot takeoff - not armed
2026-02-11 23:42:54,963 - Drone_5 - INFO - Drone 5: Role changed from follower to follower
2026-02-11 23:45:48,920 - Drone_5 - INFO - Drone 5: Armed
2026-02-11 23:45:57,438 - Drone_5 - INFO - Drone 5: Taking off
2026-02-11 23:46:02,546 - Drone_5 - INFO - Drone 5: Takeoff complete at 10.1m
2026-02-11 23:46:40,300 - Drone_5 - INFO - Drone 5: Flying to {'x': -33.90384715636608, 'y': -18.96732483088405, 'z': 10.05463981628418}
2026-02-11 23:46:42,461 - Drone_5 - INFO - Drone 5: Reached target position
2026-02-11 23:47:17,504 - Drone_5 - INFO - Drone 5: Role changed from follower to follower
2026-02-11 23:47:27,498 - Drone_5 - INFO - Drone 5: Role changed from follower to follower
2026-02-11 23:47:29,904 - Drone_5 - INFO - Drone 5: Role changed from follower to follower
2026-02-11 23:47:37,837 - Drone_5 - INFO - Drone 5: Flying to {'x': -33.90384715636608, 'y': -18.96732483088405, 'z': 10.05463981628418}
2026-02-11 23:47:37,858 - Drone_5 - INFO - Drone 5: Reached target position
2026-02-11 23:47:49,323 - Drone_5 - WARNING - Drone 5: Cannot takeoff - already flying
2026-02-12 00:13:57,900 - Drone_5 - WARNING - Drone 5: Cannot takeoff - already flying
2026-02-12 00:15:19,090 - Drone_5 - INFO - Drone 5: Flying to {'x': -9.26859224074187, 'y': -4.701477086456746, 'z': 10.05463981628418}
2026-02-12 00:15:21,090 - Drone_5 - INFO - Drone 5: Reached target position
2026-02-12 00:15:28,937 - Drone_5 - ERROR - Drone 5: EMERGENCY LANDING - Emergency button pressed
2026-02-12 00:15:30,644 - Drone_5 - INFO - Drone 5: Role changed from follower to follower
2026-02-12 00:15:35,670 - Drone_5 - INFO - Drone 5: Landed safely
2026-02-12 00:15:42,624 - Drone_5 - WARNING - Drone 5: Cannot takeoff - not armed
2026-02-12 00:15:50,851 - Drone_5 - INFO - Drone 5 stopped
2026-02-12 00:15:58,838 - Drone_5 - INFO - Drone 5 initialized at {'x': 0, 'y': -10, 'z': 0}
2026-02-12 00:15:58,839 - Drone_5 - INFO - Drone 5 started
2026-02-12 00:16:13,613 - Drone_5 - WARNING - Drone 5: Cannot goto - invalid flight mode
2026-02-12 00:16:16,838 - Drone_5 - WARNING - Drone 5: Cannot goto - invalid flight mode
2026-02-12 00:16:19,310 - Drone_5 - WARNING - Drone 5: Cannot goto - invalid flight mode
2026-02-12 00:16:21,584 - Drone_5 - WARNING - Drone 5: Cannot takeoff - not armed
2026-02-12 00:16:36,943 - Drone_5 - WARNING - Drone 5: Cannot takeoff - not armed
2026-02-12 00:16:37,550 - Drone_5 - INFO - Drone 5: Armed
2026-02-12 00:16:48,932 - Drone_5 - WARNING - Drone 5: Cannot goto - invalid flight mode
2026-02-12 00:16:52,029 - Drone_5 - INFO - Drone 5 stopped
2026-02-12 01:04:40,069 - Drone_5 - INFO - Drone 5 initialized at {'x': 0, 'y': -10, 'z': 0}
2026-02-12 01:04:40,069 - Drone_5 - INFO - Drone 5 started
2026-02-12 01:04:44,057 - Drone_5 - WARNING - Drone 5: Cannot goto - invalid flight mode
2026-02-12 01:04:49,900 - Drone_5 - WARNING - Drone 5: Cannot takeoff - not armed
2026-02-12 01:05:32,778 - Drone_5 - WARNING - Drone 5: Cannot takeoff - not armed
2026-02-12 01:05:37,952 - Drone_5 - INFO - Drone 5: Armed
2026-02-12 01:05:40,344 - Drone_5 - INFO - Drone 5: Taking off
2026-02-12 01:05:43,323 - Drone_5 - WARNING - Drone 5: Cannot goto - invalid flight mode
2026-02-12 01:05:45,452 - Drone_5 - INFO - Drone 5: Takeoff complete at 10.1m
2026-02-12 01:05:52,918 - Drone_5 - INFO - Drone 5: Flying to {'x': -20, 'y': -20, 'z': 10.051294326782227}
2026-02-12 01:05:54,500 - Drone_5 - INFO - Drone 5: Reached target position
2026-02-12 01:06:17,570 - Drone_5 - INFO - Drone 5: Flying to {'x': -7.4999999999999964, 'y': 12.99038105676658, 'z': 10.051294326782227}
2026-02-12 01:06:19,929 - Drone_5 - INFO - Drone 5: Reached target position
2026-02-12 01:07:08,527 - Drone_5 - INFO - Drone 5: Flying to {'x': -7.4999999999999964, 'y': 12.99038105676658, 'z': 10.051294326782227}
2026-02-12 01:07:08,603 - Drone_5 - INFO - Drone 5: Reached target position
2026-02-12 01:14:37,641 - Drone_5 - INFO - Drone 5 stopped
2026-02-12 01:14:40,330 - Drone_5 - INFO - Drone 5 initialized at {'x': 0, 'y': -10, 'z': 0}
2026-02-12 01:14:40,330 - Drone_5 - INFO - Drone 5 started
2026-02-12 01:14:47,709 - Drone_5 - INFO - Drone 5: Armed
2026-02-12 01:14:50,687 - Drone_5 - INFO - Drone 5: Taking off
2026-02-12 01:14:55,731 - Drone_5 - INFO - Drone 5: Takeoff complete at 10.1m
2026-02-12 01:15:09,356 - Drone_5 - INFO - Drone 5: Role changed from follower to follower
2026-02-12 01:15:22,767 - Drone_5 - INFO - Drone 5 stopped
2026-02-12 01:24:17,989 - Drone_5 - INFO - Drone 5: Personal ML system initialized
2026-02-12 01:24:17,989 - Drone_5 - INFO - Drone 5 initialized at {'x': -900, 'y': 1600, 'z': 0}
2026-02-12 01:24:17,990 - Drone_5 - INFO - Drone 5 started
2026-02-12 01:25:13,381 - Drone_5 - INFO - Drone 5: Personal ML system initialized
2026-02-12 01:25:13,381 - Drone_5 - INFO - Drone 5 initialized at {'x': -900, 'y': 1600, 'z': 0}
2026-02-12 01:25:13,382 - Drone_5 - INFO - Drone 5 started
2026-02-12 01:25:22,333 - Drone_5 - INFO - Drone 5: Armed
2026-02-12 01:25:24,401 - Drone_5 - INFO - Drone 5: Taking off
2026-02-12 01:26:27,489 - Drone_5 - INFO - Drone 5: Personal ML system initialized
2026-02-12 01:26:27,489 - Drone_5 - INFO - Drone 5 initialized at {'x': -900, 'y': 1600, 'z': 0}
2026-02-12 01:26:27,489 - Drone_5 - INFO - Drone 5 started
2026-02-12 01:26:31,050 - Drone_5 - INFO - Drone 5: Armed
2026-02-12 01:26:32,739 - Drone_5 - INFO - Drone 5: Taking off
2026-02-12 01:26:39,340 - Drone_5 - WARNING - Drone 5: Cannot goto - invalid flight mode
2026-02-12 01:33:08,706 - Drone_5 - INFO - Drone 5: Role changed from follower to follower
2026-02-12 01:37:16,433 - Drone_5 - INFO - Drone 5: Personal ML system initialized
2026-02-12 01:37:16,433 - Drone_5 - INFO - Drone 5 initialized at {'x': -900, 'y': 1600, 'z': 0}
2026-02-12 01:37:16,434 - Drone_5 - INFO - Drone 5 started
2026-02-12 01:37:28,011 - Drone_5 - INFO - Drone 5: Armed
2026-02-12 01:37:29,512 - Drone_5 - INFO - Drone 5: Taking off
2026-02-12 01:41:56,996 - Drone_5 - INFO - Drone 5: Personal ML system initialized
2026-02-12 01:41:56,996 - Drone_5 - INFO - Drone 5 initialized at {'x': -900, 'y': 1600, 'z': 0}
2026-02-12 01:41:56,997 - Drone_5 - INFO - Drone 5 started
2026-02-12 01:42:09,812 - Drone_5 - INFO - Drone 5: Armed
2026-02-12 01:42:15,326 - Drone_5 - INFO - Drone 5: Taking off
2026-02-12 01:43:21,054 - Drone_5 - INFO - Drone 5: Role changed from follower to follower
2026-02-12 01:44:09,971 - Drone_5 - INFO - Drone 5: Personal ML system initialized
2026-02-12 01:44:09,971 - Drone_5 - INFO - Drone 5 initialized at {'x': -900, 'y': 1600, 'z': 0}
2026-02-12 01:44:09,972 - Drone_5 - INFO - Drone 5 started
2026-02-12 01:51:54,009 - Drone_5 - INFO - Drone 5: Role changed from follower to follower
2026-02-12 01:52:53,928 - Drone_5 - INFO - Drone 5: Personal ML system initialized
2026-02-12 01:52:53,929 - Drone_5 - INFO - Drone 5 initialized at {'x': -900, 'y': 1600, 'z': 0}
2026-02-12 01:52:53,929 - Drone_5 - INFO - Drone 5 started
2026-02-12 01:53:13,944 - Drone_5 - INFO - Drone 5: Armed
2026-02-12 01:53:15,433 - Drone_5 - INFO - Drone 5: Taking off
2026-02-12 01:53:15,941 - Drone_5 - WARNING - Drone 5: Cannot goto - invalid flight mode
2026-02-12 01:53:16,942 - Drone_5 - WARNING - Drone 5: Cannot goto - invalid flight mode
2026-02-12 01:53:17,944 - Drone_5 - WARNING - Drone 5: Cannot goto - invalid flight mode
2026-02-12 01:53:18,945 - Drone_5 - WARNING - Drone 5: Cannot goto - invalid flight mode
2026-02-12 01:53:19,947 - Drone_5 - WARNING - Drone 5: Cannot goto - invalid flight mode
2026-02-12 01:53:20,948 - Drone_5 - WARNING - Drone 5: Cannot goto - invalid flight mode
2026-02-12 01:53:21,950 - Drone_5 - WARNING - Drone 5: Cannot goto - invalid flight mode
2026-02-12 01:53:22,954 - Drone_5 - WARNING - Drone 5: Cannot goto - invalid flight mode
2026-02-12 01:53:23,957 - Drone_5 - WARNING - Drone 5: Cannot goto - invalid flight mode
2026-02-12 01:53:24,959 - Drone_5 - WARNING - Drone 5: Cannot goto - invalid flight mode
2026-02-12 01:53:25,960 - Drone_5 - WARNING - Drone 5: Cannot goto - invalid flight mode
2026-02-12 01:53:26,963 - Drone_5 - WARNING - Drone 5: Cannot goto - invalid flight mode
2026-02-12 01:53:27,965 - Drone_5 - WARNING - Drone 5: Cannot goto - invalid flight mode
2026-02-12 01:53:28,969 - Drone_5 - WARNING - Drone 5: Cannot goto - invalid flight mode
2026-02-12 01:53:29,971 - Drone_5 - WARNING - Drone 5: Cannot goto - invalid flight mode
2026-02-12 01:53:30,975 - Drone_5 - WARNING - Drone 5: Cannot goto - invalid flight mode
2026-02-12 01:53:31,979 - Drone_5 - WARNING - Drone 5: Cannot goto - invalid flight mode
2026-02-12 01:53:32,981 - Drone_5 - WARNING - Drone 5: Cannot goto - invalid flight mode
2026-02-12 01:53:33,984 - Drone_5 - WARNING - Drone 5: Cannot goto - invalid flight mode
2026-02-12 01:53:34,985 - Drone_5 - WARNING - Drone 5: Cannot goto - invalid flight mode
2026-02-12 01:53:35,989 - Drone_5 - WARNING - Drone 5: Cannot goto - invalid flight mode
2026-02-12 01:53:36,991 - Drone_5 - WARNING - Drone 5: Cannot goto - invalid flight mode
2026-02-12 01:53:37,994 - Drone_5 - WARNING - Drone 5: Cannot goto - invalid flight mode
2026-02-12 01:53:38,998 - Drone_5 - WARNING - Drone 5: Cannot goto - invalid flight mode
2026-02-12 01:53:40,000 - Drone_5 - WARNING - Drone 5: Cannot goto - invalid flight mode
2026-02-12 01:53:41,005 - Drone_5 - WARNING - Drone 5: Cannot goto - invalid flight mode
2026-02-12 01:53:42,009 - Drone_5 - WARNING - Drone 5: Cannot goto - invalid flight mode
2026-02-12 01:53:43,014 - Drone_5 - WARNING - Drone 5: Cannot goto - invalid flight mode
2026-02-12 01:53:44,017 - Drone_5 - WARNING - Drone 5: Cannot goto - invalid flight mode
2026-02-12 01:53:45,019 - Drone_5 - WARNING - Drone 5: Cannot goto - invalid flight mode
2026-02-12 01:53:46,023 - Drone_5 - WARNING - Drone 5: Cannot goto - invalid flight mode
2026-02-12 01:53:47,027 - Drone_5 - WARNING - Drone 5: Cannot goto - invalid flight mode
2026-02-12 01:53:48,031 - Drone_5 - WARNING - Drone 5: Cannot goto - invalid flight mode
2026-02-12 01:53:49,035 - Drone_5 - WARNING - Drone 5: Cannot goto - invalid flight mode
2026-02-12 01:53:50,037 - Drone_5 - WARNING - Drone 5: Cannot goto - invalid flight mode
2026-02-12 01:53:51,039 - Drone_5 - WARNING - Drone 5: Cannot goto - invalid flight mode
2026-02-12 01:53:52,041 - Drone_5 - WARNING - Drone 5: Cannot goto - invalid flight mode
2026-02-12 01:53:53,044 - Drone_5 - WARNING - Drone 5: Cannot goto - invalid flight mode
2026-02-12 01:53:54,047 - Drone_5 - WARNING - Drone 5: Cannot goto - invalid flight mode
2026-02-12 01:53:55,050 - Drone_5 - WARNING - Drone 5: Cannot goto - invalid flight mode
2026-02-12 01:53:56,051 - Drone_5 - WARNING - Drone 5: Cannot goto - invalid flight mode
2026-02-12 01:53:57,055 - Drone_5 - WARNING - Drone 5: Cannot goto - invalid flight mode
2026-02-12 01:53:58,057 - Drone_5 - WARNING - Drone 5: Cannot goto - invalid flight mode
2026-02-12 01:53:59,059 - Drone_5 - WARNING - Drone 5: Cannot goto - invalid flight mode
2026-02-12 01:54:00,063 - Drone_5 - WARNING - Drone 5: Cannot goto - invalid flight mode
2026-02-12 01:54:01,066 - Drone_5 - WARNING - Drone 5: Cannot goto - invalid flight mode
2026-02-12 01:54:02,070 - Drone_5 - WARNING - Drone 5: Cannot goto - invalid flight mode
2026-02-12 01:54:03,075 - Drone_5 - WARNING - Drone 5: Cannot goto - invalid flight mode
2026-02-12 01:54:04,077 - Drone_5 - WARNING - Drone 5: Cannot goto - invalid flight mode
2026-02-12 01:54:05,079 - Drone_5 - WARNING - Drone 5: Cannot goto - invalid flight mode
2026-02-12 01:54:06,082 - Drone_5 - WARNING - Drone 5: Cannot goto - invalid flight mode
2026-02-12 01:54:07,086 - Drone_5 - WARNING - Drone 5: Cannot goto - invalid flight mode
2026-02-12 01:54:08,090 - Drone_5 - WARNING - Drone 5: Cannot goto - invalid flight mode
2026-02-12 01:54:09,095 - Drone_5 - WARNING - Drone 5: Cannot goto - invalid flight mode
2026-02-12 01:54:10,097 - Drone_5 - WARNING - Drone 5: Cannot goto - invalid flight mode
2026-02-12 01:54:11,100 - Drone_5 - WARNING - Drone 5: Cannot goto - invalid flight mode
2026-02-12 01:54:12,103 - Drone_5 - WARNING - Drone 5: Cannot goto - invalid flight mode
2026-02-12 01:54:13,106 - Drone_5 - WARNING - Drone 5: Cannot goto - invalid flight mode
2026-02-12 01:54:14,110 - Drone_5 - WARNING - Drone 5: Cannot goto - invalid flight mode
2026-02-12 01:54:15,113 - Drone_5 - WARNING - Drone 5: Cannot goto - invalid flight mode
2026-02-12 01:54:16,116 - Drone_5 - WARNING - Drone 5: Cannot goto - invalid flight mode
2026-02-12 01:54:17,117 - Drone_5 - WARNING - Drone 5: Cannot goto - invalid flight mode
2026-02-12 01:54:18,119 - Drone_5 - WARNING - Drone 5: Cannot goto - invalid flight mode
2026-02-12 01:54:19,122 - Drone_5 - WARNING - Drone 5: Cannot goto - invalid flight mode
2026-02-12 01:54:20,124 - Drone_5 - WARNING - Drone 5: Cannot goto - invalid flight mode
2026-02-12 01:54:21,126 - Drone_5 - WARNING - Drone 5: Cannot goto - invalid flight mode
2026-02-12 01:54:22,127 - Drone_5 - WARNING - Drone 5: Cannot goto - invalid flight mode
2026-02-12 01:54:23,128 - Drone_5 - WARNING - Drone 5: Cannot goto - invalid flight mode
2026-02-12 01:54:24,129 - Drone_5 - WARNING - Drone 5: Cannot goto - invalid flight mode
2026-02-12 01:54:25,130 - Drone_5 - WARNING - Drone 5: Cannot goto - invalid flight mode
2026-02-12 01:54:26,132 - Drone_5 - WARNING - Drone 5: Cannot goto - invalid flight mode
2026-02-12 01:54:27,133 - Drone_5 - WARNING - Drone 5: Cannot goto - invalid flight mode
2026-02-12 01:54:28,134 - Drone_5 - WARNING - Drone 5: Cannot goto - invalid flight mode
2026-02-12 01:54:29,135 - Drone_5 - WARNING - Drone 5: Cannot goto - invalid flight mode
2026-02-12 01:54:30,136 - Drone_5 - WARNING - Drone 5: Cannot goto - invalid flight mode
2026-02-12 01:54:31,138 - Drone_5 - WARNING - Drone 5: Cannot goto - invalid flight mode
2026-02-12 01:54:32,141 - Drone_5 - WARNING - Drone 5: Cannot goto - invalid flight mode
2026-02-12 01:54:33,142 - Drone_5 - WARNING - Drone 5: Cannot goto - invalid flight mode
2026-02-12 01:54:34,144 - Drone_5 - WARNING - Drone 5: Cannot goto - invalid flight mode
2026-02-12 01:54:35,145 - Drone_5 - WARNING - Drone 5: Cannot goto - invalid flight mode
2026-02-12 01:54:36,165 - Drone_5 - WARNING - Drone 5: Cannot goto - invalid flight mode
2026-02-12 01:54:37,174 - Drone_5 - WARNING - Drone 5: Cannot goto - invalid flight mode
2026-02-12 01:54:38,176 - Drone_5 - WARNING - Drone 5: Cannot goto - invalid flight mode
2026-02-12 01:54:39,177 - Drone_5 - WARNING - Drone 5: Cannot goto - invalid flight mode
2026-02-12 01:54:40,178 - Drone_5 - WARNING - Drone 5: Cannot goto - invalid flight mode
2026-02-12 01:54:41,179 - Drone_5 - WARNING - Drone 5: Cannot goto - invalid flight mode
2026-02-12 01:54:42,182 - Drone_5 - WARNING - Drone 5: Cannot goto - invalid flight mode
2026-02-12 01:54:43,184 - Drone_5 - WARNING - Drone 5: Cannot goto - invalid flight mode
2026-02-12 01:54:44,186 - Drone_5 - WARNING - Drone 5: Cannot goto - invalid flight mode
2026-02-12 01:54:45,187 - Drone_5 - WARNING - Drone 5: Cannot goto - invalid flight mode
2026-02-12 01:54:46,188 - Drone_5 - WARNING - Drone 5: Cannot goto - invalid flight mode
2026-02-12 01:54:47,190 - Drone_5 - WARNING - Drone 5: Cannot goto - invalid flight mode
2026-02-12 01:54:48,191 - Drone_5 - WARNING - Drone 5: Cannot goto - invalid flight mode
2026-02-12 01:54:49,192 - Drone_5 - WARNING - Drone 5: Cannot goto - invalid flight mode
2026-02-12 01:54:50,196 - Drone_5 - WARNING - Drone 5: Cannot goto - invalid flight mode
2026-02-12 01:54:51,198 - Drone_5 - WARNING - Drone 5: Cannot goto - invalid flight mode
2026-02-12 01:54:52,199 - Drone_5 - WARNING - Drone 5: Cannot goto - invalid flight mode
2026-02-12 01:54:53,200 - Drone_5 - WARNING - Drone 5: Cannot goto - invalid flight mode
2026-02-12 02:00:49,202 - Drone_5 - INFO - Drone 5: Personal ML system initialized
2026-02-12 02:00:49,202 - Drone_5 - INFO - Drone 5 initialized at {'x': -900, 'y': 1600, 'z': 0}
2026-02-12 02:00:49,202 - Drone_5 - INFO - Drone 5 started
2026-02-12 02:05:12,671 - Drone_5 - INFO - Drone 5: Personal ML system initialized
2026-02-12 02:05:12,671 - Drone_5 - INFO - Drone 5 initialized at {'x': -900, 'y': 1600, 'z': 0}
2026-02-12 02:05:12,671 - Drone_5 - INFO - Drone 5 started
2026-02-12 02:06:44,347 - Drone_5 - INFO - Drone 5: Personal ML system initialized
2026-02-12 02:06:44,348 - Drone_5 - INFO - Drone 5 initialized at {'x': -900, 'y': 1600, 'z': 0}
2026-02-12 02:06:44,348 - Drone_5 - INFO - Drone 5 started
2026-02-12 02:09:06,661 - Drone_5 - INFO - Drone 5: Personal ML system initialized
2026-02-12 02:09:06,662 - Drone_5 - INFO - Drone 5 initialized at {'x': -900, 'y': 1600, 'z': 0}
2026-02-12 02:09:06,662 - Drone_5 - INFO - Drone 5 started
2026-02-12 02:10:43,997 - Drone_5 - INFO - Drone 5: Personal ML system initialized
2026-02-12 02:10:43,997 - Drone_5 - INFO - Drone 5 initialized at {'x': -900, 'y': 1600, 'z': 0}
2026-02-12 02:10:43,998 - Drone_5 - INFO - Drone 5 started
2026-02-12 02:12:40,156 - Drone_5 - INFO - Drone 5: Personal ML system initialized
2026-02-12 02:12:40,157 - Drone_5 - INFO - Drone 5 initialized at {'x': -900, 'y': 1600, 'z': 0}
2026-02-12 02:12:40,157 - Drone_5 - INFO - Drone 5 started
2026-02-12 02:13:15,250 - Drone_5 - INFO - Drone 5: Personal ML system initialized
2026-02-12 02:13:15,251 - Drone_5 - INFO - Drone 5 initialized at {'x': -900, 'y': 1600, 'z': 0}
2026-02-12 02:13:15,251 - Drone_5 - INFO - Drone 5 started
2026-02-12 02:13:39,544 - Drone_5 - INFO - Drone 5 stopped
2026-02-12 02:13:41,597 - Drone_5 - INFO - Drone 5: Personal ML system initialized
2026-02-12 02:13:41,597 - Drone_5 - INFO - Drone 5 initialized at {'x': -900, 'y': 1600, 'z': 0}
2026-02-12 02:13:41,597 - Drone_5 - INFO - Drone 5 started
2026-02-12 02:14:54,848 - Drone_5 - INFO - Drone 5 stopped
2026-02-12 02:15:09,869 - Drone_5 - INFO - Drone 5: Personal ML system initialized
2026-02-12 02:15:09,870 - Drone_5 - INFO - Drone 5 initialized at {'x': -900, 'y': 1600, 'z': 0}
2026-02-12 02:15:09,870 - Drone_5 - INFO - Drone 5 started
2026-02-12 02:16:57,233 - Drone_5 - INFO - Drone 5 stopped
2026-02-12 02:16:59,826 - Drone_5 - INFO - Drone 5: Personal ML system initialized
2026-02-12 02:16:59,826 - Drone_5 - INFO - Drone 5 initialized at {'x': -900, 'y': 1600, 'z': 0}
2026-02-12 02:16:59,827 - Drone_5 - INFO - Drone 5 started
2026-02-12 02:19:05,307 - Drone_5 - INFO - Drone 5 stopped
2026-02-12 02:19:12,270 - Drone_5 - INFO - Drone 5: Personal ML system initialized
2026-02-12 02:19:12,271 - Drone_5 - INFO - Drone 5 initialized at {'x': -900, 'y': 1600, 'z': 0}
2026-02-12 02:19:12,271 - Drone_5 - INFO - Drone 5 started
2026-02-12 02:22:40,542 - Drone_5 - INFO - Drone 5 stopped
2026-02-12 02:22:42,738 - Drone_5 - INFO - Drone 5: Personal ML system initialized
2026-02-12 02:22:42,738 - Drone_5 - INFO - Drone 5 initialized at {'x': -900, 'y': 1600, 'z': 0}
2026-02-12 02:22:42,739 - Drone_5 - INFO - Drone 5 started
2026-02-12 02:22:58,067 - Drone_5 - INFO - Drone 5: Armed
2026-02-12 02:23:01,194 - Drone_5 - INFO - Drone 5: Taking off
2026-02-12 02:23:01,752 - Drone_5 - WARNING - Drone 5: Cannot goto - invalid flight mode
2026-02-12 02:23:02,755 - Drone_5 - WARNING - Drone 5: Cannot goto - invalid flight mode
2026-02-12 02:23:03,757 - Drone_5 - WARNING - Drone 5: Cannot goto - invalid flight mode
2026-02-12 02:23:04,759 - Drone_5 - WARNING - Drone 5: Cannot goto - invalid flight mode
2026-02-12 02:23:05,761 - Drone_5 - WARNING - Drone 5: Cannot goto - invalid flight mode
2026-02-12 02:23:06,763 - Drone_5 - WARNING - Drone 5: Cannot goto - invalid flight mode
2026-02-12 02:23:07,768 - Drone_5 - WARNING - Drone 5: Cannot goto - invalid flight mode
2026-02-12 02:23:08,772 - Drone_5 - WARNING - Drone 5: Cannot goto - invalid flight mode
2026-02-12 02:23:09,777 - Drone_5 - WARNING - Drone 5: Cannot goto - invalid flight mode
2026-02-12 02:23:10,781 - Drone_5 - WARNING - Drone 5: Cannot goto - invalid flight mode
2026-02-12 02:23:11,783 - Drone_5 - WARNING - Drone 5: Cannot goto - invalid flight mode
2026-02-12 02:23:12,786 - Drone_5 - WARNING - Drone 5: Cannot goto - invalid flight mode
2026-02-12 02:23:13,787 - Drone_5 - WARNING - Drone 5: Cannot goto - invalid flight mode
2026-02-12 02:23:14,791 - Drone_5 - WARNING - Drone 5: Cannot goto - invalid flight mode
2026-02-12 02:23:15,796 - Drone_5 - WARNING - Drone 5: Cannot goto - invalid flight mode
2026-02-12 02:23:16,801 - Drone_5 - WARNING - Drone 5: Cannot goto - invalid flight mode
2026-02-12 02:23:17,804 - Drone_5 - WARNING - Drone 5: Cannot goto - invalid flight mode
2026-02-12 02:23:18,806 - Drone_5 - WARNING - Drone 5: Cannot goto - invalid flight mode
2026-02-12 02:23:19,807 - Drone_5 - WARNING - Drone 5: Cannot goto - invalid flight mode
2026-02-12 02:23:20,811 - Drone_5 - WARNING - Drone 5: Cannot goto - invalid flight mode
2026-02-12 02:23:21,813 - Drone_5 - WARNING - Drone 5: Cannot goto - invalid flight mode
2026-02-12 02:23:22,816 - Drone_5 - WARNING - Drone 5: Cannot goto - invalid flight mode
2026-02-12 02:23:23,819 - Drone_5 - WARNING - Drone 5: Cannot goto - invalid flight mode
2026-02-12 02:23:24,822 - Drone_5 - WARNING - Drone 5: Cannot goto - invalid flight mode
2026-02-12 02:23:25,823 - Drone_5 - WARNING - Drone 5: Cannot goto - invalid flight mode
2026-02-12 02:23:26,825 - Drone_5 - WARNING - Drone 5: Cannot goto - invalid flight mode
2026-02-12 02:23:27,828 - Drone_5 - WARNING - Drone 5: Cannot goto - invalid flight mode
2026-02-12 02:23:28,829 - Drone_5 - WARNING - Drone 5: Cannot goto - invalid flight mode
2026-02-12 02:23:29,832 - Drone_5 - WARNING - Drone 5: Cannot goto - invalid flight mode
2026-02-12 02:23:30,835 - Drone_5 - WARNING - Drone 5: Cannot goto - invalid flight mode
2026-02-12 02:23:31,836 - Drone_5 - WARNING - Drone 5: Cannot goto - invalid flight mode
2026-02-12 02:23:32,840 - Drone_5 - WARNING - Drone 5: Cannot goto - invalid flight mode
2026-02-12 02:23:33,842 - Drone_5 - WARNING - Drone 5: Cannot goto - invalid flight mode
2026-02-12 02:23:34,845 - Drone_5 - WARNING - Drone 5: Cannot goto - invalid flight mode
2026-02-12 02:23:35,848 - Drone_5 - WARNING - Drone 5: Cannot goto - invalid flight mode
2026-02-12 02:23:36,850 - Drone_5 - WARNING - Drone 5: Cannot goto - invalid flight mode
2026-02-12 02:23:37,851 - Drone_5 - WARNING - Drone 5: Cannot goto - invalid flight mode
2026-02-12 02:23:38,855 - Drone_5 - WARNING - Drone 5: Cannot goto - invalid flight mode
2026-02-12 02:23:39,857 - Drone_5 - WARNING - Drone 5: Cannot goto - invalid flight mode
2026-02-12 02:23:40,860 - Drone_5 - WARNING - Drone 5: Cannot goto - invalid flight mode
2026-02-12 02:23:41,862 - Drone_5 - WARNING - Drone 5: Cannot goto - invalid flight mode
2026-02-12 02:23:42,864 - Drone_5 - WARNING - Drone 5: Cannot goto - invalid flight mode
2026-02-12 02:23:43,867 - Drone_5 - WARNING - Drone 5: Cannot goto - invalid flight mode
2026-02-12 02:23:44,869 - Drone_5 - WARNING - Drone 5: Cannot goto - invalid flight mode
2026-02-12 02:23:45,870 - Drone_5 - WARNING - Drone 5: Cannot goto - invalid flight mode
2026-02-12 02:23:46,872 - Drone_5 - WARNING - Drone 5: Cannot goto - invalid flight mode
2026-02-12 02:23:47,873 - Drone_5 - WARNING - Drone 5: Cannot goto - invalid flight mode
2026-02-12 02:23:48,875 - Drone_5 - WARNING - Drone 5: Cannot goto - invalid flight mode
2026-02-12 02:23:49,877 - Drone_5 - WARNING - Drone 5: Cannot goto - invalid flight mode
2026-02-12 02:23:50,880 - Drone_5 - WARNING - Drone 5: Cannot goto - invalid flight mode
2026-02-12 02:23:51,882 - Drone_5 - WARNING - Drone 5: Cannot goto - invalid flight mode
2026-02-12 02:23:52,883 - Drone_5 - WARNING - Drone 5: Cannot goto - invalid flight mode
2026-02-12 02:23:53,884 - Drone_5 - WARNING - Drone 5: Cannot goto - invalid flight mode
2026-02-12 02:23:54,885 - Drone_5 - WARNING - Drone 5: Cannot goto - invalid flight mode
2026-02-12 02:23:55,886 - Drone_5 - WARNING - Drone 5: Cannot goto - invalid flight mode
2026-02-12 02:23:56,887 - Drone_5 - WARNING - Drone 5: Cannot goto - invalid flight mode
2026-02-12 02:23:57,888 - Drone_5 - WARNING - Drone 5: Cannot goto - invalid flight mode
2026-02-12 02:23:58,890 - Drone_5 - WARNING - Drone 5: Cannot goto - invalid flight mode
2026-02-12 02:23:59,892 - Drone_5 - WARNING - Drone 5: Cannot goto - invalid flight mode
2026-02-12 02:24:00,893 - Drone_5 - WARNING - Drone 5: Cannot goto - invalid flight mode
2026-02-12 02:24:01,895 - Drone_5 - WARNING - Drone 5: Cannot goto - invalid flight mode
2026-02-12 02:24:02,898 - Drone_5 - WARNING - Drone 5: Cannot goto - invalid flight mode
2026-02-12 02:24:03,899 - Drone_5 - WARNING - Drone 5: Cannot goto - invalid flight mode
2026-02-12 02:24:04,901 - Drone_5 - WARNING - Drone 5: Cannot goto - invalid flight mode
2026-02-12 02:24:05,902 - Drone_5 - WARNING - Drone 5: Cannot goto - invalid flight mode
2026-02-12 02:24:06,907 - Drone_5 - WARNING - Drone 5: Cannot goto - invalid flight mode
2026-02-12 02:24:07,909 - Drone_5 - WARNING - Drone 5: Cannot goto - invalid flight mode
2026-02-12 02:24:08,911 - Drone_5 - WARNING - Drone 5: Cannot goto - invalid flight mode
2026-02-12 02:24:09,912 - Drone_5 - WARNING - Drone 5: Cannot goto - invalid flight mode
2026-02-12 02:24:10,914 - Drone_5 - WARNING - Drone 5: Cannot goto - invalid flight mode
2026-02-12 02:24:11,916 - Drone_5 - WARNING - Drone 5: Cannot goto - invalid flight mode
2026-02-12 02:24:12,921 - Drone_5 - WARNING - Drone 5: Cannot goto - invalid flight mode
2026-02-12 02:24:13,923 - Drone_5 - WARNING - Drone 5: Cannot goto - invalid flight mode
2026-02-12 02:24:14,926 - Drone_5 - WARNING - Drone 5: Cannot goto - invalid flight mode
2026-02-12 02:24:15,929 - Drone_5 - WARNING - Drone 5: Cannot goto - invalid flight mode
2026-02-12 02:24:16,932 - Drone_5 - WARNING - Drone 5: Cannot goto - invalid flight mode
2026-02-12 02:24:17,938 - Drone_5 - WARNING - Drone 5: Cannot goto - invalid flight mode
2026-02-12 02:24:18,940 - Drone_5 - WARNING - Drone 5: Cannot goto - invalid flight mode
2026-02-12 02:24:19,943 - Drone_5 - WARNING - Drone 5: Cannot goto - invalid flight mode
2026-02-12 02:24:20,947 - Drone_5 - WARNING - Drone 5: Cannot goto - invalid flight mode
2026-02-12 02:24:21,951 - Drone_5 - WARNING - Drone 5: Cannot goto - invalid flight mode
2026-02-12 02:24:22,955 - Drone_5 - WARNING - Drone 5: Cannot goto - invalid flight mode
2026-02-12 02:24:23,959 - Drone_5 - WARNING - Drone 5: Cannot goto - invalid flight mode
2026-02-12 02:24:24,964 - Drone_5 - WARNING - Drone 5: Cannot goto - invalid flight mode
2026-02-12 02:24:25,966 - Drone_5 - WARNING - Drone 5: Cannot goto - invalid flight mode
2026-02-12 02:24:26,968 - Drone_5 - WARNING - Drone 5: Cannot goto - invalid flight mode
2026-02-12 02:24:27,970 - Drone_5 - WARNING - Drone 5: Cannot goto - invalid flight mode
2026-02-12 02:24:28,971 - Drone_5 - WARNING - Drone 5: Cannot goto - invalid flight mode
2026-02-12 02:24:29,976 - Drone_5 - WARNING - Drone 5: Cannot goto - invalid flight mode
2026-02-12 02:24:30,981 - Drone_5 - WARNING - Drone 5: Cannot goto - invalid flight mode
2026-02-12 02:24:31,985 - Drone_5 - WARNING - Drone 5: Cannot goto - invalid flight mode
2026-02-12 02:24:32,988 - Drone_5 - WARNING - Drone 5: Cannot goto - invalid flight mode
2026-02-12 02:24:33,992 - Drone_5 - WARNING - Drone 5: Cannot goto - invalid flight mode
2026-02-12 02:24:34,994 - Drone_5 - WARNING - Drone 5: Cannot goto - invalid flight mode
2026-02-12 02:24:35,997 - Drone_5 - WARNING - Drone 5: Cannot goto - invalid flight mode
2026-02-12 02:24:37,002 - Drone_5 - WARNING - Drone 5: Cannot goto - invalid flight mode
2026-02-12 02:24:38,006 - Drone_5 - WARNING - Drone 5: Cannot goto - invalid flight mode
2026-02-12 02:24:39,010 - Drone_5 - WARNING - Drone 5: Cannot goto - invalid flight mode
2026-02-12 02:24:40,012 - Drone_5 - WARNING - Drone 5: Cannot goto - invalid flight mode
2026-02-12 02:24:41,015 - Drone_5 - WARNING - Drone 5: Cannot goto - invalid flight mode
2026-02-12 02:24:42,017 - Drone_5 - WARNING - Drone 5: Cannot goto - invalid flight mode
2026-02-12 02:24:43,021 - Drone_5 - WARNING - Drone 5: Cannot goto - invalid flight mode
2026-02-12 02:24:44,025 - Drone_5 - WARNING - Drone 5: Cannot goto - invalid flight mode
2026-02-12 02:24:45,028 - Drone_5 - WARNING - Drone 5: Cannot goto - invalid flight mode
2026-02-12 02:24:46,032 - Drone_5 - WARNING - Drone 5: Cannot goto - invalid flight mode
2026-02-12 02:24:47,038 - Drone_5 - WARNING - Drone 5: Cannot goto - invalid flight mode
2026-02-12 02:24:48,041 - Drone_5 - WARNING - Drone 5: Cannot goto - invalid flight mode
2026-02-12 02:24:49,043 - Drone_5 - WARNING - Drone 5: Cannot goto - invalid flight mode
2026-02-12 02:24:50,045 - Drone_5 - WARNING - Drone 5: Cannot goto - invalid flight mode
2026-02-12 02:24:51,048 - Drone_5 - WARNING - Drone 5: Cannot goto - invalid flight mode
2026-02-12 02:24:52,050 - Drone_5 - WARNING - Drone 5: Cannot goto - invalid flight mode
2026-02-12 02:24:53,053 - Drone_5 - WARNING - Drone 5: Cannot goto - invalid flight mode
2026-02-12 02:24:54,057 - Drone_5 - WARNING - Drone 5: Cannot goto - invalid flight mode
2026-02-12 02:24:55,061 - Drone_5 - WARNING - Drone 5: Cannot goto - invalid flight mode
2026-02-12 02:24:56,063 - Drone_5 - WARNING - Drone 5: Cannot goto - invalid flight mode
2026-02-12 02:24:57,065 - Drone_5 - WARNING - Drone 5: Cannot goto - invalid flight mode
2026-02-12 02:24:58,070 - Drone_5 - WARNING - Drone 5: Cannot goto - invalid flight mode
2026-02-12 02:24:59,074 - Drone_5 - WARNING - Drone 5: Cannot goto - invalid flight mode
2026-02-12 02:25:00,078 - Drone_5 - WARNING - Drone 5: Cannot goto - invalid flight mode
2026-02-12 02:25:01,079 - Drone_5 - WARNING - Drone 5: Cannot goto - invalid flight mode
2026-02-12 02:25:02,083 - Drone_5 - WARNING - Drone 5: Cannot goto - invalid flight mode
2026-02-12 02:25:03,085 - Drone_5 - WARNING - Drone 5: Cannot goto - invalid flight mode
2026-02-12 02:25:04,087 - Drone_5 - WARNING - Drone 5: Cannot goto - invalid flight mode
2026-02-12 02:25:05,089 - Drone_5 - WARNING - Drone 5: Cannot goto - invalid flight mode
2026-02-12 02:25:06,092 - Drone_5 - WARNING - Drone 5: Cannot goto - invalid flight mode
2026-02-12 02:25:07,095 - Drone_5 - WARNING - Drone 5: Cannot goto - invalid flight mode
2026-02-12 02:25:08,098 - Drone_5 - WARNING - Drone 5: Cannot goto - invalid flight mode
2026-02-12 02:25:09,100 - Drone_5 - WARNING - Drone 5: Cannot goto - invalid flight mode
2026-02-12 02:25:10,101 - Drone_5 - WARNING - Drone 5: Cannot goto - invalid flight mode
2026-02-12 02:25:11,102 - Drone_5 - WARNING - Drone 5: Cannot goto - invalid flight mode
2026-02-12 02:25:12,105 - Drone_5 - WARNING - Drone 5: Cannot goto - invalid flight mode
2026-02-12 02:25:13,107 - Drone_5 - WARNING - Drone 5: Cannot goto - invalid flight mode
2026-02-12 02:25:14,109 - Drone_5 - WARNING - Drone 5: Cannot goto - invalid flight mode
2026-02-12 02:25:15,110 - Drone_5 - WARNING - Drone 5: Cannot goto - invalid flight mode
2026-02-12 02:25:16,111 - Drone_5 - WARNING - Drone 5: Cannot goto - invalid flight mode
2026-02-12 02:25:17,113 - Drone_5 - WARNING - Drone 5: Cannot goto - invalid flight mode
2026-02-12 02:25:18,115 - Drone_5 - WARNING - Drone 5: Cannot goto - invalid flight mode
2026-02-12 02:25:19,117 - Drone_5 - WARNING - Drone 5: Cannot goto - invalid flight mode
2026-02-12 02:25:20,118 - Drone_5 - WARNING - Drone 5: Cannot goto - invalid flight mode
2026-02-12 02:25:21,122 - Drone_5 - WARNING - Drone 5: Cannot goto - invalid flight mode
2026-02-12 02:25:22,126 - Drone_5 - WARNING - Drone 5: Cannot goto - invalid flight mode
2026-02-12 02:25:23,129 - Drone_5 - WARNING - Drone 5: Cannot goto - invalid flight mode
2026-02-12 02:25:24,133 - Drone_5 - WARNING - Drone 5: Cannot goto - invalid flight mode
2026-02-12 02:25:25,137 - Drone_5 - WARNING - Drone 5: Cannot goto - invalid flight mode
2026-02-12 02:25:26,139 - Drone_5 - WARNING - Drone 5: Cannot goto - invalid flight mode
2026-02-12 02:25:27,140 - Drone_5 - WARNING - Drone 5: Cannot goto - invalid flight mode
2026-02-12 02:25:28,142 - Drone_5 - WARNING - Drone 5: Cannot goto - invalid flight mode
2026-02-12 02:25:29,145 - Drone_5 - WARNING - Drone 5: Cannot goto - invalid flight mode
2026-02-12 02:25:30,148 - Drone_5 - WARNING - Drone 5: Cannot goto - invalid flight mode
2026-02-12 02:25:31,151 - Drone_5 - WARNING - Drone 5: Cannot goto - invalid flight mode
2026-02-12 02:25:32,154 - Drone_5 - WARNING - Drone 5: Cannot goto - invalid flight mode
2026-02-12 02:25:33,156 - Drone_5 - WARNING - Drone 5: Cannot goto - invalid flight mode
2026-02-12 02:25:34,159 - Drone_5 - WARNING - Drone 5: Cannot goto - invalid flight mode
2026-02-12 02:25:35,162 - Drone_5 - WARNING - Drone 5: Cannot goto - invalid flight mode
2026-02-12 02:25:36,166 - Drone_5 - WARNING - Drone 5: Cannot goto - invalid flight mode
2026-02-12 02:25:37,170 - Drone_5 - WARNING - Drone 5: Cannot goto - invalid flight mode
2026-02-12 02:25:38,173 - Drone_5 - WARNING - Drone 5: Cannot goto - invalid flight mode
2026-02-12 02:25:39,175 - Drone_5 - WARNING - Drone 5: Cannot goto - invalid flight mode
2026-02-12 02:25:40,178 - Drone_5 - WARNING - Drone 5: Cannot goto - invalid flight mode
2026-02-12 02:25:41,181 - Drone_5 - WARNING - Drone 5: Cannot goto - invalid flight mode
2026-02-12 02:25:42,184 - Drone_5 - WARNING - Drone 5: Cannot goto - invalid flight mode
2026-02-12 02:25:43,189 - Drone_5 - WARNING - Drone 5: Cannot goto - invalid flight mode
2026-02-12 02:25:44,191 - Drone_5 - WARNING - Drone 5: Cannot goto - invalid flight mode
2026-02-12 02:26:20,215 - Drone_5 - WARNING - Drone 5: Cannot goto - invalid flight mode
2026-02-12 02:26:21,218 - Drone_5 - WARNING - Drone 5: Cannot goto - invalid flight mode
2026-02-12 02:26:22,223 - Drone_5 - WARNING - Drone 5: Cannot goto - invalid flight mode
2026-02-12 02:26:23,226 - Drone_5 - WARNING - Drone 5: Cannot goto - invalid flight mode
2026-02-12 02:26:24,228 - Drone_5 - WARNING - Drone 5: Cannot goto - invalid flight mode
2026-02-12 02:26:25,231 - Drone_5 - WARNING - Drone 5: Cannot goto - invalid flight mode
2026-02-12 02:26:26,233 - Drone_5 - WARNING - Drone 5: Cannot goto - invalid flight mode
2026-02-12 02:26:27,235 - Drone_5 - WARNING - Drone 5: Cannot goto - invalid flight mode
2026-02-12 02:26:28,239 - Drone_5 - WARNING - Drone 5: Cannot goto - invalid flight mode
2026-02-12 02:26:29,244 - Drone_5 - WARNING - Drone 5: Cannot goto - invalid flight mode
2026-02-12 02:26:30,246 - Drone_5 - WARNING - Drone 5: Cannot goto - invalid flight mode
2026-02-12 02:26:31,249 - Drone_5 - WARNING - Drone 5: Cannot goto - invalid flight mode
2026-02-12 02:26:32,252 - Drone_5 - WARNING - Drone 5: Cannot goto - invalid flight mode
2026-02-12 02:26:33,253 - Drone_5 - WARNING - Drone 5: Cannot goto - invalid flight mode
2026-02-12 02:26:34,255 - Drone_5 - WARNING - Drone 5: Cannot goto - invalid flight mode
2026-02-12 02:26:35,258 - Drone_5 - WARNING - Drone 5: Cannot goto - invalid flight mode
2026-02-12 02:26:36,263 - Drone_5 - WARNING - Drone 5: Cannot goto - invalid flight mode
2026-02-12 02:26:37,268 - Drone_5 - WARNING - Drone 5: Cannot goto - invalid flight mode
2026-02-12 02:26:38,270 - Drone_5 - WARNING - Drone 5: Cannot goto - invalid flight mode
2026-02-12 02:26:39,273 - Drone_5 - WARNING - Drone 5: Cannot goto - invalid flight mode
2026-02-12 02:26:40,277 - Drone_5 - WARNING - Drone 5: Cannot goto - invalid flight mode
2026-02-12 02:26:41,280 - Drone_5 - WARNING - Drone 5: Cannot goto - invalid flight mode
2026-02-12 02:26:42,283 - Drone_5 - WARNING - Drone 5: Cannot goto - invalid flight mode
2026-02-12 02:26:43,286 - Drone_5 - WARNING - Drone 5: Cannot goto - invalid flight mode
2026-02-12 02:26:44,287 - Drone_5 - WARNING - Drone 5: Cannot goto - invalid flight mode
2026-02-12 02:26:45,289 - Drone_5 - WARNING - Drone 5: Cannot goto - invalid flight mode
2026-02-12 02:26:46,291 - Drone_5 - WARNING - Drone 5: Cannot goto - invalid flight mode
2026-02-12 02:26:47,292 - Drone_5 - WARNING - Drone 5: Cannot goto - invalid flight mode
2026-02-12 02:26:48,294 - Drone_5 - WARNING - Drone 5: Cannot goto - invalid flight mode
2026-02-12 02:26:49,295 - Drone_5 - WARNING - Drone 5: Cannot goto - invalid flight mode
2026-02-12 02:26:49,895 - Drone_5 - WARNING - Drone 5: Cannot takeoff - already flying
2026-02-12 02:26:50,299 - Drone_5 - WARNING - Drone 5: Cannot goto - invalid flight mode
2026-02-12 02:26:51,303 - Drone_5 - WARNING - Drone 5: Cannot goto - invalid flight mode
2026-02-12 02:26:52,306 - Drone_5 - WARNING - Drone 5: Cannot goto - invalid flight mode
2026-02-12 02:26:53,132 - Drone_5 - WARNING - Drone 5: Cannot takeoff - already flying
2026-02-12 02:26:53,309 - Drone_5 - WARNING - Drone 5: Cannot goto - invalid flight mode
2026-02-12 02:26:54,311 - Drone_5 - WARNING - Drone 5: Cannot goto - invalid flight mode
2026-02-12 02:26:55,312 - Drone_5 - WARNING - Drone 5: Cannot goto - invalid flight mode
2026-02-12 02:26:56,313 - Drone_5 - WARNING - Drone 5: Cannot goto - invalid flight mode
2026-02-12 02:26:56,720 - Drone_5 - INFO - Drone 5: Returning to home - Swarm RTH command
2026-02-12 02:28:43,393 - Drone_5 - INFO - Drone 5 stopped
2026-02-12 09:57:44,740 - Drone_5 - INFO - Drone 5: Personal ML system initialized
2026-02-12 09:57:44,741 - Drone_5 - INFO - Drone 5 initialized at {'x': -900, 'y': 1600, 'z': 0}
2026-02-12 09:57:44,742 - Drone_5 - INFO - Drone 5 started
2026-02-12 10:03:46,101 - Drone_5 - INFO - Drone 5 stopped
2026-02-12 10:03:49,240 - Drone_5 - INFO - Drone 5: Personal ML system initialized
2026-02-12 10:03:49,240 - Drone_5 - INFO - Drone 5 initialized at {'x': -900, 'y': 1600, 'z': 0}
2026-02-12 10:03:49,241 - Drone_5 - INFO - Drone 5 started
2026-02-12 10:04:05,474 - Drone_5 - INFO - Drone 5 stopped
2026-02-12 10:04:19,842 - Drone_5 - INFO - Drone 5: Personal ML system initialized
2026-02-12 10:04:19,842 - Drone_5 - INFO - Drone 5 initialized at {'x': -900, 'y': 1600, 'z': 0}
2026-02-12 10:04:19,842 - Drone_5 - INFO - Drone 5 started
2026-02-12 10:05:39,242 - Drone_5 - INFO - Drone 5 stopped
2026-02-12 10:05:41,722 - Drone_5 - INFO - Drone 5: Personal ML system initialized
2026-02-12 10:05:41,722 - Drone_5 - INFO - Drone 5 initialized at {'x': -900, 'y': 1600, 'z': 0}
2026-02-12 10:05:41,723 - Drone_5 - INFO - Drone 5 started
2026-02-12 10:05:50,130 - Drone_5 - INFO - Drone 5 stopped
2026-02-12 10:06:48,682 - Drone_5 - INFO - Drone 5: Personal ML system initialized
2026-02-12 10:06:48,682 - Drone_5 - INFO - Drone 5 initialized at {'x': -900, 'y': 1600, 'z': 0}
2026-02-12 10:06:48,683 - Drone_5 - INFO - Drone 5 started
2026-02-12 10:07:12,042 - Drone_5 - INFO - Drone 5 stopped
2026-02-12 10:07:13,640 - Drone_5 - INFO - Drone 5: Personal ML system initialized
2026-02-12 10:07:13,641 - Drone_5 - INFO - Drone 5 initialized at {'x': -900, 'y': 1600, 'z': 0}
2026-02-12 10:07:13,641 - Drone_5 - INFO - Drone 5 started
2026-02-12 10:07:29,070 - Drone_5 - INFO - Drone 5 stopped
2026-02-12 10:07:31,775 - Drone_5 - INFO - Drone 5: Personal ML system initialized
2026-02-12 10:07:31,775 - Drone_5 - INFO - Drone 5 initialized at {'x': -900, 'y': 1600, 'z': 0}
2026-02-12 10:07:31,776 - Drone_5 - INFO - Drone 5 started
2026-02-12 10:07:45,813 - Drone_5 - WARNING - Drone 5: Cannot goto - invalid flight mode
2026-02-12 10:07:50,853 - Drone_5 - WARNING - Drone 5: Cannot goto - invalid flight mode
2026-02-12 10:07:53,160 - Drone_5 - WARNING - Drone 5: Cannot goto - invalid flight mode
2026-02-12 10:07:56,082 - Drone_5 - INFO - Drone 5: Armed
2026-02-12 10:07:57,150 - Drone_5 - INFO - Drone 5: Taking off
2026-02-12 10:07:57,790 - Drone_5 - WARNING - Drone 5: Cannot goto - invalid flight mode
2026-02-12 10:07:58,791 - Drone_5 - WARNING - Drone 5: Cannot goto - invalid flight mode
2026-02-12 10:07:59,793 - Drone_5 - WARNING - Drone 5: Cannot goto - invalid flight mode
2026-02-12 10:07:59,953 - Drone_5 - WARNING - Drone 5: Cannot goto - invalid flight mode
2026-02-12 10:08:00,794 - Drone_5 - WARNING - Drone 5: Cannot goto - invalid flight mode
2026-02-12 10:08:01,795 - Drone_5 - WARNING - Drone 5: Cannot goto - invalid flight mode
2026-02-12 10:08:02,799 - Drone_5 - WARNING - Drone 5: Cannot goto - invalid flight mode
2026-02-12 10:08:03,803 - Drone_5 - WARNING - Drone 5: Cannot goto - invalid flight mode
2026-02-12 10:08:04,806 - Drone_5 - WARNING - Drone 5: Cannot goto - invalid flight mode
2026-02-12 10:08:05,810 - Drone_5 - WARNING - Drone 5: Cannot goto - invalid flight mode
2026-02-12 10:08:06,812 - Drone_5 - WARNING - Drone 5: Cannot goto - invalid flight mode
2026-02-12 10:08:07,813 - Drone_5 - WARNING - Drone 5: Cannot goto - invalid flight mode
2026-02-12 10:08:08,814 - Drone_5 - WARNING - Drone 5: Cannot goto - invalid flight mode
2026-02-12 10:08:09,816 - Drone_5 - WARNING - Drone 5: Cannot goto - invalid flight mode
2026-02-12 10:08:10,819 - Drone_5 - WARNING - Drone 5: Cannot goto - invalid flight mode
2026-02-12 10:08:11,822 - Drone_5 - WARNING - Drone 5: Cannot goto - invalid flight mode
2026-02-12 10:08:12,825 - Drone_5 - WARNING - Drone 5: Cannot goto - invalid flight mode
2026-02-12 10:08:13,828 - Drone_5 - WARNING - Drone 5: Cannot goto - invalid flight mode
2026-02-12 10:08:14,830 - Drone_5 - WARNING - Drone 5: Cannot goto - invalid flight mode
2026-02-12 10:08:15,832 - Drone_5 - WARNING - Drone 5: Cannot goto - invalid flight mode
2026-02-12 10:08:16,836 - Drone_5 - WARNING - Drone 5: Cannot goto - invalid flight mode
2026-02-12 10:08:17,841 - Drone_5 - WARNING - Drone 5: Cannot goto - invalid flight mode
2026-02-12 10:08:18,845 - Drone_5 - WARNING - Drone 5: Cannot goto - invalid flight mode
2026-02-12 10:08:19,847 - Drone_5 - WARNING - Drone 5: Cannot goto - invalid flight mode
2026-02-12 10:08:20,849 - Drone_5 - WARNING - Drone 5: Cannot goto - invalid flight mode
2026-02-12 10:08:21,850 - Drone_5 - WARNING - Drone 5: Cannot goto - invalid flight mode
2026-02-12 10:08:22,853 - Drone_5 - WARNING - Drone 5: Cannot goto - invalid flight mode
2026-02-12 10:08:23,857 - Drone_5 - WARNING - Drone 5: Cannot goto - invalid flight mode
2026-02-12 10:08:24,863 - Drone_5 - WARNING - Drone 5: Cannot goto - invalid flight mode
2026-02-12 10:08:25,865 - Drone_5 - WARNING - Drone 5: Cannot goto - invalid flight mode
2026-02-12 10:08:26,866 - Drone_5 - WARNING - Drone 5: Cannot goto - invalid flight mode
2026-02-12 10:08:27,868 - Drone_5 - WARNING - Drone 5: Cannot goto - invalid flight mode
2026-02-12 10:08:28,869 - Drone_5 - WARNING - Drone 5: Cannot goto - invalid flight mode
2026-02-12 10:08:29,871 - Drone_5 - WARNING - Drone 5: Cannot goto - invalid flight mode
2026-02-12 10:08:30,874 - Drone_5 - WARNING - Drone 5: Cannot goto - invalid flight mode
2026-02-12 10:08:31,875 - Drone_5 - WARNING - Drone 5: Cannot goto - invalid flight mode
2026-02-12 10:08:32,876 - Drone_5 - WARNING - Drone 5: Cannot goto - invalid flight mode
2026-02-12 10:08:33,877 - Drone_5 - WARNING - Drone 5: Cannot goto - invalid flight mode
2026-02-12 10:08:34,879 - Drone_5 - WARNING - Drone 5: Cannot goto - invalid flight mode
2026-02-12 10:08:35,883 - Drone_5 - WARNING - Drone 5: Cannot goto - invalid flight mode
2026-02-12 10:08:36,886 - Drone_5 - WARNING - Drone 5: Cannot goto - invalid flight mode
2026-02-12 10:08:37,888 - Drone_5 - WARNING - Drone 5: Cannot goto - invalid flight mode
2026-02-12 10:08:38,891 - Drone_5 - WARNING - Drone 5: Cannot goto - invalid flight mode
2026-02-12 10:08:39,896 - Drone_5 - WARNING - Drone 5: Cannot goto - invalid flight mode
2026-02-12 10:08:40,897 - Drone_5 - WARNING - Drone 5: Cannot goto - invalid flight mode
2026-02-12 10:08:41,899 - Drone_5 - WARNING - Drone 5: Cannot goto - invalid flight mode
2026-02-12 10:08:42,903 - Drone_5 - WARNING - Drone 5: Cannot goto - invalid flight mode
2026-02-12 10:08:43,905 - Drone_5 - WARNING - Drone 5: Cannot goto - invalid flight mode
2026-02-12 10:08:44,908 - Drone_5 - WARNING - Drone 5: Cannot goto - invalid flight mode
2026-02-12 10:08:45,911 - Drone_5 - WARNING - Drone 5: Cannot goto - invalid flight mode
2026-02-12 10:08:46,913 - Drone_5 - WARNING - Drone 5: Cannot goto - invalid flight mode
2026-02-12 10:08:47,918 - Drone_5 - WARNING - Drone 5: Cannot goto - invalid flight mode
2026-02-12 10:08:48,920 - Drone_5 - WARNING - Drone 5: Cannot goto - invalid flight mode
2026-02-12 10:08:49,924 - Drone_5 - WARNING - Drone 5: Cannot goto - invalid flight mode
2026-02-12 10:08:50,927 - Drone_5 - WARNING - Drone 5: Cannot goto - invalid flight mode
2026-02-12 10:08:51,931 - Drone_5 - WARNING - Drone 5: Cannot goto - invalid flight mode
2026-02-12 10:08:52,933 - Drone_5 - WARNING - Drone 5: Cannot goto - invalid flight mode
2026-02-12 10:08:53,935 - Drone_5 - WARNING - Drone 5: Cannot goto - invalid flight mode
2026-02-12 10:08:54,937 - Drone_5 - WARNING - Drone 5: Cannot goto - invalid flight mode
2026-02-12 10:08:55,939 - Drone_5 - WARNING - Drone 5: Cannot goto - invalid flight mode
2026-02-12 10:08:56,943 - Drone_5 - WARNING - Drone 5: Cannot goto - invalid flight mode
2026-02-12 10:08:57,947 - Drone_5 - WARNING - Drone 5: Cannot goto - invalid flight mode
2026-02-12 10:08:58,952 - Drone_5 - WARNING - Drone 5: Cannot goto - invalid flight mode
2026-02-12 10:08:59,957 - Drone_5 - WARNING - Drone 5: Cannot goto - invalid flight mode
2026-02-12 10:09:00,959 - Drone_5 - WARNING - Drone 5: Cannot goto - invalid flight mode
2026-02-12 10:09:01,961 - Drone_5 - WARNING - Drone 5: Cannot goto - invalid flight mode
2026-02-12 10:09:02,964 - Drone_5 - WARNING - Drone 5: Cannot goto - invalid flight mode
2026-02-12 10:09:03,966 - Drone_5 - WARNING - Drone 5: Cannot goto - invalid flight mode
2026-02-12 10:09:04,968 - Drone_5 - WARNING - Drone 5: Cannot goto - invalid flight mode
2026-02-12 10:09:05,969 - Drone_5 - WARNING - Drone 5: Cannot goto - invalid flight mode
2026-02-12 10:09:06,970 - Drone_5 - WARNING - Drone 5: Cannot goto - invalid flight mode
2026-02-12 10:09:07,971 - Drone_5 - WARNING - Drone 5: Cannot goto - invalid flight mode
2026-02-12 10:09:08,973 - Drone_5 - WARNING - Drone 5: Cannot goto - invalid flight mode
2026-02-12 10:09:09,974 - Drone_5 - WARNING - Drone 5: Cannot goto - invalid flight mode
2026-02-12 10:09:10,976 - Drone_5 - WARNING - Drone 5: Cannot goto - invalid flight mode
2026-02-12 10:09:11,978 - Drone_5 - WARNING - Drone 5: Cannot goto - invalid flight mode
2026-02-12 10:09:12,980 - Drone_5 - WARNING - Drone 5: Cannot goto - invalid flight mode
2026-02-12 10:09:13,982 - Drone_5 - WARNING - Drone 5: Cannot goto - invalid flight mode
2026-02-12 10:09:14,983 - Drone_5 - WARNING - Drone 5: Cannot goto - invalid flight mode
2026-02-12 10:09:15,984 - Drone_5 - WARNING - Drone 5: Cannot goto - invalid flight mode
2026-02-12 10:09:16,985 - Drone_5 - WARNING - Drone 5: Cannot goto - invalid flight mode
2026-02-12 10:09:17,986 - Drone_5 - WARNING - Drone 5: Cannot goto - invalid flight mode
2026-02-12 10:09:18,988 - Drone_5 - WARNING - Drone 5: Cannot goto - invalid flight mode
2026-02-12 10:09:19,989 - Drone_5 - WARNING - Drone 5: Cannot goto - invalid flight mode
2026-02-12 10:09:20,991 - Drone_5 - WARNING - Drone 5: Cannot goto - invalid flight mode
2026-02-12 10:09:21,992 - Drone_5 - WARNING - Drone 5: Cannot goto - invalid flight mode
2026-02-12 10:09:22,993 - Drone_5 - WARNING - Drone 5: Cannot goto - invalid flight mode
2026-02-12 10:09:23,995 - Drone_5 - WARNING - Drone 5: Cannot goto - invalid flight mode
2026-02-12 10:09:24,996 - Drone_5 - WARNING - Drone 5: Cannot goto - invalid flight mode
2026-02-12 10:09:25,999 - Drone_5 - WARNING - Drone 5: Cannot goto - invalid flight mode
2026-02-12 10:09:27,000 - Drone_5 - WARNING - Drone 5: Cannot goto - invalid flight mode
2026-02-12 10:09:28,000 - Drone_5 - WARNING - Drone 5: Cannot goto - invalid flight mode
2026-02-12 10:09:29,002 - Drone_5 - WARNING - Drone 5: Cannot goto - invalid flight mode
2026-02-12 10:09:30,003 - Drone_5 - WARNING - Drone 5: Cannot goto - invalid flight mode
2026-02-12 10:09:31,004 - Drone_5 - WARNING - Drone 5: Cannot goto - invalid flight mode
2026-02-12 10:09:32,005 - Drone_5 - WARNING - Drone 5: Cannot goto - invalid flight mode
2026-02-12 10:09:33,006 - Drone_5 - WARNING - Drone 5: Cannot goto - invalid flight mode
2026-02-12 10:09:34,008 - Drone_5 - WARNING - Drone 5: Cannot goto - invalid flight mode
2026-02-12 10:09:35,009 - Drone_5 - WARNING - Drone 5: Cannot goto - invalid flight mode
2026-02-12 10:09:36,011 - Drone_5 - WARNING - Drone 5: Cannot goto - invalid flight mode
2026-02-12 10:09:37,013 - Drone_5 - WARNING - Drone 5: Cannot goto - invalid flight mode
2026-02-12 10:09:38,014 - Drone_5 - WARNING - Drone 5: Cannot goto - invalid flight mode
2026-02-12 10:09:39,015 - Drone_5 - WARNING - Drone 5: Cannot goto - invalid flight mode
2026-02-12 10:09:40,017 - Drone_5 - WARNING - Drone 5: Cannot goto - invalid flight mode
2026-02-12 10:09:41,019 - Drone_5 - WARNING - Drone 5: Cannot goto - invalid flight mode
2026-02-12 10:09:42,021 - Drone_5 - WARNING - Drone 5: Cannot goto - invalid flight mode
2026-02-12 10:09:43,023 - Drone_5 - WARNING - Drone 5: Cannot goto - invalid flight mode
2026-02-12 10:09:44,024 - Drone_5 - WARNING - Drone 5: Cannot goto - invalid flight mode
2026-02-12 10:09:45,025 - Drone_5 - WARNING - Drone 5: Cannot goto - invalid flight mode
2026-02-12 10:09:46,026 - Drone_5 - WARNING - Drone 5: Cannot goto - invalid flight mode
2026-02-12 10:09:47,027 - Drone_5 - WARNING - Drone 5: Cannot goto - invalid flight mode
2026-02-12 10:09:48,028 - Drone_5 - WARNING - Drone 5: Cannot goto - invalid flight mode
2026-02-12 10:09:49,029 - Drone_5 - WARNING - Drone 5: Cannot goto - invalid flight mode
2026-02-12 10:09:50,031 - Drone_5 - WARNING - Drone 5: Cannot goto - invalid flight mode
2026-02-12 10:09:51,032 - Drone_5 - WARNING - Drone 5: Cannot goto - invalid flight mode
2026-02-12 10:09:52,033 - Drone_5 - WARNING - Drone 5: Cannot goto - invalid flight mode
2026-02-12 10:09:53,037 - Drone_5 - WARNING - Drone 5: Cannot goto - invalid flight mode
2026-02-12 10:09:54,039 - Drone_5 - WARNING - Drone 5: Cannot goto - invalid flight mode
2026-02-12 10:09:55,041 - Drone_5 - WARNING - Drone 5: Cannot goto - invalid flight mode
2026-02-12 10:09:56,043 - Drone_5 - WARNING - Drone 5: Cannot goto - invalid flight mode
2026-02-12 10:09:57,046 - Drone_5 - WARNING - Drone 5: Cannot goto - invalid flight mode
2026-02-12 10:09:58,047 - Drone_5 - WARNING - Drone 5: Cannot goto - invalid flight mode
2026-02-12 10:09:59,050 - Drone_5 - WARNING - Drone 5: Cannot goto - invalid flight mode
2026-02-12 10:10:00,052 - Drone_5 - WARNING - Drone 5: Cannot goto - invalid flight mode
2026-02-12 10:10:01,053 - Drone_5 - WARNING - Drone 5: Cannot goto - invalid flight mode
2026-02-12 10:10:02,055 - Drone_5 - WARNING - Drone 5: Cannot goto - invalid flight mode
2026-02-12 10:10:03,057 - Drone_5 - WARNING - Drone 5: Cannot goto - invalid flight mode
2026-02-12 10:10:04,059 - Drone_5 - WARNING - Drone 5: Cannot goto - invalid flight mode
2026-02-12 10:10:05,060 - Drone_5 - WARNING - Drone 5: Cannot goto - invalid flight mode
2026-02-12 10:10:06,062 - Drone_5 - WARNING - Drone 5: Cannot goto - invalid flight mode
2026-02-12 10:10:07,064 - Drone_5 - WARNING - Drone 5: Cannot goto - invalid flight mode
2026-02-12 10:10:08,066 - Drone_5 - WARNING - Drone 5: Cannot goto - invalid flight mode
2026-02-12 10:10:09,067 - Drone_5 - WARNING - Drone 5: Cannot goto - invalid flight mode
2026-02-12 10:10:10,068 - Drone_5 - WARNING - Drone 5: Cannot goto - invalid flight mode
2026-02-12 10:10:11,069 - Drone_5 - WARNING - Drone 5: Cannot goto - invalid flight mode
2026-02-12 10:10:12,070 - Drone_5 - WARNING - Drone 5: Cannot goto - invalid flight mode
2026-02-12 10:10:13,072 - Drone_5 - WARNING - Drone 5: Cannot goto - invalid flight mode
2026-02-12 10:10:14,074 - Drone_5 - WARNING - Drone 5: Cannot goto - invalid flight mode
2026-02-12 10:10:15,075 - Drone_5 - WARNING - Drone 5: Cannot goto - invalid flight mode
2026-02-12 10:10:16,076 - Drone_5 - WARNING - Drone 5: Cannot goto - invalid flight mode
2026-02-12 10:10:17,078 - Drone_5 - WARNING - Drone 5: Cannot goto - invalid flight mode
2026-02-12 10:10:18,079 - Drone_5 - WARNING - Drone 5: Cannot goto - invalid flight mode
2026-02-12 10:10:19,081 - Drone_5 - WARNING - Drone 5: Cannot goto - invalid flight mode
2026-02-12 10:10:20,082 - Drone_5 - WARNING - Drone 5: Cannot goto - invalid flight mode
2026-02-12 10:10:21,084 - Drone_5 - WARNING - Drone 5: Cannot goto - invalid flight mode
2026-02-12 10:10:22,085 - Drone_5 - WARNING - Drone 5: Cannot goto - invalid flight mode
2026-02-12 10:10:23,076 - Drone_5 - INFO - Drone 5: Personal ML system initialized
2026-02-12 10:10:23,076 - Drone_5 - INFO - Drone 5 initialized at {'x': 0, 'y': 0, 'z': 0}
2026-02-12 10:10:23,076 - Drone_5 - INFO - Drone 5 started
2026-02-12 10:10:23,077 - Drone_5 - INFO - Drone 5: Armed
2026-02-12 10:10:23,077 - Drone_5 - INFO - Drone 5: Flying to {'x': -48.0, 'y': 0, 'z': 0.0}
2026-02-12 10:10:23,077 - Drone_5 - INFO - Drone 5: Flying to {'x': -24.0, 'y': -24.0, 'z': 0.0}
2026-02-12 10:10:23,078 - Drone_5 - INFO - Drone 5: Flying to {'x': -3.3065463576978533e-15, 'y': -18.0, 'z': 0.0}
2026-02-12 10:10:23,078 - Drone_5 - INFO - Drone 5: Flying to {'x': -24.0, 'y': 6.0, 'z': 0.0}
2026-02-12 10:10:23,177 - Drone_5 - INFO - Drone 5 stopped
2026-02-12 10:10:24,093 - Drone_5 - INFO - Drone 5: Role changed from follower to leader
2026-02-12 10:12:13,604 - Drone_5 - INFO - Drone 5 stopped
2026-02-12 10:12:16,382 - Drone_5 - INFO - Drone 5: Personal ML system initialized
2026-02-12 10:12:16,382 - Drone_5 - INFO - Drone 5 initialized at {'x': -900, 'y': 1600, 'z': 0}
2026-02-12 10:12:16,382 - Drone_5 - INFO - Drone 5 started
2026-02-12 10:12:20,488 - Drone_5 - INFO - Drone 5: Armed
2026-02-12 10:12:20,489 - Drone_5 - INFO - Drone 5: Flying to {'x': -3.3065463576978533e-15, 'y': -18.0, 'z': 0.0}
2026-02-12 10:12:25,514 - Drone_5 - INFO - Drone 5: Flying to {'x': -24.0, 'y': -24.0, 'z': 0.0}
2026-02-12 10:12:35,558 - Drone_5 - INFO - Drone 5: Flying to {'x': -48.0, 'y': 0, 'z': 0.0}
2026-02-12 10:12:47,508 - Drone_5 - INFO - Drone 5 stopped
2026-02-12 12:10:55,121 - Drone_5 - INFO - Drone 5: bootstrap personal trainer loaded 300 rows from datasets/personal_training.csv
2026-02-12 12:10:55,121 - Drone_5 - INFO - Drone 5: Personal ML system initialized
2026-02-12 12:10:55,121 - Drone_5 - INFO - Drone 5 initialized at {'x': -900, 'y': 1600, 'z': 0}
2026-02-12 12:10:55,122 - Drone_5 - INFO - Drone 5 started
2026-02-12 12:11:02,737 - Drone_5 - INFO - Drone 5: Armed
2026-02-12 12:11:05,116 - Drone_5 - INFO - Drone 5: Taking off
2026-02-12 12:11:06,131 - Drone_5 - WARNING - Drone 5: Cannot goto - invalid flight mode
2026-02-12 12:11:07,135 - Drone_5 - WARNING - Drone 5: Cannot goto - invalid flight mode
2026-02-12 12:11:08,139 - Drone_5 - WARNING - Drone 5: Cannot goto - invalid flight mode
2026-02-12 12:11:09,142 - Drone_5 - WARNING - Drone 5: Cannot goto - invalid flight mode
2026-02-12 12:11:10,144 - Drone_5 - WARNING - Drone 5: Cannot goto - invalid flight mode
2026-02-12 12:11:11,147 - Drone_5 - WARNING - Drone 5: Cannot goto - invalid flight mode
2026-02-12 12:11:12,150 - Drone_5 - WARNING - Drone 5: Cannot goto - invalid flight mode
2026-02-12 12:11:13,153 - Drone_5 - WARNING - Drone 5: Cannot goto - invalid flight mode
2026-02-12 12:11:14,156 - Drone_5 - WARNING - Drone 5: Cannot goto - invalid flight mode
2026-02-12 12:11:15,161 - Drone_5 - WARNING - Drone 5: Cannot goto - invalid flight mode
2026-02-12 12:11:16,164 - Drone_5 - WARNING - Drone 5: Cannot goto - invalid flight mode
2026-02-12 12:11:17,166 - Drone_5 - WARNING - Drone 5: Cannot goto - invalid flight mode
2026-02-12 12:11:18,169 - Drone_5 - WARNING - Drone 5: Cannot goto - invalid flight mode
2026-02-12 12:11:19,171 - Drone_5 - WARNING - Drone 5: Cannot goto - invalid flight mode
2026-02-12 12:11:20,174 - Drone_5 - WARNING - Drone 5: Cannot goto - invalid flight mode
2026-02-12 12:11:21,177 - Drone_5 - WARNING - Drone 5: Cannot goto - invalid flight mode
2026-02-12 12:11:22,182 - Drone_5 - WARNING - Drone 5: Cannot goto - invalid flight mode
2026-02-12 12:11:23,185 - Drone_5 - WARNING - Drone 5: Cannot goto - invalid flight mode
2026-02-12 12:11:24,188 - Drone_5 - WARNING - Drone 5: Cannot goto - invalid flight mode
2026-02-12 12:11:25,191 - Drone_5 - WARNING - Drone 5: Cannot goto - invalid flight mode
2026-02-12 12:11:26,194 - Drone_5 - WARNING - Drone 5: Cannot goto - invalid flight mode
2026-02-12 12:11:27,198 - Drone_5 - WARNING - Drone 5: Cannot goto - invalid flight mode
2026-02-12 12:11:28,200 - Drone_5 - WARNING - Drone 5: Cannot goto - invalid flight mode
2026-02-12 12:11:29,203 - Drone_5 - WARNING - Drone 5: Cannot goto - invalid flight mode
2026-02-12 12:11:30,206 - Drone_5 - WARNING - Drone 5: Cannot goto - invalid flight mode
2026-02-12 12:11:31,208 - Drone_5 - WARNING - Drone 5: Cannot goto - invalid flight mode
2026-02-12 12:11:32,211 - Drone_5 - WARNING - Drone 5: Cannot goto - invalid flight mode
2026-02-12 12:11:33,214 - Drone_5 - WARNING - Drone 5: Cannot goto - invalid flight mode
2026-02-12 12:11:34,218 - Drone_5 - WARNING - Drone 5: Cannot goto - invalid flight mode
2026-02-12 12:11:35,219 - Drone_5 - WARNING - Drone 5: Cannot goto - invalid flight mode
2026-02-12 12:11:36,223 - Drone_5 - WARNING - Drone 5: Cannot goto - invalid flight mode
2026-02-12 12:11:37,225 - Drone_5 - WARNING - Drone 5: Cannot goto - invalid flight mode
2026-02-12 12:11:38,227 - Drone_5 - WARNING - Drone 5: Cannot goto - invalid flight mode
2026-02-12 12:11:39,228 - Drone_5 - WARNING - Drone 5: Cannot goto - invalid flight mode
2026-02-12 12:11:40,229 - Drone_5 - WARNING - Drone 5: Cannot goto - invalid flight mode
2026-02-12 12:11:41,232 - Drone_5 - WARNING - Drone 5: Cannot goto - invalid flight mode
2026-02-12 12:11:42,235 - Drone_5 - WARNING - Drone 5: Cannot goto - invalid flight mode
2026-02-12 12:11:43,237 - Drone_5 - WARNING - Drone 5: Cannot goto - invalid flight mode
2026-02-12 12:11:44,239 - Drone_5 - WARNING - Drone 5: Cannot goto - invalid flight mode
2026-02-12 12:11:45,240 - Drone_5 - WARNING - Drone 5: Cannot goto - invalid flight mode
2026-02-12 12:11:46,243 - Drone_5 - WARNING - Drone 5: Cannot goto - invalid flight mode
2026-02-12 12:11:47,245 - Drone_5 - WARNING - Drone 5: Cannot goto - invalid flight mode
2026-02-12 12:11:48,248 - Drone_5 - WARNING - Drone 5: Cannot goto - invalid flight mode
2026-02-12 12:11:49,250 - Drone_5 - WARNING - Drone 5: Cannot goto - invalid flight mode
2026-02-12 12:11:50,252 - Drone_5 - WARNING - Drone 5: Cannot goto - invalid flight mode
2026-02-12 12:11:51,253 - Drone_5 - WARNING - Drone 5: Cannot goto - invalid flight mode
2026-02-12 12:11:52,255 - Drone_5 - WARNING - Drone 5: Cannot goto - invalid flight mode
2026-02-12 12:11:53,258 - Drone_5 - WARNING - Drone 5: Cannot goto - invalid flight mode
2026-02-12 12:11:54,262 - Drone_5 - WARNING - Drone 5: Cannot goto - invalid flight mode
2026-02-12 12:11:55,267 - Drone_5 - WARNING - Drone 5: Cannot goto - invalid flight mode
2026-02-12 12:11:56,269 - Drone_5 - WARNING - Drone 5: Cannot goto - invalid flight mode
2026-02-12 12:11:57,272 - Drone_5 - WARNING - Drone 5: Cannot goto - invalid flight mode
2026-02-12 12:11:58,274 - Drone_5 - WARNING - Drone 5: Cannot goto - invalid flight mode
2026-02-12 12:11:59,274 - Drone_5 - WARNING - Drone 5: Cannot goto - invalid flight mode
2026-02-12 12:12:00,275 - Drone_5 - WARNING - Drone 5: Cannot goto - invalid flight mode
2026-02-12 12:12:01,277 - Drone_5 - WARNING - Drone 5: Cannot goto - invalid flight mode
2026-02-12 12:12:02,279 - Drone_5 - WARNING - Drone 5: Cannot goto - invalid flight mode
2026-02-12 12:12:03,280 - Drone_5 - WARNING - Drone 5: Cannot goto - invalid flight mode
2026-02-12 12:12:04,283 - Drone_5 - WARNING - Drone 5: Cannot goto - invalid flight mode
2026-02-12 12:12:05,285 - Drone_5 - WARNING - Drone 5: Cannot goto - invalid flight mode
2026-02-12 12:12:06,286 - Drone_5 - WARNING - Drone 5: Cannot goto - invalid flight mode
2026-02-12 12:12:07,289 - Drone_5 - WARNING - Drone 5: Cannot goto - invalid flight mode
2026-02-12 12:12:08,292 - Drone_5 - WARNING - Drone 5: Cannot goto - invalid flight mode
2026-02-12 12:12:09,295 - Drone_5 - WARNING - Drone 5: Cannot goto - invalid flight mode
2026-02-12 12:12:10,297 - Drone_5 - WARNING - Drone 5: Cannot goto - invalid flight mode
2026-02-12 12:12:11,299 - Drone_5 - WARNING - Drone 5: Cannot goto - invalid flight mode
2026-02-12 12:12:12,301 - Drone_5 - WARNING - Drone 5: Cannot goto - invalid flight mode
2026-02-12 12:12:13,303 - Drone_5 - WARNING - Drone 5: Cannot goto - invalid flight mode
2026-02-12 12:12:14,304 - Drone_5 - WARNING - Drone 5: Cannot goto - invalid flight mode
2026-02-12 12:12:15,306 - Drone_5 - WARNING - Drone 5: Cannot goto - invalid flight mode
2026-02-12 12:12:16,308 - Drone_5 - WARNING - Drone 5: Cannot goto - invalid flight mode
2026-02-12 12:12:17,309 - Drone_5 - WARNING - Drone 5: Cannot goto - invalid flight mode
2026-02-12 12:12:18,313 - Drone_5 - WARNING - Drone 5: Cannot goto - invalid flight mode
2026-02-12 12:12:19,315 - Drone_5 - WARNING - Drone 5: Cannot goto - invalid flight mode
2026-02-12 12:12:20,316 - Drone_5 - WARNING - Drone 5: Cannot goto - invalid flight mode
2026-02-12 12:12:21,318 - Drone_5 - WARNING - Drone 5: Cannot goto - invalid flight mode
2026-02-12 12:12:22,319 - Drone_5 - WARNING - Drone 5: Cannot goto - invalid flight mode
2026-02-12 12:12:23,321 - Drone_5 - WARNING - Drone 5: Cannot goto - invalid flight mode
2026-02-12 12:12:24,323 - Drone_5 - WARNING - Drone 5: Cannot goto - invalid flight mode
2026-02-12 12:12:25,324 - Drone_5 - WARNING - Drone 5: Cannot goto - invalid flight mode
2026-02-12 12:12:26,326 - Drone_5 - WARNING - Drone 5: Cannot goto - invalid flight mode
2026-02-12 12:12:27,328 - Drone_5 - WARNING - Drone 5: Cannot goto - invalid flight mode
2026-02-12 12:12:28,331 - Drone_5 - WARNING - Drone 5: Cannot goto - invalid flight mode
2026-02-12 12:12:29,333 - Drone_5 - WARNING - Drone 5: Cannot goto - invalid flight mode
2026-02-12 12:12:30,335 - Drone_5 - WARNING - Drone 5: Cannot goto - invalid flight mode
2026-02-12 12:12:31,338 - Drone_5 - WARNING - Drone 5: Cannot goto - invalid flight mode
2026-02-12 12:12:32,341 - Drone_5 - WARNING - Drone 5: Cannot goto - invalid flight mode
2026-02-12 12:12:33,343 - Drone_5 - WARNING - Drone 5: Cannot goto - invalid flight mode
2026-02-12 12:12:34,344 - Drone_5 - WARNING - Drone 5: Cannot goto - invalid flight mode
2026-02-12 12:12:35,346 - Drone_5 - WARNING - Drone 5: Cannot goto - invalid flight mode
2026-02-12 12:12:36,347 - Drone_5 - WARNING - Drone 5: Cannot goto - invalid flight mode
2026-02-12 12:12:37,349 - Drone_5 - WARNING - Drone 5: Cannot goto - invalid flight mode
2026-02-12 12:12:38,351 - Drone_5 - WARNING - Drone 5: Cannot goto - invalid flight mode
2026-02-12 12:12:39,353 - Drone_5 - WARNING - Drone 5: Cannot goto - invalid flight mode
2026-02-12 12:12:40,354 - Drone_5 - WARNING - Drone 5: Cannot goto - invalid flight mode
2026-02-12 12:12:41,356 - Drone_5 - WARNING - Drone 5: Cannot goto - invalid flight mode
2026-02-12 12:12:42,358 - Drone_5 - WARNING - Drone 5: Cannot goto - invalid flight mode
2026-02-12 12:12:43,359 - Drone_5 - WARNING - Drone 5: Cannot goto - invalid flight mode
2026-02-12 12:12:44,361 - Drone_5 - WARNING - Drone 5: Cannot goto - invalid flight mode
2026-02-12 12:12:45,363 - Drone_5 - WARNING - Drone 5: Cannot goto - invalid flight mode
2026-02-12 12:12:46,364 - Drone_5 - WARNING - Drone 5: Cannot goto - invalid flight mode
2026-02-12 12:12:47,367 - Drone_5 - WARNING - Drone 5: Cannot goto - invalid flight mode
2026-02-12 12:12:48,370 - Drone_5 - WARNING - Drone 5: Cannot goto - invalid flight mode
2026-02-12 12:12:49,373 - Drone_5 - WARNING - Drone 5: Cannot goto - invalid flight mode
2026-02-12 12:12:50,374 - Drone_5 - WARNING - Drone 5: Cannot goto - invalid flight mode
2026-02-12 12:12:51,375 - Drone_5 - WARNING - Drone 5: Cannot goto - invalid flight mode
2026-02-12 12:12:52,376 - Drone_5 - WARNING - Drone 5: Cannot goto - invalid flight mode
2026-02-12 12:12:53,377 - Drone_5 - WARNING - Drone 5: Cannot goto - invalid flight mode
2026-02-12 12:12:54,378 - Drone_5 - WARNING - Drone 5: Cannot goto - invalid flight mode
2026-02-12 12:12:55,379 - Drone_5 - WARNING - Drone 5: Cannot goto - invalid flight mode
2026-02-12 12:12:56,382 - Drone_5 - WARNING - Drone 5: Cannot goto - invalid flight mode
2026-02-12 12:12:57,385 - Drone_5 - WARNING - Drone 5: Cannot goto - invalid flight mode
2026-02-12 12:12:58,387 - Drone_5 - WARNING - Drone 5: Cannot goto - invalid flight mode
2026-02-12 12:12:59,390 - Drone_5 - WARNING - Drone 5: Cannot goto - invalid flight mode
2026-02-12 12:13:00,393 - Drone_5 - WARNING - Drone 5: Cannot goto - invalid flight mode
2026-02-12 12:13:01,394 - Drone_5 - WARNING - Drone 5: Cannot goto - invalid flight mode
2026-02-12 12:13:02,395 - Drone_5 - WARNING - Drone 5: Cannot goto - invalid flight mode
2026-02-12 12:13:03,397 - Drone_5 - WARNING - Drone 5: Cannot goto - invalid flight mode
2026-02-12 12:13:04,398 - Drone_5 - WARNING - Drone 5: Cannot goto - invalid flight mode
2026-02-12 12:13:05,399 - Drone_5 - WARNING - Drone 5: Cannot goto - invalid flight mode
2026-02-12 12:13:06,400 - Drone_5 - WARNING - Drone 5: Cannot goto - invalid flight mode
2026-02-12 12:13:07,401 - Drone_5 - WARNING - Drone 5: Cannot goto - invalid flight mode
2026-02-12 12:13:08,404 - Drone_5 - WARNING - Drone 5: Cannot goto - invalid flight mode
2026-02-12 12:13:09,406 - Drone_5 - WARNING - Drone 5: Cannot goto - invalid flight mode
2026-02-12 12:13:10,409 - Drone_5 - WARNING - Drone 5: Cannot goto - invalid flight mode
2026-02-12 12:13:11,414 - Drone_5 - WARNING - Drone 5: Cannot goto - invalid flight mode
2026-02-12 12:13:12,416 - Drone_5 - WARNING - Drone 5: Cannot goto - invalid flight mode
2026-02-12 12:13:13,417 - Drone_5 - WARNING - Drone 5: Cannot goto - invalid flight mode
2026-02-12 12:13:14,419 - Drone_5 - WARNING - Drone 5: Cannot goto - invalid flight mode
2026-02-12 12:13:15,421 - Drone_5 - WARNING - Drone 5: Cannot goto - invalid flight mode
2026-02-12 12:13:16,423 - Drone_5 - WARNING - Drone 5: Cannot goto - invalid flight mode
2026-02-12 12:13:17,425 - Drone_5 - WARNING - Drone 5: Cannot goto - invalid flight mode
2026-02-12 12:13:18,428 - Drone_5 - WARNING - Drone 5: Cannot goto - invalid flight mode
2026-02-12 12:13:19,431 - Drone_5 - WARNING - Drone 5: Cannot goto - invalid flight mode
2026-02-12 12:13:20,433 - Drone_5 - WARNING - Drone 5: Cannot goto - invalid flight mode
2026-02-12 12:13:21,435 - Drone_5 - WARNING - Drone 5: Cannot goto - invalid flight mode
2026-02-12 12:13:22,436 - Drone_5 - WARNING - Drone 5: Cannot goto - invalid flight mode
2026-02-12 12:13:23,438 - Drone_5 - WARNING - Drone 5: Cannot goto - invalid flight mode
2026-02-12 12:13:24,440 - Drone_5 - WARNING - Drone 5: Cannot goto - invalid flight mode
2026-02-12 12:13:25,442 - Drone_5 - WARNING - Drone 5: Cannot goto - invalid flight mode
2026-02-12 12:13:26,444 - Drone_5 - WARNING - Drone 5: Cannot goto - invalid flight mode
2026-02-12 12:13:27,445 - Drone_5 - WARNING - Drone 5: Cannot goto - invalid flight mode
2026-02-12 12:13:28,447 - Drone_5 - WARNING - Drone 5: Cannot goto - invalid flight mode
2026-02-12 12:13:29,449 - Drone_5 - WARNING - Drone 5: Cannot goto - invalid flight mode
2026-02-12 12:13:30,450 - Drone_5 - WARNING - Drone 5: Cannot goto - invalid flight mode
2026-02-12 12:13:31,451 - Drone_5 - WARNING - Drone 5: Cannot goto - invalid flight mode
2026-02-12 12:13:32,455 - Drone_5 - WARNING - Drone 5: Cannot goto - invalid flight mode
2026-02-12 12:13:33,457 - Drone_5 - WARNING - Drone 5: Cannot goto - invalid flight mode
2026-02-12 12:13:34,461 - Drone_5 - WARNING - Drone 5: Cannot goto - invalid flight mode
2026-02-12 12:13:35,462 - Drone_5 - WARNING - Drone 5: Cannot goto - invalid flight mode
2026-02-12 12:13:36,465 - Drone_5 - WARNING - Drone 5: Cannot goto - invalid flight mode
2026-02-12 12:13:37,468 - Drone_5 - WARNING - Drone 5: Cannot goto - invalid flight mode
2026-02-12 12:13:38,472 - Drone_5 - WARNING - Drone 5: Cannot goto - invalid flight mode
2026-02-12 12:13:39,477 - Drone_5 - WARNING - Drone 5: Cannot goto - invalid flight mode
2026-02-12 12:13:40,480 - Drone_5 - WARNING - Drone 5: Cannot goto - invalid flight mode
2026-02-12 12:13:41,483 - Drone_5 - WARNING - Drone 5: Cannot goto - invalid flight mode
2026-02-12 12:13:42,484 - Drone_5 - WARNING - Drone 5: Cannot goto - invalid flight mode
2026-02-12 12:13:43,487 - Drone_5 - WARNING - Drone 5: Cannot goto - invalid flight mode
2026-02-12 12:13:44,492 - Drone_5 - WARNING - Drone 5: Cannot goto - invalid flight mode
2026-02-12 12:13:45,498 - Drone_5 - WARNING - Drone 5: Cannot goto - invalid flight mode
2026-02-12 12:13:46,502 - Drone_5 - WARNING - Drone 5: Cannot goto - invalid flight mode
2026-02-12 12:13:47,509 - Drone_5 - WARNING - Drone 5: Cannot goto - invalid flight mode
2026-02-12 12:13:48,512 - Drone_5 - WARNING - Drone 5: Cannot goto - invalid flight mode
2026-02-12 12:13:49,515 - Drone_5 - WARNING - Drone 5: Cannot goto - invalid flight mode
2026-02-12 12:13:50,519 - Drone_5 - WARNING - Drone 5: Cannot goto - invalid flight mode
2026-02-12 12:13:51,521 - Drone_5 - WARNING - Drone 5: Cannot goto - invalid flight mode
2026-02-12 12:13:52,523 - Drone_5 - WARNING - Drone 5: Cannot goto - invalid flight mode
2026-02-12 12:13:53,525 - Drone_5 - WARNING - Drone 5: Cannot goto - invalid flight mode
2026-02-12 12:13:54,527 - Drone_5 - WARNING - Drone 5: Cannot goto - invalid flight mode
2026-02-12 12:13:55,532 - Drone_5 - WARNING - Drone 5: Cannot goto - invalid flight mode
2026-02-12 12:13:56,536 - Drone_5 - WARNING - Drone 5: Cannot goto - invalid flight mode
2026-02-12 12:13:57,538 - Drone_5 - WARNING - Drone 5: Cannot goto - invalid flight mode
2026-02-12 12:13:58,540 - Drone_5 - WARNING - Drone 5: Cannot goto - invalid flight mode
2026-02-12 12:13:59,548 - Drone_5 - WARNING - Drone 5: Cannot goto - invalid flight mode
2026-02-12 12:14:00,551 - Drone_5 - WARNING - Drone 5: Cannot goto - invalid flight mode
2026-02-12 12:14:01,554 - Drone_5 - WARNING - Drone 5: Cannot goto - invalid flight mode
2026-02-12 12:14:02,557 - Drone_5 - WARNING - Drone 5: Cannot goto - invalid flight mode
2026-02-12 12:14:03,560 - Drone_5 - WARNING - Drone 5: Cannot goto - invalid flight mode
2026-02-12 12:14:04,563 - Drone_5 - WARNING - Drone 5: Cannot goto - invalid flight mode
2026-02-12 12:14:05,564 - Drone_5 - WARNING - Drone 5: Cannot goto - invalid flight mode
2026-02-12 12:14:06,568 - Drone_5 - WARNING - Drone 5: Cannot goto - invalid flight mode
2026-02-12 12:14:07,572 - Drone_5 - WARNING - Drone 5: Cannot goto - invalid flight mode
2026-02-12 12:14:08,574 - Drone_5 - WARNING - Drone 5: Cannot goto - invalid flight mode
2026-02-12 12:14:09,576 - Drone_5 - WARNING - Drone 5: Cannot goto - invalid flight mode
2026-02-12 12:14:10,577 - Drone_5 - WARNING - Drone 5: Cannot goto - invalid flight mode
2026-02-12 12:14:11,579 - Drone_5 - WARNING - Drone 5: Cannot goto - invalid flight mode
2026-02-12 12:14:12,580 - Drone_5 - WARNING - Drone 5: Cannot goto - invalid flight mode
2026-02-12 12:14:13,582 - Drone_5 - WARNING - Drone 5: Cannot goto - invalid flight mode
2026-02-12 12:14:14,584 - Drone_5 - WARNING - Drone 5: Cannot goto - invalid flight mode
2026-02-12 12:14:15,585 - Drone_5 - WARNING - Drone 5: Cannot goto - invalid flight mode
2026-02-12 12:14:16,587 - Drone_5 - WARNING - Drone 5: Cannot goto - invalid flight mode
2026-02-12 12:14:17,588 - Drone_5 - WARNING - Drone 5: Cannot goto - invalid flight mode
2026-02-12 12:14:18,589 - Drone_5 - WARNING - Drone 5: Cannot goto - invalid flight mode
2026-02-12 12:14:19,590 - Drone_5 - WARNING - Drone 5: Cannot goto - invalid flight mode
2026-02-12 12:14:20,593 - Drone_5 - WARNING - Drone 5: Cannot goto - invalid flight mode
2026-02-12 12:14:21,594 - Drone_5 - WARNING - Drone 5: Cannot goto - invalid flight mode
2026-02-12 12:14:22,596 - Drone_5 - WARNING - Drone 5: Cannot goto - invalid flight mode
2026-02-12 12:14:23,596 - Drone_5 - WARNING - Drone 5: Cannot goto - invalid flight mode
2026-02-12 12:14:24,598 - Drone_5 - WARNING - Drone 5: Cannot goto - invalid flight mode
2026-02-12 12:14:25,599 - Drone_5 - WARNING - Drone 5: Cannot goto - invalid flight mode
2026-02-12 12:14:26,602 - Drone_5 - WARNING - Drone 5: Cannot goto - invalid flight mode
2026-02-12 12:14:27,604 - Drone_5 - WARNING - Drone 5: Cannot goto - invalid flight mode
2026-02-12 12:14:28,606 - Drone_5 - WARNING - Drone 5: Cannot goto - invalid flight mode
2026-02-12 12:14:29,608 - Drone_5 - WARNING - Drone 5: Cannot goto - invalid flight mode
2026-02-12 12:14:30,772 - Drone_5 - INFO - Drone 5 stopped
2026-02-12 12:14:36,941 - Drone_5 - INFO - Drone 5: bootstrap personal trainer loaded 300 rows from datasets/personal_training.csv
2026-02-12 12:14:36,942 - Drone_5 - INFO - Drone 5: Personal ML system initialized
2026-02-12 12:14:36,942 - Drone_5 - INFO - Drone 5 initialized at {'x': -900, 'y': 1600, 'z': 0}
2026-02-12 12:14:36,942 - Drone_5 - INFO - Drone 5 started
2026-02-12 12:14:43,735 - Drone_5 - INFO - Drone 5: Armed
2026-02-12 12:14:45,838 - Drone_5 - INFO - Drone 5: Taking off
2026-02-12 12:24:11,757 - Drone_5 - INFO - Drone 5: Flying to {'x': -800, 'y': 1600, 'z': 1131.9593629837036}
2026-02-12 12:24:12,338 - Drone_5 - INFO - Drone 5: Flying to {'x': 0.0, 'y': 0.0, 'z': 1133.1637110710144}
2026-02-12 12:24:13,341 - Drone_5 - INFO - Drone 5: Flying to {'x': 0.0, 'y': 0.0, 'z': 1134.9726481437683}
2026-02-12 12:24:14,346 - Drone_5 - INFO - Drone 5: Flying to {'x': 0.0, 'y': 0.0, 'z': 1136.9852418899536}
2026-02-12 12:24:15,349 - Drone_5 - INFO - Drone 5: Flying to {'x': 0.0, 'y': 0.0, 'z': 1138.9979581832886}
2026-02-12 12:24:16,350 - Drone_5 - INFO - Drone 5: Flying to {'x': 0.0, 'y': 0.0, 'z': 1141.0091547966003}
2026-02-12 12:24:17,352 - Drone_5 - INFO - Drone 5: Flying to {'x': 0.0, 'y': 0.0, 'z': 1143.0185556411743}
2026-02-12 12:24:18,353 - Drone_5 - INFO - Drone 5: Flying to {'x': 0.0, 'y': 0.0, 'z': 1145.028244972229}
2026-02-12 12:24:19,355 - Drone_5 - INFO - Drone 5: Flying to {'x': -24.0, 'y': -53.94046998023987, 'z': 1145.4303011894226}
2026-02-12 12:24:20,358 - Drone_5 - INFO - Drone 5: Flying to {'x': -24.0, 'y': -38.844897508621216, 'z': 1145.4303011894226}
2026-02-12 12:24:21,362 - Drone_5 - INFO - Drone 5: Flying to {'x': -24.0, 'y': -23.759220600128174, 'z': 1145.4303011894226}
2026-02-12 12:24:22,365 - Drone_5 - INFO - Drone 5: Flying to {'x': -24.0, 'y': -7.664990186691284, 'z': 1145.4303011894226}
2026-02-12 12:24:23,367 - Drone_5 - INFO - Drone 5: Flying to {'x': -24.0, 'y': 7.42146635055542, 'z': 1145.4303011894226}
2026-02-12 12:24:24,369 - Drone_5 - INFO - Drone 5: Flying to {'x': -24.0, 'y': 21.02082395553589, 'z': 1145.4303011894226}
2026-02-12 12:24:25,372 - Drone_5 - INFO - Drone 5: Flying to {'x': -64.07611873089014, 'y': 126.82307123353523, 'z': 1145.4303011894226}
2026-02-12 12:24:26,373 - Drone_5 - INFO - Drone 5: Flying to {'x': -56.86100915874155, 'y': 124.50024848111727, 'z': 1145.4303011894226}
2026-02-12 12:24:27,376 - Drone_5 - INFO - Drone 5: Flying to {'x': -49.65801913143418, 'y': 122.18882988758645, 'z': 1145.4303011894226}
2026-02-12 12:24:28,378 - Drone_5 - INFO - Drone 5: Flying to {'x': -42.47451867274607, 'y': 119.83028701547508, 'z': 1145.4303011894226}
2026-02-12 12:24:29,382 - Drone_5 - INFO - Drone 5: Flying to {'x': -35.324604521668675, 'y': 117.33177526571463, 'z': 1145.4303011894226}
2026-02-12 12:24:30,385 - Drone_5 - INFO - Drone 5: Flying to {'x': -28.190373990326542, 'y': 114.52288674735166, 'z': 1145.4303011894226}
2026-02-12 12:24:31,391 - Drone_5 - INFO - Drone 5: Flying to {'x': -21.032955835013148, 'y': 111.09531025757687, 'z': 1145.4303011894226}
2026-02-12 12:24:32,394 - Drone_5 - INFO - Drone 5: Flying to {'x': -13.725814414715114, 'y': 106.44975164889168, 'z': 1145.4303011894226}
2026-02-12 12:24:33,396 - Drone_5 - INFO - Drone 5: Flying to {'x': -5.652447038364681, 'y': 99.22845223681915, 'z': 1145.4303011894226}
2026-02-12 12:24:34,398 - Drone_5 - INFO - Drone 5: Flying to {'x': 5.887267840708901, 'y': 86.22378793425678, 'z': 1145.4303011894226}
2026-02-12 12:24:35,400 - Drone_5 - INFO - Drone 5: Flying to {'x': 33.9364131931473, 'y': 63.5330261266152, 'z': 1145.4303011894226}
2026-02-12 12:24:36,403 - Drone_5 - INFO - Drone 5: Flying to {'x': 90.68704588531173, 'y': 60.53975006527395, 'z': 1145.4303011894226}
2026-02-12 12:24:37,406 - Drone_5 - INFO - Drone 5: Flying to {'x': 114.59179154873172, 'y': 82.10897265028046, 'z': 1145.4303011894226}
2026-02-12 12:24:38,409 - Drone_5 - INFO - Drone 5: Flying to {'x': 115.57994868426493, 'y': 94.55287724591068, 'z': 1145.4303011894226}
2026-02-12 12:24:39,413 - Drone_5 - INFO - Drone 5: Flying to {'x': 111.05133251582639, 'y': 101.33672141803599, 'z': 1145.4303011894226}
2026-02-12 12:24:40,415 - Drone_5 - INFO - Drone 5: Flying to {'x': 104.92125407220745, 'y': 105.81953381052921, 'z': 1145.4303011894226}
2026-02-12 12:24:41,416 - Drone_5 - INFO - Drone 5: Flying to {'x': 98.17779348588535, 'y': 109.22615299121914, 'z': 1145.4303011894226}
2026-02-12 12:24:42,417 - Drone_5 - INFO - Drone 5: Flying to {'x': 91.44121153631134, 'y': 111.91566904314801, 'z': 1145.4303011894226}
2026-02-12 12:24:43,419 - Drone_5 - INFO - Drone 5: Flying to {'x': 84.24810377771118, 'y': 114.32832138377668, 'z': 1145.4303011894226}
2026-02-12 12:24:44,420 - Drone_5 - INFO - Drone 5: Flying to {'x': 76.95167018629338, 'y': 116.42859698769612, 'z': 1145.4303011894226}
2026-02-12 12:24:45,423 - Drone_5 - INFO - Drone 5: Flying to {'x': 69.57220952570597, 'y': 118.27070418916819, 'z': 1145.4303011894226}
2026-02-12 12:24:46,426 - Drone_5 - INFO - Drone 5: Flying to {'x': 62.13326113506021, 'y': 119.88170269642049, 'z': 1145.4303011894226}
2026-02-12 12:24:47,429 - Drone_5 - INFO - Drone 5: Flying to {'x': 54.64611968088742, 'y': 121.27892573291612, 'z': 1145.4303011894226}
2026-02-12 12:24:48,433 - Drone_5 - INFO - Drone 5: Flying to {'x': 47.133715789151886, 'y': 122.47130691881871, 'z': 1145.4303011894226}
2026-02-12 12:24:49,435 - Drone_5 - INFO - Drone 5: Flying to {'x': 39.585263662667245, 'y': 123.46936466721993, 'z': 1145.4303011894226}
2026-02-12 12:24:50,436 - Drone_5 - INFO - Drone 5: Flying to {'x': 32.02306966056528, 'y': 124.27649539007972, 'z': 1145.4303011894226}
2026-02-12 12:24:51,439 - Drone_5 - INFO - Drone 5: Flying to {'x': 24.441723550107138, 'y': 124.89811712910902, 'z': 1145.4303011894226}
2026-02-12 12:24:52,441 - Drone_5 - INFO - Drone 5: Flying to {'x': 16.847588280197684, 'y': 125.33712999268356, 'z': 1145.4303011894226}
2026-02-12 12:24:53,444 - Drone_5 - INFO - Drone 5: Flying to {'x': 9.249804116218337, 'y': 125.59586141696315, 'z': 1145.4303011894226}
2026-02-12 12:24:54,447 - Drone_5 - INFO - Drone 5: Flying to {'x': 1.6330493177676821, 'y': 125.67647488922373, 'z': 1145.4303011894226}
2026-02-12 12:24:55,450 - Drone_5 - INFO - Drone 5: Flying to {'x': -5.96430251141857, 'y': 125.58040764699598, 'z': 1145.4303011894226}
2026-02-12 12:24:56,453 - Drone_5 - INFO - Drone 5: Flying to {'x': -13.55465931964135, 'y': 125.30939900540659, 'z': 1145.4303011894226}
2026-02-12 12:24:57,454 - Drone_5 - INFO - Drone 5: Flying to {'x': -21.12963572791022, 'y': 124.8649534654352, 'z': 1145.4303011894226}
2026-02-12 12:24:58,456 - Drone_5 - INFO - Drone 5: Flying to {'x': -28.69181419005442, 'y': 124.2477248494807, 'z': 1145.4303011894226}
2026-02-12 12:24:59,458 - Drone_5 - INFO - Drone 5: Flying to {'x': -36.232030745475484, 'y': 123.45900361201973, 'z': 1145.4303011894226}
2026-02-12 12:25:00,460 - Drone_5 - INFO - Drone 5: Flying to {'x': -43.743372319038066, 'y': 122.50009140810583, 'z': 1145.4303011894226}
2026-02-12 12:25:01,463 - Drone_5 - INFO - Drone 5: Flying to {'x': -51.18995711946024, 'y': 121.12843350036074, 'z': 1145.4303011894226}
2026-02-12 12:25:02,465 - Drone_5 - INFO - Drone 5: Flying to {'x': -58.378029116270284, 'y': 120.12606673271839, 'z': 1145.4303011894226}
2026-02-12 12:25:03,469 - Drone_5 - INFO - Drone 5: Flying to {'x': -65.79922225691513, 'y': 118.66447904202496, 'z': 1145.4303011894226}
2026-02-12 12:25:04,470 - Drone_5 - INFO - Drone 5: Flying to {'x': -73.17073534906517, 'y': 117.0359050670443, 'z': 1145.4303011894226}
2026-02-12 12:25:05,472 - Drone_5 - INFO - Drone 5: Flying to {'x': -80.51337467246452, 'y': 115.23446462171567, 'z': 1145.4303011894226}
2026-02-12 12:25:06,474 - Drone_5 - INFO - Drone 5: Flying to {'x': -87.81219545716193, 'y': 113.26173063297017, 'z': 1145.4303011894226}
2026-02-12 12:25:07,477 - Drone_5 - INFO - Drone 5: Flying to {'x': -95.07021846570278, 'y': 111.11418654213645, 'z': 1145.4303011894226}
2026-02-12 12:25:08,480 - Drone_5 - INFO - Drone 5: Flying to {'x': -102.28239550895356, 'y': 108.78952413572941, 'z': 1145.4303011894226}
2026-02-12 12:25:09,481 - Drone_5 - INFO - Drone 5: Flying to {'x': -109.44516322728239, 'y': 106.28381768307057, 'z': 1145.4303011894226}
2026-02-12 12:25:10,485 - Drone_5 - INFO - Drone 5: Flying to {'x': -116.5506610839665, 'y': 103.59311448807672, 'z': 1145.4303011894226}
2026-02-12 12:25:11,487 - Drone_5 - INFO - Drone 5: Flying to {'x': -123.61992579348845, 'y': 100.69907193097859, 'z': 1145.4303011894226}
2026-02-12 12:25:12,488 - Drone_5 - INFO - Drone 5: Flying to {'x': -130.38683692050623, 'y': 97.253759425572, 'z': 1145.4303011894226}
2026-02-12 12:25:13,491 - Drone_5 - INFO - Drone 5: Flying to {'x': -136.90787980992022, 'y': 94.60286704009081, 'z': 1145.4303011894226}
2026-02-12 12:25:14,494 - Drone_5 - INFO - Drone 5: Flying to {'x': -143.80056074275146, 'y': 91.05143128323883, 'z': 1145.4303011894226}
2026-02-12 12:25:15,498 - Drone_5 - INFO - Drone 5: Flying to {'x': -150.61845790366667, 'y': 87.22675033011255, 'z': 1145.4303011894226}
2026-02-12 12:25:16,500 - Drone_5 - INFO - Drone 5: Flying to {'x': -157.34486672950925, 'y': 83.09539296833289, 'z': 1145.4303011894226}
2026-02-12 12:25:17,504 - Drone_5 - INFO - Drone 5: Flying to {'x': -163.92952949247822, 'y': 78.63563712728516, 'z': 1145.4303011894226}
2026-02-12 12:25:18,507 - Drone_5 - INFO - Drone 5: Flying to {'x': -170.3518760084396, 'y': 73.79526395896389, 'z': 1145.4303011894226}
2026-02-12 12:25:19,510 - Drone_5 - INFO - Drone 5: Flying to {'x': -176.53295989218103, 'y': 68.55477446874178, 'z': 1145.4303011894226}
2026-02-12 12:25:20,512 - Drone_5 - INFO - Drone 5: Flying to {'x': -182.41164870789336, 'y': 62.87445798530203, 'z': 1145.4303011894226}
2026-02-12 12:25:21,515 - Drone_5 - INFO - Drone 5: Flying to {'x': -187.88398402440146, 'y': 56.753483448677414, 'z': 1145.4303011894226}
2026-02-12 12:25:22,518 - Drone_5 - INFO - Drone 5: Flying to {'x': -193.05355872073332, 'y': 49.89574412900818, 'z': 1145.4303011894226}
2026-02-12 12:25:23,520 - Drone_5 - INFO - Drone 5: Flying to {'x': -197.3853013377796, 'y': 42.91874278849633, 'z': 1145.4303011894226}
2026-02-12 12:25:24,522 - Drone_5 - INFO - Drone 5: Flying to {'x': -201.0084608503006, 'y': 35.602851768082374, 'z': 1145.4303011894226}
2026-02-12 12:25:25,524 - Drone_5 - INFO - Drone 5: Flying to {'x': -203.85474786889012, 'y': 28.010337627431493, 'z': 1145.4303011894226}
2026-02-12 12:25:26,525 - Drone_5 - INFO - Drone 5: Flying to {'x': -205.87205861266847, 'y': 20.23098036566758, 'z': 1145.4303011894226}
2026-02-12 12:25:27,527 - Drone_5 - INFO - Drone 5: Flying to {'x': -207.03652438729702, 'y': 12.36459821752075, 'z': 1145.4303011894226}
2026-02-12 12:25:28,530 - Drone_5 - INFO - Drone 5: Flying to {'x': -206.8862879510998, 'y': 4.639698998802043, 'z': 1145.4303011894226}
2026-02-12 12:25:29,533 - Drone_5 - INFO - Drone 5: Flying to {'x': -206.93876799757348, 'y': -2.502876714477221, 'z': 1145.4303011894226}
2026-02-12 12:25:30,534 - Drone_5 - INFO - Drone 5: Flying to {'x': -205.74109681429647, 'y': -10.14093380078668, 'z': 1145.4303011894226}
2026-02-12 12:25:31,536 - Drone_5 - INFO - Drone 5: Flying to {'x': -203.82027841075944, 'y': -17.583405483912898, 'z': 1145.4303011894226}
2026-02-12 12:25:32,538 - Drone_5 - INFO - Drone 5: Flying to {'x': -201.24242415378333, 'y': -24.773845458425576, 'z': 1145.4303011894226}
2026-02-12 12:25:33,539 - Drone_5 - INFO - Drone 5: Flying to {'x': -198.07318025578653, 'y': -31.683838639079326, 'z': 1145.4303011894226}
2026-02-12 12:25:34,541 - Drone_5 - INFO - Drone 5: Flying to {'x': -194.36554534714608, 'y': -38.3129447729668, 'z': 1145.4303011894226}
2026-02-12 12:25:35,542 - Drone_5 - INFO - Drone 5: Flying to {'x': -190.19886344525455, 'y': -44.61715002133972, 'z': 1145.4303011894226}
2026-02-12 12:25:36,543 - Drone_5 - INFO - Drone 5: Flying to {'x': -185.61821212682383, 'y': -50.61133702722549, 'z': 1145.4303011894226}
2026-02-12 12:25:37,544 - Drone_5 - INFO - Drone 5: Flying to {'x': -180.66684004167482, 'y': -56.30295977827651, 'z': 1145.4303011894226}
2026-02-12 12:25:38,544 - Drone_5 - INFO - Drone 5: Flying to {'x': -175.38944606373565, 'y': -61.69335643088986, 'z': 1145.4303011894226}
2026-02-12 12:25:39,547 - Drone_5 - INFO - Drone 5: Flying to {'x': -169.81340568968824, 'y': -66.79746916619042, 'z': 1145.4303011894226}
2026-02-12 12:25:40,548 - Drone_5 - INFO - Drone 5: Flying to {'x': -163.98313642194668, 'y': -71.61118220243216, 'z': 1145.4303011894226}
2026-02-12 12:25:41,550 - Drone_5 - INFO - Drone 5: Flying to {'x': -157.93566941315504, 'y': -76.13720436247243, 'z': 1145.4303011894226}
2026-02-12 12:25:42,552 - Drone_5 - INFO - Drone 5: Flying to {'x': -151.86838282118444, 'y': -80.2698847044041, 'z': 1145.4303011894226}
2026-02-12 12:25:43,555 - Drone_5 - INFO - Drone 5: Flying to {'x': -145.43588749161572, 'y': -84.27427070414751, 'z': 1145.4303011894226}
2026-02-12 12:25:44,558 - Drone_5 - INFO - Drone 5: Flying to {'x': -138.84890844747898, 'y': -88.01841254504728, 'z': 1145.4303011894226}
2026-02-12 12:25:45,561 - Drone_5 - INFO - Drone 5: Flying to {'x': -132.1211501952558, 'y': -91.51235948570782, 'z': 1145.4303011894226}
2026-02-12 12:25:46,565 - Drone_5 - INFO - Drone 5: Flying to {'x': -125.26347496755074, 'y': -94.76535682508995, 'z': 1145.4303011894226}
2026-02-12 12:25:47,570 - Drone_5 - INFO - Drone 5: Flying to {'x': -118.30499762049934, 'y': -97.7772609552726, 'z': 1145.4303011894226}
2026-02-12 12:25:48,575 - Drone_5 - INFO - Drone 5: Flying to {'x': -111.2278201396747, 'y': -100.56678389543401, 'z': 1145.4303011894226}
2026-02-12 12:25:49,578 - Drone_5 - INFO - Drone 5: Flying to {'x': -104.06479756680474, 'y': -103.13022680199826, 'z': 1145.4303011894226}
2026-02-12 12:25:50,580 - Drone_5 - INFO - Drone 5: Flying to {'x': -96.82987627504333, 'y': -105.47198021175741, 'z': 1145.4303011894226}
2026-02-12 12:25:51,584 - Drone_5 - INFO - Drone 5: Flying to {'x': -89.51862344806194, 'y': -107.60122416365202, 'z': 1145.4303011894226}
2026-02-12 12:25:52,588 - Drone_5 - INFO - Drone 5: Flying to {'x': -82.15642764192056, 'y': -109.51760226420471, 'z': 1145.4303011894226}
2026-02-12 12:25:53,592 - Drone_5 - INFO - Drone 5: Flying to {'x': -74.74570799936376, 'y': -111.22715800069933, 'z': 1145.4303011894226}
2026-02-12 12:25:54,596 - Drone_5 - INFO - Drone 5: Flying to {'x': -67.28030454282634, 'y': -112.73640715713303, 'z': 1145.4303011894226}
2026-02-12 12:25:55,598 - Drone_5 - INFO - Drone 5: Flying to {'x': -59.79142441521383, 'y': -114.04405617192414, 'z': 1145.4303011894226}
2026-02-12 12:25:56,600 - Drone_5 - INFO - Drone 5: Flying to {'x': -52.271285331353845, 'y': -115.15623006198956, 'z': 1145.4303011894226}
2026-02-12 12:25:57,602 - Drone_5 - INFO - Drone 5: Flying to {'x': -44.72326671859362, 'y': -116.076032950851, 'z': 1145.4303011894226}
2026-02-12 12:25:58,606 - Drone_5 - INFO - Drone 5: Flying to {'x': -37.16048876876245, 'y': -116.80522918146282, 'z': 1145.4303011894226}
2026-02-12 12:25:59,610 - Drone_5 - INFO - Drone 5: Flying to {'x': -29.58763236967903, 'y': -117.34655227191155, 'z': 1145.4303011894226}
2026-02-12 12:26:00,613 - Drone_5 - INFO - Drone 5: Flying to {'x': -21.990861400493756, 'y': -117.703028176934, 'z': 1145.4303011894226}
2026-02-12 12:26:01,615 - Drone_5 - INFO - Drone 5: Flying to {'x': -14.40060538590388, 'y': -117.87527852301942, 'z': 1145.4303011894226}
2026-02-12 12:26:02,618 - Drone_5 - INFO - Drone 5: Flying to {'x': -7.08205520983057, 'y': -117.8671280670672, 'z': 1145.4303011894226}
2026-02-12 12:26:03,620 - Drone_5 - INFO - Drone 5: Flying to {'x': 0.5057987547277563, 'y': -117.68355861347561, 'z': 1145.4303011894226}
2026-02-12 12:26:04,624 - Drone_5 - INFO - Drone 5: Flying to {'x': 8.07290166750771, 'y': -117.32152250213704, 'z': 1145.4303011894226}
2026-02-12 12:26:05,627 - Drone_5 - INFO - Drone 5: Flying to {'x': 15.645743277474645, 'y': -116.78041325419258, 'z': 1145.4303011894226}
2026-02-12 12:26:06,629 - Drone_5 - INFO - Drone 5: Flying to {'x': 23.185736059137533, 'y': -116.06372044751748, 'z': 1145.4303011894226}
2026-02-12 12:26:07,632 - Drone_5 - INFO - Drone 5: Flying to {'x': 30.709627390290585, 'y': -115.17066824070628, 'z': 1145.4303011894226}
2026-02-12 12:26:08,635 - Drone_5 - INFO - Drone 5: Flying to {'x': 38.19700990353256, 'y': -114.10421532885775, 'z': 1145.4303011894226}
2026-02-12 12:26:09,639 - Drone_5 - INFO - Drone 5: Flying to {'x': 45.65816890640474, 'y': -112.86315946969452, 'z': 1145.4303011894226}
2026-02-12 12:26:10,643 - Drone_5 - INFO - Drone 5: Flying to {'x': 53.080590370994244, 'y': -111.4494394980207, 'z': 1145.4303011894226}
2026-02-12 12:26:11,647 - Drone_5 - INFO - Drone 5: Flying to {'x': 60.467356192070284, 'y': -109.86199562141144, 'z': 1145.4303011894226}
2026-02-12 12:26:12,649 - Drone_5 - INFO - Drone 5: Flying to {'x': 67.81813502858216, 'y': -108.09961864221394, 'z': 1145.4303011894226}
2026-02-12 12:26:13,651 - Drone_5 - INFO - Drone 5: Flying to {'x': 75.13114749578243, 'y': -106.16065601818639, 'z': 1145.4303011894226}
2026-02-12 12:26:14,654 - Drone_5 - INFO - Drone 5: Flying to {'x': 82.41607005501785, 'y': -104.03898606617457, 'z': 1145.4303011894226}
2026-02-12 12:26:15,658 - Drone_5 - INFO - Drone 5: Flying to {'x': 89.64999250429373, 'y': -101.73691495332336, 'z': 1145.4303011894226}
2026-02-12 12:26:16,662 - Drone_5 - INFO - Drone 5: Flying to {'x': 96.84056444578755, 'y': -99.24617094562578, 'z': 1145.4303011894226}
2026-02-12 12:26:17,667 - Drone_5 - INFO - Drone 5: Flying to {'x': 103.97784712972211, 'y': -96.56193752312753, 'z': 1145.4303011894226}
2026-02-12 12:26:18,670 - Drone_5 - INFO - Drone 5: Flying to {'x': 111.07688047428127, 'y': -93.66634565859121, 'z': 1145.4303011894226}
2026-02-12 12:26:19,672 - Drone_5 - INFO - Drone 5: Flying to {'x': 118.12994219896342, 'y': -90.54520058722545, 'z': 1145.4303011894226}
2026-02-12 12:26:20,673 - Drone_5 - INFO - Drone 5: Flying to {'x': 125.13150764304129, 'y': -87.17761134265879, 'z': 1145.4303011894226}
2026-02-12 12:26:21,675 - Drone_5 - INFO - Drone 5: Flying to {'x': 131.38790466006014, 'y': -83.9103675484928, 'z': 1145.4303011894226}
2026-02-12 12:26:22,679 - Drone_5 - INFO - Drone 5: Flying to {'x': 138.71548829455088, 'y': -79.71695766418196, 'z': 1145.4303011894226}
2026-02-12 12:26:23,682 - Drone_5 - INFO - Drone 5: Flying to {'x': 145.45846504863016, 'y': -75.45195943394779, 'z': 1145.4303011894226}
2026-02-12 12:26:24,686 - Drone_5 - INFO - Drone 5: Flying to {'x': 152.04571915266274, 'y': -70.81602769971153, 'z': 1145.4303011894226}
2026-02-12 12:26:25,688 - Drone_5 - INFO - Drone 5: Flying to {'x': 158.42736009800348, 'y': -65.7671051433334, 'z': 1145.4303011894226}
2026-02-12 12:26:26,690 - Drone_5 - INFO - Drone 5: Flying to {'x': 164.53261624987533, 'y': -60.26964974943199, 'z': 1145.4303011894226}
2026-02-12 12:26:27,692 - Drone_5 - INFO - Drone 5: Flying to {'x': 170.25819723365146, 'y': -54.315973564139185, 'z': 1145.4303011894226}
2026-02-12 12:26:28,693 - Drone_5 - INFO - Drone 5: Flying to {'x': 175.51663496622177, 'y': -47.887693540952405, 'z': 1145.4303011894226}
2026-02-12 12:26:29,695 - Drone_5 - INFO - Drone 5: Flying to {'x': 179.7457831706917, 'y': -41.732189692220516, 'z': 1145.4303011894226}
2026-02-12 12:26:30,697 - Drone_5 - INFO - Drone 5: Flying to {'x': 183.79157086810093, 'y': -34.527989300123096, 'z': 1145.4303011894226}
2026-02-12 12:26:31,700 - Drone_5 - INFO - Drone 5: Flying to {'x': 187.07406821711052, 'y': -26.988208412303713, 'z': 1145.4303011894226}
2026-02-12 12:26:32,506 - Drone_5 - INFO - Drone 5: Reached target position
2026-02-12 12:26:32,704 - Drone_5 - INFO - Drone 5: Flying to {'x': 189.51773824282108, 'y': -19.22059264829018, 'z': 1145.4303011894226}
2026-02-12 12:26:33,211 - Drone_5 - INFO - Drone 5: Reached target position
2026-02-12 12:26:33,707 - Drone_5 - INFO - Drone 5: Flying to {'x': 191.08744929991835, 'y': -11.318957788681903, 'z': 1145.4303011894226}
2026-02-12 12:26:34,117 - Drone_5 - INFO - Drone 5: Reached target position
2026-02-12 12:26:34,711 - Drone_5 - INFO - Drone 5: Flying to {'x': 191.77476722646406, 'y': -3.3896018782631554, 'z': 1145.4303011894226}
2026-02-12 12:26:35,124 - Drone_5 - INFO - Drone 5: Reached target position
2026-02-12 12:26:35,714 - Drone_5 - INFO - Drone 5: Flying to {'x': 191.59849682452608, 'y': 4.492612870847779, 'z': 1145.4303011894226}
2026-02-12 12:26:36,031 - Drone_5 - INFO - Drone 5: Reached target position
2026-02-12 12:26:36,717 - Drone_5 - INFO - Drone 5: Flying to {'x': 190.59788058645478, 'y': 12.227914899338145, 'z': 1145.4303011894226}
2026-02-12 12:26:37,039 - Drone_5 - INFO - Drone 5: Reached target position
2026-02-12 12:26:37,719 - Drone_5 - INFO - Drone 5: Flying to {'x': 188.83026773045924, 'y': 19.74778599943012, 'z': 1145.4303011894226}
2026-02-12 12:26:38,045 - Drone_5 - INFO - Drone 5: Reached target position
2026-02-12 12:26:38,722 - Drone_5 - INFO - Drone 5: Flying to {'x': 186.35336254507237, 'y': 27.02288986050383, 'z': 1145.4303011894226}
2026-02-12 12:26:38,951 - Drone_5 - INFO - Drone 5: Reached target position
2026-02-12 12:26:39,726 - Drone_5 - INFO - Drone 5: Flying to {'x': 183.24058943819549, 'y': 33.996792921138834, 'z': 1145.4303011894226}
2026-02-12 12:26:39,957 - Drone_5 - INFO - Drone 5: Reached target position
2026-02-12 12:26:40,730 - Drone_5 - INFO - Drone 5: Flying to {'x': 179.5544060217816, 'y': 40.65705680899373, 'z': 1145.4303011894226}
2026-02-12 12:26:40,864 - Drone_5 - INFO - Drone 5: Reached target position
2026-02-12 12:26:41,733 - Drone_5 - INFO - Drone 5: Flying to {'x': 175.36596701134854, 'y': 46.97867102655941, 'z': 1145.4303011894226}
2026-02-12 12:26:41,871 - Drone_5 - INFO - Drone 5: Reached target position
2026-02-12 12:26:42,736 - Drone_5 - INFO - Drone 5: Flying to {'x': 170.7364912936949, 'y': 52.95707696980713, 'z': 1145.4303011894226}
2026-02-12 12:26:42,955 - Drone_5 - INFO - Drone 5: Reached target position
2026-02-12 12:26:43,738 - Drone_5 - INFO - Drone 5: Flying to {'x': 165.8119059130511, 'y': 58.491897973797414, 'z': 1145.4303011894226}
2026-02-12 12:26:43,861 - Drone_5 - INFO - Drone 5: Reached target position
2026-02-12 12:26:44,740 - Drone_5 - INFO - Drone 5: Flying to {'x': 160.43808861194114, 'y': 63.82498361869351, 'z': 1145.4303011894226}
2026-02-12 12:26:44,867 - Drone_5 - INFO - Drone 5: Reached target position
2026-02-12 12:26:45,743 - Drone_5 - INFO - Drone 5: Flying to {'x': 154.77264299207536, 'y': 68.82274395687934, 'z': 1145.4303011894226}
2026-02-12 12:26:45,873 - Drone_5 - INFO - Drone 5: Reached target position
2026-02-12 12:26:46,746 - Drone_5 - INFO - Drone 5: Flying to {'x': 148.8440555894725, 'y': 73.50411368560363, 'z': 1145.4303011894226}
2026-02-12 12:26:46,880 - Drone_5 - INFO - Drone 5: Reached target position
2026-02-12 12:26:47,751 - Drone_5 - INFO - Drone 5: Flying to {'x': 142.68833302603875, 'y': 77.87719204067457, 'z': 1145.4303011894226}
2026-02-12 12:26:47,887 - Drone_5 - INFO - Drone 5: Reached target position
2026-02-12 12:26:48,754 - Drone_5 - INFO - Drone 5: Flying to {'x': 136.31756107353388, 'y': 81.96310192468331, 'z': 1145.4303011894226}
2026-02-12 12:26:48,893 - Drone_5 - INFO - Drone 5: Reached target position
2026-02-12 12:26:49,756 - Drone_5 - INFO - Drone 5: Flying to {'x': 129.77533745924748, 'y': 85.75965360715188, 'z': 1145.4303011894226}
2026-02-12 12:26:50,000 - Drone_5 - INFO - Drone 5: Reached target position
2026-02-12 12:26:50,759 - Drone_5 - INFO - Drone 5: Flying to {'x': 123.07173785068807, 'y': 89.28369655952045, 'z': 1145.4303011894226}
2026-02-12 12:26:51,007 - Drone_5 - INFO - Drone 5: Reached target position
2026-02-12 12:26:51,763 - Drone_5 - INFO - Drone 5: Flying to {'x': 116.232910506991, 'y': 92.54073584460116, 'z': 1145.4303011894226}
2026-02-12 12:26:52,014 - Drone_5 - INFO - Drone 5: Reached target position
2026-02-12 12:26:52,766 - Drone_5 - INFO - Drone 5: Flying to {'x': 109.27452802410069, 'y': 95.54035164087135, 'z': 1145.4303011894226}
2026-02-12 12:26:53,021 - Drone_5 - INFO - Drone 5: Reached target position
2026-02-12 12:26:53,771 - Drone_5 - INFO - Drone 5: Flying to {'x': 102.18427258743574, 'y': 98.30082299271415, 'z': 1145.4303011894226}
2026-02-12 12:26:54,028 - Drone_5 - INFO - Drone 5: Reached target position
2026-02-12 12:26:54,773 - Drone_5 - INFO - Drone 5: Flying to {'x': 95.02571080605242, 'y': 100.81018710645498, 'z': 1145.4303011894226}
2026-02-12 12:26:55,136 - Drone_5 - INFO - Drone 5: Reached target position
2026-02-12 12:26:55,775 - Drone_5 - INFO - Drone 5: Flying to {'x': 87.79271370876913, 'y': 103.08336948105224, 'z': 1145.4303011894226}
2026-02-12 12:26:56,142 - Drone_5 - INFO - Drone 5: Reached target position
2026-02-12 12:26:56,778 - Drone_5 - INFO - Drone 5: Flying to {'x': 80.47545360711287, 'y': 105.13266840788563, 'z': 1145.4303011894226}
2026-02-12 12:26:57,150 - Drone_5 - INFO - Drone 5: Reached target position
2026-02-12 12:26:57,782 - Drone_5 - INFO - Drone 5: Flying to {'x': 73.10930086805992, 'y': 106.95657965840309, 'z': 1145.4303011894226}
2026-02-12 12:26:58,157 - Drone_5 - INFO - Drone 5: Reached target position
2026-02-12 12:26:58,787 - Drone_5 - INFO - Drone 5: Flying to {'x': 65.68486605343965, 'y': 108.5650535522586, 'z': 1145.4303011894226}
2026-02-12 12:26:59,165 - Drone_5 - INFO - Drone 5: Reached target position
2026-02-12 12:26:59,791 - Drone_5 - INFO - Drone 5: Flying to {'x': 58.21926064910475, 'y': 109.96072919264418, 'z': 1145.4303011894226}
2026-02-12 12:27:00,174 - Drone_5 - INFO - Drone 5: Reached target position
2026-02-12 12:27:00,793 - Drone_5 - INFO - Drone 5: Flying to {'x': 50.720682025681214, 'y': 111.14803757715508, 'z': 1145.4303011894226}
2026-02-12 12:27:01,180 - Drone_5 - INFO - Drone 5: Reached target position
2026-02-12 12:27:01,795 - Drone_5 - INFO - Drone 5: Flying to {'x': 43.18054097246091, 'y': 112.13293435554694, 'z': 1145.4303011894226}
2026-02-12 12:27:02,187 - Drone_5 - INFO - Drone 5: Reached target position
2026-02-12 12:27:02,796 - Drone_5 - INFO - Drone 5: Flying to {'x': 35.62056636699644, 'y': 112.91663687832987, 'z': 1145.4303011894226}
2026-02-12 12:27:03,245 - Drone_5 - INFO - Drone 5: Reached target position
2026-02-12 12:27:03,800 - Drone_5 - INFO - Drone 5: Flying to {'x': 28.313438331819373, 'y': 113.4834706463279, 'z': 1145.4303011894226}
2026-02-12 12:27:04,250 - Drone_5 - INFO - Drone 5: Reached target position
2026-02-12 12:27:04,803 - Drone_5 - INFO - Drone 5: Flying to {'x': 20.740963063707913, 'y': 113.88140984512646, 'z': 1145.4303011894226}
2026-02-12 12:27:05,256 - Drone_5 - INFO - Drone 5: Reached target position
2026-02-12 12:27:05,807 - Drone_5 - INFO - Drone 5: Flying to {'x': 13.16065624643963, 'y': 114.08800646949437, 'z': 1145.4303011894226}
2026-02-12 12:27:06,262 - Drone_5 - INFO - Drone 5: Reached target position
2026-02-12 12:27:06,811 - Drone_5 - INFO - Drone 5: Flying to {'x': 5.584864184002047, 'y': 114.10556191525805, 'z': 1145.4303011894226}
2026-02-12 12:27:07,269 - Drone_5 - INFO - Drone 5: Reached target position
2026-02-12 12:27:07,812 - Drone_5 - INFO - Drone 5: Flying to {'x': -1.9955110807113527, 'y': 113.93606683103086, 'z': 1145.4303011894226}
2026-02-12 12:27:08,275 - Drone_5 - INFO - Drone 5: Reached target position
2026-02-12 12:27:08,814 - Drone_5 - INFO - Drone 5: Flying to {'x': -9.559634233252613, 'y': 113.58177816174546, 'z': 1145.4303011894226}
2026-02-12 12:27:09,283 - Drone_5 - INFO - Drone 5: Reached target position
2026-02-12 12:27:09,816 - Drone_5 - INFO - Drone 5: Flying to {'x': -17.114071608303554, 'y': 113.04398181914996, 'z': 1145.4303011894226}
2026-02-12 12:27:10,289 - Drone_5 - INFO - Drone 5: Reached target position
2026-02-12 12:27:10,819 - Drone_5 - INFO - Drone 5: Flying to {'x': -24.650746670484146, 'y': 112.32432532835634, 'z': 1145.4303011894226}
2026-02-12 12:27:11,295 - Drone_5 - INFO - Drone 5: Reached target position
2026-02-12 12:27:11,823 - Drone_5 - INFO - Drone 5: Flying to {'x': -32.163432810189015, 'y': 111.42439105163186, 'z': 1145.4303011894226}
2026-02-12 12:27:12,301 - Drone_5 - INFO - Drone 5: Reached target position
2026-02-12 12:27:12,826 - Drone_5 - INFO - Drone 5: Flying to {'x': -39.646772982165494, 'y': 110.34563749377028, 'z': 1145.4303011894226}
2026-02-12 12:27:13,310 - Drone_5 - INFO - Drone 5: Reached target position
2026-02-12 12:27:13,828 - Drone_5 - INFO - Drone 5: Flying to {'x': -47.091298434831074, 'y': 109.09019847097719, 'z': 1145.4303011894226}
2026-02-12 12:27:14,417 - Drone_5 - INFO - Drone 5: Reached target position
2026-02-12 12:27:14,833 - Drone_5 - INFO - Drone 5: Flying to {'x': -54.51257945855687, 'y': 107.65526623326434, 'z': 1145.4303011894226}
2026-02-12 12:27:15,423 - Drone_5 - INFO - Drone 5: Reached target position
2026-02-12 12:27:15,836 - Drone_5 - INFO - Drone 5: Flying to {'x': -61.90820810214948, 'y': 106.03996489257013, 'z': 1145.4303011894226}
2026-02-12 12:27:16,430 - Drone_5 - INFO - Drone 5: Reached target position
2026-02-12 12:27:16,838 - Drone_5 - INFO - Drone 5: Flying to {'x': -69.25657270363058, 'y': 104.24778985652225, 'z': 1145.4303011894226}
2026-02-12 12:27:17,437 - Drone_5 - INFO - Drone 5: Reached target position
2026-02-12 12:27:17,841 - Drone_5 - INFO - Drone 5: Flying to {'x': -76.56500814943048, 'y': 102.27511060095559, 'z': 1145.4303011894226}
2026-02-12 12:27:18,344 - Drone_5 - INFO - Drone 5: Reached target position
2026-02-12 12:27:18,843 - Drone_5 - INFO - Drone 5: Flying to {'x': -83.84653502962112, 'y': 100.11437335005601, 'z': 1145.4303011894226}
2026-02-12 12:27:19,351 - Drone_5 - INFO - Drone 5: Reached target position
2026-02-12 12:27:19,845 - Drone_5 - INFO - Drone 5: Flying to {'x': -91.0860555390359, 'y': 97.76437899536026, 'z': 1145.4303011894226}
2026-02-12 12:27:20,360 - Drone_5 - INFO - Drone 5: Reached target position
2026-02-12 12:27:20,847 - Drone_5 - INFO - Drone 5: Flying to {'x': -98.2766960008165, 'y': 95.22010136049786, 'z': 1145.4303011894226}
2026-02-12 12:27:21,367 - Drone_5 - INFO - Drone 5: Reached target position
2026-02-12 12:27:21,848 - Drone_5 - INFO - Drone 5: Flying to {'x': -104.71809464738188, 'y': 92.75101971416206, 'z': 1145.4303011894226}
2026-02-12 12:27:22,373 - Drone_5 - INFO - Drone 5: Reached target position
2026-02-12 12:27:22,851 - Drone_5 - INFO - Drone 5: Flying to {'x': -111.8317821811149, 'y': 89.7981477128674, 'z': 1145.4303011894226}
2026-02-12 12:27:23,436 - Drone_5 - INFO - Drone 5: Reached target position
2026-02-12 12:27:23,853 - Drone_5 - INFO - Drone 5: Flying to {'x': -119.46201379607635, 'y': 86.33200982526662, 'z': 1145.4303011894226}
2026-02-12 12:27:24,542 - Drone_5 - INFO - Drone 5: Reached target position
2026-02-12 12:27:24,856 - Drone_5 - INFO - Drone 5: Flying to {'x': -126.46744196594068, 'y': 82.85317224790916, 'z': 1145.4303011894226}
2026-02-12 12:27:25,448 - Drone_5 - INFO - Drone 5: Reached target position
2026-02-12 12:27:25,860 - Drone_5 - INFO - Drone 5: Flying to {'x': -133.4064016461694, 'y': 79.07427349625222, 'z': 1145.4303011894226}
2026-02-12 12:27:26,555 - Drone_5 - INFO - Drone 5: Reached target position
2026-02-12 12:27:26,864 - Drone_5 - INFO - Drone 5: Flying to {'x': -140.24337491913013, 'y': 74.96531117425567, 'z': 1145.4303011894226}
2026-02-12 12:27:27,462 - Drone_5 - INFO - Drone 5: Reached target position
2026-02-12 12:27:27,866 - Drone_5 - INFO - Drone 5: Flying to {'x': -146.95527365606515, 'y': 70.47722625757952, 'z': 1145.4303011894226}
2026-02-12 12:27:28,570 - Drone_5 - INFO - Drone 5: Reached target position
2026-02-12 12:27:28,868 - Drone_5 - INFO - Drone 5: Flying to {'x': -152.83190737137423, 'y': 66.08896634878835, 'z': 1145.4303011894226}
2026-02-12 12:27:29,374 - Drone_5 - INFO - Drone 5: Reached target position
2026-02-12 12:27:29,872 - Drone_5 - INFO - Drone 5: Flying to {'x': -159.1136626056122, 'y': 60.79395242654734, 'z': 1145.4303011894226}
2026-02-12 12:27:30,481 - Drone_5 - INFO - Drone 5: Reached target position
2026-02-12 12:27:30,876 - Drone_5 - INFO - Drone 5: Flying to {'x': -165.05692038811364, 'y': 55.02666108142414, 'z': 1145.4303011894226}
2026-02-12 12:27:31,488 - Drone_5 - INFO - Drone 5: Reached target position
2026-02-12 12:27:31,879 - Drone_5 - INFO - Drone 5: Flying to {'x': -170.55386678372844, 'y': 48.78334695818006, 'z': 1145.4303011894226}
2026-02-12 12:27:32,495 - Drone_5 - INFO - Drone 5: Reached target position
2026-02-12 12:27:32,883 - Drone_5 - INFO - Drone 5: Flying to {'x': -175.4997567876266, 'y': 42.07035275197286, 'z': 1145.4303011894226}
2026-02-12 12:27:33,501 - Drone_5 - INFO - Drone 5: Reached target position
2026-02-12 12:27:33,885 - Drone_5 - INFO - Drone 5: Flying to {'x': -179.77017945735818, 'y': 34.951857498411314, 'z': 1145.4303011894226}
2026-02-12 12:27:34,506 - Drone_5 - INFO - Drone 5: Reached target position
2026-02-12 12:27:34,887 - Drone_5 - INFO - Drone 5: Flying to {'x': -183.28166536751195, 'y': 27.475301638384963, 'z': 1145.4303011894226}
2026-02-12 12:27:35,513 - Drone_5 - INFO - Drone 5: Reached target position
2026-02-12 12:27:35,889 - Drone_5 - INFO - Drone 5: Flying to {'x': -185.95680460708294, 'y': 19.730099786165823, 'z': 1145.4303011894226}
2026-02-12 12:27:36,620 - Drone_5 - INFO - Drone 5: Reached target position
2026-02-12 12:27:36,891 - Drone_5 - INFO - Drone 5: Flying to {'x': -187.74598151020572, 'y': 11.827698784298079, 'z': 1145.4303011894226}
2026-02-12 12:27:37,526 - Drone_5 - INFO - Drone 5: Reached target position
2026-02-12 12:27:37,893 - Drone_5 - INFO - Drone 5: Flying to {'x': -188.63536790499364, 'y': 3.87829626924157, 'z': 1145.4303011894226}
2026-02-12 12:27:38,633 - Drone_5 - INFO - Drone 5: Reached target position
2026-02-12 12:27:38,896 - Drone_5 - INFO - Drone 5: Flying to {'x': -188.64132949715756, 'y': -4.029447732305055, 'z': 1145.4303011894226}
2026-02-12 12:27:39,538 - Drone_5 - INFO - Drone 5: Reached target position
2026-02-12 12:27:39,900 - Drone_5 - INFO - Drone 5: Flying to {'x': -187.80147967692278, 'y': -11.805597543848947, 'z': 1145.4303011894226}
2026-02-12 12:27:40,645 - Drone_5 - INFO - Drone 5: Reached target position
2026-02-12 12:27:40,903 - Drone_5 - INFO - Drone 5: Flying to {'x': -186.16957211887362, 'y': -19.38318147072452, 'z': 1145.4303011894226}
2026-02-12 12:27:41,550 - Drone_5 - INFO - Drone 5: Reached target position
2026-02-12 12:27:41,907 - Drone_5 - INFO - Drone 5: Flying to {'x': -183.81014772804974, 'y': -26.705332524166398, 'z': 1145.4303011894226}
2026-02-12 12:27:42,657 - Drone_5 - INFO - Drone 5: Reached target position
2026-02-12 12:27:42,911 - Drone_5 - INFO - Drone 5: Flying to {'x': -180.79236368107965, 'y': -33.7322301832704, 'z': 1145.4303011894226}
2026-02-12 12:27:43,531 - Drone_5 - INFO - Drone 5: Reached target position
2026-02-12 12:27:43,913 - Drone_5 - INFO - Drone 5: Flying to {'x': -177.2688680493855, 'y': -40.28657184974878, 'z': 1145.4303011894226}
2026-02-12 12:27:44,539 - Drone_5 - INFO - Drone 5: Reached target position
2026-02-12 12:27:44,917 - Drone_5 - INFO - Drone 5: Flying to {'x': -173.15517832121316, 'y': -46.65828786257809, 'z': 1145.4303011894226}
2026-02-12 12:27:45,544 - Drone_5 - INFO - Drone 5: Reached target position
2026-02-12 12:27:45,919 - Drone_5 - INFO - Drone 5: Flying to {'x': -168.5769900568066, 'y': -52.69187763694931, 'z': 1145.4303011894226}
2026-02-12 12:27:46,553 - Drone_5 - INFO - Drone 5: Reached target position
2026-02-12 12:27:46,921 - Drone_5 - INFO - Drone 5: Flying to {'x': -163.59748901956604, 'y': -58.37833627484597, 'z': 1145.4303011894226}
2026-02-12 12:27:47,560 - Drone_5 - INFO - Drone 5: Reached target position
2026-02-12 12:27:47,923 - Drone_5 - INFO - Drone 5: Flying to {'x': -158.26296468690728, 'y': -63.727462878515055, 'z': 1145.4303011894226}
2026-02-12 12:27:48,566 - Drone_5 - INFO - Drone 5: Reached target position
2026-02-12 12:27:48,924 - Drone_5 - INFO - Drone 5: Flying to {'x': -152.61935372364738, 'y': -68.74529545496276, 'z': 1145.4303011894226}
2026-02-12 12:27:49,571 - Drone_5 - INFO - Drone 5: Reached target position
2026-02-12 12:27:49,928 - Drone_5 - INFO - Drone 5: Flying to {'x': -156.81633546965043, 'y': -92.68442427023325, 'z': 1145.4303011894226}
2026-02-12 12:27:50,932 - Drone_5 - INFO - Drone 5: Flying to {'x': -141.7303116621248, 'y': -92.68442427023325, 'z': 1145.4303011894226}
2026-02-12 12:27:51,935 - Drone_5 - INFO - Drone 5: Flying to {'x': -126.64341166632097, 'y': -92.68442427023325, 'z': 1145.4303011894226}
2026-02-12 12:27:52,937 - Drone_5 - INFO - Drone 5: Flying to {'x': -111.56614258901995, 'y': -92.68442427023325, 'z': 1145.4303011894226}
2026-02-12 12:27:53,939 - Drone_5 - INFO - Drone 5: Flying to {'x': -96.49181678907793, 'y': -92.68442427023325, 'z': 1145.4303011894226}
2026-02-12 12:27:54,943 - Drone_5 - INFO - Drone 5: Flying to {'x': -81.40823557989519, 'y': -92.68442427023325, 'z': 1145.4303011894226}
2026-02-12 12:27:55,946 - Drone_5 - INFO - Drone 5: Flying to {'x': -66.32088854925554, 'y': -92.68442427023325, 'z': 1145.4303011894226}
2026-02-12 12:27:56,948 - Drone_5 - INFO - Drone 5: Flying to {'x': 62.56561825827485, 'y': -77.98058526398393, 'z': 1145.4303011894226}
2026-02-12 12:27:57,950 - Drone_5 - INFO - Drone 5: Flying to {'x': 34.88971431052852, 'y': -64.1842412325858, 'z': 1145.4303011894226}
2026-02-12 12:27:58,953 - Drone_5 - INFO - Drone 5: Flying to {'x': -16.753978631626655, 'y': -67.52238031268276, 'z': 1145.4303011894226}
2026-02-12 12:27:59,957 - Drone_5 - INFO - Drone 5: Flying to {'x': -42.50222869438684, 'y': -94.1344230004691, 'z': 1145.4303011894226}
2026-02-12 12:28:00,963 - Drone_5 - INFO - Drone 5: Flying to {'x': -43.423852113149664, 'y': -109.52748287392356, 'z': 1145.4303011894226}
2026-02-12 12:28:01,965 - Drone_5 - INFO - Drone 5: Flying to {'x': 80.06973585223079, 'y': -164.0989513028062, 'z': 1145.4303011894226}
2026-02-12 12:28:02,967 - Drone_5 - INFO - Drone 5: Flying to {'x': 64.99439796542049, 'y': -164.0989513028062, 'z': 1145.4303011894226}
2026-02-12 12:28:03,972 - Drone_5 - INFO - Drone 5: Flying to {'x': -78.6846803751099, 'y': -116.0989513028062, 'z': 1145.4303011894226}
2026-02-12 12:28:04,975 - Drone_5 - INFO - Drone 5: Flying to {'x': -63.597068699847455, 'y': -116.0989513028062, 'z': 1145.4303011894226}
2026-02-12 12:28:05,981 - Drone_5 - INFO - Drone 5: Flying to {'x': -48.53016010190129, 'y': -116.0989513028062, 'z': 1145.4303011894226}
2026-02-12 12:28:06,243 - Drone_5 - INFO - Drone 5: Reached target position
2026-02-12 12:28:06,982 - Drone_5 - INFO - Drone 5: Flying to {'x': -33.46086254979252, 'y': -116.0989513028062, 'z': 1145.4303011894226}
2026-02-12 12:28:07,985 - Drone_5 - INFO - Drone 5: Flying to {'x': -18.385810765277142, 'y': -116.0989513028062, 'z': 1145.4303011894226}
2026-02-12 12:28:08,988 - Drone_5 - INFO - Drone 5: Flying to {'x': -3.3059023943054626, 'y': -116.0989513028062, 'z': 1145.4303011894226}
2026-02-12 12:28:09,991 - Drone_5 - INFO - Drone 5: Flying to {'x': 11.818727341641193, 'y': -116.0989513028062, 'z': 1145.4303011894226}
2026-02-12 12:28:10,993 - Drone_5 - INFO - Drone 5: Flying to {'x': 26.92032226656795, 'y': -116.0989513028062, 'z': 1145.4303011894226}
2026-02-12 12:28:11,995 - Drone_5 - INFO - Drone 5: Flying to {'x': 42.01388844584346, 'y': -116.0989513028062, 'z': 1145.4303011894226}
2026-02-12 12:28:12,998 - Drone_5 - INFO - Drone 5: Flying to {'x': 57.08545693491817, 'y': -116.0989513028062, 'z': 1145.4303011894226}
2026-02-12 12:28:14,000 - Drone_5 - INFO - Drone 5: Flying to {'x': 72.17130908106685, 'y': -116.0989513028062, 'z': 1145.4303011894226}
2026-02-12 12:28:15,002 - Drone_5 - INFO - Drone 5: Flying to {'x': 87.25652107333065, 'y': -116.0989513028062, 'z': 1145.4303011894226}
2026-02-12 12:28:16,006 - Drone_5 - INFO - Drone 5: Flying to {'x': 102.34330305193782, 'y': -116.0989513028062, 'z': 1145.4303011894226}
2026-02-12 12:28:17,009 - Drone_5 - INFO - Drone 5: Flying to {'x': 117.42016800974727, 'y': -116.0989513028062, 'z': 1145.4303011894226}
2026-02-12 12:28:18,011 - Drone_5 - INFO - Drone 5: Flying to {'x': 132.4989212427032, 'y': -116.0989513028062, 'z': 1145.4303011894226}
2026-02-12 12:28:19,012 - Drone_5 - INFO - Drone 5: Flying to {'x': 147.57079729174495, 'y': -116.0989513028062, 'z': 1145.4303011894226}
2026-02-12 12:28:20,015 - Drone_5 - INFO - Drone 5: Flying to {'x': 162.642304984082, 'y': -116.0989513028062, 'z': 1145.4303011894226}
2026-02-12 12:28:21,019 - Drone_5 - INFO - Drone 5: Flying to {'x': 177.728575554837, 'y': -116.0989513028062, 'z': 1145.4303011894226}
2026-02-12 12:28:22,022 - Drone_5 - INFO - Drone 5: Flying to {'x': 192.80290850733638, 'y': -116.0989513028062, 'z': 1145.4303011894226}
2026-02-12 12:28:23,026 - Drone_5 - INFO - Drone 5: Flying to {'x': 207.8832066926849, 'y': -116.0989513028062, 'z': 1145.4303011894226}
2026-02-12 12:28:24,028 - Drone_5 - INFO - Drone 5: Flying to {'x': 222.61564382647396, 'y': -116.0989513028062, 'z': 1145.4303011894226}
2026-02-12 12:28:25,031 - Drone_5 - INFO - Drone 5: Flying to {'x': 237.6997292909515, 'y': -116.0989513028062, 'z': 1145.4303011894226}
2026-02-12 12:28:26,033 - Drone_5 - INFO - Drone 5: Flying to {'x': 252.77786740397335, 'y': -116.0989513028062, 'z': 1145.4303011894226}
2026-02-12 12:28:27,035 - Drone_5 - INFO - Drone 5: Flying to {'x': 267.8777314100158, 'y': -116.0989513028062, 'z': 1145.4303011894226}
2026-02-12 12:28:28,037 - Drone_5 - INFO - Drone 5: Flying to {'x': 283.0204749975097, 'y': -116.0989513028062, 'z': 1145.4303011894226}
2026-02-12 12:28:29,041 - Drone_5 - INFO - Drone 5: Flying to {'x': 298.09856661890865, 'y': -116.0989513028062, 'z': 1145.4303011894226}
2026-02-12 12:28:30,044 - Drone_5 - INFO - Drone 5: Flying to {'x': 311.6783905897033, 'y': -116.0989513028062, 'z': 1145.4303011894226}
2026-02-12 12:28:31,048 - Drone_5 - INFO - Drone 5: Flying to {'x': 326.77044042681575, 'y': -116.0989513028062, 'z': 1145.4303011894226}
2026-02-12 12:28:32,050 - Drone_5 - INFO - Drone 5: Flying to {'x': 341.8759692582977, 'y': -116.0989513028062, 'z': 1145.4303011894226}
2026-02-12 12:28:33,052 - Drone_5 - INFO - Drone 5: Flying to {'x': 357.00332769488216, 'y': -116.0989513028062, 'z': 1145.4303011894226}
2026-02-12 12:28:34,054 - Drone_5 - INFO - Drone 5: Flying to {'x': 372.0996476087463, 'y': -116.0989513028062, 'z': 1145.4303011894226}
2026-02-12 12:28:35,056 - Drone_5 - INFO - Drone 5: Flying to {'x': 387.18738803004146, 'y': -116.0989513028062, 'z': 1145.4303011894226}
2026-02-12 12:28:36,059 - Drone_5 - INFO - Drone 5: Flying to {'x': 402.2730077180755, 'y': -116.0989513028062, 'z': 1145.4303011894226}
2026-02-12 12:28:37,062 - Drone_5 - INFO - Drone 5: Flying to {'x': 417.35728630160213, 'y': -116.0989513028062, 'z': 1145.4303011894226}
2026-02-12 12:28:38,065 - Drone_5 - INFO - Drone 5: Flying to {'x': 432.431522694577, 'y': -116.0989513028062, 'z': 1145.4303011894226}
2026-02-12 12:28:39,069 - Drone_5 - INFO - Drone 5: Flying to {'x': 447.5070894632232, 'y': -116.0989513028062, 'z': 1145.4303011894226}
2026-02-12 12:28:40,073 - Drone_5 - INFO - Drone 5: Flying to {'x': 462.5990713510406, 'y': -116.0989513028062, 'z': 1145.4303011894226}
2026-02-12 12:28:41,078 - Drone_5 - INFO - Drone 5: Flying to {'x': 477.68724450205684, 'y': -116.0989513028062, 'z': 1145.4303011894226}
2026-02-12 12:28:42,080 - Drone_5 - INFO - Drone 5: Flying to {'x': 492.7669669065368, 'y': -116.0989513028062, 'z': 1145.4303011894226}
2026-02-12 12:28:43,081 - Drone_5 - INFO - Drone 5: Flying to {'x': 507.83974775408626, 'y': -116.0989513028062, 'z': 1145.4303011894226}
2026-02-12 12:28:44,085 - Drone_5 - INFO - Drone 5: Flying to {'x': 522.4930418405426, 'y': -116.0989513028062, 'z': 1145.4303011894226}
2026-02-12 12:28:45,088 - Drone_5 - INFO - Drone 5: Flying to {'x': 537.587612954129, 'y': -116.0989513028062, 'z': 1145.4303011894226}
2026-02-12 12:28:46,091 - Drone_5 - INFO - Drone 5: Flying to {'x': 552.6884783182037, 'y': -116.0989513028062, 'z': 1145.4303011894226}
2026-02-12 12:28:47,095 - Drone_5 - INFO - Drone 5: Flying to {'x': 567.7609945211303, 'y': -116.0989513028062, 'z': 1145.4303011894226}
2026-02-12 12:28:48,097 - Drone_5 - INFO - Drone 5: Flying to {'x': 697.9879729704091, 'y': -164.12981973715284, 'z': 1145.4303011894226}
2026-02-12 12:28:49,099 - Drone_5 - INFO - Drone 5: Flying to {'x': 689.8721012966058, 'y': -164.30805795390992, 'z': 1145.4303011894226}
2026-02-12 12:28:50,101 - Drone_5 - INFO - Drone 5: Flying to {'x': 681.7302684001113, 'y': -164.51093195786245, 'z': 1145.4303011894226}
2026-02-12 12:28:51,104 - Drone_5 - INFO - Drone 5: Flying to {'x': 670.4650889633737, 'y': -164.54296156977458, 'z': 1145.4303011894226}
2026-02-12 12:28:51,105 - Drone_5 - INFO - Drone 5: Flying to {'x': 620.7164213802221, 'y': -138.4912042741795, 'z': 1145.4303011894226}
2026-02-12 12:28:52,109 - Drone_5 - INFO - Drone 5: Flying to {'x': 659.1855193820268, 'y': -164.56642020105673, 'z': 1145.4303011894226}
2026-02-12 12:28:53,111 - Drone_5 - INFO - Drone 5: Flying to {'x': 651.0044982940053, 'y': -164.8150964948572, 'z': 1145.4303011894226}
2026-02-12 12:28:53,112 - Drone_5 - INFO - Drone 5: Flying to {'x': 645.6404552439907, 'y': -155.38527246200368, 'z': 1145.4303011894226}
2026-02-12 12:28:54,116 - Drone_5 - INFO - Drone 5: Flying to {'x': 642.800375070274, 'y': -165.079749481182, 'z': 1145.4303011894226}
2026-02-12 12:28:54,872 - Drone_5 - INFO - Drone 5: Reached target position
2026-02-12 12:28:55,118 - Drone_5 - INFO - Drone 5: Flying to {'x': 634.5703091217672, 'y': -165.35615861648375, 'z': 1145.4303011894226}
2026-02-12 12:28:55,677 - Drone_5 - INFO - Drone 5: Reached target position
2026-02-12 12:28:56,120 - Drone_5 - INFO - Drone 5: Flying to {'x': 626.3120671843288, 'y': -165.63951875469107, 'z': 1145.4303011894226}
2026-02-12 12:28:56,583 - Drone_5 - INFO - Drone 5: Reached target position
2026-02-12 12:28:57,122 - Drone_5 - INFO - Drone 5: Flying to {'x': 617.988866140121, 'y': -165.92552781672254, 'z': 1145.4303011894226}
2026-02-12 12:28:57,589 - Drone_5 - INFO - Drone 5: Reached target position
2026-02-12 12:28:58,125 - Drone_5 - INFO - Drone 5: Flying to {'x': 609.6450165794832, 'y': -166.20633617089246, 'z': 1145.4303011894226}
2026-02-12 12:28:58,596 - Drone_5 - INFO - Drone 5: Reached target position
2026-02-12 12:28:59,130 - Drone_5 - INFO - Drone 5: Flying to {'x': 601.2599620844211, 'y': -166.47538212239454, 'z': 1145.4303011894226}
2026-02-12 12:28:59,601 - Drone_5 - INFO - Drone 5: Reached target position
2026-02-12 12:29:00,133 - Drone_5 - INFO - Drone 5: Flying to {'x': 592.8283194912734, 'y': -166.72452352951913, 'z': 1145.4303011894226}
2026-02-12 12:29:00,607 - Drone_5 - INFO - Drone 5: Reached target position
2026-02-12 12:29:01,136 - Drone_5 - INFO - Drone 5: Flying to {'x': 584.3430164421097, 'y': -166.9444122881087, 'z': 1145.4303011894226}
2026-02-12 12:29:01,613 - Drone_5 - INFO - Drone 5: Reached target position
2026-02-12 12:29:02,138 - Drone_5 - INFO - Drone 5: Flying to {'x': 575.8242333217825, 'y': -167.12375639031688, 'z': 1145.4303011894226}
2026-02-12 12:29:02,619 - Drone_5 - INFO - Drone 5: Reached target position
2026-02-12 12:29:03,139 - Drone_5 - INFO - Drone 5: Flying to {'x': 567.245158592247, 'y': -167.25080178416079, 'z': 1145.4303011894226}
2026-02-12 12:29:03,628 - Drone_5 - INFO - Drone 5: Reached target position
2026-02-12 12:29:04,140 - Drone_5 - INFO - Drone 5: Flying to {'x': 559.4771571035126, 'y': -167.30874271466251, 'z': 1145.4303011894226}
2026-02-12 12:29:04,498 - Drone_5 - INFO - Drone 5: Reached target position
2026-02-12 12:29:05,143 - Drone_5 - INFO - Drone 5: Flying to {'x': 550.116939604911, 'y': -167.28981648004094, 'z': 1145.4303011894226}
2026-02-12 12:29:05,707 - Drone_5 - INFO - Drone 5: Reached target position
2026-02-12 12:29:06,145 - Drone_5 - INFO - Drone 5: Flying to {'x': 541.3675813794412, 'y': -167.1704355583245, 'z': 1145.4303011894226}
2026-02-12 12:29:06,714 - Drone_5 - INFO - Drone 5: Reached target position
2026-02-12 12:29:07,146 - Drone_5 - INFO - Drone 5: Flying to {'x': 532.5631550350912, 'y': -166.93170411290794, 'z': 1145.4303011894226}
2026-02-12 12:29:07,720 - Drone_5 - INFO - Drone 5: Reached target position
2026-02-12 12:29:08,148 - Drone_5 - INFO - Drone 5: Flying to {'x': 523.7095269609925, 'y': -166.55230529596903, 'z': 1145.4303011894226}
2026-02-12 12:29:08,729 - Drone_5 - INFO - Drone 5: Reached target position
2026-02-12 12:29:09,150 - Drone_5 - INFO - Drone 5: Flying to {'x': 514.8203539082184, 'y': -166.0099333112298, 'z': 1145.4303011894226}
2026-02-12 12:29:09,736 - Drone_5 - INFO - Drone 5: Reached target position
2026-02-12 12:29:10,152 - Drone_5 - INFO - Drone 5: Flying to {'x': 505.87782423921493, 'y': -165.27860977902122, 'z': 1145.4303011894226}
2026-02-12 12:29:10,742 - Drone_5 - INFO - Drone 5: Reached target position
2026-02-12 12:29:11,153 - Drone_5 - INFO - Drone 5: Flying to {'x': 496.9378010495696, 'y': -164.3377577358909, 'z': 1145.4303011894226}
2026-02-12 12:29:11,748 - Drone_5 - INFO - Drone 5: Reached target position
2026-02-12 12:29:12,156 - Drone_5 - INFO - Drone 5: Flying to {'x': 487.9929727960377, 'y': -163.1618218344531, 'z': 1145.4303011894226}
2026-02-12 12:29:12,754 - Drone_5 - INFO - Drone 5: Reached target position
2026-02-12 12:29:13,159 - Drone_5 - INFO - Drone 5: Flying to {'x': 479.0711548000659, 'y': -161.7297653328789, 'z': 1145.4303011894226}
2026-02-12 12:29:13,761 - Drone_5 - INFO - Drone 5: Reached target position
2026-02-12 12:29:14,163 - Drone_5 - INFO - Drone 5: Flying to {'x': 470.1915700206997, 'y': -160.02158133486938, 'z': 1145.4303011894226}
2026-02-12 12:29:14,667 - Drone_5 - INFO - Drone 5: Reached target position
2026-02-12 12:29:15,166 - Drone_5 - INFO - Drone 5: Flying to {'x': 461.38487754145353, 'y': -158.02256091526496, 'z': 1145.4303011894226}
2026-02-12 12:29:15,573 - Drone_5 - INFO - Drone 5: Reached target position
2026-02-12 12:29:16,170 - Drone_5 - INFO - Drone 5: Flying to {'x': 452.8358029849919, 'y': -155.58116589200705, 'z': 1145.4303011894226}
2026-02-12 12:29:16,579 - Drone_5 - INFO - Drone 5: Reached target position
2026-02-12 12:29:17,172 - Drone_5 - INFO - Drone 5: Flying to {'x': 444.9485357151765, 'y': -153.38792482970754, 'z': 1145.4303011894226}
2026-02-12 12:29:17,586 - Drone_5 - INFO - Drone 5: Reached target position
2026-02-12 12:29:18,174 - Drone_5 - INFO - Drone 5: Flying to {'x': 436.4975967549381, 'y': -150.49989787023372, 'z': 1145.4303011894226}
2026-02-12 12:29:18,593 - Drone_5 - INFO - Drone 5: Reached target position
2026-02-12 12:29:19,176 - Drone_5 - INFO - Drone 5: Flying to {'x': 428.2364512296905, 'y': -147.31454356387997, 'z': 1145.4303011894226}
2026-02-12 12:29:19,599 - Drone_5 - INFO - Drone 5: Reached target position
2026-02-12 12:29:20,178 - Drone_5 - INFO - Drone 5: Flying to {'x': 420.15670086680313, 'y': -143.83090114040763, 'z': 1145.4303011894226}
2026-02-12 12:29:20,607 - Drone_5 - INFO - Drone 5: Reached target position
2026-02-12 12:29:21,181 - Drone_5 - INFO - Drone 5: Flying to {'x': 412.29879528999516, 'y': -140.07406944388697, 'z': 1145.4303011894226}
2026-02-12 12:29:21,612 - Drone_5 - INFO - Drone 5: Reached target position
2026-02-12 12:29:22,184 - Drone_5 - INFO - Drone 5: Flying to {'x': 404.6657806000573, 'y': -136.0596468837751, 'z': 1145.4303011894226}
2026-02-12 12:29:22,517 - Drone_5 - INFO - Drone 5: Reached target position
2026-02-12 12:29:23,187 - Drone_5 - INFO - Drone 5: Flying to {'x': 397.26095831749524, 'y': -131.8078195571495, 'z': 1145.4303011894226}
2026-02-12 12:29:23,524 - Drone_5 - INFO - Drone 5: Reached target position
2026-02-12 12:29:24,190 - Drone_5 - INFO - Drone 5: Flying to {'x': 390.0682579182374, 'y': -127.33093173242156, 'z': 1145.4303011894226}
2026-02-12 12:29:24,510 - Drone_5 - INFO - Drone 5: Reached target position
2026-02-12 12:29:25,193 - Drone_5 - INFO - Drone 5: Flying to {'x': 383.22656377633933, 'y': -122.74871425540229, 'z': 1145.4303011894226}
2026-02-12 12:29:25,516 - Drone_5 - INFO - Drone 5: Reached target position
2026-02-12 12:29:26,196 - Drone_5 - INFO - Drone 5: Flying to {'x': 376.4857176520134, 'y': -117.92673148166524, 'z': 1145.4303011894226}
2026-02-12 12:29:26,521 - Drone_5 - INFO - Drone 5: Reached target position
2026-02-12 12:29:27,200 - Drone_5 - INFO - Drone 5: Flying to {'x': 369.94142055947844, 'y': -112.95618614110043, 'z': 1145.4303011894226}
2026-02-12 12:29:27,528 - Drone_5 - INFO - Drone 5: Reached target position
2026-02-12 12:29:28,203 - Drone_5 - INFO - Drone 5: Flying to {'x': 363.58252542404665, 'y': -107.86228054467534, 'z': 1145.4303011894226}
2026-02-12 12:29:28,433 - Drone_5 - INFO - Drone 5: Reached target position
2026-02-12 12:29:29,207 - Drone_5 - INFO - Drone 5: Flying to {'x': 357.380464918622, 'y': -102.65667216326372, 'z': 1145.4303011894226}
2026-02-12 12:29:29,438 - Drone_5 - INFO - Drone 5: Reached target position
2026-02-12 12:29:30,210 - Drone_5 - INFO - Drone 5: Flying to {'x': 351.3366925132083, 'y': -97.37631215176359, 'z': 1145.4303011894226}
2026-02-12 12:29:30,445 - Drone_5 - INFO - Drone 5: Reached target position
2026-02-12 12:29:31,213 - Drone_5 - INFO - Drone 5: Flying to {'x': 345.40128253821877, 'y': -92.01303590167828, 'z': 1145.4303011894226}
2026-02-12 12:29:31,405 - Drone_5 - INFO - Drone 5: Flying to {'x': 261.7105463543923, 'y': -29.781717240676702, 'z': 1145.4303011894226}
2026-02-12 12:29:32,215 - Drone_5 - INFO - Drone 5: Flying to {'x': 339.5830382598947, 'y': -86.60984450888745, 'z': 1145.4303011894226}
2026-02-12 12:29:32,557 - Drone_5 - INFO - Drone 5: Reached target position
2026-02-12 12:29:33,218 - Drone_5 - INFO - Drone 5: Flying to {'x': 333.84882704185486, 'y': -81.17089214779119, 'z': 1145.4303011894226}
2026-02-12 12:29:33,463 - Drone_5 - INFO - Drone 5: Reached target position
2026-02-12 12:29:34,220 - Drone_5 - INFO - Drone 5: Flying to {'x': 328.19136688520706, 'y': -75.72282151768619, 'z': 1145.4303011894226}
2026-02-12 12:29:34,471 - Drone_5 - INFO - Drone 5: Reached target position
2026-02-12 12:29:35,222 - Drone_5 - INFO - Drone 5: Flying to {'x': 322.59137603208546, 'y': -70.27922128388823, 'z': 1145.4303011894226}
2026-02-12 12:29:35,476 - Drone_5 - INFO - Drone 5: Reached target position
2026-02-12 12:29:36,226 - Drone_5 - INFO - Drone 5: Flying to {'x': 317.01308667833626, 'y': -64.83542308148763, 'z': 1145.4303011894226}
2026-02-12 12:29:36,485 - Drone_5 - INFO - Drone 5: Reached target position
2026-02-12 12:29:37,229 - Drone_5 - INFO - Drone 5: Flying to {'x': 311.4441144443202, 'y': -59.407511169805225, 'z': 1145.4303011894226}
2026-02-12 12:29:37,490 - Drone_5 - INFO - Drone 5: Reached target position
2026-02-12 12:29:38,233 - Drone_5 - INFO - Drone 5: Flying to {'x': 305.8768867972311, 'y': -54.01434867724121, 'z': 1145.4303011894226}
2026-02-12 12:29:38,497 - Drone_5 - INFO - Drone 5: Reached target position
2026-02-12 12:29:39,235 - Drone_5 - INFO - Drone 5: Flying to {'x': 300.2935702354103, 'y': -48.662832509023566, 'z': 1145.4303011894226}
2026-02-12 12:29:39,503 - Drone_5 - INFO - Drone 5: Reached target position
2026-02-12 12:29:40,236 - Drone_5 - INFO - Drone 5: Flying to {'x': 294.682615996622, 'y': -43.36399280859803, 'z': 1145.4303011894226}
2026-02-12 12:29:40,509 - Drone_5 - INFO - Drone 5: Reached target position
2026-02-12 12:29:41,239 - Drone_5 - INFO - Drone 5: Flying to {'x': 289.02721914493435, 'y': -38.12214003747839, 'z': 1145.4303011894226}
2026-02-12 12:29:41,517 - Drone_5 - INFO - Drone 5: Reached target position
2026-02-12 12:29:42,242 - Drone_5 - INFO - Drone 5: Flying to {'x': 283.3219743575795, 'y': -32.950482227986164, 'z': 1145.4303011894226}
2026-02-12 12:29:42,525 - Drone_5 - INFO - Drone 5: Reached target position
2026-02-12 12:29:43,245 - Drone_5 - INFO - Drone 5: Flying to {'x': 277.5605293261451, 'y': -27.85937424568393, 'z': 1145.4303011894226}
2026-02-12 12:29:43,532 - Drone_5 - INFO - Drone 5: Reached target position
2026-02-12 12:29:44,249 - Drone_5 - INFO - Drone 5: Flying to {'x': 271.73714928539073, 'y': -22.85789429973248, 'z': 1145.4303011894226}
2026-02-12 12:29:44,612 - Drone_5 - INFO - Drone 5: Reached target position
2026-02-12 12:29:45,254 - Drone_5 - INFO - Drone 5: Flying to {'x': 265.87276155867016, 'y': -17.977750606067996, 'z': 1145.4303011894226}
2026-02-12 12:29:45,517 - Drone_5 - INFO - Drone 5: Reached target position
2026-02-12 12:29:46,255 - Drone_5 - INFO - Drone 5: Flying to {'x': 259.8791814010387, 'y': -13.152530006645527, 'z': 1145.4303011894226}
2026-02-12 12:29:46,523 - Drone_5 - INFO - Drone 5: Reached target position
2026-02-12 12:29:47,257 - Drone_5 - INFO - Drone 5: Flying to {'x': 253.8169929122767, 'y': -8.444824514061935, 'z': 1145.4303011894226}
2026-02-12 12:29:47,529 - Drone_5 - INFO - Drone 5: Reached target position
2026-02-12 12:29:48,260 - Drone_5 - INFO - Drone 5: Flying to {'x': 247.68519375591757, 'y': -3.8610848751701674, 'z': 1145.4303011894226}
2026-02-12 12:29:48,533 - Drone_5 - INFO - Drone 5: Reached target position
2026-02-12 12:29:49,264 - Drone_5 - INFO - Drone 5: Flying to {'x': 241.4660691470643, 'y': 0.6052823516348802, 'z': 1145.4303011894226}
2026-02-12 12:29:49,540 - Drone_5 - INFO - Drone 5: Reached target position
2026-02-12 12:29:50,268 - Drone_5 - INFO - Drone 5: Flying to {'x': 235.16158132609394, 'y': 4.9467806112826125, 'z': 1145.4303011894226}
2026-02-12 12:29:50,545 - Drone_5 - INFO - Drone 5: Reached target position
2026-02-12 12:29:51,272 - Drone_5 - INFO - Drone 5: Flying to {'x': 228.7764170294431, 'y': 9.155410678399093, 'z': 1145.4303011894226}
2026-02-12 12:29:51,552 - Drone_5 - INFO - Drone 5: Reached target position
2026-02-12 12:29:52,275 - Drone_5 - INFO - Drone 5: Flying to {'x': 222.30624071043886, 'y': 13.230099083867369, 'z': 1145.4303011894226}
2026-02-12 12:29:52,561 - Drone_5 - INFO - Drone 5: Reached target position
2026-02-12 12:29:53,277 - Drone_5 - INFO - Drone 5: Flying to {'x': 215.74516443928303, 'y': 17.170858418468978, 'z': 1145.4303011894226}
2026-02-12 12:29:53,567 - Drone_5 - INFO - Drone 5: Reached target position
2026-02-12 12:29:54,279 - Drone_5 - INFO - Drone 5: Flying to {'x': 209.09956460659376, 'y': 20.97076242071396, 'z': 1145.4303011894226}
2026-02-12 12:29:54,573 - Drone_5 - INFO - Drone 5: Reached target position
2026-02-12 12:29:55,282 - Drone_5 - INFO - Drone 5: Flying to {'x': 203.03758186916374, 'y': 24.272846982877493, 'z': 1145.4303011894226}
2026-02-12 12:29:55,579 - Drone_5 - INFO - Drone 5: Reached target position
2026-02-12 12:29:56,285 - Drone_5 - INFO - Drone 5: Flying to {'x': 196.245205324452, 'y': 27.791577045167628, 'z': 1145.4303011894226}
2026-02-12 12:29:56,686 - Drone_5 - INFO - Drone 5: Reached target position
2026-02-12 12:29:57,288 - Drone_5 - INFO - Drone 5: Flying to {'x': 189.38537245476488, 'y': 31.155924003708666, 'z': 1145.4303011894226}
2026-02-12 12:29:57,593 - Drone_5 - INFO - Drone 5: Reached target position
2026-02-12 12:29:58,292 - Drone_5 - INFO - Drone 5: Flying to {'x': 182.43206010150985, 'y': 34.377176681097055, 'z': 1145.4303011894226}
2026-02-12 12:29:58,599 - Drone_5 - INFO - Drone 5: Reached target position
2026-02-12 12:29:59,296 - Drone_5 - INFO - Drone 5: Flying to {'x': 175.424268504997, 'y': 37.43650309485879, 'z': 1145.4303011894226}
2026-02-12 12:29:59,606 - Drone_5 - INFO - Drone 5: Reached target position
2026-02-12 12:30:00,298 - Drone_5 - INFO - Drone 5: Flying to {'x': 168.3561687892595, 'y': 40.336912287681905, 'z': 1145.4303011894226}
2026-02-12 12:30:00,611 - Drone_5 - INFO - Drone 5: Reached target position
2026-02-12 12:30:01,302 - Drone_5 - INFO - Drone 5: Flying to {'x': 161.2299158861106, 'y': 43.07776824361612, 'z': 1145.4303011894226}
2026-02-12 12:30:01,616 - Drone_5 - INFO - Drone 5: Reached target position
2026-02-12 12:30:02,303 - Drone_5 - INFO - Drone 5: Flying to {'x': 154.04973428126755, 'y': 45.65782272794685, 'z': 1145.4303011894226}
2026-02-12 12:30:02,622 - Drone_5 - INFO - Drone 5: Reached target position
2026-02-12 12:30:03,305 - Drone_5 - INFO - Drone 5: Flying to {'x': 146.81422542632797, 'y': 48.07789771965935, 'z': 1145.4303011894226}
2026-02-12 12:30:03,628 - Drone_5 - INFO - Drone 5: Reached target position
2026-02-12 12:30:04,308 - Drone_5 - INFO - Drone 5: Flying to {'x': 139.53503619649965, 'y': 50.33463546252218, 'z': 1145.4303011894226}
2026-02-12 12:30:04,635 - Drone_5 - INFO - Drone 5: Reached target position
2026-02-12 12:30:05,312 - Drone_5 - INFO - Drone 5: Flying to {'x': 132.27814034786033, 'y': 52.40870963953364, 'z': 1145.4303011894226}
2026-02-12 12:30:05,631 - Drone_5 - INFO - Drone 5: Reached target position
2026-02-12 12:30:06,316 - Drone_5 - INFO - Drone 5: Flying to {'x': 124.91225022955997, 'y': 54.34220050265978, 'z': 1145.4303011894226}
2026-02-12 12:30:06,637 - Drone_5 - INFO - Drone 5: Reached target position
2026-02-12 12:30:07,320 - Drone_5 - INFO - Drone 5: Flying to {'x': 117.50487656457368, 'y': 56.1133740282699, 'z': 1145.4303011894226}
2026-02-12 12:30:07,744 - Drone_5 - INFO - Drone 5: Reached target position
2026-02-12 12:30:08,323 - Drone_5 - INFO - Drone 5: Flying to {'x': 110.05593159528433, 'y': 57.72243200859443, 'z': 1145.4303011894226}
2026-02-12 12:30:08,750 - Drone_5 - INFO - Drone 5: Reached target position
2026-02-12 12:30:09,325 - Drone_5 - INFO - Drone 5: Flying to {'x': 102.55016203027687, 'y': 59.17205426867458, 'z': 1145.4303011894226}
2026-02-12 12:30:09,756 - Drone_5 - INFO - Drone 5: Reached target position
2026-02-12 12:30:10,327 - Drone_5 - INFO - Drone 5: Flying to {'x': 95.03509637091035, 'y': 60.453419515828685, 'z': 1145.4303011894226}
2026-02-12 12:30:10,765 - Drone_5 - INFO - Drone 5: Reached target position
2026-02-12 12:30:11,331 - Drone_5 - INFO - Drone 5: Flying to {'x': 87.51779315585675, 'y': 61.56719628043273, 'z': 1145.4303011894226}
2026-02-12 12:30:11,771 - Drone_5 - INFO - Drone 5: Reached target position
2026-02-12 12:30:12,335 - Drone_5 - INFO - Drone 5: Flying to {'x': 79.96788194624196, 'y': 62.51864101666029, 'z': 1145.4303011894226}
2026-02-12 12:30:12,777 - Drone_5 - INFO - Drone 5: Reached target position
2026-02-12 12:30:13,337 - Drone_5 - INFO - Drone 5: Flying to {'x': 72.415155426064, 'y': 63.304607808823945, 'z': 1145.4303011894226}
2026-02-12 12:30:13,784 - Drone_5 - INFO - Drone 5: Reached target position
2026-02-12 12:30:14,339 - Drone_5 - INFO - Drone 5: Flying to {'x': 64.85213680669384, 'y': 63.92692334699731, 'z': 1145.4303011894226}
2026-02-12 12:30:14,790 - Drone_5 - INFO - Drone 5: Reached target position
2026-02-12 12:30:15,343 - Drone_5 - INFO - Drone 5: Flying to {'x': 57.277250661833776, 'y': 64.38627648036086, 'z': 1145.4303011894226}
2026-02-12 12:30:15,798 - Drone_5 - INFO - Drone 5: Reached target position
2026-02-12 12:30:16,347 - Drone_5 - INFO - Drone 5: Flying to {'x': 49.70415084690656, 'y': 64.68264460516399, 'z': 1145.4303011894226}
2026-02-12 12:30:16,805 - Drone_5 - INFO - Drone 5: Reached target position
2026-02-12 12:30:17,350 - Drone_5 - INFO - Drone 5: Flying to {'x': 42.13880320618184, 'y': 64.81707118649513, 'z': 1145.4303011894226}
2026-02-12 12:30:17,811 - Drone_5 - INFO - Drone 5: Reached target position
2026-02-12 12:30:18,355 - Drone_5 - INFO - Drone 5: Flying to {'x': 34.56863421895251, 'y': 64.79069129141186, 'z': 1145.4303011894226}
2026-02-12 12:30:18,818 - Drone_5 - INFO - Drone 5: Reached target position
2026-02-12 12:30:19,357 - Drone_5 - INFO - Drone 5: Flying to {'x': 27.010530253582438, 'y': 64.60461400962342, 'z': 1145.4303011894226}
2026-02-12 12:30:19,824 - Drone_5 - INFO - Drone 5: Reached target position
2026-02-12 12:30:20,359 - Drone_5 - INFO - Drone 5: Flying to {'x': 19.444693183371378, 'y': 64.25919894483455, 'z': 1145.4303011894226}
2026-02-12 12:30:20,831 - Drone_5 - INFO - Drone 5: Reached target position
2026-02-12 12:30:21,361 - Drone_5 - INFO - Drone 5: Flying to {'x': 11.904235988614328, 'y': 63.75738645916948, 'z': 1145.4303011894226}
2026-02-12 12:30:21,837 - Drone_5 - INFO - Drone 5: Reached target position
2026-02-12 12:30:22,364 - Drone_5 - INFO - Drone 5: Flying to {'x': 4.364001604543871, 'y': 63.099074306293545, 'z': 1145.4303011894226}
2026-02-12 12:30:22,844 - Drone_5 - INFO - Drone 5: Reached target position
2026-02-12 12:30:23,366 - Drone_5 - INFO - Drone 5: Flying to {'x': -3.1487862940545632, 'y': 62.28848401541262, 'z': 1145.4303011894226}
2026-02-12 12:30:23,950 - Drone_5 - INFO - Drone 5: Reached target position
2026-02-12 12:30:24,367 - Drone_5 - INFO - Drone 5: Flying to {'x': -10.654057874116548, 'y': 61.325414487614985, 'z': 1145.4303011894226}
2026-02-12 12:30:25,055 - Drone_5 - INFO - Drone 5: Reached target position
2026-02-12 12:30:25,369 - Drone_5 - INFO - Drone 5: Flying to {'x': -18.16111602403832, 'y': 60.204260987706554, 'z': 1145.4303011894226}
2026-02-12 12:30:25,962 - Drone_5 - INFO - Drone 5: Reached target position
2026-02-12 12:30:26,371 - Drone_5 - INFO - Drone 5: Flying to {'x': -25.671325914724804, 'y': 58.93606594191516, 'z': 1145.4303011894226}
2026-02-12 12:30:26,970 - Drone_5 - INFO - Drone 5: Reached target position
2026-02-12 12:30:27,373 - Drone_5 - INFO - Drone 5: Flying to {'x': -33.044700976957444, 'y': 57.13908678342772, 'z': 1145.4303011894226}
2026-02-12 12:30:27,877 - Drone_5 - INFO - Drone 5: Reached target position
2026-02-12 12:30:28,374 - Drone_5 - INFO - Drone 5: Flying to {'x': -39.961034486676645, 'y': 56.099911179386766, 'z': 1145.4303011894226}
2026-02-12 12:30:28,781 - Drone_5 - INFO - Drone 5: Reached target position
2026-02-12 12:30:29,375 - Drone_5 - INFO - Drone 5: Flying to {'x': -47.50344012183269, 'y': 54.37242111637543, 'z': 1145.4303011894226}
2026-02-12 12:30:29,887 - Drone_5 - INFO - Drone 5: Reached target position
2026-02-12 12:30:30,378 - Drone_5 - INFO - Drone 5: Flying to {'x': -55.11060558219555, 'y': 52.45692561150036, 'z': 1145.4303011894226}
2026-02-12 12:30:30,894 - Drone_5 - INFO - Drone 5: Reached target position
2026-02-12 12:30:31,382 - Drone_5 - INFO - Drone 5: Flying to {'x': -62.76696413349404, 'y': 50.33542185823062, 'z': 1145.4303011894226}
2026-02-12 12:30:31,900 - Drone_5 - INFO - Drone 5: Reached target position
2026-02-12 12:30:32,385 - Drone_5 - INFO - Drone 5: Flying to {'x': -70.491816734856, 'y': 47.96783543182946, 'z': 1145.4303011894226}
2026-02-12 12:30:32,909 - Drone_5 - INFO - Drone 5: Reached target position
2026-02-12 12:30:33,388 - Drone_5 - INFO - Drone 5: Flying to {'x': -78.31643040801586, 'y': 45.28941083664344, 'z': 1145.4303011894226}
2026-02-12 12:30:33,916 - Drone_5 - INFO - Drone 5: Reached target position
2026-02-12 12:30:34,389 - Drone_5 - INFO - Drone 5: Flying to {'x': -86.20625833401655, 'y': 42.23216287995262, 'z': 1145.4303011894226}
2026-02-12 12:30:35,023 - Drone_5 - INFO - Drone 5: Reached target position
2026-02-12 12:30:35,391 - Drone_5 - INFO - Drone 5: Flying to {'x': -94.12307003254332, 'y': 38.70272338648601, 'z': 1145.4303011894226}
2026-02-12 12:30:36,030 - Drone_5 - INFO - Drone 5: Reached target position
2026-02-12 12:30:36,395 - Drone_5 - INFO - Drone 5: Flying to {'x': -102.01494504869044, 'y': 34.580820139899664, 'z': 1145.4303011894226}
2026-02-12 12:30:37,036 - Drone_5 - INFO - Drone 5: Reached target position
2026-02-12 12:30:37,398 - Drone_5 - INFO - Drone 5: Flying to {'x': -109.7187075540913, 'y': 29.778804261426533, 'z': 1145.4303011894226}
2026-02-12 12:30:38,041 - Drone_5 - INFO - Drone 5: Reached target position
2026-02-12 12:30:38,402 - Drone_5 - INFO - Drone 5: Flying to {'x': -117.07330940873561, 'y': 24.202164802273575, 'z': 1145.4303011894226}
2026-02-12 12:30:39,049 - Drone_5 - INFO - Drone 5: Reached target position
2026-02-12 12:30:39,404 - Drone_5 - INFO - Drone 5: Flying to {'x': -123.8329327263759, 'y': 17.834762693563142, 'z': 1145.4303011894226}
2026-02-12 12:30:40,156 - Drone_5 - INFO - Drone 5: Reached target position
2026-02-12 12:30:40,405 - Drone_5 - INFO - Drone 5: Flying to {'x': -129.7503831747316, 'y': 10.726799847995302, 'z': 1145.4303011894226}
2026-02-12 12:30:41,062 - Drone_5 - INFO - Drone 5: Reached target position
2026-02-12 12:30:41,408 - Drone_5 - INFO - Drone 5: Flying to {'x': -134.61139649047254, 'y': 2.991104681266542, 'z': 1145.4303011894226}
2026-02-12 12:30:42,169 - Drone_5 - INFO - Drone 5: Reached target position
2026-02-12 12:30:42,412 - Drone_5 - INFO - Drone 5: Flying to {'x': -138.2495845617205, 'y': -5.188401322000432, 'z': 1145.4303011894226}
2026-02-12 12:30:43,177 - Drone_5 - INFO - Drone 5: Reached target position
2026-02-12 12:30:43,415 - Drone_5 - INFO - Drone 5: Flying to {'x': -140.5801849483272, 'y': -13.599611376220228, 'z': 1145.4303011894226}
2026-02-12 12:30:44,084 - Drone_5 - INFO - Drone 5: Reached target position
2026-02-12 12:30:44,418 - Drone_5 - INFO - Drone 5: Flying to {'x': -141.59879193296962, 'y': -22.01529927814329, 'z': 1145.4303011894226}
2026-02-12 12:30:45,273 - Drone_5 - INFO - Drone 5: Reached target position
2026-02-12 12:30:45,421 - Drone_5 - INFO - Drone 5: Flying to {'x': -141.36939069025692, 'y': -30.221176314284477, 'z': 1145.4303011894226}
2026-02-12 12:30:46,079 - Drone_5 - INFO - Drone 5: Reached target position
2026-02-12 12:30:46,423 - Drone_5 - INFO - Drone 5: Flying to {'x': -140.01762451407754, 'y': -38.16854705187528, 'z': 1145.4303011894226}
2026-02-12 12:30:47,186 - Drone_5 - INFO - Drone 5: Reached target position
2026-02-12 12:30:47,427 - Drone_5 - INFO - Drone 5: Flying to {'x': -137.66288132515047, 'y': -45.713760013331914, 'z': 1145.4303011894226}
2026-02-12 12:30:48,092 - Drone_5 - INFO - Drone 5: Reached target position
2026-02-12 12:30:48,429 - Drone_5 - INFO - Drone 5: Flying to {'x': -134.43499555869732, 'y': -52.81126466183904, 'z': 1145.4303011894226}
2026-02-12 12:30:49,201 - Drone_5 - INFO - Drone 5: Reached target position
2026-02-12 12:30:49,431 - Drone_5 - INFO - Drone 5: Flying to {'x': -130.4656353551549, 'y': -59.42312860044218, 'z': 1145.4303011894226}
2026-02-12 12:30:50,106 - Drone_5 - INFO - Drone 5: Reached target position
2026-02-12 12:30:50,434 - Drone_5 - INFO - Drone 5: Flying to {'x': -125.88051898701178, 'y': -65.53261225546795, 'z': 1145.4303011894226}
2026-02-12 12:30:51,113 - Drone_5 - INFO - Drone 5: Reached target position
2026-02-12 12:30:51,436 - Drone_5 - INFO - Drone 5: Flying to {'x': -120.7679119142096, 'y': -71.16708616861455, 'z': 1145.4303011894226}
2026-02-12 12:30:52,120 - Drone_5 - INFO - Drone 5: Reached target position
2026-02-12 12:30:52,439 - Drone_5 - INFO - Drone 5: Flying to {'x': -115.2286205932957, 'y': -76.32878000969154, 'z': 1145.4303011894226}
2026-02-12 12:30:53,126 - Drone_5 - INFO - Drone 5: Reached target position
2026-02-12 12:30:53,441 - Drone_5 - INFO - Drone 5: Flying to {'x': -109.32228142982574, 'y': -81.05271310610976, 'z': 1145.4303011894226}
2026-02-12 12:30:54,132 - Drone_5 - INFO - Drone 5: Reached target position
2026-02-12 12:30:54,445 - Drone_5 - INFO - Drone 5: Flying to {'x': -103.11404526334498, 'y': -85.35831219775608, 'z': 1145.4303011894226}
2026-02-12 12:30:55,140 - Drone_5 - INFO - Drone 5: Reached target position
2026-02-12 12:30:55,446 - Drone_5 - INFO - Drone 5: Flying to {'x': -96.65028866022529, 'y': -89.27190413842825, 'z': 1145.4303011894226}
2026-02-12 12:30:56,145 - Drone_5 - INFO - Drone 5: Reached target position
2026-02-12 12:30:56,450 - Drone_5 - INFO - Drone 5: Flying to {'x': -89.97401712190565, 'y': -92.81522274943632, 'z': 1145.4303011894226}
2026-02-12 12:30:57,152 - Drone_5 - INFO - Drone 5: Reached target position
2026-02-12 12:30:57,452 - Drone_5 - INFO - Drone 5: Flying to {'x': -83.12749703568282, 'y': -96.0062436408937, 'z': 1145.4303011894226}
2026-02-12 12:30:58,058 - Drone_5 - INFO - Drone 5: Reached target position
2026-02-12 12:30:58,454 - Drone_5 - INFO - Drone 5: Flying to {'x': -76.12693293654002, 'y': -98.87052232033719, 'z': 1145.4303011894226}
2026-02-12 12:30:59,066 - Drone_5 - INFO - Drone 5: Reached target position
2026-02-12 12:30:59,455 - Drone_5 - INFO - Drone 5: Flying to {'x': -69.71349450819656, 'y': -101.18338805857476, 'z': 1145.4303011894226}
2026-02-12 12:31:00,074 - Drone_5 - INFO - Drone 5: Reached target position
2026-02-12 12:31:00,457 - Drone_5 - INFO - Drone 5: Flying to {'x': -62.49960013578944, 'y': -103.46715318055858, 'z': 1145.4303011894226}
2026-02-12 12:31:01,080 - Drone_5 - INFO - Drone 5: Reached target position
2026-02-12 12:31:01,459 - Drone_5 - INFO - Drone 5: Flying to {'x': -55.19789290723794, 'y': -105.46821304309925, 'z': 1145.4303011894226}
2026-02-12 12:31:02,086 - Drone_5 - INFO - Drone 5: Reached target position
2026-02-12 12:31:02,464 - Drone_5 - INFO - Drone 5: Flying to {'x': -47.83014895092022, 'y': -107.19781728775057, 'z': 1145.4303011894226}
2026-02-12 12:31:03,093 - Drone_5 - INFO - Drone 5: Reached target position
2026-02-12 12:31:03,468 - Drone_5 - INFO - Drone 5: Flying to {'x': -40.40858544137149, 'y': -108.66802746365983, 'z': 1145.4303011894226}
2026-02-12 12:31:04,100 - Drone_5 - INFO - Drone 5: Reached target position
2026-02-12 12:31:04,470 - Drone_5 - INFO - Drone 5: Flying to {'x': -32.92270981533488, 'y': -109.8924304770784, 'z': 1145.4303011894226}
2026-02-12 12:31:05,105 - Drone_5 - INFO - Drone 5: Reached target position
2026-02-12 12:31:05,473 - Drone_5 - INFO - Drone 5: Flying to {'x': -25.413062987921407, 'y': -110.87471833567574, 'z': 1145.4303011894226}
2026-02-12 12:31:06,112 - Drone_5 - INFO - Drone 5: Reached target position
2026-02-12 12:31:06,476 - Drone_5 - INFO - Drone 5: Flying to {'x': -17.881461414539046, 'y': -111.62447748327489, 'z': 1145.4303011894226}
2026-02-12 12:31:07,118 - Drone_5 - INFO - Drone 5: Reached target position
2026-02-12 12:31:07,479 - Drone_5 - INFO - Drone 5: Flying to {'x': -10.32245636852302, 'y': -112.14976576922749, 'z': 1145.4303011894226}
2026-02-12 12:31:08,124 - Drone_5 - INFO - Drone 5: Reached target position
2026-02-12 12:31:08,480 - Drone_5 - INFO - Drone 5: Flying to {'x': -2.7698691473953723, 'y': -112.45531126751442, 'z': 1145.4303011894226}
2026-02-12 12:31:09,129 - Drone_5 - INFO - Drone 5: Reached target position
2026-02-12 12:31:09,482 - Drone_5 - INFO - Drone 5: Flying to {'x': 4.805640806179685, 'y': -112.54783993945861, 'z': 1145.4303011894226}
2026-02-12 12:31:10,136 - Drone_5 - INFO - Drone 5: Reached target position
2026-02-12 12:31:10,485 - Drone_5 - INFO - Drone 5: Flying to {'x': 12.360745567623619, 'y': -112.43177239715226, 'z': 1145.4303011894226}
2026-02-12 12:31:11,141 - Drone_5 - INFO - Drone 5: Reached target position
2026-02-12 12:31:11,488 - Drone_5 - INFO - Drone 5: Flying to {'x': 19.903537354186227, 'y': -112.11201352980376, 'z': 1145.4303011894226}
2026-02-12 12:31:12,147 - Drone_5 - INFO - Drone 5: Reached target position
2026-02-12 12:31:12,492 - Drone_5 - INFO - Drone 5: Flying to {'x': 27.4526888675245, 'y': -111.59058168531615, 'z': 1145.4303011894226}
2026-02-12 12:31:13,154 - Drone_5 - INFO - Drone 5: Reached target position
2026-02-12 12:31:13,495 - Drone_5 - INFO - Drone 5: Flying to {'x': 34.972117934048896, 'y': -110.87264887896944, 'z': 1145.4303011894226}
2026-02-12 12:31:14,161 - Drone_5 - INFO - Drone 5: Reached target position
2026-02-12 12:31:14,497 - Drone_5 - INFO - Drone 5: Flying to {'x': 42.476433163555775, 'y': -109.95926148995548, 'z': 1145.4303011894226}
2026-02-12 12:31:15,168 - Drone_5 - INFO - Drone 5: Reached target position
2026-02-12 12:31:15,498 - Drone_5 - INFO - Drone 5: Flying to {'x': 49.96704775837075, 'y': -108.85119929117016, 'z': 1145.4303011894226}
2026-02-12 12:31:16,174 - Drone_5 - INFO - Drone 5: Reached target position
2026-02-12 12:31:16,501 - Drone_5 - INFO - Drone 5: Flying to {'x': 57.40721124962403, 'y': -107.55547886013622, 'z': 1145.4303011894226}
2026-02-12 12:31:17,182 - Drone_5 - INFO - Drone 5: Reached target position
2026-02-12 12:31:17,504 - Drone_5 - INFO - Drone 5: Flying to {'x': 64.8159576085714, 'y': -106.06992949043996, 'z': 1145.4303011894226}
2026-02-12 12:31:18,188 - Drone_5 - INFO - Drone 5: Reached target position
2026-02-12 12:31:18,507 - Drone_5 - INFO - Drone 5: Flying to {'x': 72.1933888794552, 'y': -104.39395262740297, 'z': 1145.4303011894226}
2026-02-12 12:31:19,200 - Drone_5 - INFO - Drone 5: Reached target position
2026-02-12 12:31:19,511 - Drone_5 - INFO - Drone 5: Flying to {'x': 79.53554115718399, 'y': -102.52682454896492, 'z': 1145.4303011894226}
2026-02-12 12:31:20,207 - Drone_5 - INFO - Drone 5: Reached target position
2026-02-12 12:31:20,513 - Drone_5 - INFO - Drone 5: Flying to {'x': 86.85374412020383, 'y': -100.4621475983042, 'z': 1145.4303011894226}
2026-02-12 12:31:21,214 - Drone_5 - INFO - Drone 5: Reached target position
2026-02-12 12:31:21,514 - Drone_5 - INFO - Drone 5: Flying to {'x': 94.11362343030234, 'y': -98.20535605621941, 'z': 1145.4303011894226}
2026-02-12 12:31:22,019 - Drone_5 - INFO - Drone 5: Reached target position
2026-02-12 12:31:22,517 - Drone_5 - INFO - Drone 5: Flying to {'x': 101.33967333005, 'y': -95.74215437048937, 'z': 1145.4303011894226}
2026-02-12 12:31:23,125 - Drone_5 - INFO - Drone 5: Reached target position
2026-02-12 12:31:23,520 - Drone_5 - INFO - Drone 5: Flying to {'x': 108.52090824992393, 'y': -93.06578563440556, 'z': 1145.4303011894226}
2026-02-12 12:31:24,031 - Drone_5 - INFO - Drone 5: Reached target position
2026-02-12 12:31:24,523 - Drone_5 - INFO - Drone 5: Flying to {'x': 115.65491897900095, 'y': -90.16263413446632, 'z': 1145.4303011894226}
2026-02-12 12:31:25,137 - Drone_5 - INFO - Drone 5: Reached target position
2026-02-12 12:31:25,527 - Drone_5 - INFO - Drone 5: Flying to {'x': 122.74414500987913, 'y': -87.01096930421723, 'z': 1145.4303011894226}
2026-02-12 12:31:26,043 - Drone_5 - INFO - Drone 5: Reached target position
2026-02-12 12:31:26,530 - Drone_5 - INFO - Drone 5: Flying to {'x': 129.78251738075502, 'y': -83.58468454610387, 'z': 1145.4303011894226}
2026-02-12 12:31:27,150 - Drone_5 - INFO - Drone 5: Reached target position
2026-02-12 12:31:27,532 - Drone_5 - INFO - Drone 5: Flying to {'x': 136.7489281389133, 'y': -79.85606533147882, 'z': 1145.4303011894226}
2026-02-12 12:31:28,055 - Drone_5 - INFO - Drone 5: Reached target position
2026-02-12 12:31:28,534 - Drone_5 - INFO - Drone 5: Flying to {'x': 143.61229540525937, 'y': -75.79347352625315, 'z': 1145.4303011894226}
2026-02-12 12:31:29,163 - Drone_5 - INFO - Drone 5: Reached target position
2026-02-12 12:31:29,538 - Drone_5 - INFO - Drone 5: Flying to {'x': 150.34408543317448, 'y': -71.35247666359265, 'z': 1145.4303011894226}
2026-02-12 12:31:30,069 - Drone_5 - INFO - Drone 5: Reached target position
2026-02-12 12:31:30,542 - Drone_5 - INFO - Drone 5: Flying to {'x': 156.8818503329706, 'y': -66.49966869468093, 'z': 1145.4303011894226}
2026-02-12 12:31:31,176 - Drone_5 - INFO - Drone 5: Reached target position
2026-02-12 12:31:31,546 - Drone_5 - INFO - Drone 5: Flying to {'x': 163.16631721662503, 'y': -61.19030402345112, 'z': 1145.4303011894226}
2026-02-12 12:31:32,083 - Drone_5 - INFO - Drone 5: Reached target position
2026-02-12 12:31:32,554 - Drone_5 - INFO - Drone 5: Flying to {'x': 169.10157141742178, 'y': -55.40417215798422, 'z': 1145.4303011894226}
2026-02-12 12:31:33,089 - Drone_5 - INFO - Drone 5: Reached target position
2026-02-12 12:31:33,558 - Drone_5 - INFO - Drone 5: Flying to {'x': 174.57950888260717, 'y': -49.13921435233913, 'z': 1145.4303011894226}
2026-02-12 12:31:34,096 - Drone_5 - INFO - Drone 5: Reached target position
2026-02-12 12:31:34,560 - Drone_5 - INFO - Drone 5: Flying to {'x': 179.48714193909905, 'y': -42.41671183531217, 'z': 1145.4303011894226}
2026-02-12 12:31:35,102 - Drone_5 - INFO - Drone 5: Reached target position
2026-02-12 12:31:35,563 - Drone_5 - INFO - Drone 5: Flying to {'x': 183.7157858828297, 'y': -35.28466739070595, 'z': 1145.4303011894226}
2026-02-12 12:31:36,110 - Drone_5 - INFO - Drone 5: Reached target position
2026-02-12 12:31:36,567 - Drone_5 - INFO - Drone 5: Flying to {'x': 186.57557517921296, 'y': -27.8115281417956, 'z': 1145.4303011894226}
2026-02-12 12:31:37,017 - Drone_5 - INFO - Drone 5: Reached target position
2026-02-12 12:31:37,570 - Drone_5 - INFO - Drone 5: Flying to {'x': 189.5741163419683, 'y': -20.84878854036313, 'z': 1145.4303011894226}
2026-02-12 12:31:38,023 - Drone_5 - INFO - Drone 5: Reached target position
2026-02-12 12:31:38,574 - Drone_5 - INFO - Drone 5: Flying to {'x': 191.39903098846327, 'y': -12.971121043562317, 'z': 1145.4303011894226}
2026-02-12 12:31:39,030 - Drone_5 - INFO - Drone 5: Reached target position
2026-02-12 12:31:39,575 - Drone_5 - INFO - Drone 5: Flying to {'x': 192.328629762632, 'y': -5.035825331831749, 'z': 1145.4303011894226}
2026-02-12 12:31:40,036 - Drone_5 - INFO - Drone 5: Reached target position
2026-02-12 12:31:40,577 - Drone_5 - INFO - Drone 5: Flying to {'x': 192.37761135651724, 'y': 2.861183599044736, 'z': 1145.4303011894226}
2026-02-12 12:31:40,945 - Drone_5 - INFO - Drone 5: Reached target position
2026-02-12 12:31:41,579 - Drone_5 - INFO - Drone 5: Flying to {'x': 191.58156183197383, 'y': 10.644996849387645, 'z': 1145.4303011894226}
2026-02-12 12:31:41,950 - Drone_5 - INFO - Drone 5: Reached target position
2026-02-12 12:31:42,583 - Drone_5 - INFO - Drone 5: Flying to {'x': 189.99353820634107, 'y': 18.23546237732205, 'z': 1145.4303011894226}
2026-02-12 12:31:42,958 - Drone_5 - INFO - Drone 5: Reached target position
2026-02-12 12:31:43,585 - Drone_5 - INFO - Drone 5: Flying to {'x': 187.6796205024791, 'y': 25.571589467516496, 'z': 1145.4303011894226}
2026-02-12 12:31:43,863 - Drone_5 - INFO - Drone 5: Reached target position
2026-02-12 12:31:44,588 - Drone_5 - INFO - Drone 5: Flying to {'x': 184.71237930437988, 'y': 32.60914097733814, 'z': 1145.4303011894226}
2026-02-12 12:31:44,869 - Drone_5 - INFO - Drone 5: Reached target position
2026-02-12 12:31:45,591 - Drone_5 - INFO - Drone 5: Flying to {'x': 181.1582673207924, 'y': 39.33148494397121, 'z': 1145.4303011894226}
2026-02-12 12:31:45,774 - Drone_5 - INFO - Drone 5: Reached target position
2026-02-12 12:31:46,597 - Drone_5 - INFO - Drone 5: Flying to {'x': 177.08030412167201, 'y': 45.72805601598933, 'z': 1145.4303011894226}
2026-02-12 12:31:46,780 - Drone_5 - INFO - Drone 5: Reached target position
2026-02-12 12:31:47,599 - Drone_5 - INFO - Drone 5: Flying to {'x': 172.54243564397524, 'y': 51.787417440798436, 'z': 1145.4303011894226}
2026-02-12 12:31:47,786 - Drone_5 - INFO - Drone 5: Reached target position
2026-02-12 12:31:48,600 - Drone_5 - INFO - Drone 5: Flying to {'x': 167.59872641069364, 'y': 57.51136393185202, 'z': 1145.4303011894226}
2026-02-12 12:31:48,793 - Drone_5 - INFO - Drone 5: Reached target position
2026-02-12 12:31:49,602 - Drone_5 - INFO - Drone 5: Flying to {'x': 162.302640253403, 'y': 62.90013060643458, 'z': 1145.4303011894226}
2026-02-12 12:31:49,802 - Drone_5 - INFO - Drone 5: Reached target position
2026-02-12 12:31:50,604 - Drone_5 - INFO - Drone 5: Flying to {'x': 156.69543667441292, 'y': 67.9639946105141, 'z': 1145.4303011894226}
2026-02-12 12:31:50,708 - Drone_5 - INFO - Drone 5: Reached target position
2026-02-12 12:31:51,606 - Drone_5 - INFO - Drone 5: Flying to {'x': 150.8180282932959, 'y': 72.70998642853667, 'z': 1145.4303011894226}
2026-02-12 12:31:51,715 - Drone_5 - INFO - Drone 5: Reached target position
2026-02-12 12:31:52,607 - Drone_5 - INFO - Drone 5: Flying to {'x': 144.70668182026202, 'y': 77.14666992316103, 'z': 1145.4303011894226}
2026-02-12 12:31:52,721 - Drone_5 - INFO - Drone 5: Reached target position
2026-02-12 12:31:53,609 - Drone_5 - INFO - Drone 5: Flying to {'x': 138.38300779547458, 'y': 81.28993983996531, 'z': 1145.4303011894226}
2026-02-12 12:31:53,727 - Drone_5 - INFO - Drone 5: Reached target position
2026-02-12 12:31:54,612 - Drone_5 - INFO - Drone 5: Flying to {'x': 131.8665196156255, 'y': 85.15271621400942, 'z': 1145.4303011894226}
2026-02-12 12:31:54,835 - Drone_5 - INFO - Drone 5: Reached target position
2026-02-12 12:31:55,613 - Drone_5 - INFO - Drone 5: Flying to {'x': 125.1798294540131, 'y': 88.74325877138618, 'z': 1145.4303011894226}
2026-02-12 12:31:55,841 - Drone_5 - INFO - Drone 5: Reached target position
2026-02-12 12:31:56,615 - Drone_5 - INFO - Drone 5: Flying to {'x': 118.37148429387452, 'y': 92.05647560234603, 'z': 1145.4303011894226}
2026-02-12 12:31:56,847 - Drone_5 - INFO - Drone 5: Reached target position
2026-02-12 12:31:57,617 - Drone_5 - INFO - Drone 5: Flying to {'x': 111.41533610806408, 'y': 95.12203755671894, 'z': 1145.4303011894226}
2026-02-12 12:31:57,855 - Drone_5 - INFO - Drone 5: Reached target position
2026-02-12 12:31:58,619 - Drone_5 - INFO - Drone 5: Flying to {'x': 104.3664591591971, 'y': 97.93030943262626, 'z': 1145.4303011894226}
2026-02-12 12:31:58,862 - Drone_5 - INFO - Drone 5: Reached target position
2026-02-12 12:31:59,621 - Drone_5 - INFO - Drone 5: Flying to {'x': 97.23822261944068, 'y': 100.4909303643426, 'z': 1145.4303011894226}
2026-02-12 12:31:59,867 - Drone_5 - INFO - Drone 5: Reached target position
2026-02-12 12:32:00,623 - Drone_5 - INFO - Drone 5: Flying to {'x': 90.01716716165846, 'y': 102.82032060406073, 'z': 1145.4303011894226}
2026-02-12 12:32:00,974 - Drone_5 - INFO - Drone 5: Reached target position
2026-02-12 12:32:01,624 - Drone_5 - INFO - Drone 5: Flying to {'x': 82.73141175011041, 'y': 104.91919355499654, 'z': 1145.4303011894226}
2026-02-12 12:32:01,981 - Drone_5 - INFO - Drone 5: Reached target position
2026-02-12 12:32:02,627 - Drone_5 - INFO - Drone 5: Flying to {'x': 75.37348315517302, 'y': 106.79819714354329, 'z': 1145.4303011894226}
2026-02-12 12:32:02,988 - Drone_5 - INFO - Drone 5: Reached target position
2026-02-12 12:32:03,629 - Drone_5 - INFO - Drone 5: Flying to {'x': 67.95070133668152, 'y': 108.46204969041355, 'z': 1145.4303011894226}
2026-02-12 12:32:03,994 - Drone_5 - INFO - Drone 5: Reached target position
2026-02-12 12:32:04,631 - Drone_5 - INFO - Drone 5: Flying to {'x': 60.485185415310916, 'y': 109.91212237061356, 'z': 1145.4303011894226}
2026-02-12 12:32:04,999 - Drone_5 - INFO - Drone 5: Reached target position
2026-02-12 12:32:05,634 - Drone_5 - INFO - Drone 5: Flying to {'x': 53.00106080147533, 'y': 111.15057807248913, 'z': 1145.4303011894226}
2026-02-12 12:32:06,005 - Drone_5 - INFO - Drone 5: Reached target position
2026-02-12 12:32:06,638 - Drone_5 - INFO - Drone 5: Flying to {'x': 45.47703852765364, 'y': 112.18642306306135, 'z': 1145.4303011894226}
2026-02-12 12:32:07,012 - Drone_5 - INFO - Drone 5: Reached target position
2026-02-12 12:32:07,641 - Drone_5 - INFO - Drone 5: Flying to {'x': 37.89165321036752, 'y': 112.82172753971766, 'z': 1145.4303011894226}
2026-02-12 12:32:08,119 - Drone_5 - INFO - Drone 5: Reached target position
2026-02-12 12:32:08,643 - Drone_5 - INFO - Drone 5: Flying to {'x': 31.122782417848647, 'y': 113.60425334561795, 'z': 1145.4303011894226}
2026-02-12 12:32:09,028 - Drone_5 - INFO - Drone 5: Reached target position
2026-02-12 12:32:09,645 - Drone_5 - INFO - Drone 5: Flying to {'x': 23.5355832714352, 'y': 114.06747052528394, 'z': 1145.4303011894226}
2026-02-12 12:32:10,133 - Drone_5 - INFO - Drone 5: Reached target position
2026-02-12 12:32:10,646 - Drone_5 - INFO - Drone 5: Flying to {'x': 15.962042461822648, 'y': 114.33773649673014, 'z': 1145.4303011894226}
2026-02-12 12:32:11,140 - Drone_5 - INFO - Drone 5: Reached target position
2026-02-12 12:32:11,648 - Drone_5 - INFO - Drone 5: Flying to {'x': 8.379392007005906, 'y': 114.41893325494588, 'z': 1145.4303011894226}
2026-02-12 12:32:12,146 - Drone_5 - INFO - Drone 5: Reached target position
2026-02-12 12:32:12,652 - Drone_5 - INFO - Drone 5: Flying to {'x': 0.8082587453476027, 'y': 114.31317532031453, 'z': 1145.4303011894226}
2026-02-12 12:32:13,153 - Drone_5 - INFO - Drone 5: Reached target position
2026-02-12 12:32:13,655 - Drone_5 - INFO - Drone 5: Flying to {'x': -6.756889348064918, 'y': 114.02251351033112, 'z': 1145.4303011894226}
2026-02-12 12:32:14,059 - Drone_5 - INFO - Drone 5: Reached target position
2026-02-12 12:32:14,659 - Drone_5 - INFO - Drone 5: Flying to {'x': -14.346150532694676, 'y': 113.54589323715713, 'z': 1145.4303011894226}
2026-02-12 12:32:15,066 - Drone_5 - INFO - Drone 5: Reached target position
2026-02-12 12:32:15,664 - Drone_5 - INFO - Drone 5: Flying to {'x': -21.892446195013026, 'y': 112.88863344342815, 'z': 1145.4303011894226}
2026-02-12 12:32:16,073 - Drone_5 - INFO - Drone 5: Reached target position
2026-02-12 12:32:16,667 - Drone_5 - INFO - Drone 5: Flying to {'x': -29.409676012047484, 'y': 112.05173751202759, 'z': 1145.4303011894226}
2026-02-12 12:32:17,079 - Drone_5 - INFO - Drone 5: Reached target position
2026-02-12 12:32:17,671 - Drone_5 - INFO - Drone 5: Flying to {'x': -36.90376748948913, 'y': 111.03546555220976, 'z': 1145.4303011894226}
2026-02-12 12:32:18,085 - Drone_5 - INFO - Drone 5: Reached target position
2026-02-12 12:32:18,676 - Drone_5 - INFO - Drone 5: Flying to {'x': -44.365078467556046, 'y': 109.84163952633169, 'z': 1145.4303011894226}
2026-02-12 12:32:19,092 - Drone_5 - INFO - Drone 5: Reached target position
2026-02-12 12:32:19,678 - Drone_5 - INFO - Drone 5: Flying to {'x': -51.791354764825094, 'y': 108.47092559281924, 'z': 1145.4303011894226}
2026-02-12 12:32:20,097 - Drone_5 - INFO - Drone 5: Reached target position
2026-02-12 12:32:20,681 - Drone_5 - INFO - Drone 5: Flying to {'x': -59.17650990060728, 'y': 106.92440096190184, 'z': 1145.4303011894226}
2026-02-12 12:32:21,103 - Drone_5 - INFO - Drone 5: Reached target position
2026-02-12 12:32:21,685 - Drone_5 - INFO - Drone 5: Flying to {'x': -66.54541734326935, 'y': 105.19519973475285, 'z': 1145.4303011894226}
2026-02-12 12:32:22,212 - Drone_5 - INFO - Drone 5: Reached target position
2026-02-12 12:32:22,688 - Drone_5 - INFO - Drone 5: Flying to {'x': -73.88085063108926, 'y': 103.28459626434494, 'z': 1145.4303011894226}
2026-02-12 12:32:23,219 - Drone_5 - INFO - Drone 5: Reached target position
2026-02-12 12:32:23,692 - Drone_5 - INFO - Drone 5: Flying to {'x': -81.16940136457055, 'y': 101.19323742852606, 'z': 1145.4303011894226}
2026-02-12 12:32:24,226 - Drone_5 - INFO - Drone 5: Reached target position
2026-02-12 12:32:24,693 - Drone_5 - INFO - Drone 5: Flying to {'x': -88.41141398636164, 'y': 98.91704734933698, 'z': 1145.4303011894226}
2026-02-12 12:32:25,232 - Drone_5 - INFO - Drone 5: Reached target position
2026-02-12 12:32:25,695 - Drone_5 - INFO - Drone 5: Flying to {'x': -95.61360762970602, 'y': 96.44746826098165, 'z': 1145.4303011894226}
2026-02-12 12:32:26,238 - Drone_5 - INFO - Drone 5: Reached target position
2026-02-12 12:32:26,697 - Drone_5 - INFO - Drone 5: Flying to {'x': -102.78766584327511, 'y': 93.77022914170087, 'z': 1145.4303011894226}
2026-02-12 12:32:27,245 - Drone_5 - INFO - Drone 5: Reached target position
2026-02-12 12:32:27,699 - Drone_5 - INFO - Drone 5: Flying to {'x': -109.90737789008084, 'y': 90.88166577405558, 'z': 1145.4303011894226}
2026-02-12 12:32:28,251 - Drone_5 - INFO - Drone 5: Reached target position
2026-02-12 12:32:28,701 - Drone_5 - INFO - Drone 5: Flying to {'x': -116.97884982413524, 'y': 87.76117097830867, 'z': 1145.4303011894226}
2026-02-12 12:32:29,258 - Drone_5 - INFO - Drone 5: Reached target position
2026-02-12 12:32:29,704 - Drone_5 - INFO - Drone 5: Flying to {'x': -124.00564008770016, 'y': 84.38117842526292, 'z': 1145.4303011894226}
2026-02-12 12:32:30,264 - Drone_5 - INFO - Drone 5: Reached target position
2026-02-12 12:32:30,708 - Drone_5 - INFO - Drone 5: Flying to {'x': -130.9701857820797, 'y': 80.71520658826151, 'z': 1145.4303011894226}
2026-02-12 12:32:31,270 - Drone_5 - INFO - Drone 5: Reached target position
2026-02-12 12:32:31,712 - Drone_5 - INFO - Drone 5: Flying to {'x': -137.85260586784383, 'y': 76.72831194150473, 'z': 1145.4303011894226}
2026-02-12 12:32:32,277 - Drone_5 - INFO - Drone 5: Reached target position
2026-02-12 12:32:32,716 - Drone_5 - INFO - Drone 5: Flying to {'x': -144.60906043052026, 'y': 72.38914913722246, 'z': 1145.4303011894226}
2026-02-12 12:32:33,385 - Drone_5 - INFO - Drone 5: Reached target position
2026-02-12 12:32:33,721 - Drone_5 - INFO - Drone 5: Flying to {'x': -151.1950512946677, 'y': 67.65698039286546, 'z': 1145.4303011894226}
2026-02-12 12:32:34,391 - Drone_5 - INFO - Drone 5: Reached target position
2026-02-12 12:32:34,723 - Drone_5 - INFO - Drone 5: Flying to {'x': -157.55170189206476, 'y': 62.4903921473441, 'z': 1145.4303011894226}
2026-02-12 12:32:35,398 - Drone_5 - INFO - Drone 5: Reached target position
2026-02-12 12:32:35,724 - Drone_5 - INFO - Drone 5: Flying to {'x': -163.59748699369615, 'y': 56.85842322982163, 'z': 1145.4303011894226}
2026-02-12 12:32:36,404 - Drone_5 - INFO - Drone 5: Reached target position
2026-02-12 12:32:36,726 - Drone_5 - INFO - Drone 5: Flying to {'x': -169.232015341021, 'y': 50.74741150690386, 'z': 1145.4303011894226}
2026-02-12 12:32:37,410 - Drone_5 - INFO - Drone 5: Reached target position
2026-02-12 12:32:37,727 - Drone_5 - INFO - Drone 5: Flying to {'x': -174.33799090634307, 'y': 44.174932063909935, 'z': 1145.4303011894226}
2026-02-12 12:32:38,418 - Drone_5 - INFO - Drone 5: Reached target position
2026-02-12 12:32:38,730 - Drone_5 - INFO - Drone 5: Flying to {'x': -178.81520593829907, 'y': 37.16070464981291, 'z': 1145.4303011894226}
2026-02-12 12:32:39,426 - Drone_5 - INFO - Drone 5: Reached target position
2026-02-12 12:32:39,732 - Drone_5 - INFO - Drone 5: Flying to {'x': -181.9456527720837, 'y': 29.762046377056482, 'z': 1145.4303011894226}
2026-02-12 12:32:40,433 - Drone_5 - INFO - Drone 5: Reached target position
2026-02-12 12:32:40,735 - Drone_5 - INFO - Drone 5: Flying to {'x': -185.22593189702638, 'y': 22.865672812605084, 'z': 1145.4303011894226}
2026-02-12 12:32:41,340 - Drone_5 - INFO - Drone 5: Reached target position
2026-02-12 12:32:41,738 - Drone_5 - INFO - Drone 5: Flying to {'x': -187.3616414830433, 'y': 15.010978289605069, 'z': 1145.4303011894226}
2026-02-12 12:32:42,346 - Drone_5 - INFO - Drone 5: Reached target position
2026-02-12 12:32:42,741 - Drone_5 - INFO - Drone 5: Flying to {'x': -188.60101124019263, 'y': 7.055392162545454, 'z': 1145.4303011894226}
2026-02-12 12:32:43,453 - Drone_5 - INFO - Drone 5: Reached target position
2026-02-12 12:32:43,745 - Drone_5 - INFO - Drone 5: Flying to {'x': -188.94539704464165, 'y': -0.9211264558932211, 'z': 1145.4303011894226}
2026-02-12 12:32:44,359 - Drone_5 - INFO - Drone 5: Reached target position
2026-02-12 12:32:44,749 - Drone_5 - INFO - Drone 5: Flying to {'x': -188.42396813358243, 'y': -8.75864080091398, 'z': 1145.4303011894226}
2026-02-12 12:32:45,465 - Drone_5 - INFO - Drone 5: Reached target position
2026-02-12 12:32:45,751 - Drone_5 - INFO - Drone 5: Flying to {'x': -187.08411964257667, 'y': -16.441732131394975, 'z': 1145.4303011894226}
2026-02-12 12:32:46,371 - Drone_5 - INFO - Drone 5: Reached target position
2026-02-12 12:32:46,755 - Drone_5 - INFO - Drone 5: Flying to {'x': -184.9962328628343, 'y': -23.862995301181087, 'z': 1145.4303011894226}
2026-02-12 12:32:47,478 - Drone_5 - INFO - Drone 5: Reached target position
2026-02-12 12:32:47,758 - Drone_5 - INFO - Drone 5: Flying to {'x': -182.22601622004652, 'y': -31.000172413182387, 'z': 1145.4303011894226}
2026-02-12 12:32:48,384 - Drone_5 - INFO - Drone 5: Reached target position
2026-02-12 12:32:48,761 - Drone_5 - INFO - Drone 5: Flying to {'x': -178.83943755530342, 'y': -37.830328400438304, 'z': 1145.4303011894226}
2026-02-12 12:32:49,390 - Drone_5 - INFO - Drone 5: Reached target position
2026-02-12 12:32:49,766 - Drone_5 - INFO - Drone 5: Flying to {'x': -174.90515886645537, 'y': -44.33060280809438, 'z': 1145.4303011894226}
2026-02-12 12:32:50,397 - Drone_5 - INFO - Drone 5: Reached target position
2026-02-12 12:32:50,769 - Drone_5 - INFO - Drone 5: Flying to {'x': -170.49503942557604, 'y': -50.480549999849266, 'z': 1145.4303011894226}
2026-02-12 12:32:51,402 - Drone_5 - INFO - Drone 5: Reached target position
2026-02-12 12:32:51,772 - Drone_5 - INFO - Drone 5: Flying to {'x': -165.6570729288896, 'y': -56.29322888573424, 'z': 1145.4303011894226}
2026-02-12 12:32:52,408 - Drone_5 - INFO - Drone 5: Reached target position
2026-02-12 12:32:52,774 - Drone_5 - INFO - Drone 5: Flying to {'x': -160.44474456418627, 'y': -61.76869063838268, 'z': 1145.4303011894226}
2026-02-12 12:32:53,416 - Drone_5 - INFO - Drone 5: Reached target position
2026-02-12 12:32:53,777 - Drone_5 - INFO - Drone 5: Flying to {'x': -154.90692639875192, 'y': -66.91053527842195, 'z': 1145.4303011894226}
2026-02-12 12:32:54,422 - Drone_5 - INFO - Drone 5: Reached target position
2026-02-12 12:32:54,781 - Drone_5 - INFO - Drone 5: Flying to {'x': -149.08412695938108, 'y': -71.7278716848991, 'z': 1145.4303011894226}
2026-02-12 12:32:55,429 - Drone_5 - INFO - Drone 5: Reached target position
2026-02-12 12:32:55,785 - Drone_5 - INFO - Drone 5: Flying to {'x': -143.0158928339529, 'y': -76.22801660144727, 'z': 1145.4303011894226}
2026-02-12 12:32:56,436 - Drone_5 - INFO - Drone 5: Reached target position
2026-02-12 12:32:56,787 - Drone_5 - INFO - Drone 5: Flying to {'x': -136.7138615282181, 'y': -80.43458607904586, 'z': 1145.4303011894226}
2026-02-12 12:32:57,442 - Drone_5 - INFO - Drone 5: Reached target position
2026-02-12 12:32:57,788 - Drone_5 - INFO - Drone 5: Flying to {'x': -130.233542130964, 'y': -84.33912508698211, 'z': 1145.4303011894226}
2026-02-12 12:32:58,448 - Drone_5 - INFO - Drone 5: Reached target position
2026-02-12 12:32:58,789 - Drone_5 - INFO - Drone 5: Flying to {'x': -123.58573237225204, 'y': -87.96093166611095, 'z': 1145.4303011894226}
2026-02-12 12:32:59,455 - Drone_5 - INFO - Drone 5: Reached target position
2026-02-12 12:32:59,791 - Drone_5 - INFO - Drone 5: Flying to {'x': -116.79120331384921, 'y': -91.30984642246447, 'z': 1145.4303011894226}
2026-02-12 12:33:00,461 - Drone_5 - INFO - Drone 5: Reached target position
2026-02-12 12:33:00,793 - Drone_5 - INFO - Drone 5: Flying to {'x': -109.87197759591795, 'y': -94.39356811866782, 'z': 1145.4303011894226}
2026-02-12 12:33:01,466 - Drone_5 - INFO - Drone 5: Reached target position
2026-02-12 12:33:01,795 - Drone_5 - INFO - Drone 5: Flying to {'x': -102.83749736288397, 'y': -97.22375365933591, 'z': 1145.4303011894226}
2026-02-12 12:33:02,474 - Drone_5 - INFO - Drone 5: Reached target position
2026-02-12 12:33:02,798 - Drone_5 - INFO - Drone 5: Flying to {'x': -95.70297301011222, 'y': -99.80774476300205, 'z': 1145.4303011894226}
2026-02-12 12:33:03,482 - Drone_5 - INFO - Drone 5: Reached target position
2026-02-12 12:33:03,802 - Drone_5 - INFO - Drone 5: Flying to {'x': -88.47262864341505, 'y': -102.15530134061545, 'z': 1145.4303011894226}
2026-02-12 12:33:04,488 - Drone_5 - INFO - Drone 5: Reached target position
2026-02-12 12:33:04,805 - Drone_5 - INFO - Drone 5: Flying to {'x': -81.185265460822, 'y': -104.26474362676113, 'z': 1145.4303011894226}
2026-02-12 12:33:05,495 - Drone_5 - INFO - Drone 5: Reached target position
2026-02-12 12:33:05,810 - Drone_5 - INFO - Drone 5: Flying to {'x': -73.82898958875595, 'y': -106.14923689024877, 'z': 1145.4303011894226}
2026-02-12 12:33:06,502 - Drone_5 - INFO - Drone 5: Reached target position
2026-02-12 12:33:06,812 - Drone_5 - INFO - Drone 5: Flying to {'x': -66.42333084443572, 'y': -107.81180771471804, 'z': 1145.4303011894226}
2026-02-12 12:33:07,509 - Drone_5 - INFO - Drone 5: Reached target position
2026-02-12 12:33:07,814 - Drone_5 - INFO - Drone 5: Flying to {'x': -58.97025447450545, 'y': -109.25918956995737, 'z': 1145.4303011894226}
2026-02-12 12:33:08,513 - Drone_5 - INFO - Drone 5: Reached target position
2026-02-12 12:33:08,816 - Drone_5 - INFO - Drone 5: Flying to {'x': -51.48011006592662, 'y': -110.49551864708478, 'z': 1145.4303011894226}
2026-02-12 12:33:09,518 - Drone_5 - INFO - Drone 5: Reached target position
2026-02-12 12:33:09,819 - Drone_5 - INFO - Drone 5: Flying to {'x': -43.96001368982926, 'y': -111.52510830701866, 'z': 1145.4303011894226}
2026-02-12 12:33:10,426 - Drone_5 - INFO - Drone 5: Reached target position
2026-02-12 12:33:10,821 - Drone_5 - INFO - Drone 5: Flying to {'x': -36.40767966964569, 'y': -112.35269383538251, 'z': 1145.4303011894226}
2026-02-12 12:33:11,432 - Drone_5 - INFO - Drone 5: Reached target position
2026-02-12 12:33:11,824 - Drone_5 - INFO - Drone 5: Flying to {'x': -28.820964420434976, 'y': -112.77328747134887, 'z': 1145.4303011894226}
2026-02-12 12:33:12,439 - Drone_5 - INFO - Drone 5: Reached target position
2026-02-12 12:33:12,827 - Drone_5 - INFO - Drone 5: Flying to {'x': -22.036800292165537, 'y': -113.37643339726341, 'z': 1145.4303011894226}
2026-02-12 12:33:13,344 - Drone_5 - INFO - Drone 5: Reached target position
2026-02-12 12:33:13,831 - Drone_5 - INFO - Drone 5: Flying to {'x': -14.453528069377253, 'y': -113.63368519457514, 'z': 1145.4303011894226}
2026-02-12 12:33:14,454 - Drone_5 - INFO - Drone 5: Reached target position
2026-02-12 12:33:14,834 - Drone_5 - INFO - Drone 5: Flying to {'x': -6.871372316703059, 'y': -113.6997577025534, 'z': 1145.4303011894226}
2026-02-12 12:33:15,460 - Drone_5 - INFO - Drone 5: Reached target position
2026-02-12 12:33:15,836 - Drone_5 - INFO - Drone 5: Flying to {'x': 0.701840410581303, 'y': -113.57727170769539, 'z': 1145.4303011894226}
2026-02-12 12:33:16,466 - Drone_5 - INFO - Drone 5: Reached target position
2026-02-12 12:33:16,840 - Drone_5 - INFO - Drone 5: Flying to {'x': 8.271630878633426, 'y': -113.2681555777126, 'z': 1145.4303011894226}
2026-02-12 12:33:17,472 - Drone_5 - INFO - Drone 5: Reached target position
2026-02-12 12:33:17,844 - Drone_5 - INFO - Drone 5: Flying to {'x': 15.827961688245365, 'y': -112.77436840006617, 'z': 1145.4303011894226}
2026-02-12 12:33:18,477 - Drone_5 - INFO - Drone 5: Reached target position
2026-02-12 12:33:18,848 - Drone_5 - INFO - Drone 5: Flying to {'x': 23.356940803403283, 'y': -112.09861949103296, 'z': 1145.4303011894226}
2026-02-12 12:33:19,485 - Drone_5 - INFO - Drone 5: Reached target position
2026-02-12 12:33:19,852 - Drone_5 - INFO - Drone 5: Flying to {'x': 30.87380849591512, 'y': -111.24059237805312, 'z': 1145.4303011894226}
2026-02-12 12:33:20,492 - Drone_5 - INFO - Drone 5: Reached target position
2026-02-12 12:33:20,856 - Drone_5 - INFO - Drone 5: Flying to {'x': 38.37022289086091, 'y': -110.20150048369295, 'z': 1145.4303011894226}
2026-02-12 12:33:21,500 - Drone_5 - INFO - Drone 5: Reached target position
2026-02-12 12:33:21,857 - Drone_5 - INFO - Drone 5: Flying to {'x': 45.827839805059234, 'y': -108.98454215044487, 'z': 1145.4303011894226}
2026-02-12 12:33:22,504 - Drone_5 - INFO - Drone 5: Reached target position
2026-02-12 12:33:22,860 - Drone_5 - INFO - Drone 5: Flying to {'x': 53.24866464867954, 'y': -107.5899432724321, 'z': 1145.4303011894226}
2026-02-12 12:33:23,513 - Drone_5 - INFO - Drone 5: Reached target position
2026-02-12 12:33:23,863 - Drone_5 - INFO - Drone 5: Flying to {'x': 60.652228563215324, 'y': -106.01300095937609, 'z': 1145.4303011894226}
2026-02-12 12:33:24,519 - Drone_5 - INFO - Drone 5: Reached target position
2026-02-12 12:33:24,867 - Drone_5 - INFO - Drone 5: Flying to {'x': 68.00431965598467, 'y': -104.25988163038961, 'z': 1145.4303011894226}
2026-02-12 12:33:25,427 - Drone_5 - INFO - Drone 5: Reached target position
2026-02-12 12:33:25,871 - Drone_5 - INFO - Drone 5: Flying to {'x': 75.31612074093708, 'y': -102.32647956534652, 'z': 1145.4303011894226}
2026-02-12 12:33:26,538 - Drone_5 - INFO - Drone 5: Reached target position
2026-02-12 12:33:26,875 - Drone_5 - INFO - Drone 5: Flying to {'x': 82.61902874845276, 'y': -100.19996030456514, 'z': 1145.4303011894226}
2026-02-12 12:33:27,444 - Drone_5 - INFO - Drone 5: Reached target position
2026-02-12 12:33:27,877 - Drone_5 - INFO - Drone 5: Flying to {'x': 89.88047792569034, 'y': -97.88377747984761, 'z': 1145.4303011894226}
2026-02-12 12:33:28,551 - Drone_5 - INFO - Drone 5: Reached target position
2026-02-12 12:33:28,879 - Drone_5 - INFO - Drone 5: Flying to {'x': 97.08578990784807, 'y': -95.37608045127021, 'z': 1145.4303011894226}
2026-02-12 12:33:29,458 - Drone_5 - INFO - Drone 5: Reached target position
2026-02-12 12:33:29,881 - Drone_5 - INFO - Drone 5: Flying to {'x': 104.24631809639129, 'y': -92.66321779680135, 'z': 1145.4303011894226}
2026-02-12 12:33:30,565 - Drone_5 - INFO - Drone 5: Reached target position
2026-02-12 12:33:30,884 - Drone_5 - INFO - Drone 5: Flying to {'x': 111.36476000845424, 'y': -89.72950299986175, 'z': 1145.4303011894226}
2026-02-12 12:33:31,469 - Drone_5 - INFO - Drone 5: Reached target position
2026-02-12 12:33:31,888 - Drone_5 - INFO - Drone 5: Flying to {'x': 118.43966777731634, 'y': -86.55482808556346, 'z': 1145.4303011894226}
2026-02-12 12:33:32,577 - Drone_5 - INFO - Drone 5: Reached target position
2026-02-12 12:33:32,892 - Drone_5 - INFO - Drone 5: Flying to {'x': 125.45100642452405, 'y': -83.1207957463141, 'z': 1145.4303011894226}
2026-02-12 12:33:33,483 - Drone_5 - INFO - Drone 5: Reached target position
2026-02-12 12:33:33,896 - Drone_5 - INFO - Drone 5: Flying to {'x': 132.40317562374628, 'y': -79.38802171671135, 'z': 1145.4303011894226}
2026-02-12 12:33:34,590 - Drone_5 - INFO - Drone 5: Reached target position
2026-02-12 12:33:34,898 - Drone_5 - INFO - Drone 5: Flying to {'x': 139.2693184309743, 'y': -75.32152254136794, 'z': 1145.4303011894226}
2026-02-12 12:33:35,497 - Drone_5 - INFO - Drone 5: Reached target position
2026-02-12 12:33:35,900 - Drone_5 - INFO - Drone 5: Flying to {'x': 145.9916643977006, 'y': -70.89558271580728, 'z': 1145.4303011894226}
2026-02-12 12:33:36,404 - Drone_5 - INFO - Drone 5: Reached target position
2026-02-12 12:33:36,902 - Drone_5 - INFO - Drone 5: Flying to {'x': 152.53878945897466, 'y': -66.0570896809125, 'z': 1145.4303011894226}
2026-02-12 12:33:37,410 - Drone_5 - INFO - Drone 5: Reached target position
2026-02-12 12:33:37,905 - Drone_5 - INFO - Drone 5: Flying to {'x': 158.83207868729136, 'y': -60.77586453471554, 'z': 1145.4303011894226}
2026-02-12 12:33:38,416 - Drone_5 - INFO - Drone 5: Reached target position
2026-02-12 12:33:38,909 - Drone_5 - INFO - Drone 5: Flying to {'x': 164.78269454963242, 'y': -55.027679911111946, 'z': 1145.4303011894226}
2026-02-12 12:33:39,424 - Drone_5 - INFO - Drone 5: Reached target position
2026-02-12 12:33:39,913 - Drone_5 - INFO - Drone 5: Flying to {'x': 170.29497267630904, 'y': -48.796457481414976, 'z': 1145.4303011894226}
2026-02-12 12:33:40,429 - Drone_5 - INFO - Drone 5: Reached target position
2026-02-12 12:33:40,919 - Drone_5 - INFO - Drone 5: Flying to {'x': 175.25252004373786, 'y': -42.101609954298084, 'z': 1145.4303011894226}
2026-02-12 12:33:41,435 - Drone_5 - INFO - Drone 5: Reached target position
2026-02-12 12:33:41,921 - Drone_5 - INFO - Drone 5: Flying to {'x': 179.54640964545246, 'y': -34.98254610444696, 'z': 1145.4303011894226}
2026-02-12 12:33:42,441 - Drone_5 - INFO - Drone 5: Reached target position
2026-02-12 12:33:42,924 - Drone_5 - INFO - Drone 5: Flying to {'x': 183.07669226396328, 'y': -27.510253924512043, 'z': 1145.4303011894226}
2026-02-12 12:33:43,348 - Drone_5 - INFO - Drone 5: Reached target position
2026-02-12 12:33:43,927 - Drone_5 - INFO - Drone 5: Flying to {'x': 185.76668444508576, 'y': -19.77904739324328, 'z': 1145.4303011894226}
2026-02-12 12:33:44,353 - Drone_5 - INFO - Drone 5: Reached target position
2026-02-12 12:33:44,931 - Drone_5 - INFO - Drone 5: Flying to {'x': 187.57300385171348, 'y': -11.884478737552747, 'z': 1145.4303011894226}
2026-02-12 12:33:45,358 - Drone_5 - INFO - Drone 5: Reached target position
2026-02-12 12:33:45,934 - Drone_5 - INFO - Drone 5: Flying to {'x': 188.48097894804224, 'y': -3.915101830887508, 'z': 1145.4303011894226}
2026-02-12 12:33:46,264 - Drone_5 - INFO - Drone 5: Reached target position
2026-02-12 12:33:46,937 - Drone_5 - INFO - Drone 5: Flying to {'x': 188.50045922383987, 'y': 3.999821213320274, 'z': 1145.4303011894226}
2026-02-12 12:33:47,271 - Drone_5 - INFO - Drone 5: Reached target position
2026-02-12 12:33:47,941 - Drone_5 - INFO - Drone 5: Flying to {'x': 187.6712620130813, 'y': 11.783985998633554, 'z': 1145.4303011894226}
2026-02-12 12:33:48,278 - Drone_5 - INFO - Drone 5: Reached target position
2026-02-12 12:33:48,945 - Drone_5 - INFO - Drone 5: Flying to {'x': 186.04928429315612, 'y': 19.362399216064798, 'z': 1145.4303011894226}
2026-02-12 12:33:49,182 - Drone_5 - INFO - Drone 5: Reached target position
2026-02-12 12:33:49,947 - Drone_5 - INFO - Drone 5: Flying to {'x': 183.70010913084587, 'y': 26.681879205199582, 'z': 1145.4303011894226}
2026-02-12 12:33:50,189 - Drone_5 - INFO - Drone 5: Reached target position
2026-02-12 12:33:50,949 - Drone_5 - INFO - Drone 5: Flying to {'x': 180.69208624944406, 'y': 33.70679543539754, 'z': 1145.4303011894226}
2026-02-12 12:33:51,095 - Drone_5 - INFO - Drone 5: Reached target position
2026-02-12 12:33:51,951 - Drone_5 - INFO - Drone 5: Flying to {'x': 177.47005571812863, 'y': 39.77048232262727, 'z': 1145.4303011894226}
2026-02-12 12:33:51,999 - Drone_5 - INFO - Drone 5: Reached target position
2026-02-12 12:33:52,955 - Drone_5 - INFO - Drone 5: Flying to {'x': 173.39364540255067, 'y': 46.177890204619864, 'z': 1145.4303011894226}
2026-02-12 12:33:53,005 - Drone_5 - INFO - Drone 5: Reached target position
2026-02-12 12:33:53,959 - Drone_5 - INFO - Drone 5: Flying to {'x': 168.85437999958907, 'y': 52.23656337655498, 'z': 1145.4303011894226}
2026-02-12 12:33:54,011 - Drone_5 - INFO - Drone 5: Reached target position
2026-02-12 12:33:54,960 - Drone_5 - INFO - Drone 5: Flying to {'x': 163.90812497824254, 'y': 57.949379645316995, 'z': 1145.4303011894226}
2026-02-12 12:33:55,117 - Drone_5 - INFO - Drone 5: Reached target position
2026-02-12 12:33:55,964 - Drone_5 - INFO - Drone 5: Flying to {'x': 158.59369209574507, 'y': 63.33293062348145, 'z': 1145.4303011894226}
2026-02-12 12:33:56,122 - Drone_5 - INFO - Drone 5: Reached target position
2026-02-12 12:33:56,968 - Drone_5 - INFO - Drone 5: Flying to {'x': 152.9775600278763, 'y': 68.37336487045037, 'z': 1145.4303011894226}
2026-02-12 12:33:57,128 - Drone_5 - INFO - Drone 5: Reached target position
2026-02-12 12:33:57,972 - Drone_5 - INFO - Drone 5: Flying to {'x': 147.08420697524457, 'y': 73.09472855567394, 'z': 1145.4303011894226}
2026-02-12 12:33:58,235 - Drone_5 - INFO - Drone 5: Reached target position
2026-02-12 12:33:58,975 - Drone_5 - INFO - Drone 5: Flying to {'x': 140.94354317106257, 'y': 77.50951705133085, 'z': 1145.4303011894226}
2026-02-12 12:33:59,242 - Drone_5 - INFO - Drone 5: Reached target position
2026-02-12 12:33:59,977 - Drone_5 - INFO - Drone 5: Flying to {'x': 134.59408457726516, 'y': 81.62168085807289, 'z': 1145.4303011894226}
2026-02-12 12:34:00,250 - Drone_5 - INFO - Drone 5: Reached target position
2026-02-12 12:34:00,979 - Drone_5 - INFO - Drone 5: Flying to {'x': 128.05570270287973, 'y': 85.44564474648642, 'z': 1145.4303011894226}
2026-02-12 12:34:01,258 - Drone_5 - INFO - Drone 5: Reached target position
2026-02-12 12:34:01,981 - Drone_5 - INFO - Drone 5: Flying to {'x': 121.36634953921167, 'y': 88.98342030265185, 'z': 1145.4303011894226}
2026-02-12 12:34:02,364 - Drone_5 - INFO - Drone 5: Reached target position
2026-02-12 12:34:02,984 - Drone_5 - INFO - Drone 5: Flying to {'x': 114.53274035736459, 'y': 92.25236446667168, 'z': 1145.4303011894226}
2026-02-12 12:34:03,371 - Drone_5 - INFO - Drone 5: Reached target position
2026-02-12 12:34:03,988 - Drone_5 - INFO - Drone 5: Flying to {'x': 107.57705930419625, 'y': 95.25934442975546, 'z': 1145.4303011894226}
2026-02-12 12:34:04,378 - Drone_5 - INFO - Drone 5: Reached target position
2026-02-12 12:34:04,992 - Drone_5 - INFO - Drone 5: Flying to {'x': 100.51181675928846, 'y': 98.01419561985688, 'z': 1145.4303011894226}
2026-02-12 12:34:05,386 - Drone_5 - INFO - Drone 5: Reached target position
2026-02-12 12:34:05,994 - Drone_5 - INFO - Drone 5: Flying to {'x': 93.34682456024753, 'y': 100.52593075663478, 'z': 1145.4303011894226}
2026-02-12 12:34:06,393 - Drone_5 - INFO - Drone 5: Reached target position
2026-02-12 12:34:06,996 - Drone_5 - INFO - Drone 5: Flying to {'x': 86.10080616727697, 'y': 102.79932952949972, 'z': 1145.4303011894226}
2026-02-12 12:34:07,401 - Drone_5 - INFO - Drone 5: Reached target position
2026-02-12 12:34:07,999 - Drone_5 - INFO - Drone 5: Flying to {'x': 78.79060065624434, 'y': 104.83964486106561, 'z': 1145.4303011894226}
2026-02-12 12:34:08,407 - Drone_5 - INFO - Drone 5: Reached target position
2026-02-12 12:34:09,002 - Drone_5 - INFO - Drone 5: Flying to {'x': 71.42106342353175, 'y': 106.65475757307357, 'z': 1145.4303011894226}
2026-02-12 12:34:09,414 - Drone_5 - INFO - Drone 5: Reached target position
2026-02-12 12:34:10,003 - Drone_5 - INFO - Drone 5: Flying to {'x': 64.0021007817257, 'y': 108.25014337472598, 'z': 1145.4303011894226}
2026-02-12 12:34:10,420 - Drone_5 - INFO - Drone 5: Reached target position
2026-02-12 12:34:11,005 - Drone_5 - INFO - Drone 5: Flying to {'x': 56.52244939742112, 'y': 109.63429083086247, 'z': 1145.4303011894226}
2026-02-12 12:34:11,426 - Drone_5 - INFO - Drone 5: Reached target position
2026-02-12 12:34:12,008 - Drone_5 - INFO - Drone 5: Flying to {'x': 49.02186987364013, 'y': 110.80577831746339, 'z': 1145.4303011894226}
2026-02-12 12:34:12,432 - Drone_5 - INFO - Drone 5: Reached target position
2026-02-12 12:34:13,012 - Drone_5 - INFO - Drone 5: Flying to {'x': 41.48308827321984, 'y': 111.7727134667969, 'z': 1145.4303011894226}
2026-02-12 12:34:13,442 - Drone_5 - INFO - Drone 5: Reached target position
2026-02-12 12:34:14,014 - Drone_5 - INFO - Drone 5: Flying to {'x': 33.93294966446498, 'y': 112.53633019765093, 'z': 1145.4303011894226}
2026-02-12 12:34:14,448 - Drone_5 - INFO - Drone 5: Reached target position
2026-02-12 12:34:15,016 - Drone_5 - INFO - Drone 5: Flying to {'x': 26.367307324694195, 'y': 113.10147345136491, 'z': 1145.4303011894226}
2026-02-12 12:34:15,453 - Drone_5 - INFO - Drone 5: Reached target position
2026-02-12 12:34:16,020 - Drone_5 - INFO - Drone 5: Flying to {'x': 18.795180634560175, 'y': 113.47111826762264, 'z': 1145.4303011894226}
2026-02-12 12:34:16,460 - Drone_5 - INFO - Drone 5: Reached target position
2026-02-12 12:34:17,023 - Drone_5 - INFO - Drone 5: Flying to {'x': 11.213293038217763, 'y': 113.64837193125662, 'z': 1145.4303011894226}
2026-02-12 12:34:17,468 - Drone_5 - INFO - Drone 5: Reached target position
2026-02-12 12:34:18,027 - Drone_5 - INFO - Drone 5: Flying to {'x': 3.640405762841171, 'y': 113.63556532761986, 'z': 1145.4303011894226}
2026-02-12 12:34:18,475 - Drone_5 - INFO - Drone 5: Reached target position
2026-02-12 12:34:19,031 - Drone_5 - INFO - Drone 5: Flying to {'x': -3.967443676509399, 'y': 113.43354078741115, 'z': 1145.4303011894226}
2026-02-12 12:34:19,582 - Drone_5 - INFO - Drone 5: Reached target position
2026-02-12 12:34:20,035 - Drone_5 - INFO - Drone 5: Flying to {'x': -11.530663986428454, 'y': 113.046286682395, 'z': 1145.4303011894226}
2026-02-12 12:34:20,590 - Drone_5 - INFO - Drone 5: Reached target position
2026-02-12 12:34:21,038 - Drone_5 - INFO - Drone 5: Flying to {'x': -19.080800657640477, 'y': 112.4748674880774, 'z': 1145.4303011894226}
2026-02-12 12:34:21,597 - Drone_5 - INFO - Drone 5: Reached target position
2026-02-12 12:34:22,039 - Drone_5 - INFO - Drone 5: Flying to {'x': -26.605696438027156, 'y': 111.72165244384496, 'z': 1145.4303011894226}
2026-02-12 12:34:22,605 - Drone_5 - INFO - Drone 5: Reached target position
2026-02-12 12:34:23,041 - Drone_5 - INFO - Drone 5: Flying to {'x': -34.1039990324087, 'y': 110.78808047636639, 'z': 1145.4303011894226}
2026-02-12 12:34:23,612 - Drone_5 - INFO - Drone 5: Reached target position
2026-02-12 12:34:24,044 - Drone_5 - INFO - Drone 5: Flying to {'x': -40.8305125685948, 'y': 109.79416027079336, 'z': 1145.4303011894226}
2026-02-12 12:34:24,518 - Drone_5 - INFO - Drone 5: Reached target position
2026-02-12 12:34:25,048 - Drone_5 - INFO - Drone 5: Flying to {'x': -48.28905586276154, 'y': 108.51740681852125, 'z': 1145.4303011894226}
2026-02-12 12:34:25,625 - Drone_5 - INFO - Drone 5: Reached target position
2026-02-12 12:34:26,050 - Drone_5 - INFO - Drone 5: Flying to {'x': -55.713033895063234, 'y': 107.06183004422896, 'z': 1145.4303011894226}
2026-02-12 12:34:26,634 - Drone_5 - INFO - Drone 5: Reached target position
2026-02-12 12:34:27,054 - Drone_5 - INFO - Drone 5: Flying to {'x': -63.1164381441948, 'y': 105.42344001788608, 'z': 1145.4303011894226}
2026-02-12 12:34:27,641 - Drone_5 - INFO - Drone 5: Reached target position
2026-02-12 12:34:28,059 - Drone_5 - INFO - Drone 5: Flying to {'x': -70.45759449008969, 'y': 103.61059499585703, 'z': 1145.4303011894226}
2026-02-12 12:34:28,648 - Drone_5 - INFO - Drone 5: Reached target position
2026-02-12 12:34:29,061 - Drone_5 - INFO - Drone 5: Flying to {'x': -77.7604693696747, 'y': 101.61581946460015, 'z': 1145.4303011894226}
2026-02-12 12:34:29,654 - Drone_5 - INFO - Drone 5: Reached target position
2026-02-12 12:34:30,063 - Drone_5 - INFO - Drone 5: Flying to {'x': -85.02691205173329, 'y': 99.4347028849683, 'z': 1145.4303011894226}
2026-02-12 12:34:30,660 - Drone_5 - INFO - Drone 5: Reached target position
2026-02-12 12:34:31,065 - Drone_5 - INFO - Drone 5: Flying to {'x': -92.24918640715585, 'y': 97.06400992317595, 'z': 1145.4303011894226}
2026-02-12 12:34:31,667 - Drone_5 - INFO - Drone 5: Reached target position
2026-02-12 12:34:32,067 - Drone_5 - INFO - Drone 5: Flying to {'x': -99.43399116016546, 'y': 94.4933399893556, 'z': 1145.4303011894226}
2026-02-12 12:34:32,575 - Drone_5 - INFO - Drone 5: Reached target position
2026-02-12 12:34:33,070 - Drone_5 - INFO - Drone 5: Flying to {'x': -106.6014937534473, 'y': 91.70232437757957, 'z': 1145.4303011894226}
2026-02-12 12:34:33,582 - Drone_5 - INFO - Drone 5: Reached target position
2026-02-12 12:34:34,073 - Drone_5 - INFO - Drone 5: Flying to {'x': -113.70250955257754, 'y': 88.6938146163598, 'z': 1145.4303011894226}
2026-02-12 12:34:34,588 - Drone_5 - INFO - Drone 5: Reached target position
2026-02-12 12:34:35,077 - Drone_5 - INFO - Drone 5: Flying to {'x': -120.75968911888822, 'y': 85.43621755417948, 'z': 1145.4303011894226}
2026-02-12 12:34:35,695 - Drone_5 - INFO - Drone 5: Reached target position
2026-02-12 12:34:36,080 - Drone_5 - INFO - Drone 5: Flying to {'x': -127.75532452486895, 'y': 81.90700052650787, 'z': 1145.4303011894226}
2026-02-12 12:34:36,603 - Drone_5 - INFO - Drone 5: Reached target position
2026-02-12 12:34:37,084 - Drone_5 - INFO - Drone 5: Flying to {'x': -134.68607162330548, 'y': 78.06664652169677, 'z': 1145.4303011894226}
2026-02-12 12:34:37,710 - Drone_5 - INFO - Drone 5: Reached target position
2026-02-12 12:34:38,085 - Drone_5 - INFO - Drone 5: Flying to {'x': -141.50686258949236, 'y': 73.88772427483029, 'z': 1145.4303011894226}
2026-02-12 12:34:38,716 - Drone_5 - INFO - Drone 5: Reached target position
2026-02-12 12:34:39,090 - Drone_5 - INFO - Drone 5: Flying to {'x': -148.19541961595516, 'y': 69.31757523015855, 'z': 1145.4303011894226}
2026-02-12 12:34:39,723 - Drone_5 - INFO - Drone 5: Reached target position
2026-02-12 12:34:40,091 - Drone_5 - INFO - Drone 5: Flying to {'x': -154.66883424267075, 'y': 64.33382283210639, 'z': 1145.4303011894226}
2026-02-12 12:34:40,730 - Drone_5 - INFO - Drone 5: Reached target position
2026-02-12 12:34:41,094 - Drone_5 - INFO - Drone 5: Flying to {'x': -160.8660878384625, 'y': 58.89196754400272, 'z': 1145.4303011894226}
2026-02-12 12:34:41,737 - Drone_5 - INFO - Drone 5: Reached target position
2026-02-12 12:34:42,098 - Drone_5 - INFO - Drone 5: Flying to {'x': -166.6872383313888, 'y': 52.976484564116, 'z': 1145.4303011894226}
2026-02-12 12:34:42,743 - Drone_5 - INFO - Drone 5: Reached target position
2026-02-12 12:34:43,101 - Drone_5 - INFO - Drone 5: Flying to {'x': -172.01953262179245, 'y': 46.59507175049983, 'z': 1145.4303011894226}
2026-02-12 12:34:43,750 - Drone_5 - INFO - Drone 5: Reached target position
2026-02-12 12:34:44,105 - Drone_5 - INFO - Drone 5: Flying to {'x': -176.75968857247585, 'y': 39.76402734465295, 'z': 1145.4303011894226}
2026-02-12 12:34:44,756 - Drone_5 - INFO - Drone 5: Reached target position
2026-02-12 12:34:45,110 - Drone_5 - INFO - Drone 5: Flying to {'x': -180.81105502905186, 'y': 32.51451272218162, 'z': 1145.4303011894226}
2026-02-12 12:34:45,862 - Drone_5 - INFO - Drone 5: Reached target position
2026-02-12 12:34:46,112 - Drone_5 - INFO - Drone 5: Flying to {'x': -184.0736957394376, 'y': 24.928419550964783, 'z': 1145.4303011894226}
2026-02-12 12:34:46,768 - Drone_5 - INFO - Drone 5: Reached target position
2026-02-12 12:34:47,115 - Drone_5 - INFO - Drone 5: Flying to {'x': -186.47076586609126, 'y': 17.128803685172816, 'z': 1145.4303011894226}
2026-02-12 12:34:47,874 - Drone_5 - INFO - Drone 5: Reached target position
2026-02-12 12:34:48,119 - Drone_5 - INFO - Drone 5: Flying to {'x': -187.97451006541368, 'y': 9.205051068972306, 'z': 1145.4303011894226}
2026-02-12 12:34:48,782 - Drone_5 - INFO - Drone 5: Reached target position
2026-02-12 12:34:49,122 - Drone_5 - INFO - Drone 5: Flying to {'x': -188.581078582589, 'y': 1.248783790718404, 'z': 1145.4303011894226}
2026-02-12 12:34:49,888 - Drone_5 - INFO - Drone 5: Reached target position
2026-02-12 12:34:50,127 - Drone_5 - INFO - Drone 5: Flying to {'x': -188.3094655681551, 'y': -6.6478567233188315, 'z': 1145.4303011894226}
2026-02-12 12:34:50,795 - Drone_5 - INFO - Drone 5: Reached target position
2026-02-12 12:34:51,129 - Drone_5 - INFO - Drone 5: Flying to {'x': -187.20305768722423, 'y': -14.384788419724572, 'z': 1145.4303011894226}
2026-02-12 12:34:51,901 - Drone_5 - INFO - Drone 5: Reached target position
2026-02-12 12:34:52,132 - Drone_5 - INFO - Drone 5: Flying to {'x': -185.32487242897554, 'y': -21.88673364083943, 'z': 1145.4303011894226}
2026-02-12 12:34:52,807 - Drone_5 - INFO - Drone 5: Reached target position
2026-02-12 12:34:53,134 - Drone_5 - INFO - Drone 5: Flying to {'x': -182.74353425803744, 'y': -29.11032676939206, 'z': 1145.4303011894226}
2026-02-12 12:34:53,913 - Drone_5 - INFO - Drone 5: Reached target position
2026-02-12 12:34:54,136 - Drone_5 - INFO - Drone 5: Flying to {'x': -179.52468688982614, 'y': -36.03323684430148, 'z': 1145.4303011894226}
2026-02-12 12:34:54,819 - Drone_5 - INFO - Drone 5: Reached target position
2026-02-12 12:34:55,139 - Drone_5 - INFO - Drone 5: Flying to {'x': -175.7389976206248, 'y': -42.62795754357586, 'z': 1145.4303011894226}
2026-02-12 12:34:55,826 - Drone_5 - INFO - Drone 5: Reached target position
2026-02-12 12:34:56,143 - Drone_5 - INFO - Drone 5: Flying to {'x': -171.45882596606884, 'y': -48.87338092898098, 'z': 1145.4303011894226}
2026-02-12 12:34:56,832 - Drone_5 - INFO - Drone 5: Reached target position
2026-02-12 12:34:57,146 - Drone_5 - INFO - Drone 5: Flying to {'x': -166.7361943698773, 'y': -54.77881149281008, 'z': 1145.4303011894226}
2026-02-12 12:34:57,837 - Drone_5 - INFO - Drone 5: Reached target position
2026-02-12 12:34:58,148 - Drone_5 - INFO - Drone 5: Flying to {'x': -161.62786951806189, 'y': -60.342302861363784, 'z': 1145.4303011894226}
2026-02-12 12:34:58,843 - Drone_5 - INFO - Drone 5: Reached target position
2026-02-12 12:34:59,150 - Drone_5 - INFO - Drone 5: Flying to {'x': -156.17788797853194, 'y': -65.5735254866226, 'z': 1145.4303011894226}
2026-02-12 12:34:59,849 - Drone_5 - INFO - Drone 5: Reached target position
2026-02-12 12:35:00,152 - Drone_5 - INFO - Drone 5: Flying to {'x': -151.01485257651785, 'y': -70.00437871566066, 'z': 1145.4303011894226}
2026-02-12 12:35:00,855 - Drone_5 - INFO - Drone 5: Reached target position
2026-02-12 12:35:01,155 - Drone_5 - INFO - Drone 5: Flying to {'x': -145.0315891133151, 'y': -74.62320821056441, 'z': 1145.4303011894226}
2026-02-12 12:35:01,762 - Drone_5 - INFO - Drone 5: Reached target position
2026-02-12 12:35:02,158 - Drone_5 - INFO - Drone 5: Flying to {'x': -138.82899261362527, 'y': -78.92671221292915, 'z': 1145.4303011894226}
2026-02-12 12:35:02,768 - Drone_5 - INFO - Drone 5: Reached target position
2026-02-12 12:35:03,161 - Drone_5 - INFO - Drone 5: Flying to {'x': -132.42025739927743, 'y': -82.93670487890344, 'z': 1145.4303011894226}
2026-02-12 12:35:03,776 - Drone_5 - INFO - Drone 5: Reached target position
2026-02-12 12:35:04,164 - Drone_5 - INFO - Drone 5: Flying to {'x': -125.82256080560673, 'y': -86.66683038488632, 'z': 1145.4303011894226}
2026-02-12 12:35:04,783 - Drone_5 - INFO - Drone 5: Reached target position
2026-02-12 12:35:05,167 - Drone_5 - INFO - Drone 5: Flying to {'x': -119.05208127267883, 'y': -90.12792510924194, 'z': 1145.4303011894226}
2026-02-12 12:35:05,791 - Drone_5 - INFO - Drone 5: Reached target position
2026-02-12 12:35:06,168 - Drone_5 - INFO - Drone 5: Flying to {'x': -112.16948522922019, 'y': -93.3090223391806, 'z': 1145.4303011894226}
2026-02-12 12:35:06,798 - Drone_5 - INFO - Drone 5: Reached target position
2026-02-12 12:35:07,170 - Drone_5 - INFO - Drone 5: Flying to {'x': -105.1741988718987, 'y': -96.22920270662632, 'z': 1145.4303011894226}
2026-02-12 12:35:07,805 - Drone_5 - INFO - Drone 5: Reached target position
2026-02-12 12:35:08,172 - Drone_5 - INFO - Drone 5: Flying to {'x': -98.06681344071227, 'y': -98.90253595587369, 'z': 1145.4303011894226}
2026-02-12 12:35:08,811 - Drone_5 - INFO - Drone 5: Reached target position
2026-02-12 12:35:09,176 - Drone_5 - INFO - Drone 5: Flying to {'x': -90.87698109771776, 'y': -101.33050335196404, 'z': 1145.4303011894226}
2026-02-12 12:35:09,819 - Drone_5 - INFO - Drone 5: Reached target position
2026-02-12 12:35:10,181 - Drone_5 - INFO - Drone 5: Flying to {'x': -83.60862064935995, 'y': -103.52320916407182, 'z': 1145.4303011894226}
2026-02-12 12:35:10,827 - Drone_5 - INFO - Drone 5: Reached target position
2026-02-12 12:35:11,183 - Drone_5 - INFO - Drone 5: Flying to {'x': -76.27646377204032, 'y': -105.4860261041064, 'z': 1145.4303011894226}
2026-02-12 12:35:11,833 - Drone_5 - INFO - Drone 5: Reached target position
2026-02-12 12:35:12,187 - Drone_5 - INFO - Drone 5: Flying to {'x': -68.88453723280215, 'y': -107.22637948711007, 'z': 1145.4303011894226}
2026-02-12 12:35:12,839 - Drone_5 - INFO - Drone 5: Reached target position
2026-02-12 12:35:13,190 - Drone_5 - INFO - Drone 5: Flying to {'x': -61.45143631009911, 'y': -108.74756940335807, 'z': 1145.4303011894226}
2026-02-12 12:35:13,844 - Drone_5 - INFO - Drone 5: Reached target position
2026-02-12 12:35:14,193 - Drone_5 - INFO - Drone 5: Flying to {'x': -53.97070403346274, 'y': -110.05740554561527, 'z': 1145.4303011894226}
2026-02-12 12:35:14,851 - Drone_5 - INFO - Drone 5: Reached target position
2026-02-12 12:35:15,195 - Drone_5 - INFO - Drone 5: Flying to {'x': -46.45969479496138, 'y': -111.1583953573501, 'z': 1145.4303011894226}
2026-02-12 12:35:15,857 - Drone_5 - INFO - Drone 5: Reached target position
2026-02-12 12:35:16,196 - Drone_5 - INFO - Drone 5: Flying to {'x': -38.940347742602256, 'y': -112.05322028693745, 'z': 1145.4303011894226}
2026-02-12 12:35:16,863 - Drone_5 - INFO - Drone 5: Reached target position
2026-02-12 12:35:17,198 - Drone_5 - INFO - Drone 5: Flying to {'x': -31.370101079884197, 'y': -112.75066824594244, 'z': 1145.4303011894226}
2026-02-12 12:35:17,869 - Drone_5 - INFO - Drone 5: Reached target position
2026-02-12 12:35:18,200 - Drone_5 - INFO - Drone 5: Flying to {'x': -23.79895053596816, 'y': -113.24934411996114, 'z': 1145.4303011894226}
2026-02-12 12:35:18,875 - Drone_5 - INFO - Drone 5: Reached target position
2026-02-12 12:35:19,203 - Drone_5 - INFO - Drone 5: Flying to {'x': -16.219873657739726, 'y': -113.55352902841905, 'z': 1145.4303011894226}
2026-02-12 12:35:19,881 - Drone_5 - INFO - Drone 5: Reached target position
2026-02-12 12:35:20,206 - Drone_5 - INFO - Drone 5: Flying to {'x': -8.643937409760463, 'y': -113.66591395033828, 'z': 1145.4303011894226}
2026-02-12 12:35:20,889 - Drone_5 - INFO - Drone 5: Reached target position
2026-02-12 12:35:21,209 - Drone_5 - INFO - Drone 5: Flying to {'x': -1.0688285795223837, 'y': -113.58916527336652, 'z': 1145.4303011894226}
2026-02-12 12:35:21,896 - Drone_5 - INFO - Drone 5: Reached target position
2026-02-12 12:35:22,213 - Drone_5 - INFO - Drone 5: Flying to {'x': 6.506396235531175, 'y': -113.32505124098462, 'z': 1145.4303011894226}
2026-02-12 12:35:22,900 - Drone_5 - INFO - Drone 5: Reached target position
2026-02-12 12:35:23,218 - Drone_5 - INFO - Drone 5: Flying to {'x': 14.076330404917748, 'y': -112.87503806910736, 'z': 1145.4303011894226}
2026-02-12 12:35:23,907 - Drone_5 - INFO - Drone 5: Reached target position
2026-02-12 12:35:24,220 - Drone_5 - INFO - Drone 5: Flying to {'x': 21.61610615048999, 'y': -112.24240204377617, 'z': 1145.4303011894226}
2026-02-12 12:35:24,912 - Drone_5 - INFO - Drone 5: Reached target position
2026-02-12 12:35:25,222 - Drone_5 - INFO - Drone 5: Flying to {'x': 29.13107496527651, 'y': -111.42849628536065, 'z': 1145.4303011894226}
2026-02-12 12:35:25,919 - Drone_5 - INFO - Drone 5: Reached target position
2026-02-12 12:35:26,224 - Drone_5 - INFO - Drone 5: Flying to {'x': 36.62535092449586, 'y': -110.43372752459373, 'z': 1145.4303011894226}
2026-02-12 12:35:26,926 - Drone_5 - INFO - Drone 5: Reached target position
2026-02-12 12:35:27,225 - Drone_5 - INFO - Drone 5: Flying to {'x': 44.09257541119413, 'y': -109.25929104994479, 'z': 1145.4303011894226}
2026-02-12 12:35:27,734 - Drone_5 - INFO - Drone 5: Reached target position
2026-02-12 12:35:28,227 - Drone_5 - INFO - Drone 5: Flying to {'x': 51.52758893583399, 'y': -107.9061346531798, 'z': 1145.4303011894226}
2026-02-12 12:35:28,841 - Drone_5 - INFO - Drone 5: Reached target position
2026-02-12 12:35:29,229 - Drone_5 - INFO - Drone 5: Flying to {'x': 58.931803817571684, 'y': -106.373552423606, 'z': 1145.4303011894226}
2026-02-12 12:35:29,748 - Drone_5 - INFO - Drone 5: Reached target position
2026-02-12 12:35:30,233 - Drone_5 - INFO - Drone 5: Flying to {'x': 65.5618508311216, 'y': -104.84158292217354, 'z': 1145.4303011894226}
2026-02-12 12:35:30,753 - Drone_5 - INFO - Drone 5: Reached target position
2026-02-12 12:35:31,237 - Drone_5 - INFO - Drone 5: Flying to {'x': 72.89121621824565, 'y': -102.96831343376203, 'z': 1145.4303011894226}
2026-02-12 12:35:31,860 - Drone_5 - INFO - Drone 5: Reached target position
2026-02-12 12:35:32,241 - Drone_5 - INFO - Drone 5: Flying to {'x': 80.18100493736836, 'y': -100.91236161589646, 'z': 1145.4303011894226}
2026-02-12 12:35:32,766 - Drone_5 - INFO - Drone 5: Reached target position
2026-02-12 12:35:33,244 - Drone_5 - INFO - Drone 5: Flying to {'x': 87.4326682185415, 'y': -98.66895364061392, 'z': 1145.4303011894226}
2026-02-12 12:35:33,874 - Drone_5 - INFO - Drone 5: Reached target position
2026-02-12 12:35:34,246 - Drone_5 - INFO - Drone 5: Flying to {'x': 94.66674078541321, 'y': -96.22418386559681, 'z': 1145.4303011894226}
2026-02-12 12:35:34,779 - Drone_5 - INFO - Drone 5: Reached target position
2026-02-12 12:35:35,248 - Drone_5 - INFO - Drone 5: Flying to {'x': 101.83988653884512, 'y': -93.58349911052477, 'z': 1145.4303011894226}
2026-02-12 12:35:35,885 - Drone_5 - INFO - Drone 5: Reached target position
2026-02-12 12:35:36,250 - Drone_5 - INFO - Drone 5: Flying to {'x': 108.97393982247416, 'y': -90.72631995011527, 'z': 1145.4303011894226}
2026-02-12 12:35:36,790 - Drone_5 - INFO - Drone 5: Reached target position
2026-02-12 12:35:37,253 - Drone_5 - INFO - Drone 5: Flying to {'x': 116.06052586030866, 'y': -87.63763019280549, 'z': 1145.4303011894226}
2026-02-12 12:35:37,897 - Drone_5 - INFO - Drone 5: Reached target position
2026-02-12 12:35:38,258 - Drone_5 - INFO - Drone 5: Flying to {'x': 123.10079715967535, 'y': -84.2915601462155, 'z': 1145.4303011894226}
2026-02-12 12:35:38,803 - Drone_5 - INFO - Drone 5: Reached target position
2026-02-12 12:35:39,262 - Drone_5 - INFO - Drone 5: Flying to {'x': 130.08292683109, 'y': -80.65930154262338, 'z': 1145.4303011894226}
2026-02-12 12:35:39,910 - Drone_5 - INFO - Drone 5: Reached target position
2026-02-12 12:35:40,264 - Drone_5 - INFO - Drone 5: Flying to {'x': 136.97556624854505, 'y': -76.71303832891795, 'z': 1145.4303011894226}
2026-02-12 12:35:40,815 - Drone_5 - INFO - Drone 5: Reached target position
2026-02-12 12:35:41,267 - Drone_5 - INFO - Drone 5: Flying to {'x': 143.75168982091225, 'y': -72.41233766644964, 'z': 1145.4303011894226}
2026-02-12 12:35:41,820 - Drone_5 - INFO - Drone 5: Reached target position
2026-02-12 12:35:42,271 - Drone_5 - INFO - Drone 5: Flying to {'x': 150.37748196039783, 'y': -67.7074231128562, 'z': 1145.4303011894226}
2026-02-12 12:35:42,827 - Drone_5 - INFO - Drone 5: Reached target position
2026-02-12 12:35:43,275 - Drone_5 - INFO - Drone 5: Flying to {'x': 156.76735475085815, 'y': -62.57531213624374, 'z': 1145.4303011894226}
2026-02-12 12:35:43,833 - Drone_5 - INFO - Drone 5: Reached target position
2026-02-12 12:35:44,279 - Drone_5 - INFO - Drone 5: Flying to {'x': 162.84402522331442, 'y': -56.98386476465248, 'z': 1145.4303011894226}
2026-02-12 12:35:44,840 - Drone_5 - INFO - Drone 5: Reached target position
2026-02-12 12:35:45,284 - Drone_5 - INFO - Drone 5: Flying to {'x': 168.52477552154187, 'y': -50.90131451084341, 'z': 1145.4303011894226}
2026-02-12 12:35:45,848 - Drone_5 - INFO - Drone 5: Reached target position
2026-02-12 12:35:46,285 - Drone_5 - INFO - Drone 5: Flying to {'x': 173.68671999104788, 'y': -44.34513269895134, 'z': 1145.4303011894226}
2026-02-12 12:35:46,854 - Drone_5 - INFO - Drone 5: Reached target position
2026-02-12 12:35:47,289 - Drone_5 - INFO - Drone 5: Flying to {'x': 178.20967488732805, 'y': -37.36156846881385, 'z': 1145.4303011894226}
2026-02-12 12:35:47,860 - Drone_5 - INFO - Drone 5: Reached target position
2026-02-12 12:35:48,295 - Drone_5 - INFO - Drone 5: Flying to {'x': 182.00101593317598, 'y': -29.996920387423998, 'z': 1145.4303011894226}
2026-02-12 12:35:48,867 - Drone_5 - INFO - Drone 5: Reached target position
2026-02-12 12:35:49,298 - Drone_5 - INFO - Drone 5: Flying to {'x': 184.97456325954062, 'y': -22.339155628058336, 'z': 1145.4303011894226}
2026-02-12 12:35:49,773 - Drone_5 - INFO - Drone 5: Reached target position
2026-02-12 12:35:50,301 - Drone_5 - INFO - Drone 5: Flying to {'x': 187.07923971237605, 'y': -14.46528584254617, 'z': 1145.4303011894226}
2026-02-12 12:35:50,780 - Drone_5 - INFO - Drone 5: Reached target position
2026-02-12 12:35:51,304 - Drone_5 - INFO - Drone 5: Flying to {'x': 188.27982992171476, 'y': -6.517711096348034, 'z': 1145.4303011894226}
2026-02-12 12:35:51,788 - Drone_5 - INFO - Drone 5: Reached target position
2026-02-12 12:35:52,308 - Drone_5 - INFO - Drone 5: Flying to {'x': 188.58676929626998, 'y': 1.4224791169318394, 'z': 1145.4303011894226}
2026-02-12 12:35:52,696 - Drone_5 - INFO - Drone 5: Reached target position
2026-02-12 12:35:53,313 - Drone_5 - INFO - Drone 5: Flying to {'x': 188.0290934787989, 'y': 9.266751640604408, 'z': 1145.4303011894226}
2026-02-12 12:35:53,702 - Drone_5 - INFO - Drone 5: Reached target position
2026-02-12 12:35:54,315 - Drone_5 - INFO - Drone 5: Flying to {'x': 186.65912160449847, 'y': 16.91873670068206, 'z': 1145.4303011894226}
2026-02-12 12:35:54,609 - Drone_5 - INFO - Drone 5: Reached target position
2026-02-12 12:35:55,317 - Drone_5 - INFO - Drone 5: Flying to {'x': 184.53306170877534, 'y': 24.347010426679994, 'z': 1145.4303011894226}
2026-02-12 12:35:55,616 - Drone_5 - INFO - Drone 5: Reached target position
2026-02-12 12:35:56,320 - Drone_5 - INFO - Drone 5: Flying to {'x': 181.73239803581671, 'y': 31.46687346251975, 'z': 1145.4303011894226}
2026-02-12 12:35:56,522 - Drone_5 - INFO - Drone 5: Reached target position
2026-02-12 12:35:57,324 - Drone_5 - INFO - Drone 5: Flying to {'x': 178.31825662506185, 'y': 38.2775198608304, 'z': 1145.4303011894226}
2026-02-12 12:35:57,428 - Drone_5 - INFO - Drone 5: Reached target position
2026-02-12 12:35:58,327 - Drone_5 - INFO - Drone 5: Flying to {'x': 174.36226301489566, 'y': 44.752545601719305, 'z': 1145.4303011894226}
2026-02-12 12:35:58,436 - Drone_5 - INFO - Drone 5: Reached target position
2026-02-12 12:35:59,331 - Drone_5 - INFO - Drone 5: Flying to {'x': 169.92407446312768, 'y': 50.88939253023211, 'z': 1145.4303011894226}
2026-02-12 12:35:59,442 - Drone_5 - INFO - Drone 5: Reached target position
2026-02-12 12:36:00,334 - Drone_5 - INFO - Drone 5: Flying to {'x': 165.06184745889865, 'y': 56.68501361369496, 'z': 1145.4303011894226}
2026-02-12 12:36:00,449 - Drone_5 - INFO - Drone 5: Reached target position
2026-02-12 12:36:01,339 - Drone_5 - INFO - Drone 5: Flying to {'x': 159.83577356687638, 'y': 62.13420235517351, 'z': 1145.4303011894226}
2026-02-12 12:36:01,456 - Drone_5 - INFO - Drone 5: Reached target position
2026-02-12 12:36:02,341 - Drone_5 - INFO - Drone 5: Flying to {'x': 154.29058107506611, 'y': 67.24712669243846, 'z': 1145.4303011894226}
2026-02-12 12:36:02,463 - Drone_5 - INFO - Drone 5: Reached target position
2026-02-12 12:36:03,343 - Drone_5 - INFO - Drone 5: Flying to {'x': 148.45438204515102, 'y': 72.04336907502002, 'z': 1145.4303011894226}
2026-02-12 12:36:03,469 - Drone_5 - INFO - Drone 5: Reached target position
2026-02-12 12:36:04,347 - Drone_5 - INFO - Drone 5: Flying to {'x': 142.3704921491732, 'y': 76.52542403629437, 'z': 1145.4303011894226}
2026-02-12 12:36:04,474 - Drone_5 - INFO - Drone 5: Reached target position
2026-02-12 12:36:05,350 - Drone_5 - INFO - Drone 5: Flying to {'x': 136.0774643431777, 'y': 80.69913734052668, 'z': 1145.4303011894226}
2026-02-12 12:36:05,581 - Drone_5 - INFO - Drone 5: Reached target position
2026-02-12 12:36:06,354 - Drone_5 - INFO - Drone 5: Flying to {'x': 129.59164409369967, 'y': 84.58253612535472, 'z': 1145.4303011894226}
2026-02-12 12:36:06,587 - Drone_5 - INFO - Drone 5: Reached target position
2026-02-12 12:36:07,357 - Drone_5 - INFO - Drone 5: Flying to {'x': 122.94134911125794, 'y': 88.18291934413637, 'z': 1145.4303011894226}
2026-02-12 12:36:07,593 - Drone_5 - INFO - Drone 5: Reached target position
2026-02-12 12:36:08,359 - Drone_5 - INFO - Drone 5: Flying to {'x': 116.1476319458071, 'y': 91.510179529891, 'z': 1145.4303011894226}
2026-02-12 12:36:08,600 - Drone_5 - INFO - Drone 5: Reached target position
2026-02-12 12:36:09,363 - Drone_5 - INFO - Drone 5: Flying to {'x': 109.22330429241859, 'y': 94.57607149530806, 'z': 1145.4303011894226}
2026-02-12 12:36:09,606 - Drone_5 - INFO - Drone 5: Reached target position
2026-02-12 12:36:10,367 - Drone_5 - INFO - Drone 5: Flying to {'x': 102.18535155858193, 'y': 97.3884391940868, 'z': 1145.4303011894226}
2026-02-12 12:36:10,713 - Drone_5 - INFO - Drone 5: Reached target position
2026-02-12 12:36:11,370 - Drone_5 - INFO - Drone 5: Flying to {'x': 95.05630026506995, 'y': 99.95221570836347, 'z': 1145.4303011894226}
2026-02-12 12:36:11,719 - Drone_5 - INFO - Drone 5: Reached target position
2026-02-12 12:36:12,371 - Drone_5 - INFO - Drone 5: Flying to {'x': 87.8220217520409, 'y': 102.28352471371267, 'z': 1145.4303011894226}
2026-02-12 12:36:12,726 - Drone_5 - INFO - Drone 5: Reached target position
2026-02-12 12:36:13,373 - Drone_5 - INFO - Drone 5: Flying to {'x': 80.53103389482604, 'y': 104.37704201619161, 'z': 1145.4303011894226}
2026-02-12 12:36:13,733 - Drone_5 - INFO - Drone 5: Reached target position
2026-02-12 12:36:14,375 - Drone_5 - INFO - Drone 5: Flying to {'x': 73.91470700541979, 'y': 106.06784355485364, 'z': 1145.4303011894226}
2026-02-12 12:36:14,739 - Drone_5 - INFO - Drone 5: Reached target position
2026-02-12 12:36:15,379 - Drone_5 - INFO - Drone 5: Flying to {'x': 66.51508765383873, 'y': 107.73603508005387, 'z': 1145.4303011894226}
2026-02-12 12:36:15,746 - Drone_5 - INFO - Drone 5: Reached target position
2026-02-12 12:36:16,383 - Drone_5 - INFO - Drone 5: Flying to {'x': 59.056407929436034, 'y': 109.19092140450981, 'z': 1145.4303011894226}
2026-02-12 12:36:16,752 - Drone_5 - INFO - Drone 5: Reached target position
2026-02-12 12:36:17,386 - Drone_5 - INFO - Drone 5: Flying to {'x': 51.56441216634607, 'y': 110.43339737533304, 'z': 1145.4303011894226}
2026-02-12 12:36:17,758 - Drone_5 - INFO - Drone 5: Reached target position
2026-02-12 12:36:18,391 - Drone_5 - INFO - Drone 5: Flying to {'x': 44.04535722988274, 'y': 111.46827228918534, 'z': 1145.4303011894226}
2026-02-12 12:36:18,763 - Drone_5 - INFO - Drone 5: Reached target position
2026-02-12 12:36:19,394 - Drone_5 - INFO - Drone 5: Flying to {'x': 36.50320319879061, 'y': 112.2999909093698, 'z': 1145.4303011894226}
2026-02-12 12:36:19,872 - Drone_5 - INFO - Drone 5: Reached target position
2026-02-12 12:36:20,396 - Drone_5 - INFO - Drone 5: Flying to {'x': 28.925404267826515, 'y': 112.93341794855698, 'z': 1145.4303011894226}
2026-02-12 12:36:20,878 - Drone_5 - INFO - Drone 5: Reached target position
2026-02-12 12:36:21,398 - Drone_5 - INFO - Drone 5: Flying to {'x': 21.35643675953176, 'y': 113.36871351699745, 'z': 1145.4303011894226}
2026-02-12 12:36:21,885 - Drone_5 - INFO - Drone 5: Reached target position
2026-02-12 12:36:22,400 - Drone_5 - INFO - Drone 5: Flying to {'x': 13.782947554696545, 'y': 113.6106615267841, 'z': 1145.4303011894226}
2026-02-12 12:36:22,893 - Drone_5 - INFO - Drone 5: Reached target position
2026-02-12 12:36:23,402 - Drone_5 - INFO - Drone 5: Flying to {'x': 6.200086448656268, 'y': 113.6618985409894, 'z': 1145.4303011894226}
2026-02-12 12:36:23,899 - Drone_5 - INFO - Drone 5: Reached target position
2026-02-12 12:36:24,404 - Drone_5 - INFO - Drone 5: Flying to {'x': -1.387101467951191, 'y': 113.52413764535687, 'z': 1145.4303011894226}
2026-02-12 12:36:24,907 - Drone_5 - INFO - Drone 5: Reached target position
2026-02-12 12:36:25,406 - Drone_5 - INFO - Drone 5: Flying to {'x': -8.960066831732753, 'y': 113.19966436579838, 'z': 1145.4303011894226}
2026-02-12 12:36:25,813 - Drone_5 - INFO - Drone 5: Reached target position
2026-02-12 12:36:26,409 - Drone_5 - INFO - Drone 5: Flying to {'x': -16.51698159802549, 'y': 112.69053711407649, 'z': 1145.4303011894226}
2026-02-12 12:36:26,819 - Drone_5 - INFO - Drone 5: Reached target position
2026-02-12 12:36:27,413 - Drone_5 - INFO - Drone 5: Flying to {'x': -24.042862207915956, 'y': 111.99976188699088, 'z': 1145.4303011894226}
2026-02-12 12:36:27,828 - Drone_5 - INFO - Drone 5: Reached target position
2026-02-12 12:36:28,417 - Drone_5 - INFO - Drone 5: Flying to {'x': -31.55646377863946, 'y': 111.12675048978551, 'z': 1145.4303011894226}
2026-02-12 12:36:28,835 - Drone_5 - INFO - Drone 5: Reached target position
2026-02-12 12:36:29,421 - Drone_5 - INFO - Drone 5: Flying to {'x': -39.06216396785526, 'y': 110.07072267955678, 'z': 1145.4303011894226}
2026-02-12 12:36:29,843 - Drone_5 - INFO - Drone 5: Reached target position
2026-02-12 12:36:30,425 - Drone_5 - INFO - Drone 5: Flying to {'x': -46.51077304963323, 'y': 108.83951360003039, 'z': 1145.4303011894226}
2026-02-12 12:36:30,849 - Drone_5 - INFO - Drone 5: Reached target position
2026-02-12 12:36:31,429 - Drone_5 - INFO - Drone 5: Flying to {'x': -53.934964507638846, 'y': 107.42833701587539, 'z': 1145.4303011894226}
2026-02-12 12:36:31,855 - Drone_5 - INFO - Drone 5: Reached target position
2026-02-12 12:36:32,433 - Drone_5 - INFO - Drone 5: Flying to {'x': -61.31851801802156, 'y': 105.83972465026689, 'z': 1145.4303011894226}
2026-02-12 12:36:32,865 - Drone_5 - INFO - Drone 5: Reached target position
2026-02-12 12:36:33,438 - Drone_5 - INFO - Drone 5: Flying to {'x': -68.67381366352636, 'y': 104.0696457803741, 'z': 1145.4303011894226}
2026-02-12 12:36:33,972 - Drone_5 - INFO - Drone 5: Reached target position
2026-02-12 12:36:34,440 - Drone_5 - INFO - Drone 5: Flying to {'x': -75.98982927249213, 'y': 102.11836641259353, 'z': 1145.4303011894226}
2026-02-12 12:36:34,978 - Drone_5 - INFO - Drone 5: Reached target position
2026-02-12 12:36:35,443 - Drone_5 - INFO - Drone 5: Flying to {'x': -83.281104106471, 'y': 99.97798911732212, 'z': 1145.4303011894226}
2026-02-12 12:36:35,986 - Drone_5 - INFO - Drone 5: Reached target position
2026-02-12 12:36:36,445 - Drone_5 - INFO - Drone 5: Flying to {'x': -90.51429708818222, 'y': 97.65346509467481, 'z': 1145.4303011894226}
2026-02-12 12:36:36,992 - Drone_5 - INFO - Drone 5: Reached target position
2026-02-12 12:36:37,449 - Drone_5 - INFO - Drone 5: Flying to {'x': -97.71823897920441, 'y': 95.12812567460614, 'z': 1145.4303011894226}
2026-02-12 12:36:38,001 - Drone_5 - INFO - Drone 5: Reached target position
2026-02-12 12:36:38,453 - Drone_5 - INFO - Drone 5: Flying to {'x': -104.89228730578574, 'y': 92.39033961172245, 'z': 1145.4303011894226}
2026-02-12 12:36:39,008 - Drone_5 - INFO - Drone 5: Reached target position
2026-02-12 12:36:39,457 - Drone_5 - INFO - Drone 5: Flying to {'x': -112.01413096159877, 'y': 89.43333334774708, 'z': 1145.4303011894226}
2026-02-12 12:36:40,014 - Drone_5 - INFO - Drone 5: Reached target position
2026-02-12 12:36:40,459 - Drone_5 - INFO - Drone 5: Flying to {'x': -119.08216779538714, 'y': 86.23743963162771, 'z': 1145.4303011894226}
2026-02-12 12:36:41,021 - Drone_5 - INFO - Drone 5: Reached target position
2026-02-12 12:36:41,460 - Drone_5 - INFO - Drone 5: Flying to {'x': -126.10539763645983, 'y': 82.76952612813515, 'z': 1145.4303011894226}
2026-02-12 12:36:42,026 - Drone_5 - INFO - Drone 5: Reached target position
2026-02-12 12:36:42,462 - Drone_5 - INFO - Drone 5: Flying to {'x': -133.0554791945031, 'y': 79.00501537378545, 'z': 1145.4303011894226}
2026-02-12 12:36:43,033 - Drone_5 - INFO - Drone 5: Reached target position
2026-02-12 12:36:43,465 - Drone_5 - INFO - Drone 5: Flying to {'x': -139.91113700385773, 'y': 74.9060222386131, 'z': 1145.4303011894226}
2026-02-12 12:36:44,040 - Drone_5 - INFO - Drone 5: Reached target position
2026-02-12 12:36:44,468 - Drone_5 - INFO - Drone 5: Flying to {'x': -146.62805408816382, 'y': 70.43718763024708, 'z': 1145.4303011894226}
2026-02-12 12:36:45,149 - Drone_5 - INFO - Drone 5: Reached target position
2026-02-12 12:36:45,471 - Drone_5 - INFO - Drone 5: Flying to {'x': -153.15476845415088, 'y': 65.5576724007693, 'z': 1145.4303011894226}
2026-02-12 12:36:46,155 - Drone_5 - INFO - Drone 5: Reached target position
2026-02-12 12:36:46,475 - Drone_5 - INFO - Drone 5: Flying to {'x': -158.87349905232006, 'y': 59.96935148032151, 'z': 1145.4303011894226}
2026-02-12 12:36:47,162 - Drone_5 - INFO - Drone 5: Reached target position
2026-02-12 12:36:47,480 - Drone_5 - INFO - Drone 5: Flying to {'x': -164.75728771910457, 'y': 54.2177462630196, 'z': 1145.4303011894226}
2026-02-12 12:36:48,168 - Drone_5 - INFO - Drone 5: Reached target position
2026-02-12 12:36:48,482 - Drone_5 - INFO - Drone 5: Flying to {'x': -170.29367738314903, 'y': 48.78584006313052, 'z': 1145.4303011894226}
2026-02-12 12:36:49,174 - Drone_5 - INFO - Drone 5: Reached target position
2026-02-12 12:36:49,485 - Drone_5 - INFO - Drone 5: Flying to {'x': -175.2526226265158, 'y': 42.08900848649227, 'z': 1145.4303011894226}
2026-02-12 12:36:50,181 - Drone_5 - INFO - Drone 5: Reached target position
2026-02-12 12:36:50,488 - Drone_5 - INFO - Drone 5: Flying to {'x': -179.54408909343456, 'y': 34.973901395449374, 'z': 1145.4303011894226}
2026-02-12 12:36:51,188 - Drone_5 - INFO - Drone 5: Reached target position
2026-02-12 12:36:51,493 - Drone_5 - INFO - Drone 5: Flying to {'x': -183.07826330262367, 'y': 27.492002482309246, 'z': 1145.4303011894226}
2026-02-12 12:36:52,195 - Drone_5 - INFO - Drone 5: Reached target position
2026-02-12 12:36:52,496 - Drone_5 - INFO - Drone 5: Flying to {'x': -185.76839223935804, 'y': 19.75588807434403, 'z': 1145.4303011894226}
2026-02-12 12:36:53,102 - Drone_5 - INFO - Drone 5: Reached target position
2026-02-12 12:36:53,499 - Drone_5 - INFO - Drone 5: Flying to {'x': -187.57481836127386, 'y': 11.84927291463207, 'z': 1145.4303011894226}
2026-02-12 12:36:54,108 - Drone_5 - INFO - Drone 5: Reached target position
2026-02-12 12:36:54,501 - Drone_5 - INFO - Drone 5: Flying to {'x': -188.47849327581199, 'y': 3.9007142425839447, 'z': 1145.4303011894226}
2026-02-12 12:36:55,116 - Drone_5 - INFO - Drone 5: Reached target position
2026-02-12 12:36:55,503 - Drone_5 - INFO - Drone 5: Flying to {'x': -188.496616881339, 'y': -4.020705583007231, 'z': 1145.4303011894226}
2026-02-12 12:36:56,223 - Drone_5 - INFO - Drone 5: Reached target position
2026-02-12 12:36:56,505 - Drone_5 - INFO - Drone 5: Flying to {'x': -187.6644964192867, 'y': -11.812017268498426, 'z': 1145.4303011894226}
2026-02-12 12:36:57,129 - Drone_5 - INFO - Drone 5: Reached target position
2026-02-12 12:36:57,508 - Drone_5 - INFO - Drone 5: Flying to {'x': -186.03803303425553, 'y': -19.397522739887513, 'z': 1145.4303011894226}
2026-02-12 12:36:58,237 - Drone_5 - INFO - Drone 5: Reached target position
2026-02-12 12:36:58,513 - Drone_5 - INFO - Drone 5: Flying to {'x': -183.6800533671775, 'y': -26.731283441919615, 'z': 1145.4303011894226}
2026-02-12 12:36:59,141 - Drone_5 - INFO - Drone 5: Reached target position
2026-02-12 12:36:59,516 - Drone_5 - INFO - Drone 5: Flying to {'x': -180.6619623162074, 'y': -33.76661654618357, 'z': 1145.4303011894226}
2026-02-12 12:37:00,248 - Drone_5 - INFO - Drone 5: Reached target position
2026-02-12 12:37:00,518 - Drone_5 - INFO - Drone 5: Flying to {'x': -177.05469771783427, 'y': -40.47656433278057, 'z': 1145.4303011894226}
2026-02-12 12:37:01,154 - Drone_5 - INFO - Drone 5: Reached target position
2026-02-12 12:37:01,520 - Drone_5 - INFO - Drone 5: Flying to {'x': -172.91749921379426, 'y': -46.85827237065445, 'z': 1145.4303011894226}
2026-02-12 12:37:02,162 - Drone_5 - INFO - Drone 5: Reached target position
2026-02-12 12:37:02,522 - Drone_5 - INFO - Drone 5: Flying to {'x': -168.33155811589518, 'y': -52.878595256826756, 'z': 1145.4303011894226}
2026-02-12 12:37:03,168 - Drone_5 - INFO - Drone 5: Reached target position
2026-02-12 12:37:03,524 - Drone_5 - INFO - Drone 5: Flying to {'x': -163.34565250923154, 'y': -58.5522926562973, 'z': 1145.4303011894226}
2026-02-12 12:37:04,174 - Drone_5 - INFO - Drone 5: Reached target position
2026-02-12 12:37:04,526 - Drone_5 - INFO - Drone 5: Flying to {'x': -157.998897739383, 'y': -63.8956948695084, 'z': 1145.4303011894226}
2026-02-12 12:37:05,181 - Drone_5 - INFO - Drone 5: Reached target position
2026-02-12 12:37:05,529 - Drone_5 - INFO - Drone 5: Flying to {'x': -152.34675226181488, 'y': -68.90467255269814, 'z': 1145.4303011894226}
2026-02-12 12:37:06,187 - Drone_5 - INFO - Drone 5: Reached target position
2026-02-12 12:37:06,533 - Drone_5 - INFO - Drone 5: Flying to {'x': -146.4134032371323, 'y': -73.60071459189871, 'z': 1145.4303011894226}
2026-02-12 12:37:07,194 - Drone_5 - INFO - Drone 5: Reached target position
2026-02-12 12:37:07,537 - Drone_5 - INFO - Drone 5: Flying to {'x': -140.23462574478114, 'y': -77.99049097846161, 'z': 1145.4303011894226}
2026-02-12 12:37:08,200 - Drone_5 - INFO - Drone 5: Reached target position
2026-02-12 12:37:08,541 - Drone_5 - INFO - Drone 5: Flying to {'x': -133.85924291036156, 'y': -82.07158820375838, 'z': 1145.4303011894226}
2026-02-12 12:37:09,207 - Drone_5 - INFO - Drone 5: Reached target position
2026-02-12 12:37:09,542 - Drone_5 - INFO - Drone 5: Flying to {'x': -127.31275563656197, 'y': -85.85695183694213, 'z': 1145.4303011894226}
2026-02-12 12:37:10,214 - Drone_5 - INFO - Drone 5: Reached target position
2026-02-12 12:37:10,544 - Drone_5 - INFO - Drone 5: Flying to {'x': -120.59877724556914, 'y': -89.36784955075117, 'z': 1145.4303011894226}
2026-02-12 12:37:11,220 - Drone_5 - INFO - Drone 5: Reached target position
2026-02-12 12:37:11,546 - Drone_5 - INFO - Drone 5: Flying to {'x': -113.74505912929415, 'y': -92.60912014884947, 'z': 1145.4303011894226}
2026-02-12 12:37:12,226 - Drone_5 - INFO - Drone 5: Reached target position
2026-02-12 12:37:12,549 - Drone_5 - INFO - Drone 5: Flying to {'x': -106.77505620408087, 'y': -95.58738594939959, 'z': 1145.4303011894226}
2026-02-12 12:37:13,232 - Drone_5 - INFO - Drone 5: Reached target position
2026-02-12 12:37:13,550 - Drone_5 - INFO - Drone 5: Flying to {'x': -99.70212073444821, 'y': -98.31253804149273, 'z': 1145.4303011894226}
2026-02-12 12:37:14,241 - Drone_5 - INFO - Drone 5: Reached target position
2026-02-12 12:37:14,554 - Drone_5 - INFO - Drone 5: Flying to {'x': -92.53477257888079, 'y': -100.79443344292113, 'z': 1145.4303011894226}
2026-02-12 12:37:15,248 - Drone_5 - INFO - Drone 5: Reached target position
2026-02-12 12:37:15,558 - Drone_5 - INFO - Drone 5: Flying to {'x': -85.28116959733802, 'y': -103.04120781301663, 'z': 1145.4303011894226}
2026-02-12 12:37:16,255 - Drone_5 - INFO - Drone 5: Reached target position
2026-02-12 12:37:16,560 - Drone_5 - INFO - Drone 5: Flying to {'x': -77.95544336781182, 'y': -105.05802773758887, 'z': 1145.4303011894226}
2026-02-12 12:37:17,263 - Drone_5 - INFO - Drone 5: Reached target position
2026-02-12 12:37:17,562 - Drone_5 - INFO - Drone 5: Flying to {'x': -70.51160256081049, 'y': -106.65708142259184, 'z': 1145.4303011894226}
2026-02-12 12:37:18,169 - Drone_5 - INFO - Drone 5: Reached target position
2026-02-12 12:37:18,565 - Drone_5 - INFO - Drone 5: Flying to {'x': -63.88353658298738, 'y': -108.27454996583981, 'z': 1145.4303011894226}
2026-02-12 12:37:19,178 - Drone_5 - INFO - Drone 5: Reached target position
2026-02-12 12:37:19,567 - Drone_5 - INFO - Drone 5: Flying to {'x': -56.416153849812, 'y': -109.65316745079826, 'z': 1145.4303011894226}
2026-02-12 12:37:20,183 - Drone_5 - INFO - Drone 5: Reached target position
2026-02-12 12:37:20,571 - Drone_5 - INFO - Drone 5: Flying to {'x': -48.918555017391824, 'y': -110.82123754322113, 'z': 1145.4303011894226}
2026-02-12 12:37:21,189 - Drone_5 - INFO - Drone 5: Reached target position
2026-02-12 12:37:21,575 - Drone_5 - INFO - Drone 5: Flying to {'x': -41.38036147640871, 'y': -111.78527191493147, 'z': 1145.4303011894226}
2026-02-12 12:37:22,195 - Drone_5 - INFO - Drone 5: Reached target position
2026-02-12 12:37:22,577 - Drone_5 - INFO - Drone 5: Flying to {'x': -33.82175542035423, 'y': -112.5468681957354, 'z': 1145.4303011894226}
2026-02-12 12:37:23,201 - Drone_5 - INFO - Drone 5: Reached target position
2026-02-12 12:37:23,580 - Drone_5 - INFO - Drone 5: Flying to {'x': -26.248723351597636, 'y': -113.10954748252989, 'z': 1145.4303011894226}
2026-02-12 12:37:24,207 - Drone_5 - INFO - Drone 5: Reached target position
2026-02-12 12:37:24,583 - Drone_5 - INFO - Drone 5: Flying to {'x': -18.682751679616636, 'y': -113.47595719841077, 'z': 1145.4303011894226}
2026-02-12 12:37:25,213 - Drone_5 - INFO - Drone 5: Reached target position
2026-02-12 12:37:25,585 - Drone_5 - INFO - Drone 5: Flying to {'x': -11.084915473947712, 'y': -113.65050440948639, 'z': 1145.4303011894226}
2026-02-12 12:37:26,219 - Drone_5 - INFO - Drone 5: Reached target position
2026-02-12 12:37:26,589 - Drone_5 - INFO - Drone 5: Flying to {'x': -3.498121517149543, 'y': -113.63427068456757, 'z': 1145.4303011894226}
2026-02-12 12:37:27,225 - Drone_5 - INFO - Drone 5: Reached target position
2026-02-12 12:37:27,592 - Drone_5 - INFO - Drone 5: Flying to {'x': 4.066399411352304, 'y': -113.43054683191971, 'z': 1145.4303011894226}
2026-02-12 12:37:28,233 - Drone_5 - INFO - Drone 5: Reached target position
2026-02-12 12:37:28,595 - Drone_5 - INFO - Drone 5: Flying to {'x': 11.63002129577713, 'y': -113.04084266766971, 'z': 1145.4303011894226}
2026-02-12 12:37:29,240 - Drone_5 - INFO - Drone 5: Reached target position
2026-02-12 12:37:29,598 - Drone_5 - INFO - Drone 5: Flying to {'x': 19.183663442327077, 'y': -112.46667858259524, 'z': 1145.4303011894226}
2026-02-12 12:37:30,246 - Drone_5 - INFO - Drone 5: Reached target position
2026-02-12 12:37:30,600 - Drone_5 - INFO - Drone 5: Flying to {'x': 26.712786691297794, 'y': -111.71046962202448, 'z': 1145.4303011894226}
2026-02-12 12:37:31,252 - Drone_5 - INFO - Drone 5: Reached target position
2026-02-12 12:37:31,602 - Drone_5 - INFO - Drone 5: Flying to {'x': 34.20328997172561, 'y': -110.77537856292474, 'z': 1145.4303011894226}
2026-02-12 12:37:32,259 - Drone_5 - INFO - Drone 5: Reached target position
2026-02-12 12:37:32,603 - Drone_5 - INFO - Drone 5: Flying to {'x': 41.68062332777189, 'y': -109.65883239498436, 'z': 1145.4303011894226}
2026-02-12 12:37:33,264 - Drone_5 - INFO - Drone 5: Reached target position
2026-02-12 12:37:33,606 - Drone_5 - INFO - Drone 5: Flying to {'x': 49.12827738096573, 'y': -108.36307395694057, 'z': 1145.4303011894226}
2026-02-12 12:37:34,269 - Drone_5 - INFO - Drone 5: Reached target position
2026-02-12 12:37:34,609 - Drone_5 - INFO - Drone 5: Flying to {'x': 56.545088266298556, 'y': -106.88800738723069, 'z': 1145.4303011894226}
2026-02-12 12:37:35,276 - Drone_5 - INFO - Drone 5: Reached target position
2026-02-12 12:37:35,613 - Drone_5 - INFO - Drone 5: Flying to {'x': 63.91927042654574, 'y': -105.23544006162308, 'z': 1145.4303011894226}
2026-02-12 12:37:36,283 - Drone_5 - INFO - Drone 5: Reached target position
2026-02-12 12:37:36,617 - Drone_5 - INFO - Drone 5: Flying to {'x': 71.25457945889983, 'y': -103.40332925476365, 'z': 1145.4303011894226}
2026-02-12 12:37:37,289 - Drone_5 - INFO - Drone 5: Reached target position
2026-02-12 12:37:37,619 - Drone_5 - INFO - Drone 5: Flying to {'x': 78.55124648918121, 'y': -101.38914623661698, 'z': 1145.4303011894226}
2026-02-12 12:37:38,298 - Drone_5 - INFO - Drone 5: Reached target position
2026-02-12 12:37:38,622 - Drone_5 - INFO - Drone 5: Flying to {'x': 85.81117104782533, 'y': -99.18830517834655, 'z': 1145.4303011894226}
2026-02-12 12:37:39,306 - Drone_5 - INFO - Drone 5: Reached target position
2026-02-12 12:37:39,626 - Drone_5 - INFO - Drone 5: Flying to {'x': 93.04019817066386, 'y': -96.79261864288168, 'z': 1145.4303011894226}
2026-02-12 12:37:40,311 - Drone_5 - INFO - Drone 5: Reached target position
2026-02-12 12:37:40,628 - Drone_5 - INFO - Drone 5: Flying to {'x': 100.23345917098389, 'y': -94.19452728976444, 'z': 1145.4303011894226}
2026-02-12 12:37:41,319 - Drone_5 - INFO - Drone 5: Reached target position
2026-02-12 12:37:41,631 - Drone_5 - INFO - Drone 5: Flying to {'x': 107.37995496046497, 'y': -91.38582964234993, 'z': 1145.4303011894226}
2026-02-12 12:37:42,326 - Drone_5 - INFO - Drone 5: Reached target position
2026-02-12 12:37:42,634 - Drone_5 - INFO - Drone 5: Flying to {'x': 114.4952025147689, 'y': -88.34275205500131, 'z': 1145.4303011894226}
2026-02-12 12:37:43,332 - Drone_5 - INFO - Drone 5: Reached target position
2026-02-12 12:37:43,638 - Drone_5 - INFO - Drone 5: Flying to {'x': 121.54426101703649, 'y': -85.05705659553996, 'z': 1145.4303011894226}
2026-02-12 12:37:44,342 - Drone_5 - INFO - Drone 5: Reached target position
2026-02-12 12:37:44,642 - Drone_5 - INFO - Drone 5: Flying to {'x': 128.530283580027, 'y': -81.49667568539637, 'z': 1145.4303011894226}
2026-02-12 12:37:45,145 - Drone_5 - INFO - Drone 5: Reached target position
2026-02-12 12:37:45,644 - Drone_5 - INFO - Drone 5: Flying to {'x': 135.44083578595834, 'y': -77.62626555456454, 'z': 1145.4303011894226}
2026-02-12 12:37:46,254 - Drone_5 - INFO - Drone 5: Reached target position
2026-02-12 12:37:46,647 - Drone_5 - INFO - Drone 5: Flying to {'x': 142.24515946824206, 'y': -73.40930673944214, 'z': 1145.4303011894226}
2026-02-12 12:37:47,161 - Drone_5 - INFO - Drone 5: Reached target position
2026-02-12 12:37:47,650 - Drone_5 - INFO - Drone 5: Flying to {'x': 148.89922320535013, 'y': -68.80633514446993, 'z': 1145.4303011894226}
2026-02-12 12:37:48,268 - Drone_5 - INFO - Drone 5: Reached target position
2026-02-12 12:37:48,652 - Drone_5 - INFO - Drone 5: Flying to {'x': 155.3462853277946, 'y': -63.775732856573356, 'z': 1145.4303011894226}
2026-02-12 12:37:49,173 - Drone_5 - INFO - Drone 5: Reached target position
2026-02-12 12:37:49,655 - Drone_5 - INFO - Drone 5: Flying to {'x': 161.49930074405, 'y': -58.292529275272045, 'z': 1145.4303011894226}
2026-02-12 12:37:50,280 - Drone_5 - INFO - Drone 5: Reached target position
2026-02-12 12:37:50,659 - Drone_5 - INFO - Drone 5: Flying to {'x': 167.27768180946512, 'y': -52.323492430223055, 'z': 1145.4303011894226}
2026-02-12 12:37:51,186 - Drone_5 - INFO - Drone 5: Reached target position
2026-02-12 12:37:51,663 - Drone_5 - INFO - Drone 5: Flying to {'x': 171.94295745140442, 'y': -45.74865279080933, 'z': 1145.4303011894226}
2026-02-12 12:37:52,194 - Drone_5 - INFO - Drone 5: Reached target position
2026-02-12 12:37:52,667 - Drone_5 - INFO - Drone 5: Flying to {'x': 176.6145624413432, 'y': -38.91579160762992, 'z': 1145.4303011894226}
2026-02-12 12:37:53,200 - Drone_5 - INFO - Drone 5: Reached target position
2026-02-12 12:37:53,671 - Drone_5 - INFO - Drone 5: Flying to {'x': 180.84501611840813, 'y': -32.44787883094192, 'z': 1145.4303011894226}
2026-02-12 12:37:54,209 - Drone_5 - INFO - Drone 5: Reached target position
2026-02-12 12:37:54,673 - Drone_5 - INFO - Drone 5: Flying to {'x': 184.09531810988915, 'y': -24.872712189460344, 'z': 1145.4303011894226}
2026-02-12 12:37:55,214 - Drone_5 - INFO - Drone 5: Reached target position
2026-02-12 12:37:55,675 - Drone_5 - INFO - Drone 5: Flying to {'x': 186.487093765443, 'y': -17.067036193742148, 'z': 1145.4303011894226}
2026-02-12 12:37:56,120 - Drone_5 - INFO - Drone 5: Reached target position
2026-02-12 12:37:56,678 - Drone_5 - INFO - Drone 5: Flying to {'x': 187.98533573065404, 'y': -9.129780354703406, 'z': 1145.4303011894226}
2026-02-12 12:37:57,127 - Drone_5 - INFO - Drone 5: Reached target position
2026-02-12 12:37:57,681 - Drone_5 - INFO - Drone 5: Flying to {'x': 188.58327491895, 'y': -1.1860895015066646, 'z': 1145.4303011894226}
2026-02-12 12:37:58,132 - Drone_5 - INFO - Drone 5: Reached target position
2026-02-12 12:37:58,684 - Drone_5 - INFO - Drone 5: Flying to {'x': 188.30551335342517, 'y': 6.702560051512844, 'z': 1145.4303011894226}
2026-02-12 12:37:59,040 - Drone_5 - INFO - Drone 5: Reached target position
2026-02-12 12:37:59,688 - Drone_5 - INFO - Drone 5: Flying to {'x': 187.19638090098613, 'y': 14.423674840138595, 'z': 1145.4303011894226}
2026-02-12 12:38:00,048 - Drone_5 - INFO - Drone 5: Reached target position
2026-02-12 12:38:00,692 - Drone_5 - INFO - Drone 5: Flying to {'x': 185.31492976023355, 'y': 21.922558176670584, 'z': 1145.4303011894226}
2026-02-12 12:38:00,954 - Drone_5 - INFO - Drone 5: Reached target position
2026-02-12 12:38:01,694 - Drone_5 - INFO - Drone 5: Flying to {'x': 182.72698545200967, 'y': 29.152633340088784, 'z': 1145.4303011894226}
2026-02-12 12:38:01,960 - Drone_5 - INFO - Drone 5: Reached target position
2026-02-12 12:38:02,695 - Drone_5 - INFO - Drone 5: Flying to {'x': 179.50735995891958, 'y': 36.068235920938506, 'z': 1145.4303011894226}
2026-02-12 12:38:02,866 - Drone_5 - INFO - Drone 5: Reached target position
2026-02-12 12:38:03,697 - Drone_5 - INFO - Drone 5: Flying to {'x': 175.70731453246827, 'y': 42.679354494666825, 'z': 1145.4303011894226}
2026-02-12 12:38:03,875 - Drone_5 - INFO - Drone 5: Reached target position
2026-02-12 12:38:04,698 - Drone_5 - INFO - Drone 5: Flying to {'x': 171.41807519280425, 'y': 48.9290847782799, 'z': 1145.4303011894226}
2026-02-12 12:38:04,883 - Drone_5 - INFO - Drone 5: Reached target position
2026-02-12 12:38:05,701 - Drone_5 - INFO - Drone 5: Flying to {'x': 166.6819822302502, 'y': 54.842510544727794, 'z': 1145.4303011894226}
2026-02-12 12:38:05,890 - Drone_5 - INFO - Drone 5: Reached target position
2026-02-12 12:38:06,704 - Drone_5 - INFO - Drone 5: Flying to {'x': 161.57326638542668, 'y': 60.39856504836425, 'z': 1145.4303011894226}
2026-02-12 12:38:06,899 - Drone_5 - INFO - Drone 5: Reached target position
2026-02-12 12:38:07,708 - Drone_5 - INFO - Drone 5: Flying to {'x': 156.12387438018354, 'y': 65.62283659272646, 'z': 1145.4303011894226}
2026-02-12 12:38:07,905 - Drone_5 - INFO - Drone 5: Reached target position
2026-02-12 12:38:08,713 - Drone_5 - INFO - Drone 5: Flying to {'x': 150.37617871731806, 'y': 70.522512660981, 'z': 1145.4303011894226}
2026-02-12 12:38:08,911 - Drone_5 - INFO - Drone 5: Reached target position
2026-02-12 12:38:09,717 - Drone_5 - INFO - Drone 5: Flying to {'x': 144.37114046663683, 'y': 75.10382226020911, 'z': 1145.4303011894226}
2026-02-12 12:38:09,916 - Drone_5 - INFO - Drone 5: Reached target position
2026-02-12 12:38:10,719 - Drone_5 - INFO - Drone 5: Flying to {'x': 138.13798090902117, 'y': 79.37954872104233, 'z': 1145.4303011894226}
2026-02-12 12:38:10,923 - Drone_5 - INFO - Drone 5: Reached target position
2026-02-12 12:38:11,721 - Drone_5 - INFO - Drone 5: Flying to {'x': 131.70338282435844, 'y': 83.36085914750765, 'z': 1145.4303011894226}
2026-02-12 12:38:11,930 - Drone_5 - INFO - Drone 5: Reached target position
2026-02-12 12:38:12,724 - Drone_5 - INFO - Drone 5: Flying to {'x': 125.09035931331401, 'y': 87.0585196950056, 'z': 1145.4303011894226}
2026-02-12 12:38:12,937 - Drone_5 - INFO - Drone 5: Reached target position
2026-02-12 12:38:13,727 - Drone_5 - INFO - Drone 5: Flying to {'x': 118.33694463256268, 'y': 90.47402147374524, 'z': 1145.4303011894226}
2026-02-12 12:38:13,943 - Drone_5 - INFO - Drone 5: Reached target position
2026-02-12 12:38:14,731 - Drone_5 - INFO - Drone 5: Flying to {'x': 111.44811623199871, 'y': 93.62458105986025, 'z': 1145.4303011894226}
2026-02-12 12:38:15,049 - Drone_5 - INFO - Drone 5: Reached target position
2026-02-12 12:38:15,735 - Drone_5 - INFO - Drone 5: Flying to {'x': 104.43574468684913, 'y': 96.52060640459848, 'z': 1145.4303011894226}
2026-02-12 12:38:16,055 - Drone_5 - INFO - Drone 5: Reached target position
2026-02-12 12:38:16,738 - Drone_5 - INFO - Drone 5: Flying to {'x': 97.33674574398663, 'y': 99.16173010061607, 'z': 1145.4303011894226}
2026-02-12 12:38:17,061 - Drone_5 - INFO - Drone 5: Reached target position
2026-02-12 12:38:17,740 - Drone_5 - INFO - Drone 5: Flying to {'x': 90.14379257513025, 'y': 101.56364707053837, 'z': 1145.4303011894226}
2026-02-12 12:38:18,068 - Drone_5 - INFO - Drone 5: Reached target position
2026-02-12 12:38:18,745 - Drone_5 - INFO - Drone 5: Flying to {'x': 82.86822551499394, 'y': 103.73281331200985, 'z': 1145.4303011894226}
2026-02-12 12:38:19,074 - Drone_5 - INFO - Drone 5: Reached target position
2026-02-12 12:38:19,747 - Drone_5 - INFO - Drone 5: Flying to {'x': 75.53059037835915, 'y': 105.67255726628073, 'z': 1145.4303011894226}
2026-02-12 12:38:20,081 - Drone_5 - INFO - Drone 5: Reached target position
2026-02-12 12:38:20,752 - Drone_5 - INFO - Drone 5: Flying to {'x': 68.13394087803242, 'y': 107.3904834882354, 'z': 1145.4303011894226}
2026-02-12 12:38:21,086 - Drone_5 - INFO - Drone 5: Reached target position
2026-02-12 12:38:21,755 - Drone_5 - INFO - Drone 5: Flying to {'x': 60.691907883156674, 'y': 108.89075169491511, 'z': 1145.4303011894226}
2026-02-12 12:38:22,194 - Drone_5 - INFO - Drone 5: Reached target position
2026-02-12 12:38:22,757 - Drone_5 - INFO - Drone 5: Flying to {'x': 53.21745150910654, 'y': 110.17761271454297, 'z': 1145.4303011894226}
2026-02-12 12:38:23,201 - Drone_5 - INFO - Drone 5: Reached target position
2026-02-12 12:38:23,759 - Drone_5 - INFO - Drone 5: Flying to {'x': 45.70632758530054, 'y': 111.25752421121824, 'z': 1145.4303011894226}
2026-02-12 12:38:24,207 - Drone_5 - INFO - Drone 5: Reached target position
2026-02-12 12:38:24,762 - Drone_5 - INFO - Drone 5: Flying to {'x': 38.168596971666354, 'y': 112.13375446273672, 'z': 1145.4303011894226}
2026-02-12 12:38:25,214 - Drone_5 - INFO - Drone 5: Reached target position
2026-02-12 12:38:25,765 - Drone_5 - INFO - Drone 5: Flying to {'x': 30.614921461804453, 'y': 112.80947968455756, 'z': 1145.4303011894226}
2026-02-12 12:38:26,221 - Drone_5 - INFO - Drone 5: Reached target position
2026-02-12 12:38:26,769 - Drone_5 - INFO - Drone 5: Flying to {'x': 23.044002971966915, 'y': 113.28854011707591, 'z': 1145.4303011894226}
2026-02-12 12:38:27,227 - Drone_5 - INFO - Drone 5: Reached target position
2026-02-12 12:38:27,773 - Drone_5 - INFO - Drone 5: Flying to {'x': 15.447061271950838, 'y': 113.57387330780887, 'z': 1145.4303011894226}
2026-02-12 12:38:28,234 - Drone_5 - INFO - Drone 5: Reached target position
2026-02-12 12:38:28,776 - Drone_5 - INFO - Drone 5: Flying to {'x': 7.87373425838149, 'y': 113.6668610708604, 'z': 1145.4303011894226}
2026-02-12 12:38:29,241 - Drone_5 - INFO - Drone 5: Reached target position
2026-02-12 12:38:29,781 - Drone_5 - INFO - Drone 5: Flying to {'x': 0.3052428800229974, 'y': 113.5711697894094, 'z': 1145.4303011894226}
2026-02-12 12:38:30,248 - Drone_5 - INFO - Drone 5: Reached target position
2026-02-12 12:38:30,782 - Drone_5 - INFO - Drone 5: Flying to {'x': -7.265040744964947, 'y': 113.28849064886907, 'z': 1145.4303011894226}
2026-02-12 12:38:31,256 - Drone_5 - INFO - Drone 5: Reached target position
2026-02-12 12:38:31,784 - Drone_5 - INFO - Drone 5: Flying to {'x': -14.059125286367133, 'y': 112.8764782781995, 'z': 1145.4303011894226}
2026-02-12 12:38:32,263 - Drone_5 - INFO - Drone 5: Reached target position
2026-02-12 12:38:32,786 - Drone_5 - INFO - Drone 5: Flying to {'x': -21.598612207257975, 'y': 112.24428021488993, 'z': 1145.4303011894226}
2026-02-12 12:38:33,370 - Drone_5 - INFO - Drone 5: Reached target position
2026-02-12 12:38:33,789 - Drone_5 - INFO - Drone 5: Flying to {'x': -29.10995706291194, 'y': 111.43123877831898, 'z': 1145.4303011894226}
2026-02-12 12:38:34,376 - Drone_5 - INFO - Drone 5: Reached target position
2026-02-12 12:38:34,793 - Drone_5 - INFO - Drone 5: Flying to {'x': -36.59431051796297, 'y': 110.43844465921555, 'z': 1145.4303011894226}
2026-02-12 12:38:35,384 - Drone_5 - INFO - Drone 5: Reached target position
2026-02-12 12:38:35,797 - Drone_5 - INFO - Drone 5: Flying to {'x': -44.061384668596176, 'y': 109.26478773087521, 'z': 1145.4303011894226}
2026-02-12 12:38:36,390 - Drone_5 - INFO - Drone 5: Reached target position
2026-02-12 12:38:36,799 - Drone_5 - INFO - Drone 5: Flying to {'x': -51.49748411493101, 'y': 107.9121820867172, 'z': 1145.4303011894226}
2026-02-12 12:38:37,396 - Drone_5 - INFO - Drone 5: Reached target position
2026-02-12 12:38:37,801 - Drone_5 - INFO - Drone 5: Flying to {'x': -58.90071446621677, 'y': 106.38056600100931, 'z': 1145.4303011894226}
2026-02-12 12:38:38,402 - Drone_5 - INFO - Drone 5: Reached target position
2026-02-12 12:38:38,803 - Drone_5 - INFO - Drone 5: Flying to {'x': -66.26614575568345, 'y': 104.67002178102689, 'z': 1145.4303011894226}
2026-02-12 12:38:39,307 - Drone_5 - INFO - Drone 5: Reached target position
2026-02-12 12:38:39,805 - Drone_5 - INFO - Drone 5: Flying to {'x': -73.59799925706713, 'y': 102.7776413084436, 'z': 1145.4303011894226}
2026-02-12 12:38:40,316 - Drone_5 - INFO - Drone 5: Reached target position
2026-02-12 12:38:40,809 - Drone_5 - INFO - Drone 5: Flying to {'x': -80.8943791067198, 'y': 100.7006612714039, 'z': 1145.4303011894226}
2026-02-12 12:38:41,322 - Drone_5 - INFO - Drone 5: Reached target position
2026-02-12 12:38:41,812 - Drone_5 - INFO - Drone 5: Flying to {'x': -88.14795398950925, 'y': 98.4366676910247, 'z': 1145.4303011894226}
2026-02-12 12:38:42,329 - Drone_5 - INFO - Drone 5: Reached target position
2026-02-12 12:38:42,816 - Drone_5 - INFO - Drone 5: Flying to {'x': -95.36423561174234, 'y': 95.97723703047986, 'z': 1145.4303011894226}
2026-02-12 12:38:43,335 - Drone_5 - INFO - Drone 5: Reached target position
2026-02-12 12:38:43,820 - Drone_5 - INFO - Drone 5: Flying to {'x': -102.54533449842121, 'y': 93.31159995254883, 'z': 1145.4303011894226}
2026-02-12 12:38:44,345 - Drone_5 - INFO - Drone 5: Reached target position
2026-02-12 12:38:44,828 - Drone_5 - INFO - Drone 5: Flying to {'x': -109.67598540716784, 'y': 90.431949488682, 'z': 1145.4303011894226}
2026-02-12 12:38:45,352 - Drone_5 - INFO - Drone 5: Reached target position
2026-02-12 12:38:45,830 - Drone_5 - INFO - Drone 5: Flying to {'x': -116.75585984423574, 'y': 87.32009631026737, 'z': 1145.4303011894226}
2026-02-12 12:38:46,360 - Drone_5 - INFO - Drone 5: Reached target position
2026-02-12 12:38:46,832 - Drone_5 - INFO - Drone 5: Flying to {'x': -123.79206323833071, 'y': 83.94670463530895, 'z': 1145.4303011894226}
2026-02-12 12:38:47,466 - Drone_5 - INFO - Drone 5: Reached target position
2026-02-12 12:38:47,836 - Drone_5 - INFO - Drone 5: Flying to {'x': -130.76634931719997, 'y': 80.28509897984976, 'z': 1145.4303011894226}
2026-02-12 12:38:48,371 - Drone_5 - INFO - Drone 5: Reached target position
2026-02-12 12:38:48,840 - Drone_5 - INFO - Drone 5: Flying to {'x': -137.65049894867985, 'y': 76.30480897054991, 'z': 1145.4303011894226}
2026-02-12 12:38:49,478 - Drone_5 - INFO - Drone 5: Reached target position
2026-02-12 12:38:49,842 - Drone_5 - INFO - Drone 5: Flying to {'x': -144.40994309523091, 'y': 71.9689392358905, 'z': 1145.4303011894226}
2026-02-12 12:38:50,486 - Drone_5 - INFO - Drone 5: Reached target position
2026-02-12 12:38:50,844 - Drone_5 - INFO - Drone 5: Flying to {'x': -151.0139773453542, 'y': 67.22499632882236, 'z': 1145.4303011894226}
2026-02-12 12:38:51,495 - Drone_5 - INFO - Drone 5: Reached target position
2026-02-12 12:38:51,847 - Drone_5 - INFO - Drone 5: Flying to {'x': -157.37632350308138, 'y': 62.04972587685519, 'z': 1145.4303011894226}
2026-02-12 12:38:52,503 - Drone_5 - INFO - Drone 5: Reached target position
2026-02-12 12:38:52,850 - Drone_5 - INFO - Drone 5: Flying to {'x': -163.4367616472953, 'y': 56.39259119274252, 'z': 1145.4303011894226}
2026-02-12 12:38:53,510 - Drone_5 - INFO - Drone 5: Reached target position
2026-02-12 12:38:53,853 - Drone_5 - INFO - Drone 5: Flying to {'x': -169.06121185958173, 'y': 50.27255582567037, 'z': 1145.4303011894226}
2026-02-12 12:38:54,515 - Drone_5 - INFO - Drone 5: Reached target position
2026-02-12 12:38:54,857 - Drone_5 - INFO - Drone 5: Flying to {'x': -174.16038455228352, 'y': 43.67828414605506, 'z': 1145.4303011894226}
2026-02-12 12:38:55,522 - Drone_5 - INFO - Drone 5: Reached target position
2026-02-12 12:38:55,860 - Drone_5 - INFO - Drone 5: Flying to {'x': -178.6177709524153, 'y': 36.65083713848854, 'z': 1145.4303011894226}
2026-02-12 12:38:56,528 - Drone_5 - INFO - Drone 5: Reached target position
2026-02-12 12:38:56,863 - Drone_5 - INFO - Drone 5: Flying to {'x': -182.33395402276864, 'y': 29.248121090915117, 'z': 1145.4303011894226}
2026-02-12 12:38:57,634 - Drone_5 - INFO - Drone 5: Reached target position
2026-02-12 12:38:57,866 - Drone_5 - INFO - Drone 5: Flying to {'x': -185.22576680723913, 'y': 21.556739258774023, 'z': 1145.4303011894226}
2026-02-12 12:38:58,540 - Drone_5 - INFO - Drone 5: Reached target position
2026-02-12 12:38:58,868 - Drone_5 - INFO - Drone 5: Flying to {'x': -187.2374604006929, 'y': 13.685282114090537, 'z': 1145.4303011894226}
2026-02-12 12:38:59,648 - Drone_5 - INFO - Drone 5: Reached target position
2026-02-12 12:38:59,871 - Drone_5 - INFO - Drone 5: Flying to {'x': -188.34961253699072, 'y': 5.731650593818504, 'z': 1145.4303011894226}
2026-02-12 12:39:00,554 - Drone_5 - INFO - Drone 5: Reached target position
2026-02-12 12:39:00,874 - Drone_5 - INFO - Drone 5: Flying to {'x': -188.56914330114688, 'y': -2.213800724791156, 'z': 1145.4303011894226}
2026-02-12 12:39:01,661 - Drone_5 - INFO - Drone 5: Reached target position
2026-02-12 12:39:01,876 - Drone_5 - INFO - Drone 5: Flying to {'x': -187.92993022444148, 'y': -10.02521427273432, 'z': 1145.4303011894226}
2026-02-12 12:39:02,566 - Drone_5 - INFO - Drone 5: Reached target position
2026-02-12 12:39:02,878 - Drone_5 - INFO - Drone 5: Flying to {'x': -186.4824653661039, 'y': -17.6604982165992, 'z': 1145.4303011894226}
2026-02-12 12:39:03,675 - Drone_5 - INFO - Drone 5: Reached target position
2026-02-12 12:39:03,882 - Drone_5 - INFO - Drone 5: Flying to {'x': -184.29160905267295, 'y': -25.04661064609769, 'z': 1145.4303011894226}
2026-02-12 12:39:04,580 - Drone_5 - INFO - Drone 5: Reached target position
2026-02-12 12:39:04,884 - Drone_5 - INFO - Drone 5: Flying to {'x': -181.4254923583458, 'y': -32.14485334621021, 'z': 1145.4303011894226}
2026-02-12 12:39:05,587 - Drone_5 - INFO - Drone 5: Reached target position
2026-02-12 12:39:05,885 - Drone_5 - INFO - Drone 5: Flying to {'x': -177.65661784496044, 'y': -38.711846996623756, 'z': 1145.4303011894226}
2026-02-12 12:39:06,493 - Drone_5 - INFO - Drone 5: Reached target position
2026-02-12 12:39:06,888 - Drone_5 - INFO - Drone 5: Flying to {'x': -174.36611409548627, 'y': -44.74673445369871, 'z': 1145.4303011894226}
2026-02-12 12:39:07,499 - Drone_5 - INFO - Drone 5: Reached target position
2026-02-12 12:39:07,891 - Drone_5 - INFO - Drone 5: Flying to {'x': -169.92655791743906, 'y': -50.886159952591186, 'z': 1145.4303011894226}
2026-02-12 12:39:08,506 - Drone_5 - INFO - Drone 5: Reached target position
2026-02-12 12:39:08,895 - Drone_5 - INFO - Drone 5: Flying to {'x': -165.0659492464706, 'y': -56.68041984589766, 'z': 1145.4303011894226}
2026-02-12 12:39:09,513 - Drone_5 - INFO - Drone 5: Reached target position
2026-02-12 12:39:09,898 - Drone_5 - INFO - Drone 5: Flying to {'x': -159.8314038911184, 'y': -62.13838589782636, 'z': 1145.4303011894226}
2026-02-12 12:39:10,519 - Drone_5 - INFO - Drone 5: Reached target position
2026-02-12 12:39:10,901 - Drone_5 - INFO - Drone 5: Flying to {'x': -154.27661249812346, 'y': -67.2591290904766, 'z': 1145.4303011894226}
2026-02-12 12:39:11,524 - Drone_5 - INFO - Drone 5: Reached target position
2026-02-12 12:39:11,903 - Drone_5 - INFO - Drone 5: Flying to {'x': -148.44085093826075, 'y': -72.05377013079647, 'z': 1145.4303011894226}
2026-02-12 12:39:12,531 - Drone_5 - INFO - Drone 5: Reached target position
2026-02-12 12:39:12,905 - Drone_5 - INFO - Drone 5: Flying to {'x': -142.35764172604993, 'y': -76.53430262907017, 'z': 1145.4303011894226}
2026-02-12 12:39:13,538 - Drone_5 - INFO - Drone 5: Reached target position
2026-02-12 12:39:13,908 - Drone_5 - INFO - Drone 5: Flying to {'x': -136.05755075306107, 'y': -80.71156454992726, 'z': 1145.4303011894226}
2026-02-12 12:39:14,544 - Drone_5 - INFO - Drone 5: Reached target position
2026-02-12 12:39:14,912 - Drone_5 - INFO - Drone 5: Flying to {'x': -129.5564274861648, 'y': -84.60241424652719, 'z': 1145.4303011894226}
2026-02-12 12:39:15,550 - Drone_5 - INFO - Drone 5: Reached target position
2026-02-12 12:39:15,916 - Drone_5 - INFO - Drone 5: Flying to {'x': -122.89408669974772, 'y': -88.20705956571918, 'z': 1145.4303011894226}
2026-02-12 12:39:16,557 - Drone_5 - INFO - Drone 5: Reached target position
2026-02-12 12:39:16,920 - Drone_5 - INFO - Drone 5: Flying to {'x': -116.09017425911297, 'y': -91.53672890071718, 'z': 1145.4303011894226}
2026-02-12 12:39:17,565 - Drone_5 - INFO - Drone 5: Reached target position
2026-02-12 12:39:17,924 - Drone_5 - INFO - Drone 5: Flying to {'x': -109.15622068596365, 'y': -94.60407641655141, 'z': 1145.4303011894226}
2026-02-12 12:39:18,572 - Drone_5 - INFO - Drone 5: Reached target position
2026-02-12 12:39:18,927 - Drone_5 - INFO - Drone 5: Flying to {'x': -102.11239535278939, 'y': -97.41589126937166, 'z': 1145.4303011894226}
2026-02-12 12:39:19,578 - Drone_5 - INFO - Drone 5: Reached target position
2026-02-12 12:39:19,930 - Drone_5 - INFO - Drone 5: Flying to {'x': -94.97731089048278, 'y': -99.97891245168309, 'z': 1145.4303011894226}
2026-02-12 12:39:20,584 - Drone_5 - INFO - Drone 5: Reached target position
2026-02-12 12:39:20,932 - Drone_5 - INFO - Drone 5: Flying to {'x': -87.75745302101463, 'y': -102.30303607238736, 'z': 1145.4303011894226}
2026-02-12 12:39:21,589 - Drone_5 - INFO - Drone 5: Reached target position
2026-02-12 12:39:21,935 - Drone_5 - INFO - Drone 5: Flying to {'x': -80.47306539806702, 'y': -104.39260050631592, 'z': 1145.4303011894226}
2026-02-12 12:39:22,596 - Drone_5 - INFO - Drone 5: Reached target position
2026-02-12 12:39:22,938 - Drone_5 - INFO - Drone 5: Flying to {'x': -73.1158122081532, 'y': -106.25897163154562, 'z': 1145.4303011894226}
2026-02-12 12:39:23,602 - Drone_5 - INFO - Drone 5: Reached target position
2026-02-12 12:39:23,941 - Drone_5 - INFO - Drone 5: Flying to {'x': -65.70417612153481, 'y': -107.90493511341477, 'z': 1145.4303011894226}
2026-02-12 12:39:24,608 - Drone_5 - INFO - Drone 5: Reached target position
2026-02-12 12:39:24,944 - Drone_5 - INFO - Drone 5: Flying to {'x': -58.25135347642655, 'y': -109.33472052242269, 'z': 1145.4303011894226}
2026-02-12 12:39:25,613 - Drone_5 - INFO - Drone 5: Reached target position
2026-02-12 12:39:25,948 - Drone_5 - INFO - Drone 5: Flying to {'x': -50.76260820437009, 'y': -110.55368853105124, 'z': 1145.4303011894226}
2026-02-12 12:39:26,620 - Drone_5 - INFO - Drone 5: Reached target position
2026-02-12 12:39:26,950 - Drone_5 - INFO - Drone 5: Flying to {'x': -43.247071794380496, 'y': -111.5659403690118, 'z': 1145.4303011894226}
2026-02-12 12:39:27,625 - Drone_5 - INFO - Drone 5: Reached target position
2026-02-12 12:39:27,953 - Drone_5 - INFO - Drone 5: Flying to {'x': -35.69993781954116, 'y': -112.37661488006334, 'z': 1145.4303011894226}
2026-02-12 12:39:28,632 - Drone_5 - INFO - Drone 5: Reached target position
2026-02-12 12:39:28,955 - Drone_5 - INFO - Drone 5: Flying to {'x': -28.12483856547877, 'y': -112.98869113974506, 'z': 1145.4303011894226}
2026-02-12 12:39:29,638 - Drone_5 - INFO - Drone 5: Reached target position
2026-02-12 12:39:29,957 - Drone_5 - INFO - Drone 5: Flying to {'x': -20.537200108608392, 'y': -113.40409953677174, 'z': 1145.4303011894226}
2026-02-12 12:39:30,645 - Drone_5 - INFO - Drone 5: Reached target position
2026-02-12 12:39:30,960 - Drone_5 - INFO - Drone 5: Flying to {'x': -12.954805567927021, 'y': -113.62542589112309, 'z': 1145.4303011894226}
2026-02-12 12:39:31,651 - Drone_5 - INFO - Drone 5: Reached target position
2026-02-12 12:39:31,962 - Drone_5 - INFO - Drone 5: Flying to {'x': -5.383794734777685, 'y': -113.6560767142891, 'z': 1145.4303011894226}
2026-02-12 12:39:32,659 - Drone_5 - INFO - Drone 5: Reached target position
2026-02-12 12:39:32,966 - Drone_5 - INFO - Drone 5: Flying to {'x': 2.185661215400689, 'y': -113.49871537617358, 'z': 1145.4303011894226}
2026-02-12 12:39:33,667 - Drone_5 - INFO - Drone 5: Reached target position
2026-02-12 12:39:33,967 - Drone_5 - INFO - Drone 5: Flying to {'x': 9.749498085167064, 'y': -113.15515473263389, 'z': 1145.4303011894226}
2026-02-12 12:39:34,471 - Drone_5 - INFO - Drone 5: Reached target position
2026-02-12 12:39:34,970 - Drone_5 - INFO - Drone 5: Flying to {'x': 17.28571293013141, 'y': -112.6284638559217, 'z': 1145.4303011894226}
2026-02-12 12:39:35,580 - Drone_5 - INFO - Drone 5: Reached target position
2026-02-12 12:39:35,971 - Drone_5 - INFO - Drone 5: Flying to {'x': 24.815102822903604, 'y': -111.91855026102995, 'z': 1145.4303011894226}
2026-02-12 12:39:36,587 - Drone_5 - INFO - Drone 5: Reached target position
2026-02-12 12:39:36,974 - Drone_5 - INFO - Drone 5: Flying to {'x': 32.31427278219264, 'y': -111.02859023618112, 'z': 1145.4303011894226}
2026-02-12 12:39:37,492 - Drone_5 - INFO - Drone 5: Reached target position
2026-02-12 12:39:37,978 - Drone_5 - INFO - Drone 5: Flying to {'x': 39.794500844724304, 'y': -109.95795029567878, 'z': 1145.4303011894226}
2026-02-12 12:39:38,599 - Drone_5 - INFO - Drone 5: Reached target position
2026-02-12 12:39:38,982 - Drone_5 - INFO - Drone 5: Flying to {'x': 47.243743348658654, 'y': -108.70854234593247, 'z': 1145.4303011894226}
2026-02-12 12:39:39,505 - Drone_5 - INFO - Drone 5: Reached target position
2026-02-12 12:39:39,985 - Drone_5 - INFO - Drone 5: Flying to {'x': 54.66880852480566, 'y': -107.27887985466171, 'z': 1145.4303011894226}
2026-02-12 12:39:40,612 - Drone_5 - INFO - Drone 5: Reached target position
2026-02-12 12:39:40,989 - Drone_5 - INFO - Drone 5: Flying to {'x': 62.05949756859587, 'y': -105.67002704938399, 'z': 1145.4303011894226}
2026-02-12 12:39:41,519 - Drone_5 - INFO - Drone 5: Reached target position
2026-02-12 12:39:41,990 - Drone_5 - INFO - Drone 5: Flying to {'x': 69.40788724816912, 'y': -103.88261375318646, 'z': 1145.4303011894226}
2026-02-12 12:39:42,624 - Drone_5 - INFO - Drone 5: Reached target position
2026-02-12 12:39:42,992 - Drone_5 - INFO - Drone 5: Flying to {'x': 75.98313145168922, 'y': -102.12034634180561, 'z': 1145.4303011894226}
2026-02-12 12:39:43,531 - Drone_5 - INFO - Drone 5: Reached target position
2026-02-12 12:39:43,994 - Drone_5 - INFO - Drone 5: Flying to {'x': 83.26288020739625, 'y': -99.98374208634252, 'z': 1145.4303011894226}
2026-02-12 12:39:44,638 - Drone_5 - INFO - Drone 5: Reached target position
2026-02-12 12:39:44,997 - Drone_5 - INFO - Drone 5: Flying to {'x': 90.50147739989276, 'y': -97.65788883150643, 'z': 1145.4303011894226}
2026-02-12 12:39:45,544 - Drone_5 - INFO - Drone 5: Reached target position
2026-02-12 12:39:46,001 - Drone_5 - INFO - Drone 5: Flying to {'x': 97.7039936434965, 'y': -95.13345870135072, 'z': 1145.4303011894226}
2026-02-12 12:39:46,550 - Drone_5 - INFO - Drone 5: Reached target position
2026-02-12 12:39:47,005 - Drone_5 - INFO - Drone 5: Flying to {'x': 104.8581524141095, 'y': -92.4041489543301, 'z': 1145.4303011894226}
2026-02-12 12:39:47,556 - Drone_5 - INFO - Drone 5: Reached target position
2026-02-12 12:39:48,009 - Drone_5 - INFO - Drone 5: Flying to {'x': 111.97614110517395, 'y': -89.45002096068293, 'z': 1145.4303011894226}
2026-02-12 12:39:48,563 - Drone_5 - INFO - Drone 5: Reached target position
2026-02-12 12:39:49,011 - Drone_5 - INFO - Drone 5: Flying to {'x': 119.04728357454388, 'y': -86.25411311374869, 'z': 1145.4303011894226}
2026-02-12 12:39:49,570 - Drone_5 - INFO - Drone 5: Reached target position
2026-02-12 12:39:50,013 - Drone_5 - INFO - Drone 5: Flying to {'x': 126.05401533603879, 'y': -82.79638139932204, 'z': 1145.4303011894226}
2026-02-12 12:39:50,577 - Drone_5 - INFO - Drone 5: Reached target position
2026-02-12 12:39:51,015 - Drone_5 - INFO - Drone 5: Flying to {'x': 133.001269047855, 'y': -79.03614279363006, 'z': 1145.4303011894226}
2026-02-12 12:39:51,583 - Drone_5 - INFO - Drone 5: Reached target position
2026-02-12 12:39:52,017 - Drone_5 - INFO - Drone 5: Flying to {'x': 139.84766419755124, 'y': -74.94636746269593, 'z': 1145.4303011894226}
2026-02-12 12:39:52,590 - Drone_5 - INFO - Drone 5: Reached target position
2026-02-12 12:39:53,021 - Drone_5 - INFO - Drone 5: Flying to {'x': 146.5598527388438, 'y': -70.48560557891574, 'z': 1145.4303011894226}
2026-02-12 12:39:53,596 - Drone_5 - INFO - Drone 5: Reached target position
2026-02-12 12:39:54,025 - Drone_5 - INFO - Drone 5: Flying to {'x': 153.08739179591234, 'y': -65.61166565360867, 'z': 1145.4303011894226}
2026-02-12 12:39:54,605 - Drone_5 - INFO - Drone 5: Reached target position
2026-02-12 12:39:55,031 - Drone_5 - INFO - Drone 5: Flying to {'x': 159.38640257263444, 'y': -60.26280422688698, 'z': 1145.4303011894226}
2026-02-12 12:39:55,611 - Drone_5 - INFO - Drone 5: Reached target position
2026-02-12 12:39:56,033 - Drone_5 - INFO - Drone 5: Flying to {'x': 165.30177127717073, 'y': -54.47115003365235, 'z': 1145.4303011894226}
2026-02-12 12:39:56,618 - Drone_5 - INFO - Drone 5: Reached target position
2026-02-12 12:39:57,035 - Drone_5 - INFO - Drone 5: Flying to {'x': 170.76840625379353, 'y': -48.197028332026015, 'z': 1145.4303011894226}
2026-02-12 12:39:57,625 - Drone_5 - INFO - Drone 5: Reached target position
2026-02-12 12:39:58,037 - Drone_5 - INFO - Drone 5: Flying to {'x': 175.66928458799072, 'y': -41.46299400321171, 'z': 1145.4303011894226}
2026-02-12 12:39:58,631 - Drone_5 - INFO - Drone 5: Reached target position
2026-02-12 12:39:59,040 - Drone_5 - INFO - Drone 5: Flying to {'x': 179.8970518799774, 'y': -34.309965594886386, 'z': 1145.4303011894226}
2026-02-12 12:39:59,637 - Drone_5 - INFO - Drone 5: Reached target position
2026-02-12 12:40:00,042 - Drone_5 - INFO - Drone 5: Flying to {'x': 183.35379573014256, 'y': -26.81032142605848, 'z': 1145.4303011894226}
2026-02-12 12:40:00,542 - Drone_5 - INFO - Drone 5: Reached target position
2026-02-12 12:40:01,045 - Drone_5 - INFO - Drone 5: Flying to {'x': 185.96791726913483, 'y': -19.049267904838985, 'z': 1145.4303011894226}
2026-02-12 12:40:01,448 - Drone_5 - INFO - Drone 5: Reached target position
2026-02-12 12:40:02,050 - Drone_5 - INFO - Drone 5: Flying to {'x': 187.69181342767752, 'y': -11.14281109508653, 'z': 1145.4303011894226}
2026-02-12 12:40:02,453 - Drone_5 - INFO - Drone 5: Reached target position
2026-02-12 12:40:03,051 - Drone_5 - INFO - Drone 5: Flying to {'x': 188.51601086591634, 'y': -3.188600984906408, 'z': 1145.4303011894226}
2026-02-12 12:40:03,362 - Drone_5 - INFO - Drone 5: Reached target position
2026-02-12 12:40:04,053 - Drone_5 - INFO - Drone 5: Flying to {'x': 188.45726217487143, 'y': 4.7087244796327425, 'z': 1145.4303011894226}
2026-02-12 12:40:04,368 - Drone_5 - INFO - Drone 5: Reached target position
2026-02-12 12:40:05,056 - Drone_5 - INFO - Drone 5: Flying to {'x': 187.5547060642428, 'y': 12.476127525108922, 'z': 1145.4303011894226}
2026-02-12 12:40:05,273 - Drone_5 - INFO - Drone 5: Reached target position
2026-02-12 12:40:06,059 - Drone_5 - INFO - Drone 5: Flying to {'x': 185.8637464322914, 'y': 20.037080343435033, 'z': 1145.4303011894226}
2026-02-12 12:40:06,282 - Drone_5 - INFO - Drone 5: Reached target position
2026-02-12 12:40:07,062 - Drone_5 - INFO - Drone 5: Flying to {'x': 183.4516997993902, 'y': 27.33295497458149, 'z': 1145.4303011894226}
2026-02-12 12:40:07,188 - Drone_5 - INFO - Drone 5: Reached target position
2026-02-12 12:40:08,064 - Drone_5 - INFO - Drone 5: Flying to {'x': 180.3837887559921, 'y': 34.33725107784837, 'z': 1145.4303011894226}
2026-02-12 12:40:08,195 - Drone_5 - INFO - Drone 5: Reached target position
2026-02-12 12:40:09,069 - Drone_5 - INFO - Drone 5: Flying to {'x': 176.73591137248977, 'y': 41.01063040777021, 'z': 1145.4303011894226}
2026-02-12 12:40:09,201 - Drone_5 - INFO - Drone 5: Reached target position
2026-02-12 12:40:10,073 - Drone_5 - INFO - Drone 5: Flying to {'x': 172.56785327194078, 'y': 47.3515417948032, 'z': 1145.4303011894226}
2026-02-12 12:40:10,207 - Drone_5 - INFO - Drone 5: Reached target position
2026-02-12 12:40:11,075 - Drone_5 - INFO - Drone 5: Flying to {'x': 167.94720560403056, 'y': 53.344977639989594, 'z': 1145.4303011894226}
2026-02-12 12:40:11,214 - Drone_5 - INFO - Drone 5: Reached target position
2026-02-12 12:40:12,076 - Drone_5 - INFO - Drone 5: Flying to {'x': 162.92962023385374, 'y': 58.99317546186359, 'z': 1145.4303011894226}
2026-02-12 12:40:12,220 - Drone_5 - INFO - Drone 5: Reached target position
2026-02-12 12:40:13,078 - Drone_5 - INFO - Drone 5: Flying to {'x': 157.5597714782241, 'y': 64.3066610794282, 'z': 1145.4303011894226}
2026-02-12 12:40:13,225 - Drone_5 - INFO - Drone 5: Reached target position
2026-02-12 12:40:14,080 - Drone_5 - INFO - Drone 5: Flying to {'x': 151.88466852153897, 'y': 69.28974416876927, 'z': 1145.4303011894226}
2026-02-12 12:40:14,232 - Drone_5 - INFO - Drone 5: Reached target position
2026-02-12 12:40:15,084 - Drone_5 - INFO - Drone 5: Flying to {'x': 145.94398882836842, 'y': 73.9512078750875, 'z': 1145.4303011894226}
2026-02-12 12:40:15,338 - Drone_5 - INFO - Drone 5: Reached target position
2026-02-12 12:40:16,087 - Drone_5 - INFO - Drone 5: Flying to {'x': 139.77168427767745, 'y': 78.30159402761691, 'z': 1145.4303011894226}
2026-02-12 12:40:16,345 - Drone_5 - INFO - Drone 5: Reached target position
2026-02-12 12:40:17,091 - Drone_5 - INFO - Drone 5: Flying to {'x': 133.39261945264752, 'y': 82.35460489695919, 'z': 1145.4303011894226}
2026-02-12 12:40:17,354 - Drone_5 - INFO - Drone 5: Reached target position
2026-02-12 12:40:18,094 - Drone_5 - INFO - Drone 5: Flying to {'x': 126.82752464883866, 'y': 86.12295940979726, 'z': 1145.4303011894226}
2026-02-12 12:40:18,359 - Drone_5 - INFO - Drone 5: Reached target position
2026-02-12 12:40:19,096 - Drone_5 - INFO - Drone 5: Flying to {'x': 120.10262702534733, 'y': 89.61384598464564, 'z': 1145.4303011894226}
2026-02-12 12:40:19,467 - Drone_5 - INFO - Drone 5: Reached target position
2026-02-12 12:40:20,098 - Drone_5 - INFO - Drone 5: Flying to {'x': 113.24980129804086, 'y': 92.83115033283462, 'z': 1145.4303011894226}
2026-02-12 12:40:20,472 - Drone_5 - INFO - Drone 5: Reached target position
2026-02-12 12:40:21,101 - Drone_5 - INFO - Drone 5: Flying to {'x': 106.96303902571236, 'y': 95.51114852313452, 'z': 1145.4303011894226}
2026-02-12 12:40:21,478 - Drone_5 - INFO - Drone 5: Reached target position
2026-02-12 12:40:22,104 - Drone_5 - INFO - Drone 5: Flying to {'x': 99.87516187189112, 'y': 98.24931023926996, 'z': 1145.4303011894226}
2026-02-12 12:40:22,484 - Drone_5 - INFO - Drone 5: Reached target position
2026-02-12 12:40:23,107 - Drone_5 - INFO - Drone 5: Flying to {'x': 92.69704123533121, 'y': 100.74122536482717, 'z': 1145.4303011894226}
2026-02-12 12:40:23,491 - Drone_5 - INFO - Drone 5: Reached target position
2026-02-12 12:40:24,111 - Drone_5 - INFO - Drone 5: Flying to {'x': 85.45739370272021, 'y': 102.98968848241947, 'z': 1145.4303011894226}
2026-02-12 12:40:24,497 - Drone_5 - INFO - Drone 5: Reached target position
2026-02-12 12:40:25,115 - Drone_5 - INFO - Drone 5: Flying to {'x': 78.12784453567401, 'y': 105.01338623812848, 'z': 1145.4303011894226}
2026-02-12 12:40:25,503 - Drone_5 - INFO - Drone 5: Reached target position
2026-02-12 12:40:26,120 - Drone_5 - INFO - Drone 5: Flying to {'x': 70.75026693385676, 'y': 106.80917370812017, 'z': 1145.4303011894226}
2026-02-12 12:40:26,509 - Drone_5 - INFO - Drone 5: Reached target position
2026-02-12 12:40:27,122 - Drone_5 - INFO - Drone 5: Flying to {'x': 63.32667358060911, 'y': 108.38501614264555, 'z': 1145.4303011894226}
2026-02-12 12:40:27,615 - Drone_5 - INFO - Drone 5: Reached target position
2026-02-12 12:40:28,124 - Drone_5 - INFO - Drone 5: Flying to {'x': 55.86074622609112, 'y': 109.74706479102007, 'z': 1145.4303011894226}
2026-02-12 12:40:28,622 - Drone_5 - INFO - Drone 5: Reached target position
2026-02-12 12:40:29,127 - Drone_5 - INFO - Drone 5: Flying to {'x': 48.347615286178836, 'y': 110.90155284672949, 'z': 1145.4303011894226}
2026-02-12 12:40:29,629 - Drone_5 - INFO - Drone 5: Reached target position
2026-02-12 12:40:30,131 - Drone_5 - INFO - Drone 5: Flying to {'x': 40.81700006702635, 'y': 111.84906870878933, 'z': 1145.4303011894226}
2026-02-12 12:40:30,534 - Drone_5 - INFO - Drone 5: Reached target position
2026-02-12 12:40:31,135 - Drone_5 - INFO - Drone 5: Flying to {'x': 33.266880826620735, 'y': 112.59488789038227, 'z': 1145.4303011894226}
2026-02-12 12:40:31,539 - Drone_5 - INFO - Drone 5: Reached target position
2026-02-12 12:40:32,138 - Drone_5 - INFO - Drone 5: Flying to {'x': 25.701771631289432, 'y': 113.14260414074565, 'z': 1145.4303011894226}
2026-02-12 12:40:32,547 - Drone_5 - INFO - Drone 5: Reached target position
2026-02-12 12:40:33,141 - Drone_5 - INFO - Drone 5: Flying to {'x': 18.10404544751041, 'y': 113.49600141433203, 'z': 1145.4303011894226}
2026-02-12 12:40:33,555 - Drone_5 - INFO - Drone 5: Reached target position
2026-02-12 12:40:34,143 - Drone_5 - INFO - Drone 5: Flying to {'x': 10.519863413178927, 'y': 113.65583194179513, 'z': 1145.4303011894226}
2026-02-12 12:40:34,561 - Drone_5 - INFO - Drone 5: Reached target position
2026-02-12 12:40:35,147 - Drone_5 - INFO - Drone 5: Flying to {'x': 2.950986461929359, 'y': 113.62584115336702, 'z': 1145.4303011894226}
2026-02-12 12:40:35,568 - Drone_5 - INFO - Drone 5: Reached target position
2026-02-12 12:40:36,150 - Drone_5 - INFO - Drone 5: Flying to {'x': -4.624502344797598, 'y': 113.40813998398659, 'z': 1145.4303011894226}
2026-02-12 12:40:36,574 - Drone_5 - INFO - Drone 5: Reached target position
2026-02-12 12:40:37,154 - Drone_5 - INFO - Drone 5: Flying to {'x': -12.19028206463108, 'y': 113.00459142319335, 'z': 1145.4303011894226}
2026-02-12 12:40:37,581 - Drone_5 - INFO - Drone 5: Reached target position
2026-02-12 12:40:38,156 - Drone_5 - INFO - Drone 5: Flying to {'x': -19.72352303424735, 'y': 112.41861126015999, 'z': 1145.4303011894226}
2026-02-12 12:40:38,586 - Drone_5 - INFO - Drone 5: Reached target position
2026-02-12 12:40:39,157 - Drone_5 - INFO - Drone 5: Flying to {'x': -27.242638058284975, 'y': 111.65038265434126, 'z': 1145.4303011894226}
2026-02-12 12:40:39,593 - Drone_5 - INFO - Drone 5: Reached target position
2026-02-12 12:40:40,158 - Drone_5 - INFO - Drone 5: Flying to {'x': -34.73963040844109, 'y': 110.70142321046632, 'z': 1145.4303011894226}
2026-02-12 12:40:40,600 - Drone_5 - INFO - Drone 5: Reached target position
2026-02-12 12:40:41,160 - Drone_5 - INFO - Drone 5: Flying to {'x': -42.20943799518619, 'y': 109.57293612928189, 'z': 1145.4303011894226}
2026-02-12 12:40:41,707 - Drone_5 - INFO - Drone 5: Reached target position
2026-02-12 12:40:42,162 - Drone_5 - INFO - Drone 5: Flying to {'x': -49.65775409230985, 'y': 108.26393484584764, 'z': 1145.4303011894226}
2026-02-12 12:40:42,713 - Drone_5 - INFO - Drone 5: Reached target position
2026-02-12 12:40:43,163 - Drone_5 - INFO - Drone 5: Flying to {'x': -57.07087601036565, 'y': 106.77638074866871, 'z': 1145.4303011894226}
2026-02-12 12:40:43,718 - Drone_5 - INFO - Drone 5: Reached target position
2026-02-12 12:40:44,166 - Drone_5 - INFO - Drone 5: Flying to {'x': -64.45107197917831, 'y': 105.10896451458062, 'z': 1145.4303011894226}
2026-02-12 12:40:44,724 - Drone_5 - INFO - Drone 5: Reached target position
2026-02-12 12:40:45,170 - Drone_5 - INFO - Drone 5: Flying to {'x': -71.78958650890421, 'y': 103.26216939869482, 'z': 1145.4303011894226}
2026-02-12 12:40:45,731 - Drone_5 - INFO - Drone 5: Reached target position
2026-02-12 12:40:46,174 - Drone_5 - INFO - Drone 5: Flying to {'x': -79.09489105126066, 'y': 101.23114048141247, 'z': 1145.4303011894226}
2026-02-12 12:40:46,738 - Drone_5 - INFO - Drone 5: Reached target position
2026-02-12 12:40:47,178 - Drone_5 - INFO - Drone 5: Flying to {'x': -86.34703576946671, 'y': 99.01776757969823, 'z': 1145.4303011894226}
2026-02-12 12:40:47,744 - Drone_5 - INFO - Drone 5: Reached target position
2026-02-12 12:40:48,181 - Drone_5 - INFO - Drone 5: Flying to {'x': -93.56659547535112, 'y': 96.60986921682863, 'z': 1145.4303011894226}
2026-02-12 12:40:48,751 - Drone_5 - INFO - Drone 5: Reached target position
2026-02-12 12:40:49,182 - Drone_5 - INFO - Drone 5: Flying to {'x': -100.7658553878903, 'y': 93.99323377312909, 'z': 1145.4303011894226}
2026-02-12 12:40:49,756 - Drone_5 - INFO - Drone 5: Reached target position
2026-02-12 12:40:50,184 - Drone_5 - INFO - Drone 5: Flying to {'x': -107.90778625485899, 'y': 91.16875417184771, 'z': 1145.4303011894226}
2026-02-12 12:40:50,762 - Drone_5 - INFO - Drone 5: Reached target position
2026-02-12 12:40:51,186 - Drone_5 - INFO - Drone 5: Flying to {'x': -115.00920410280135, 'y': 88.1126531690831, 'z': 1145.4303011894226}
2026-02-12 12:40:51,768 - Drone_5 - INFO - Drone 5: Reached target position
2026-02-12 12:40:52,189 - Drone_5 - INFO - Drone 5: Flying to {'x': -121.74130088474509, 'y': 84.44461874269476, 'z': 1145.4303011894226}
2026-02-12 12:40:52,774 - Drone_5 - INFO - Drone 5: Reached target position
2026-02-12 12:40:53,192 - Drone_5 - INFO - Drone 5: Flying to {'x': -128.34969696076104, 'y': 81.59280660126075, 'z': 1145.4303011894226}
2026-02-12 12:40:53,780 - Drone_5 - INFO - Drone 5: Reached target position
2026-02-12 12:40:54,196 - Drone_5 - INFO - Drone 5: Flying to {'x': -135.27050723628994, 'y': 77.72615517426719, 'z': 1145.4303011894226}
2026-02-12 12:40:54,887 - Drone_5 - INFO - Drone 5: Reached target position
2026-02-12 12:40:55,199 - Drone_5 - INFO - Drone 5: Flying to {'x': -142.08343923145245, 'y': 73.51462983344456, 'z': 1145.4303011894226}
2026-02-12 12:40:55,792 - Drone_5 - INFO - Drone 5: Reached target position
2026-02-12 12:40:56,204 - Drone_5 - INFO - Drone 5: Flying to {'x': -148.74988483669364, 'y': 68.91535889050257, 'z': 1145.4303011894226}
2026-02-12 12:40:56,898 - Drone_5 - INFO - Drone 5: Reached target position
2026-02-12 12:40:57,206 - Drone_5 - INFO - Drone 5: Flying to {'x': -155.20313027305806, 'y': 63.89432709299511, 'z': 1145.4303011894226}
2026-02-12 12:40:57,904 - Drone_5 - INFO - Drone 5: Reached target position
2026-02-12 12:40:58,209 - Drone_5 - INFO - Drone 5: Flying to {'x': -161.36454753471608, 'y': 58.420906564886224, 'z': 1145.4303011894226}
2026-02-12 12:40:58,911 - Drone_5 - INFO - Drone 5: Reached target position
2026-02-12 12:40:59,213 - Drone_5 - INFO - Drone 5: Flying to {'x': -167.1518120758989, 'y': 52.46370918624027, 'z': 1145.4303011894226}
2026-02-12 12:40:59,816 - Drone_5 - INFO - Drone 5: Reached target position
2026-02-12 12:41:00,216 - Drone_5 - INFO - Drone 5: Flying to {'x': -172.44159908696992, 'y': 46.04014866200748, 'z': 1145.4303011894226}
2026-02-12 12:41:00,823 - Drone_5 - INFO - Drone 5: Reached target position
2026-02-12 12:41:01,220 - Drone_5 - INFO - Drone 5: Flying to {'x': -177.13337276631975, 'y': 39.16315311972908, 'z': 1145.4303011894226}
2026-02-12 12:41:01,829 - Drone_5 - INFO - Drone 5: Reached target position
2026-02-12 12:41:02,224 - Drone_5 - INFO - Drone 5: Flying to {'x': -181.113611926802, 'y': 31.897511111568004, 'z': 1145.4303011894226}
2026-02-12 12:41:02,836 - Drone_5 - INFO - Drone 5: Reached target position
2026-02-12 12:41:03,227 - Drone_5 - INFO - Drone 5: Flying to {'x': -184.30271584987943, 'y': 24.30068437804039, 'z': 1145.4303011894226}
2026-02-12 12:41:03,843 - Drone_5 - INFO - Drone 5: Reached target position
2026-02-12 12:41:04,229 - Drone_5 - INFO - Drone 5: Flying to {'x': -186.62578746294096, 'y': 16.496071965447527, 'z': 1145.4303011894226}
2026-02-12 12:41:04,849 - Drone_5 - INFO - Drone 5: Reached target position
2026-02-12 12:41:05,233 - Drone_5 - INFO - Drone 5: Flying to {'x': -188.0577056475526, 'y': 8.562595870692626, 'z': 1145.4303011894226}
2026-02-12 12:41:05,956 - Drone_5 - INFO - Drone 5: Reached target position
2026-02-12 12:41:06,236 - Drone_5 - INFO - Drone 5: Flying to {'x': -188.5924125184515, 'y': 0.581205586096516, 'z': 1145.4303011894226}
2026-02-12 12:41:06,864 - Drone_5 - INFO - Drone 5: Reached target position
2026-02-12 12:41:07,239 - Drone_5 - INFO - Drone 5: Flying to {'x': -188.25064352868776, 'y': -7.285843276575513, 'z': 1145.4303011894226}
2026-02-12 12:41:07,970 - Drone_5 - INFO - Drone 5: Reached target position
2026-02-12 12:41:08,242 - Drone_5 - INFO - Drone 5: Flying to {'x': -187.08305955385248, 'y': -14.985674755400503, 'z': 1145.4303011894226}
2026-02-12 12:41:08,877 - Drone_5 - INFO - Drone 5: Reached target position
2026-02-12 12:41:09,246 - Drone_5 - INFO - Drone 5: Flying to {'x': -185.14701831887265, 'y': -22.466481954593917, 'z': 1145.4303011894226}
2026-02-12 12:41:09,984 - Drone_5 - INFO - Drone 5: Reached target position
2026-02-12 12:41:10,250 - Drone_5 - INFO - Drone 5: Flying to {'x': -182.5124163904856, 'y': -29.66855242762763, 'z': 1145.4303011894226}
2026-02-12 12:41:10,890 - Drone_5 - INFO - Drone 5: Reached target position
2026-02-12 12:41:11,255 - Drone_5 - INFO - Drone 5: Flying to {'x': -179.24308492912348, 'y': -36.572186762775516, 'z': 1145.4303011894226}
2026-02-12 12:41:11,995 - Drone_5 - INFO - Drone 5: Reached target position
2026-02-12 12:41:12,257 - Drone_5 - INFO - Drone 5: Flying to {'x': -175.41078466502495, 'y': -43.14655734992179, 'z': 1145.4303011894226}
2026-02-12 12:41:12,901 - Drone_5 - INFO - Drone 5: Reached target position
2026-02-12 12:41:13,258 - Drone_5 - INFO - Drone 5: Flying to {'x': -171.08669227578162, 'y': -49.3723014570615, 'z': 1145.4303011894226}
2026-02-12 12:41:13,908 - Drone_5 - INFO - Drone 5: Reached target position
2026-02-12 12:41:14,261 - Drone_5 - INFO - Drone 5: Flying to {'x': -166.32535332458838, 'y': -55.25514537132259, 'z': 1145.4303011894226}
2026-02-12 12:41:14,914 - Drone_5 - INFO - Drone 5: Reached target position
2026-02-12 12:41:15,263 - Drone_5 - INFO - Drone 5: Flying to {'x': -161.1854323595739, 'y': -60.79210411186301, 'z': 1145.4303011894226}
2026-02-12 12:41:15,922 - Drone_5 - INFO - Drone 5: Reached target position
2026-02-12 12:41:16,266 - Drone_5 - INFO - Drone 5: Flying to {'x': -155.71139872872916, 'y': -65.99362200777057, 'z': 1145.4303011894226}
2026-02-12 12:41:16,927 - Drone_5 - INFO - Drone 5: Reached target position
2026-02-12 12:41:17,270 - Drone_5 - INFO - Drone 5: Flying to {'x': -149.94793570916016, 'y': -70.86613376951338, 'z': 1145.4303011894226}
2026-02-12 12:41:17,933 - Drone_5 - INFO - Drone 5: Reached target position
2026-02-12 12:41:18,274 - Drone_5 - INFO - Drone 5: Flying to {'x': -143.91865183648366, 'y': -75.42959612274085, 'z': 1145.4303011894226}
2026-02-12 12:41:18,939 - Drone_5 - INFO - Drone 5: Reached target position
2026-02-12 12:41:19,277 - Drone_5 - INFO - Drone 5: Flying to {'x': -137.66724314576425, 'y': -79.68484028551555, 'z': 1145.4303011894226}
2026-02-12 12:41:19,945 - Drone_5 - INFO - Drone 5: Reached target position
2026-02-12 12:41:20,281 - Drone_5 - INFO - Drone 5: Flying to {'x': -131.2211914016062, 'y': -83.6432813572275, 'z': 1145.4303011894226}
2026-02-12 12:41:20,951 - Drone_5 - INFO - Drone 5: Reached target position
2026-02-12 12:41:21,285 - Drone_5 - INFO - Drone 5: Flying to {'x': -124.58861536825555, 'y': -87.32419728481938, 'z': 1145.4303011894226}
2026-02-12 12:41:21,958 - Drone_5 - INFO - Drone 5: Reached target position
2026-02-12 12:41:22,287 - Drone_5 - INFO - Drone 5: Flying to {'x': -117.82117296998747, 'y': -90.72104494578937, 'z': 1145.4303011894226}
2026-02-12 12:41:22,965 - Drone_5 - INFO - Drone 5: Reached target position
2026-02-12 12:41:23,290 - Drone_5 - INFO - Drone 5: Flying to {'x': -110.9187640862596, 'y': -93.85369132262693, 'z': 1145.4303011894226}
2026-02-12 12:41:23,970 - Drone_5 - INFO - Drone 5: Reached target position
2026-02-12 12:41:24,293 - Drone_5 - INFO - Drone 5: Flying to {'x': -103.9062501919182, 'y': -96.7273349268069, 'z': 1145.4303011894226}
2026-02-12 12:41:24,975 - Drone_5 - INFO - Drone 5: Reached target position
2026-02-12 12:41:25,296 - Drone_5 - INFO - Drone 5: Flying to {'x': -96.78302305410472, 'y': -99.35607359803984, 'z': 1145.4303011894226}
2026-02-12 12:41:25,982 - Drone_5 - INFO - Drone 5: Reached target position
2026-02-12 12:41:26,299 - Drone_5 - INFO - Drone 5: Flying to {'x': -89.5809290771598, 'y': -101.74048420619306, 'z': 1145.4303011894226}
2026-02-12 12:41:26,987 - Drone_5 - INFO - Drone 5: Reached target position
2026-02-12 12:41:27,303 - Drone_5 - INFO - Drone 5: Flying to {'x': -82.30777276345792, 'y': -103.8894990972068, 'z': 1145.4303011894226}
2026-02-12 12:41:27,994 - Drone_5 - INFO - Drone 5: Reached target position
2026-02-12 12:41:28,307 - Drone_5 - INFO - Drone 5: Flying to {'x': -74.95704797448603, 'y': -105.81404586713255, 'z': 1145.4303011894226}
2026-02-12 12:41:28,999 - Drone_5 - INFO - Drone 5: Reached target position
2026-02-12 12:41:29,309 - Drone_5 - INFO - Drone 5: Flying to {'x': -67.5613013064481, 'y': -107.51385191702335, 'z': 1145.4303011894226}
2026-02-12 12:41:30,005 - Drone_5 - INFO - Drone 5: Reached target position
2026-02-12 12:41:30,311 - Drone_5 - INFO - Drone 5: Flying to {'x': -60.11550797123269, 'y': -108.99765565246906, 'z': 1145.4303011894226}
2026-02-12 12:41:31,010 - Drone_5 - INFO - Drone 5: Reached target position
2026-02-12 12:41:31,312 - Drone_5 - INFO - Drone 5: Flying to {'x': -52.62391066253881, 'y': -110.27053659538285, 'z': 1145.4303011894226}
2026-02-12 12:41:31,915 - Drone_5 - INFO - Drone 5: Reached target position
2026-02-12 12:41:32,314 - Drone_5 - INFO - Drone 5: Flying to {'x': -45.865934361799184, 'y': -111.23667306304397, 'z': 1145.4303011894226}
2026-02-12 12:41:32,922 - Drone_5 - INFO - Drone 5: Reached target position
2026-02-12 12:41:33,316 - Drone_5 - INFO - Drone 5: Flying to {'x': -38.32118081522288, 'y': -112.11794961361598, 'z': 1145.4303011894226}
2026-02-12 12:41:33,927 - Drone_5 - INFO - Drone 5: Reached target position
2026-02-12 12:41:34,318 - Drone_5 - INFO - Drone 5: Flying to {'x': -30.769411184236844, 'y': -112.79757648823522, 'z': 1145.4303011894226}
2026-02-12 12:41:34,935 - Drone_5 - INFO - Drone 5: Reached target position
2026-02-12 12:41:35,321 - Drone_5 - INFO - Drone 5: Flying to {'x': -23.184530121976277, 'y': -113.28132166921101, 'z': 1145.4303011894226}
2026-02-12 12:41:35,941 - Drone_5 - INFO - Drone 5: Reached target position
2026-02-12 12:41:36,325 - Drone_5 - INFO - Drone 5: Flying to {'x': -15.615808367339756, 'y': -113.56960360693796, 'z': 1145.4303011894226}
2026-02-12 12:41:36,946 - Drone_5 - INFO - Drone 5: Reached target position
2026-02-12 12:41:37,329 - Drone_5 - INFO - Drone 5: Flying to {'x': -8.032122297384333, 'y': -113.6668020673752, 'z': 1145.4303011894226}
2026-02-12 12:41:37,951 - Drone_5 - INFO - Drone 5: Reached target position
2026-02-12 12:41:38,331 - Drone_5 - INFO - Drone 5: Flying to {'x': -0.4588130133366892, 'y': -113.57490998409547, 'z': 1145.4303011894226}
2026-02-12 12:41:38,960 - Drone_5 - INFO - Drone 5: Reached target position
2026-02-12 12:41:39,333 - Drone_5 - INFO - Drone 5: Flying to {'x': 7.107352436669044, 'y': -113.29622805288511, 'z': 1145.4303011894226}
2026-02-12 12:41:39,965 - Drone_5 - INFO - Drone 5: Reached target position
2026-02-12 12:41:40,335 - Drone_5 - INFO - Drone 5: Flying to {'x': 14.666131156366866, 'y': -112.83231957416236, 'z': 1145.4303011894226}
2026-02-12 12:41:40,971 - Drone_5 - INFO - Drone 5: Reached target position
2026-02-12 12:41:41,338 - Drone_5 - INFO - Drone 5: Flying to {'x': 22.21017230525275, 'y': -112.18484229940339, 'z': 1145.4303011894226}
2026-02-12 12:41:41,977 - Drone_5 - INFO - Drone 5: Reached target position
2026-02-12 12:41:42,341 - Drone_5 - INFO - Drone 5: Flying to {'x': 29.726938286471853, 'y': -111.35620540206075, 'z': 1145.4303011894226}
2026-02-12 12:41:42,984 - Drone_5 - INFO - Drone 5: Reached target position
2026-02-12 12:41:43,345 - Drone_5 - INFO - Drone 5: Flying to {'x': 37.219967960744114, 'y': -110.34702217698154, 'z': 1145.4303011894226}
2026-02-12 12:41:43,989 - Drone_5 - INFO - Drone 5: Reached target position
2026-02-12 12:41:44,348 - Drone_5 - INFO - Drone 5: Flying to {'x': 44.68930198202614, 'y': -109.15755997989095, 'z': 1145.4303011894226}
2026-02-12 12:41:44,995 - Drone_5 - INFO - Drone 5: Reached target position
2026-02-12 12:41:45,350 - Drone_5 - INFO - Drone 5: Flying to {'x': 52.124168558743314, 'y': -107.78959143582219, 'z': 1145.4303011894226}
2026-02-12 12:41:46,001 - Drone_5 - INFO - Drone 5: Reached target position
2026-02-12 12:41:46,352 - Drone_5 - INFO - Drone 5: Flying to {'x': 59.52896548930505, 'y': -106.24184293733879, 'z': 1145.4303011894226}
2026-02-12 12:41:47,008 - Drone_5 - INFO - Drone 5: Reached target position
2026-02-12 12:41:47,355 - Drone_5 - INFO - Drone 5: Flying to {'x': 66.88577545428703, 'y': -104.51737487248708, 'z': 1145.4303011894226}
2026-02-12 12:41:48,014 - Drone_5 - INFO - Drone 5: Reached target position
2026-02-12 12:41:48,359 - Drone_5 - INFO - Drone 5: Flying to {'x': 74.2012963188008, 'y': -102.61327974743006, 'z': 1145.4303011894226}
2026-02-12 12:41:49,020 - Drone_5 - INFO - Drone 5: Reached target position
2026-02-12 12:41:49,362 - Drone_5 - INFO - Drone 5: Flying to {'x': 81.49920033711086, 'y': -100.51952711605568, 'z': 1145.4303011894226}
2026-02-12 12:41:50,026 - Drone_5 - INFO - Drone 5: Reached target position
2026-02-12 12:41:50,366 - Drone_5 - INFO - Drone 5: Flying to {'x': 88.74779734044795, 'y': -98.24020266566748, 'z': 1145.4303011894226}
2026-02-12 12:41:51,032 - Drone_5 - INFO - Drone 5: Reached target position
2026-02-12 12:41:51,368 - Drone_5 - INFO - Drone 5: Flying to {'x': 95.95437037552473, 'y': -95.76657432882658, 'z': 1145.4303011894226}
2026-02-12 12:41:52,039 - Drone_5 - INFO - Drone 5: Reached target position
2026-02-12 12:41:52,370 - Drone_5 - INFO - Drone 5: Flying to {'x': 103.15122080706729, 'y': -93.07608945057717, 'z': 1145.4303011894226}
2026-02-12 12:41:53,046 - Drone_5 - INFO - Drone 5: Reached target position
2026-02-12 12:41:53,372 - Drone_5 - INFO - Drone 5: Flying to {'x': 110.27993065363174, 'y': -90.17656519733104, 'z': 1145.4303011894226}
2026-02-12 12:41:54,052 - Drone_5 - INFO - Drone 5: Reached target position
2026-02-12 12:41:54,375 - Drone_5 - INFO - Drone 5: Flying to {'x': 117.36128482073553, 'y': -87.04119634166241, 'z': 1145.4303011894226}
2026-02-12 12:41:55,058 - Drone_5 - INFO - Drone 5: Reached target position
2026-02-12 12:41:55,378 - Drone_5 - INFO - Drone 5: Flying to {'x': 124.38489412712289, 'y': -83.6483578619216, 'z': 1145.4303011894226}
2026-02-12 12:41:56,064 - Drone_5 - INFO - Drone 5: Reached target position
2026-02-12 12:41:56,381 - Drone_5 - INFO - Drone 5: Flying to {'x': 131.35442712471573, 'y': -79.96010738725349, 'z': 1145.4303011894226}
2026-02-12 12:41:57,070 - Drone_5 - INFO - Drone 5: Reached target position
2026-02-12 12:41:57,383 - Drone_5 - INFO - Drone 5: Flying to {'x': 138.2357002328166, 'y': -75.94728240905239, 'z': 1145.4303011894226}
2026-02-12 12:41:58,075 - Drone_5 - INFO - Drone 5: Reached target position
2026-02-12 12:41:58,385 - Drone_5 - INFO - Drone 5: Flying to {'x': 144.988697929866, 'y': -71.57476246227412, 'z': 1145.4303011894226}
2026-02-12 12:41:59,081 - Drone_5 - INFO - Drone 5: Reached target position
2026-02-12 12:41:59,387 - Drone_5 - INFO - Drone 5: Flying to {'x': 151.57739844230363, 'y': -66.79275454248248, 'z': 1145.4303011894226}
2026-02-12 12:42:00,087 - Drone_5 - INFO - Drone 5: Reached target position
2026-02-12 12:42:00,389 - Drone_5 - INFO - Drone 5: Flying to {'x': 157.92633255505888, 'y': -61.568515460318714, 'z': 1145.4303011894226}
2026-02-12 12:42:00,892 - Drone_5 - INFO - Drone 5: Reached target position
2026-02-12 12:42:01,391 - Drone_5 - INFO - Drone 5: Flying to {'x': 163.36269978310534, 'y': -56.46675272404783, 'z': 1145.4303011894226}
2026-02-12 12:42:01,899 - Drone_5 - INFO - Drone 5: Reached target position
2026-02-12 12:42:02,393 - Drone_5 - INFO - Drone 5: Flying to {'x': 168.99110000694506, 'y': -50.35518991208084, 'z': 1145.4303011894226}
2026-02-12 12:42:02,907 - Drone_5 - INFO - Drone 5: Reached target position
2026-02-12 12:42:03,395 - Drone_5 - INFO - Drone 5: Flying to {'x': 174.10003625805234, 'y': -43.76378270328645, 'z': 1145.4303011894226}
2026-02-12 12:42:03,914 - Drone_5 - INFO - Drone 5: Reached target position
2026-02-12 12:42:04,398 - Drone_5 - INFO - Drone 5: Flying to {'x': 178.5754979102143, 'y': -36.72474357869456, 'z': 1145.4303011894226}
2026-02-12 12:42:04,921 - Drone_5 - INFO - Drone 5: Reached target position
2026-02-12 12:42:05,401 - Drone_5 - INFO - Drone 5: Flying to {'x': 182.29836336191127, 'y': -29.328727681460503, 'z': 1145.4303011894226}
2026-02-12 12:42:05,928 - Drone_5 - INFO - Drone 5: Reached target position
2026-02-12 12:42:06,405 - Drone_5 - INFO - Drone 5: Flying to {'x': 185.1965095737517, 'y': -21.649086191172703, 'z': 1145.4303011894226}
2026-02-12 12:42:06,934 - Drone_5 - INFO - Drone 5: Reached target position
2026-02-12 12:42:07,410 - Drone_5 - INFO - Drone 5: Flying to {'x': 187.22132265021813, 'y': -13.766058080557432, 'z': 1145.4303011894226}
2026-02-12 12:42:07,840 - Drone_5 - INFO - Drone 5: Reached target position
2026-02-12 12:42:08,412 - Drone_5 - INFO - Drone 5: Flying to {'x': 188.3442751188282, 'y': -5.7920215960195485, 'z': 1145.4303011894226}
2026-02-12 12:42:08,848 - Drone_5 - INFO - Drone 5: Reached target position
2026-02-12 12:42:09,414 - Drone_5 - INFO - Drone 5: Flying to {'x': 188.5707835144343, 'y': 2.1462829911976, 'z': 1145.4303011894226}
2026-02-12 12:42:09,854 - Drone_5 - INFO - Drone 5: Reached target position
2026-02-12 12:42:10,416 - Drone_5 - INFO - Drone 5: Flying to {'x': 187.93793419209078, 'y': 9.964697893809898, 'z': 1145.4303011894226}
2026-02-12 12:42:10,760 - Drone_5 - INFO - Drone 5: Reached target position
2026-02-12 12:42:11,420 - Drone_5 - INFO - Drone 5: Flying to {'x': 186.49316858451243, 'y': 17.615366539918927, 'z': 1145.4303011894226}
2026-02-12 12:42:11,769 - Drone_5 - INFO - Drone 5: Reached target position
2026-02-12 12:42:12,424 - Drone_5 - INFO - Drone 5: Flying to {'x': 184.30133110373959, 'y': 25.01789116582438, 'z': 1145.4303011894226}
2026-02-12 12:42:12,678 - Drone_5 - INFO - Drone 5: Reached target position
2026-02-12 12:42:13,428 - Drone_5 - INFO - Drone 5: Flying to {'x': 181.43736693688143, 'y': 32.1182443138419, 'z': 1145.4303011894226}
2026-02-12 12:42:13,686 - Drone_5 - INFO - Drone 5: Reached target position
2026-02-12 12:42:14,432 - Drone_5 - INFO - Drone 5: Flying to {'x': 177.97126267020752, 'y': 38.89529324609728, 'z': 1145.4303011894226}
2026-02-12 12:42:14,594 - Drone_5 - INFO - Drone 5: Reached target position
2026-02-12 12:42:15,435 - Drone_5 - INFO - Drone 5: Flying to {'x': 173.96240064215513, 'y': 45.346887905675345, 'z': 1145.4303011894226}
2026-02-12 12:42:15,601 - Drone_5 - INFO - Drone 5: Reached target position
2026-02-12 12:42:16,437 - Drone_5 - INFO - Drone 5: Flying to {'x': 169.48190579364118, 'y': 51.45136466862045, 'z': 1145.4303011894226}
2026-02-12 12:42:16,608 - Drone_5 - INFO - Drone 5: Reached target position
2026-02-12 12:42:17,439 - Drone_5 - INFO - Drone 5: Flying to {'x': 164.58152282968194, 'y': 57.21582303366084, 'z': 1145.4303011894226}
2026-02-12 12:42:17,617 - Drone_5 - INFO - Drone 5: Reached target position
2026-02-12 12:42:18,441 - Drone_5 - INFO - Drone 5: Flying to {'x': 159.31208365967234, 'y': 62.64358985360172, 'z': 1145.4303011894226}
2026-02-12 12:42:18,624 - Drone_5 - INFO - Drone 5: Reached target position
2026-02-12 12:42:19,444 - Drone_5 - INFO - Drone 5: Flying to {'x': 153.7337192040852, 'y': 67.72836110381814, 'z': 1145.4303011894226}
2026-02-12 12:42:19,631 - Drone_5 - INFO - Drone 5: Reached target position
2026-02-12 12:42:20,448 - Drone_5 - INFO - Drone 5: Flying to {'x': 147.87096612014787, 'y': 72.49428619565212, 'z': 1145.4303011894226}
2026-02-12 12:42:20,637 - Drone_5 - INFO - Drone 5: Reached target position
2026-02-12 12:42:21,452 - Drone_5 - INFO - Drone 5: Flying to {'x': 141.76058952893928, 'y': 76.949045612727, 'z': 1145.4303011894226}
2026-02-12 12:42:21,645 - Drone_5 - INFO - Drone 5: Reached target position
2026-02-12 12:42:22,455 - Drone_5 - INFO - Drone 5: Flying to {'x': 135.4351084394919, 'y': 81.10143239205296, 'z': 1145.4303011894226}
2026-02-12 12:42:22,651 - Drone_5 - INFO - Drone 5: Reached target position
2026-02-12 12:42:23,458 - Drone_5 - INFO - Drone 5: Flying to {'x': 128.92704766931274, 'y': 84.95865962831053, 'z': 1145.4303011894226}
2026-02-12 12:42:23,758 - Drone_5 - INFO - Drone 5: Reached target position
2026-02-12 12:42:24,460 - Drone_5 - INFO - Drone 5: Flying to {'x': 122.25170882613962, 'y': 88.53592548526541, 'z': 1145.4303011894226}
2026-02-12 12:42:24,664 - Drone_5 - INFO - Drone 5: Reached target position
2026-02-12 12:42:25,462 - Drone_5 - INFO - Drone 5: Flying to {'x': 115.43545742453175, 'y': 91.83985951576454, 'z': 1145.4303011894226}
2026-02-12 12:42:25,671 - Drone_5 - INFO - Drone 5: Reached target position
2026-02-12 12:42:26,463 - Drone_5 - INFO - Drone 5: Flying to {'x': 108.49638081084059, 'y': 94.88004830972841, 'z': 1145.4303011894226}
2026-02-12 12:42:26,678 - Drone_5 - INFO - Drone 5: Reached target position
2026-02-12 12:42:27,467 - Drone_5 - INFO - Drone 5: Flying to {'x': 101.42139220788314, 'y': 97.67622302866226, 'z': 1145.4303011894226}
2026-02-12 12:42:27,683 - Drone_5 - INFO - Drone 5: Reached target position
2026-02-12 12:42:28,471 - Drone_5 - INFO - Drone 5: Flying to {'x': 94.2880296099982, 'y': 100.21215870564724, 'z': 1145.4303011894226}
2026-02-12 12:42:28,790 - Drone_5 - INFO - Drone 5: Reached target position
2026-02-12 12:42:29,474 - Drone_5 - INFO - Drone 5: Flying to {'x': 87.0599239645091, 'y': 102.51394527531436, 'z': 1145.4303011894226}
2026-02-12 12:42:29,798 - Drone_5 - INFO - Drone 5: Reached target position
2026-02-12 12:42:30,478 - Drone_5 - INFO - Drone 5: Flying to {'x': 79.74714461166172, 'y': 104.58735735380029, 'z': 1145.4303011894226}
2026-02-12 12:42:30,805 - Drone_5 - INFO - Drone 5: Reached target position
2026-02-12 12:42:31,481 - Drone_5 - INFO - Drone 5: Flying to {'x': 72.38514402417069, 'y': 106.4314296156488, 'z': 1145.4303011894226}
2026-02-12 12:42:31,811 - Drone_5 - INFO - Drone 5: Reached target position
2026-02-12 12:42:32,484 - Drone_5 - INFO - Drone 5: Flying to {'x': 64.97156446087267, 'y': 108.05529009411747, 'z': 1145.4303011894226}
2026-02-12 12:42:32,817 - Drone_5 - INFO - Drone 5: Reached target position
2026-02-12 12:42:33,487 - Drone_5 - INFO - Drone 5: Flying to {'x': 57.46000047455908, 'y': 109.26873404299741, 'z': 1145.4303011894226}
2026-02-12 12:42:33,823 - Drone_5 - INFO - Drone 5: Reached target position
2026-02-12 12:42:34,491 - Drone_5 - INFO - Drone 5: Flying to {'x': 50.76599928064311, 'y': 110.55314316529714, 'z': 1145.4303011894226}
2026-02-12 12:42:34,830 - Drone_5 - INFO - Drone 5: Reached target position
2026-02-12 12:42:35,495 - Drone_5 - INFO - Drone 5: Flying to {'x': 43.24773157952093, 'y': 111.56581936337126, 'z': 1145.4303011894226}
2026-02-12 12:42:35,838 - Drone_5 - INFO - Drone 5: Reached target position
2026-02-12 12:42:36,500 - Drone_5 - INFO - Drone 5: Flying to {'x': 35.70272976784156, 'y': 112.37632334907457, 'z': 1145.4303011894226}
2026-02-12 12:42:36,944 - Drone_5 - INFO - Drone 5: Reached target position
2026-02-12 12:42:37,501 - Drone_5 - INFO - Drone 5: Flying to {'x': 28.136529727370004, 'y': 112.98789951862909, 'z': 1145.4303011894226}
2026-02-12 12:42:37,950 - Drone_5 - INFO - Drone 5: Reached target position
2026-02-12 12:42:38,504 - Drone_5 - INFO - Drone 5: Flying to {'x': 20.57431752776315, 'y': 113.40260847605427, 'z': 1145.4303011894226}
2026-02-12 12:42:38,958 - Drone_5 - INFO - Drone 5: Reached target position
2026-02-12 12:42:39,506 - Drone_5 - INFO - Drone 5: Flying to {'x': 12.99119441747208, 'y': 113.62488421241716, 'z': 1145.4303011894226}
2026-02-12 12:42:39,964 - Drone_5 - INFO - Drone 5: Reached target position
2026-02-12 12:42:40,507 - Drone_5 - INFO - Drone 5: Flying to {'x': 5.416765187978001, 'y': 113.65640712732811, 'z': 1145.4303011894226}
2026-02-12 12:42:40,971 - Drone_5 - INFO - Drone 5: Reached target position
2026-02-12 12:42:41,511 - Drone_5 - INFO - Drone 5: Flying to {'x': -2.1517292004076154, 'y': 113.49989571546584, 'z': 1145.4303011894226}
2026-02-12 12:42:41,978 - Drone_5 - INFO - Drone 5: Reached target position
2026-02-12 12:42:42,515 - Drone_5 - INFO - Drone 5: Flying to {'x': -9.702979337948012, 'y': 113.1579264356865, 'z': 1145.4303011894226}
2026-02-12 12:42:42,984 - Drone_5 - INFO - Drone 5: Reached target position
2026-02-12 12:42:43,518 - Drone_5 - INFO - Drone 5: Flying to {'x': -17.24289248132594, 'y': 112.63205592078961, 'z': 1145.4303011894226}
2026-02-12 12:42:43,990 - Drone_5 - INFO - Drone 5: Reached target position
2026-02-12 12:42:44,521 - Drone_5 - INFO - Drone 5: Flying to {'x': -24.791447230582538, 'y': 111.92109472640729, 'z': 1145.4303011894226}
2026-02-12 12:42:44,997 - Drone_5 - INFO - Drone 5: Reached target position
2026-02-12 12:42:45,523 - Drone_5 - INFO - Drone 5: Flying to {'x': -32.29379196976367, 'y': 111.03128943766123, 'z': 1145.4303011894226}
2026-02-12 12:42:46,004 - Drone_5 - INFO - Drone 5: Reached target position
2026-02-12 12:42:46,524 - Drone_5 - INFO - Drone 5: Flying to {'x': -39.77617991269537, 'y': 109.96081285134655, 'z': 1145.4303011894226}
2026-02-12 12:42:47,011 - Drone_5 - INFO - Drone 5: Reached target position
2026-02-12 12:42:47,526 - Drone_5 - INFO - Drone 5: Flying to {'x': -47.223503985633215, 'y': 108.71221242562056, 'z': 1145.4303011894226}
2026-02-12 12:42:48,017 - Drone_5 - INFO - Drone 5: Reached target position
2026-02-12 12:42:48,529 - Drone_5 - INFO - Drone 5: Flying to {'x': -54.64355778425819, 'y': 107.28410344782249, 'z': 1145.4303011894226}
2026-02-12 12:42:49,125 - Drone_5 - INFO - Drone 5: Reached target position
2026-02-12 12:42:49,532 - Drone_5 - INFO - Drone 5: Flying to {'x': -62.026515329182885, 'y': 105.67770016458803, 'z': 1145.4303011894226}
2026-02-12 12:42:50,133 - Drone_5 - INFO - Drone 5: Reached target position
2026-02-12 12:42:50,534 - Drone_5 - INFO - Drone 5: Flying to {'x': -69.36838482988637, 'y': 103.89283307083664, 'z': 1145.4303011894226}
2026-02-12 12:42:51,038 - Drone_5 - INFO - Drone 5: Reached target position
2026-02-12 12:42:51,537 - Drone_5 - INFO - Drone 5: Flying to {'x': -76.67498267492451, 'y': 101.92586998180778, 'z': 1145.4303011894226}
2026-02-12 12:42:52,045 - Drone_5 - INFO - Drone 5: Reached target position
2026-02-12 12:42:52,541 - Drone_5 - INFO - Drone 5: Flying to {'x': -83.93917736964357, 'y': 99.77523425072333, 'z': 1145.4303011894226}
2026-02-12 12:42:53,052 - Drone_5 - INFO - Drone 5: Reached target position
2026-02-12 12:42:53,544 - Drone_5 - INFO - Drone 5: Flying to {'x': -91.17931335194703, 'y': 97.42956048589105, 'z': 1145.4303011894226}
2026-02-12 12:42:54,060 - Drone_5 - INFO - Drone 5: Reached target position
2026-02-12 12:42:54,548 - Drone_5 - INFO - Drone 5: Flying to {'x': -98.3763726371667, 'y': 94.88673529246596, 'z': 1145.4303011894226}
2026-02-12 12:42:55,068 - Drone_5 - INFO - Drone 5: Reached target position
2026-02-12 12:42:55,550 - Drone_5 - INFO - Drone 5: Flying to {'x': -105.5306087528352, 'y': 92.13568395519745, 'z': 1145.4303011894226}
2026-02-12 12:42:56,075 - Drone_5 - INFO - Drone 5: Reached target position
2026-02-12 12:42:56,551 - Drone_5 - INFO - Drone 5: Flying to {'x': -112.63864713010868, 'y': 89.16223363054392, 'z': 1145.4303011894226}
2026-02-12 12:42:57,082 - Drone_5 - INFO - Drone 5: Reached target position
2026-02-12 12:42:57,553 - Drone_5 - INFO - Drone 5: Flying to {'x': -119.7090036605348, 'y': 85.94066470796584, 'z': 1145.4303011894226}
2026-02-12 12:42:58,091 - Drone_5 - INFO - Drone 5: Reached target position
2026-02-12 12:42:58,557 - Drone_5 - INFO - Drone 5: Flying to {'x': -126.72047353604717, 'y': 82.45085314797785, 'z': 1145.4303011894226}
2026-02-12 12:42:59,096 - Drone_5 - INFO - Drone 5: Reached target position
2026-02-12 12:42:59,559 - Drone_5 - INFO - Drone 5: Flying to {'x': -133.6515392643176, 'y': 78.66529472438569, 'z': 1145.4303011894226}
2026-02-12 12:43:00,105 - Drone_5 - INFO - Drone 5: Reached target position
2026-02-12 12:43:00,562 - Drone_5 - INFO - Drone 5: Flying to {'x': -140.49038860527136, 'y': 74.54013275307523, 'z': 1145.4303011894226}
2026-02-12 12:43:01,212 - Drone_5 - INFO - Drone 5: Reached target position
2026-02-12 12:43:01,566 - Drone_5 - INFO - Drone 5: Flying to {'x': -147.2033061213564, 'y': 70.03061649568409, 'z': 1145.4303011894226}
2026-02-12 12:43:02,218 - Drone_5 - INFO - Drone 5: Reached target position
2026-02-12 12:43:02,569 - Drone_5 - INFO - Drone 5: Flying to {'x': -153.71133792656082, 'y': 65.11289211069204, 'z': 1145.4303011894226}
2026-02-12 12:43:03,225 - Drone_5 - INFO - Drone 5: Reached target position
2026-02-12 12:43:03,572 - Drone_5 - INFO - Drone 5: Flying to {'x': -159.9447510267654, 'y': 59.75199895911935, 'z': 1145.4303011894226}
2026-02-12 12:43:04,233 - Drone_5 - INFO - Drone 5: Reached target position
2026-02-12 12:43:04,575 - Drone_5 - INFO - Drone 5: Flying to {'x': -165.82869340238713, 'y': 53.910458871002106, 'z': 1145.4303011894226}
2026-02-12 12:43:05,241 - Drone_5 - INFO - Drone 5: Reached target position
2026-02-12 12:43:05,577 - Drone_5 - INFO - Drone 5: Flying to {'x': -171.2428764019407, 'y': 47.598819446058314, 'z': 1145.4303011894226}
2026-02-12 12:43:06,247 - Drone_5 - INFO - Drone 5: Reached target position
2026-02-12 12:43:06,580 - Drone_5 - INFO - Drone 5: Flying to {'x': -176.08400958281456, 'y': 40.82808080315736, 'z': 1145.4303011894226}
2026-02-12 12:43:07,253 - Drone_5 - INFO - Drone 5: Reached target position
2026-02-12 12:43:07,582 - Drone_5 - INFO - Drone 5: Flying to {'x': -180.24694190102304, 'y': 33.63684631574107, 'z': 1145.4303011894226}
2026-02-12 12:43:08,260 - Drone_5 - INFO - Drone 5: Reached target position
2026-02-12 12:43:08,584 - Drone_5 - INFO - Drone 5: Flying to {'x': -183.62833977497644, 'y': 26.111617523969795, 'z': 1145.4303011894226}
2026-02-12 12:43:09,267 - Drone_5 - INFO - Drone 5: Reached target position
2026-02-12 12:43:09,587 - Drone_5 - INFO - Drone 5: Flying to {'x': -186.16167081864697, 'y': 18.336172023386098, 'z': 1145.4303011894226}
2026-02-12 12:43:10,376 - Drone_5 - INFO - Drone 5: Reached target position
2026-02-12 12:43:10,591 - Drone_5 - INFO - Drone 5: Flying to {'x': -187.8053586963644, 'y': 10.410912979878951, 'z': 1145.4303011894226}
2026-02-12 12:43:11,282 - Drone_5 - INFO - Drone 5: Reached target position
2026-02-12 12:43:11,596 - Drone_5 - INFO - Drone 5: Flying to {'x': -188.0377837419672, 'y': 2.589336451994413, 'z': 1145.4303011894226}
2026-02-12 12:43:12,388 - Drone_5 - INFO - Drone 5: Reached target position
2026-02-12 12:43:12,601 - Drone_5 - INFO - Drone 5: Flying to {'x': -187.93835627029202, 'y': -5.287770116143738, 'z': 1145.4303011894226}
2026-02-12 12:43:13,293 - Drone_5 - INFO - Drone 5: Reached target position
2026-02-12 12:43:13,603 - Drone_5 - INFO - Drone 5: Flying to {'x': -187.56017465644533, 'y': -12.443416576764285, 'z': 1145.4303011894226}
2026-02-12 12:43:14,299 - Drone_5 - INFO - Drone 5: Reached target position
2026-02-12 12:43:14,605 - Drone_5 - INFO - Drone 5: Flying to {'x': -185.8706544519238, 'y': -20.01169579535531, 'z': 1145.4303011894226}
2026-02-12 12:43:15,406 - Drone_5 - INFO - Drone 5: Reached target position
2026-02-12 12:43:15,607 - Drone_5 - INFO - Drone 5: Flying to {'x': -183.45088715208135, 'y': -27.33430503911321, 'z': 1145.4303011894226}
2026-02-12 12:43:16,113 - Drone_5 - INFO - Drone 5: Reached target position
2026-02-12 12:43:16,609 - Drone_5 - INFO - Drone 5: Flying to {'x': -180.3807221609846, 'y': -34.342863512925675, 'z': 1145.4303011894226}
2026-02-12 12:43:17,323 - Drone_5 - INFO - Drone 5: Reached target position
2026-02-12 12:43:17,611 - Drone_5 - INFO - Drone 5: Flying to {'x': -176.7215306716464, 'y': -41.03383216223642, 'z': 1145.4303011894226}
2026-02-12 12:43:18,230 - Drone_5 - INFO - Drone 5: Reached target position
2026-02-12 12:43:18,613 - Drone_5 - INFO - Drone 5: Flying to {'x': -172.55607551259484, 'y': -47.367555454157795, 'z': 1145.4303011894226}
2026-02-12 12:43:19,236 - Drone_5 - INFO - Drone 5: Reached target position
2026-02-12 12:43:19,615 - Drone_5 - INFO - Drone 5: Flying to {'x': -167.92269791066386, 'y': -53.374001954588664, 'z': 1145.4303011894226}
2026-02-12 12:43:20,242 - Drone_5 - INFO - Drone 5: Reached target position
2026-02-12 12:43:20,617 - Drone_5 - INFO - Drone 5: Flying to {'x': -162.90047704078094, 'y': -59.02342247699216, 'z': 1145.4303011894226}
2026-02-12 12:43:21,248 - Drone_5 - INFO - Drone 5: Reached target position
2026-02-12 12:43:21,618 - Drone_5 - INFO - Drone 5: Flying to {'x': -157.5294420592869, 'y': -64.33451461149782, 'z': 1145.4303011894226}
2026-02-12 12:43:22,254 - Drone_5 - INFO - Drone 5: Reached target position
2026-02-12 12:43:22,621 - Drone_5 - INFO - Drone 5: Flying to {'x': -151.84528182017505, 'y': -69.32202899700324, 'z': 1145.4303011894226}
2026-02-12 12:43:23,260 - Drone_5 - INFO - Drone 5: Reached target position
2026-02-12 12:43:23,624 - Drone_5 - INFO - Drone 5: Flying to {'x': -145.89941497879673, 'y': -73.98398850403473, 'z': 1145.4303011894226}
2026-02-12 12:43:24,266 - Drone_5 - INFO - Drone 5: Reached target position
2026-02-12 12:43:24,626 - Drone_5 - INFO - Drone 5: Flying to {'x': -139.71878881175164, 'y': -78.3366392914607, 'z': 1145.4303011894226}
2026-02-12 12:43:25,272 - Drone_5 - INFO - Drone 5: Reached target position
2026-02-12 12:43:25,629 - Drone_5 - INFO - Drone 5: Flying to {'x': -133.32539557102635, 'y': -82.39483487235498, 'z': 1145.4303011894226}
2026-02-12 12:43:26,280 - Drone_5 - INFO - Drone 5: Reached target position
2026-02-12 12:43:26,631 - Drone_5 - INFO - Drone 5: Flying to {'x': -126.74415774006088, 'y': -86.16808101809788, 'z': 1145.4303011894226}
2026-02-12 12:43:27,287 - Drone_5 - INFO - Drone 5: Reached target position
2026-02-12 12:43:27,633 - Drone_5 - INFO - Drone 5: Flying to {'x': -120.02520047101761, 'y': -89.65176372012677, 'z': 1145.4303011894226}
2026-02-12 12:43:28,294 - Drone_5 - INFO - Drone 5: Reached target position
2026-02-12 12:43:28,635 - Drone_5 - INFO - Drone 5: Flying to {'x': -113.16032055718598, 'y': -92.8707762875004, 'z': 1145.4303011894226}
2026-02-12 12:43:29,301 - Drone_5 - INFO - Drone 5: Reached target position
2026-02-12 12:43:29,636 - Drone_5 - INFO - Drone 5: Flying to {'x': -106.17507918149832, 'y': -95.82970121375155, 'z': 1145.4303011894226}
2026-02-12 12:43:30,309 - Drone_5 - INFO - Drone 5: Reached target position
2026-02-12 12:43:30,639 - Drone_5 - INFO - Drone 5: Flying to {'x': -99.09248399569259, 'y': -98.53418821548419, 'z': 1145.4303011894226}
2026-02-12 12:43:31,315 - Drone_5 - INFO - Drone 5: Reached target position
2026-02-12 12:43:31,643 - Drone_5 - INFO - Drone 5: Flying to {'x': -91.91759438420333, 'y': -100.9956245946648, 'z': 1145.4303011894226}
2026-02-12 12:43:32,323 - Drone_5 - INFO - Drone 5: Reached target position
2026-02-12 12:43:32,646 - Drone_5 - INFO - Drone 5: Flying to {'x': -84.66453676357646, 'y': -103.22045633966584, 'z': 1145.4303011894226}
2026-02-12 12:43:33,328 - Drone_5 - INFO - Drone 5: Reached target position
2026-02-12 12:43:33,650 - Drone_5 - INFO - Drone 5: Flying to {'x': -77.34016561777408, 'y': -105.21634025974458, 'z': 1145.4303011894226}
2026-02-12 12:43:34,334 - Drone_5 - INFO - Drone 5: Reached target position
2026-02-12 12:43:34,653 - Drone_5 - INFO - Drone 5: Flying to {'x': -69.94845290856799, 'y': -106.99025542395216, 'z': 1145.4303011894226}
2026-02-12 12:43:35,344 - Drone_5 - INFO - Drone 5: Reached target position
2026-02-12 12:43:35,657 - Drone_5 - INFO - Drone 5: Flying to {'x': -62.50518216239806, 'y': -108.54553316452484, 'z': 1145.4303011894226}
2026-02-12 12:43:36,351 - Drone_5 - INFO - Drone 5: Reached target position
2026-02-12 12:43:36,659 - Drone_5 - INFO - Drone 5: Flying to {'x': -55.033832933212366, 'y': -109.8844973855518, 'z': 1145.4303011894226}
2026-02-12 12:43:37,357 - Drone_5 - INFO - Drone 5: Reached target position
2026-02-12 12:43:37,661 - Drone_5 - INFO - Drone 5: Flying to {'x': -47.52868630151619, 'y': -111.0145735277006, 'z': 1145.4303011894226}
2026-02-12 12:43:38,366 - Drone_5 - INFO - Drone 5: Reached target position
2026-02-12 12:43:38,665 - Drone_5 - INFO - Drone 5: Flying to {'x': -39.94368918655738, 'y': -111.73936660090213, 'z': 1145.4303011894226}
2026-02-12 12:43:39,171 - Drone_5 - INFO - Drone 5: Reached target position
2026-02-12 12:43:39,669 - Drone_5 - INFO - Drone 5: Flying to {'x': -33.18065891790091, 'y': -112.60215018480757, 'z': 1145.4303011894226}
2026-02-12 12:43:40,280 - Drone_5 - INFO - Drone 5: Reached target position
2026-02-12 12:43:40,672 - Drone_5 - INFO - Drone 5: Flying to {'x': -25.61682200057199, 'y': -113.1475531976156, 'z': 1145.4303011894226}
2026-02-12 12:43:41,285 - Drone_5 - INFO - Drone 5: Reached target position
2026-02-12 12:43:41,676 - Drone_5 - INFO - Drone 5: Flying to {'x': -18.04047081939971, 'y': -113.4981153684327, 'z': 1145.4303011894226}
2026-02-12 12:43:42,292 - Drone_5 - INFO - Drone 5: Reached target position
2026-02-12 12:43:42,678 - Drone_5 - INFO - Drone 5: Flying to {'x': -10.464458385850735, 'y': -113.65629873178861, 'z': 1145.4303011894226}
2026-02-12 12:43:43,299 - Drone_5 - INFO - Drone 5: Reached target position
2026-02-12 12:43:43,683 - Drone_5 - INFO - Drone 5: Flying to {'x': -2.8835913696988165, 'y': -113.62470304726769, 'z': 1145.4303011894226}
2026-02-12 12:43:44,308 - Drone_5 - INFO - Drone 5: Reached target position
2026-02-12 12:43:44,686 - Drone_5 - INFO - Drone 5: Flying to {'x': 4.695534624845358, 'y': -113.4051826142758, 'z': 1145.4303011894226}
2026-02-12 12:43:45,315 - Drone_5 - INFO - Drone 5: Reached target position
2026-02-12 12:43:45,691 - Drone_5 - INFO - Drone 5: Flying to {'x': 12.24876288450401, 'y': -113.00075527406437, 'z': 1145.4303011894226}
2026-02-12 12:43:46,322 - Drone_5 - INFO - Drone 5: Reached target position
2026-02-12 12:43:46,693 - Drone_5 - INFO - Drone 5: Flying to {'x': 19.804011225498712, 'y': -112.41130529435468, 'z': 1145.4303011894226}
2026-02-12 12:43:47,328 - Drone_5 - INFO - Drone 5: Reached target position
2026-02-12 12:43:47,694 - Drone_5 - INFO - Drone 5: Flying to {'x': 27.342554076968582, 'y': -111.63883384227742, 'z': 1145.4303011894226}
2026-02-12 12:43:48,336 - Drone_5 - INFO - Drone 5: Reached target position
2026-02-12 12:43:48,698 - Drone_5 - INFO - Drone 5: Flying to {'x': 34.83910098771683, 'y': -110.68750349062398, 'z': 1145.4303011894226}
2026-02-12 12:43:49,342 - Drone_5 - INFO - Drone 5: Reached target position
2026-02-12 12:43:49,701 - Drone_5 - INFO - Drone 5: Flying to {'x': 42.328789690147104, 'y': -109.55325932958019, 'z': 1145.4303011894226}
2026-02-12 12:43:50,349 - Drone_5 - INFO - Drone 5: Reached target position
2026-02-12 12:43:50,704 - Drone_5 - INFO - Drone 5: Flying to {'x': 49.765490506793704, 'y': -108.24353841620206, 'z': 1145.4303011894226}
2026-02-12 12:43:51,254 - Drone_5 - INFO - Drone 5: Reached target position
2026-02-12 12:43:51,707 - Drone_5 - INFO - Drone 5: Flying to {'x': 57.17811749921026, 'y': -106.75339636455222, 'z': 1145.4303011894226}
2026-02-12 12:43:52,360 - Drone_5 - INFO - Drone 5: Reached target position
2026-02-12 12:43:52,709 - Drone_5 - INFO - Drone 5: Flying to {'x': 64.5503112512642, 'y': -105.08519504155322, 'z': 1145.4303011894226}
2026-02-12 12:43:53,267 - Drone_5 - INFO - Drone 5: Reached target position
2026-02-12 12:43:53,711 - Drone_5 - INFO - Drone 5: Flying to {'x': 71.8883927902426, 'y': -103.23593860523889, 'z': 1145.4303011894226}
2026-02-12 12:43:54,375 - Drone_5 - INFO - Drone 5: Reached target position
2026-02-12 12:43:54,712 - Drone_5 - INFO - Drone 5: Flying to {'x': 79.2076803456506, 'y': -101.19812526049594, 'z': 1145.4303011894226}
2026-02-12 12:43:55,280 - Drone_5 - INFO - Drone 5: Reached target position
2026-02-12 12:43:55,714 - Drone_5 - INFO - Drone 5: Flying to {'x': 86.47276985702302, 'y': -98.97743849808734, 'z': 1145.4303011894226}
2026-02-12 12:43:56,387 - Drone_5 - INFO - Drone 5: Reached target position
2026-02-12 12:43:56,718 - Drone_5 - INFO - Drone 5: Flying to {'x': 93.69320591496279, 'y': -96.56558666563654, 'z': 1145.4303011894226}
2026-02-12 12:43:57,293 - Drone_5 - INFO - Drone 5: Reached target position
2026-02-12 12:43:57,722 - Drone_5 - INFO - Drone 5: Flying to {'x': 100.88027985201936, 'y': -93.94974340110751, 'z': 1145.4303011894226}
2026-02-12 12:43:58,401 - Drone_5 - INFO - Drone 5: Reached target position
2026-02-12 12:43:58,726 - Drone_5 - INFO - Drone 5: Flying to {'x': 108.02307354201604, 'y': -91.1210945666306, 'z': 1145.4303011894226}
2026-02-12 12:43:59,307 - Drone_5 - INFO - Drone 5: Reached target position
2026-02-12 12:43:59,728 - Drone_5 - INFO - Drone 5: Flying to {'x': 115.11994676032747, 'y': -88.06284363536103, 'z': 1145.4303011894226}
2026-02-12 12:44:00,313 - Drone_5 - INFO - Drone 5: Reached target position
2026-02-12 12:44:00,731 - Drone_5 - INFO - Drone 5: Flying to {'x': 122.17597573742398, 'y': -84.74805795676623, 'z': 1145.4303011894226}
2026-02-12 12:44:01,321 - Drone_5 - INFO - Drone 5: Reached target position
2026-02-12 12:44:01,734 - Drone_5 - INFO - Drone 5: Flying to {'x': 129.1641396036478, 'y': -81.15679115938181, 'z': 1145.4303011894226}
2026-02-12 12:44:02,330 - Drone_5 - INFO - Drone 5: Reached target position
2026-02-12 12:44:02,738 - Drone_5 - INFO - Drone 5: Flying to {'x': 136.07085134615426, 'y': -77.25370933733164, 'z': 1145.4303011894226}
2026-02-12 12:44:03,337 - Drone_5 - INFO - Drone 5: Reached target position
2026-02-12 12:44:03,741 - Drone_5 - INFO - Drone 5: Flying to {'x': 142.87023150445307, 'y': -72.99842201293404, 'z': 1145.4303011894226}
2026-02-12 12:44:04,346 - Drone_5 - INFO - Drone 5: Reached target position
2026-02-12 12:44:04,745 - Drone_5 - INFO - Drone 5: Flying to {'x': 149.51157966670254, 'y': -68.35457175111421, 'z': 1145.4303011894226}
2026-02-12 12:44:05,253 - Drone_5 - INFO - Drone 5: Reached target position
2026-02-12 12:44:05,748 - Drone_5 - INFO - Drone 5: Flying to {'x': 155.9249416328578, 'y': -63.29123680211879, 'z': 1145.4303011894226}
2026-02-12 12:44:06,259 - Drone_5 - INFO - Drone 5: Reached target position
2026-02-12 12:44:06,752 - Drone_5 - INFO - Drone 5: Flying to {'x': 162.05469792242502, 'y': -57.75721512501183, 'z': 1145.4303011894226}
2026-02-12 12:44:07,267 - Drone_5 - INFO - Drone 5: Reached target position
2026-02-12 12:44:07,756 - Drone_5 - INFO - Drone 5: Flying to {'x': 167.78875978470887, 'y': -51.74711914969514, 'z': 1145.4303011894226}
2026-02-12 12:44:08,273 - Drone_5 - INFO - Drone 5: Reached target position
2026-02-12 12:44:08,758 - Drone_5 - INFO - Drone 5: Flying to {'x': 173.01731965072156, 'y': -45.26676066201043, 'z': 1145.4303011894226}
2026-02-12 12:44:09,282 - Drone_5 - INFO - Drone 5: Reached target position
2026-02-12 12:44:09,760 - Drone_5 - INFO - Drone 5: Flying to {'x': 177.634032660588, 'y': -38.33794468874669, 'z': 1145.4303011894226}
2026-02-12 12:44:10,287 - Drone_5 - INFO - Drone 5: Reached target position
2026-02-12 12:44:10,762 - Drone_5 - INFO - Drone 5: Flying to {'x': 181.5297640818915, 'y': -31.022726428712883, 'z': 1145.4303011894226}
2026-02-12 12:44:11,193 - Drone_5 - INFO - Drone 5: Reached target position
2026-02-12 12:44:11,765 - Drone_5 - INFO - Drone 5: Flying to {'x': 184.62282125916724, 'y': -23.388033804451524, 'z': 1145.4303011894226}
2026-02-12 12:44:12,203 - Drone_5 - INFO - Drone 5: Reached target position
2026-02-12 12:44:12,769 - Drone_5 - INFO - Drone 5: Flying to {'x': 186.66478369053002, 'y': -16.330647273717776, 'z': 1145.4303011894226}
2026-02-12 12:44:13,108 - Drone_5 - INFO - Drone 5: Reached target position
2026-02-12 12:44:13,773 - Drone_5 - INFO - Drone 5: Flying to {'x': 188.07827163611077, 'y': -8.392161005282116, 'z': 1145.4303011894226}
2026-02-12 12:44:14,114 - Drone_5 - INFO - Drone 5: Reached target position
2026-02-12 12:44:14,775 - Drone_5 - INFO - Drone 5: Flying to {'x': 188.5938457991263, 'y': -0.43911279570886563, 'z': 1145.4303011894226}
2026-02-12 12:44:15,121 - Drone_5 - INFO - Drone 5: Reached target position
2026-02-12 12:44:15,776 - Drone_5 - INFO - Drone 5: Flying to {'x': 188.2354047132698, 'y': 7.438761488854473, 'z': 1145.4303011894226}
2026-02-12 12:44:16,129 - Drone_5 - INFO - Drone 5: Reached target position
2026-02-12 12:44:16,779 - Drone_5 - INFO - Drone 5: Flying to {'x': 187.04966813994045, 'y': 15.14648994149853, 'z': 1145.4303011894226}
2026-02-12 12:44:17,036 - Drone_5 - INFO - Drone 5: Reached target position
2026-02-12 12:44:17,782 - Drone_5 - INFO - Drone 5: Flying to {'x': 185.1019263366037, 'y': 22.610079430559946, 'z': 1145.4303011894226}
2026-02-12 12:44:18,043 - Drone_5 - INFO - Drone 5: Reached target position
2026-02-12 12:44:18,785 - Drone_5 - INFO - Drone 5: Flying to {'x': 182.45594067370152, 'y': 29.80270265542013, 'z': 1145.4303011894226}
2026-02-12 12:44:18,949 - Drone_5 - INFO - Drone 5: Reached target position
2026-02-12 12:44:19,788 - Drone_5 - INFO - Drone 5: Flying to {'x': 179.1718495852428, 'y': 36.706636655618254, 'z': 1145.4303011894226}
2026-02-12 12:44:19,957 - Drone_5 - INFO - Drone 5: Reached target position
2026-02-12 12:44:20,791 - Drone_5 - INFO - Drone 5: Flying to {'x': 175.33683782416776, 'y': 43.26220470574321, 'z': 1145.4303011894226}
2026-02-12 12:44:20,966 - Drone_5 - INFO - Drone 5: Reached target position
2026-02-12 12:44:21,796 - Drone_5 - INFO - Drone 5: Flying to {'x': 171.0059401709266, 'y': 49.47964394054406, 'z': 1145.4303011894226}
2026-02-12 12:44:21,972 - Drone_5 - INFO - Drone 5: Reached target position
2026-02-12 12:44:22,798 - Drone_5 - INFO - Drone 5: Flying to {'x': 166.23715929126917, 'y': 55.35662865410171, 'z': 1145.4303011894226}
2026-02-12 12:44:22,977 - Drone_5 - INFO - Drone 5: Reached target position
2026-02-12 12:44:23,800 - Drone_5 - INFO - Drone 5: Flying to {'x': 161.09108253627312, 'y': 60.887371968717645, 'z': 1145.4303011894226}
2026-02-12 12:44:23,985 - Drone_5 - INFO - Drone 5: Reached target position
2026-02-12 12:44:24,802 - Drone_5 - INFO - Drone 5: Flying to {'x': 155.61112792791633, 'y': 66.08334991728375, 'z': 1145.4303011894226}
2026-02-12 12:44:24,990 - Drone_5 - INFO - Drone 5: Reached target position
2026-02-12 12:44:25,805 - Drone_5 - INFO - Drone 5: Flying to {'x': 149.84226407694527, 'y': 70.95055873817839, 'z': 1145.4303011894226}
2026-02-12 12:44:26,099 - Drone_5 - INFO - Drone 5: Reached target position
2026-02-12 12:44:26,808 - Drone_5 - INFO - Drone 5: Flying to {'x': 143.8179842924324, 'y': 75.50183701178064, 'z': 1145.4303011894226}
2026-02-12 12:44:27,105 - Drone_5 - INFO - Drone 5: Reached target position
2026-02-12 12:44:27,814 - Drone_5 - INFO - Drone 5: Flying to {'x': 137.56627562108127, 'y': 79.75013535616092, 'z': 1145.4303011894226}
2026-02-12 12:44:28,112 - Drone_5 - INFO - Drone 5: Reached target position
2026-02-12 12:44:28,815 - Drone_5 - INFO - Drone 5: Flying to {'x': 131.11929591161947, 'y': 83.70280552632951, 'z': 1145.4303011894226}
2026-02-12 12:44:29,119 - Drone_5 - INFO - Drone 5: Reached target position
2026-02-12 12:44:29,817 - Drone_5 - INFO - Drone 5: Flying to {'x': 124.49868015828224, 'y': 87.37176997857794, 'z': 1145.4303011894226}
2026-02-12 12:44:30,125 - Drone_5 - INFO - Drone 5: Reached target position
2026-02-12 12:44:30,820 - Drone_5 - INFO - Drone 5: Flying to {'x': 117.73179509652105, 'y': 90.76381917583296, 'z': 1145.4303011894226}
2026-02-12 12:44:31,131 - Drone_5 - INFO - Drone 5: Reached target position
2026-02-12 12:44:31,824 - Drone_5 - INFO - Drone 5: Flying to {'x': 110.83487224393653, 'y': 93.8900060137824, 'z': 1145.4303011894226}
2026-02-12 12:44:32,137 - Drone_5 - INFO - Drone 5: Reached target position
2026-02-12 12:44:32,827 - Drone_5 - INFO - Drone 5: Flying to {'x': 103.81304149019641, 'y': 96.76368614890461, 'z': 1145.4303011894226}
2026-02-12 12:44:33,144 - Drone_5 - INFO - Drone 5: Reached target position
2026-02-12 12:44:33,831 - Drone_5 - INFO - Drone 5: Flying to {'x': 96.69967617810802, 'y': 99.38534165131362, 'z': 1145.4303011894226}
2026-02-12 12:44:34,150 - Drone_5 - INFO - Drone 5: Reached target position
2026-02-12 12:44:34,836 - Drone_5 - INFO - Drone 5: Flying to {'x': 89.49849399434619, 'y': 101.76640214035075, 'z': 1145.4303011894226}
2026-02-12 12:44:35,157 - Drone_5 - INFO - Drone 5: Reached target position
2026-02-12 12:44:35,839 - Drone_5 - INFO - Drone 5: Flying to {'x': 82.22098919224625, 'y': 103.91375922536271, 'z': 1145.4303011894226}
2026-02-12 12:44:36,163 - Drone_5 - INFO - Drone 5: Reached target position
2026-02-12 12:44:36,842 - Drone_5 - INFO - Drone 5: Flying to {'x': 74.87558779261235, 'y': 105.83416274072503, 'z': 1145.4303011894226}
2026-02-12 12:44:37,270 - Drone_5 - INFO - Drone 5: Reached target position
2026-02-12 12:44:37,844 - Drone_5 - INFO - Drone 5: Flying to {'x': 67.47439476822825, 'y': 107.53257114555139, 'z': 1145.4303011894226}
2026-02-12 12:44:38,276 - Drone_5 - INFO - Drone 5: Reached target position
2026-02-12 12:44:38,847 - Drone_5 - INFO - Drone 5: Flying to {'x': 60.0288297586818, 'y': 109.01372774317518, 'z': 1145.4303011894226}
2026-02-12 12:44:39,283 - Drone_5 - INFO - Drone 5: Reached target position
2026-02-12 12:44:39,851 - Drone_5 - INFO - Drone 5: Flying to {'x': 52.55156600894323, 'y': 110.28191183843126, 'z': 1145.4303011894226}
2026-02-12 12:44:40,289 - Drone_5 - INFO - Drone 5: Reached target position
2026-02-12 12:44:40,855 - Drone_5 - INFO - Drone 5: Flying to {'x': 45.03949585353305, 'y': 111.34336931124665, 'z': 1145.4303011894226}
2026-02-12 12:44:41,296 - Drone_5 - INFO - Drone 5: Reached target position
2026-02-12 12:44:41,859 - Drone_5 - INFO - Drone 5: Flying to {'x': 37.48834458007733, 'y': 112.20283991190618, 'z': 1145.4303011894226}
2026-02-12 12:44:42,302 - Drone_5 - INFO - Drone 5: Reached target position
2026-02-12 12:44:42,861 - Drone_5 - INFO - Drone 5: Flying to {'x': 29.929758171663945, 'y': 112.86094019003266, 'z': 1145.4303011894226}
2026-02-12 12:44:43,308 - Drone_5 - INFO - Drone 5: Reached target position
2026-02-12 12:44:43,864 - Drone_5 - INFO - Drone 5: Flying to {'x': 22.362963531245388, 'y': 113.32207396861028, 'z': 1145.4303011894226}
2026-02-12 12:44:44,313 - Drone_5 - INFO - Drone 5: Reached target position
2026-02-12 12:44:44,867 - Drone_5 - INFO - Drone 5: Flying to {'x': 14.798694715536554, 'y': 113.58937918118554, 'z': 1145.4303011894226}
2026-02-12 12:44:45,323 - Drone_5 - INFO - Drone 5: Reached target position
2026-02-12 12:44:45,871 - Drone_5 - INFO - Drone 5: Flying to {'x': 7.211725248592806, 'y': 113.66604645804995, 'z': 1145.4303011894226}
2026-02-12 12:44:46,330 - Drone_5 - INFO - Drone 5: Reached target position
2026-02-12 12:44:46,875 - Drone_5 - INFO - Drone 5: Flying to {'x': -0.3575531868845534, 'y': 113.55392375074842, 'z': 1145.4303011894226}
2026-02-12 12:44:47,336 - Drone_5 - INFO - Drone 5: Reached target position
2026-02-12 12:44:47,878 - Drone_5 - INFO - Drone 5: Flying to {'x': -7.9196327974595775, 'y': 113.25537460268929, 'z': 1145.4303011894226}
2026-02-12 12:44:48,344 - Drone_5 - INFO - Drone 5: Reached target position
2026-02-12 12:44:48,880 - Drone_5 - INFO - Drone 5: Flying to {'x': -15.467959865065588, 'y': 112.77239135905535, 'z': 1145.4303011894226}
2026-02-12 12:44:49,451 - Drone_5 - INFO - Drone 5: Reached target position
2026-02-12 12:44:49,883 - Drone_5 - INFO - Drone 5: Flying to {'x': -23.001825304730843, 'y': 112.10636392806094, 'z': 1145.4303011894226}
2026-02-12 12:44:50,458 - Drone_5 - INFO - Drone 5: Reached target position
2026-02-12 12:44:50,884 - Drone_5 - INFO - Drone 5: Flying to {'x': -30.515736765420566, 'y': 111.25874469573702, 'z': 1145.4303011894226}
2026-02-12 12:44:51,464 - Drone_5 - INFO - Drone 5: Reached target position
2026-02-12 12:44:51,886 - Drone_5 - INFO - Drone 5: Flying to {'x': -37.999939709487435, 'y': 110.23156797201817, 'z': 1145.4303011894226}
2026-02-12 12:44:52,470 - Drone_5 - INFO - Drone 5: Reached target position
2026-02-12 12:44:52,889 - Drone_5 - INFO - Drone 5: Flying to {'x': -45.45555819294104, 'y': 109.02528242162944, 'z': 1145.4303011894226}
2026-02-12 12:44:53,476 - Drone_5 - INFO - Drone 5: Reached target position
2026-02-12 12:44:53,893 - Drone_5 - INFO - Drone 5: Flying to {'x': -52.8246519736081, 'y': 107.35899717732106, 'z': 1145.4303011894226}
2026-02-12 12:44:54,485 - Drone_5 - INFO - Drone 5: Reached target position
2026-02-12 12:44:54,896 - Drone_5 - INFO - Drone 5: Flying to {'x': -59.53962151420526, 'y': 106.23968164385039, 'z': 1145.4303011894226}
2026-02-12 12:44:55,391 - Drone_5 - INFO - Drone 5: Reached target position
2026-02-12 12:44:55,900 - Drone_5 - INFO - Drone 5: Flying to {'x': -66.89524380491983, 'y': 104.51522626874785, 'z': 1145.4303011894226}
2026-02-12 12:44:56,501 - Drone_5 - INFO - Drone 5: Reached target position
2026-02-12 12:44:56,904 - Drone_5 - INFO - Drone 5: Flying to {'x': -74.21866368876758, 'y': 102.60867979548141, 'z': 1145.4303011894226}
2026-02-12 12:44:57,407 - Drone_5 - INFO - Drone 5: Reached target position
2026-02-12 12:44:57,906 - Drone_5 - INFO - Drone 5: Flying to {'x': -81.50528097322058, 'y': 100.51788964146343, 'z': 1145.4303011894226}
2026-02-12 12:44:58,415 - Drone_5 - INFO - Drone 5: Reached target position
2026-02-12 12:44:58,908 - Drone_5 - INFO - Drone 5: Flying to {'x': -88.75564644647204, 'y': 98.23779598762302, 'z': 1145.4303011894226}
2026-02-12 12:44:59,420 - Drone_5 - INFO - Drone 5: Reached target position
2026-02-12 12:44:59,912 - Drone_5 - INFO - Drone 5: Flying to {'x': -95.9605146770734, 'y': 95.76454262886473, 'z': 1145.4303011894226}
2026-02-12 12:45:00,426 - Drone_5 - INFO - Drone 5: Reached target position
2026-02-12 12:45:00,915 - Drone_5 - INFO - Drone 5: Flying to {'x': -103.1254228890844, 'y': 93.08648490304122, 'z': 1145.4303011894226}
2026-02-12 12:45:01,432 - Drone_5 - INFO - Drone 5: Reached target position
2026-02-12 12:45:01,917 - Drone_5 - INFO - Drone 5: Flying to {'x': -110.25425637825359, 'y': 90.18777451248538, 'z': 1145.4303011894226}
2026-02-12 12:45:02,439 - Drone_5 - INFO - Drone 5: Reached target position
2026-02-12 12:45:02,920 - Drone_5 - INFO - Drone 5: Flying to {'x': -117.3426857095697, 'y': 87.05004715050337, 'z': 1145.4303011894226}
2026-02-12 12:45:03,446 - Drone_5 - INFO - Drone 5: Reached target position
2026-02-12 12:45:03,924 - Drone_5 - INFO - Drone 5: Flying to {'x': -124.36881792863404, 'y': 83.65669830625905, 'z': 1145.4303011894226}
2026-02-12 12:45:04,553 - Drone_5 - INFO - Drone 5: Reached target position
2026-02-12 12:45:04,927 - Drone_5 - INFO - Drone 5: Flying to {'x': -131.33158393740493, 'y': 79.97303858103886, 'z': 1145.4303011894226}
2026-02-12 12:45:05,458 - Drone_5 - INFO - Drone 5: Reached target position
2026-02-12 12:45:05,929 - Drone_5 - INFO - Drone 5: Flying to {'x': -138.20701331777096, 'y': 75.96517224300838, 'z': 1145.4303011894226}
2026-02-12 12:45:06,564 - Drone_5 - INFO - Drone 5: Reached target position
2026-02-12 12:45:06,931 - Drone_5 - INFO - Drone 5: Flying to {'x': -144.95893435634704, 'y': 71.59541315405639, 'z': 1145.4303011894226}
2026-02-12 12:45:07,570 - Drone_5 - INFO - Drone 5: Reached target position
2026-02-12 12:45:07,934 - Drone_5 - INFO - Drone 5: Flying to {'x': -151.54072698813184, 'y': 66.8213767870773, 'z': 1145.4303011894226}
2026-02-12 12:45:08,576 - Drone_5 - INFO - Drone 5: Reached target position
2026-02-12 12:45:08,938 - Drone_5 - INFO - Drone 5: Flying to {'x': -157.87858432504572, 'y': 61.6109901243741, 'z': 1145.4303011894226}
2026-02-12 12:45:09,581 - Drone_5 - INFO - Drone 5: Reached target position
2026-02-12 12:45:09,941 - Drone_5 - INFO - Drone 5: Flying to {'x': -163.90006885580172, 'y': 55.92445417416999, 'z': 1145.4303011894226}
2026-02-12 12:45:10,588 - Drone_5 - INFO - Drone 5: Reached target position
2026-02-12 12:45:10,944 - Drone_5 - INFO - Drone 5: Flying to {'x': -169.4986698406028, 'y': 49.75186295036974, 'z': 1145.4303011894226}
2026-02-12 12:45:11,595 - Drone_5 - INFO - Drone 5: Reached target position
2026-02-12 12:45:11,946 - Drone_5 - INFO - Drone 5: Flying to {'x': -174.55443397945473, 'y': 43.11341083501852, 'z': 1145.4303011894226}
2026-02-12 12:45:12,601 - Drone_5 - INFO - Drone 5: Reached target position
2026-02-12 12:45:12,948 - Drone_5 - INFO - Drone 5: Flying to {'x': -178.95923961415548, 'y': 36.04312324916222, 'z': 1145.4303011894226}
2026-02-12 12:45:13,608 - Drone_5 - INFO - Drone 5: Reached target position
2026-02-12 12:45:13,949 - Drone_5 - INFO - Drone 5: Flying to {'x': -182.60856460451294, 'y': 28.61388421497137, 'z': 1145.4303011894226}
2026-02-12 12:45:14,715 - Drone_5 - INFO - Drone 5: Reached target position
2026-02-12 12:45:14,953 - Drone_5 - INFO - Drone 5: Flying to {'x': -185.4250766372721, 'y': 20.914184112244172, 'z': 1145.4303011894226}
2026-02-12 12:45:15,623 - Drone_5 - INFO - Drone 5: Reached target position
2026-02-12 12:45:15,957 - Drone_5 - INFO - Drone 5: Flying to {'x': -187.3622473115461, 'y': 13.03679658075763, 'z': 1145.4303011894226}
2026-02-12 12:45:16,728 - Drone_5 - INFO - Drone 5: Reached target position
2026-02-12 12:45:16,961 - Drone_5 - INFO - Drone 5: Flying to {'x': -188.40177598489726, 'y': 5.066537640485073, 'z': 1145.4303011894226}
2026-02-12 12:45:17,634 - Drone_5 - INFO - Drone 5: Reached target position
2026-02-12 12:45:17,964 - Drone_5 - INFO - Drone 5: Flying to {'x': -188.54838924370205, 'y': -2.8598273680504, 'z': 1145.4303011894226}
2026-02-12 12:45:18,741 - Drone_5 - INFO - Drone 5: Reached target position
2026-02-12 12:45:18,967 - Drone_5 - INFO - Drone 5: Flying to {'x': -187.839309653682, 'y': -10.669397274233994, 'z': 1145.4303011894226}
2026-02-12 12:45:19,646 - Drone_5 - INFO - Drone 5: Reached target position
2026-02-12 12:45:19,969 - Drone_5 - INFO - Drone 5: Flying to {'x': -186.32836721656076, 'y': -18.282023928493516, 'z': 1145.4303011894226}
2026-02-12 12:45:20,754 - Drone_5 - INFO - Drone 5: Reached target position
2026-02-12 12:45:20,972 - Drone_5 - INFO - Drone 5: Flying to {'x': -184.07971304161703, 'y': -25.643642188052446, 'z': 1145.4303011894226}
2026-02-12 12:45:21,660 - Drone_5 - INFO - Drone 5: Reached target position
2026-02-12 12:45:21,976 - Drone_5 - INFO - Drone 5: Flying to {'x': -181.15946743934356, 'y': -32.7199252831368, 'z': 1145.4303011894226}
2026-02-12 12:45:22,767 - Drone_5 - INFO - Drone 5: Reached target position
2026-02-12 12:45:22,980 - Drone_5 - INFO - Drone 5: Flying to {'x': -177.64192903382127, 'y': -39.47214039793525, 'z': 1145.4303011894226}
2026-02-12 12:45:23,674 - Drone_5 - INFO - Drone 5: Reached target position
2026-02-12 12:45:23,982 - Drone_5 - INFO - Drone 5: Flying to {'x': -173.59143944661193, 'y': -45.89065273254379, 'z': 1145.4303011894226}
2026-02-12 12:45:24,679 - Drone_5 - INFO - Drone 5: Reached target position
2026-02-12 12:45:24,984 - Drone_5 - INFO - Drone 5: Flying to {'x': -169.07176572521618, 'y': -51.966207058226, 'z': 1145.4303011894226}
2026-02-12 12:45:25,686 - Drone_5 - INFO - Drone 5: Reached target position
2026-02-12 12:45:25,986 - Drone_5 - INFO - Drone 5: Flying to {'x': -164.14033844281224, 'y': -57.6979502502203, 'z': 1145.4303011894226}
2026-02-12 12:45:26,592 - Drone_5 - INFO - Drone 5: Reached target position
2026-02-12 12:45:26,989 - Drone_5 - INFO - Drone 5: Flying to {'x': -158.84940304909318, 'y': -63.08909904030075, 'z': 1145.4303011894226}
2026-02-12 12:45:27,597 - Drone_5 - INFO - Drone 5: Reached target position
2026-02-12 12:45:27,993 - Drone_5 - INFO - Drone 5: Flying to {'x': -153.24641117726915, 'y': -68.14548968527842, 'z': 1145.4303011894226}
2026-02-12 12:45:28,603 - Drone_5 - INFO - Drone 5: Reached target position
2026-02-12 12:45:28,997 - Drone_5 - INFO - Drone 5: Flying to {'x': -147.3614734257669, 'y': -72.88448507086582, 'z': 1145.4303011894226}
2026-02-12 12:45:29,609 - Drone_5 - INFO - Drone 5: Reached target position
2026-02-12 12:45:30,001 - Drone_5 - INFO - Drone 5: Flying to {'x': -141.23186985176594, 'y': -77.31304082347812, 'z': 1145.4303011894226}
2026-02-12 12:45:30,615 - Drone_5 - INFO - Drone 5: Reached target position
2026-02-12 12:45:31,003 - Drone_5 - INFO - Drone 5: Flying to {'x': -135.53014195322558, 'y': -81.04221820463931, 'z': 1145.4303011894226}
2026-02-12 12:45:31,621 - Drone_5 - INFO - Drone 5: Reached target position
2026-02-12 12:45:32,005 - Drone_5 - INFO - Drone 5: Flying to {'x': -129.02967623826717, 'y': -84.90087439788671, 'z': 1145.4303011894226}
2026-02-12 12:45:32,626 - Drone_5 - INFO - Drone 5: Reached target position
2026-02-12 12:45:33,008 - Drone_5 - INFO - Drone 5: Flying to {'x': -122.36034052886465, 'y': -88.4806037302175, 'z': 1145.4303011894226}
2026-02-12 12:45:33,631 - Drone_5 - INFO - Drone 5: Reached target position
2026-02-12 12:45:34,013 - Drone_5 - INFO - Drone 5: Flying to {'x': -115.543541352299, 'y': -91.79006736206007, 'z': 1145.4303011894226}
2026-02-12 12:45:34,638 - Drone_5 - INFO - Drone 5: Reached target position
2026-02-12 12:45:35,014 - Drone_5 - INFO - Drone 5: Flying to {'x': -108.60111364304383, 'y': -94.83644914815622, 'z': 1145.4303011894226}
2026-02-12 12:45:35,643 - Drone_5 - INFO - Drone 5: Reached target position
2026-02-12 12:45:36,354 - Drone_5 - INFO - Drone 5 stopped
