2026-02-11 23:41:03,458 - Drone_3 - INFO - Drone 3 initialized at {'x': -10, 'y': 0, 'z': 0}
2026-02-11 23:41:03,458 - Drone_3 - INFO - Drone 3 started
2026-02-11 23:41:26,852 - Drone_3 - INFO - Drone 3: Armed
2026-02-11 23:41:30,294 - Drone_3 - INFO - Drone 3: Taking off
2026-02-11 23:41:35,381 - Drone_3 - INFO - Drone 3: Takeoff complete at 10.1m
2026-02-11 23:41:44,324 - Drone_3 - INFO - Drone 3: Flying to {'x': -20, 'y': 0, 'z': 10.056900024414062}
2026-02-11 23:41:44,932 - Drone_3 - INFO - Drone 3: Reached target position
2026-02-11 23:41:52,923 - Drone_3 - INFO - Drone 3: Flying to {'x': 9.352347027881004, 'y': 11.727472237020446, 'z': 10.056900024414062}
2026-02-11 23:41:55,088 - Drone_3 - INFO - Drone 3: Reached target position
2026-02-11 23:42:17,724 - Drone_3 - WARNING - Drone 3: Cannot takeoff - already flying
2026-02-11 23:42:28,119 - Drone_3 - ERROR - Drone 3: EMERGENCY LANDING - Emergency button pressed
2026-02-11 23:42:34,904 - Drone_3 - INFO - Drone 3: Landed safely
2026-02-11 23:42:44,571 - Drone_3 - WARNING - Drone 3: Cannot takeoff - not armed
2026-02-11 23:42:46,737 - Drone_3 - WARNING - Drone 3: Cannot takeoff - not armed
2026-02-11 23:42:54,962 - Drone_3 - INFO - Drone 3: Role changed from follower to follower
2026-02-11 23:45:48,919 - Drone_3 - INFO - Drone 3: Armed
2026-02-11 23:45:57,437 - Drone_3 - INFO - Drone 3: Taking off
2026-02-11 23:46:02,548 - Drone_3 - INFO - Drone 3: Takeoff complete at 10.1m
2026-02-11 23:46:40,300 - Drone_3 - INFO - Drone 3: Flying to {'x': -13.903847156366083, 'y': -18.96732483088405, 'z': 10.05463981628418}
2026-02-11 23:46:42,871 - Drone_3 - INFO - Drone 3: Reached target position
2026-02-11 23:47:17,504 - Drone_3 - INFO - Drone 3: Role changed from follower to follower
2026-02-11 23:47:27,498 - Drone_3 - INFO - Drone 3: Role changed from follower to follower
2026-02-11 23:47:29,904 - Drone_3 - INFO - Drone 3: Role changed from follower to leader
2026-02-11 23:47:49,322 - Drone_3 - WARNING - Drone 3: Cannot takeoff - already flying
2026-02-12 00:13:57,900 - Drone_3 - WARNING - Drone 3: Cannot takeoff - already flying
2026-02-12 00:15:28,937 - Drone_3 - ERROR - Drone 3: EMERGENCY LANDING - Emergency button pressed
2026-02-12 00:15:30,644 - Drone_3 - INFO - Drone 3: Role changed from leader to follower
2026-02-12 00:15:35,692 - Drone_3 - INFO - Drone 3: Landed safely
2026-02-12 00:15:42,623 - Drone_3 - WARNING - Drone 3: Cannot takeoff - not armed
2026-02-12 00:15:50,676 - Drone_3 - INFO - Drone 3 stopped
2026-02-12 00:15:58,836 - Drone_3 - INFO - Drone 3 initialized at {'x': -10, 'y': 0, 'z': 0}
2026-02-12 00:15:58,837 - Drone_3 - INFO - Drone 3 started
2026-02-12 00:16:13,613 - Drone_3 - WARNING - Drone 3: Cannot goto - invalid flight mode
2026-02-12 00:16:16,838 - Drone_3 - WARNING - Drone 3: Cannot goto - invalid flight mode
2026-02-12 00:16:19,310 - Drone_3 - WARNING - Drone 3: Cannot goto - invalid flight mode
2026-02-12 00:16:21,584 - Drone_3 - WARNING - Drone 3: Cannot takeoff - not armed
2026-02-12 00:16:36,943 - Drone_3 - WARNING - Drone 3: Cannot takeoff - not armed
2026-02-12 00:16:37,550 - Drone_3 - INFO - Drone 3: Armed
2026-02-12 00:16:48,931 - Drone_3 - WARNING - Drone 3: Cannot goto - invalid flight mode
2026-02-12 00:16:52,019 - Drone_3 - INFO - Drone 3 stopped
2026-02-12 01:04:40,067 - Drone_3 - INFO - Drone 3 initialized at {'x': -10, 'y': 0, 'z': 0}
2026-02-12 01:04:40,067 - Drone_3 - INFO - Drone 3 started
2026-02-12 01:04:44,056 - Drone_3 - WARNING - Drone 3: Cannot goto - invalid flight mode
2026-02-12 01:04:49,900 - Drone_3 - WARNING - Drone 3: Cannot takeoff - not armed
2026-02-12 01:05:32,778 - Drone_3 - WARNING - Drone 3: Cannot takeoff - not armed
2026-02-12 01:05:37,952 - Drone_3 - INFO - Drone 3: Armed
2026-02-12 01:05:40,344 - Drone_3 - INFO - Drone 3: Taking off
2026-02-12 01:05:43,322 - Drone_3 - WARNING - Drone 3: Cannot goto - invalid flight mode
2026-02-12 01:05:45,437 - Drone_3 - INFO - Drone 3: Takeoff complete at 10.0m
2026-02-12 01:05:52,918 - Drone_3 - INFO - Drone 3: Flying to {'x': -10, 'y': -10, 'z': 10.051294326782227}
2026-02-12 01:05:53,578 - Drone_3 - INFO - Drone 3: Reached target position
2026-02-12 01:06:17,569 - Drone_3 - INFO - Drone 3: Flying to {'x': 11.49066664678467, 'y': 9.641814145298088, 'z': 10.051294326782227}
2026-02-12 01:06:19,511 - Drone_3 - INFO - Drone 3: Reached target position
2026-02-12 01:07:08,526 - Drone_3 - INFO - Drone 3: Flying to {'x': 11.49066664678467, 'y': 9.641814145298088, 'z': 10.051294326782227}
2026-02-12 01:07:08,569 - Drone_3 - INFO - Drone 3: Reached target position
2026-02-12 01:14:37,540 - Drone_3 - INFO - Drone 3 stopped
2026-02-12 01:14:40,327 - Drone_3 - INFO - Drone 3 initialized at {'x': -10, 'y': 0, 'z': 0}
2026-02-12 01:14:40,327 - Drone_3 - INFO - Drone 3 started
2026-02-12 01:14:47,708 - Drone_3 - INFO - Drone 3: Armed
2026-02-12 01:14:50,686 - Drone_3 - INFO - Drone 3: Taking off
2026-02-12 01:14:55,730 - Drone_3 - INFO - Drone 3: Takeoff complete at 10.1m
2026-02-12 01:15:09,355 - Drone_3 - INFO - Drone 3: Role changed from follower to follower
2026-02-12 01:15:22,568 - Drone_3 - INFO - Drone 3 stopped
2026-02-12 01:24:17,986 - Drone_3 - INFO - Drone 3: Personal ML system initialized
2026-02-12 01:24:17,986 - Drone_3 - INFO - Drone 3 initialized at {'x': -1400, 'y': -500, 'z': 0}
2026-02-12 01:24:17,986 - Drone_3 - INFO - Drone 3 started
2026-02-12 01:25:13,377 - Drone_3 - INFO - Drone 3: Personal ML system initialized
2026-02-12 01:25:13,377 - Drone_3 - INFO - Drone 3 initialized at {'x': -1400, 'y': -500, 'z': 0}
2026-02-12 01:25:13,377 - Drone_3 - INFO - Drone 3 started
2026-02-12 01:25:22,332 - Drone_3 - INFO - Drone 3: Armed
2026-02-12 01:25:24,400 - Drone_3 - INFO - Drone 3: Taking off
2026-02-12 01:26:27,485 - Drone_3 - INFO - Drone 3: Personal ML system initialized
2026-02-12 01:26:27,486 - Drone_3 - INFO - Drone 3 initialized at {'x': -1400, 'y': -500, 'z': 0}
2026-02-12 01:26:27,486 - Drone_3 - INFO - Drone 3 started
2026-02-12 01:26:31,049 - Drone_3 - INFO - Drone 3: Armed
2026-02-12 01:26:32,738 - Drone_3 - INFO - Drone 3: Taking off
2026-02-12 01:26:39,339 - Drone_3 - WARNING - Drone 3: Cannot goto - invalid flight mode
2026-02-12 01:30:44,126 - Drone_3 - ERROR - Drone 3: Motor 0 failed!
2026-02-12 01:30:44,189 - Drone_3 - ERROR - Drone 3: Motor failure detected - Motors [0]
2026-02-12 01:30:44,190 - Drone_3 - ERROR - Drone 3: EMERGENCY LANDING - Motor failure: 1 motors failed (source=motor_monitor, site={'x': -1400, 'y': -500, 'z': 0.0})
2026-02-12 01:33:08,705 - Drone_3 - INFO - Drone 3: Role changed from emergency to follower
2026-02-12 01:36:19,324 - Drone_3 - INFO - Drone 3: Landed safely
2026-02-12 01:37:16,430 - Drone_3 - INFO - Drone 3: Personal ML system initialized
2026-02-12 01:37:16,430 - Drone_3 - INFO - Drone 3 initialized at {'x': -1400, 'y': -500, 'z': 0}
2026-02-12 01:37:16,431 - Drone_3 - INFO - Drone 3 started
2026-02-12 01:37:28,009 - Drone_3 - INFO - Drone 3: Armed
2026-02-12 01:37:29,510 - Drone_3 - INFO - Drone 3: Taking off
2026-02-12 01:37:44,797 - Drone_3 - WARNING - Drone 3: Cannot goto - invalid flight mode
2026-02-12 01:37:45,698 - Drone_3 - WARNING - Drone 3: Cannot goto - invalid flight mode
2026-02-12 01:37:46,473 - Drone_3 - WARNING - Drone 3: Cannot goto - invalid flight mode
2026-02-12 01:37:48,935 - Drone_3 - WARNING - Drone 3: Cannot goto - invalid flight mode
2026-02-12 01:37:49,886 - Drone_3 - WARNING - Drone 3: Cannot goto - invalid flight mode
2026-02-12 01:37:50,871 - Drone_3 - WARNING - Drone 3: Cannot goto - invalid flight mode
2026-02-12 01:37:51,384 - Drone_3 - WARNING - Drone 3: Cannot goto - invalid flight mode
2026-02-12 01:37:52,556 - Drone_3 - WARNING - Drone 3: Cannot goto - invalid flight mode
2026-02-12 01:41:56,992 - Drone_3 - INFO - Drone 3: Personal ML system initialized
2026-02-12 01:41:56,992 - Drone_3 - INFO - Drone 3 initialized at {'x': -1400, 'y': -500, 'z': 0}
2026-02-12 01:41:56,993 - Drone_3 - INFO - Drone 3 started
2026-02-12 01:42:09,811 - Drone_3 - INFO - Drone 3: Armed
2026-02-12 01:42:15,325 - Drone_3 - INFO - Drone 3: Taking off
2026-02-12 01:42:18,812 - Drone_3 - INFO - Drone 3: Flying to {'x': -1300, 'y': -500, 'z': 7.073517799377441}
2026-02-12 01:42:20,060 - Drone_3 - INFO - Drone 3: Flying to {'x': -1281.8965911865234, 'y': -500.0, 'z': 7.073517799377441}
2026-02-12 01:42:21,381 - Drone_3 - INFO - Drone 3: Flying to {'x': -1262.2587978839874, 'y': -500.0, 'z': 7.073517799377441}
2026-02-12 01:42:21,549 - Drone_3 - INFO - Drone 3: Flying to {'x': -1259.2448389530182, 'y': -500.0, 'z': 7.073517799377441}
2026-02-12 01:42:21,753 - Drone_3 - INFO - Drone 3: Flying to {'x': -1256.2354576587677, 'y': -500.0, 'z': 7.073517799377441}
2026-02-12 01:42:21,941 - Drone_3 - INFO - Drone 3: Flying to {'x': -1253.2141494750977, 'y': -500.0, 'z': 7.073517799377441}
2026-02-12 01:42:22,112 - Drone_3 - INFO - Drone 3: Flying to {'x': -1250.20672082901, 'y': -500.0, 'z': 7.073517799377441}
2026-02-12 01:42:22,281 - Drone_3 - INFO - Drone 3: Flying to {'x': -1248.6955535411835, 'y': -500.0, 'z': 7.073517799377441}
2026-02-12 01:42:22,455 - Drone_3 - INFO - Drone 3: Flying to {'x': -1245.6771314144135, 'y': -500.0, 'z': 7.073517799377441}
2026-02-12 01:42:22,638 - Drone_3 - INFO - Drone 3: Flying to {'x': -1242.6595211029053, 'y': -500.0, 'z': 7.073517799377441}
2026-02-12 01:42:22,810 - Drone_3 - INFO - Drone 3: Flying to {'x': -1239.6461057662964, 'y': -500.0, 'z': 7.073517799377441}
2026-02-12 01:42:22,987 - Drone_3 - INFO - Drone 3: Flying to {'x': -1238.1404101848602, 'y': -500.0, 'z': 7.073517799377441}
2026-02-12 01:42:23,155 - Drone_3 - INFO - Drone 3: Flying to {'x': -1235.1083874702454, 'y': -500.0, 'z': 7.073517799377441}
2026-02-12 01:42:23,338 - Drone_3 - INFO - Drone 3: Flying to {'x': -1232.084801197052, 'y': -500.0, 'z': 7.073517799377441}
2026-02-12 01:42:23,514 - Drone_3 - INFO - Drone 3: Flying to {'x': -1229.0703129768372, 'y': -500.0, 'z': 7.073517799377441}
2026-02-12 01:42:23,677 - Drone_3 - INFO - Drone 3: Flying to {'x': -1227.5643813610077, 'y': -500.0, 'z': 7.073517799377441}
2026-02-12 01:42:23,847 - Drone_3 - INFO - Drone 3: Flying to {'x': -1224.5460164546967, 'y': -500.0, 'z': 7.073517799377441}
2026-02-12 01:42:24,031 - Drone_3 - INFO - Drone 3: Flying to {'x': -1221.524887084961, 'y': -500.0, 'z': 7.073517799377441}
2026-02-12 01:42:24,214 - Drone_3 - INFO - Drone 3: Flying to {'x': -1220.0169885158539, 'y': -500.0, 'z': 7.073517799377441}
2026-02-12 01:42:24,374 - Drone_3 - INFO - Drone 3: Flying to {'x': -1216.9966781139374, 'y': -500.0, 'z': 7.073517799377441}
2026-02-12 01:42:25,372 - Drone_3 - INFO - Drone 3: Flying to {'x': -1401.9066846370697, 'y': -500.0, 'z': 7.073517799377441}
2026-02-12 01:42:25,576 - Drone_3 - INFO - Drone 3: Flying to {'x': -1404.9347448349, 'y': -500.0, 'z': 7.073517799377441}
2026-02-12 01:42:25,788 - Drone_3 - INFO - Drone 3: Flying to {'x': -1407.94823884964, 'y': -500.0, 'z': 7.073517799377441}
2026-02-12 01:42:25,967 - Drone_3 - INFO - Drone 3: Flying to {'x': -1410.9657633304596, 'y': -500.0, 'z': 7.073517799377441}
2026-02-12 01:42:26,140 - Drone_3 - INFO - Drone 3: Flying to {'x': -1413.9760959148407, 'y': -500.0, 'z': 7.073517799377441}
2026-02-12 01:42:26,307 - Drone_3 - INFO - Drone 3: Flying to {'x': -1415.4817879199982, 'y': -500.0, 'z': 7.073517799377441}
2026-02-12 01:42:26,484 - Drone_3 - INFO - Drone 3: Flying to {'x': -1418.4973454475403, 'y': -500.0, 'z': 7.073517799377441}
2026-02-12 01:42:26,656 - Drone_3 - INFO - Drone 3: Flying to {'x': -1421.5120196342468, 'y': -500.0, 'z': 7.073517799377441}
2026-02-12 01:42:26,843 - Drone_3 - INFO - Drone 3: Flying to {'x': -1424.5355379581451, 'y': -500.0, 'z': 7.073517799377441}
2026-02-12 01:42:27,004 - Drone_3 - INFO - Drone 3: Flying to {'x': -1426.0471665859222, 'y': -500.0, 'z': 7.073517799377441}
2026-02-12 01:42:30,290 - Drone_3 - INFO - Drone 3: Flying to {'x': -2375.8189165592194, 'y': -500.0, 'z': 7.073517799377441}
2026-02-12 01:42:30,685 - Drone_3 - INFO - Drone 3: Flying to {'x': -2381.846866607666, 'y': -500.0, 'z': 7.073517799377441}
2026-02-12 01:42:30,862 - Drone_3 - INFO - Drone 3: Flying to {'x': -2384.8615980148315, 'y': -500.0, 'z': 7.073517799377441}
2026-02-12 01:42:31,050 - Drone_3 - INFO - Drone 3: Flying to {'x': -2386.3768887519836, 'y': -500.0, 'z': 7.073517799377441}
2026-02-12 01:42:31,237 - Drone_3 - INFO - Drone 3: Flying to {'x': -2389.388827085495, 'y': -500.0, 'z': 7.073517799377441}
2026-02-12 01:42:31,482 - Drone_3 - INFO - Drone 3: Flying to {'x': -2393.9215779304504, 'y': -500.0, 'z': 7.073517799377441}
2026-02-12 01:42:31,665 - Drone_3 - INFO - Drone 3: Flying to {'x': -2396.9396209716797, 'y': -500.0, 'z': 7.073517799377441}
2026-02-12 01:42:31,867 - Drone_3 - INFO - Drone 3: Flying to {'x': -2399.966733455658, 'y': -500.0, 'z': 7.073517799377441}
2026-02-12 01:42:32,054 - Drone_3 - INFO - Drone 3: Flying to {'x': -2401.4744317531586, 'y': -500.0, 'z': 7.073517799377441}
2026-02-12 01:42:32,243 - Drone_3 - INFO - Drone 3: Flying to {'x': -2404.4898176193237, 'y': -500.0, 'z': 7.073517799377441}
2026-02-12 01:42:32,997 - Drone_3 - INFO - Drone 3: Flying to {'x': -2416.5838873386383, 'y': -500.0, 'z': 7.073517799377441}
2026-02-12 01:42:33,501 - Drone_3 - INFO - Drone 3: Flying to {'x': -2424.120590686798, 'y': -500.0, 'z': 7.073517799377441}
2026-02-12 01:42:33,531 - Drone_3 - INFO - Drone 3: Flying to {'x': -2424.120590686798, 'y': -500.0, 'z': 7.073517799377441}
2026-02-12 01:42:33,561 - Drone_3 - INFO - Drone 3: Flying to {'x': -2424.120590686798, 'y': -500.0, 'z': 7.073517799377441}
2026-02-12 01:42:33,592 - Drone_3 - INFO - Drone 3: Flying to {'x': -2425.628982782364, 'y': -500.0, 'z': 7.073517799377441}
2026-02-12 01:42:33,630 - Drone_3 - INFO - Drone 3: Flying to {'x': -2425.628982782364, 'y': -500.0, 'z': 7.073517799377441}
2026-02-12 01:42:33,653 - Drone_3 - INFO - Drone 3: Flying to {'x': -2425.628982782364, 'y': -500.0, 'z': 7.073517799377441}
2026-02-12 01:42:33,702 - Drone_3 - INFO - Drone 3: Flying to {'x': -2427.134016752243, 'y': -500.0, 'z': 7.073517799377441}
2026-02-12 01:42:33,730 - Drone_3 - INFO - Drone 3: Flying to {'x': -2427.134016752243, 'y': -500.0, 'z': 7.073517799377441}
2026-02-12 01:42:33,761 - Drone_3 - INFO - Drone 3: Flying to {'x': -2427.134016752243, 'y': -500.0, 'z': 7.073517799377441}
2026-02-12 01:42:33,794 - Drone_3 - INFO - Drone 3: Flying to {'x': -2428.6419117450714, 'y': -500.0, 'z': 7.073517799377441}
2026-02-12 01:42:33,824 - Drone_3 - INFO - Drone 3: Flying to {'x': -2428.6419117450714, 'y': -500.0, 'z': 7.073517799377441}
2026-02-12 01:42:34,082 - Drone_3 - INFO - Drone 3: Flying to {'x': -2433.1643307209015, 'y': -500.0, 'z': 7.073517799377441}
2026-02-12 01:42:34,221 - Drone_3 - INFO - Drone 3: Flying to {'x': -2434.6753799915314, 'y': -500.0, 'z': 7.073517799377441}
2026-02-12 01:42:34,380 - Drone_3 - INFO - Drone 3: Flying to {'x': -2437.6893317699432, 'y': -500.0, 'z': 7.073517799377441}
2026-02-12 01:42:34,566 - Drone_3 - INFO - Drone 3: Flying to {'x': -2439.198056459427, 'y': -500.0, 'z': 7.073517799377441}
2026-02-12 01:42:34,693 - Drone_3 - INFO - Drone 3: Flying to {'x': -2442.216160297394, 'y': -500.0, 'z': 7.073517799377441}
2026-02-12 01:42:35,194 - Drone_3 - INFO - Drone 3: Flying to {'x': -2449.764965772629, 'y': -500.0, 'z': 7.073517799377441}
2026-02-12 01:42:35,225 - Drone_3 - INFO - Drone 3: Flying to {'x': -2449.764965772629, 'y': -500.0, 'z': 7.073517799377441}
2026-02-12 01:42:35,257 - Drone_3 - INFO - Drone 3: Flying to {'x': -2449.764965772629, 'y': -500.0, 'z': 7.073517799377441}
2026-02-12 01:42:35,287 - Drone_3 - INFO - Drone 3: Flying to {'x': -2451.2718772888184, 'y': -500.0, 'z': 7.073517799377441}
2026-02-12 01:42:35,333 - Drone_3 - INFO - Drone 3: Flying to {'x': -2451.2718772888184, 'y': -500.0, 'z': 7.073517799377441}
2026-02-12 01:42:35,363 - Drone_3 - INFO - Drone 3: Flying to {'x': -2451.2718772888184, 'y': -500.0, 'z': 7.073517799377441}
2026-02-12 01:42:35,393 - Drone_3 - INFO - Drone 3: Flying to {'x': -2452.779779434204, 'y': -500.0, 'z': 7.073517799377441}
2026-02-12 01:42:35,423 - Drone_3 - INFO - Drone 3: Flying to {'x': -2452.779779434204, 'y': -500.0, 'z': 7.073517799377441}
2026-02-12 01:42:35,455 - Drone_3 - INFO - Drone 3: Flying to {'x': -2452.779779434204, 'y': -500.0, 'z': 7.073517799377441}
2026-02-12 01:42:35,493 - Drone_3 - INFO - Drone 3: Flying to {'x': -2454.2878103256226, 'y': -500.0, 'z': 7.073517799377441}
2026-02-12 01:42:35,532 - Drone_3 - INFO - Drone 3: Flying to {'x': -2454.2878103256226, 'y': -500.0, 'z': 7.073517799377441}
2026-02-12 01:42:35,564 - Drone_3 - INFO - Drone 3: Flying to {'x': -2454.2878103256226, 'y': -500.0, 'z': 7.073517799377441}
2026-02-12 01:42:35,602 - Drone_3 - INFO - Drone 3: Flying to {'x': -2455.7960164546967, 'y': -500.0, 'z': 7.073517799377441}
2026-02-12 01:42:35,626 - Drone_3 - INFO - Drone 3: Flying to {'x': -2455.7960164546967, 'y': -500.0, 'z': 7.073517799377441}
2026-02-12 01:42:35,657 - Drone_3 - INFO - Drone 3: Flying to {'x': -2455.7960164546967, 'y': -500.0, 'z': 7.073517799377441}
2026-02-12 01:42:35,689 - Drone_3 - INFO - Drone 3: Flying to {'x': -2457.3076486587524, 'y': -500.0, 'z': 7.073517799377441}
2026-02-12 01:42:35,717 - Drone_3 - INFO - Drone 3: Flying to {'x': -2457.3076486587524, 'y': -500.0, 'z': 7.073517799377441}
2026-02-12 01:42:35,748 - Drone_3 - INFO - Drone 3: Flying to {'x': -2457.3076486587524, 'y': -500.0, 'z': 7.073517799377441}
2026-02-12 01:42:35,786 - Drone_3 - INFO - Drone 3: Flying to {'x': -2458.8157653808594, 'y': -500.0, 'z': 7.073517799377441}
2026-02-12 01:42:35,832 - Drone_3 - INFO - Drone 3: Flying to {'x': -2458.8157653808594, 'y': -500.0, 'z': 7.073517799377441}
2026-02-12 01:42:35,854 - Drone_3 - INFO - Drone 3: Flying to {'x': -2458.8157653808594, 'y': -500.0, 'z': 7.073517799377441}
2026-02-12 01:42:35,887 - Drone_3 - INFO - Drone 3: Flying to {'x': -2460.3227019309998, 'y': -500.0, 'z': 7.073517799377441}
2026-02-12 01:42:35,917 - Drone_3 - INFO - Drone 3: Flying to {'x': -2460.3227019309998, 'y': -500.0, 'z': 7.073517799377441}
2026-02-12 01:42:35,946 - Drone_3 - INFO - Drone 3: Flying to {'x': -2460.3227019309998, 'y': -500.0, 'z': 7.073517799377441}
2026-02-12 01:42:35,981 - Drone_3 - INFO - Drone 3: Flying to {'x': -2460.3227019309998, 'y': -500.0, 'z': 7.073517799377441}
2026-02-12 01:42:36,020 - Drone_3 - INFO - Drone 3: Flying to {'x': -2461.830267906189, 'y': -500.0, 'z': 7.073517799377441}
2026-02-12 01:42:36,055 - Drone_3 - INFO - Drone 3: Flying to {'x': -2461.830267906189, 'y': -500.0, 'z': 7.073517799377441}
2026-02-12 01:42:36,087 - Drone_3 - INFO - Drone 3: Flying to {'x': -2463.3335638046265, 'y': -500.0, 'z': 7.073517799377441}
2026-02-12 01:42:36,117 - Drone_3 - INFO - Drone 3: Flying to {'x': -2463.3335638046265, 'y': -500.0, 'z': 7.073517799377441}
2026-02-12 01:42:36,156 - Drone_3 - INFO - Drone 3: Flying to {'x': -2463.3335638046265, 'y': -500.0, 'z': 7.073517799377441}
2026-02-12 01:42:36,178 - Drone_3 - INFO - Drone 3: Flying to {'x': -2463.3335638046265, 'y': -500.0, 'z': 7.073517799377441}
2026-02-12 01:42:36,211 - Drone_3 - INFO - Drone 3: Flying to {'x': -2464.8374676704407, 'y': -500.0, 'z': 7.073517799377441}
2026-02-12 01:42:36,264 - Drone_3 - INFO - Drone 3: Flying to {'x': -2464.8374676704407, 'y': -500.0, 'z': 7.073517799377441}
2026-02-12 01:42:36,286 - Drone_3 - INFO - Drone 3: Flying to {'x': -2464.8374676704407, 'y': -500.0, 'z': 7.073517799377441}
2026-02-12 01:42:36,319 - Drone_3 - INFO - Drone 3: Flying to {'x': -2466.351935863495, 'y': -500.0, 'z': 7.073517799377441}
2026-02-12 01:42:36,350 - Drone_3 - INFO - Drone 3: Flying to {'x': -2466.351935863495, 'y': -500.0, 'z': 7.073517799377441}
2026-02-12 01:42:36,379 - Drone_3 - INFO - Drone 3: Flying to {'x': -2466.351935863495, 'y': -500.0, 'z': 7.073517799377441}
2026-02-12 01:42:36,409 - Drone_3 - INFO - Drone 3: Flying to {'x': -2467.8546380996704, 'y': -500.0, 'z': 7.073517799377441}
2026-02-12 01:42:36,455 - Drone_3 - INFO - Drone 3: Flying to {'x': -2467.8546380996704, 'y': -500.0, 'z': 7.073517799377441}
2026-02-12 01:42:36,480 - Drone_3 - INFO - Drone 3: Flying to {'x': -2467.8546380996704, 'y': -500.0, 'z': 7.073517799377441}
2026-02-12 01:42:36,517 - Drone_3 - INFO - Drone 3: Flying to {'x': -2469.3613743782043, 'y': -500.0, 'z': 7.073517799377441}
2026-02-12 01:42:36,550 - Drone_3 - INFO - Drone 3: Flying to {'x': -2469.3613743782043, 'y': -500.0, 'z': 7.073517799377441}
2026-02-12 01:42:36,586 - Drone_3 - INFO - Drone 3: Flying to {'x': -2469.3613743782043, 'y': -500.0, 'z': 7.073517799377441}
2026-02-12 01:42:36,609 - Drone_3 - INFO - Drone 3: Flying to {'x': -2470.8735752105713, 'y': -500.0, 'z': 7.073517799377441}
2026-02-12 01:42:36,642 - Drone_3 - INFO - Drone 3: Flying to {'x': -2470.8735752105713, 'y': -500.0, 'z': 7.073517799377441}
2026-02-12 01:42:36,673 - Drone_3 - INFO - Drone 3: Flying to {'x': -2470.8735752105713, 'y': -500.0, 'z': 7.073517799377441}
2026-02-12 01:42:36,718 - Drone_3 - INFO - Drone 3: Flying to {'x': -2472.4341130256653, 'y': -500.0, 'z': 7.073517799377441}
2026-02-12 01:42:36,749 - Drone_3 - INFO - Drone 3: Flying to {'x': -2472.4341130256653, 'y': -500.0, 'z': 7.073517799377441}
2026-02-12 01:42:36,780 - Drone_3 - INFO - Drone 3: Flying to {'x': -2472.4341130256653, 'y': -500.0, 'z': 7.073517799377441}
2026-02-12 01:42:36,817 - Drone_3 - INFO - Drone 3: Flying to {'x': -2473.937863111496, 'y': -500.0, 'z': 7.073517799377441}
2026-02-12 01:42:36,840 - Drone_3 - INFO - Drone 3: Flying to {'x': -2473.937863111496, 'y': -500.0, 'z': 7.073517799377441}
2026-02-12 01:42:36,873 - Drone_3 - INFO - Drone 3: Flying to {'x': -2473.937863111496, 'y': -500.0, 'z': 7.073517799377441}
2026-02-12 01:42:36,904 - Drone_3 - INFO - Drone 3: Flying to {'x': -2475.4512691497803, 'y': -500.0, 'z': 7.073517799377441}
2026-02-12 01:42:36,949 - Drone_3 - INFO - Drone 3: Flying to {'x': -2475.4512691497803, 'y': -500.0, 'z': 7.073517799377441}
2026-02-12 01:42:36,979 - Drone_3 - INFO - Drone 3: Flying to {'x': -2475.4512691497803, 'y': -500.0, 'z': 7.073517799377441}
2026-02-12 01:42:37,012 - Drone_3 - INFO - Drone 3: Flying to {'x': -2476.9600582122803, 'y': -500.0, 'z': 7.073517799377441}
2026-02-12 01:42:37,040 - Drone_3 - INFO - Drone 3: Flying to {'x': -2476.9600582122803, 'y': -500.0, 'z': 7.073517799377441}
2026-02-12 01:42:37,072 - Drone_3 - INFO - Drone 3: Flying to {'x': -2476.9600582122803, 'y': -500.0, 'z': 7.073517799377441}
2026-02-12 01:42:37,103 - Drone_3 - INFO - Drone 3: Flying to {'x': -2478.4684252738953, 'y': -500.0, 'z': 7.073517799377441}
2026-02-12 01:42:37,147 - Drone_3 - INFO - Drone 3: Flying to {'x': -2478.4684252738953, 'y': -500.0, 'z': 7.073517799377441}
2026-02-12 01:42:37,180 - Drone_3 - INFO - Drone 3: Flying to {'x': -2478.4684252738953, 'y': -500.0, 'z': 7.073517799377441}
2026-02-12 01:42:37,210 - Drone_3 - INFO - Drone 3: Flying to {'x': -2479.9774253368378, 'y': -500.0, 'z': 7.073517799377441}
2026-02-12 01:42:37,247 - Drone_3 - INFO - Drone 3: Flying to {'x': -2479.9774253368378, 'y': -500.0, 'z': 7.073517799377441}
2026-02-12 01:42:37,272 - Drone_3 - INFO - Drone 3: Flying to {'x': -2479.9774253368378, 'y': -500.0, 'z': 7.073517799377441}
2026-02-12 01:42:37,305 - Drone_3 - INFO - Drone 3: Flying to {'x': -2479.9774253368378, 'y': -500.0, 'z': 7.073517799377441}
2026-02-12 01:42:37,336 - Drone_3 - INFO - Drone 3: Flying to {'x': -2481.634805202484, 'y': -500.0, 'z': 7.073517799377441}
2026-02-12 01:42:37,379 - Drone_3 - INFO - Drone 3: Flying to {'x': -2481.634805202484, 'y': -500.0, 'z': 7.073517799377441}
2026-02-12 01:42:37,412 - Drone_3 - INFO - Drone 3: Flying to {'x': -2483.1379294395447, 'y': -500.0, 'z': 7.073517799377441}
2026-02-12 01:42:37,441 - Drone_3 - INFO - Drone 3: Flying to {'x': -2483.1379294395447, 'y': -500.0, 'z': 7.073517799377441}
2026-02-12 01:42:37,471 - Drone_3 - INFO - Drone 3: Flying to {'x': -2483.1379294395447, 'y': -500.0, 'z': 7.073517799377441}
2026-02-12 01:42:37,502 - Drone_3 - INFO - Drone 3: Flying to {'x': -2483.1379294395447, 'y': -500.0, 'z': 7.073517799377441}
2026-02-12 01:42:37,535 - Drone_3 - INFO - Drone 3: Flying to {'x': -2484.6452915668488, 'y': -500.0, 'z': 7.073517799377441}
2026-02-12 01:42:37,571 - Drone_3 - INFO - Drone 3: Flying to {'x': -2484.6452915668488, 'y': -500.0, 'z': 7.073517799377441}
2026-02-12 01:42:37,610 - Drone_3 - INFO - Drone 3: Flying to {'x': -2486.150804758072, 'y': -500.0, 'z': 7.073517799377441}
2026-02-12 01:42:37,641 - Drone_3 - INFO - Drone 3: Flying to {'x': -2486.150804758072, 'y': -500.0, 'z': 7.073517799377441}
2026-02-12 01:42:37,680 - Drone_3 - INFO - Drone 3: Flying to {'x': -2486.150804758072, 'y': -500.0, 'z': 7.073517799377441}
2026-02-12 01:43:21,053 - Drone_3 - INFO - Drone 3: Role changed from follower to leader
2026-02-12 01:44:09,964 - Drone_3 - INFO - Drone 3: Personal ML system initialized
2026-02-12 01:44:09,964 - Drone_3 - INFO - Drone 3 initialized at {'x': -1400, 'y': -500, 'z': 0}
2026-02-12 01:44:09,965 - Drone_3 - INFO - Drone 3 started
2026-02-12 01:51:54,008 - Drone_3 - INFO - Drone 3: Role changed from follower to leader
2026-02-12 01:52:53,924 - Drone_3 - INFO - Drone 3: Personal ML system initialized
2026-02-12 01:52:53,924 - Drone_3 - INFO - Drone 3 initialized at {'x': -1400, 'y': -500, 'z': 0}
2026-02-12 01:52:53,924 - Drone_3 - INFO - Drone 3 started
2026-02-12 01:53:13,943 - Drone_3 - INFO - Drone 3: Armed
2026-02-12 01:53:15,431 - Drone_3 - INFO - Drone 3: Taking off
2026-02-12 01:53:15,940 - Drone_3 - WARNING - Drone 3: Cannot goto - invalid flight mode
2026-02-12 01:53:16,942 - Drone_3 - WARNING - Drone 3: Cannot goto - invalid flight mode
2026-02-12 01:53:17,943 - Drone_3 - WARNING - Drone 3: Cannot goto - invalid flight mode
2026-02-12 01:53:18,945 - Drone_3 - WARNING - Drone 3: Cannot goto - invalid flight mode
2026-02-12 01:53:19,946 - Drone_3 - WARNING - Drone 3: Cannot goto - invalid flight mode
2026-02-12 01:53:20,948 - Drone_3 - WARNING - Drone 3: Cannot goto - invalid flight mode
2026-02-12 01:53:21,949 - Drone_3 - WARNING - Drone 3: Cannot goto - invalid flight mode
2026-02-12 01:53:22,952 - Drone_3 - WARNING - Drone 3: Cannot goto - invalid flight mode
2026-02-12 01:53:23,956 - Drone_3 - WARNING - Drone 3: Cannot goto - invalid flight mode
2026-02-12 01:53:24,958 - Drone_3 - WARNING - Drone 3: Cannot goto - invalid flight mode
2026-02-12 01:53:25,960 - Drone_3 - WARNING - Drone 3: Cannot goto - invalid flight mode
2026-02-12 01:53:26,962 - Drone_3 - WARNING - Drone 3: Cannot goto - invalid flight mode
2026-02-12 01:53:27,964 - Drone_3 - WARNING - Drone 3: Cannot goto - invalid flight mode
2026-02-12 01:53:28,967 - Drone_3 - WARNING - Drone 3: Cannot goto - invalid flight mode
2026-02-12 01:53:29,970 - Drone_3 - WARNING - Drone 3: Cannot goto - invalid flight mode
2026-02-12 01:53:30,973 - Drone_3 - WARNING - Drone 3: Cannot goto - invalid flight mode
2026-02-12 01:53:31,977 - Drone_3 - WARNING - Drone 3: Cannot goto - invalid flight mode
2026-02-12 01:53:32,980 - Drone_3 - WARNING - Drone 3: Cannot goto - invalid flight mode
2026-02-12 01:53:33,982 - Drone_3 - WARNING - Drone 3: Cannot goto - invalid flight mode
2026-02-12 01:53:34,984 - Drone_3 - WARNING - Drone 3: Cannot goto - invalid flight mode
2026-02-12 01:53:35,988 - Drone_3 - WARNING - Drone 3: Cannot goto - invalid flight mode
2026-02-12 01:53:36,990 - Drone_3 - WARNING - Drone 3: Cannot goto - invalid flight mode
2026-02-12 01:53:37,992 - Drone_3 - WARNING - Drone 3: Cannot goto - invalid flight mode
2026-02-12 01:53:38,996 - Drone_3 - WARNING - Drone 3: Cannot goto - invalid flight mode
2026-02-12 01:53:39,999 - Drone_3 - WARNING - Drone 3: Cannot goto - invalid flight mode
2026-02-12 01:53:41,002 - Drone_3 - WARNING - Drone 3: Cannot goto - invalid flight mode
2026-02-12 01:53:42,007 - Drone_3 - WARNING - Drone 3: Cannot goto - invalid flight mode
2026-02-12 01:53:43,012 - Drone_3 - WARNING - Drone 3: Cannot goto - invalid flight mode
2026-02-12 01:53:44,016 - Drone_3 - WARNING - Drone 3: Cannot goto - invalid flight mode
2026-02-12 01:53:45,018 - Drone_3 - WARNING - Drone 3: Cannot goto - invalid flight mode
2026-02-12 01:53:46,021 - Drone_3 - WARNING - Drone 3: Cannot goto - invalid flight mode
2026-02-12 01:53:47,025 - Drone_3 - WARNING - Drone 3: Cannot goto - invalid flight mode
2026-02-12 01:53:48,029 - Drone_3 - WARNING - Drone 3: Cannot goto - invalid flight mode
2026-02-12 01:53:49,034 - Drone_3 - WARNING - Drone 3: Cannot goto - invalid flight mode
2026-02-12 01:53:50,037 - Drone_3 - WARNING - Drone 3: Cannot goto - invalid flight mode
2026-02-12 01:53:51,038 - Drone_3 - WARNING - Drone 3: Cannot goto - invalid flight mode
2026-02-12 01:53:52,040 - Drone_3 - WARNING - Drone 3: Cannot goto - invalid flight mode
2026-02-12 01:53:53,042 - Drone_3 - WARNING - Drone 3: Cannot goto - invalid flight mode
2026-02-12 01:53:54,046 - Drone_3 - WARNING - Drone 3: Cannot goto - invalid flight mode
2026-02-12 01:53:55,049 - Drone_3 - WARNING - Drone 3: Cannot goto - invalid flight mode
2026-02-12 01:53:56,051 - Drone_3 - WARNING - Drone 3: Cannot goto - invalid flight mode
2026-02-12 01:53:57,055 - Drone_3 - WARNING - Drone 3: Cannot goto - invalid flight mode
2026-02-12 01:53:58,056 - Drone_3 - WARNING - Drone 3: Cannot goto - invalid flight mode
2026-02-12 01:53:59,058 - Drone_3 - WARNING - Drone 3: Cannot goto - invalid flight mode
2026-02-12 01:54:00,061 - Drone_3 - WARNING - Drone 3: Cannot goto - invalid flight mode
2026-02-12 01:54:01,065 - Drone_3 - WARNING - Drone 3: Cannot goto - invalid flight mode
2026-02-12 01:54:02,068 - Drone_3 - WARNING - Drone 3: Cannot goto - invalid flight mode
2026-02-12 01:54:03,074 - Drone_3 - WARNING - Drone 3: Cannot goto - invalid flight mode
2026-02-12 01:54:04,077 - Drone_3 - WARNING - Drone 3: Cannot goto - invalid flight mode
2026-02-12 01:54:05,078 - Drone_3 - WARNING - Drone 3: Cannot goto - invalid flight mode
2026-02-12 01:54:06,081 - Drone_3 - WARNING - Drone 3: Cannot goto - invalid flight mode
2026-02-12 01:54:07,084 - Drone_3 - WARNING - Drone 3: Cannot goto - invalid flight mode
2026-02-12 01:54:08,088 - Drone_3 - WARNING - Drone 3: Cannot goto - invalid flight mode
2026-02-12 01:54:09,094 - Drone_3 - WARNING - Drone 3: Cannot goto - invalid flight mode
2026-02-12 01:54:10,097 - Drone_3 - WARNING - Drone 3: Cannot goto - invalid flight mode
2026-02-12 01:54:11,099 - Drone_3 - WARNING - Drone 3: Cannot goto - invalid flight mode
2026-02-12 01:54:12,102 - Drone_3 - WARNING - Drone 3: Cannot goto - invalid flight mode
2026-02-12 01:54:13,105 - Drone_3 - WARNING - Drone 3: Cannot goto - invalid flight mode
2026-02-12 01:54:14,108 - Drone_3 - WARNING - Drone 3: Cannot goto - invalid flight mode
2026-02-12 01:54:15,112 - Drone_3 - WARNING - Drone 3: Cannot goto - invalid flight mode
2026-02-12 01:54:16,115 - Drone_3 - WARNING - Drone 3: Cannot goto - invalid flight mode
2026-02-12 01:54:17,117 - Drone_3 - WARNING - Drone 3: Cannot goto - invalid flight mode
2026-02-12 01:54:18,118 - Drone_3 - WARNING - Drone 3: Cannot goto - invalid flight mode
2026-02-12 01:54:19,121 - Drone_3 - WARNING - Drone 3: Cannot goto - invalid flight mode
2026-02-12 01:54:20,124 - Drone_3 - WARNING - Drone 3: Cannot goto - invalid flight mode
2026-02-12 01:54:21,125 - Drone_3 - WARNING - Drone 3: Cannot goto - invalid flight mode
2026-02-12 01:54:22,127 - Drone_3 - WARNING - Drone 3: Cannot goto - invalid flight mode
2026-02-12 01:54:23,128 - Drone_3 - WARNING - Drone 3: Cannot goto - invalid flight mode
2026-02-12 01:54:24,129 - Drone_3 - WARNING - Drone 3: Cannot goto - invalid flight mode
2026-02-12 01:54:25,130 - Drone_3 - WARNING - Drone 3: Cannot goto - invalid flight mode
2026-02-12 01:54:26,131 - Drone_3 - WARNING - Drone 3: Cannot goto - invalid flight mode
2026-02-12 01:54:27,132 - Drone_3 - WARNING - Drone 3: Cannot goto - invalid flight mode
2026-02-12 01:54:28,134 - Drone_3 - WARNING - Drone 3: Cannot goto - invalid flight mode
2026-02-12 01:54:29,135 - Drone_3 - WARNING - Drone 3: Cannot goto - invalid flight mode
2026-02-12 01:54:30,135 - Drone_3 - WARNING - Drone 3: Cannot goto - invalid flight mode
2026-02-12 01:54:31,138 - Drone_3 - WARNING - Drone 3: Cannot goto - invalid flight mode
2026-02-12 01:54:32,139 - Drone_3 - WARNING - Drone 3: Cannot goto - invalid flight mode
2026-02-12 01:54:33,142 - Drone_3 - WARNING - Drone 3: Cannot goto - invalid flight mode
2026-02-12 01:54:34,143 - Drone_3 - WARNING - Drone 3: Cannot goto - invalid flight mode
2026-02-12 01:54:35,145 - Drone_3 - WARNING - Drone 3: Cannot goto - invalid flight mode
2026-02-12 01:54:36,154 - Drone_3 - WARNING - Drone 3: Cannot goto - invalid flight mode
2026-02-12 01:54:37,174 - Drone_3 - WARNING - Drone 3: Cannot goto - invalid flight mode
2026-02-12 01:54:38,175 - Drone_3 - WARNING - Drone 3: Cannot goto - invalid flight mode
2026-02-12 01:54:39,177 - Drone_3 - WARNING - Drone 3: Cannot goto - invalid flight mode
2026-02-12 01:54:40,178 - Drone_3 - WARNING - Drone 3: Cannot goto - invalid flight mode
2026-02-12 01:54:41,179 - Drone_3 - WARNING - Drone 3: Cannot goto - invalid flight mode
2026-02-12 01:54:42,181 - Drone_3 - WARNING - Drone 3: Cannot goto - invalid flight mode
2026-02-12 01:54:43,183 - Drone_3 - WARNING - Drone 3: Cannot goto - invalid flight mode
2026-02-12 01:54:44,185 - Drone_3 - WARNING - Drone 3: Cannot goto - invalid flight mode
2026-02-12 01:54:45,187 - Drone_3 - WARNING - Drone 3: Cannot goto - invalid flight mode
2026-02-12 01:54:46,188 - Drone_3 - WARNING - Drone 3: Cannot goto - invalid flight mode
2026-02-12 01:54:47,189 - Drone_3 - WARNING - Drone 3: Cannot goto - invalid flight mode
2026-02-12 01:54:48,191 - Drone_3 - WARNING - Drone 3: Cannot goto - invalid flight mode
2026-02-12 01:54:49,192 - Drone_3 - WARNING - Drone 3: Cannot goto - invalid flight mode
2026-02-12 01:54:50,195 - Drone_3 - WARNING - Drone 3: Cannot goto - invalid flight mode
2026-02-12 01:54:51,198 - Drone_3 - WARNING - Drone 3: Cannot goto - invalid flight mode
2026-02-12 01:54:52,199 - Drone_3 - WARNING - Drone 3: Cannot goto - invalid flight mode
2026-02-12 01:54:53,200 - Drone_3 - WARNING - Drone 3: Cannot goto - invalid flight mode
2026-02-12 02:00:49,197 - Drone_3 - INFO - Drone 3: Personal ML system initialized
2026-02-12 02:00:49,197 - Drone_3 - INFO - Drone 3 initialized at {'x': -1400, 'y': -500, 'z': 0}
2026-02-12 02:00:49,197 - Drone_3 - INFO - Drone 3 started
2026-02-12 02:05:12,665 - Drone_3 - INFO - Drone 3: Personal ML system initialized
2026-02-12 02:05:12,665 - Drone_3 - INFO - Drone 3 initialized at {'x': -1400, 'y': -500, 'z': 0}
2026-02-12 02:05:12,666 - Drone_3 - INFO - Drone 3 started
2026-02-12 02:06:44,342 - Drone_3 - INFO - Drone 3: Personal ML system initialized
2026-02-12 02:06:44,343 - Drone_3 - INFO - Drone 3 initialized at {'x': -1400, 'y': -500, 'z': 0}
2026-02-12 02:06:44,343 - Drone_3 - INFO - Drone 3 started
2026-02-12 02:09:06,657 - Drone_3 - INFO - Drone 3: Personal ML system initialized
2026-02-12 02:09:06,657 - Drone_3 - INFO - Drone 3 initialized at {'x': -1400, 'y': -500, 'z': 0}
2026-02-12 02:09:06,657 - Drone_3 - INFO - Drone 3 started
2026-02-12 02:10:43,992 - Drone_3 - INFO - Drone 3: Personal ML system initialized
2026-02-12 02:10:43,992 - Drone_3 - INFO - Drone 3 initialized at {'x': -1400, 'y': -500, 'z': 0}
2026-02-12 02:10:43,993 - Drone_3 - INFO - Drone 3 started
2026-02-12 02:12:40,151 - Drone_3 - INFO - Drone 3: Personal ML system initialized
2026-02-12 02:12:40,152 - Drone_3 - INFO - Drone 3 initialized at {'x': -1400, 'y': -500, 'z': 0}
2026-02-12 02:12:40,152 - Drone_3 - INFO - Drone 3 started
2026-02-12 02:13:15,244 - Drone_3 - INFO - Drone 3: Personal ML system initialized
2026-02-12 02:13:15,245 - Drone_3 - INFO - Drone 3 initialized at {'x': -1400, 'y': -500, 'z': 0}
2026-02-12 02:13:15,245 - Drone_3 - INFO - Drone 3 started
2026-02-12 02:13:39,443 - Drone_3 - INFO - Drone 3 stopped
2026-02-12 02:13:41,592 - Drone_3 - INFO - Drone 3: Personal ML system initialized
2026-02-12 02:13:41,592 - Drone_3 - INFO - Drone 3 initialized at {'x': -1400, 'y': -500, 'z': 0}
2026-02-12 02:13:41,593 - Drone_3 - INFO - Drone 3 started
2026-02-12 02:14:54,762 - Drone_3 - INFO - Drone 3 stopped
2026-02-12 02:15:09,864 - Drone_3 - INFO - Drone 3: Personal ML system initialized
2026-02-12 02:15:09,865 - Drone_3 - INFO - Drone 3 initialized at {'x': -1400, 'y': -500, 'z': 0}
2026-02-12 02:15:09,865 - Drone_3 - INFO - Drone 3 started
2026-02-12 02:16:57,117 - Drone_3 - INFO - Drone 3 stopped
2026-02-12 02:16:59,820 - Drone_3 - INFO - Drone 3: Personal ML system initialized
2026-02-12 02:16:59,821 - Drone_3 - INFO - Drone 3 initialized at {'x': -1400, 'y': -500, 'z': 0}
2026-02-12 02:16:59,821 - Drone_3 - INFO - Drone 3 started
2026-02-12 02:19:05,106 - Drone_3 - INFO - Drone 3 stopped
2026-02-12 02:19:12,265 - Drone_3 - INFO - Drone 3: Personal ML system initialized
2026-02-12 02:19:12,265 - Drone_3 - INFO - Drone 3 initialized at {'x': -1400, 'y': -500, 'z': 0}
2026-02-12 02:19:12,265 - Drone_3 - INFO - Drone 3 started
2026-02-12 02:22:40,475 - Drone_3 - INFO - Drone 3 stopped
2026-02-12 02:22:42,730 - Drone_3 - INFO - Drone 3: Personal ML system initialized
2026-02-12 02:22:42,730 - Drone_3 - INFO - Drone 3 initialized at {'x': -1400, 'y': -500, 'z': 0}
2026-02-12 02:22:42,731 - Drone_3 - INFO - Drone 3 started
2026-02-12 02:22:58,065 - Drone_3 - INFO - Drone 3: Armed
2026-02-12 02:23:01,193 - Drone_3 - INFO - Drone 3: Taking off
2026-02-12 02:23:01,750 - Drone_3 - WARNING - Drone 3: Cannot goto - invalid flight mode
2026-02-12 02:23:02,755 - Drone_3 - WARNING - Drone 3: Cannot goto - invalid flight mode
2026-02-12 02:23:03,756 - Drone_3 - WARNING - Drone 3: Cannot goto - invalid flight mode
2026-02-12 02:23:04,758 - Drone_3 - WARNING - Drone 3: Cannot goto - invalid flight mode
2026-02-12 02:23:05,760 - Drone_3 - WARNING - Drone 3: Cannot goto - invalid flight mode
2026-02-12 02:23:06,762 - Drone_3 - WARNING - Drone 3: Cannot goto - invalid flight mode
2026-02-12 02:23:07,765 - Drone_3 - WARNING - Drone 3: Cannot goto - invalid flight mode
2026-02-12 02:23:08,770 - Drone_3 - WARNING - Drone 3: Cannot goto - invalid flight mode
2026-02-12 02:23:09,775 - Drone_3 - WARNING - Drone 3: Cannot goto - invalid flight mode
2026-02-12 02:23:10,779 - Drone_3 - WARNING - Drone 3: Cannot goto - invalid flight mode
2026-02-12 02:23:11,783 - Drone_3 - WARNING - Drone 3: Cannot goto - invalid flight mode
2026-02-12 02:23:12,784 - Drone_3 - WARNING - Drone 3: Cannot goto - invalid flight mode
2026-02-12 02:23:13,787 - Drone_3 - WARNING - Drone 3: Cannot goto - invalid flight mode
2026-02-12 02:23:14,789 - Drone_3 - WARNING - Drone 3: Cannot goto - invalid flight mode
2026-02-12 02:23:15,794 - Drone_3 - WARNING - Drone 3: Cannot goto - invalid flight mode
2026-02-12 02:23:16,799 - Drone_3 - WARNING - Drone 3: Cannot goto - invalid flight mode
2026-02-12 02:23:17,803 - Drone_3 - WARNING - Drone 3: Cannot goto - invalid flight mode
2026-02-12 02:23:18,805 - Drone_3 - WARNING - Drone 3: Cannot goto - invalid flight mode
2026-02-12 02:23:19,807 - Drone_3 - WARNING - Drone 3: Cannot goto - invalid flight mode
2026-02-12 02:23:20,809 - Drone_3 - WARNING - Drone 3: Cannot goto - invalid flight mode
2026-02-12 02:23:21,812 - Drone_3 - WARNING - Drone 3: Cannot goto - invalid flight mode
2026-02-12 02:23:22,814 - Drone_3 - WARNING - Drone 3: Cannot goto - invalid flight mode
2026-02-12 02:23:23,817 - Drone_3 - WARNING - Drone 3: Cannot goto - invalid flight mode
2026-02-12 02:23:24,821 - Drone_3 - WARNING - Drone 3: Cannot goto - invalid flight mode
2026-02-12 02:23:25,823 - Drone_3 - WARNING - Drone 3: Cannot goto - invalid flight mode
2026-02-12 02:23:26,824 - Drone_3 - WARNING - Drone 3: Cannot goto - invalid flight mode
2026-02-12 02:23:27,827 - Drone_3 - WARNING - Drone 3: Cannot goto - invalid flight mode
2026-02-12 02:23:28,829 - Drone_3 - WARNING - Drone 3: Cannot goto - invalid flight mode
2026-02-12 02:23:29,831 - Drone_3 - WARNING - Drone 3: Cannot goto - invalid flight mode
2026-02-12 02:23:30,834 - Drone_3 - WARNING - Drone 3: Cannot goto - invalid flight mode
2026-02-12 02:23:31,836 - Drone_3 - WARNING - Drone 3: Cannot goto - invalid flight mode
2026-02-12 02:23:32,838 - Drone_3 - WARNING - Drone 3: Cannot goto - invalid flight mode
2026-02-12 02:23:33,841 - Drone_3 - WARNING - Drone 3: Cannot goto - invalid flight mode
2026-02-12 02:23:34,844 - Drone_3 - WARNING - Drone 3: Cannot goto - invalid flight mode
2026-02-12 02:23:35,847 - Drone_3 - WARNING - Drone 3: Cannot goto - invalid flight mode
2026-02-12 02:23:36,849 - Drone_3 - WARNING - Drone 3: Cannot goto - invalid flight mode
2026-02-12 02:23:37,851 - Drone_3 - WARNING - Drone 3: Cannot goto - invalid flight mode
2026-02-12 02:23:38,855 - Drone_3 - WARNING - Drone 3: Cannot goto - invalid flight mode
2026-02-12 02:23:39,857 - Drone_3 - WARNING - Drone 3: Cannot goto - invalid flight mode
2026-02-12 02:23:40,859 - Drone_3 - WARNING - Drone 3: Cannot goto - invalid flight mode
2026-02-12 02:23:41,861 - Drone_3 - WARNING - Drone 3: Cannot goto - invalid flight mode
2026-02-12 02:23:42,864 - Drone_3 - WARNING - Drone 3: Cannot goto - invalid flight mode
2026-02-12 02:23:43,866 - Drone_3 - WARNING - Drone 3: Cannot goto - invalid flight mode
2026-02-12 02:23:44,868 - Drone_3 - WARNING - Drone 3: Cannot goto - invalid flight mode
2026-02-12 02:23:45,870 - Drone_3 - WARNING - Drone 3: Cannot goto - invalid flight mode
2026-02-12 02:23:46,871 - Drone_3 - WARNING - Drone 3: Cannot goto - invalid flight mode
2026-02-12 02:23:47,873 - Drone_3 - WARNING - Drone 3: Cannot goto - invalid flight mode
2026-02-12 02:23:48,874 - Drone_3 - WARNING - Drone 3: Cannot goto - invalid flight mode
2026-02-12 02:23:49,877 - Drone_3 - WARNING - Drone 3: Cannot goto - invalid flight mode
2026-02-12 02:23:50,879 - Drone_3 - WARNING - Drone 3: Cannot goto - invalid flight mode
2026-02-12 02:23:51,881 - Drone_3 - WARNING - Drone 3: Cannot goto - invalid flight mode
2026-02-12 02:23:52,882 - Drone_3 - WARNING - Drone 3: Cannot goto - invalid flight mode
2026-02-12 02:23:53,883 - Drone_3 - WARNING - Drone 3: Cannot goto - invalid flight mode
2026-02-12 02:23:54,884 - Drone_3 - WARNING - Drone 3: Cannot goto - invalid flight mode
2026-02-12 02:23:55,886 - Drone_3 - WARNING - Drone 3: Cannot goto - invalid flight mode
2026-02-12 02:23:56,887 - Drone_3 - WARNING - Drone 3: Cannot goto - invalid flight mode
2026-02-12 02:23:57,888 - Drone_3 - WARNING - Drone 3: Cannot goto - invalid flight mode
2026-02-12 02:23:58,889 - Drone_3 - WARNING - Drone 3: Cannot goto - invalid flight mode
2026-02-12 02:23:59,891 - Drone_3 - WARNING - Drone 3: Cannot goto - invalid flight mode
2026-02-12 02:24:00,892 - Drone_3 - WARNING - Drone 3: Cannot goto - invalid flight mode
2026-02-12 02:24:01,894 - Drone_3 - WARNING - Drone 3: Cannot goto - invalid flight mode
2026-02-12 02:24:02,896 - Drone_3 - WARNING - Drone 3: Cannot goto - invalid flight mode
2026-02-12 02:24:03,899 - Drone_3 - WARNING - Drone 3: Cannot goto - invalid flight mode
2026-02-12 02:24:04,900 - Drone_3 - WARNING - Drone 3: Cannot goto - invalid flight mode
2026-02-12 02:24:05,901 - Drone_3 - WARNING - Drone 3: Cannot goto - invalid flight mode
2026-02-12 02:24:06,906 - Drone_3 - WARNING - Drone 3: Cannot goto - invalid flight mode
2026-02-12 02:24:07,908 - Drone_3 - WARNING - Drone 3: Cannot goto - invalid flight mode
2026-02-12 02:24:08,910 - Drone_3 - WARNING - Drone 3: Cannot goto - invalid flight mode
2026-02-12 02:24:09,912 - Drone_3 - WARNING - Drone 3: Cannot goto - invalid flight mode
2026-02-12 02:24:10,914 - Drone_3 - WARNING - Drone 3: Cannot goto - invalid flight mode
2026-02-12 02:24:11,916 - Drone_3 - WARNING - Drone 3: Cannot goto - invalid flight mode
2026-02-12 02:24:12,919 - Drone_3 - WARNING - Drone 3: Cannot goto - invalid flight mode
2026-02-12 02:24:13,922 - Drone_3 - WARNING - Drone 3: Cannot goto - invalid flight mode
2026-02-12 02:24:14,925 - Drone_3 - WARNING - Drone 3: Cannot goto - invalid flight mode
2026-02-12 02:24:15,928 - Drone_3 - WARNING - Drone 3: Cannot goto - invalid flight mode
2026-02-12 02:24:16,931 - Drone_3 - WARNING - Drone 3: Cannot goto - invalid flight mode
2026-02-12 02:24:17,935 - Drone_3 - WARNING - Drone 3: Cannot goto - invalid flight mode
2026-02-12 02:24:18,940 - Drone_3 - WARNING - Drone 3: Cannot goto - invalid flight mode
2026-02-12 02:24:19,942 - Drone_3 - WARNING - Drone 3: Cannot goto - invalid flight mode
2026-02-12 02:24:20,945 - Drone_3 - WARNING - Drone 3: Cannot goto - invalid flight mode
2026-02-12 02:24:21,949 - Drone_3 - WARNING - Drone 3: Cannot goto - invalid flight mode
2026-02-12 02:24:22,954 - Drone_3 - WARNING - Drone 3: Cannot goto - invalid flight mode
2026-02-12 02:24:23,957 - Drone_3 - WARNING - Drone 3: Cannot goto - invalid flight mode
2026-02-12 02:24:24,962 - Drone_3 - WARNING - Drone 3: Cannot goto - invalid flight mode
2026-02-12 02:24:25,965 - Drone_3 - WARNING - Drone 3: Cannot goto - invalid flight mode
2026-02-12 02:24:26,967 - Drone_3 - WARNING - Drone 3: Cannot goto - invalid flight mode
2026-02-12 02:24:27,969 - Drone_3 - WARNING - Drone 3: Cannot goto - invalid flight mode
2026-02-12 02:24:28,970 - Drone_3 - WARNING - Drone 3: Cannot goto - invalid flight mode
2026-02-12 02:24:29,974 - Drone_3 - WARNING - Drone 3: Cannot goto - invalid flight mode
2026-02-12 02:24:30,978 - Drone_3 - WARNING - Drone 3: Cannot goto - invalid flight mode
2026-02-12 02:24:31,983 - Drone_3 - WARNING - Drone 3: Cannot goto - invalid flight mode
2026-02-12 02:24:32,987 - Drone_3 - WARNING - Drone 3: Cannot goto - invalid flight mode
2026-02-12 02:24:33,990 - Drone_3 - WARNING - Drone 3: Cannot goto - invalid flight mode
2026-02-12 02:24:34,993 - Drone_3 - WARNING - Drone 3: Cannot goto - invalid flight mode
2026-02-12 02:24:35,996 - Drone_3 - WARNING - Drone 3: Cannot goto - invalid flight mode
2026-02-12 02:24:36,999 - Drone_3 - WARNING - Drone 3: Cannot goto - invalid flight mode
2026-02-12 02:24:38,004 - Drone_3 - WARNING - Drone 3: Cannot goto - invalid flight mode
2026-02-12 02:24:39,007 - Drone_3 - WARNING - Drone 3: Cannot goto - invalid flight mode
2026-02-12 02:24:40,011 - Drone_3 - WARNING - Drone 3: Cannot goto - invalid flight mode
2026-02-12 02:24:41,014 - Drone_3 - WARNING - Drone 3: Cannot goto - invalid flight mode
2026-02-12 02:24:42,016 - Drone_3 - WARNING - Drone 3: Cannot goto - invalid flight mode
2026-02-12 02:24:43,019 - Drone_3 - WARNING - Drone 3: Cannot goto - invalid flight mode
2026-02-12 02:24:44,023 - Drone_3 - WARNING - Drone 3: Cannot goto - invalid flight mode
2026-02-12 02:24:45,027 - Drone_3 - WARNING - Drone 3: Cannot goto - invalid flight mode
2026-02-12 02:24:46,030 - Drone_3 - WARNING - Drone 3: Cannot goto - invalid flight mode
2026-02-12 02:24:47,036 - Drone_3 - WARNING - Drone 3: Cannot goto - invalid flight mode
2026-02-12 02:24:48,039 - Drone_3 - WARNING - Drone 3: Cannot goto - invalid flight mode
2026-02-12 02:24:49,043 - Drone_3 - WARNING - Drone 3: Cannot goto - invalid flight mode
2026-02-12 02:24:50,045 - Drone_3 - WARNING - Drone 3: Cannot goto - invalid flight mode
2026-02-12 02:24:51,047 - Drone_3 - WARNING - Drone 3: Cannot goto - invalid flight mode
2026-02-12 02:24:52,049 - Drone_3 - WARNING - Drone 3: Cannot goto - invalid flight mode
2026-02-12 02:24:53,051 - Drone_3 - WARNING - Drone 3: Cannot goto - invalid flight mode
2026-02-12 02:24:54,055 - Drone_3 - WARNING - Drone 3: Cannot goto - invalid flight mode
2026-02-12 02:24:55,060 - Drone_3 - WARNING - Drone 3: Cannot goto - invalid flight mode
2026-02-12 02:24:56,062 - Drone_3 - WARNING - Drone 3: Cannot goto - invalid flight mode
2026-02-12 02:24:57,064 - Drone_3 - WARNING - Drone 3: Cannot goto - invalid flight mode
2026-02-12 02:24:58,068 - Drone_3 - WARNING - Drone 3: Cannot goto - invalid flight mode
2026-02-12 02:24:59,072 - Drone_3 - WARNING - Drone 3: Cannot goto - invalid flight mode
2026-02-12 02:25:00,076 - Drone_3 - WARNING - Drone 3: Cannot goto - invalid flight mode
2026-02-12 02:25:01,079 - Drone_3 - WARNING - Drone 3: Cannot goto - invalid flight mode
2026-02-12 02:25:02,082 - Drone_3 - WARNING - Drone 3: Cannot goto - invalid flight mode
2026-02-12 02:25:03,084 - Drone_3 - WARNING - Drone 3: Cannot goto - invalid flight mode
2026-02-12 02:25:04,086 - Drone_3 - WARNING - Drone 3: Cannot goto - invalid flight mode
2026-02-12 02:25:05,089 - Drone_3 - WARNING - Drone 3: Cannot goto - invalid flight mode
2026-02-12 02:25:06,091 - Drone_3 - WARNING - Drone 3: Cannot goto - invalid flight mode
2026-02-12 02:25:07,094 - Drone_3 - WARNING - Drone 3: Cannot goto - invalid flight mode
2026-02-12 02:25:08,096 - Drone_3 - WARNING - Drone 3: Cannot goto - invalid flight mode
2026-02-12 02:25:09,100 - Drone_3 - WARNING - Drone 3: Cannot goto - invalid flight mode
2026-02-12 02:25:10,101 - Drone_3 - WARNING - Drone 3: Cannot goto - invalid flight mode
2026-02-12 02:25:11,102 - Drone_3 - WARNING - Drone 3: Cannot goto - invalid flight mode
2026-02-12 02:25:12,104 - Drone_3 - WARNING - Drone 3: Cannot goto - invalid flight mode
2026-02-12 02:25:13,107 - Drone_3 - WARNING - Drone 3: Cannot goto - invalid flight mode
2026-02-12 02:25:14,108 - Drone_3 - WARNING - Drone 3: Cannot goto - invalid flight mode
2026-02-12 02:25:15,109 - Drone_3 - WARNING - Drone 3: Cannot goto - invalid flight mode
2026-02-12 02:25:16,111 - Drone_3 - WARNING - Drone 3: Cannot goto - invalid flight mode
2026-02-12 02:25:17,112 - Drone_3 - WARNING - Drone 3: Cannot goto - invalid flight mode
2026-02-12 02:25:18,114 - Drone_3 - WARNING - Drone 3: Cannot goto - invalid flight mode
2026-02-12 02:25:19,116 - Drone_3 - WARNING - Drone 3: Cannot goto - invalid flight mode
2026-02-12 02:25:20,118 - Drone_3 - WARNING - Drone 3: Cannot goto - invalid flight mode
2026-02-12 02:25:21,120 - Drone_3 - WARNING - Drone 3: Cannot goto - invalid flight mode
2026-02-12 02:25:22,124 - Drone_3 - WARNING - Drone 3: Cannot goto - invalid flight mode
2026-02-12 02:25:23,128 - Drone_3 - WARNING - Drone 3: Cannot goto - invalid flight mode
2026-02-12 02:25:24,131 - Drone_3 - WARNING - Drone 3: Cannot goto - invalid flight mode
2026-02-12 02:25:25,136 - Drone_3 - WARNING - Drone 3: Cannot goto - invalid flight mode
2026-02-12 02:25:26,138 - Drone_3 - WARNING - Drone 3: Cannot goto - invalid flight mode
2026-02-12 02:25:27,140 - Drone_3 - WARNING - Drone 3: Cannot goto - invalid flight mode
2026-02-12 02:25:28,142 - Drone_3 - WARNING - Drone 3: Cannot goto - invalid flight mode
2026-02-12 02:25:29,144 - Drone_3 - WARNING - Drone 3: Cannot goto - invalid flight mode
2026-02-12 02:25:30,147 - Drone_3 - WARNING - Drone 3: Cannot goto - invalid flight mode
2026-02-12 02:25:31,150 - Drone_3 - WARNING - Drone 3: Cannot goto - invalid flight mode
2026-02-12 02:25:32,154 - Drone_3 - WARNING - Drone 3: Cannot goto - invalid flight mode
2026-02-12 02:25:33,155 - Drone_3 - WARNING - Drone 3: Cannot goto - invalid flight mode
2026-02-12 02:25:34,158 - Drone_3 - WARNING - Drone 3: Cannot goto - invalid flight mode
2026-02-12 02:25:35,161 - Drone_3 - WARNING - Drone 3: Cannot goto - invalid flight mode
2026-02-12 02:25:36,165 - Drone_3 - WARNING - Drone 3: Cannot goto - invalid flight mode
2026-02-12 02:25:37,169 - Drone_3 - WARNING - Drone 3: Cannot goto - invalid flight mode
2026-02-12 02:25:38,172 - Drone_3 - WARNING - Drone 3: Cannot goto - invalid flight mode
2026-02-12 02:25:39,174 - Drone_3 - WARNING - Drone 3: Cannot goto - invalid flight mode
2026-02-12 02:25:40,176 - Drone_3 - WARNING - Drone 3: Cannot goto - invalid flight mode
2026-02-12 02:25:41,180 - Drone_3 - WARNING - Drone 3: Cannot goto - invalid flight mode
2026-02-12 02:25:42,183 - Drone_3 - WARNING - Drone 3: Cannot goto - invalid flight mode
2026-02-12 02:25:43,187 - Drone_3 - WARNING - Drone 3: Cannot goto - invalid flight mode
2026-02-12 02:25:44,191 - Drone_3 - WARNING - Drone 3: Cannot goto - invalid flight mode
2026-02-12 02:26:20,213 - Drone_3 - WARNING - Drone 3: Cannot goto - invalid flight mode
2026-02-12 02:26:21,217 - Drone_3 - WARNING - Drone 3: Cannot goto - invalid flight mode
2026-02-12 02:26:22,221 - Drone_3 - WARNING - Drone 3: Cannot goto - invalid flight mode
2026-02-12 02:26:23,225 - Drone_3 - WARNING - Drone 3: Cannot goto - invalid flight mode
2026-02-12 02:26:24,227 - Drone_3 - WARNING - Drone 3: Cannot goto - invalid flight mode
2026-02-12 02:26:25,230 - Drone_3 - WARNING - Drone 3: Cannot goto - invalid flight mode
2026-02-12 02:26:26,232 - Drone_3 - WARNING - Drone 3: Cannot goto - invalid flight mode
2026-02-12 02:26:27,235 - Drone_3 - WARNING - Drone 3: Cannot goto - invalid flight mode
2026-02-12 02:26:28,238 - Drone_3 - WARNING - Drone 3: Cannot goto - invalid flight mode
2026-02-12 02:26:29,241 - Drone_3 - WARNING - Drone 3: Cannot goto - invalid flight mode
2026-02-12 02:26:30,246 - Drone_3 - WARNING - Drone 3: Cannot goto - invalid flight mode
2026-02-12 02:26:31,248 - Drone_3 - WARNING - Drone 3: Cannot goto - invalid flight mode
2026-02-12 02:26:32,251 - Drone_3 - WARNING - Drone 3: Cannot goto - invalid flight mode
2026-02-12 02:26:33,253 - Drone_3 - WARNING - Drone 3: Cannot goto - invalid flight mode
2026-02-12 02:26:34,254 - Drone_3 - WARNING - Drone 3: Cannot goto - invalid flight mode
2026-02-12 02:26:35,257 - Drone_3 - WARNING - Drone 3: Cannot goto - invalid flight mode
2026-02-12 02:26:36,262 - Drone_3 - WARNING - Drone 3: Cannot goto - invalid flight mode
2026-02-12 02:26:37,267 - Drone_3 - WARNING - Drone 3: Cannot goto - invalid flight mode
2026-02-12 02:26:38,269 - Drone_3 - WARNING - Drone 3: Cannot goto - invalid flight mode
2026-02-12 02:26:39,271 - Drone_3 - WARNING - Drone 3: Cannot goto - invalid flight mode
2026-02-12 02:26:40,275 - Drone_3 - WARNING - Drone 3: Cannot goto - invalid flight mode
2026-02-12 02:26:41,279 - Drone_3 - WARNING - Drone 3: Cannot goto - invalid flight mode
2026-02-12 02:26:42,282 - Drone_3 - WARNING - Drone 3: Cannot goto - invalid flight mode
2026-02-12 02:26:43,285 - Drone_3 - WARNING - Drone 3: Cannot goto - invalid flight mode
2026-02-12 02:26:44,287 - Drone_3 - WARNING - Drone 3: Cannot goto - invalid flight mode
2026-02-12 02:26:45,288 - Drone_3 - WARNING - Drone 3: Cannot goto - invalid flight mode
2026-02-12 02:26:46,290 - Drone_3 - WARNING - Drone 3: Cannot goto - invalid flight mode
2026-02-12 02:26:47,292 - Drone_3 - WARNING - Drone 3: Cannot goto - invalid flight mode
2026-02-12 02:26:48,293 - Drone_3 - WARNING - Drone 3: Cannot goto - invalid flight mode
2026-02-12 02:26:49,295 - Drone_3 - WARNING - Drone 3: Cannot goto - invalid flight mode
2026-02-12 02:26:49,894 - Drone_3 - WARNING - Drone 3: Cannot takeoff - already flying
2026-02-12 02:26:50,297 - Drone_3 - WARNING - Drone 3: Cannot goto - invalid flight mode
2026-02-12 02:26:51,301 - Drone_3 - WARNING - Drone 3: Cannot goto - invalid flight mode
2026-02-12 02:26:52,305 - Drone_3 - WARNING - Drone 3: Cannot goto - invalid flight mode
2026-02-12 02:26:53,131 - Drone_3 - WARNING - Drone 3: Cannot takeoff - already flying
2026-02-12 02:26:53,308 - Drone_3 - WARNING - Drone 3: Cannot goto - invalid flight mode
2026-02-12 02:26:54,310 - Drone_3 - WARNING - Drone 3: Cannot goto - invalid flight mode
2026-02-12 02:26:55,311 - Drone_3 - WARNING - Drone 3: Cannot goto - invalid flight mode
2026-02-12 02:26:56,313 - Drone_3 - WARNING - Drone 3: Cannot goto - invalid flight mode
2026-02-12 02:26:56,720 - Drone_3 - INFO - Drone 3: Returning to home - Swarm RTH command
2026-02-12 02:28:43,386 - Drone_3 - INFO - Drone 3 stopped
2026-02-12 09:57:44,732 - Drone_3 - INFO - Drone 3: Personal ML system initialized
2026-02-12 09:57:44,732 - Drone_3 - INFO - Drone 3 initialized at {'x': -1400, 'y': -500, 'z': 0}
2026-02-12 09:57:44,733 - Drone_3 - INFO - Drone 3 started
2026-02-12 10:03:46,001 - Drone_3 - INFO - Drone 3 stopped
2026-02-12 10:03:49,234 - Drone_3 - INFO - Drone 3: Personal ML system initialized
2026-02-12 10:03:49,235 - Drone_3 - INFO - Drone 3 initialized at {'x': -1400, 'y': -500, 'z': 0}
2026-02-12 10:03:49,235 - Drone_3 - INFO - Drone 3 started
2026-02-12 10:04:05,373 - Drone_3 - INFO - Drone 3 stopped
2026-02-12 10:04:19,836 - Drone_3 - INFO - Drone 3: Personal ML system initialized
2026-02-12 10:04:19,836 - Drone_3 - INFO - Drone 3 initialized at {'x': -1400, 'y': -500, 'z': 0}
2026-02-12 10:04:19,837 - Drone_3 - INFO - Drone 3 started
2026-02-12 10:05:39,140 - Drone_3 - INFO - Drone 3 stopped
2026-02-12 10:05:41,714 - Drone_3 - INFO - Drone 3: Personal ML system initialized
2026-02-12 10:05:41,715 - Drone_3 - INFO - Drone 3 initialized at {'x': -1400, 'y': -500, 'z': 0}
2026-02-12 10:05:41,715 - Drone_3 - INFO - Drone 3 started
2026-02-12 10:05:49,929 - Drone_3 - INFO - Drone 3 stopped
2026-02-12 10:06:48,677 - Drone_3 - INFO - Drone 3: Personal ML system initialized
2026-02-12 10:06:48,677 - Drone_3 - INFO - Drone 3 initialized at {'x': -1400, 'y': -500, 'z': 0}
2026-02-12 10:06:48,678 - Drone_3 - INFO - Drone 3 started
2026-02-12 10:07:11,841 - Drone_3 - INFO - Drone 3 stopped
2026-02-12 10:07:13,635 - Drone_3 - INFO - Drone 3: Personal ML system initialized
2026-02-12 10:07:13,635 - Drone_3 - INFO - Drone 3 initialized at {'x': -1400, 'y': -500, 'z': 0}
2026-02-12 10:07:13,636 - Drone_3 - INFO - Drone 3 started
2026-02-12 10:07:28,868 - Drone_3 - INFO - Drone 3 stopped
2026-02-12 10:07:31,771 - Drone_3 - INFO - Drone 3: Personal ML system initialized
2026-02-12 10:07:31,771 - Drone_3 - INFO - Drone 3 initialized at {'x': -1400, 'y': -500, 'z': 0}
2026-02-12 10:07:31,771 - Drone_3 - INFO - Drone 3 started
2026-02-12 10:07:45,812 - Drone_3 - WARNING - Drone 3: Cannot goto - invalid flight mode
2026-02-12 10:07:50,853 - Drone_3 - WARNING - Drone 3: Cannot goto - invalid flight mode
2026-02-12 10:07:53,159 - Drone_3 - WARNING - Drone 3: Cannot goto - invalid flight mode
2026-02-12 10:07:56,080 - Drone_3 - INFO - Drone 3: Armed
2026-02-12 10:07:57,149 - Drone_3 - INFO - Drone 3: Taking off
2026-02-12 10:07:57,790 - Drone_3 - WARNING - Drone 3: Cannot goto - invalid flight mode
2026-02-12 10:07:58,791 - Drone_3 - WARNING - Drone 3: Cannot goto - invalid flight mode
2026-02-12 10:07:59,792 - Drone_3 - WARNING - Drone 3: Cannot goto - invalid flight mode
2026-02-12 10:07:59,953 - Drone_3 - WARNING - Drone 3: Cannot goto - invalid flight mode
2026-02-12 10:08:00,794 - Drone_3 - WARNING - Drone 3: Cannot goto - invalid flight mode
2026-02-12 10:08:01,795 - Drone_3 - WARNING - Drone 3: Cannot goto - invalid flight mode
2026-02-12 10:08:02,796 - Drone_3 - WARNING - Drone 3: Cannot goto - invalid flight mode
2026-02-12 10:08:03,801 - Drone_3 - WARNING - Drone 3: Cannot goto - invalid flight mode
2026-02-12 10:08:04,805 - Drone_3 - WARNING - Drone 3: Cannot goto - invalid flight mode
2026-02-12 10:08:05,808 - Drone_3 - WARNING - Drone 3: Cannot goto - invalid flight mode
2026-02-12 10:08:06,811 - Drone_3 - WARNING - Drone 3: Cannot goto - invalid flight mode
2026-02-12 10:08:07,813 - Drone_3 - WARNING - Drone 3: Cannot goto - invalid flight mode
2026-02-12 10:08:08,814 - Drone_3 - WARNING - Drone 3: Cannot goto - invalid flight mode
2026-02-12 10:08:09,815 - Drone_3 - WARNING - Drone 3: Cannot goto - invalid flight mode
2026-02-12 10:08:10,817 - Drone_3 - WARNING - Drone 3: Cannot goto - invalid flight mode
2026-02-12 10:08:11,820 - Drone_3 - WARNING - Drone 3: Cannot goto - invalid flight mode
2026-02-12 10:08:12,824 - Drone_3 - WARNING - Drone 3: Cannot goto - invalid flight mode
2026-02-12 10:08:13,827 - Drone_3 - WARNING - Drone 3: Cannot goto - invalid flight mode
2026-02-12 10:08:14,829 - Drone_3 - WARNING - Drone 3: Cannot goto - invalid flight mode
2026-02-12 10:08:15,831 - Drone_3 - WARNING - Drone 3: Cannot goto - invalid flight mode
2026-02-12 10:08:16,834 - Drone_3 - WARNING - Drone 3: Cannot goto - invalid flight mode
2026-02-12 10:08:17,838 - Drone_3 - WARNING - Drone 3: Cannot goto - invalid flight mode
2026-02-12 10:08:18,844 - Drone_3 - WARNING - Drone 3: Cannot goto - invalid flight mode
2026-02-12 10:08:19,846 - Drone_3 - WARNING - Drone 3: Cannot goto - invalid flight mode
2026-02-12 10:08:20,848 - Drone_3 - WARNING - Drone 3: Cannot goto - invalid flight mode
2026-02-12 10:08:21,850 - Drone_3 - WARNING - Drone 3: Cannot goto - invalid flight mode
2026-02-12 10:08:22,852 - Drone_3 - WARNING - Drone 3: Cannot goto - invalid flight mode
2026-02-12 10:08:23,855 - Drone_3 - WARNING - Drone 3: Cannot goto - invalid flight mode
2026-02-12 10:08:24,859 - Drone_3 - WARNING - Drone 3: Cannot goto - invalid flight mode
2026-02-12 10:08:25,864 - Drone_3 - WARNING - Drone 3: Cannot goto - invalid flight mode
2026-02-12 10:08:26,866 - Drone_3 - WARNING - Drone 3: Cannot goto - invalid flight mode
2026-02-12 10:08:27,868 - Drone_3 - WARNING - Drone 3: Cannot goto - invalid flight mode
2026-02-12 10:08:28,869 - Drone_3 - WARNING - Drone 3: Cannot goto - invalid flight mode
2026-02-12 10:08:29,871 - Drone_3 - WARNING - Drone 3: Cannot goto - invalid flight mode
2026-02-12 10:08:30,873 - Drone_3 - WARNING - Drone 3: Cannot goto - invalid flight mode
2026-02-12 10:08:31,875 - Drone_3 - WARNING - Drone 3: Cannot goto - invalid flight mode
2026-02-12 10:08:32,876 - Drone_3 - WARNING - Drone 3: Cannot goto - invalid flight mode
2026-02-12 10:08:33,877 - Drone_3 - WARNING - Drone 3: Cannot goto - invalid flight mode
2026-02-12 10:08:34,879 - Drone_3 - WARNING - Drone 3: Cannot goto - invalid flight mode
2026-02-12 10:08:35,881 - Drone_3 - WARNING - Drone 3: Cannot goto - invalid flight mode
2026-02-12 10:08:36,885 - Drone_3 - WARNING - Drone 3: Cannot goto - invalid flight mode
2026-02-12 10:08:37,887 - Drone_3 - WARNING - Drone 3: Cannot goto - invalid flight mode
2026-02-12 10:08:38,890 - Drone_3 - WARNING - Drone 3: Cannot goto - invalid flight mode
2026-02-12 10:08:39,895 - Drone_3 - WARNING - Drone 3: Cannot goto - invalid flight mode
2026-02-12 10:08:40,896 - Drone_3 - WARNING - Drone 3: Cannot goto - invalid flight mode
2026-02-12 10:08:41,898 - Drone_3 - WARNING - Drone 3: Cannot goto - invalid flight mode
2026-02-12 10:08:42,901 - Drone_3 - WARNING - Drone 3: Cannot goto - invalid flight mode
2026-02-12 10:08:43,905 - Drone_3 - WARNING - Drone 3: Cannot goto - invalid flight mode
2026-02-12 10:08:44,907 - Drone_3 - WARNING - Drone 3: Cannot goto - invalid flight mode
2026-02-12 10:08:45,910 - Drone_3 - WARNING - Drone 3: Cannot goto - invalid flight mode
2026-02-12 10:08:46,912 - Drone_3 - WARNING - Drone 3: Cannot goto - invalid flight mode
2026-02-12 10:08:47,917 - Drone_3 - WARNING - Drone 3: Cannot goto - invalid flight mode
2026-02-12 10:08:48,919 - Drone_3 - WARNING - Drone 3: Cannot goto - invalid flight mode
2026-02-12 10:08:49,921 - Drone_3 - WARNING - Drone 3: Cannot goto - invalid flight mode
2026-02-12 10:08:50,925 - Drone_3 - WARNING - Drone 3: Cannot goto - invalid flight mode
2026-02-12 10:08:51,929 - Drone_3 - WARNING - Drone 3: Cannot goto - invalid flight mode
2026-02-12 10:08:52,932 - Drone_3 - WARNING - Drone 3: Cannot goto - invalid flight mode
2026-02-12 10:08:53,934 - Drone_3 - WARNING - Drone 3: Cannot goto - invalid flight mode
2026-02-12 10:08:54,936 - Drone_3 - WARNING - Drone 3: Cannot goto - invalid flight mode
2026-02-12 10:08:55,938 - Drone_3 - WARNING - Drone 3: Cannot goto - invalid flight mode
2026-02-12 10:08:56,940 - Drone_3 - WARNING - Drone 3: Cannot goto - invalid flight mode
2026-02-12 10:08:57,944 - Drone_3 - WARNING - Drone 3: Cannot goto - invalid flight mode
2026-02-12 10:08:58,949 - Drone_3 - WARNING - Drone 3: Cannot goto - invalid flight mode
2026-02-12 10:08:59,953 - Drone_3 - WARNING - Drone 3: Cannot goto - invalid flight mode
2026-02-12 10:09:00,958 - Drone_3 - WARNING - Drone 3: Cannot goto - invalid flight mode
2026-02-12 10:09:01,960 - Drone_3 - WARNING - Drone 3: Cannot goto - invalid flight mode
2026-02-12 10:09:02,962 - Drone_3 - WARNING - Drone 3: Cannot goto - invalid flight mode
2026-02-12 10:09:03,965 - Drone_3 - WARNING - Drone 3: Cannot goto - invalid flight mode
2026-02-12 10:09:04,967 - Drone_3 - WARNING - Drone 3: Cannot goto - invalid flight mode
2026-02-12 10:09:05,968 - Drone_3 - WARNING - Drone 3: Cannot goto - invalid flight mode
2026-02-12 10:09:06,969 - Drone_3 - WARNING - Drone 3: Cannot goto - invalid flight mode
2026-02-12 10:09:07,970 - Drone_3 - WARNING - Drone 3: Cannot goto - invalid flight mode
2026-02-12 10:09:08,972 - Drone_3 - WARNING - Drone 3: Cannot goto - invalid flight mode
2026-02-12 10:09:09,973 - Drone_3 - WARNING - Drone 3: Cannot goto - invalid flight mode
2026-02-12 10:09:10,975 - Drone_3 - WARNING - Drone 3: Cannot goto - invalid flight mode
2026-02-12 10:09:11,977 - Drone_3 - WARNING - Drone 3: Cannot goto - invalid flight mode
2026-02-12 10:09:12,978 - Drone_3 - WARNING - Drone 3: Cannot goto - invalid flight mode
2026-02-12 10:09:13,981 - Drone_3 - WARNING - Drone 3: Cannot goto - invalid flight mode
2026-02-12 10:09:14,982 - Drone_3 - WARNING - Drone 3: Cannot goto - invalid flight mode
2026-02-12 10:09:15,983 - Drone_3 - WARNING - Drone 3: Cannot goto - invalid flight mode
2026-02-12 10:09:16,985 - Drone_3 - WARNING - Drone 3: Cannot goto - invalid flight mode
2026-02-12 10:09:17,986 - Drone_3 - WARNING - Drone 3: Cannot goto - invalid flight mode
2026-02-12 10:09:18,987 - Drone_3 - WARNING - Drone 3: Cannot goto - invalid flight mode
2026-02-12 10:09:19,989 - Drone_3 - WARNING - Drone 3: Cannot goto - invalid flight mode
2026-02-12 10:09:20,990 - Drone_3 - WARNING - Drone 3: Cannot goto - invalid flight mode
2026-02-12 10:09:21,991 - Drone_3 - WARNING - Drone 3: Cannot goto - invalid flight mode
2026-02-12 10:09:22,993 - Drone_3 - WARNING - Drone 3: Cannot goto - invalid flight mode
2026-02-12 10:09:23,994 - Drone_3 - WARNING - Drone 3: Cannot goto - invalid flight mode
2026-02-12 10:09:24,995 - Drone_3 - WARNING - Drone 3: Cannot goto - invalid flight mode
2026-02-12 10:09:25,997 - Drone_3 - WARNING - Drone 3: Cannot goto - invalid flight mode
2026-02-12 10:09:26,999 - Drone_3 - WARNING - Drone 3: Cannot goto - invalid flight mode
2026-02-12 10:09:28,000 - Drone_3 - WARNING - Drone 3: Cannot goto - invalid flight mode
2026-02-12 10:09:29,001 - Drone_3 - WARNING - Drone 3: Cannot goto - invalid flight mode
2026-02-12 10:09:30,002 - Drone_3 - WARNING - Drone 3: Cannot goto - invalid flight mode
2026-02-12 10:09:31,003 - Drone_3 - WARNING - Drone 3: Cannot goto - invalid flight mode
2026-02-12 10:09:32,004 - Drone_3 - WARNING - Drone 3: Cannot goto - invalid flight mode
2026-02-12 10:09:33,006 - Drone_3 - WARNING - Drone 3: Cannot goto - invalid flight mode
2026-02-12 10:09:34,007 - Drone_3 - WARNING - Drone 3: Cannot goto - invalid flight mode
2026-02-12 10:09:35,009 - Drone_3 - WARNING - Drone 3: Cannot goto - invalid flight mode
2026-02-12 10:09:36,010 - Drone_3 - WARNING - Drone 3: Cannot goto - invalid flight mode
2026-02-12 10:09:37,012 - Drone_3 - WARNING - Drone 3: Cannot goto - invalid flight mode
2026-02-12 10:09:38,014 - Drone_3 - WARNING - Drone 3: Cannot goto - invalid flight mode
2026-02-12 10:09:39,015 - Drone_3 - WARNING - Drone 3: Cannot goto - invalid flight mode
2026-02-12 10:09:40,016 - Drone_3 - WARNING - Drone 3: Cannot goto - invalid flight mode
2026-02-12 10:09:41,018 - Drone_3 - WARNING - Drone 3: Cannot goto - invalid flight mode
2026-02-12 10:09:42,020 - Drone_3 - WARNING - Drone 3: Cannot goto - invalid flight mode
2026-02-12 10:09:43,022 - Drone_3 - WARNING - Drone 3: Cannot goto - invalid flight mode
2026-02-12 10:09:44,023 - Drone_3 - WARNING - Drone 3: Cannot goto - invalid flight mode
2026-02-12 10:09:45,024 - Drone_3 - WARNING - Drone 3: Cannot goto - invalid flight mode
2026-02-12 10:09:46,025 - Drone_3 - WARNING - Drone 3: Cannot goto - invalid flight mode
2026-02-12 10:09:47,027 - Drone_3 - WARNING - Drone 3: Cannot goto - invalid flight mode
2026-02-12 10:09:48,027 - Drone_3 - WARNING - Drone 3: Cannot goto - invalid flight mode
2026-02-12 10:09:49,029 - Drone_3 - WARNING - Drone 3: Cannot goto - invalid flight mode
2026-02-12 10:09:50,030 - Drone_3 - WARNING - Drone 3: Cannot goto - invalid flight mode
2026-02-12 10:09:51,032 - Drone_3 - WARNING - Drone 3: Cannot goto - invalid flight mode
2026-02-12 10:09:52,033 - Drone_3 - WARNING - Drone 3: Cannot goto - invalid flight mode
2026-02-12 10:09:53,036 - Drone_3 - WARNING - Drone 3: Cannot goto - invalid flight mode
2026-02-12 10:09:54,038 - Drone_3 - WARNING - Drone 3: Cannot goto - invalid flight mode
2026-02-12 10:09:55,040 - Drone_3 - WARNING - Drone 3: Cannot goto - invalid flight mode
2026-02-12 10:09:56,042 - Drone_3 - WARNING - Drone 3: Cannot goto - invalid flight mode
2026-02-12 10:09:57,044 - Drone_3 - WARNING - Drone 3: Cannot goto - invalid flight mode
2026-02-12 10:09:58,047 - Drone_3 - WARNING - Drone 3: Cannot goto - invalid flight mode
2026-02-12 10:09:59,048 - Drone_3 - WARNING - Drone 3: Cannot goto - invalid flight mode
2026-02-12 10:10:00,051 - Drone_3 - WARNING - Drone 3: Cannot goto - invalid flight mode
2026-02-12 10:10:01,053 - Drone_3 - WARNING - Drone 3: Cannot goto - invalid flight mode
2026-02-12 10:10:02,054 - Drone_3 - WARNING - Drone 3: Cannot goto - invalid flight mode
2026-02-12 10:10:03,056 - Drone_3 - WARNING - Drone 3: Cannot goto - invalid flight mode
2026-02-12 10:10:04,058 - Drone_3 - WARNING - Drone 3: Cannot goto - invalid flight mode
2026-02-12 10:10:05,060 - Drone_3 - WARNING - Drone 3: Cannot goto - invalid flight mode
2026-02-12 10:10:06,061 - Drone_3 - WARNING - Drone 3: Cannot goto - invalid flight mode
2026-02-12 10:10:07,063 - Drone_3 - WARNING - Drone 3: Cannot goto - invalid flight mode
2026-02-12 10:10:08,065 - Drone_3 - WARNING - Drone 3: Cannot goto - invalid flight mode
2026-02-12 10:10:09,066 - Drone_3 - WARNING - Drone 3: Cannot goto - invalid flight mode
2026-02-12 10:10:10,068 - Drone_3 - WARNING - Drone 3: Cannot goto - invalid flight mode
2026-02-12 10:10:11,069 - Drone_3 - WARNING - Drone 3: Cannot goto - invalid flight mode
2026-02-12 10:10:12,070 - Drone_3 - WARNING - Drone 3: Cannot goto - invalid flight mode
2026-02-12 10:10:13,071 - Drone_3 - WARNING - Drone 3: Cannot goto - invalid flight mode
2026-02-12 10:10:14,073 - Drone_3 - WARNING - Drone 3: Cannot goto - invalid flight mode
2026-02-12 10:10:15,075 - Drone_3 - WARNING - Drone 3: Cannot goto - invalid flight mode
2026-02-12 10:10:16,076 - Drone_3 - WARNING - Drone 3: Cannot goto - invalid flight mode
2026-02-12 10:10:17,077 - Drone_3 - WARNING - Drone 3: Cannot goto - invalid flight mode
2026-02-12 10:10:18,079 - Drone_3 - WARNING - Drone 3: Cannot goto - invalid flight mode
2026-02-12 10:10:19,080 - Drone_3 - WARNING - Drone 3: Cannot goto - invalid flight mode
2026-02-12 10:10:20,081 - Drone_3 - WARNING - Drone 3: Cannot goto - invalid flight mode
2026-02-12 10:10:21,083 - Drone_3 - WARNING - Drone 3: Cannot goto - invalid flight mode
2026-02-12 10:10:22,084 - Drone_3 - WARNING - Drone 3: Cannot goto - invalid flight mode
2026-02-12 10:10:23,072 - Drone_3 - INFO - Drone 3: Personal ML system initialized
2026-02-12 10:10:23,072 - Drone_3 - INFO - Drone 3 initialized at {'x': 0, 'y': 0, 'z': 0}
2026-02-12 10:10:23,073 - Drone_3 - INFO - Drone 3 started
2026-02-12 10:10:23,077 - Drone_3 - INFO - Drone 3: Armed
2026-02-12 10:10:23,077 - Drone_3 - INFO - Drone 3: Flying to {'x': -24.0, 'y': 0, 'z': 0.0}
2026-02-12 10:10:23,077 - Drone_3 - INFO - Drone 3: Flying to {'x': -12.0, 'y': -12.0, 'z': 0.0}
2026-02-12 10:10:23,078 - Drone_3 - INFO - Drone 3: Flying to {'x': 1.102182119232618e-15, 'y': 18.0, 'z': 0.0}
2026-02-12 10:10:23,078 - Drone_3 - INFO - Drone 3: Flying to {'x': -12.0, 'y': 6.0, 'z': 0.0}
2026-02-12 10:10:23,174 - Drone_3 - INFO - Drone 3 stopped
2026-02-12 10:10:24,093 - Drone_3 - INFO - Drone 3: Role changed from follower to follower
2026-02-12 10:10:24,113 - Drone_3 - WARNING - Drone 3: Cannot goto - invalid flight mode
2026-02-12 10:10:25,115 - Drone_3 - WARNING - Drone 3: Cannot goto - invalid flight mode
2026-02-12 10:10:26,117 - Drone_3 - WARNING - Drone 3: Cannot goto - invalid flight mode
2026-02-12 10:10:27,119 - Drone_3 - WARNING - Drone 3: Cannot goto - invalid flight mode
2026-02-12 10:10:28,120 - Drone_3 - WARNING - Drone 3: Cannot goto - invalid flight mode
2026-02-12 10:10:29,122 - Drone_3 - WARNING - Drone 3: Cannot goto - invalid flight mode
2026-02-12 10:10:30,124 - Drone_3 - WARNING - Drone 3: Cannot goto - invalid flight mode
2026-02-12 10:10:31,126 - Drone_3 - WARNING - Drone 3: Cannot goto - invalid flight mode
2026-02-12 10:10:32,128 - Drone_3 - WARNING - Drone 3: Cannot goto - invalid flight mode
2026-02-12 10:10:33,130 - Drone_3 - WARNING - Drone 3: Cannot goto - invalid flight mode
2026-02-12 10:10:34,131 - Drone_3 - WARNING - Drone 3: Cannot goto - invalid flight mode
2026-02-12 10:10:35,133 - Drone_3 - WARNING - Drone 3: Cannot goto - invalid flight mode
2026-02-12 10:10:36,135 - Drone_3 - WARNING - Drone 3: Cannot goto - invalid flight mode
2026-02-12 10:10:37,136 - Drone_3 - WARNING - Drone 3: Cannot goto - invalid flight mode
2026-02-12 10:10:38,137 - Drone_3 - WARNING - Drone 3: Cannot goto - invalid flight mode
2026-02-12 10:10:39,139 - Drone_3 - WARNING - Drone 3: Cannot goto - invalid flight mode
2026-02-12 10:10:40,142 - Drone_3 - WARNING - Drone 3: Cannot goto - invalid flight mode
2026-02-12 10:10:41,144 - Drone_3 - WARNING - Drone 3: Cannot goto - invalid flight mode
2026-02-12 10:10:42,148 - Drone_3 - WARNING - Drone 3: Cannot goto - invalid flight mode
2026-02-12 10:10:43,150 - Drone_3 - WARNING - Drone 3: Cannot goto - invalid flight mode
2026-02-12 10:10:44,151 - Drone_3 - WARNING - Drone 3: Cannot goto - invalid flight mode
2026-02-12 10:10:45,152 - Drone_3 - WARNING - Drone 3: Cannot goto - invalid flight mode
2026-02-12 10:10:46,154 - Drone_3 - WARNING - Drone 3: Cannot goto - invalid flight mode
2026-02-12 10:10:47,155 - Drone_3 - WARNING - Drone 3: Cannot goto - invalid flight mode
2026-02-12 10:10:48,157 - Drone_3 - WARNING - Drone 3: Cannot goto - invalid flight mode
2026-02-12 10:10:49,158 - Drone_3 - WARNING - Drone 3: Cannot goto - invalid flight mode
2026-02-12 10:10:50,160 - Drone_3 - WARNING - Drone 3: Cannot goto - invalid flight mode
2026-02-12 10:10:51,162 - Drone_3 - WARNING - Drone 3: Cannot goto - invalid flight mode
2026-02-12 10:10:52,164 - Drone_3 - WARNING - Drone 3: Cannot goto - invalid flight mode
2026-02-12 10:10:53,167 - Drone_3 - WARNING - Drone 3: Cannot goto - invalid flight mode
2026-02-12 10:10:54,170 - Drone_3 - WARNING - Drone 3: Cannot goto - invalid flight mode
2026-02-12 10:10:55,173 - Drone_3 - WARNING - Drone 3: Cannot goto - invalid flight mode
2026-02-12 10:10:56,175 - Drone_3 - WARNING - Drone 3: Cannot goto - invalid flight mode
2026-02-12 10:10:57,179 - Drone_3 - WARNING - Drone 3: Cannot goto - invalid flight mode
2026-02-12 10:10:58,181 - Drone_3 - WARNING - Drone 3: Cannot goto - invalid flight mode
2026-02-12 10:10:59,182 - Drone_3 - WARNING - Drone 3: Cannot goto - invalid flight mode
2026-02-12 10:11:00,184 - Drone_3 - WARNING - Drone 3: Cannot goto - invalid flight mode
2026-02-12 10:11:01,186 - Drone_3 - WARNING - Drone 3: Cannot goto - invalid flight mode
2026-02-12 10:11:02,187 - Drone_3 - WARNING - Drone 3: Cannot goto - invalid flight mode
2026-02-12 10:11:03,189 - Drone_3 - WARNING - Drone 3: Cannot goto - invalid flight mode
2026-02-12 10:11:04,192 - Drone_3 - WARNING - Drone 3: Cannot goto - invalid flight mode
2026-02-12 10:11:05,193 - Drone_3 - WARNING - Drone 3: Cannot goto - invalid flight mode
2026-02-12 10:11:06,195 - Drone_3 - WARNING - Drone 3: Cannot goto - invalid flight mode
2026-02-12 10:11:07,197 - Drone_3 - WARNING - Drone 3: Cannot goto - invalid flight mode
2026-02-12 10:11:08,200 - Drone_3 - WARNING - Drone 3: Cannot goto - invalid flight mode
2026-02-12 10:11:09,203 - Drone_3 - WARNING - Drone 3: Cannot goto - invalid flight mode
2026-02-12 10:11:10,204 - Drone_3 - WARNING - Drone 3: Cannot goto - invalid flight mode
2026-02-12 10:11:11,205 - Drone_3 - WARNING - Drone 3: Cannot goto - invalid flight mode
2026-02-12 10:11:12,206 - Drone_3 - WARNING - Drone 3: Cannot goto - invalid flight mode
2026-02-12 10:11:13,207 - Drone_3 - WARNING - Drone 3: Cannot goto - invalid flight mode
2026-02-12 10:11:14,208 - Drone_3 - WARNING - Drone 3: Cannot goto - invalid flight mode
2026-02-12 10:11:15,209 - Drone_3 - WARNING - Drone 3: Cannot goto - invalid flight mode
2026-02-12 10:11:16,210 - Drone_3 - WARNING - Drone 3: Cannot goto - invalid flight mode
2026-02-12 10:11:17,213 - Drone_3 - WARNING - Drone 3: Cannot goto - invalid flight mode
2026-02-12 10:11:18,215 - Drone_3 - WARNING - Drone 3: Cannot goto - invalid flight mode
2026-02-12 10:11:19,217 - Drone_3 - WARNING - Drone 3: Cannot goto - invalid flight mode
2026-02-12 10:11:20,219 - Drone_3 - WARNING - Drone 3: Cannot goto - invalid flight mode
2026-02-12 10:11:21,220 - Drone_3 - WARNING - Drone 3: Cannot goto - invalid flight mode
2026-02-12 10:11:22,222 - Drone_3 - WARNING - Drone 3: Cannot goto - invalid flight mode
2026-02-12 10:11:23,225 - Drone_3 - WARNING - Drone 3: Cannot goto - invalid flight mode
2026-02-12 10:11:24,228 - Drone_3 - WARNING - Drone 3: Cannot goto - invalid flight mode
2026-02-12 10:11:25,231 - Drone_3 - WARNING - Drone 3: Cannot goto - invalid flight mode
2026-02-12 10:11:26,233 - Drone_3 - WARNING - Drone 3: Cannot goto - invalid flight mode
2026-02-12 10:11:27,235 - Drone_3 - WARNING - Drone 3: Cannot goto - invalid flight mode
2026-02-12 10:11:28,236 - Drone_3 - WARNING - Drone 3: Cannot goto - invalid flight mode
2026-02-12 10:11:29,238 - Drone_3 - WARNING - Drone 3: Cannot goto - invalid flight mode
2026-02-12 10:11:30,241 - Drone_3 - WARNING - Drone 3: Cannot goto - invalid flight mode
2026-02-12 10:11:31,243 - Drone_3 - WARNING - Drone 3: Cannot goto - invalid flight mode
2026-02-12 10:11:32,246 - Drone_3 - WARNING - Drone 3: Cannot goto - invalid flight mode
2026-02-12 10:11:33,248 - Drone_3 - WARNING - Drone 3: Cannot goto - invalid flight mode
2026-02-12 10:11:34,249 - Drone_3 - WARNING - Drone 3: Cannot goto - invalid flight mode
2026-02-12 10:11:35,251 - Drone_3 - WARNING - Drone 3: Cannot goto - invalid flight mode
2026-02-12 10:11:36,254 - Drone_3 - WARNING - Drone 3: Cannot goto - invalid flight mode
2026-02-12 10:11:37,257 - Drone_3 - WARNING - Drone 3: Cannot goto - invalid flight mode
2026-02-12 10:11:38,260 - Drone_3 - WARNING - Drone 3: Cannot goto - invalid flight mode
2026-02-12 10:11:39,262 - Drone_3 - WARNING - Drone 3: Cannot goto - invalid flight mode
2026-02-12 10:11:40,264 - Drone_3 - WARNING - Drone 3: Cannot goto - invalid flight mode
2026-02-12 10:11:41,265 - Drone_3 - WARNING - Drone 3: Cannot goto - invalid flight mode
2026-02-12 10:11:42,268 - Drone_3 - WARNING - Drone 3: Cannot goto - invalid flight mode
2026-02-12 10:11:43,270 - Drone_3 - WARNING - Drone 3: Cannot goto - invalid flight mode
2026-02-12 10:11:44,273 - Drone_3 - WARNING - Drone 3: Cannot goto - invalid flight mode
2026-02-12 10:11:45,276 - Drone_3 - WARNING - Drone 3: Cannot goto - invalid flight mode
2026-02-12 10:11:46,279 - Drone_3 - WARNING - Drone 3: Cannot goto - invalid flight mode
2026-02-12 10:11:47,281 - Drone_3 - WARNING - Drone 3: Cannot goto - invalid flight mode
2026-02-12 10:11:48,282 - Drone_3 - WARNING - Drone 3: Cannot goto - invalid flight mode
2026-02-12 10:11:49,283 - Drone_3 - WARNING - Drone 3: Cannot goto - invalid flight mode
2026-02-12 10:11:50,285 - Drone_3 - WARNING - Drone 3: Cannot goto - invalid flight mode
2026-02-12 10:11:51,289 - Drone_3 - WARNING - Drone 3: Cannot goto - invalid flight mode
2026-02-12 10:11:52,293 - Drone_3 - WARNING - Drone 3: Cannot goto - invalid flight mode
2026-02-12 10:11:53,295 - Drone_3 - WARNING - Drone 3: Cannot goto - invalid flight mode
2026-02-12 10:11:54,297 - Drone_3 - WARNING - Drone 3: Cannot goto - invalid flight mode
2026-02-12 10:11:55,298 - Drone_3 - WARNING - Drone 3: Cannot goto - invalid flight mode
2026-02-12 10:11:56,299 - Drone_3 - WARNING - Drone 3: Cannot goto - invalid flight mode
2026-02-12 10:11:57,301 - Drone_3 - WARNING - Drone 3: Cannot goto - invalid flight mode
2026-02-12 10:11:58,304 - Drone_3 - WARNING - Drone 3: Cannot goto - invalid flight mode
2026-02-12 10:11:59,306 - Drone_3 - WARNING - Drone 3: Cannot goto - invalid flight mode
2026-02-12 10:12:00,308 - Drone_3 - WARNING - Drone 3: Cannot goto - invalid flight mode
2026-02-12 10:12:01,309 - Drone_3 - WARNING - Drone 3: Cannot goto - invalid flight mode
2026-02-12 10:12:02,311 - Drone_3 - WARNING - Drone 3: Cannot goto - invalid flight mode
2026-02-12 10:12:03,313 - Drone_3 - WARNING - Drone 3: Cannot goto - invalid flight mode
2026-02-12 10:12:04,315 - Drone_3 - WARNING - Drone 3: Cannot goto - invalid flight mode
2026-02-12 10:12:05,317 - Drone_3 - WARNING - Drone 3: Cannot goto - invalid flight mode
2026-02-12 10:12:06,320 - Drone_3 - WARNING - Drone 3: Cannot goto - invalid flight mode
2026-02-12 10:12:07,323 - Drone_3 - WARNING - Drone 3: Cannot goto - invalid flight mode
2026-02-12 10:12:08,325 - Drone_3 - WARNING - Drone 3: Cannot goto - invalid flight mode
2026-02-12 10:12:09,326 - Drone_3 - WARNING - Drone 3: Cannot goto - invalid flight mode
2026-02-12 10:12:10,328 - Drone_3 - WARNING - Drone 3: Cannot goto - invalid flight mode
2026-02-12 10:12:11,330 - Drone_3 - WARNING - Drone 3: Cannot goto - invalid flight mode
2026-02-12 10:12:12,333 - Drone_3 - WARNING - Drone 3: Cannot goto - invalid flight mode
2026-02-12 10:12:13,511 - Drone_3 - INFO - Drone 3 stopped
2026-02-12 10:12:16,378 - Drone_3 - INFO - Drone 3: Personal ML system initialized
2026-02-12 10:12:16,378 - Drone_3 - INFO - Drone 3 initialized at {'x': -1400, 'y': -500, 'z': 0}
2026-02-12 10:12:16,378 - Drone_3 - INFO - Drone 3 started
2026-02-12 10:12:20,488 - Drone_3 - INFO - Drone 3: Armed
2026-02-12 10:12:20,488 - Drone_3 - INFO - Drone 3: Flying to {'x': 1.102182119232618e-15, 'y': 18.0, 'z': 0.0}
2026-02-12 10:12:25,513 - Drone_3 - INFO - Drone 3: Flying to {'x': -12.0, 'y': -12.0, 'z': 0.0}
2026-02-12 10:12:35,557 - Drone_3 - INFO - Drone 3: Flying to {'x': -24.0, 'y': 0, 'z': 0.0}
2026-02-12 10:12:47,501 - Drone_3 - INFO - Drone 3 stopped
2026-02-12 12:10:55,098 - Drone_3 - INFO - Drone 3: bootstrap personal trainer loaded 300 rows from datasets/personal_training.csv
2026-02-12 12:10:55,099 - Drone_3 - INFO - Drone 3: Personal ML system initialized
2026-02-12 12:10:55,099 - Drone_3 - INFO - Drone 3 initialized at {'x': -1400, 'y': -500, 'z': 0}
2026-02-12 12:10:55,100 - Drone_3 - INFO - Drone 3 started
2026-02-12 12:11:02,735 - Drone_3 - INFO - Drone 3: Armed
2026-02-12 12:11:05,114 - Drone_3 - INFO - Drone 3: Taking off
2026-02-12 12:11:06,130 - Drone_3 - WARNING - Drone 3: Cannot goto - invalid flight mode
2026-02-12 12:11:07,134 - Drone_3 - WARNING - Drone 3: Cannot goto - invalid flight mode
2026-02-12 12:11:08,138 - Drone_3 - WARNING - Drone 3: Cannot goto - invalid flight mode
2026-02-12 12:11:09,141 - Drone_3 - WARNING - Drone 3: Cannot goto - invalid flight mode
2026-02-12 12:11:10,143 - Drone_3 - WARNING - Drone 3: Cannot goto - invalid flight mode
2026-02-12 12:11:11,146 - Drone_3 - WARNING - Drone 3: Cannot goto - invalid flight mode
2026-02-12 12:11:12,149 - Drone_3 - WARNING - Drone 3: Cannot goto - invalid flight mode
2026-02-12 12:11:13,152 - Drone_3 - WARNING - Drone 3: Cannot goto - invalid flight mode
2026-02-12 12:11:14,155 - Drone_3 - WARNING - Drone 3: Cannot goto - invalid flight mode
2026-02-12 12:11:15,158 - Drone_3 - WARNING - Drone 3: Cannot goto - invalid flight mode
2026-02-12 12:11:16,163 - Drone_3 - WARNING - Drone 3: Cannot goto - invalid flight mode
2026-02-12 12:11:17,165 - Drone_3 - WARNING - Drone 3: Cannot goto - invalid flight mode
2026-02-12 12:11:18,167 - Drone_3 - WARNING - Drone 3: Cannot goto - invalid flight mode
2026-02-12 12:11:19,170 - Drone_3 - WARNING - Drone 3: Cannot goto - invalid flight mode
2026-02-12 12:11:20,172 - Drone_3 - WARNING - Drone 3: Cannot goto - invalid flight mode
2026-02-12 12:11:21,175 - Drone_3 - WARNING - Drone 3: Cannot goto - invalid flight mode
2026-02-12 12:11:22,179 - Drone_3 - WARNING - Drone 3: Cannot goto - invalid flight mode
2026-02-12 12:11:23,184 - Drone_3 - WARNING - Drone 3: Cannot goto - invalid flight mode
2026-02-12 12:11:24,187 - Drone_3 - WARNING - Drone 3: Cannot goto - invalid flight mode
2026-02-12 12:11:25,190 - Drone_3 - WARNING - Drone 3: Cannot goto - invalid flight mode
2026-02-12 12:11:26,193 - Drone_3 - WARNING - Drone 3: Cannot goto - invalid flight mode
2026-02-12 12:11:27,196 - Drone_3 - WARNING - Drone 3: Cannot goto - invalid flight mode
2026-02-12 12:11:28,199 - Drone_3 - WARNING - Drone 3: Cannot goto - invalid flight mode
2026-02-12 12:11:29,202 - Drone_3 - WARNING - Drone 3: Cannot goto - invalid flight mode
2026-02-12 12:11:30,204 - Drone_3 - WARNING - Drone 3: Cannot goto - invalid flight mode
2026-02-12 12:11:31,207 - Drone_3 - WARNING - Drone 3: Cannot goto - invalid flight mode
2026-02-12 12:11:32,210 - Drone_3 - WARNING - Drone 3: Cannot goto - invalid flight mode
2026-02-12 12:11:33,212 - Drone_3 - WARNING - Drone 3: Cannot goto - invalid flight mode
2026-02-12 12:11:34,216 - Drone_3 - WARNING - Drone 3: Cannot goto - invalid flight mode
2026-02-12 12:11:35,219 - Drone_3 - WARNING - Drone 3: Cannot goto - invalid flight mode
2026-02-12 12:11:36,221 - Drone_3 - WARNING - Drone 3: Cannot goto - invalid flight mode
2026-02-12 12:11:37,224 - Drone_3 - WARNING - Drone 3: Cannot goto - invalid flight mode
2026-02-12 12:11:38,226 - Drone_3 - WARNING - Drone 3: Cannot goto - invalid flight mode
2026-02-12 12:11:39,228 - Drone_3 - WARNING - Drone 3: Cannot goto - invalid flight mode
2026-02-12 12:11:40,229 - Drone_3 - WARNING - Drone 3: Cannot goto - invalid flight mode
2026-02-12 12:11:41,231 - Drone_3 - WARNING - Drone 3: Cannot goto - invalid flight mode
2026-02-12 12:11:42,234 - Drone_3 - WARNING - Drone 3: Cannot goto - invalid flight mode
2026-02-12 12:11:43,237 - Drone_3 - WARNING - Drone 3: Cannot goto - invalid flight mode
2026-02-12 12:11:44,238 - Drone_3 - WARNING - Drone 3: Cannot goto - invalid flight mode
2026-02-12 12:11:45,240 - Drone_3 - WARNING - Drone 3: Cannot goto - invalid flight mode
2026-02-12 12:11:46,242 - Drone_3 - WARNING - Drone 3: Cannot goto - invalid flight mode
2026-02-12 12:11:47,244 - Drone_3 - WARNING - Drone 3: Cannot goto - invalid flight mode
2026-02-12 12:11:48,246 - Drone_3 - WARNING - Drone 3: Cannot goto - invalid flight mode
2026-02-12 12:11:49,249 - Drone_3 - WARNING - Drone 3: Cannot goto - invalid flight mode
2026-02-12 12:11:50,251 - Drone_3 - WARNING - Drone 3: Cannot goto - invalid flight mode
2026-02-12 12:11:51,253 - Drone_3 - WARNING - Drone 3: Cannot goto - invalid flight mode
2026-02-12 12:11:52,255 - Drone_3 - WARNING - Drone 3: Cannot goto - invalid flight mode
2026-02-12 12:11:53,257 - Drone_3 - WARNING - Drone 3: Cannot goto - invalid flight mode
2026-02-12 12:11:54,260 - Drone_3 - WARNING - Drone 3: Cannot goto - invalid flight mode
2026-02-12 12:11:55,264 - Drone_3 - WARNING - Drone 3: Cannot goto - invalid flight mode
2026-02-12 12:11:56,268 - Drone_3 - WARNING - Drone 3: Cannot goto - invalid flight mode
2026-02-12 12:11:57,271 - Drone_3 - WARNING - Drone 3: Cannot goto - invalid flight mode
2026-02-12 12:11:58,273 - Drone_3 - WARNING - Drone 3: Cannot goto - invalid flight mode
2026-02-12 12:11:59,274 - Drone_3 - WARNING - Drone 3: Cannot goto - invalid flight mode
2026-02-12 12:12:00,275 - Drone_3 - WARNING - Drone 3: Cannot goto - invalid flight mode
2026-02-12 12:12:01,276 - Drone_3 - WARNING - Drone 3: Cannot goto - invalid flight mode
2026-02-12 12:12:02,278 - Drone_3 - WARNING - Drone 3: Cannot goto - invalid flight mode
2026-02-12 12:12:03,280 - Drone_3 - WARNING - Drone 3: Cannot goto - invalid flight mode
2026-02-12 12:12:04,282 - Drone_3 - WARNING - Drone 3: Cannot goto - invalid flight mode
2026-02-12 12:12:05,284 - Drone_3 - WARNING - Drone 3: Cannot goto - invalid flight mode
2026-02-12 12:12:06,286 - Drone_3 - WARNING - Drone 3: Cannot goto - invalid flight mode
2026-02-12 12:12:07,288 - Drone_3 - WARNING - Drone 3: Cannot goto - invalid flight mode
2026-02-12 12:12:08,291 - Drone_3 - WARNING - Drone 3: Cannot goto - invalid flight mode
2026-02-12 12:12:09,294 - Drone_3 - WARNING - Drone 3: Cannot goto - invalid flight mode
2026-02-12 12:12:10,296 - Drone_3 - WARNING - Drone 3: Cannot goto - invalid flight mode
2026-02-12 12:12:11,298 - Drone_3 - WARNING - Drone 3: Cannot goto - invalid flight mode
2026-02-12 12:12:12,300 - Drone_3 - WARNING - Drone 3: Cannot goto - invalid flight mode
2026-02-12 12:12:13,302 - Drone_3 - WARNING - Drone 3: Cannot goto - invalid flight mode
2026-02-12 12:12:14,304 - Drone_3 - WARNING - Drone 3: Cannot goto - invalid flight mode
2026-02-12 12:12:15,305 - Drone_3 - WARNING - Drone 3: Cannot goto - invalid flight mode
2026-02-12 12:12:16,307 - Drone_3 - WARNING - Drone 3: Cannot goto - invalid flight mode
2026-02-12 12:12:17,309 - Drone_3 - WARNING - Drone 3: Cannot goto - invalid flight mode
2026-02-12 12:12:18,311 - Drone_3 - WARNING - Drone 3: Cannot goto - invalid flight mode
2026-02-12 12:12:19,314 - Drone_3 - WARNING - Drone 3: Cannot goto - invalid flight mode
2026-02-12 12:12:20,316 - Drone_3 - WARNING - Drone 3: Cannot goto - invalid flight mode
2026-02-12 12:12:21,317 - Drone_3 - WARNING - Drone 3: Cannot goto - invalid flight mode
2026-02-12 12:12:22,319 - Drone_3 - WARNING - Drone 3: Cannot goto - invalid flight mode
2026-02-12 12:12:23,320 - Drone_3 - WARNING - Drone 3: Cannot goto - invalid flight mode
2026-02-12 12:12:24,322 - Drone_3 - WARNING - Drone 3: Cannot goto - invalid flight mode
2026-02-12 12:12:25,323 - Drone_3 - WARNING - Drone 3: Cannot goto - invalid flight mode
2026-02-12 12:12:26,325 - Drone_3 - WARNING - Drone 3: Cannot goto - invalid flight mode
2026-02-12 12:12:27,327 - Drone_3 - WARNING - Drone 3: Cannot goto - invalid flight mode
2026-02-12 12:12:28,330 - Drone_3 - WARNING - Drone 3: Cannot goto - invalid flight mode
2026-02-12 12:12:29,332 - Drone_3 - WARNING - Drone 3: Cannot goto - invalid flight mode
2026-02-12 12:12:30,335 - Drone_3 - WARNING - Drone 3: Cannot goto - invalid flight mode
2026-02-12 12:12:31,337 - Drone_3 - WARNING - Drone 3: Cannot goto - invalid flight mode
2026-02-12 12:12:32,340 - Drone_3 - WARNING - Drone 3: Cannot goto - invalid flight mode
2026-02-12 12:12:33,342 - Drone_3 - WARNING - Drone 3: Cannot goto - invalid flight mode
2026-02-12 12:12:34,344 - Drone_3 - WARNING - Drone 3: Cannot goto - invalid flight mode
2026-02-12 12:12:35,345 - Drone_3 - WARNING - Drone 3: Cannot goto - invalid flight mode
2026-02-12 12:12:36,347 - Drone_3 - WARNING - Drone 3: Cannot goto - invalid flight mode
2026-02-12 12:12:37,348 - Drone_3 - WARNING - Drone 3: Cannot goto - invalid flight mode
2026-02-12 12:12:38,350 - Drone_3 - WARNING - Drone 3: Cannot goto - invalid flight mode
2026-02-12 12:12:39,352 - Drone_3 - WARNING - Drone 3: Cannot goto - invalid flight mode
2026-02-12 12:12:40,354 - Drone_3 - WARNING - Drone 3: Cannot goto - invalid flight mode
2026-02-12 12:12:41,355 - Drone_3 - WARNING - Drone 3: Cannot goto - invalid flight mode
2026-02-12 12:12:42,357 - Drone_3 - WARNING - Drone 3: Cannot goto - invalid flight mode
2026-02-12 12:12:43,359 - Drone_3 - WARNING - Drone 3: Cannot goto - invalid flight mode
2026-02-12 12:12:44,360 - Drone_3 - WARNING - Drone 3: Cannot goto - invalid flight mode
2026-02-12 12:12:45,362 - Drone_3 - WARNING - Drone 3: Cannot goto - invalid flight mode
2026-02-12 12:12:46,364 - Drone_3 - WARNING - Drone 3: Cannot goto - invalid flight mode
2026-02-12 12:12:47,366 - Drone_3 - WARNING - Drone 3: Cannot goto - invalid flight mode
2026-02-12 12:12:48,369 - Drone_3 - WARNING - Drone 3: Cannot goto - invalid flight mode
2026-02-12 12:12:49,372 - Drone_3 - WARNING - Drone 3: Cannot goto - invalid flight mode
2026-02-12 12:12:50,373 - Drone_3 - WARNING - Drone 3: Cannot goto - invalid flight mode
2026-02-12 12:12:51,374 - Drone_3 - WARNING - Drone 3: Cannot goto - invalid flight mode
2026-02-12 12:12:52,375 - Drone_3 - WARNING - Drone 3: Cannot goto - invalid flight mode
2026-02-12 12:12:53,376 - Drone_3 - WARNING - Drone 3: Cannot goto - invalid flight mode
2026-02-12 12:12:54,377 - Drone_3 - WARNING - Drone 3: Cannot goto - invalid flight mode
2026-02-12 12:12:55,379 - Drone_3 - WARNING - Drone 3: Cannot goto - invalid flight mode
2026-02-12 12:12:56,381 - Drone_3 - WARNING - Drone 3: Cannot goto - invalid flight mode
2026-02-12 12:12:57,384 - Drone_3 - WARNING - Drone 3: Cannot goto - invalid flight mode
2026-02-12 12:12:58,386 - Drone_3 - WARNING - Drone 3: Cannot goto - invalid flight mode
2026-02-12 12:12:59,388 - Drone_3 - WARNING - Drone 3: Cannot goto - invalid flight mode
2026-02-12 12:13:00,392 - Drone_3 - WARNING - Drone 3: Cannot goto - invalid flight mode
2026-02-12 12:13:01,394 - Drone_3 - WARNING - Drone 3: Cannot goto - invalid flight mode
2026-02-12 12:13:02,395 - Drone_3 - WARNING - Drone 3: Cannot goto - invalid flight mode
2026-02-12 12:13:03,396 - Drone_3 - WARNING - Drone 3: Cannot goto - invalid flight mode
2026-02-12 12:13:04,397 - Drone_3 - WARNING - Drone 3: Cannot goto - invalid flight mode
2026-02-12 12:13:05,399 - Drone_3 - WARNING - Drone 3: Cannot goto - invalid flight mode
2026-02-12 12:13:06,400 - Drone_3 - WARNING - Drone 3: Cannot goto - invalid flight mode
2026-02-12 12:13:07,401 - Drone_3 - WARNING - Drone 3: Cannot goto - invalid flight mode
2026-02-12 12:13:08,403 - Drone_3 - WARNING - Drone 3: Cannot goto - invalid flight mode
2026-02-12 12:13:09,405 - Drone_3 - WARNING - Drone 3: Cannot goto - invalid flight mode
2026-02-12 12:13:10,408 - Drone_3 - WARNING - Drone 3: Cannot goto - invalid flight mode
2026-02-12 12:13:11,413 - Drone_3 - WARNING - Drone 3: Cannot goto - invalid flight mode
2026-02-12 12:13:12,415 - Drone_3 - WARNING - Drone 3: Cannot goto - invalid flight mode
2026-02-12 12:13:13,417 - Drone_3 - WARNING - Drone 3: Cannot goto - invalid flight mode
2026-02-12 12:13:14,418 - Drone_3 - WARNING - Drone 3: Cannot goto - invalid flight mode
2026-02-12 12:13:15,420 - Drone_3 - WARNING - Drone 3: Cannot goto - invalid flight mode
2026-02-12 12:13:16,422 - Drone_3 - WARNING - Drone 3: Cannot goto - invalid flight mode
2026-02-12 12:13:17,425 - Drone_3 - WARNING - Drone 3: Cannot goto - invalid flight mode
2026-02-12 12:13:18,427 - Drone_3 - WARNING - Drone 3: Cannot goto - invalid flight mode
2026-02-12 12:13:19,429 - Drone_3 - WARNING - Drone 3: Cannot goto - invalid flight mode
2026-02-12 12:13:20,432 - Drone_3 - WARNING - Drone 3: Cannot goto - invalid flight mode
2026-02-12 12:13:21,435 - Drone_3 - WARNING - Drone 3: Cannot goto - invalid flight mode
2026-02-12 12:13:22,436 - Drone_3 - WARNING - Drone 3: Cannot goto - invalid flight mode
2026-02-12 12:13:23,438 - Drone_3 - WARNING - Drone 3: Cannot goto - invalid flight mode
2026-02-12 12:13:24,439 - Drone_3 - WARNING - Drone 3: Cannot goto - invalid flight mode
2026-02-12 12:13:25,442 - Drone_3 - WARNING - Drone 3: Cannot goto - invalid flight mode
2026-02-12 12:13:26,444 - Drone_3 - WARNING - Drone 3: Cannot goto - invalid flight mode
2026-02-12 12:13:27,445 - Drone_3 - WARNING - Drone 3: Cannot goto - invalid flight mode
2026-02-12 12:13:28,446 - Drone_3 - WARNING - Drone 3: Cannot goto - invalid flight mode
2026-02-12 12:13:29,448 - Drone_3 - WARNING - Drone 3: Cannot goto - invalid flight mode
2026-02-12 12:13:30,450 - Drone_3 - WARNING - Drone 3: Cannot goto - invalid flight mode
2026-02-12 12:13:31,451 - Drone_3 - WARNING - Drone 3: Cannot goto - invalid flight mode
2026-02-12 12:13:32,454 - Drone_3 - WARNING - Drone 3: Cannot goto - invalid flight mode
2026-02-12 12:13:33,457 - Drone_3 - WARNING - Drone 3: Cannot goto - invalid flight mode
2026-02-12 12:13:34,459 - Drone_3 - WARNING - Drone 3: Cannot goto - invalid flight mode
2026-02-12 12:13:35,462 - Drone_3 - WARNING - Drone 3: Cannot goto - invalid flight mode
2026-02-12 12:13:36,464 - Drone_3 - WARNING - Drone 3: Cannot goto - invalid flight mode
2026-02-12 12:13:37,467 - Drone_3 - WARNING - Drone 3: Cannot goto - invalid flight mode
2026-02-12 12:13:38,470 - Drone_3 - WARNING - Drone 3: Cannot goto - invalid flight mode
2026-02-12 12:13:39,475 - Drone_3 - WARNING - Drone 3: Cannot goto - invalid flight mode
2026-02-12 12:13:40,479 - Drone_3 - WARNING - Drone 3: Cannot goto - invalid flight mode
2026-02-12 12:13:41,482 - Drone_3 - WARNING - Drone 3: Cannot goto - invalid flight mode
2026-02-12 12:13:42,484 - Drone_3 - WARNING - Drone 3: Cannot goto - invalid flight mode
2026-02-12 12:13:43,487 - Drone_3 - WARNING - Drone 3: Cannot goto - invalid flight mode
2026-02-12 12:13:44,490 - Drone_3 - WARNING - Drone 3: Cannot goto - invalid flight mode
2026-02-12 12:13:45,496 - Drone_3 - WARNING - Drone 3: Cannot goto - invalid flight mode
2026-02-12 12:13:46,500 - Drone_3 - WARNING - Drone 3: Cannot goto - invalid flight mode
2026-02-12 12:13:47,504 - Drone_3 - WARNING - Drone 3: Cannot goto - invalid flight mode
2026-02-12 12:13:48,511 - Drone_3 - WARNING - Drone 3: Cannot goto - invalid flight mode
2026-02-12 12:13:49,514 - Drone_3 - WARNING - Drone 3: Cannot goto - invalid flight mode
2026-02-12 12:13:50,517 - Drone_3 - WARNING - Drone 3: Cannot goto - invalid flight mode
2026-02-12 12:13:51,520 - Drone_3 - WARNING - Drone 3: Cannot goto - invalid flight mode
2026-02-12 12:13:52,523 - Drone_3 - WARNING - Drone 3: Cannot goto - invalid flight mode
2026-02-12 12:13:53,525 - Drone_3 - WARNING - Drone 3: Cannot goto - invalid flight mode
2026-02-12 12:13:54,526 - Drone_3 - WARNING - Drone 3: Cannot goto - invalid flight mode
2026-02-12 12:13:55,529 - Drone_3 - WARNING - Drone 3: Cannot goto - invalid flight mode
2026-02-12 12:13:56,535 - Drone_3 - WARNING - Drone 3: Cannot goto - invalid flight mode
2026-02-12 12:13:57,538 - Drone_3 - WARNING - Drone 3: Cannot goto - invalid flight mode
2026-02-12 12:13:58,539 - Drone_3 - WARNING - Drone 3: Cannot goto - invalid flight mode
2026-02-12 12:13:59,547 - Drone_3 - WARNING - Drone 3: Cannot goto - invalid flight mode
2026-02-12 12:14:00,549 - Drone_3 - WARNING - Drone 3: Cannot goto - invalid flight mode
2026-02-12 12:14:01,553 - Drone_3 - WARNING - Drone 3: Cannot goto - invalid flight mode
2026-02-12 12:14:02,556 - Drone_3 - WARNING - Drone 3: Cannot goto - invalid flight mode
2026-02-12 12:14:03,559 - Drone_3 - WARNING - Drone 3: Cannot goto - invalid flight mode
2026-02-12 12:14:04,562 - Drone_3 - WARNING - Drone 3: Cannot goto - invalid flight mode
2026-02-12 12:14:05,564 - Drone_3 - WARNING - Drone 3: Cannot goto - invalid flight mode
2026-02-12 12:14:06,567 - Drone_3 - WARNING - Drone 3: Cannot goto - invalid flight mode
2026-02-12 12:14:07,571 - Drone_3 - WARNING - Drone 3: Cannot goto - invalid flight mode
2026-02-12 12:14:08,573 - Drone_3 - WARNING - Drone 3: Cannot goto - invalid flight mode
2026-02-12 12:14:09,575 - Drone_3 - WARNING - Drone 3: Cannot goto - invalid flight mode
2026-02-12 12:14:10,577 - Drone_3 - WARNING - Drone 3: Cannot goto - invalid flight mode
2026-02-12 12:14:11,579 - Drone_3 - WARNING - Drone 3: Cannot goto - invalid flight mode
2026-02-12 12:14:12,580 - Drone_3 - WARNING - Drone 3: Cannot goto - invalid flight mode
2026-02-12 12:14:13,582 - Drone_3 - WARNING - Drone 3: Cannot goto - invalid flight mode
2026-02-12 12:14:14,583 - Drone_3 - WARNING - Drone 3: Cannot goto - invalid flight mode
2026-02-12 12:14:15,585 - Drone_3 - WARNING - Drone 3: Cannot goto - invalid flight mode
2026-02-12 12:14:16,586 - Drone_3 - WARNING - Drone 3: Cannot goto - invalid flight mode
2026-02-12 12:14:17,588 - Drone_3 - WARNING - Drone 3: Cannot goto - invalid flight mode
2026-02-12 12:14:18,589 - Drone_3 - WARNING - Drone 3: Cannot goto - invalid flight mode
2026-02-12 12:14:19,590 - Drone_3 - WARNING - Drone 3: Cannot goto - invalid flight mode
2026-02-12 12:14:20,592 - Drone_3 - WARNING - Drone 3: Cannot goto - invalid flight mode
2026-02-12 12:14:21,594 - Drone_3 - WARNING - Drone 3: Cannot goto - invalid flight mode
2026-02-12 12:14:22,595 - Drone_3 - WARNING - Drone 3: Cannot goto - invalid flight mode
2026-02-12 12:14:23,596 - Drone_3 - WARNING - Drone 3: Cannot goto - invalid flight mode
2026-02-12 12:14:24,597 - Drone_3 - WARNING - Drone 3: Cannot goto - invalid flight mode
2026-02-12 12:14:25,599 - Drone_3 - WARNING - Drone 3: Cannot goto - invalid flight mode
2026-02-12 12:14:26,601 - Drone_3 - WARNING - Drone 3: Cannot goto - invalid flight mode
2026-02-12 12:14:27,603 - Drone_3 - WARNING - Drone 3: Cannot goto - invalid flight mode
2026-02-12 12:14:28,606 - Drone_3 - WARNING - Drone 3: Cannot goto - invalid flight mode
2026-02-12 12:14:29,608 - Drone_3 - WARNING - Drone 3: Cannot goto - invalid flight mode
2026-02-12 12:14:30,726 - Drone_3 - INFO - Drone 3 stopped
2026-02-12 12:14:36,924 - Drone_3 - INFO - Drone 3: bootstrap personal trainer loaded 300 rows from datasets/personal_training.csv
2026-02-12 12:14:36,924 - Drone_3 - INFO - Drone 3: Personal ML system initialized
2026-02-12 12:14:36,925 - Drone_3 - INFO - Drone 3 initialized at {'x': -1400, 'y': -500, 'z': 0}
2026-02-12 12:14:36,925 - Drone_3 - INFO - Drone 3 started
2026-02-12 12:14:43,733 - Drone_3 - INFO - Drone 3: Armed
2026-02-12 12:14:45,837 - Drone_3 - INFO - Drone 3: Taking off
2026-02-12 12:23:45,114 - Drone_3 - INFO - Drone 3: Flying to {'x': -1500, 'y': -500, 'z': 1078.5250849723816}
2026-02-12 12:23:45,287 - Drone_3 - INFO - Drone 3: Flying to {'x': 0.0, 'y': 0.0, 'z': 1078.9199595451355}
2026-02-12 12:23:46,288 - Drone_3 - INFO - Drone 3: Flying to {'x': 0.0, 'y': 0.0, 'z': 1080.9306321144104}
2026-02-12 12:23:47,290 - Drone_3 - INFO - Drone 3: Flying to {'x': 0.0, 'y': 0.0, 'z': 1082.945652961731}
2026-02-12 12:23:48,292 - Drone_3 - INFO - Drone 3: Flying to {'x': 0.0, 'y': 0.0, 'z': 1084.9572114944458}
2026-02-12 12:23:49,294 - Drone_3 - INFO - Drone 3: Flying to {'x': 0.0, 'y': 0.0, 'z': 1086.968020439148}
2026-02-12 12:23:50,297 - Drone_3 - INFO - Drone 3: Flying to {'x': 0.0, 'y': 0.0, 'z': 1088.9809212684631}
2026-02-12 12:23:51,299 - Drone_3 - INFO - Drone 3: Flying to {'x': 0.0, 'y': 0.0, 'z': 1090.9931325912476}
2026-02-12 12:23:52,302 - Drone_3 - INFO - Drone 3: Flying to {'x': 0.0, 'y': 0.0, 'z': 1093.0066828727722}
2026-02-12 12:23:53,303 - Drone_3 - INFO - Drone 3: Flying to {'x': 0.0, 'y': 0.0, 'z': 1095.016164302826}
2026-02-12 12:23:54,304 - Drone_3 - INFO - Drone 3: Flying to {'x': 0.0, 'y': 0.0, 'z': 1097.0269227027893}
2026-02-12 12:23:55,306 - Drone_3 - INFO - Drone 3: Flying to {'x': 0.0, 'y': 0.0, 'z': 1099.0404224395752}
2026-02-12 12:23:56,308 - Drone_3 - INFO - Drone 3: Flying to {'x': 0.0, 'y': 0.0, 'z': 1101.0509405136108}
2026-02-12 12:23:57,311 - Drone_3 - INFO - Drone 3: Flying to {'x': 0.0, 'y': 0.0, 'z': 1103.0659584999084}
2026-02-12 12:23:58,312 - Drone_3 - INFO - Drone 3: Flying to {'x': 0.0, 'y': 0.0, 'z': 1105.076805114746}
2026-02-12 12:23:59,314 - Drone_3 - INFO - Drone 3: Flying to {'x': 0.0, 'y': 0.0, 'z': 1107.0879368782043}
2026-02-12 12:24:00,315 - Drone_3 - INFO - Drone 3: Flying to {'x': 0.0, 'y': 0.0, 'z': 1109.0995302200317}
2026-02-12 12:24:01,316 - Drone_3 - INFO - Drone 3: Flying to {'x': 0.0, 'y': 0.0, 'z': 1110.9103980064392}
2026-02-12 12:24:02,317 - Drone_3 - INFO - Drone 3: Flying to {'x': 0.0, 'y': 0.0, 'z': 1113.0524497032166}
2026-02-12 12:24:03,319 - Drone_3 - INFO - Drone 3: Flying to {'x': 0.0, 'y': 0.0, 'z': 1115.0630645751953}
2026-02-12 12:24:04,321 - Drone_3 - INFO - Drone 3: Flying to {'x': 0.0, 'y': 0.0, 'z': 1117.0733375549316}
2026-02-12 12:24:05,322 - Drone_3 - INFO - Drone 3: Flying to {'x': 0.0, 'y': 0.0, 'z': 1119.0847525596619}
2026-02-12 12:24:06,324 - Drone_3 - INFO - Drone 3: Flying to {'x': 0.0, 'y': 0.0, 'z': 1121.095510482788}
2026-02-12 12:24:07,325 - Drone_3 - INFO - Drone 3: Flying to {'x': 0.0, 'y': 0.0, 'z': 1123.1065034866333}
2026-02-12 12:24:08,327 - Drone_3 - INFO - Drone 3: Flying to {'x': 0.0, 'y': 0.0, 'z': 1125.1186017990112}
2026-02-12 12:24:09,329 - Drone_3 - INFO - Drone 3: Flying to {'x': 0.0, 'y': 0.0, 'z': 1127.131021976471}
2026-02-12 12:24:10,331 - Drone_3 - INFO - Drone 3: Flying to {'x': 0.0, 'y': 0.0, 'z': 1129.1420617103577}
2026-02-12 12:24:11,333 - Drone_3 - INFO - Drone 3: Flying to {'x': 0.0, 'y': 0.0, 'z': 1131.1545734405518}
2026-02-12 12:24:12,336 - Drone_3 - INFO - Drone 3: Flying to {'x': 0.0, 'y': 0.0, 'z': 1132.9628176689148}
2026-02-12 12:24:13,339 - Drone_3 - INFO - Drone 3: Flying to {'x': 0.0, 'y': 0.0, 'z': 1134.9726481437683}
2026-02-12 12:24:14,343 - Drone_3 - INFO - Drone 3: Flying to {'x': 0.0, 'y': 0.0, 'z': 1136.9852418899536}
2026-02-12 12:24:15,348 - Drone_3 - INFO - Drone 3: Flying to {'x': 0.0, 'y': 0.0, 'z': 1138.9979581832886}
2026-02-12 12:24:16,349 - Drone_3 - INFO - Drone 3: Flying to {'x': 0.0, 'y': 0.0, 'z': 1141.0091547966003}
2026-02-12 12:24:17,351 - Drone_3 - INFO - Drone 3: Flying to {'x': 0.0, 'y': 0.0, 'z': 1143.0185556411743}
2026-02-12 12:24:18,352 - Drone_3 - INFO - Drone 3: Flying to {'x': 0.0, 'y': 0.0, 'z': 1145.028244972229}
2026-02-12 12:24:19,354 - Drone_3 - INFO - Drone 3: Flying to {'x': -12.0, 'y': -29.940469980239868, 'z': 1145.4303011894226}
2026-02-12 12:24:20,356 - Drone_3 - INFO - Drone 3: Flying to {'x': -12.0, 'y': -14.844897508621216, 'z': 1145.4303011894226}
2026-02-12 12:24:21,360 - Drone_3 - INFO - Drone 3: Flying to {'x': -12.0, 'y': 0.24077939987182617, 'z': 1145.4303011894226}
2026-02-12 12:24:22,364 - Drone_3 - INFO - Drone 3: Flying to {'x': -12.0, 'y': 16.335009813308716, 'z': 1145.4303011894226}
2026-02-12 12:24:23,367 - Drone_3 - INFO - Drone 3: Flying to {'x': -12.0, 'y': 31.42146635055542, 'z': 1145.4303011894226}
2026-02-12 12:24:24,368 - Drone_3 - INFO - Drone 3: Flying to {'x': -12.0, 'y': 45.02082395553589, 'z': 1145.4303011894226}
2026-02-12 12:24:25,371 - Drone_3 - INFO - Drone 3: Flying to {'x': -40.62291012711723, 'y': 113.78669880145459, 'z': 1145.4303011894226}
2026-02-12 12:24:26,373 - Drone_3 - INFO - Drone 3: Flying to {'x': -32.99851231189795, 'y': 112.2290935136996, 'z': 1145.4303011894226}
2026-02-12 12:24:27,374 - Drone_3 - INFO - Drone 3: Flying to {'x': -25.370185766368554, 'y': 110.78264075927524, 'z': 1145.4303011894226}
2026-02-12 12:24:28,377 - Drone_3 - INFO - Drone 3: Flying to {'x': -17.741773705992273, 'y': 109.42397516114771, 'z': 1145.4303011894226}
2026-02-12 12:24:29,380 - Drone_3 - INFO - Drone 3: Flying to {'x': -10.125041804264029, 'y': 108.1132049399217, 'z': 1145.4303011894226}
2026-02-12 12:24:30,383 - Drone_3 - INFO - Drone 3: Flying to {'x': -2.501585814212895, 'y': 106.77136031427001, 'z': 1145.4303011894226}
2026-02-12 12:24:31,388 - Drone_3 - INFO - Drone 3: Flying to {'x': 5.155149753918749, 'y': 105.24867655407242, 'z': 1145.4303011894226}
2026-02-12 12:24:32,392 - Drone_3 - INFO - Drone 3: Flying to {'x': 12.914308452616831, 'y': 103.23979002708721, 'z': 1145.4303011894226}
2026-02-12 12:24:33,396 - Drone_3 - INFO - Drone 3: Flying to {'x': 21.16818665101634, 'y': 100.03691281102175, 'z': 1145.4303011894226}
2026-02-12 12:24:34,397 - Drone_3 - INFO - Drone 3: Flying to {'x': 31.577364546680727, 'y': 93.97097653644116, 'z': 1145.4303011894226}
2026-02-12 12:24:35,398 - Drone_3 - INFO - Drone 3: Flying to {'x': 51.844167552767196, 'y': 83.5158270763198, 'z': 1145.4303011894226}
2026-02-12 12:24:36,402 - Drone_3 - INFO - Drone 3: Flying to {'x': 86.89342479633852, 'y': 87.10304125882332, 'z': 1145.4303011894226}
2026-02-12 12:24:37,404 - Drone_3 - INFO - Drone 3: Flying to {'x': 98.58478496921094, 'y': 103.64442575355135, 'z': 1145.4303011894226}
2026-02-12 12:24:38,407 - Drone_3 - INFO - Drone 3: Flying to {'x': 95.90438614340913, 'y': 112.79766386293832, 'z': 1145.4303011894226}
2026-02-12 12:24:39,410 - Drone_3 - INFO - Drone 3: Flying to {'x': 89.90737262172567, 'y': 117.8574042125412, 'z': 1145.4303011894226}
2026-02-12 12:24:40,414 - Drone_3 - INFO - Drone 3: Flying to {'x': 82.95745914085131, 'y': 121.23354406786764, 'z': 1145.4303011894226}
2026-02-12 12:24:41,415 - Drone_3 - INFO - Drone 3: Flying to {'x': 75.63916378974845, 'y': 123.78672205360184, 'z': 1145.4303011894226}
2026-02-12 12:24:42,417 - Drone_3 - INFO - Drone 3: Flying to {'x': 68.45938742596738, 'y': 125.76614775549629, 'z': 1145.4303011894226}
2026-02-12 12:24:43,418 - Drone_3 - INFO - Drone 3: Flying to {'x': 60.86474677990023, 'y': 127.48957571278824, 'z': 1145.4303011894226}
2026-02-12 12:24:44,419 - Drone_3 - INFO - Drone 3: Flying to {'x': 53.207456010363344, 'y': 128.9270886233921, 'z': 1145.4303011894226}
2026-02-12 12:24:45,421 - Drone_3 - INFO - Drone 3: Flying to {'x': 45.495989797504734, 'y': 130.11703879525513, 'z': 1145.4303011894226}
2026-02-12 12:24:46,424 - Drone_3 - INFO - Drone 3: Flying to {'x': 37.748212840071425, 'y': 131.07855134463688, 'z': 1145.4303011894226}
2026-02-12 12:24:47,427 - Drone_3 - INFO - Drone 3: Flying to {'x': 29.972074830026987, 'y': 131.8236642644174, 'z': 1145.4303011894226}
2026-02-12 12:24:48,430 - Drone_3 - INFO - Drone 3: Flying to {'x': 22.189085317954664, 'y': 132.35894620509018, 'z': 1145.4303011894226}
2026-02-12 12:24:49,434 - Drone_3 - INFO - Drone 3: Flying to {'x': 14.386700983604966, 'y': 132.6906682035628, 'z': 1145.4303011894226}
2026-02-12 12:24:50,436 - Drone_3 - INFO - Drone 3: Flying to {'x': 6.587185476290722, 'y': 132.82142346257814, 'z': 1145.4303011894226}
2026-02-12 12:24:51,437 - Drone_3 - INFO - Drone 3: Flying to {'x': -1.2154346996266825, 'y': 132.75370307467134, 'z': 1145.4303011894226}
2026-02-12 12:24:52,439 - Drone_3 - INFO - Drone 3: Flying to {'x': -9.01465466597437, 'y': 132.4886605836252, 'z': 1145.4303011894226}
2026-02-12 12:24:53,442 - Drone_3 - INFO - Drone 3: Flying to {'x': -16.80087218116544, 'y': 132.0272115434084, 'z': 1145.4303011894226}
2026-02-12 12:24:54,445 - Drone_3 - INFO - Drone 3: Flying to {'x': -24.589254914881742, 'y': 131.3677630325508, 'z': 1145.4303011894226}
2026-02-12 12:24:55,448 - Drone_3 - INFO - Drone 3: Flying to {'x': -32.339823110011515, 'y': 130.5131465568917, 'z': 1145.4303011894226}
2026-02-12 12:24:56,453 - Drone_3 - INFO - Drone 3: Flying to {'x': -40.06427106560584, 'y': 129.46156531689041, 'z': 1145.4303011894226}
2026-02-12 12:24:57,454 - Drone_3 - INFO - Drone 3: Flying to {'x': -47.75276399088839, 'y': 128.21294413044805, 'z': 1145.4303011894226}
2026-02-12 12:24:58,455 - Drone_3 - INFO - Drone 3: Flying to {'x': -55.40628071408146, 'y': 126.76511999856608, 'z': 1145.4303011894226}
2026-02-12 12:24:59,457 - Drone_3 - INFO - Drone 3: Flying to {'x': -63.013528349371356, 'y': 125.11773387716822, 'z': 1145.4303011894226}
2026-02-12 12:25:00,459 - Drone_3 - INFO - Drone 3: Flying to {'x': -70.56513517231635, 'y': 123.27018065131172, 'z': 1145.4303011894226}
2026-02-12 12:25:01,461 - Drone_3 - INFO - Drone 3: Flying to {'x': -77.30335940114412, 'y': 121.43659848125404, 'z': 1145.4303011894226}
2026-02-12 12:25:02,464 - Drone_3 - INFO - Drone 3: Flying to {'x': -85.18956521779238, 'y': 119.05764178131668, 'z': 1145.4303011894226}
2026-02-12 12:25:03,467 - Drone_3 - INFO - Drone 3: Flying to {'x': -92.55271167630241, 'y': 116.6027312672637, 'z': 1145.4303011894226}
2026-02-12 12:25:04,470 - Drone_3 - INFO - Drone 3: Flying to {'x': -99.82464353373283, 'y': 113.94249618955871, 'z': 1145.4303011894226}
2026-02-12 12:25:05,471 - Drone_3 - INFO - Drone 3: Flying to {'x': -107.02034869251463, 'y': 111.06549253013385, 'z': 1145.4303011894226}
2026-02-12 12:25:06,473 - Drone_3 - INFO - Drone 3: Flying to {'x': -114.11863686195917, 'y': 107.97295566933542, 'z': 1145.4303011894226}
2026-02-12 12:25:07,475 - Drone_3 - INFO - Drone 3: Flying to {'x': -121.11496833853498, 'y': 104.65887833403302, 'z': 1145.4303011894226}
2026-02-12 12:25:08,478 - Drone_3 - INFO - Drone 3: Flying to {'x': -127.99588505650327, 'y': 101.12033543756512, 'z': 1145.4303011894226}
2026-02-12 12:25:09,481 - Drone_3 - INFO - Drone 3: Flying to {'x': -134.74832079435794, 'y': 97.35351997606503, 'z': 1145.4303011894226}
2026-02-12 12:25:10,482 - Drone_3 - INFO - Drone 3: Flying to {'x': -141.3541969254945, 'y': 93.35667908516251, 'z': 1145.4303011894226}
2026-02-12 12:25:11,486 - Drone_3 - INFO - Drone 3: Flying to {'x': -147.8209351382946, 'y': 89.10980333056186, 'z': 1145.4303011894226}
2026-02-12 12:25:12,487 - Drone_3 - INFO - Drone 3: Flying to {'x': -153.49204807969272, 'y': 85.07831685594512, 'z': 1145.4303011894226}
2026-02-12 12:25:13,489 - Drone_3 - INFO - Drone 3: Flying to {'x': -159.63567583837812, 'y': 80.33937210761324, 'z': 1145.4303011894226}
2026-02-12 12:25:14,493 - Drone_3 - INFO - Drone 3: Flying to {'x': -165.55661410060245, 'y': 75.34556797394119, 'z': 1145.4303011894226}
2026-02-12 12:25:15,496 - Drone_3 - INFO - Drone 3: Flying to {'x': -171.24962698768465, 'y': 70.06997725862088, 'z': 1145.4303011894226}
2026-02-12 12:25:16,405 - Drone_3 - INFO - Drone 3: Reached target position
2026-02-12 12:25:16,499 - Drone_3 - INFO - Drone 3: Flying to {'x': -176.68656766407148, 'y': 64.49704344591679, 'z': 1145.4303011894226}
2026-02-12 12:25:17,009 - Drone_3 - INFO - Drone 3: Reached target position
2026-02-12 12:25:17,502 - Drone_3 - INFO - Drone 3: Flying to {'x': -181.81438512134633, 'y': 58.63233892087564, 'z': 1145.4303011894226}
2026-02-12 12:25:17,814 - Drone_3 - INFO - Drone 3: Reached target position
2026-02-12 12:25:18,505 - Drone_3 - INFO - Drone 3: Flying to {'x': -186.60606660587172, 'y': 52.44576073236985, 'z': 1145.4303011894226}
2026-02-12 12:25:18,821 - Drone_3 - INFO - Drone 3: Reached target position
2026-02-12 12:25:19,508 - Drone_3 - INFO - Drone 3: Flying to {'x': -190.99349523015468, 'y': 45.951834002085356, 'z': 1145.4303011894226}
2026-02-12 12:25:19,827 - Drone_3 - INFO - Drone 3: Reached target position
2026-02-12 12:25:20,511 - Drone_3 - INFO - Drone 3: Flying to {'x': -194.92607026266398, 'y': 39.13863583502687, 'z': 1145.4303011894226}
2026-02-12 12:25:20,835 - Drone_3 - INFO - Drone 3: Reached target position
2026-02-12 12:25:21,513 - Drone_3 - INFO - Drone 3: Flying to {'x': -198.32840298956933, 'y': 32.03680663968785, 'z': 1145.4303011894226}
2026-02-12 12:25:21,941 - Drone_3 - INFO - Drone 3: Reached target position
2026-02-12 12:25:22,516 - Drone_3 - INFO - Drone 3: Flying to {'x': -201.24064921353622, 'y': 24.342436138404377, 'z': 1145.4303011894226}
2026-02-12 12:25:22,998 - Drone_3 - INFO - Drone 3: Reached target position
2026-02-12 12:25:23,519 - Drone_3 - INFO - Drone 3: Flying to {'x': -203.35894536721466, 'y': 16.759316628704624, 'z': 1145.4303011894226}
2026-02-12 12:25:24,004 - Drone_3 - INFO - Drone 3: Reached target position
2026-02-12 12:25:24,521 - Drone_3 - INFO - Drone 3: Flying to {'x': -204.76480899259394, 'y': 9.03426413844181, 'z': 1145.4303011894226}
2026-02-12 12:25:25,010 - Drone_3 - INFO - Drone 3: Reached target position
2026-02-12 12:25:25,523 - Drone_3 - INFO - Drone 3: Flying to {'x': -205.4272964098819, 'y': 1.223641468960876, 'z': 1145.4303011894226}
2026-02-12 12:25:26,119 - Drone_3 - INFO - Drone 3: Reached target position
2026-02-12 12:25:26,524 - Drone_3 - INFO - Drone 3: Flying to {'x': -205.33095956985412, 'y': -6.596379024064861, 'z': 1145.4303011894226}
2026-02-12 12:25:27,124 - Drone_3 - INFO - Drone 3: Reached target position
2026-02-12 12:25:27,526 - Drone_3 - INFO - Drone 3: Flying to {'x': -204.48195942656173, 'y': -14.346339576974284, 'z': 1145.4303011894226}
2026-02-12 12:25:28,030 - Drone_3 - INFO - Drone 3: Reached target position
2026-02-12 12:25:28,528 - Drone_3 - INFO - Drone 3: Flying to {'x': -203.0955140531894, 'y': -21.203113885137405, 'z': 1145.4303011894226}
2026-02-12 12:25:29,036 - Drone_3 - INFO - Drone 3: Reached target position
2026-02-12 12:25:29,531 - Drone_3 - INFO - Drone 3: Flying to {'x': -200.89703316950835, 'y': -28.64666068442589, 'z': 1145.4303011894226}
2026-02-12 12:25:30,042 - Drone_3 - INFO - Drone 3: Reached target position
2026-02-12 12:25:30,534 - Drone_3 - INFO - Drone 3: Flying to {'x': -198.0565198837801, 'y': -35.84982870894981, 'z': 1145.4303011894226}
2026-02-12 12:25:31,150 - Drone_3 - INFO - Drone 3: Reached target position
2026-02-12 12:25:31,535 - Drone_3 - INFO - Drone 3: Flying to {'x': -194.62283132706395, 'y': -42.790685526444676, 'z': 1145.4303011894226}
2026-02-12 12:25:32,055 - Drone_3 - INFO - Drone 3: Reached target position
2026-02-12 12:25:32,537 - Drone_3 - INFO - Drone 3: Flying to {'x': -190.65911176444774, 'y': -49.431369642125276, 'z': 1145.4303011894226}
2026-02-12 12:25:33,165 - Drone_3 - INFO - Drone 3: Reached target position
2026-02-12 12:25:33,539 - Drone_3 - INFO - Drone 3: Flying to {'x': -186.2222103877251, 'y': -55.75777710344988, 'z': 1145.4303011894226}
2026-02-12 12:25:34,171 - Drone_3 - INFO - Drone 3: Reached target position
2026-02-12 12:25:34,540 - Drone_3 - INFO - Drone 3: Flying to {'x': -181.35215553395616, 'y': -61.77891344187039, 'z': 1145.4303011894226}
2026-02-12 12:25:35,175 - Drone_3 - INFO - Drone 3: Reached target position
2026-02-12 12:25:35,541 - Drone_3 - INFO - Drone 3: Flying to {'x': -176.1240242498899, 'y': -67.46225675395594, 'z': 1145.4303011894226}
2026-02-12 12:25:36,179 - Drone_3 - INFO - Drone 3: Reached target position
2026-02-12 12:25:36,542 - Drone_3 - INFO - Drone 3: Flying to {'x': -170.56970478179426, 'y': -72.82715181504254, 'z': 1145.4303011894226}
2026-02-12 12:25:37,183 - Drone_3 - INFO - Drone 3: Reached target position
2026-02-12 12:25:37,543 - Drone_3 - INFO - Drone 3: Flying to {'x': -164.72218401494197, 'y': -77.88461736496741, 'z': 1145.4303011894226}
2026-02-12 12:25:38,187 - Drone_3 - INFO - Drone 3: Reached target position
2026-02-12 12:25:38,544 - Drone_3 - INFO - Drone 3: Flying to {'x': -158.61821159385656, 'y': -82.63913630074286, 'z': 1145.4303011894226}
2026-02-12 12:25:39,193 - Drone_3 - INFO - Drone 3: Reached target position
2026-02-12 12:25:39,546 - Drone_3 - INFO - Drone 3: Flying to {'x': -152.2763189510371, 'y': -87.10634871975088, 'z': 1145.4303011894226}
2026-02-12 12:25:40,198 - Drone_3 - INFO - Drone 3: Reached target position
2026-02-12 12:25:40,547 - Drone_3 - INFO - Drone 3: Flying to {'x': -145.73598008249982, 'y': -91.2845470779125, 'z': 1145.4303011894226}
2026-02-12 12:25:41,204 - Drone_3 - INFO - Drone 3: Reached target position
2026-02-12 12:25:41,549 - Drone_3 - INFO - Drone 3: Flying to {'x': -139.02909382768604, 'y': -95.17772430366489, 'z': 1145.4303011894226}
2026-02-12 12:25:42,268 - Drone_3 - INFO - Drone 3: Reached target position
2026-02-12 12:25:42,551 - Drone_3 - INFO - Drone 3: Flying to {'x': -132.36433135611415, 'y': -98.69790620558238, 'z': 1145.4303011894226}
2026-02-12 12:25:43,175 - Drone_3 - INFO - Drone 3: Reached target position
2026-02-12 12:25:43,553 - Drone_3 - INFO - Drone 3: Flying to {'x': -125.35468913146966, 'y': -102.07161523698349, 'z': 1145.4303011894226}
2026-02-12 12:25:44,182 - Drone_3 - INFO - Drone 3: Reached target position
2026-02-12 12:25:44,557 - Drone_3 - INFO - Drone 3: Flying to {'x': -118.22732905578513, 'y': -105.1867107540157, 'z': 1145.4303011894226}
2026-02-12 12:25:45,189 - Drone_3 - INFO - Drone 3: Reached target position
2026-02-12 12:25:45,560 - Drone_3 - INFO - Drone 3: Flying to {'x': -110.99221467337959, 'y': -108.05225318888493, 'z': 1145.4303011894226}
2026-02-12 12:25:46,195 - Drone_3 - INFO - Drone 3: Reached target position
2026-02-12 12:25:46,564 - Drone_3 - INFO - Drone 3: Flying to {'x': -103.65697157821661, 'y': -110.67632823750513, 'z': 1145.4303011894226}
2026-02-12 12:25:47,200 - Drone_3 - INFO - Drone 3: Reached target position
2026-02-12 12:25:47,568 - Drone_3 - INFO - Drone 3: Flying to {'x': -96.2492028661321, 'y': -113.05933927444197, 'z': 1145.4303011894226}
2026-02-12 12:25:48,206 - Drone_3 - INFO - Drone 3: Reached target position
2026-02-12 12:25:48,573 - Drone_3 - INFO - Drone 3: Flying to {'x': -88.7469528152738, 'y': -115.21637789467795, 'z': 1145.4303011894226}
2026-02-12 12:25:49,213 - Drone_3 - INFO - Drone 3: Reached target position
2026-02-12 12:25:49,577 - Drone_3 - INFO - Drone 3: Flying to {'x': -81.18261877507788, 'y': -117.1447155098836, 'z': 1145.4303011894226}
2026-02-12 12:25:50,219 - Drone_3 - INFO - Drone 3: Reached target position
2026-02-12 12:25:50,580 - Drone_3 - INFO - Drone 3: Flying to {'x': -73.56872520305595, 'y': -118.84803534046338, 'z': 1145.4303011894226}
2026-02-12 12:25:51,327 - Drone_3 - INFO - Drone 3: Reached target position
2026-02-12 12:25:51,583 - Drone_3 - INFO - Drone 3: Flying to {'x': -65.89879939993537, 'y': -120.33322761697946, 'z': 1145.4303011894226}
2026-02-12 12:25:52,233 - Drone_3 - INFO - Drone 3: Reached target position
2026-02-12 12:25:52,587 - Drone_3 - INFO - Drone 3: Flying to {'x': -58.19794395514784, 'y': -121.600278268743, 'z': 1145.4303011894226}
2026-02-12 12:25:53,340 - Drone_3 - INFO - Drone 3: Reached target position
2026-02-12 12:25:53,591 - Drone_3 - INFO - Drone 3: Flying to {'x': -50.46738134981718, 'y': -122.65356842120832, 'z': 1145.4303011894226}
2026-02-12 12:25:54,247 - Drone_3 - INFO - Drone 3: Reached target position
2026-02-12 12:25:54,595 - Drone_3 - INFO - Drone 3: Flying to {'x': -42.69970542431626, 'y': -123.49717604114414, 'z': 1145.4303011894226}
2026-02-12 12:25:55,354 - Drone_3 - INFO - Drone 3: Reached target position
2026-02-12 12:25:55,598 - Drone_3 - INFO - Drone 3: Flying to {'x': -34.92658629991856, 'y': -124.13067232899881, 'z': 1145.4303011894226}
2026-02-12 12:25:56,260 - Drone_3 - INFO - Drone 3: Reached target position
2026-02-12 12:25:56,599 - Drone_3 - INFO - Drone 3: Flying to {'x': -27.139333898168463, 'y': -124.55756066781402, 'z': 1145.4303011894226}
2026-02-12 12:25:57,368 - Drone_3 - INFO - Drone 3: Reached target position
2026-02-12 12:25:57,602 - Drone_3 - INFO - Drone 3: Flying to {'x': -19.341109740736858, 'y': -124.77925690243565, 'z': 1145.4303011894226}
2026-02-12 12:25:58,273 - Drone_3 - INFO - Drone 3: Reached target position
2026-02-12 12:25:58,605 - Drone_3 - INFO - Drone 3: Flying to {'x': -11.545326074374916, 'y': -124.79668963247286, 'z': 1145.4303011894226}
2026-02-12 12:25:59,379 - Drone_3 - INFO - Drone 3: Reached target position
2026-02-12 12:25:59,608 - Drone_3 - INFO - Drone 3: Flying to {'x': -3.7568611722142236, 'y': -124.61093520126093, 'z': 1145.4303011894226}
2026-02-12 12:26:00,285 - Drone_3 - INFO - Drone 3: Reached target position
2026-02-12 12:26:00,612 - Drone_3 - INFO - Drone 3: Flying to {'x': 4.038162300311406, 'y': -124.22145783314132, 'z': 1145.4303011894226}
2026-02-12 12:26:01,392 - Drone_3 - INFO - Drone 3: Reached target position
2026-02-12 12:26:01,615 - Drone_3 - INFO - Drone 3: Flying to {'x': 11.807951162173715, 'y': -123.62954334714938, 'z': 1145.4303011894226}
2026-02-12 12:26:02,308 - Drone_3 - INFO - Drone 3: Reached target position
2026-02-12 12:26:02,617 - Drone_3 - INFO - Drone 3: Flying to {'x': 19.281243299003624, 'y': -122.86477668757871, 'z': 1145.4303011894226}
2026-02-12 12:26:03,258 - Drone_3 - INFO - Drone 3: Reached target position
2026-02-12 12:26:03,620 - Drone_3 - INFO - Drone 3: Flying to {'x': 27.009517304993803, 'y': -121.87317709351453, 'z': 1145.4303011894226}
2026-02-12 12:26:04,365 - Drone_3 - INFO - Drone 3: Reached target position
2026-02-12 12:26:04,622 - Drone_3 - INFO - Drone 3: Flying to {'x': 34.69482699450615, 'y': -120.67906503853462, 'z': 1145.4303011894226}
2026-02-12 12:26:05,271 - Drone_3 - INFO - Drone 3: Reached target position
2026-02-12 12:26:05,626 - Drone_3 - INFO - Drone 3: Flying to {'x': 42.362242668185786, 'y': -119.27614166612588, 'z': 1145.4303011894226}
2026-02-12 12:26:06,378 - Drone_3 - INFO - Drone 3: Reached target position
2026-02-12 12:26:06,628 - Drone_3 - INFO - Drone 3: Flying to {'x': 49.970467017885085, 'y': -117.66939397208918, 'z': 1145.4303011894226}
2026-02-12 12:26:07,284 - Drone_3 - INFO - Drone 3: Reached target position
2026-02-12 12:26:07,631 - Drone_3 - INFO - Drone 3: Flying to {'x': 57.53376168874061, 'y': -115.85317768292451, 'z': 1145.4303011894226}
2026-02-12 12:26:08,390 - Drone_3 - INFO - Drone 3: Reached target position
2026-02-12 12:26:08,634 - Drone_3 - INFO - Drone 3: Flying to {'x': 65.02842400604285, 'y': -113.82995767698311, 'z': 1145.4303011894226}
2026-02-12 12:26:09,297 - Drone_3 - INFO - Drone 3: Reached target position
2026-02-12 12:26:09,638 - Drone_3 - INFO - Drone 3: Flying to {'x': 72.4609631958712, 'y': -111.59421570555666, 'z': 1145.4303011894226}
2026-02-12 12:26:10,405 - Drone_3 - INFO - Drone 3: Reached target position
2026-02-12 12:26:10,641 - Drone_3 - INFO - Drone 3: Flying to {'x': 79.81440112969304, 'y': -109.14653647833421, 'z': 1145.4303011894226}
2026-02-12 12:26:11,310 - Drone_3 - INFO - Drone 3: Reached target position
2026-02-12 12:26:11,645 - Drone_3 - INFO - Drone 3: Flying to {'x': 87.08650904227521, 'y': -106.48254277554622, 'z': 1145.4303011894226}
2026-02-12 12:26:12,417 - Drone_3 - INFO - Drone 3: Reached target position
2026-02-12 12:26:12,648 - Drone_3 - INFO - Drone 3: Flying to {'x': 94.27070150463236, 'y': -103.59831584967208, 'z': 1145.4303011894226}
2026-02-12 12:26:13,323 - Drone_3 - INFO - Drone 3: Reached target position
2026-02-12 12:26:13,650 - Drone_3 - INFO - Drone 3: Flying to {'x': 101.35793107375729, 'y': -100.49004554363705, 'z': 1145.4303011894226}
2026-02-12 12:26:14,431 - Drone_3 - INFO - Drone 3: Reached target position
2026-02-12 12:26:14,653 - Drone_3 - INFO - Drone 3: Flying to {'x': 108.34896578522937, 'y': -97.14805586438203, 'z': 1145.4303011894226}
2026-02-12 12:26:15,336 - Drone_3 - INFO - Drone 3: Reached target position
2026-02-12 12:26:15,657 - Drone_3 - INFO - Drone 3: Flying to {'x': 115.21211915899065, 'y': -93.57740020738208, 'z': 1145.4303011894226}
2026-02-12 12:26:16,443 - Drone_3 - INFO - Drone 3: Reached target position
2026-02-12 12:26:16,661 - Drone_3 - INFO - Drone 3: Flying to {'x': 121.94388952127917, 'y': -89.76866757426302, 'z': 1145.4303011894226}
2026-02-12 12:26:17,348 - Drone_3 - INFO - Drone 3: Reached target position
2026-02-12 12:26:17,665 - Drone_3 - INFO - Drone 3: Flying to {'x': 128.52300326391403, 'y': -85.72056720622844, 'z': 1145.4303011894226}
2026-02-12 12:26:18,353 - Drone_3 - INFO - Drone 3: Reached target position
2026-02-12 12:26:18,669 - Drone_3 - INFO - Drone 3: Flying to {'x': 134.95001139678664, 'y': -81.41589179120663, 'z': 1145.4303011894226}
2026-02-12 12:26:19,359 - Drone_3 - INFO - Drone 3: Reached target position
2026-02-12 12:26:19,671 - Drone_3 - INFO - Drone 3: Flying to {'x': 141.20328784287832, 'y': -76.84772925867607, 'z': 1145.4303011894226}
2026-02-12 12:26:20,366 - Drone_3 - INFO - Drone 3: Reached target position
2026-02-12 12:26:20,673 - Drone_3 - INFO - Drone 3: Flying to {'x': 147.26266250378393, 'y': -72.00487314120596, 'z': 1145.4303011894226}
2026-02-12 12:26:21,373 - Drone_3 - INFO - Drone 3: Reached target position
2026-02-12 12:26:21,675 - Drone_3 - INFO - Drone 3: Flying to {'x': 152.5363235941989, 'y': -67.39539323467197, 'z': 1145.4303011894226}
2026-02-12 12:26:22,178 - Drone_3 - INFO - Drone 3: Reached target position
2026-02-12 12:26:22,677 - Drone_3 - INFO - Drone 3: Flying to {'x': 158.52263196883226, 'y': -61.61510528752238, 'z': 1145.4303011894226}
2026-02-12 12:26:23,562 - Drone_3 - INFO - Drone 3: Reached target position
2026-02-12 12:26:23,681 - Drone_3 - INFO - Drone 3: Flying to {'x': 163.82821732106422, 'y': -55.89301770773461, 'z': 1145.4303011894226}
2026-02-12 12:26:24,266 - Drone_3 - INFO - Drone 3: Reached target position
2026-02-12 12:26:24,684 - Drone_3 - INFO - Drone 3: Flying to {'x': 168.79891794348353, 'y': -49.85581944036351, 'z': 1145.4303011894226}
2026-02-12 12:26:25,474 - Drone_3 - INFO - Drone 3: Reached target position
2026-02-12 12:26:25,688 - Drone_3 - INFO - Drone 3: Flying to {'x': 173.38676347790957, 'y': -43.4911932536429, 'z': 1145.4303011894226}
2026-02-12 12:26:26,380 - Drone_3 - INFO - Drone 3: Reached target position
2026-02-12 12:26:26,689 - Drone_3 - INFO - Drone 3: Flying to {'x': 177.53201151322014, 'y': -36.79592565658023, 'z': 1145.4303011894226}
2026-02-12 12:26:27,386 - Drone_3 - INFO - Drone 3: Reached target position
2026-02-12 12:26:27,691 - Drone_3 - INFO - Drone 3: Flying to {'x': 181.15791688038328, 'y': -29.796672766142354, 'z': 1145.4303011894226}
2026-02-12 12:26:28,393 - Drone_3 - INFO - Drone 3: Reached target position
2026-02-12 12:26:28,693 - Drone_3 - INFO - Drone 3: Flying to {'x': 184.2030316225124, 'y': -22.499772926424257, 'z': 1145.4303011894226}
2026-02-12 12:26:29,300 - Drone_3 - INFO - Drone 3: Reached target position
2026-02-12 12:26:29,694 - Drone_3 - INFO - Drone 3: Flying to {'x': 186.38186570549533, 'y': -15.73291261397707, 'z': 1145.4303011894226}
2026-02-12 12:26:30,306 - Drone_3 - INFO - Drone 3: Reached target position
2026-02-12 12:26:30,696 - Drone_3 - INFO - Drone 3: Flying to {'x': 188.12603469488485, 'y': -8.047573454930983, 'z': 1145.4303011894226}
2026-02-12 12:26:31,312 - Drone_3 - INFO - Drone 3: Reached target position
2026-02-12 12:26:31,699 - Drone_3 - INFO - Drone 3: Flying to {'x': 189.11915376447138, 'y': -0.2334401437506166, 'z': 1145.4303011894226}
2026-02-12 12:26:32,319 - Drone_3 - INFO - Drone 3: Reached target position
2026-02-12 12:26:32,702 - Drone_3 - INFO - Drone 3: Flying to {'x': 189.3327985115289, 'y': 7.611585744374654, 'z': 1145.4303011894226}
2026-02-12 12:26:33,325 - Drone_3 - INFO - Drone 3: Reached target position
2026-02-12 12:26:33,706 - Drone_3 - INFO - Drone 3: Flying to {'x': 188.7645181703865, 'y': 15.413120150891968, 'z': 1145.4303011894226}
2026-02-12 12:26:34,331 - Drone_3 - INFO - Drone 3: Reached target position
2026-02-12 12:26:34,710 - Drone_3 - INFO - Drone 3: Flying to {'x': 187.43278751815149, 'y': 23.089582629810383, 'z': 1145.4303011894226}
2026-02-12 12:26:35,238 - Drone_3 - INFO - Drone 3: Reached target position
2026-02-12 12:26:35,713 - Drone_3 - INFO - Drone 3: Flying to {'x': 185.36789946652718, 'y': 30.592031572468265, 'z': 1145.4303011894226}
2026-02-12 12:26:36,244 - Drone_3 - INFO - Drone 3: Reached target position
2026-02-12 12:26:36,716 - Drone_3 - INFO - Drone 3: Flying to {'x': 182.621183138311, 'y': 37.847678712081944, 'z': 1145.4303011894226}
2026-02-12 12:26:37,251 - Drone_3 - INFO - Drone 3: Reached target position
2026-02-12 12:26:37,718 - Drone_3 - INFO - Drone 3: Flying to {'x': 179.25077564866325, 'y': 44.81236920870788, 'z': 1145.4303011894226}
2026-02-12 12:26:38,257 - Drone_3 - INFO - Drone 3: Reached target position
2026-02-12 12:26:38,721 - Drone_3 - INFO - Drone 3: Flying to {'x': 175.30534465096179, 'y': 51.47572815407237, 'z': 1145.4303011894226}
2026-02-12 12:26:39,263 - Drone_3 - INFO - Drone 3: Reached target position
2026-02-12 12:26:39,724 - Drone_3 - INFO - Drone 3: Flying to {'x': 170.85451335935076, 'y': 57.79984145213736, 'z': 1145.4303011894226}
2026-02-12 12:26:40,270 - Drone_3 - INFO - Drone 3: Reached target position
2026-02-12 12:26:40,728 - Drone_3 - INFO - Drone 3: Flying to {'x': 165.94862731564902, 'y': 63.78458987674112, 'z': 1145.4303011894226}
2026-02-12 12:26:41,275 - Drone_3 - INFO - Drone 3: Reached target position
2026-02-12 12:26:41,732 - Drone_3 - INFO - Drone 3: Flying to {'x': 160.65018989689102, 'y': 69.4162712529118, 'z': 1145.4303011894226}
2026-02-12 12:26:42,284 - Drone_3 - INFO - Drone 3: Reached target position
2026-02-12 12:26:42,734 - Drone_3 - INFO - Drone 3: Flying to {'x': 155.0093539423836, 'y': 74.69775659885708, 'z': 1145.4303011894226}
2026-02-12 12:26:43,259 - Drone_3 - INFO - Drone 3: Reached target position
2026-02-12 12:26:43,737 - Drone_3 - INFO - Drone 3: Flying to {'x': 149.17801146615963, 'y': 79.54691057245604, 'z': 1145.4303011894226}
2026-02-12 12:26:44,166 - Drone_3 - INFO - Drone 3: Reached target position
2026-02-12 12:26:44,739 - Drone_3 - INFO - Drone 3: Flying to {'x': 142.95368080425038, 'y': 84.179233386601, 'z': 1145.4303011894226}
2026-02-12 12:26:45,172 - Drone_3 - INFO - Drone 3: Reached target position
2026-02-12 12:26:45,742 - Drone_3 - INFO - Drone 3: Flying to {'x': 136.50870626204212, 'y': 88.4805316025261, 'z': 1145.4303011894226}
2026-02-12 12:26:46,178 - Drone_3 - INFO - Drone 3: Reached target position
2026-02-12 12:26:46,745 - Drone_3 - INFO - Drone 3: Flying to {'x': 129.8622454625672, 'y': 92.46963198345443, 'z': 1145.4303011894226}
2026-02-12 12:26:47,185 - Drone_3 - INFO - Drone 3: Reached target position
2026-02-12 12:26:47,749 - Drone_3 - INFO - Drone 3: Flying to {'x': 123.04377548106704, 'y': 96.15535821954204, 'z': 1145.4303011894226}
2026-02-12 12:26:48,193 - Drone_3 - INFO - Drone 3: Reached target position
2026-02-12 12:26:48,753 - Drone_3 - INFO - Drone 3: Flying to {'x': 116.05780395013286, 'y': 99.55691451038517, 'z': 1145.4303011894226}
2026-02-12 12:26:49,200 - Drone_3 - INFO - Drone 3: Reached target position
2026-02-12 12:26:49,755 - Drone_3 - INFO - Drone 3: Flying to {'x': 108.94464171037534, 'y': 102.67361572777641, 'z': 1145.4303011894226}
2026-02-12 12:26:50,205 - Drone_3 - INFO - Drone 3: Reached target position
2026-02-12 12:26:50,758 - Drone_3 - INFO - Drone 3: Flying to {'x': 101.70885515852433, 'y': 105.52029851562108, 'z': 1145.4303011894226}
2026-02-12 12:26:51,213 - Drone_3 - INFO - Drone 3: Reached target position
2026-02-12 12:26:51,761 - Drone_3 - INFO - Drone 3: Flying to {'x': 94.37334421412147, 'y': 108.10220625994567, 'z': 1145.4303011894226}
2026-02-12 12:26:52,119 - Drone_3 - INFO - Drone 3: Reached target position
2026-02-12 12:26:52,765 - Drone_3 - INFO - Drone 3: Flying to {'x': 86.95038373362678, 'y': 110.42768120994114, 'z': 1145.4303011894226}
2026-02-12 12:26:53,125 - Drone_3 - INFO - Drone 3: Reached target position
2026-02-12 12:26:53,768 - Drone_3 - INFO - Drone 3: Flying to {'x': 79.42323745842674, 'y': 112.51121636714322, 'z': 1145.4303011894226}
2026-02-12 12:26:54,131 - Drone_3 - INFO - Drone 3: Reached target position
2026-02-12 12:26:54,773 - Drone_3 - INFO - Drone 3: Flying to {'x': 71.85619019004287, 'y': 114.34434073438119, 'z': 1145.4303011894226}
2026-02-12 12:26:55,138 - Drone_3 - INFO - Drone 3: Reached target position
2026-02-12 12:26:55,774 - Drone_3 - INFO - Drone 3: Flying to {'x': 64.23989409488699, 'y': 115.9389009067044, 'z': 1145.4303011894226}
2026-02-12 12:26:56,144 - Drone_3 - INFO - Drone 3: Reached target position
2026-02-12 12:26:56,777 - Drone_3 - INFO - Drone 3: Flying to {'x': 56.56182993108605, 'y': 117.30388867051214, 'z': 1145.4303011894226}
2026-02-12 12:26:57,150 - Drone_3 - INFO - Drone 3: Reached target position
2026-02-12 12:26:57,781 - Drone_3 - INFO - Drone 3: Flying to {'x': 48.85729548661649, 'y': 118.43874996625163, 'z': 1145.4303011894226}
2026-02-12 12:26:58,158 - Drone_3 - INFO - Drone 3: Reached target position
2026-02-12 12:26:58,785 - Drone_3 - INFO - Drone 3: Flying to {'x': 41.11497193687871, 'y': 119.35024261416127, 'z': 1145.4303011894226}
2026-02-12 12:26:59,166 - Drone_3 - INFO - Drone 3: Reached target position
2026-02-12 12:26:59,789 - Drone_3 - INFO - Drone 3: Flying to {'x': 33.35156440380344, 'y': 120.04029681489004, 'z': 1145.4303011894226}
2026-02-12 12:27:00,172 - Drone_3 - INFO - Drone 3: Reached target position
2026-02-12 12:27:00,792 - Drone_3 - INFO - Drone 3: Flying to {'x': 25.574712430933022, 'y': 120.5118088868358, 'z': 1145.4303011894226}
2026-02-12 12:27:01,177 - Drone_3 - INFO - Drone 3: Reached target position
2026-02-12 12:27:01,794 - Drone_3 - INFO - Drone 3: Flying to {'x': 17.774966972696966, 'y': 120.76756287925993, 'z': 1145.4303011894226}
2026-02-12 12:27:02,183 - Drone_3 - INFO - Drone 3: Reached target position
2026-02-12 12:27:02,796 - Drone_3 - INFO - Drone 3: Flying to {'x': 9.974533602891057, 'y': 120.80846831738334, 'z': 1145.4303011894226}
2026-02-12 12:27:03,142 - Drone_3 - INFO - Drone 3: Reached target position
2026-02-12 12:27:03,799 - Drone_3 - INFO - Drone 3: Flying to {'x': 2.4537497289127947, 'y': 120.64423215336775, 'z': 1145.4303011894226}
2026-02-12 12:27:04,047 - Drone_3 - INFO - Drone 3: Reached target position
2026-02-12 12:27:04,802 - Drone_3 - INFO - Drone 3: Flying to {'x': -5.3207097559267975, 'y': 120.26805292598776, 'z': 1145.4303011894226}
2026-02-12 12:27:05,054 - Drone_3 - INFO - Drone 3: Reached target position
2026-02-12 12:27:05,806 - Drone_3 - INFO - Drone 3: Flying to {'x': -13.082852280913684, 'y': 119.68070350891406, 'z': 1145.4303011894226}
2026-02-12 12:27:06,060 - Drone_3 - INFO - Drone 3: Reached target position
2026-02-12 12:27:06,809 - Drone_3 - INFO - Drone 3: Flying to {'x': -20.81920712488241, 'y': 118.883115506307, 'z': 1145.4303011894226}
2026-02-12 12:27:07,065 - Drone_3 - INFO - Drone 3: Reached target position
2026-02-12 12:27:07,812 - Drone_3 - INFO - Drone 3: Flying to {'x': -28.5378649739618, 'y': 117.87350886939191, 'z': 1145.4303011894226}
2026-02-12 12:27:08,072 - Drone_3 - INFO - Drone 3: Reached target position
2026-02-12 12:27:08,814 - Drone_3 - INFO - Drone 3: Flying to {'x': -36.216044622087175, 'y': 116.65355048111309, 'z': 1145.4303011894226}
2026-02-12 12:27:09,079 - Drone_3 - INFO - Drone 3: Reached target position
2026-02-12 12:27:09,816 - Drone_3 - INFO - Drone 3: Flying to {'x': -43.858444027581164, 'y': 115.22080149449825, 'z': 1145.4303011894226}
2026-02-12 12:27:10,086 - Drone_3 - INFO - Drone 3: Reached target position
2026-02-12 12:27:10,818 - Drone_3 - INFO - Drone 3: Flying to {'x': -51.45441156610353, 'y': 113.57474452340304, 'z': 1145.4303011894226}
2026-02-12 12:27:11,093 - Drone_3 - INFO - Drone 3: Reached target position
2026-02-12 12:27:11,821 - Drone_3 - INFO - Drone 3: Flying to {'x': -58.99467954002873, 'y': 111.7145615574827, 'z': 1145.4303011894226}
2026-02-12 12:27:12,099 - Drone_3 - INFO - Drone 3: Reached target position
2026-02-12 12:27:12,825 - Drone_3 - INFO - Drone 3: Flying to {'x': -66.4702880613765, 'y': 109.63921071388414, 'z': 1145.4303011894226}
2026-02-12 12:27:13,105 - Drone_3 - INFO - Drone 3: Reached target position
2026-02-12 12:27:13,827 - Drone_3 - INFO - Drone 3: Flying to {'x': -73.86755903902016, 'y': 107.34897244987863, 'z': 1145.4303011894226}
2026-02-12 12:27:14,011 - Drone_3 - INFO - Drone 3: Reached target position
2026-02-12 12:27:14,831 - Drone_3 - INFO - Drone 3: Flying to {'x': -81.19684891002237, 'y': 104.83573367598015, 'z': 1145.4303011894226}
2026-02-12 12:27:15,018 - Drone_3 - INFO - Drone 3: Reached target position
2026-02-12 12:27:15,835 - Drone_3 - INFO - Drone 3: Flying to {'x': -88.449564730991, 'y': 102.09580613554088, 'z': 1145.4303011894226}
2026-02-12 12:27:16,025 - Drone_3 - INFO - Drone 3: Reached target position
2026-02-12 12:27:16,837 - Drone_3 - INFO - Drone 3: Flying to {'x': -95.59745441773418, 'y': 99.13330547160112, 'z': 1145.4303011894226}
2026-02-12 12:27:17,031 - Drone_3 - INFO - Drone 3: Reached target position
2026-02-12 12:27:17,839 - Drone_3 - INFO - Drone 3: Flying to {'x': -102.63959540379172, 'y': 95.94139924704129, 'z': 1145.4303011894226}
2026-02-12 12:27:18,037 - Drone_3 - INFO - Drone 3: Reached target position
2026-02-12 12:27:18,843 - Drone_3 - INFO - Drone 3: Flying to {'x': -109.57891846539025, 'y': 92.50881993728224, 'z': 1145.4303011894226}
2026-02-12 12:27:18,943 - Drone_3 - INFO - Drone 3: Reached target position
2026-02-12 12:27:19,845 - Drone_3 - INFO - Drone 3: Flying to {'x': -116.39007294583104, 'y': 88.83651793704357, 'z': 1145.4303011894226}
2026-02-12 12:27:19,949 - Drone_3 - INFO - Drone 3: Reached target position
2026-02-12 12:27:20,847 - Drone_3 - INFO - Drone 3: Flying to {'x': -123.0546609098335, 'y': 84.92192409616989, 'z': 1145.4303011894226}
2026-02-12 12:27:20,955 - Drone_3 - INFO - Drone 3: Reached target position
2026-02-12 12:27:21,848 - Drone_3 - INFO - Drone 3: Flying to {'x': -128.9272210430903, 'y': 81.17871660904886, 'z': 1145.4303011894226}
2026-02-12 12:27:21,860 - Drone_3 - INFO - Drone 3: Reached target position
2026-02-12 12:27:22,850 - Drone_3 - INFO - Drone 3: Flying to {'x': -135.2903424030554, 'y': 76.77140781703811, 'z': 1145.4303011894226}
2026-02-12 12:27:22,866 - Drone_3 - INFO - Drone 3: Reached target position
2026-02-12 12:27:23,852 - Drone_3 - INFO - Drone 3: Flying to {'x': -141.95279471421648, 'y': 71.69764022175367, 'z': 1145.4303011894226}
2026-02-12 12:27:24,037 - Drone_3 - INFO - Drone 3: Reached target position
2026-02-12 12:27:24,855 - Drone_3 - INFO - Drone 3: Flying to {'x': -147.90116165586514, 'y': 66.71019667790517, 'z': 1145.4303011894226}
2026-02-12 12:27:25,043 - Drone_3 - INFO - Drone 3: Reached target position
2026-02-12 12:27:25,858 - Drone_3 - INFO - Drone 3: Flying to {'x': -153.61339780295103, 'y': 61.41988859278384, 'z': 1145.4303011894226}
2026-02-12 12:27:26,051 - Drone_3 - INFO - Drone 3: Reached target position
2026-02-12 12:27:26,862 - Drone_3 - INFO - Drone 3: Flying to {'x': -159.04542535509665, 'y': 55.82156808667296, 'z': 1145.4303011894226}
2026-02-12 12:27:27,057 - Drone_3 - INFO - Drone 3: Reached target position
2026-02-12 12:27:27,866 - Drone_3 - INFO - Drone 3: Flying to {'x': -164.16532265485907, 'y': 49.890477765913516, 'z': 1145.4303011894226}
2026-02-12 12:27:28,163 - Drone_3 - INFO - Drone 3: Reached target position
2026-02-12 12:27:28,868 - Drone_3 - INFO - Drone 3: Flying to {'x': -168.4531106991928, 'y': 44.27204615846472, 'z': 1145.4303011894226}
2026-02-12 12:27:29,069 - Drone_3 - INFO - Drone 3: Reached target position
2026-02-12 12:27:29,871 - Drone_3 - INFO - Drone 3: Flying to {'x': -172.8058401167453, 'y': 37.717464933784896, 'z': 1145.4303011894226}
2026-02-12 12:27:30,076 - Drone_3 - INFO - Drone 3: Reached target position
2026-02-12 12:27:30,874 - Drone_3 - INFO - Drone 3: Flying to {'x': -176.66476869193974, 'y': 30.834557870761337, 'z': 1145.4303011894226}
2026-02-12 12:27:31,183 - Drone_3 - INFO - Drone 3: Reached target position
2026-02-12 12:27:31,878 - Drone_3 - INFO - Drone 3: Flying to {'x': -179.95381391182764, 'y': 23.65087803869387, 'z': 1145.4303011894226}
2026-02-12 12:27:32,192 - Drone_3 - INFO - Drone 3: Reached target position
2026-02-12 12:27:32,882 - Drone_3 - INFO - Drone 3: Flying to {'x': -182.60435029978893, 'y': 16.19517640422712, 'z': 1145.4303011894226}
2026-02-12 12:27:33,199 - Drone_3 - INFO - Drone 3: Reached target position
2026-02-12 12:27:33,884 - Drone_3 - INFO - Drone 3: Flying to {'x': -184.54441904203787, 'y': 8.547186767874319, 'z': 1145.4303011894226}
2026-02-12 12:27:34,306 - Drone_3 - INFO - Drone 3: Reached target position
2026-02-12 12:27:34,886 - Drone_3 - INFO - Drone 3: Flying to {'x': -185.7304282374856, 'y': 0.7544565842584285, 'z': 1145.4303011894226}
2026-02-12 12:27:35,313 - Drone_3 - INFO - Drone 3: Reached target position
2026-02-12 12:27:35,888 - Drone_3 - INFO - Drone 3: Flying to {'x': -186.12934390403356, 'y': -7.102161210459259, 'z': 1145.4303011894226}
2026-02-12 12:27:36,321 - Drone_3 - INFO - Drone 3: Reached target position
2026-02-12 12:27:36,890 - Drone_3 - INFO - Drone 3: Flying to {'x': -185.73178316351067, 'y': -14.929412513825465, 'z': 1145.4303011894226}
2026-02-12 12:27:37,429 - Drone_3 - INFO - Drone 3: Reached target position
2026-02-12 12:27:37,892 - Drone_3 - INFO - Drone 3: Flying to {'x': -184.55335777403513, 'y': -22.642208878488027, 'z': 1145.4303011894226}
2026-02-12 12:27:38,435 - Drone_3 - INFO - Drone 3: Reached target position
2026-02-12 12:27:38,895 - Drone_3 - INFO - Drone 3: Flying to {'x': -182.62598114399358, 'y': -30.179315498511592, 'z': 1145.4303011894226}
2026-02-12 12:27:39,440 - Drone_3 - INFO - Drone 3: Reached target position
2026-02-12 12:27:39,898 - Drone_3 - INFO - Drone 3: Flying to {'x': -179.9972295062978, 'y': -37.4784173982066, 'z': 1145.4303011894226}
2026-02-12 12:27:40,447 - Drone_3 - INFO - Drone 3: Reached target position
2026-02-12 12:27:40,902 - Drone_3 - INFO - Drone 3: Flying to {'x': -176.72147652440316, 'y': -44.49758947962943, 'z': 1145.4303011894226}
2026-02-12 12:27:41,453 - Drone_3 - INFO - Drone 3: Reached target position
2026-02-12 12:27:41,906 - Drone_3 - INFO - Drone 3: Flying to {'x': -172.85966007208282, 'y': -51.202002095692144, 'z': 1145.4303011894226}
2026-02-12 12:27:42,459 - Drone_3 - INFO - Drone 3: Reached target position
2026-02-12 12:27:42,909 - Drone_3 - INFO - Drone 3: Flying to {'x': -168.47313285262672, 'y': -57.56994298872418, 'z': 1145.4303011894226}
2026-02-12 12:27:43,533 - Drone_3 - INFO - Drone 3: Reached target position
2026-02-12 12:27:43,912 - Drone_3 - INFO - Drone 3: Flying to {'x': -163.73214258723468, 'y': -63.45458997306605, 'z': 1145.4303011894226}
2026-02-12 12:27:44,440 - Drone_3 - INFO - Drone 3: Reached target position
2026-02-12 12:27:44,915 - Drone_3 - INFO - Drone 3: Flying to {'x': -158.48417582565244, 'y': -69.1251898692022, 'z': 1145.4303011894226}
2026-02-12 12:27:45,547 - Drone_3 - INFO - Drone 3: Reached target position
2026-02-12 12:27:45,918 - Drone_3 - INFO - Drone 3: Flying to {'x': -152.872433979537, 'y': -74.44887463598147, 'z': 1145.4303011894226}
2026-02-12 12:27:46,554 - Drone_3 - INFO - Drone 3: Reached target position
2026-02-12 12:27:46,920 - Drone_3 - INFO - Drone 3: Flying to {'x': -146.95085634221186, 'y': -79.42327914730927, 'z': 1145.4303011894226}
2026-02-12 12:27:47,560 - Drone_3 - INFO - Drone 3: Reached target position
2026-02-12 12:27:47,922 - Drone_3 - INFO - Drone 3: Flying to {'x': -140.75481172726467, 'y': -84.06129134099983, 'z': 1145.4303011894226}
2026-02-12 12:27:48,566 - Drone_3 - INFO - Drone 3: Reached target position
2026-02-12 12:27:48,924 - Drone_3 - INFO - Drone 3: Flying to {'x': -134.3213987533267, 'y': -88.37142201891102, 'z': 1145.4303011894226}
2026-02-12 12:27:49,571 - Drone_3 - INFO - Drone 3: Reached target position
2026-02-12 12:27:49,926 - Drone_3 - INFO - Drone 3: Flying to {'x': -132.81633546965043, 'y': -104.68442427023325, 'z': 1145.4303011894226}
2026-02-12 12:27:50,930 - Drone_3 - INFO - Drone 3: Flying to {'x': -117.7303116621248, 'y': -104.68442427023325, 'z': 1145.4303011894226}
2026-02-12 12:27:51,934 - Drone_3 - INFO - Drone 3: Flying to {'x': -102.64341166632097, 'y': -104.68442427023325, 'z': 1145.4303011894226}
2026-02-12 12:27:52,936 - Drone_3 - INFO - Drone 3: Flying to {'x': -87.56614258901995, 'y': -104.68442427023325, 'z': 1145.4303011894226}
2026-02-12 12:27:53,938 - Drone_3 - INFO - Drone 3: Flying to {'x': -72.49181678907793, 'y': -104.68442427023325, 'z': 1145.4303011894226}
2026-02-12 12:27:54,941 - Drone_3 - INFO - Drone 3: Flying to {'x': -57.40823557989519, 'y': -104.68442427023325, 'z': 1145.4303011894226}
2026-02-12 12:27:55,945 - Drone_3 - INFO - Drone 3: Flying to {'x': -42.32088854925554, 'y': -104.68442427023325, 'z': 1145.4303011894226}
2026-02-12 12:27:56,947 - Drone_3 - INFO - Drone 3: Flying to {'x': 39.19529440826088, 'y': -91.1649685694506, 'z': 1145.4303011894226}
2026-02-12 12:27:57,949 - Drone_3 - INFO - Drone 3: Flying to {'x': 20.02139677601063, 'y': -86.52105241262554, 'z': 1145.4303011894226}
2026-02-12 12:27:58,952 - Drone_3 - INFO - Drone 3: Flying to {'x': -11.327568713776673, 'y': -93.80077591445911, 'z': 1145.4303011894226}
2026-02-12 12:27:59,334 - Drone_3 - INFO - Drone 3: Reached target position
2026-02-12 12:27:59,956 - Drone_3 - INFO - Drone 3: Flying to {'x': -23.746084334403516, 'y': -113.3231449158929, 'z': 1145.4303011894226}
2026-02-12 12:28:00,960 - Drone_3 - INFO - Drone 3: Flying to {'x': -20.717822605029582, 'y': -123.82560246974386, 'z': 1145.4303011894226}
2026-02-12 12:28:01,951 - Drone_3 - INFO - Drone 3: Reached target position
2026-02-12 12:28:01,965 - Drone_3 - INFO - Drone 3: Flying to {'x': 56.06973585223079, 'y': -152.0989513028062, 'z': 1145.4303011894226}
2026-02-12 12:28:02,967 - Drone_3 - INFO - Drone 3: Flying to {'x': 40.99439796542049, 'y': -152.0989513028062, 'z': 1145.4303011894226}
2026-02-12 12:28:03,970 - Drone_3 - INFO - Drone 3: Flying to {'x': -54.684680375109906, 'y': -128.0989513028062, 'z': 1145.4303011894226}
2026-02-12 12:28:04,974 - Drone_3 - INFO - Drone 3: Flying to {'x': -39.597068699847455, 'y': -128.0989513028062, 'z': 1145.4303011894226}
2026-02-12 12:28:05,980 - Drone_3 - INFO - Drone 3: Flying to {'x': -24.530160101901284, 'y': -128.0989513028062, 'z': 1145.4303011894226}
2026-02-12 12:28:06,244 - Drone_3 - INFO - Drone 3: Reached target position
2026-02-12 12:28:06,982 - Drone_3 - INFO - Drone 3: Flying to {'x': -9.460862549792523, 'y': -128.0989513028062, 'z': 1145.4303011894226}
2026-02-12 12:28:07,984 - Drone_3 - INFO - Drone 3: Flying to {'x': 5.614189234722858, 'y': -128.0989513028062, 'z': 1145.4303011894226}
2026-02-12 12:28:08,987 - Drone_3 - INFO - Drone 3: Flying to {'x': 20.694097605694537, 'y': -128.0989513028062, 'z': 1145.4303011894226}
2026-02-12 12:28:09,990 - Drone_3 - INFO - Drone 3: Flying to {'x': 35.81872734164119, 'y': -128.0989513028062, 'z': 1145.4303011894226}
2026-02-12 12:28:10,992 - Drone_3 - INFO - Drone 3: Flying to {'x': 50.92032226656795, 'y': -128.0989513028062, 'z': 1145.4303011894226}
2026-02-12 12:28:11,994 - Drone_3 - INFO - Drone 3: Flying to {'x': 66.01388844584346, 'y': -128.0989513028062, 'z': 1145.4303011894226}
2026-02-12 12:28:12,997 - Drone_3 - INFO - Drone 3: Flying to {'x': 81.08545693491817, 'y': -128.0989513028062, 'z': 1145.4303011894226}
2026-02-12 12:28:14,000 - Drone_3 - INFO - Drone 3: Flying to {'x': 96.17130908106685, 'y': -128.0989513028062, 'z': 1145.4303011894226}
2026-02-12 12:28:15,002 - Drone_3 - INFO - Drone 3: Flying to {'x': 111.25652107333065, 'y': -128.0989513028062, 'z': 1145.4303011894226}
2026-02-12 12:28:16,004 - Drone_3 - INFO - Drone 3: Flying to {'x': 126.34330305193782, 'y': -128.0989513028062, 'z': 1145.4303011894226}
2026-02-12 12:28:17,008 - Drone_3 - INFO - Drone 3: Flying to {'x': 141.42016800974727, 'y': -128.0989513028062, 'z': 1145.4303011894226}
2026-02-12 12:28:18,010 - Drone_3 - INFO - Drone 3: Flying to {'x': 156.4989212427032, 'y': -128.0989513028062, 'z': 1145.4303011894226}
2026-02-12 12:28:19,012 - Drone_3 - INFO - Drone 3: Flying to {'x': 171.57079729174495, 'y': -128.0989513028062, 'z': 1145.4303011894226}
2026-02-12 12:28:20,014 - Drone_3 - INFO - Drone 3: Flying to {'x': 186.642304984082, 'y': -128.0989513028062, 'z': 1145.4303011894226}
2026-02-12 12:28:21,017 - Drone_3 - INFO - Drone 3: Flying to {'x': 201.728575554837, 'y': -128.0989513028062, 'z': 1145.4303011894226}
2026-02-12 12:28:22,021 - Drone_3 - INFO - Drone 3: Flying to {'x': 216.80290850733638, 'y': -128.0989513028062, 'z': 1145.4303011894226}
2026-02-12 12:28:23,025 - Drone_3 - INFO - Drone 3: Flying to {'x': 230.37214311694026, 'y': -128.0989513028062, 'z': 1145.4303011894226}
2026-02-12 12:28:24,028 - Drone_3 - INFO - Drone 3: Flying to {'x': 246.61564382647396, 'y': -128.0989513028062, 'z': 1145.4303011894226}
2026-02-12 12:28:25,030 - Drone_3 - INFO - Drone 3: Flying to {'x': 261.6997292909515, 'y': -128.0989513028062, 'z': 1145.4303011894226}
2026-02-12 12:28:26,033 - Drone_3 - INFO - Drone 3: Flying to {'x': 276.77786740397335, 'y': -128.0989513028062, 'z': 1145.4303011894226}
2026-02-12 12:28:27,034 - Drone_3 - INFO - Drone 3: Flying to {'x': 291.8777314100158, 'y': -128.0989513028062, 'z': 1145.4303011894226}
2026-02-12 12:28:28,036 - Drone_3 - INFO - Drone 3: Flying to {'x': 307.0204749975097, 'y': -128.0989513028062, 'z': 1145.4303011894226}
2026-02-12 12:28:29,040 - Drone_3 - INFO - Drone 3: Flying to {'x': 322.09856661890865, 'y': -128.0989513028062, 'z': 1145.4303011894226}
2026-02-12 12:28:30,043 - Drone_3 - INFO - Drone 3: Flying to {'x': 335.6783905897033, 'y': -128.0989513028062, 'z': 1145.4303011894226}
2026-02-12 12:28:31,047 - Drone_3 - INFO - Drone 3: Flying to {'x': 350.77044042681575, 'y': -128.0989513028062, 'z': 1145.4303011894226}
2026-02-12 12:28:32,049 - Drone_3 - INFO - Drone 3: Flying to {'x': 365.8759692582977, 'y': -128.0989513028062, 'z': 1145.4303011894226}
2026-02-12 12:28:33,051 - Drone_3 - INFO - Drone 3: Flying to {'x': 381.00332769488216, 'y': -128.0989513028062, 'z': 1145.4303011894226}
2026-02-12 12:28:34,053 - Drone_3 - INFO - Drone 3: Flying to {'x': 396.0996476087463, 'y': -128.0989513028062, 'z': 1145.4303011894226}
2026-02-12 12:28:35,055 - Drone_3 - INFO - Drone 3: Flying to {'x': 411.18738803004146, 'y': -128.0989513028062, 'z': 1145.4303011894226}
2026-02-12 12:28:36,058 - Drone_3 - INFO - Drone 3: Flying to {'x': 426.2730077180755, 'y': -128.0989513028062, 'z': 1145.4303011894226}
2026-02-12 12:28:37,061 - Drone_3 - INFO - Drone 3: Flying to {'x': 441.35728630160213, 'y': -128.0989513028062, 'z': 1145.4303011894226}
2026-02-12 12:28:38,064 - Drone_3 - INFO - Drone 3: Flying to {'x': 456.431522694577, 'y': -128.0989513028062, 'z': 1145.4303011894226}
2026-02-12 12:28:39,068 - Drone_3 - INFO - Drone 3: Flying to {'x': 471.5070894632232, 'y': -128.0989513028062, 'z': 1145.4303011894226}
2026-02-12 12:28:40,071 - Drone_3 - INFO - Drone 3: Flying to {'x': 486.5990713510406, 'y': -128.0989513028062, 'z': 1145.4303011894226}
2026-02-12 12:28:41,075 - Drone_3 - INFO - Drone 3: Flying to {'x': 501.68724450205684, 'y': -128.0989513028062, 'z': 1145.4303011894226}
2026-02-12 12:28:42,079 - Drone_3 - INFO - Drone 3: Flying to {'x': 516.7669669065368, 'y': -128.0989513028062, 'z': 1145.4303011894226}
2026-02-12 12:28:43,081 - Drone_3 - INFO - Drone 3: Flying to {'x': 531.8397477540863, 'y': -128.0989513028062, 'z': 1145.4303011894226}
2026-02-12 12:28:44,084 - Drone_3 - INFO - Drone 3: Flying to {'x': 546.4930418405426, 'y': -128.0989513028062, 'z': 1145.4303011894226}
2026-02-12 12:28:45,087 - Drone_3 - INFO - Drone 3: Flying to {'x': 561.587612954129, 'y': -128.0989513028062, 'z': 1145.4303011894226}
2026-02-12 12:28:46,090 - Drone_3 - INFO - Drone 3: Flying to {'x': 576.6884783182037, 'y': -128.0989513028062, 'z': 1145.4303011894226}
2026-02-12 12:28:47,094 - Drone_3 - INFO - Drone 3: Flying to {'x': 591.7609945211303, 'y': -128.0989513028062, 'z': 1145.4303011894226}
2026-02-12 12:28:48,096 - Drone_3 - INFO - Drone 3: Flying to {'x': 673.9932971613473, 'y': -152.11917725566914, 'z': 1145.4303011894226}
2026-02-12 12:28:49,098 - Drone_3 - INFO - Drone 3: Flying to {'x': 665.9129201254278, 'y': -152.22676507579973, 'z': 1145.4303011894226}
2026-02-12 12:28:50,100 - Drone_3 - INFO - Drone 3: Flying to {'x': 657.8164033125038, 'y': -152.34018602461305, 'z': 1145.4303011894226}
2026-02-12 12:28:50,102 - Drone_3 - INFO - Drone 3: Flying to {'x': 629.5282284073979, 'y': -140.96882426418463, 'z': 1145.4303011894226}
2026-02-12 12:28:51,103 - Drone_3 - INFO - Drone 3: Flying to {'x': 646.5726248154883, 'y': -152.330256834868, 'z': 1145.4303011894226}
2026-02-12 12:28:52,107 - Drone_3 - INFO - Drone 3: Flying to {'x': 635.3167036231881, 'y': -152.30756078141198, 'z': 1145.4303011894226}
2026-02-12 12:28:52,650 - Drone_3 - INFO - Drone 3: Reached target position
2026-02-12 12:28:53,111 - Drone_3 - INFO - Drone 3: Flying to {'x': 627.2031047803866, 'y': -152.4258403908826, 'z': 1145.4303011894226}
2026-02-12 12:28:53,112 - Drone_3 - INFO - Drone 3: Flying to {'x': 624.3879412841371, 'y': -154.88324159964685, 'z': 1145.4303011894226}
2026-02-12 12:28:53,657 - Drone_3 - INFO - Drone 3: Reached target position
2026-02-12 12:28:54,114 - Drone_3 - INFO - Drone 3: Flying to {'x': 619.0795651108369, 'y': -152.53689594347875, 'z': 1145.4303011894226}
2026-02-12 12:28:54,361 - Drone_3 - INFO - Drone 3: Reached target position
2026-02-12 12:28:55,118 - Drone_3 - INFO - Drone 3: Flying to {'x': 610.9445824854868, 'y': -152.63511145409393, 'z': 1145.4303011894226}
2026-02-12 12:28:55,367 - Drone_3 - INFO - Drone 3: Reached target position
2026-02-12 12:28:56,119 - Drone_3 - INFO - Drone 3: Flying to {'x': 602.7974046449325, 'y': -152.7143245333915, 'z': 1145.4303011894226}
2026-02-12 12:28:56,374 - Drone_3 - INFO - Drone 3: Reached target position
2026-02-12 12:28:57,121 - Drone_3 - INFO - Drone 3: Flying to {'x': 594.6034563453892, 'y': -152.76792131962512, 'z': 1145.4303011894226}
2026-02-12 12:28:57,381 - Drone_3 - INFO - Drone 3: Reached target position
2026-02-12 12:28:58,124 - Drone_3 - INFO - Drone 3: Flying to {'x': 586.4081985235656, 'y': -152.78805436448445, 'z': 1145.4303011894226}
2026-02-12 12:28:58,387 - Drone_3 - INFO - Drone 3: Reached target position
2026-02-12 12:28:59,128 - Drone_3 - INFO - Drone 3: Flying to {'x': 578.193337247678, 'y': -152.7665959383101, 'z': 1145.4303011894226}
2026-02-12 12:28:59,394 - Drone_3 - INFO - Drone 3: Reached target position
2026-02-12 12:29:00,132 - Drone_3 - INFO - Drone 3: Flying to {'x': 569.9557107549784, 'y': -152.69442126345, 'z': 1145.4303011894226}
2026-02-12 12:29:00,401 - Drone_3 - INFO - Drone 3: Reached target position
2026-02-12 12:29:01,135 - Drone_3 - INFO - Drone 3: Flying to {'x': 561.6906770662231, 'y': -152.5613833720682, 'z': 1145.4303011894226}
2026-02-12 12:29:01,407 - Drone_3 - INFO - Drone 3: Reached target position
2026-02-12 12:29:02,137 - Drone_3 - INFO - Drone 3: Flying to {'x': 553.4201644185428, 'y': -152.35697960664183, 'z': 1145.4303011894226}
2026-02-12 12:29:02,414 - Drone_3 - INFO - Drone 3: Reached target position
2026-02-12 12:29:03,139 - Drone_3 - INFO - Drone 3: Flying to {'x': 545.1204524782162, 'y': -152.06866163964344, 'z': 1145.4303011894226}
2026-02-12 12:29:03,420 - Drone_3 - INFO - Drone 3: Reached target position
2026-02-12 12:29:04,140 - Drone_3 - INFO - Drone 3: Flying to {'x': 537.6322590599117, 'y': -151.72668798928427, 'z': 1145.4303011894226}
2026-02-12 12:29:04,302 - Drone_3 - INFO - Drone 3: Reached target position
2026-02-12 12:29:05,142 - Drone_3 - INFO - Drone 3: Flying to {'x': 528.644739664724, 'y': -151.19805990318977, 'z': 1145.4303011894226}
2026-02-12 12:29:05,409 - Drone_3 - INFO - Drone 3: Reached target position
2026-02-12 12:29:06,144 - Drone_3 - INFO - Drone 3: Flying to {'x': 520.2802998623151, 'y': -150.57746842711268, 'z': 1145.4303011894226}
2026-02-12 12:29:06,414 - Drone_3 - INFO - Drone 3: Reached target position
2026-02-12 12:29:07,146 - Drone_3 - INFO - Drone 3: Flying to {'x': 511.8997241937568, 'y': -149.81380044845798, 'z': 1145.4303011894226}
2026-02-12 12:29:07,419 - Drone_3 - INFO - Drone 3: Reached target position
2026-02-12 12:29:08,147 - Drone_3 - INFO - Drone 3: Flying to {'x': 503.5095732783525, 'y': -148.8898629048614, 'z': 1145.4303011894226}
2026-02-12 12:29:08,425 - Drone_3 - INFO - Drone 3: Reached target position
2026-02-12 12:29:09,149 - Drone_3 - INFO - Drone 3: Flying to {'x': 495.1229720622532, 'y': -147.7887053500237, 'z': 1145.4303011894226}
2026-02-12 12:29:09,432 - Drone_3 - INFO - Drone 3: Reached target position
2026-02-12 12:29:10,151 - Drone_3 - INFO - Drone 3: Flying to {'x': 486.72251529178595, 'y': -146.48834264072462, 'z': 1145.4303011894226}
2026-02-12 12:29:10,438 - Drone_3 - INFO - Drone 3: Reached target position
2026-02-12 12:29:11,152 - Drone_3 - INFO - Drone 3: Flying to {'x': 478.35893435273886, 'y': -144.97734161790953, 'z': 1145.4303011894226}
2026-02-12 12:29:11,444 - Drone_3 - INFO - Drone 3: Reached target position
2026-02-12 12:29:12,155 - Drone_3 - INFO - Drone 3: Flying to {'x': 470.0223700137262, 'y': -143.2355217353284, 'z': 1145.4303011894226}
2026-02-12 12:29:12,551 - Drone_3 - INFO - Drone 3: Reached target position
2026-02-12 12:29:13,158 - Drone_3 - INFO - Drone 3: Flying to {'x': 461.7346212296078, 'y': -141.24941856432105, 'z': 1145.4303011894226}
2026-02-12 12:29:13,558 - Drone_3 - INFO - Drone 3: Reached target position
2026-02-12 12:29:14,161 - Drone_3 - INFO - Drone 3: Flying to {'x': 453.50822721143567, 'y': -139.0057284445254, 'z': 1145.4303011894226}
2026-02-12 12:29:14,464 - Drone_3 - INFO - Drone 3: Reached target position
2026-02-12 12:29:15,165 - Drone_3 - INFO - Drone 3: Flying to {'x': 445.36521698427003, 'y': -136.49651911393468, 'z': 1145.4303011894226}
2026-02-12 12:29:15,470 - Drone_3 - INFO - Drone 3: Reached target position
2026-02-12 12:29:16,169 - Drone_3 - INFO - Drone 3: Flying to {'x': 438.12176441589054, 'y': -134.00655028463427, 'z': 1145.4303011894226}
2026-02-12 12:29:16,476 - Drone_3 - INFO - Drone 3: Reached target position
2026-02-12 12:29:17,171 - Drone_3 - INFO - Drone 3: Flying to {'x': 430.1851354927477, 'y': -130.98163076146884, 'z': 1145.4303011894226}
2026-02-12 12:29:17,482 - Drone_3 - INFO - Drone 3: Reached target position
2026-02-12 12:29:18,173 - Drone_3 - INFO - Drone 3: Flying to {'x': 422.3745424351146, 'y': -127.6845666940418, 'z': 1145.4303011894226}
2026-02-12 12:29:18,489 - Drone_3 - INFO - Drone 3: Reached target position
2026-02-12 12:29:19,175 - Drone_3 - INFO - Drone 3: Flying to {'x': 414.7249471248867, 'y': -124.13180738313825, 'z': 1145.4303011894226}
2026-02-12 12:29:19,494 - Drone_3 - INFO - Drone 3: Reached target position
2026-02-12 12:29:20,177 - Drone_3 - INFO - Drone 3: Flying to {'x': 407.22085732230414, 'y': -120.3220953053116, 'z': 1145.4303011894226}
2026-02-12 12:29:20,599 - Drone_3 - INFO - Drone 3: Reached target position
2026-02-12 12:29:21,180 - Drone_3 - INFO - Drone 3: Flying to {'x': 399.8927717240577, 'y': -116.2814113477136, 'z': 1145.4303011894226}
2026-02-12 12:29:21,606 - Drone_3 - INFO - Drone 3: Reached target position
2026-02-12 12:29:22,183 - Drone_3 - INFO - Drone 3: Flying to {'x': 392.7374475756742, 'y': -112.02394695097904, 'z': 1145.4303011894226}
2026-02-12 12:29:22,614 - Drone_3 - INFO - Drone 3: Reached target position
2026-02-12 12:29:23,186 - Drone_3 - INFO - Drone 3: Flying to {'x': 385.7529183649163, 'y': -107.56807912021726, 'z': 1145.4303011894226}
2026-02-12 12:29:23,621 - Drone_3 - INFO - Drone 3: Reached target position
2026-02-12 12:29:24,189 - Drone_3 - INFO - Drone 3: Flying to {'x': 378.9199610033158, 'y': -102.92364847727929, 'z': 1145.4303011894226}
2026-02-12 12:29:24,608 - Drone_3 - INFO - Drone 3: Reached target position
2026-02-12 12:29:25,192 - Drone_3 - INFO - Drone 3: Flying to {'x': 372.3690551728174, 'y': -98.21069259666938, 'z': 1145.4303011894226}
2026-02-12 12:29:25,614 - Drone_3 - INFO - Drone 3: Reached target position
2026-02-12 12:29:26,195 - Drone_3 - INFO - Drone 3: Flying to {'x': 365.85957252557006, 'y': -93.28763572407368, 'z': 1145.4303011894226}
2026-02-12 12:29:26,620 - Drone_3 - INFO - Drone 3: Reached target position
2026-02-12 12:29:27,199 - Drone_3 - INFO - Drone 3: Flying to {'x': 359.48212832988435, 'y': -88.24579953837903, 'z': 1145.4303011894226}
2026-02-12 12:29:27,625 - Drone_3 - INFO - Drone 3: Reached target position
2026-02-12 12:29:28,202 - Drone_3 - INFO - Drone 3: Flying to {'x': 353.2265645005793, 'y': -83.1084106784985, 'z': 1145.4303011894226}
2026-02-12 12:29:28,630 - Drone_3 - INFO - Drone 3: Reached target position
2026-02-12 12:29:29,205 - Drone_3 - INFO - Drone 3: Flying to {'x': 347.0663588271774, 'y': -77.88533357338478, 'z': 1145.4303011894226}
2026-02-12 12:29:29,637 - Drone_3 - INFO - Drone 3: Reached target position
2026-02-12 12:29:30,209 - Drone_3 - INFO - Drone 3: Flying to {'x': 341.00552516866253, 'y': -72.61208429586239, 'z': 1145.4303011894226}
2026-02-12 12:29:30,644 - Drone_3 - INFO - Drone 3: Reached target position
2026-02-12 12:29:31,212 - Drone_3 - INFO - Drone 3: Flying to {'x': 334.99715414475486, 'y': -67.27937235637393, 'z': 1145.4303011894226}
2026-02-12 12:29:31,405 - Drone_3 - INFO - Drone 3: Flying to {'x': 285.7105463543923, 'y': -29.781717240676702, 'z': 1145.4303011894226}
2026-02-12 12:29:32,214 - Drone_3 - INFO - Drone 3: Flying to {'x': 329.05389122103895, 'y': -61.92914227750525, 'z': 1145.4303011894226}
2026-02-12 12:29:32,455 - Drone_3 - INFO - Drone 3: Reached target position
2026-02-12 12:29:33,217 - Drone_3 - INFO - Drone 3: Flying to {'x': 323.14630709887376, 'y': -56.56487526431142, 'z': 1145.4303011894226}
2026-02-12 12:29:33,663 - Drone_3 - INFO - Drone 3: Reached target position
2026-02-12 12:29:34,219 - Drone_3 - INFO - Drone 3: Flying to {'x': 317.27161523940555, 'y': -51.212435474336836, 'z': 1145.4303011894226}
2026-02-12 12:29:34,669 - Drone_3 - INFO - Drone 3: Reached target position
2026-02-12 12:29:35,221 - Drone_3 - INFO - Drone 3: Flying to {'x': 311.41483522580353, 'y': -45.88485850054185, 'z': 1145.4303011894226}
2026-02-12 12:29:35,674 - Drone_3 - INFO - Drone 3: Reached target position
2026-02-12 12:29:36,224 - Drone_3 - INFO - Drone 3: Flying to {'x': 305.54347232339103, 'y': -40.57747703181487, 'z': 1145.4303011894226}
2026-02-12 12:29:36,681 - Drone_3 - INFO - Drone 3: Reached target position
2026-02-12 12:29:37,228 - Drone_3 - INFO - Drone 3: Flying to {'x': 299.64926836499086, 'y': -35.306025614658836, 'z': 1145.4303011894226}
2026-02-12 12:29:37,686 - Drone_3 - INFO - Drone 3: Reached target position
2026-02-12 12:29:38,232 - Drone_3 - INFO - Drone 3: Flying to {'x': 293.7290176347357, 'y': -30.08885443342479, 'z': 1145.4303011894226}
2026-02-12 12:29:38,693 - Drone_3 - INFO - Drone 3: Reached target position
2026-02-12 12:29:39,234 - Drone_3 - INFO - Drone 3: Flying to {'x': 287.76843731405125, 'y': -24.93266088507007, 'z': 1145.4303011894226}
2026-02-12 12:29:39,698 - Drone_3 - INFO - Drone 3: Reached target position
2026-02-12 12:29:40,236 - Drone_3 - INFO - Drone 3: Flying to {'x': 281.7596390157843, 'y': -19.848111665150796, 'z': 1145.4303011894226}
2026-02-12 12:29:40,704 - Drone_3 - INFO - Drone 3: Reached target position
2026-02-12 12:29:41,238 - Drone_3 - INFO - Drone 3: Flying to {'x': 275.6887909415163, 'y': -14.839392496385608, 'z': 1145.4303011894226}
2026-02-12 12:29:41,710 - Drone_3 - INFO - Drone 3: Reached target position
2026-02-12 12:29:42,241 - Drone_3 - INFO - Drone 3: Flying to {'x': 269.5539637253655, 'y': -9.919158270574501, 'z': 1145.4303011894226}
2026-02-12 12:29:42,717 - Drone_3 - INFO - Drone 3: Reached target position
2026-02-12 12:29:43,244 - Drone_3 - INFO - Drone 3: Flying to {'x': 263.3519088267242, 'y': -5.097232353862006, 'z': 1145.4303011894226}
2026-02-12 12:29:43,724 - Drone_3 - INFO - Drone 3: Reached target position
2026-02-12 12:29:44,247 - Drone_3 - INFO - Drone 3: Flying to {'x': 257.07971095026335, 'y': -0.3821406649388823, 'z': 1145.4303011894226}
2026-02-12 12:29:44,715 - Drone_3 - INFO - Drone 3: Reached target position
2026-02-12 12:29:45,252 - Drone_3 - INFO - Drone 3: Flying to {'x': 250.7630641926909, 'y': 4.196492233508751, 'z': 1145.4303011894226}
2026-02-12 12:29:45,722 - Drone_3 - INFO - Drone 3: Reached target position
2026-02-12 12:29:46,255 - Drone_3 - INFO - Drone 3: Flying to {'x': 244.30911636915084, 'y': 8.700915371664587, 'z': 1145.4303011894226}
2026-02-12 12:29:46,732 - Drone_3 - INFO - Drone 3: Reached target position
2026-02-12 12:29:47,256 - Drone_3 - INFO - Drone 3: Flying to {'x': 237.78566175703813, 'y': 13.072527121097007, 'z': 1145.4303011894226}
2026-02-12 12:29:47,738 - Drone_3 - INFO - Drone 3: Reached target position
2026-02-12 12:29:48,259 - Drone_3 - INFO - Drone 3: Flying to {'x': 231.1935931358667, 'y': 17.30556599332431, 'z': 1145.4303011894226}
2026-02-12 12:29:48,744 - Drone_3 - INFO - Drone 3: Reached target position
2026-02-12 12:29:49,262 - Drone_3 - INFO - Drone 3: Flying to {'x': 224.5155694687208, 'y': 21.40625734451627, 'z': 1145.4303011894226}
2026-02-12 12:29:49,750 - Drone_3 - INFO - Drone 3: Reached target position
2026-02-12 12:29:50,266 - Drone_3 - INFO - Drone 3: Flying to {'x': 217.755159556668, 'y': 25.367762007504837, 'z': 1145.4303011894226}
2026-02-12 12:29:50,756 - Drone_3 - INFO - Drone 3: Reached target position
2026-02-12 12:29:51,270 - Drone_3 - INFO - Drone 3: Flying to {'x': 210.91859664703412, 'y': 29.182848137785093, 'z': 1145.4303011894226}
2026-02-12 12:29:51,764 - Drone_3 - INFO - Drone 3: Reached target position
2026-02-12 12:29:52,274 - Drone_3 - INFO - Drone 3: Flying to {'x': 204.00223240130478, 'y': 32.850580215051465, 'z': 1145.4303011894226}
2026-02-12 12:29:52,771 - Drone_3 - INFO - Drone 3: Reached target position
2026-02-12 12:29:53,277 - Drone_3 - INFO - Drone 3: Flying to {'x': 197.00060605769366, 'y': 36.37089829028143, 'z': 1145.4303011894226}
2026-02-12 12:29:53,777 - Drone_3 - INFO - Drone 3: Reached target position
2026-02-12 12:29:54,278 - Drone_3 - INFO - Drone 3: Flying to {'x': 189.92119088903627, 'y': 39.737487802348866, 'z': 1145.4303011894226}
2026-02-12 12:29:54,682 - Drone_3 - INFO - Drone 3: Reached target position
2026-02-12 12:29:55,281 - Drone_3 - INFO - Drone 3: Flying to {'x': 183.47441855882136, 'y': 42.63810334626301, 'z': 1145.4303011894226}
2026-02-12 12:29:55,587 - Drone_3 - INFO - Drone 3: Reached target position
2026-02-12 12:29:56,283 - Drone_3 - INFO - Drone 3: Flying to {'x': 176.26319915644257, 'y': 45.700218241574305, 'z': 1145.4303011894226}
2026-02-12 12:29:56,595 - Drone_3 - INFO - Drone 3: Reached target position
2026-02-12 12:29:57,287 - Drone_3 - INFO - Drone 3: Flying to {'x': 168.99340148999013, 'y': 48.59632308663632, 'z': 1145.4303011894226}
2026-02-12 12:29:57,602 - Drone_3 - INFO - Drone 3: Reached target position
2026-02-12 12:29:58,290 - Drone_3 - INFO - Drone 3: Flying to {'x': 161.6376672515006, 'y': 51.33575050083456, 'z': 1145.4303011894226}
2026-02-12 12:29:58,608 - Drone_3 - INFO - Drone 3: Reached target position
2026-02-12 12:29:59,294 - Drone_3 - INFO - Drone 3: Flying to {'x': 154.23737264946288, 'y': 53.90208671666677, 'z': 1145.4303011894226}
2026-02-12 12:29:59,615 - Drone_3 - INFO - Drone 3: Reached target position
2026-02-12 12:30:00,297 - Drone_3 - INFO - Drone 3: Flying to {'x': 146.7863562467918, 'y': 56.29758855414392, 'z': 1145.4303011894226}
2026-02-12 12:30:00,621 - Drone_3 - INFO - Drone 3: Reached target position
2026-02-12 12:30:01,301 - Drone_3 - INFO - Drone 3: Flying to {'x': 139.28687214286094, 'y': 58.521305120958424, 'z': 1145.4303011894226}
2026-02-12 12:30:01,626 - Drone_3 - INFO - Drone 3: Reached target position
2026-02-12 12:30:02,303 - Drone_3 - INFO - Drone 3: Flying to {'x': 131.74332529942384, 'y': 60.57171284202244, 'z': 1145.4303011894226}
2026-02-12 12:30:02,634 - Drone_3 - INFO - Drone 3: Reached target position
2026-02-12 12:30:03,304 - Drone_3 - INFO - Drone 3: Flying to {'x': 124.15420715455627, 'y': 62.44882573155101, 'z': 1145.4303011894226}
2026-02-12 12:30:03,640 - Drone_3 - INFO - Drone 3: Reached target position
2026-02-12 12:30:04,307 - Drone_3 - INFO - Drone 3: Flying to {'x': 116.53168927024309, 'y': 64.14933886832436, 'z': 1145.4303011894226}
2026-02-12 12:30:04,657 - Drone_3 - INFO - Drone 3: Reached target position
2026-02-12 12:30:05,310 - Drone_3 - INFO - Drone 3: Flying to {'x': 108.94475096238338, 'y': 65.65834887181883, 'z': 1145.4303011894226}
2026-02-12 12:30:05,632 - Drone_3 - INFO - Drone 3: Reached target position
2026-02-12 12:30:06,314 - Drone_3 - INFO - Drone 3: Flying to {'x': 101.25594612945677, 'y': 67.00629448223212, 'z': 1145.4303011894226}
2026-02-12 12:30:06,637 - Drone_3 - INFO - Drone 3: Reached target position
2026-02-12 12:30:07,318 - Drone_3 - INFO - Drone 3: Flying to {'x': 93.53608385997138, 'y': 68.17558677236475, 'z': 1145.4303011894226}
2026-02-12 12:30:07,543 - Drone_3 - INFO - Drone 3: Reached target position
2026-02-12 12:30:08,322 - Drone_3 - INFO - Drone 3: Flying to {'x': 85.78522155659618, 'y': 69.16501188456307, 'z': 1145.4303011894226}
2026-02-12 12:30:08,547 - Drone_3 - INFO - Drone 3: Reached target position
2026-02-12 12:30:09,325 - Drone_3 - INFO - Drone 3: Flying to {'x': 77.98777596753979, 'y': 69.97433138533191, 'z': 1145.4303011894226}
2026-02-12 12:30:09,554 - Drone_3 - INFO - Drone 3: Reached target position
2026-02-12 12:30:10,326 - Drone_3 - INFO - Drone 3: Flying to {'x': 70.1934470123197, 'y': 70.59701144102131, 'z': 1145.4303011894226}
2026-02-12 12:30:10,559 - Drone_3 - INFO - Drone 3: Reached target position
2026-02-12 12:30:11,330 - Drone_3 - INFO - Drone 3: Flying to {'x': 62.40988724764242, 'y': 71.03255738840194, 'z': 1145.4303011894226}
2026-02-12 12:30:11,568 - Drone_3 - INFO - Drone 3: Reached target position
2026-02-12 12:30:12,334 - Drone_3 - INFO - Drone 3: Flying to {'x': 54.60621481550995, 'y': 71.28139402869637, 'z': 1145.4303011894226}
2026-02-12 12:30:12,575 - Drone_3 - INFO - Drone 3: Reached target position
2026-02-12 12:30:13,337 - Drone_3 - INFO - Drone 3: Flying to {'x': 46.81398861833644, 'y': 71.34079210753865, 'z': 1145.4303011894226}
2026-02-12 12:30:13,582 - Drone_3 - INFO - Drone 3: Reached target position
2026-02-12 12:30:14,338 - Drone_3 - INFO - Drone 3: Flying to {'x': 39.0264420658109, 'y': 71.2093330546924, 'z': 1145.4303011894226}
2026-02-12 12:30:14,588 - Drone_3 - INFO - Drone 3: Reached target position
2026-02-12 12:30:15,341 - Drone_3 - INFO - Drone 3: Flying to {'x': 31.243218134738182, 'y': 70.88467246538124, 'z': 1145.4303011894226}
2026-02-12 12:30:15,595 - Drone_3 - INFO - Drone 3: Reached target position
2026-02-12 12:30:16,346 - Drone_3 - INFO - Drone 3: Flying to {'x': 23.47992238645055, 'y': 70.36505973025024, 'z': 1145.4303011894226}
2026-02-12 12:30:16,600 - Drone_3 - INFO - Drone 3: Reached target position
2026-02-12 12:30:17,349 - Drone_3 - INFO - Drone 3: Flying to {'x': 15.744595137722285, 'y': 69.64881832794038, 'z': 1145.4303011894226}
2026-02-12 12:30:17,505 - Drone_3 - INFO - Drone 3: Reached target position
2026-02-12 12:30:18,354 - Drone_3 - INFO - Drone 3: Flying to {'x': 8.026838411605524, 'y': 68.73189355989517, 'z': 1145.4303011894226}
2026-02-12 12:30:18,512 - Drone_3 - INFO - Drone 3: Reached target position
2026-02-12 12:30:19,357 - Drone_3 - INFO - Drone 3: Flying to {'x': 0.3469197538358655, 'y': 67.61324743990443, 'z': 1145.4303011894226}
2026-02-12 12:30:19,519 - Drone_3 - INFO - Drone 3: Reached target position
2026-02-12 12:30:20,358 - Drone_3 - INFO - Drone 3: Flying to {'x': -7.311448529440959, 'y': 66.28623635048442, 'z': 1145.4303011894226}
2026-02-12 12:30:20,527 - Drone_3 - INFO - Drone 3: Reached target position
2026-02-12 12:30:21,360 - Drone_3 - INFO - Drone 3: Flying to {'x': -14.910092103573023, 'y': 64.75328252027853, 'z': 1145.4303011894226}
2026-02-12 12:30:21,533 - Drone_3 - INFO - Drone 3: Reached target position
2026-02-12 12:30:22,363 - Drone_3 - INFO - Drone 3: Flying to {'x': -22.468651993818916, 'y': 63.005795850749706, 'z': 1145.4303011894226}
2026-02-12 12:30:22,542 - Drone_3 - INFO - Drone 3: Reached target position
2026-02-12 12:30:23,366 - Drone_3 - INFO - Drone 3: Flying to {'x': -29.952852848957427, 'y': 61.04670459847178, 'z': 1145.4303011894226}
2026-02-12 12:30:23,548 - Drone_3 - INFO - Drone 3: Reached target position
2026-02-12 12:30:24,367 - Drone_3 - INFO - Drone 3: Flying to {'x': -37.37407281451358, 'y': 58.86761026738924, 'z': 1145.4303011894226}
2026-02-12 12:30:24,551 - Drone_3 - INFO - Drone 3: Reached target position
2026-02-12 12:30:25,368 - Drone_3 - INFO - Drone 3: Flying to {'x': -44.73089184320413, 'y': 56.456326500649496, 'z': 1145.4303011894226}
2026-02-12 12:30:25,550 - Drone_3 - INFO - Drone 3: Reached target position
2026-02-12 12:30:26,370 - Drone_3 - INFO - Drone 3: Flying to {'x': -52.01158641930844, 'y': 53.81838320940123, 'z': 1145.4303011894226}
2026-02-12 12:30:26,556 - Drone_3 - INFO - Drone 3: Reached target position
2026-02-12 12:30:27,372 - Drone_3 - INFO - Drone 3: Flying to {'x': -59.09771701804808, 'y': 50.717221387557615, 'z': 1145.4303011894226}
2026-02-12 12:30:27,563 - Drone_3 - INFO - Drone 3: Reached target position
2026-02-12 12:30:28,374 - Drone_3 - INFO - Drone 3: Flying to {'x': -65.5884418563394, 'y': 48.14780507412409, 'z': 1145.4303011894226}
2026-02-12 12:30:28,467 - Drone_3 - INFO - Drone 3: Reached target position
2026-02-12 12:30:29,375 - Drone_3 - INFO - Drone 3: Flying to {'x': -72.57230508691339, 'y': 44.80413969479558, 'z': 1145.4303011894226}
2026-02-12 12:30:29,572 - Drone_3 - INFO - Drone 3: Reached target position
2026-02-12 12:30:30,377 - Drone_3 - INFO - Drone 3: Flying to {'x': -79.45939062012616, 'y': 41.181435946893956, 'z': 1145.4303011894226}
2026-02-12 12:30:30,578 - Drone_3 - INFO - Drone 3: Reached target position
2026-02-12 12:30:31,380 - Drone_3 - INFO - Drone 3: Flying to {'x': -86.20728037115535, 'y': 37.275882253848245, 'z': 1145.4303011894226}
2026-02-12 12:30:31,583 - Drone_3 - INFO - Drone 3: Reached target position
2026-02-12 12:30:32,385 - Drone_3 - INFO - Drone 3: Flying to {'x': -92.80309274969062, 'y': 33.0612274142466, 'z': 1145.4303011894226}
2026-02-12 12:30:32,589 - Drone_3 - INFO - Drone 3: Reached target position
2026-02-12 12:30:33,387 - Drone_3 - INFO - Drone 3: Flying to {'x': -99.24111183069202, 'y': 28.491860200925423, 'z': 1145.4303011894226}
2026-02-12 12:30:33,596 - Drone_3 - INFO - Drone 3: Reached target position
2026-02-12 12:30:34,389 - Drone_3 - INFO - Drone 3: Flying to {'x': -105.46099102844909, 'y': 23.543790321970167, 'z': 1145.4303011894226}
2026-02-12 12:30:34,602 - Drone_3 - INFO - Drone 3: Reached target position
2026-02-12 12:30:35,390 - Drone_3 - INFO - Drone 3: Flying to {'x': -111.40463791070349, 'y': 18.17597469916238, 'z': 1145.4303011894226}
2026-02-12 12:30:35,610 - Drone_3 - INFO - Drone 3: Reached target position
2026-02-12 12:30:36,393 - Drone_3 - INFO - Drone 3: Flying to {'x': -117.00810061403064, 'y': 12.327611692722712, 'z': 1145.4303011894226}
2026-02-12 12:30:36,717 - Drone_3 - INFO - Drone 3: Reached target position
2026-02-12 12:30:37,397 - Drone_3 - INFO - Drone 3: Flying to {'x': -122.13621404538846, 'y': 5.992137144350361, 'z': 1145.4303011894226}
2026-02-12 12:30:37,723 - Drone_3 - INFO - Drone 3: Reached target position
2026-02-12 12:30:38,401 - Drone_3 - INFO - Drone 3: Flying to {'x': -126.6671666858722, 'y': -0.8569234202841911, 'z': 1145.4303011894226}
2026-02-12 12:30:38,730 - Drone_3 - INFO - Drone 3: Reached target position
2026-02-12 12:30:39,403 - Drone_3 - INFO - Drone 3: Flying to {'x': -130.43652050884702, 'y': -8.172786756533046, 'z': 1145.4303011894226}
2026-02-12 12:30:39,837 - Drone_3 - INFO - Drone 3: Reached target position
2026-02-12 12:30:40,405 - Drone_3 - INFO - Drone 3: Flying to {'x': -133.2948855557576, 'y': -15.87087867609588, 'z': 1145.4303011894226}
2026-02-12 12:30:40,843 - Drone_3 - INFO - Drone 3: Reached target position
2026-02-12 12:30:41,407 - Drone_3 - INFO - Drone 3: Flying to {'x': -135.1261821752196, 'y': -23.836772530670665, 'z': 1145.4303011894226}
2026-02-12 12:30:41,951 - Drone_3 - INFO - Drone 3: Reached target position
2026-02-12 12:30:42,411 - Drone_3 - INFO - Drone 3: Flying to {'x': -135.85740880604908, 'y': -31.914371746925656, 'z': 1145.4303011894226}
2026-02-12 12:30:42,960 - Drone_3 - INFO - Drone 3: Reached target position
2026-02-12 12:30:43,414 - Drone_3 - INFO - Drone 3: Flying to {'x': -135.47433278215408, 'y': -39.94216769972811, 'z': 1145.4303011894226}
2026-02-12 12:30:43,967 - Drone_3 - INFO - Drone 3: Reached target position
2026-02-12 12:30:44,417 - Drone_3 - INFO - Drone 3: Flying to {'x': -134.02084290730184, 'y': -47.75582546865425, 'z': 1145.4303011894226}
2026-02-12 12:30:44,974 - Drone_3 - INFO - Drone 3: Reached target position
2026-02-12 12:30:45,420 - Drone_3 - INFO - Drone 3: Flying to {'x': -131.58598660905218, 'y': -55.20687231387325, 'z': 1145.4303011894226}
2026-02-12 12:30:46,073 - Drone_3 - INFO - Drone 3: Reached target position
2026-02-12 12:30:46,423 - Drone_3 - INFO - Drone 3: Flying to {'x': -128.267546749857, 'y': -62.291889949052056, 'z': 1145.4303011894226}
2026-02-12 12:30:47,078 - Drone_3 - INFO - Drone 3: Reached target position
2026-02-12 12:30:47,426 - Drone_3 - INFO - Drone 3: Flying to {'x': -124.18243324713282, 'y': -68.91456861165173, 'z': 1145.4303011894226}
2026-02-12 12:30:48,084 - Drone_3 - INFO - Drone 3: Reached target position
2026-02-12 12:30:48,428 - Drone_3 - INFO - Drone 3: Flying to {'x': -119.43474357386998, 'y': -75.05969023291448, 'z': 1145.4303011894226}
2026-02-12 12:30:49,090 - Drone_3 - INFO - Drone 3: Reached target position
2026-02-12 12:30:49,430 - Drone_3 - INFO - Drone 3: Flying to {'x': -114.13292454359522, 'y': -80.71262266549599, 'z': 1145.4303011894226}
2026-02-12 12:30:50,097 - Drone_3 - INFO - Drone 3: Reached target position
2026-02-12 12:30:50,433 - Drone_3 - INFO - Drone 3: Flying to {'x': -108.37947056562705, 'y': -85.87255581862337, 'z': 1145.4303011894226}
2026-02-12 12:30:51,103 - Drone_3 - INFO - Drone 3: Reached target position
2026-02-12 12:30:51,436 - Drone_3 - INFO - Drone 3: Flying to {'x': -102.23580021781657, 'y': -90.57226166569296, 'z': 1145.4303011894226}
2026-02-12 12:30:52,108 - Drone_3 - INFO - Drone 3: Reached target position
2026-02-12 12:30:52,438 - Drone_3 - INFO - Drone 3: Flying to {'x': -95.78503327947269, 'y': -94.82058663775632, 'z': 1145.4303011894226}
2026-02-12 12:30:53,115 - Drone_3 - INFO - Drone 3: Reached target position
2026-02-12 12:30:53,440 - Drone_3 - INFO - Drone 3: Flying to {'x': -89.06690515787919, 'y': -98.65156909398195, 'z': 1145.4303011894226}
2026-02-12 12:30:54,121 - Drone_3 - INFO - Drone 3: Reached target position
2026-02-12 12:30:54,443 - Drone_3 - INFO - Drone 3: Flying to {'x': -82.13253938027847, 'y': -102.08483039129669, 'z': 1145.4303011894226}
2026-02-12 12:30:55,127 - Drone_3 - INFO - Drone 3: Reached target position
2026-02-12 12:30:55,446 - Drone_3 - INFO - Drone 3: Flying to {'x': -75.01555402042577, 'y': -105.14446716603842, 'z': 1145.4303011894226}
2026-02-12 12:30:56,132 - Drone_3 - INFO - Drone 3: Reached target position
2026-02-12 12:30:56,448 - Drone_3 - INFO - Drone 3: Flying to {'x': -67.74893545657186, 'y': -107.85004050587237, 'z': 1145.4303011894226}
2026-02-12 12:30:57,139 - Drone_3 - INFO - Drone 3: Reached target position
2026-02-12 12:30:57,451 - Drone_3 - INFO - Drone 3: Flying to {'x': -60.36711431374747, 'y': -110.21768193372763, 'z': 1145.4303011894226}
2026-02-12 12:30:58,145 - Drone_3 - INFO - Drone 3: Reached target position
2026-02-12 12:30:58,453 - Drone_3 - INFO - Drone 3: Flying to {'x': -52.87840477045863, 'y': -112.26850493381004, 'z': 1145.4303011894226}
2026-02-12 12:30:59,153 - Drone_3 - INFO - Drone 3: Reached target position
2026-02-12 12:30:59,455 - Drone_3 - INFO - Drone 3: Flying to {'x': -46.0613184779938, 'y': -113.8551901812526, 'z': 1145.4303011894226}
2026-02-12 12:30:59,958 - Drone_3 - INFO - Drone 3: Reached target position
2026-02-12 12:31:00,456 - Drone_3 - INFO - Drone 3: Flying to {'x': -38.43547841244556, 'y': -115.33804386677457, 'z': 1145.4303011894226}
2026-02-12 12:31:01,166 - Drone_3 - INFO - Drone 3: Reached target position
2026-02-12 12:31:01,458 - Drone_3 - INFO - Drone 3: Flying to {'x': -30.755917204000855, 'y': -116.54024193225807, 'z': 1145.4303011894226}
2026-02-12 12:31:02,072 - Drone_3 - INFO - Drone 3: Reached target position
2026-02-12 12:31:02,462 - Drone_3 - INFO - Drone 3: Flying to {'x': -23.041765351173563, 'y': -117.4708907573511, 'z': 1145.4303011894226}
2026-02-12 12:31:03,181 - Drone_3 - INFO - Drone 3: Reached target position
2026-02-12 12:31:03,466 - Drone_3 - INFO - Drone 3: Flying to {'x': -15.302851789703107, 'y': -118.13914871784537, 'z': 1145.4303011894226}
2026-02-12 12:31:04,087 - Drone_3 - INFO - Drone 3: Reached target position
2026-02-12 12:31:04,469 - Drone_3 - INFO - Drone 3: Flying to {'x': -7.526132297871886, 'y': -118.55348413119539, 'z': 1145.4303011894226}
2026-02-12 12:31:05,192 - Drone_3 - INFO - Drone 3: Reached target position
2026-02-12 12:31:05,471 - Drone_3 - INFO - Drone 3: Flying to {'x': 0.24781717962981675, 'y': -118.71813780849347, 'z': 1145.4303011894226}
2026-02-12 12:31:06,098 - Drone_3 - INFO - Drone 3: Reached target position
2026-02-12 12:31:06,475 - Drone_3 - INFO - Drone 3: Flying to {'x': 8.01821717161338, 'y': -118.63922260580054, 'z': 1145.4303011894226}
2026-02-12 12:31:07,206 - Drone_3 - INFO - Drone 3: Reached target position
2026-02-12 12:31:07,478 - Drone_3 - INFO - Drone 3: Flying to {'x': 15.7911611759848, 'y': -118.32058246875548, 'z': 1145.4303011894226}
2026-02-12 12:31:08,110 - Drone_3 - INFO - Drone 3: Reached target position
2026-02-12 12:31:08,480 - Drone_3 - INFO - Drone 3: Flying to {'x': 23.531919056124416, 'y': -117.7671788578434, 'z': 1145.4303011894226}
2026-02-12 12:31:09,216 - Drone_3 - INFO - Drone 3: Reached target position
2026-02-12 12:31:09,482 - Drone_3 - INFO - Drone 3: Flying to {'x': 31.270070029311547, 'y': -116.97886531670983, 'z': 1145.4303011894226}
2026-02-12 12:31:10,122 - Drone_3 - INFO - Drone 3: Reached target position
2026-02-12 12:31:10,484 - Drone_3 - INFO - Drone 3: Flying to {'x': 38.960382881271826, 'y': -115.96154502189371, 'z': 1145.4303011894226}
2026-02-12 12:31:11,228 - Drone_3 - INFO - Drone 3: Reached target position
2026-02-12 12:31:11,487 - Drone_3 - INFO - Drone 3: Flying to {'x': 46.60973011442888, 'y': -114.71571632635391, 'z': 1145.4303011894226}
2026-02-12 12:31:12,134 - Drone_3 - INFO - Drone 3: Reached target position
2026-02-12 12:31:12,491 - Drone_3 - INFO - Drone 3: Flying to {'x': 54.23491860163533, 'y': -113.23744854979236, 'z': 1145.4303011894226}
2026-02-12 12:31:13,241 - Drone_3 - INFO - Drone 3: Reached target position
2026-02-12 12:31:13,494 - Drone_3 - INFO - Drone 3: Flying to {'x': 61.7968111340305, 'y': -111.53282667840008, 'z': 1145.4303011894226}
2026-02-12 12:31:14,147 - Drone_3 - INFO - Drone 3: Reached target position
2026-02-12 12:31:14,496 - Drone_3 - INFO - Drone 3: Flying to {'x': 69.30680896775691, 'y': -109.59741317181799, 'z': 1145.4303011894226}
2026-02-12 12:31:15,255 - Drone_3 - INFO - Drone 3: Reached target position
2026-02-12 12:31:15,498 - Drone_3 - INFO - Drone 3: Flying to {'x': 76.76209794419026, 'y': -107.42807401930767, 'z': 1145.4303011894226}
2026-02-12 12:31:16,161 - Drone_3 - INFO - Drone 3: Reached target position
2026-02-12 12:31:16,500 - Drone_3 - INFO - Drone 3: Flying to {'x': 84.12125791123678, 'y': -105.0336321238779, 'z': 1145.4303011894226}
2026-02-12 12:31:17,268 - Drone_3 - INFO - Drone 3: Reached target position
2026-02-12 12:31:17,503 - Drone_3 - INFO - Drone 3: Flying to {'x': 91.39745380307299, 'y': -102.40604356676577, 'z': 1145.4303011894226}
2026-02-12 12:31:18,173 - Drone_3 - INFO - Drone 3: Reached target position
2026-02-12 12:31:18,506 - Drone_3 - INFO - Drone 3: Flying to {'x': 98.5838422118805, 'y': -99.54173943040895, 'z': 1145.4303011894226}
2026-02-12 12:31:19,280 - Drone_3 - INFO - Drone 3: Reached target position
2026-02-12 12:31:19,509 - Drone_3 - INFO - Drone 3: Flying to {'x': 105.66844285952392, 'y': -96.43819181116251, 'z': 1145.4303011894226}
2026-02-12 12:31:20,186 - Drone_3 - INFO - Drone 3: Reached target position
2026-02-12 12:31:20,512 - Drone_3 - INFO - Drone 3: Flying to {'x': 112.65262105765285, 'y': -93.08529537216057, 'z': 1145.4303011894226}
2026-02-12 12:31:21,293 - Drone_3 - INFO - Drone 3: Reached target position
2026-02-12 12:31:21,514 - Drone_3 - INFO - Drone 3: Flying to {'x': 119.4930012545436, 'y': -89.4940311710822, 'z': 1145.4303011894226}
2026-02-12 12:31:22,199 - Drone_3 - INFO - Drone 3: Reached target position
2026-02-12 12:31:22,516 - Drone_3 - INFO - Drone 3: Flying to {'x': 126.2009058275735, 'y': -85.64665444705409, 'z': 1145.4303011894226}
2026-02-12 12:31:23,307 - Drone_3 - INFO - Drone 3: Reached target position
2026-02-12 12:31:23,519 - Drone_3 - INFO - Drone 3: Flying to {'x': 132.75280561645974, 'y': -81.54124008945347, 'z': 1145.4303011894226}
2026-02-12 12:31:24,212 - Drone_3 - INFO - Drone 3: Reached target position
2026-02-12 12:31:24,522 - Drone_3 - INFO - Drone 3: Flying to {'x': 139.13227814061358, 'y': -77.169805081614, 'z': 1145.4303011894226}
2026-02-12 12:31:25,218 - Drone_3 - INFO - Drone 3: Reached target position
2026-02-12 12:31:25,525 - Drone_3 - INFO - Drone 3: Flying to {'x': 145.326258574832, 'y': -72.51793142599546, 'z': 1145.4303011894226}
2026-02-12 12:31:26,225 - Drone_3 - INFO - Drone 3: Reached target position
2026-02-12 12:31:26,529 - Drone_3 - INFO - Drone 3: Flying to {'x': 151.31344878160866, 'y': -67.57159636762512, 'z': 1145.4303011894226}
2026-02-12 12:31:27,232 - Drone_3 - INFO - Drone 3: Reached target position
2026-02-12 12:31:27,531 - Drone_3 - INFO - Drone 3: Flying to {'x': 157.0601126197627, 'y': -62.32164817592722, 'z': 1145.4303011894226}
2026-02-12 12:31:28,137 - Drone_3 - INFO - Drone 3: Reached target position
2026-02-12 12:31:28,533 - Drone_3 - INFO - Drone 3: Flying to {'x': 162.52612846824482, 'y': -56.760162756302506, 'z': 1145.4303011894226}
2026-02-12 12:31:29,143 - Drone_3 - INFO - Drone 3: Reached target position
2026-02-12 12:31:29,537 - Drone_3 - INFO - Drone 3: Flying to {'x': 167.67567669075487, 'y': -50.86794726992187, 'z': 1145.4303011894226}
2026-02-12 12:31:30,150 - Drone_3 - INFO - Drone 3: Reached target position
2026-02-12 12:31:30,541 - Drone_3 - INFO - Drone 3: Flying to {'x': 172.44993044050358, 'y': -44.64480924042145, 'z': 1145.4303011894226}
2026-02-12 12:31:31,156 - Drone_3 - INFO - Drone 3: Reached target position
2026-02-12 12:31:31,545 - Drone_3 - INFO - Drone 3: Flying to {'x': 176.7965042622037, 'y': -38.07714757301063, 'z': 1145.4303011894226}
2026-02-12 12:31:32,167 - Drone_3 - INFO - Drone 3: Reached target position
2026-02-12 12:31:32,554 - Drone_3 - INFO - Drone 3: Flying to {'x': 180.6415223122533, 'y': -31.17960749017487, 'z': 1145.4303011894226}
2026-02-12 12:31:33,173 - Drone_3 - INFO - Drone 3: Reached target position
2026-02-12 12:31:33,557 - Drone_3 - INFO - Drone 3: Flying to {'x': 183.90931314639587, 'y': -23.980622332923765, 'z': 1145.4303011894226}
2026-02-12 12:31:34,179 - Drone_3 - INFO - Drone 3: Reached target position
2026-02-12 12:31:34,559 - Drone_3 - INFO - Drone 3: Flying to {'x': 186.52775086482646, 'y': -16.52405214274742, 'z': 1145.4303011894226}
2026-02-12 12:31:35,186 - Drone_3 - INFO - Drone 3: Reached target position
2026-02-12 12:31:35,562 - Drone_3 - INFO - Drone 3: Flying to {'x': 188.43429450181694, 'y': -8.869980634801706, 'z': 1145.4303011894226}
2026-02-12 12:31:36,193 - Drone_3 - INFO - Drone 3: Reached target position
2026-02-12 12:31:36,566 - Drone_3 - INFO - Drone 3: Flying to {'x': 189.21038561493194, 'y': -1.1083864920228885, 'z': 1145.4303011894226}
2026-02-12 12:31:37,200 - Drone_3 - INFO - Drone 3: Reached target position
2026-02-12 12:31:37,569 - Drone_3 - INFO - Drone 3: Flying to {'x': 189.9456350446088, 'y': 5.981455100975424, 'z': 1145.4303011894226}
2026-02-12 12:31:38,106 - Drone_3 - INFO - Drone 3: Reached target position
2026-02-12 12:31:38,572 - Drone_3 - INFO - Drone 3: Flying to {'x': 189.59421736464682, 'y': 13.800928705817848, 'z': 1145.4303011894226}
2026-02-12 12:31:39,212 - Drone_3 - INFO - Drone 3: Reached target position
2026-02-12 12:31:39,575 - Drone_3 - INFO - Drone 3: Flying to {'x': 188.46365760594094, 'y': 21.517178080739164, 'z': 1145.4303011894226}
2026-02-12 12:31:40,117 - Drone_3 - INFO - Drone 3: Reached target position
2026-02-12 12:31:40,577 - Drone_3 - INFO - Drone 3: Flying to {'x': 186.5862340793077, 'y': 29.06156430683257, 'z': 1145.4303011894226}
2026-02-12 12:31:41,224 - Drone_3 - INFO - Drone 3: Reached target position
2026-02-12 12:31:41,578 - Drone_3 - INFO - Drone 3: Flying to {'x': 184.00413379571648, 'y': 36.38567641219913, 'z': 1145.4303011894226}
2026-02-12 12:31:42,129 - Drone_3 - INFO - Drone 3: Reached target position
2026-02-12 12:31:42,581 - Drone_3 - INFO - Drone 3: Flying to {'x': 180.7743437203914, 'y': 43.434796754051845, 'z': 1145.4303011894226}
2026-02-12 12:31:43,135 - Drone_3 - INFO - Drone 3: Reached target position
2026-02-12 12:31:43,584 - Drone_3 - INFO - Drone 3: Flying to {'x': 176.96015922627814, 'y': 50.17023068909678, 'z': 1145.4303011894226}
2026-02-12 12:31:44,142 - Drone_3 - INFO - Drone 3: Reached target position
2026-02-12 12:31:44,587 - Drone_3 - INFO - Drone 3: Flying to {'x': 172.62706589942272, 'y': 56.56629439555466, 'z': 1145.4303011894226}
2026-02-12 12:31:45,148 - Drone_3 - INFO - Drone 3: Reached target position
2026-02-12 12:31:45,590 - Drone_3 - INFO - Drone 3: Flying to {'x': 167.82954215345552, 'y': 62.61978856217408, 'z': 1145.4303011894226}
2026-02-12 12:31:46,156 - Drone_3 - INFO - Drone 3: Reached target position
2026-02-12 12:31:46,595 - Drone_3 - INFO - Drone 3: Flying to {'x': 162.61884576066856, 'y': 68.33040593968009, 'z': 1145.4303011894226}
2026-02-12 12:31:47,164 - Drone_3 - INFO - Drone 3: Reached target position
2026-02-12 12:31:47,599 - Drone_3 - INFO - Drone 3: Flying to {'x': 157.04872637434352, 'y': 73.6950638928509, 'z': 1145.4303011894226}
2026-02-12 12:31:48,069 - Drone_3 - INFO - Drone 3: Reached target position
2026-02-12 12:31:48,600 - Drone_3 - INFO - Drone 3: Flying to {'x': 151.16224776614683, 'y': 78.7208469469412, 'z': 1145.4303011894226}
2026-02-12 12:31:49,076 - Drone_3 - INFO - Drone 3: Reached target position
2026-02-12 12:31:49,602 - Drone_3 - INFO - Drone 3: Flying to {'x': 145.0036292805687, 'y': 83.41218119533862, 'z': 1145.4303011894226}
2026-02-12 12:31:50,081 - Drone_3 - INFO - Drone 3: Reached target position
2026-02-12 12:31:50,603 - Drone_3 - INFO - Drone 3: Flying to {'x': 138.6046599931979, 'y': 87.7812547407745, 'z': 1145.4303011894226}
2026-02-12 12:31:51,087 - Drone_3 - INFO - Drone 3: Reached target position
2026-02-12 12:31:51,605 - Drone_3 - INFO - Drone 3: Flying to {'x': 131.99857286107874, 'y': 91.83661961984326, 'z': 1145.4303011894226}
2026-02-12 12:31:52,094 - Drone_3 - INFO - Drone 3: Reached target position
2026-02-12 12:31:52,607 - Drone_3 - INFO - Drone 3: Flying to {'x': 125.21481000582703, 'y': 95.58757372882182, 'z': 1145.4303011894226}
2026-02-12 12:31:53,100 - Drone_3 - INFO - Drone 3: Reached target position
2026-02-12 12:31:53,609 - Drone_3 - INFO - Drone 3: Flying to {'x': 118.26800801655979, 'y': 99.04907224822944, 'z': 1145.4303011894226}
2026-02-12 12:31:54,106 - Drone_3 - INFO - Drone 3: Reached target position
2026-02-12 12:31:54,611 - Drone_3 - INFO - Drone 3: Flying to {'x': 111.17197125068974, 'y': 102.23298752249087, 'z': 1145.4303011894226}
2026-02-12 12:31:55,114 - Drone_3 - INFO - Drone 3: Reached target position
2026-02-12 12:31:55,613 - Drone_3 - INFO - Drone 3: Flying to {'x': 103.94496365613674, 'y': 105.14693136462519, 'z': 1145.4303011894226}
2026-02-12 12:31:56,022 - Drone_3 - INFO - Drone 3: Reached target position
2026-02-12 12:31:56,615 - Drone_3 - INFO - Drone 3: Flying to {'x': 96.63378002391111, 'y': 107.78772517355347, 'z': 1145.4303011894226}
2026-02-12 12:31:57,028 - Drone_3 - INFO - Drone 3: Reached target position
2026-02-12 12:31:57,617 - Drone_3 - INFO - Drone 3: Flying to {'x': 89.20571655904513, 'y': 110.17968675863074, 'z': 1145.4303011894226}
2026-02-12 12:31:57,934 - Drone_3 - INFO - Drone 3: Reached target position
2026-02-12 12:31:58,618 - Drone_3 - INFO - Drone 3: Flying to {'x': 81.71570942947136, 'y': 112.31584163276848, 'z': 1145.4303011894226}
2026-02-12 12:31:58,939 - Drone_3 - INFO - Drone 3: Reached target position
2026-02-12 12:31:59,620 - Drone_3 - INFO - Drone 3: Flying to {'x': 74.17443336741982, 'y': 114.20448662588062, 'z': 1145.4303011894226}
2026-02-12 12:31:59,952 - Drone_3 - INFO - Drone 3: Reached target position
2026-02-12 12:32:00,622 - Drone_3 - INFO - Drone 3: Flying to {'x': 66.56486142524209, 'y': 115.85831721572048, 'z': 1145.4303011894226}
2026-02-12 12:32:00,958 - Drone_3 - INFO - Drone 3: Reached target position
2026-02-12 12:32:01,624 - Drone_3 - INFO - Drone 3: Flying to {'x': 58.914343658599265, 'y': 117.27829010467693, 'z': 1145.4303011894226}
2026-02-12 12:32:01,964 - Drone_3 - INFO - Drone 3: Reached target position
2026-02-12 12:32:02,626 - Drone_3 - INFO - Drone 3: Flying to {'x': 51.213151693303125, 'y': 118.4720304322527, 'z': 1145.4303011894226}
2026-02-12 12:32:02,970 - Drone_3 - INFO - Drone 3: Reached target position
2026-02-12 12:32:03,629 - Drone_3 - INFO - Drone 3: Flying to {'x': 43.46750650037651, 'y': 119.44263121451908, 'z': 1145.4303011894226}
2026-02-12 12:32:03,977 - Drone_3 - INFO - Drone 3: Reached target position
2026-02-12 12:32:04,630 - Drone_3 - INFO - Drone 3: Flying to {'x': 35.69930102635634, 'y': 120.19122423105729, 'z': 1145.4303011894226}
2026-02-12 12:32:04,983 - Drone_3 - INFO - Drone 3: Reached target position
2026-02-12 12:32:05,633 - Drone_3 - INFO - Drone 3: Flying to {'x': 27.93261776267319, 'y': 120.71996486634028, 'z': 1145.4303011894226}
2026-02-12 12:32:05,989 - Drone_3 - INFO - Drone 3: Reached target position
2026-02-12 12:32:06,636 - Drone_3 - INFO - Drone 3: Flying to {'x': 20.144683175686378, 'y': 121.03355662832729, 'z': 1145.4303011894226}
2026-02-12 12:32:06,995 - Drone_3 - INFO - Drone 3: Reached target position
2026-02-12 12:32:07,640 - Drone_3 - INFO - Drone 3: Flying to {'x': 12.337922264557626, 'y': 121.00749779969675, 'z': 1145.4303011894226}
2026-02-12 12:32:08,001 - Drone_3 - INFO - Drone 3: Reached target position
2026-02-12 12:32:08,643 - Drone_3 - INFO - Drone 3: Flying to {'x': 5.3411116941937, 'y': 121.04101707031927, 'z': 1145.4303011894226}
2026-02-12 12:32:08,908 - Drone_3 - INFO - Drone 3: Reached target position
2026-02-12 12:32:09,644 - Drone_3 - INFO - Drone 3: Flying to {'x': -2.4550988356223695, 'y': 120.73713645468979, 'z': 1145.4303011894226}
2026-02-12 12:32:09,914 - Drone_3 - INFO - Drone 3: Reached target position
2026-02-12 12:32:10,646 - Drone_3 - INFO - Drone 3: Flying to {'x': -10.21727756025956, 'y': 120.22358419960234, 'z': 1145.4303011894226}
2026-02-12 12:32:10,920 - Drone_3 - INFO - Drone 3: Reached target position
2026-02-12 12:32:11,648 - Drone_3 - INFO - Drone 3: Flying to {'x': -17.968086284066775, 'y': 119.49932573008535, 'z': 1145.4303011894226}
2026-02-12 12:32:11,925 - Drone_3 - INFO - Drone 3: Reached target position
2026-02-12 12:32:12,651 - Drone_3 - INFO - Drone 3: Flying to {'x': -25.685398554139155, 'y': 118.56595357662556, 'z': 1145.4303011894226}
2026-02-12 12:32:12,931 - Drone_3 - INFO - Drone 3: Reached target position
2026-02-12 12:32:13,654 - Drone_3 - INFO - Drone 3: Flying to {'x': -33.373474643408805, 'y': 117.42212925562994, 'z': 1145.4303011894226}
2026-02-12 12:32:13,938 - Drone_3 - INFO - Drone 3: Reached target position
2026-02-12 12:32:14,657 - Drone_3 - INFO - Drone 3: Flying to {'x': -41.060902008714514, 'y': 116.06026265601668, 'z': 1145.4303011894226}
2026-02-12 12:32:14,944 - Drone_3 - INFO - Drone 3: Reached target position
2026-02-12 12:32:15,662 - Drone_3 - INFO - Drone 3: Flying to {'x': -48.67741320714088, 'y': 114.49036443183512, 'z': 1145.4303011894226}
2026-02-12 12:32:15,951 - Drone_3 - INFO - Drone 3: Reached target position
2026-02-12 12:32:16,666 - Drone_3 - INFO - Drone 3: Flying to {'x': -56.23444441102888, 'y': 112.70885267774, 'z': 1145.4303011894226}
2026-02-12 12:32:16,959 - Drone_3 - INFO - Drone 3: Reached target position
2026-02-12 12:32:17,670 - Drone_3 - INFO - Drone 3: Flying to {'x': -63.73463469638345, 'y': 110.71210054791452, 'z': 1145.4303011894226}
2026-02-12 12:32:17,966 - Drone_3 - INFO - Drone 3: Reached target position
2026-02-12 12:32:18,675 - Drone_3 - INFO - Drone 3: Flying to {'x': -71.16433220923425, 'y': 108.49999915382236, 'z': 1145.4303011894226}
2026-02-12 12:32:18,974 - Drone_3 - INFO - Drone 3: Reached target position
2026-02-12 12:32:19,677 - Drone_3 - INFO - Drone 3: Flying to {'x': -78.51657832004355, 'y': 106.07042024527327, 'z': 1145.4303011894226}
2026-02-12 12:32:19,879 - Drone_3 - INFO - Drone 3: Reached target position
2026-02-12 12:32:20,680 - Drone_3 - INFO - Drone 3: Flying to {'x': -85.77981350809858, 'y': 103.42236767142035, 'z': 1145.4303011894226}
2026-02-12 12:32:20,785 - Drone_3 - INFO - Drone 3: Reached target position
2026-02-12 12:32:21,683 - Drone_3 - INFO - Drone 3: Flying to {'x': -92.97174759044754, 'y': 100.54234365841921, 'z': 1145.4303011894226}
2026-02-12 12:32:21,793 - Drone_3 - INFO - Drone 3: Reached target position
2026-02-12 12:32:22,687 - Drone_3 - INFO - Drone 3: Flying to {'x': -100.06754731459954, 'y': 97.43165539621445, 'z': 1145.4303011894226}
2026-02-12 12:32:22,799 - Drone_3 - INFO - Drone 3: Reached target position
2026-02-12 12:32:23,690 - Drone_3 - INFO - Drone 3: Flying to {'x': -107.04534144746127, 'y': 94.09142605207785, 'z': 1145.4303011894226}
2026-02-12 12:32:23,805 - Drone_3 - INFO - Drone 3: Reached target position
2026-02-12 12:32:24,693 - Drone_3 - INFO - Drone 3: Flying to {'x': -113.89546740504285, 'y': 90.51686750877391, 'z': 1145.4303011894226}
2026-02-12 12:32:24,811 - Drone_3 - INFO - Drone 3: Reached target position
2026-02-12 12:32:25,695 - Drone_3 - INFO - Drone 3: Flying to {'x': -120.61285429966088, 'y': 86.698741885975, 'z': 1145.4303011894226}
2026-02-12 12:32:25,818 - Drone_3 - INFO - Drone 3: Reached target position
2026-02-12 12:32:26,697 - Drone_3 - INFO - Drone 3: Flying to {'x': -127.19523733112909, 'y': 82.62256328443294, 'z': 1145.4303011894226}
2026-02-12 12:32:26,823 - Drone_3 - INFO - Drone 3: Reached target position
2026-02-12 12:32:27,699 - Drone_3 - INFO - Drone 3: Flying to {'x': -133.60444994645582, 'y': 78.29402199314995, 'z': 1145.4303011894226}
2026-02-12 12:32:27,830 - Drone_3 - INFO - Drone 3: Reached target position
2026-02-12 12:32:28,700 - Drone_3 - INFO - Drone 3: Flying to {'x': -139.83130278002156, 'y': 73.6982625344979, 'z': 1145.4303011894226}
2026-02-12 12:32:28,836 - Drone_3 - INFO - Drone 3: Reached target position
2026-02-12 12:32:29,703 - Drone_3 - INFO - Drone 3: Flying to {'x': -145.86307547696225, 'y': 68.81671511282471, 'z': 1145.4303011894226}
2026-02-12 12:32:29,843 - Drone_3 - INFO - Drone 3: Reached target position
2026-02-12 12:32:30,706 - Drone_3 - INFO - Drone 3: Flying to {'x': -151.66853033905238, 'y': 63.639535807854685, 'z': 1145.4303011894226}
2026-02-12 12:32:30,849 - Drone_3 - INFO - Drone 3: Reached target position
2026-02-12 12:32:31,710 - Drone_3 - INFO - Drone 3: Flying to {'x': -157.21557338815404, 'y': 58.15210434125942, 'z': 1145.4303011894226}
2026-02-12 12:32:31,855 - Drone_3 - INFO - Drone 3: Reached target position
2026-02-12 12:32:32,714 - Drone_3 - INFO - Drone 3: Flying to {'x': -162.4550318000281, 'y': 52.351152583706764, 'z': 1145.4303011894226}
2026-02-12 12:32:32,961 - Drone_3 - INFO - Drone 3: Reached target position
2026-02-12 12:32:33,719 - Drone_3 - INFO - Drone 3: Flying to {'x': -167.34083265805293, 'y': 46.225374196274366, 'z': 1145.4303011894226}
2026-02-12 12:32:33,968 - Drone_3 - INFO - Drone 3: Reached target position
2026-02-12 12:32:34,722 - Drone_3 - INFO - Drone 3: Flying to {'x': -171.81951168814933, 'y': 39.76530460905829, 'z': 1145.4303011894226}
2026-02-12 12:32:34,974 - Drone_3 - INFO - Drone 3: Reached target position
2026-02-12 12:32:35,724 - Drone_3 - INFO - Drone 3: Flying to {'x': -175.8255028887821, 'y': 32.97379161722342, 'z': 1145.4303011894226}
2026-02-12 12:32:35,981 - Drone_3 - INFO - Drone 3: Reached target position
2026-02-12 12:32:36,725 - Drone_3 - INFO - Drone 3: Flying to {'x': -179.28562124562112, 'y': 25.86920802845732, 'z': 1145.4303011894226}
2026-02-12 12:32:37,088 - Drone_3 - INFO - Drone 3: Reached target position
2026-02-12 12:32:37,727 - Drone_3 - INFO - Drone 3: Flying to {'x': -182.12256972126755, 'y': 18.496140568315187, 'z': 1145.4303011894226}
2026-02-12 12:32:38,094 - Drone_3 - INFO - Drone 3: Reached target position
2026-02-12 12:32:38,729 - Drone_3 - INFO - Drone 3: Flying to {'x': -184.27487793789805, 'y': 10.889199522454954, 'z': 1145.4303011894226}
2026-02-12 12:32:39,199 - Drone_3 - INFO - Drone 3: Reached target position
2026-02-12 12:32:39,731 - Drone_3 - INFO - Drone 3: Flying to {'x': -185.5783522024663, 'y': 3.898690425510607, 'z': 1145.4303011894226}
2026-02-12 12:32:40,104 - Drone_3 - INFO - Drone 3: Reached target position
2026-02-12 12:32:40,734 - Drone_3 - INFO - Drone 3: Flying to {'x': -186.28536299940146, 'y': -3.9462201779937054, 'z': 1145.4303011894226}
2026-02-12 12:32:41,212 - Drone_3 - INFO - Drone 3: Reached target position
2026-02-12 12:32:41,736 - Drone_3 - INFO - Drone 3: Flying to {'x': -186.19700028559095, 'y': -11.796550706578014, 'z': 1145.4303011894226}
2026-02-12 12:32:42,218 - Drone_3 - INFO - Drone 3: Reached target position
2026-02-12 12:32:42,740 - Drone_3 - INFO - Drone 3: Flying to {'x': -185.3177741481284, 'y': -19.575799215184787, 'z': 1145.4303011894226}
2026-02-12 12:32:43,324 - Drone_3 - INFO - Drone 3: Reached target position
2026-02-12 12:32:43,744 - Drone_3 - INFO - Drone 3: Flying to {'x': -183.6661360252851, 'y': -27.229478800529, 'z': 1145.4303011894226}
2026-02-12 12:32:44,330 - Drone_3 - INFO - Drone 3: Reached target position
2026-02-12 12:32:44,747 - Drone_3 - INFO - Drone 3: Flying to {'x': -181.30045699184302, 'y': -34.62861546293317, 'z': 1145.4303011894226}
2026-02-12 12:32:45,336 - Drone_3 - INFO - Drone 3: Reached target position
2026-02-12 12:32:45,750 - Drone_3 - INFO - Drone 3: Flying to {'x': -178.25740939591225, 'y': -41.78121093861257, 'z': 1145.4303011894226}
2026-02-12 12:32:46,342 - Drone_3 - INFO - Drone 3: Reached target position
2026-02-12 12:32:46,754 - Drone_3 - INFO - Drone 3: Flying to {'x': -174.61540539834974, 'y': -48.60644738759383, 'z': 1145.4303011894226}
2026-02-12 12:32:47,348 - Drone_3 - INFO - Drone 3: Reached target position
2026-02-12 12:32:47,757 - Drone_3 - INFO - Drone 3: Flying to {'x': -170.42827297291953, 'y': -55.10023992916394, 'z': 1145.4303011894226}
2026-02-12 12:32:48,454 - Drone_3 - INFO - Drone 3: Reached target position
2026-02-12 12:32:48,760 - Drone_3 - INFO - Drone 3: Flying to {'x': -165.75108679347463, 'y': -61.25456956926459, 'z': 1145.4303011894226}
2026-02-12 12:32:49,360 - Drone_3 - INFO - Drone 3: Reached target position
2026-02-12 12:32:49,764 - Drone_3 - INFO - Drone 3: Flying to {'x': -160.64256239882357, 'y': -67.05896266976272, 'z': 1145.4303011894226}
2026-02-12 12:32:50,467 - Drone_3 - INFO - Drone 3: Reached target position
2026-02-12 12:32:50,768 - Drone_3 - INFO - Drone 3: Flying to {'x': -155.1652589848411, 'y': -72.50321631523582, 'z': 1145.4303011894226}
2026-02-12 12:32:51,272 - Drone_3 - INFO - Drone 3: Reached target position
2026-02-12 12:32:51,771 - Drone_3 - INFO - Drone 3: Flying to {'x': -149.35353787950288, 'y': -77.60507406378998, 'z': 1145.4303011894226}
2026-02-12 12:32:52,378 - Drone_3 - INFO - Drone 3: Reached target position
2026-02-12 12:32:52,773 - Drone_3 - INFO - Drone 3: Flying to {'x': -143.25115912408904, 'y': -82.36919111080023, 'z': 1145.4303011894226}
2026-02-12 12:32:53,384 - Drone_3 - INFO - Drone 3: Reached target position
2026-02-12 12:32:53,776 - Drone_3 - INFO - Drone 3: Flying to {'x': -136.89807615833752, 'y': -86.80227509720919, 'z': 1145.4303011894226}
2026-02-12 12:32:54,391 - Drone_3 - INFO - Drone 3: Reached target position
2026-02-12 12:32:54,780 - Drone_3 - INFO - Drone 3: Flying to {'x': -130.32630247857654, 'y': -90.91495121116705, 'z': 1145.4303011894226}
2026-02-12 12:32:55,397 - Drone_3 - INFO - Drone 3: Reached target position
2026-02-12 12:32:55,783 - Drone_3 - INFO - Drone 3: Flying to {'x': -123.56833716920896, 'y': -94.71564972920825, 'z': 1145.4303011894226}
2026-02-12 12:32:56,403 - Drone_3 - INFO - Drone 3: Reached target position
2026-02-12 12:32:56,786 - Drone_3 - INFO - Drone 3: Flying to {'x': -116.62730434520262, 'y': -98.22588228065659, 'z': 1145.4303011894226}
2026-02-12 12:32:57,409 - Drone_3 - INFO - Drone 3: Reached target position
2026-02-12 12:32:57,788 - Drone_3 - INFO - Drone 3: Flying to {'x': -109.55594490161366, 'y': -101.43991374776508, 'z': 1145.4303011894226}
2026-02-12 12:32:58,415 - Drone_3 - INFO - Drone 3: Reached target position
2026-02-12 12:32:58,789 - Drone_3 - INFO - Drone 3: Flying to {'x': -102.3588005630089, 'y': -104.37486982749506, 'z': 1145.4303011894226}
2026-02-12 12:32:59,423 - Drone_3 - INFO - Drone 3: Reached target position
2026-02-12 12:32:59,791 - Drone_3 - INFO - Drone 3: Flying to {'x': -95.05244420810865, 'y': -107.03963830101719, 'z': 1145.4303011894226}
2026-02-12 12:33:00,429 - Drone_3 - INFO - Drone 3: Reached target position
2026-02-12 12:33:00,792 - Drone_3 - INFO - Drone 3: Flying to {'x': -87.6555503005352, 'y': -109.44117119121637, 'z': 1145.4303011894226}
2026-02-12 12:33:01,436 - Drone_3 - INFO - Drone 3: Reached target position
2026-02-12 12:33:01,794 - Drone_3 - INFO - Drone 3: Flying to {'x': -80.1740311894262, 'y': -111.58924359196735, 'z': 1145.4303011894226}
2026-02-12 12:33:02,442 - Drone_3 - INFO - Drone 3: Reached target position
2026-02-12 12:33:02,797 - Drone_3 - INFO - Drone 3: Flying to {'x': -72.62059326798101, 'y': -113.48998673718343, 'z': 1145.4303011894226}
2026-02-12 12:33:03,447 - Drone_3 - INFO - Drone 3: Reached target position
2026-02-12 12:33:03,800 - Drone_3 - INFO - Drone 3: Flying to {'x': -64.9968502619933, 'y': -115.15098637013091, 'z': 1145.4303011894226}
2026-02-12 12:33:04,454 - Drone_3 - INFO - Drone 3: Reached target position
2026-02-12 12:33:04,804 - Drone_3 - INFO - Drone 3: Flying to {'x': -57.34122026173788, 'y': -116.57171354400859, 'z': 1145.4303011894226}
2026-02-12 12:33:05,460 - Drone_3 - INFO - Drone 3: Reached target position
2026-02-12 12:33:05,808 - Drone_3 - INFO - Drone 3: Flying to {'x': -49.639129124154266, 'y': -117.7617581799214, 'z': 1145.4303011894226}
2026-02-12 12:33:06,467 - Drone_3 - INFO - Drone 3: Reached target position
2026-02-12 12:33:06,811 - Drone_3 - INFO - Drone 3: Flying to {'x': -41.909390810450276, 'y': -118.72357860720683, 'z': 1145.4303011894226}
2026-02-12 12:33:07,473 - Drone_3 - INFO - Drone 3: Reached target position
2026-02-12 12:33:07,813 - Drone_3 - INFO - Drone 3: Flying to {'x': -34.152749892608, 'y': -119.46171211722472, 'z': 1145.4303011894226}
2026-02-12 12:33:08,479 - Drone_3 - INFO - Drone 3: Reached target position
2026-02-12 12:33:08,815 - Drone_3 - INFO - Drone 3: Flying to {'x': -26.37900363457164, 'y': -119.97889652217705, 'z': 1145.4303011894226}
2026-02-12 12:33:09,484 - Drone_3 - INFO - Drone 3: Reached target position
2026-02-12 12:33:09,818 - Drone_3 - INFO - Drone 3: Flying to {'x': -18.59485004601804, 'y': -120.27773495978279, 'z': 1145.4303011894226}
2026-02-12 12:33:10,591 - Drone_3 - INFO - Drone 3: Reached target position
2026-02-12 12:33:10,821 - Drone_3 - INFO - Drone 3: Flying to {'x': -10.797559395049637, 'y': -120.36029894057619, 'z': 1145.4303011894226}
2026-02-12 12:33:11,498 - Drone_3 - INFO - Drone 3: Reached target position
2026-02-12 12:33:11,823 - Drone_3 - INFO - Drone 3: Flying to {'x': -3.7984675823236347, 'y': -120.25118718878527, 'z': 1145.4303011894226}
2026-02-12 12:33:12,503 - Drone_3 - INFO - Drone 3: Reached target position
2026-02-12 12:33:12,826 - Drone_3 - INFO - Drone 3: Flying to {'x': 3.984169581415867, 'y': -119.92693924323967, 'z': 1145.4303011894226}
2026-02-12 12:33:13,611 - Drone_3 - INFO - Drone 3: Reached target position
2026-02-12 12:33:13,830 - Drone_3 - INFO - Drone 3: Flying to {'x': 11.754634233043307, 'y': -119.38974536885945, 'z': 1145.4303011894226}
2026-02-12 12:33:14,518 - Drone_3 - INFO - Drone 3: Reached target position
2026-02-12 12:33:14,833 - Drone_3 - INFO - Drone 3: Flying to {'x': 19.502668704146775, 'y': -118.64040140864374, 'z': 1145.4303011894226}
2026-02-12 12:33:15,624 - Drone_3 - INFO - Drone 3: Reached target position
2026-02-12 12:33:15,835 - Drone_3 - INFO - Drone 3: Flying to {'x': 27.21920866885003, 'y': -117.67961014514333, 'z': 1145.4303011894226}
2026-02-12 12:33:16,530 - Drone_3 - INFO - Drone 3: Reached target position
2026-02-12 12:33:16,838 - Drone_3 - INFO - Drone 3: Flying to {'x': 34.908404016536025, 'y': -116.5057962001274, 'z': 1145.4303011894226}
2026-02-12 12:33:17,636 - Drone_3 - INFO - Drone 3: Reached target position
2026-02-12 12:33:17,842 - Drone_3 - INFO - Drone 3: Flying to {'x': 42.558141912267395, 'y': -115.1190357946664, 'z': 1145.4303011894226}
2026-02-12 12:33:18,544 - Drone_3 - INFO - Drone 3: Reached target position
2026-02-12 12:33:18,846 - Drone_3 - INFO - Drone 3: Flying to {'x': 50.15204948329039, 'y': -113.52064299050073, 'z': 1145.4303011894226}
2026-02-12 12:33:19,451 - Drone_3 - INFO - Drone 3: Reached target position
2026-02-12 12:33:19,850 - Drone_3 - INFO - Drone 3: Flying to {'x': 57.70260054167508, 'y': -111.7052614703833, 'z': 1145.4303011894226}
2026-02-12 12:33:20,557 - Drone_3 - INFO - Drone 3: Reached target position
2026-02-12 12:33:20,854 - Drone_3 - INFO - Drone 3: Flying to {'x': 65.19781012932312, 'y': -109.6718185388437, 'z': 1145.4303011894226}
2026-02-12 12:33:21,463 - Drone_3 - INFO - Drone 3: Reached target position
2026-02-12 12:33:21,857 - Drone_3 - INFO - Drone 3: Flying to {'x': 72.61516431026213, 'y': -107.42273363050509, 'z': 1145.4303011894226}
2026-02-12 12:33:22,572 - Drone_3 - INFO - Drone 3: Reached target position
2026-02-12 12:33:22,859 - Drone_3 - INFO - Drone 3: Flying to {'x': 79.9517837160076, 'y': -104.95490397934743, 'z': 1145.4303011894226}
2026-02-12 12:33:23,477 - Drone_3 - INFO - Drone 3: Reached target position
2026-02-12 12:33:23,862 - Drone_3 - INFO - Drone 3: Flying to {'x': 87.22095828903842, 'y': -102.25765799818552, 'z': 1145.4303011894226}
2026-02-12 12:33:24,585 - Drone_3 - INFO - Drone 3: Reached target position
2026-02-12 12:33:24,866 - Drone_3 - INFO - Drone 3: Flying to {'x': 94.38216106672525, 'y': -99.33956837716883, 'z': 1145.4303011894226}
2026-02-12 12:33:25,491 - Drone_3 - INFO - Drone 3: Reached target position
2026-02-12 12:33:25,870 - Drone_3 - INFO - Drone 3: Flying to {'x': 101.43845954493452, 'y': -96.1926866597154, 'z': 1145.4303011894226}
2026-02-12 12:33:26,597 - Drone_3 - INFO - Drone 3: Reached target position
2026-02-12 12:33:26,874 - Drone_3 - INFO - Drone 3: Flying to {'x': 108.41045472105743, 'y': -92.79709962104197, 'z': 1145.4303011894226}
2026-02-12 12:33:27,503 - Drone_3 - INFO - Drone 3: Reached target position
2026-02-12 12:33:27,876 - Drone_3 - INFO - Drone 3: Flying to {'x': 115.2559332224544, 'y': -89.16103315928375, 'z': 1145.4303011894226}
2026-02-12 12:33:28,611 - Drone_3 - INFO - Drone 3: Reached target position
2026-02-12 12:33:28,878 - Drone_3 - INFO - Drone 3: Flying to {'x': 121.94937113269705, 'y': -85.28636644762588, 'z': 1145.4303011894226}
2026-02-12 12:33:29,518 - Drone_3 - INFO - Drone 3: Reached target position
2026-02-12 12:33:29,880 - Drone_3 - INFO - Drone 3: Flying to {'x': 128.48844270650807, 'y': -81.16020104520219, 'z': 1145.4303011894226}
2026-02-12 12:33:30,624 - Drone_3 - INFO - Drone 3: Reached target position
2026-02-12 12:33:30,883 - Drone_3 - INFO - Drone 3: Flying to {'x': 134.86124427842552, 'y': -76.7712922070481, 'z': 1145.4303011894226}
2026-02-12 12:33:31,529 - Drone_3 - INFO - Drone 3: Reached target position
2026-02-12 12:33:31,886 - Drone_3 - INFO - Drone 3: Flying to {'x': 141.0510140653397, 'y': -72.10744011946068, 'z': 1145.4303011894226}
2026-02-12 12:33:32,636 - Drone_3 - INFO - Drone 3: Reached target position
2026-02-12 12:33:32,890 - Drone_3 - INFO - Drone 3: Flying to {'x': 147.0245828873424, 'y': -67.16520742739182, 'z': 1145.4303011894226}
2026-02-12 12:33:33,542 - Drone_3 - INFO - Drone 3: Reached target position
2026-02-12 12:33:33,894 - Drone_3 - INFO - Drone 3: Flying to {'x': 152.76989932341564, 'y': -61.91814576576866, 'z': 1145.4303011894226}
2026-02-12 12:33:34,548 - Drone_3 - INFO - Drone 3: Reached target position
2026-02-12 12:33:34,897 - Drone_3 - INFO - Drone 3: Flying to {'x': 158.24907533918324, 'y': -56.35394948350693, 'z': 1145.4303011894226}
2026-02-12 12:33:35,555 - Drone_3 - INFO - Drone 3: Reached target position
2026-02-12 12:33:35,899 - Drone_3 - INFO - Drone 3: Flying to {'x': 163.40279921504796, 'y': -50.47861956326782, 'z': 1145.4303011894226}
2026-02-12 12:33:36,563 - Drone_3 - INFO - Drone 3: Reached target position
2026-02-12 12:33:36,901 - Drone_3 - INFO - Drone 3: Flying to {'x': 168.19578601067718, 'y': -44.26584237884246, 'z': 1145.4303011894226}
2026-02-12 12:33:37,570 - Drone_3 - INFO - Drone 3: Reached target position
2026-02-12 12:33:37,904 - Drone_3 - INFO - Drone 3: Flying to {'x': 172.56093449937597, 'y': -37.72117915210859, 'z': 1145.4303011894226}
2026-02-12 12:33:38,578 - Drone_3 - INFO - Drone 3: Reached target position
2026-02-12 12:33:38,907 - Drone_3 - INFO - Drone 3: Flying to {'x': 176.42960459720723, 'y': -30.854358121508835, 'z': 1145.4303011894226}
2026-02-12 12:33:39,584 - Drone_3 - INFO - Drone 3: Reached target position
2026-02-12 12:33:39,912 - Drone_3 - INFO - Drone 3: Flying to {'x': 179.73348218372456, 'y': -23.678445253564885, 'z': 1145.4303011894226}
2026-02-12 12:33:40,591 - Drone_3 - INFO - Drone 3: Reached target position
2026-02-12 12:33:40,917 - Drone_3 - INFO - Drone 3: Flying to {'x': 182.39693354916918, 'y': -16.237400017332867, 'z': 1145.4303011894226}
2026-02-12 12:33:41,598 - Drone_3 - INFO - Drone 3: Reached target position
2026-02-12 12:33:41,921 - Drone_3 - INFO - Drone 3: Flying to {'x': 184.3554296329234, 'y': -8.584187694119528, 'z': 1145.4303011894226}
2026-02-12 12:33:42,605 - Drone_3 - INFO - Drone 3: Reached target position
2026-02-12 12:33:42,923 - Drone_3 - INFO - Drone 3: Flying to {'x': 185.5569853676945, 'y': -0.7923171381585083, 'z': 1145.4303011894226}
2026-02-12 12:33:43,610 - Drone_3 - INFO - Drone 3: Reached target position
2026-02-12 12:33:43,926 - Drone_3 - INFO - Drone 3: Flying to {'x': 185.97053620129137, 'y': 7.052993983839682, 'z': 1145.4303011894226}
2026-02-12 12:33:44,616 - Drone_3 - INFO - Drone 3: Reached target position
2026-02-12 12:33:44,929 - Drone_3 - INFO - Drone 3: Flying to {'x': 185.58823609476366, 'y': 14.874831734710416, 'z': 1145.4303011894226}
2026-02-12 12:33:45,622 - Drone_3 - INFO - Drone 3: Reached target position
2026-02-12 12:33:45,933 - Drone_3 - INFO - Drone 3: Flying to {'x': 184.41974166249898, 'y': 22.60859232566831, 'z': 1145.4303011894226}
2026-02-12 12:33:46,627 - Drone_3 - INFO - Drone 3: Reached target position
2026-02-12 12:33:46,936 - Drone_3 - INFO - Drone 3: Flying to {'x': 182.50131505455292, 'y': 30.153411200855647, 'z': 1145.4303011894226}
2026-02-12 12:33:47,533 - Drone_3 - INFO - Drone 3: Reached target position
2026-02-12 12:33:47,940 - Drone_3 - INFO - Drone 3: Flying to {'x': 179.87906514505073, 'y': 37.46046683168103, 'z': 1145.4303011894226}
2026-02-12 12:33:48,538 - Drone_3 - INFO - Drone 3: Reached target position
2026-02-12 12:33:48,944 - Drone_3 - INFO - Drone 3: Flying to {'x': 176.61115730084248, 'y': 44.48055517698201, 'z': 1145.4303011894226}
2026-02-12 12:33:49,544 - Drone_3 - INFO - Drone 3: Reached target position
2026-02-12 12:33:49,947 - Drone_3 - INFO - Drone 3: Flying to {'x': 172.7585233638229, 'y': 51.18252615385955, 'z': 1145.4303011894226}
2026-02-12 12:33:50,549 - Drone_3 - INFO - Drone 3: Reached target position
2026-02-12 12:33:50,949 - Drone_3 - INFO - Drone 3: Flying to {'x': 168.38076692768968, 'y': 57.54859521137495, 'z': 1145.4303011894226}
2026-02-12 12:33:51,454 - Drone_3 - INFO - Drone 3: Reached target position
2026-02-12 12:33:51,951 - Drone_3 - INFO - Drone 3: Flying to {'x': 164.02927877545952, 'y': 62.99429585911206, 'z': 1145.4303011894226}
2026-02-12 12:33:52,360 - Drone_3 - INFO - Drone 3: Reached target position
2026-02-12 12:33:52,953 - Drone_3 - INFO - Drone 3: Flying to {'x': 158.80783520312139, 'y': 68.70019339115534, 'z': 1145.4303011894226}
2026-02-12 12:33:53,466 - Drone_3 - INFO - Drone 3: Reached target position
2026-02-12 12:33:53,957 - Drone_3 - INFO - Drone 3: Flying to {'x': 153.22719991653364, 'y': 74.04920289248143, 'z': 1145.4303011894226}
2026-02-12 12:33:54,472 - Drone_3 - INFO - Drone 3: Reached target position
2026-02-12 12:33:54,960 - Drone_3 - INFO - Drone 3: Flying to {'x': 147.33171653707817, 'y': 79.04968019274274, 'z': 1145.4303011894226}
2026-02-12 12:33:55,379 - Drone_3 - INFO - Drone 3: Reached target position
2026-02-12 12:33:55,963 - Drone_3 - INFO - Drone 3: Flying to {'x': 141.1480809681875, 'y': 83.72044279113054, 'z': 1145.4303011894226}
2026-02-12 12:33:56,385 - Drone_3 - INFO - Drone 3: Reached target position
2026-02-12 12:33:56,967 - Drone_3 - INFO - Drone 3: Flying to {'x': 134.73700266453824, 'y': 88.05284827512267, 'z': 1145.4303011894226}
2026-02-12 12:33:57,391 - Drone_3 - INFO - Drone 3: Reached target position
2026-02-12 12:33:57,971 - Drone_3 - INFO - Drone 3: Flying to {'x': 128.11239712168467, 'y': 92.07025044257779, 'z': 1145.4303011894226}
2026-02-12 12:33:58,396 - Drone_3 - INFO - Drone 3: Reached target position
2026-02-12 12:33:58,974 - Drone_3 - INFO - Drone 3: Flying to {'x': 121.2966518999719, 'y': 95.78517472436526, 'z': 1145.4303011894226}
2026-02-12 12:33:59,403 - Drone_3 - INFO - Drone 3: Reached target position
2026-02-12 12:33:59,976 - Drone_3 - INFO - Drone 3: Flying to {'x': 114.32302270924589, 'y': 99.20246726661946, 'z': 1145.4303011894226}
2026-02-12 12:34:00,410 - Drone_3 - INFO - Drone 3: Reached target position
2026-02-12 12:34:00,978 - Drone_3 - INFO - Drone 3: Flying to {'x': 107.20534007811688, 'y': 102.33535695291235, 'z': 1145.4303011894226}
2026-02-12 12:34:01,416 - Drone_3 - INFO - Drone 3: Reached target position
2026-02-12 12:34:01,980 - Drone_3 - INFO - Drone 3: Flying to {'x': 99.97810477430562, 'y': 105.18659856731551, 'z': 1145.4303011894226}
2026-02-12 12:34:02,421 - Drone_3 - INFO - Drone 3: Reached target position
2026-02-12 12:34:02,983 - Drone_3 - INFO - Drone 3: Flying to {'x': 92.64284349512077, 'y': 107.77114068647484, 'z': 1145.4303011894226}
2026-02-12 12:34:03,327 - Drone_3 - INFO - Drone 3: Reached target position
2026-02-12 12:34:03,987 - Drone_3 - INFO - Drone 3: Flying to {'x': 85.21864217458078, 'y': 110.09515190552558, 'z': 1145.4303011894226}
2026-02-12 12:34:04,334 - Drone_3 - INFO - Drone 3: Reached target position
2026-02-12 12:34:04,991 - Drone_3 - INFO - Drone 3: Flying to {'x': 77.71486943481787, 'y': 112.16690534928016, 'z': 1145.4303011894226}
2026-02-12 12:34:05,342 - Drone_3 - INFO - Drone 3: Reached target position
2026-02-12 12:34:05,994 - Drone_3 - INFO - Drone 3: Flying to {'x': 70.13865293564837, 'y': 113.99369856882812, 'z': 1145.4303011894226}
2026-02-12 12:34:06,347 - Drone_3 - INFO - Drone 3: Reached target position
2026-02-12 12:34:06,995 - Drone_3 - INFO - Drone 3: Flying to {'x': 62.50702022499748, 'y': 115.5795198610204, 'z': 1145.4303011894226}
2026-02-12 12:34:07,353 - Drone_3 - INFO - Drone 3: Reached target position
2026-02-12 12:34:07,997 - Drone_3 - INFO - Drone 3: Flying to {'x': 54.835337526131, 'y': 116.92870472389332, 'z': 1145.4303011894226}
2026-02-12 12:34:08,361 - Drone_3 - INFO - Drone 3: Reached target position
2026-02-12 12:34:09,001 - Drone_3 - INFO - Drone 3: Flying to {'x': 47.12675332380084, 'y': 118.04714524107858, 'z': 1145.4303011894226}
2026-02-12 12:34:09,367 - Drone_3 - INFO - Drone 3: Reached target position
2026-02-12 12:34:10,003 - Drone_3 - INFO - Drone 3: Flying to {'x': 39.39007871254148, 'y': 118.93884627386153, 'z': 1145.4303011894226}
2026-02-12 12:34:10,373 - Drone_3 - INFO - Drone 3: Reached target position
2026-02-12 12:34:11,005 - Drone_3 - INFO - Drone 3: Flying to {'x': 31.6124394807684, 'y': 119.60882871250206, 'z': 1145.4303011894226}
2026-02-12 12:34:11,379 - Drone_3 - INFO - Drone 3: Reached target position
2026-02-12 12:34:12,007 - Drone_3 - INFO - Drone 3: Flying to {'x': 23.83429667651347, 'y': 120.05705695554292, 'z': 1145.4303011894226}
2026-02-12 12:34:12,385 - Drone_3 - INFO - Drone 3: Reached target position
2026-02-12 12:34:13,011 - Drone_3 - INFO - Drone 3: Flying to {'x': 16.037121703593304, 'y': 120.28757020883597, 'z': 1145.4303011894226}
2026-02-12 12:34:13,292 - Drone_3 - INFO - Drone 3: Reached target position
2026-02-12 12:34:14,013 - Drone_3 - INFO - Drone 3: Flying to {'x': 8.248363813614155, 'y': 120.30176963597465, 'z': 1145.4303011894226}
2026-02-12 12:34:14,299 - Drone_3 - INFO - Drone 3: Reached target position
2026-02-12 12:34:15,015 - Drone_3 - INFO - Drone 3: Flying to {'x': 0.46367853650385005, 'y': 120.10161742157267, 'z': 1145.4303011894226}
2026-02-12 12:34:15,307 - Drone_3 - INFO - Drone 3: Reached target position
2026-02-12 12:34:16,018 - Drone_3 - INFO - Drone 3: Flying to {'x': -7.307402311894279, 'y': 119.6884459510784, 'z': 1145.4303011894226}
2026-02-12 12:34:16,313 - Drone_3 - INFO - Drone 3: Reached target position
2026-02-12 12:34:17,022 - Drone_3 - INFO - Drone 3: Flying to {'x': -15.067661962530192, 'y': 119.06237269304648, 'z': 1145.4303011894226}
2026-02-12 12:34:17,318 - Drone_3 - INFO - Drone 3: Reached target position
2026-02-12 12:34:18,026 - Drone_3 - INFO - Drone 3: Flying to {'x': -22.797014766313534, 'y': 118.2249874878302, 'z': 1145.4303011894226}
2026-02-12 12:34:18,324 - Drone_3 - INFO - Drone 3: Reached target position
2026-02-12 12:34:19,030 - Drone_3 - INFO - Drone 3: Flying to {'x': -30.538926126182854, 'y': 117.1693566858054, 'z': 1145.4303011894226}
2026-02-12 12:34:19,330 - Drone_3 - INFO - Drone 3: Reached target position
2026-02-12 12:34:20,033 - Drone_3 - INFO - Drone 3: Flying to {'x': -38.21072316889272, 'y': 115.90538479547261, 'z': 1145.4303011894226}
2026-02-12 12:34:20,235 - Drone_3 - INFO - Drone 3: Reached target position
2026-02-12 12:34:21,037 - Drone_3 - INFO - Drone 3: Flying to {'x': -45.842466676707055, 'y': 114.427617314332, 'z': 1145.4303011894226}
2026-02-12 12:34:21,140 - Drone_3 - INFO - Drone 3: Reached target position
2026-02-12 12:34:22,039 - Drone_3 - INFO - Drone 3: Flying to {'x': -53.41930387679086, 'y': 112.73676628961572, 'z': 1145.4303011894226}
2026-02-12 12:34:22,147 - Drone_3 - INFO - Drone 3: Reached target position
2026-02-12 12:34:23,041 - Drone_3 - INFO - Drone 3: Flying to {'x': -60.936779960797615, 'y': 110.83129678218117, 'z': 1145.4303011894226}
2026-02-12 12:34:23,151 - Drone_3 - INFO - Drone 3: Reached target position
2026-02-12 12:34:24,043 - Drone_3 - INFO - Drone 3: Flying to {'x': -67.64942902894403, 'y': 108.93060952369808, 'z': 1145.4303011894226}
2026-02-12 12:34:24,057 - Drone_3 - INFO - Drone 3: Reached target position
2026-02-12 12:34:25,047 - Drone_3 - INFO - Drone 3: Flying to {'x': -75.05373595337284, 'y': 106.60641240533332, 'z': 1145.4303011894226}
2026-02-12 12:34:25,065 - Drone_3 - INFO - Drone 3: Reached target position
2026-02-12 12:34:26,050 - Drone_3 - INFO - Drone 3: Flying to {'x': -82.37750068022122, 'y': 104.06079504556473, 'z': 1145.4303011894226}
2026-02-12 12:34:26,070 - Drone_3 - INFO - Drone 3: Reached target position
2026-02-12 12:34:27,052 - Drone_3 - INFO - Drone 3: Flying to {'x': -89.62813696765474, 'y': 101.28462068211493, 'z': 1145.4303011894226}
2026-02-12 12:34:27,075 - Drone_3 - INFO - Drone 3: Reached target position
2026-02-12 12:34:28,057 - Drone_3 - INFO - Drone 3: Flying to {'x': -96.75764630979418, 'y': 98.29013690647618, 'z': 1145.4303011894226}
2026-02-12 12:34:28,083 - Drone_3 - INFO - Drone 3: Reached target position
2026-02-12 12:34:29,061 - Drone_3 - INFO - Drone 3: Flying to {'x': -103.78116815887182, 'y': 95.06423686786256, 'z': 1145.4303011894226}
2026-02-12 12:34:29,088 - Drone_3 - INFO - Drone 3: Reached target position
2026-02-12 12:34:30,062 - Drone_3 - INFO - Drone 3: Flying to {'x': -110.690734801606, 'y': 91.60091696351779, 'z': 1145.4303011894226}
2026-02-12 12:34:30,194 - Drone_3 - INFO - Drone 3: Reached target position
2026-02-12 12:34:31,064 - Drone_3 - INFO - Drone 3: Flying to {'x': -117.46798966603693, 'y': 87.89820596553814, 'z': 1145.4303011894226}
2026-02-12 12:34:31,201 - Drone_3 - INFO - Drone 3: Reached target position
2026-02-12 12:34:32,066 - Drone_3 - INFO - Drone 3: Flying to {'x': -124.10687602555214, 'y': 83.94588757565053, 'z': 1145.4303011894226}
2026-02-12 12:34:32,206 - Drone_3 - INFO - Drone 3: Reached target position
2026-02-12 12:34:33,069 - Drone_3 - INFO - Drone 3: Flying to {'x': -130.61170768708598, 'y': 79.72277401619688, 'z': 1145.4303011894226}
2026-02-12 12:34:33,212 - Drone_3 - INFO - Drone 3: Reached target position
2026-02-12 12:34:34,072 - Drone_3 - INFO - Drone 3: Flying to {'x': -136.92301206087316, 'y': 75.24731829716063, 'z': 1145.4303011894226}
2026-02-12 12:34:34,218 - Drone_3 - INFO - Drone 3: Reached target position
2026-02-12 12:34:35,075 - Drone_3 - INFO - Drone 3: Flying to {'x': -143.0458380506363, 'y': 70.49206934185419, 'z': 1145.4303011894226}
2026-02-12 12:34:35,325 - Drone_3 - INFO - Drone 3: Reached target position
2026-02-12 12:34:36,079 - Drone_3 - INFO - Drone 3: Flying to {'x': -148.94888230136357, 'y': 65.44999263399038, 'z': 1145.4303011894226}
2026-02-12 12:34:36,333 - Drone_3 - INFO - Drone 3: Reached target position
2026-02-12 12:34:37,082 - Drone_3 - INFO - Drone 3: Flying to {'x': -154.61341084752866, 'y': 60.09719601694464, 'z': 1145.4303011894226}
2026-02-12 12:34:37,340 - Drone_3 - INFO - Drone 3: Reached target position
2026-02-12 12:34:38,085 - Drone_3 - INFO - Drone 3: Flying to {'x': -159.98780591162114, 'y': 54.43381119996889, 'z': 1145.4303011894226}
2026-02-12 12:34:38,346 - Drone_3 - INFO - Drone 3: Reached target position
2026-02-12 12:34:39,086 - Drone_3 - INFO - Drone 3: Flying to {'x': -165.04120866974526, 'y': 48.43170940766494, 'z': 1145.4303011894226}
2026-02-12 12:34:39,452 - Drone_3 - INFO - Drone 3: Reached target position
2026-02-12 12:34:40,091 - Drone_3 - INFO - Drone 3: Flying to {'x': -169.70010093504638, 'y': 42.10633935730252, 'z': 1145.4303011894226}
2026-02-12 12:34:40,460 - Drone_3 - INFO - Drone 3: Reached target position
2026-02-12 12:34:41,093 - Drone_3 - INFO - Drone 3: Flying to {'x': -173.9123414055848, 'y': 35.444254055000236, 'z': 1145.4303011894226}
2026-02-12 12:34:41,467 - Drone_3 - INFO - Drone 3: Reached target position
2026-02-12 12:34:42,097 - Drone_3 - INFO - Drone 3: Flying to {'x': -177.6031404706421, 'y': 28.46438386902572, 'z': 1145.4303011894226}
2026-02-12 12:34:42,572 - Drone_3 - INFO - Drone 3: Reached target position
2026-02-12 12:34:43,100 - Drone_3 - INFO - Drone 3: Flying to {'x': -180.6961770188413, 'y': 21.203816523411092, 'z': 1145.4303011894226}
2026-02-12 12:34:43,578 - Drone_3 - INFO - Drone 3: Reached target position
2026-02-12 12:34:44,104 - Drone_3 - INFO - Drone 3: Flying to {'x': -183.1268811906658, 'y': 13.69759571002242, 'z': 1145.4303011894226}
2026-02-12 12:34:44,584 - Drone_3 - INFO - Drone 3: Reached target position
2026-02-12 12:34:45,109 - Drone_3 - INFO - Drone 3: Flying to {'x': -184.83849516538288, 'y': 5.985665669430344, 'z': 1145.4303011894226}
2026-02-12 12:34:45,591 - Drone_3 - INFO - Drone 3: Reached target position
2026-02-12 12:34:46,111 - Drone_3 - INFO - Drone 3: Flying to {'x': -185.78018982269865, 'y': -1.8500770077256448, 'z': 1145.4303011894226}
2026-02-12 12:34:46,699 - Drone_3 - INFO - Drone 3: Reached target position
2026-02-12 12:34:47,114 - Drone_3 - INFO - Drone 3: Flying to {'x': -185.92596624310949, 'y': -9.698480809736443, 'z': 1145.4303011894226}
2026-02-12 12:34:47,706 - Drone_3 - INFO - Drone 3: Reached target position
2026-02-12 12:34:48,117 - Drone_3 - INFO - Drone 3: Flying to {'x': -185.2779858759393, 'y': -17.491929233967944, 'z': 1145.4303011894226}
2026-02-12 12:34:48,713 - Drone_3 - INFO - Drone 3: Reached target position
2026-02-12 12:34:49,121 - Drone_3 - INFO - Drone 3: Flying to {'x': -183.8543172008026, 'y': -25.164427427148553, 'z': 1145.4303011894226}
2026-02-12 12:34:49,721 - Drone_3 - INFO - Drone 3: Reached target position
2026-02-12 12:34:50,125 - Drone_3 - INFO - Drone 3: Flying to {'x': -181.68882482359044, 'y': -32.65107029647956, 'z': 1145.4303011894226}
2026-02-12 12:34:50,727 - Drone_3 - INFO - Drone 3: Reached target position
2026-02-12 12:34:51,129 - Drone_3 - INFO - Drone 3: Flying to {'x': -178.83581502252406, 'y': -39.87967516569819, 'z': 1145.4303011894226}
2026-02-12 12:34:51,633 - Drone_3 - INFO - Drone 3: Reached target position
2026-02-12 12:34:52,131 - Drone_3 - INFO - Drone 3: Flying to {'x': -175.35944529356544, 'y': -46.800389775755306, 'z': 1145.4303011894226}
2026-02-12 12:34:52,740 - Drone_3 - INFO - Drone 3: Reached target position
2026-02-12 12:34:53,133 - Drone_3 - INFO - Drone 3: Flying to {'x': -171.32101015607407, 'y': -53.390482105387456, 'z': 1145.4303011894226}
2026-02-12 12:34:53,745 - Drone_3 - INFO - Drone 3: Reached target position
2026-02-12 12:34:54,135 - Drone_3 - INFO - Drone 3: Flying to {'x': -166.7747844511205, 'y': -59.64340388741002, 'z': 1145.4303011894226}
2026-02-12 12:34:54,752 - Drone_3 - INFO - Drone 3: Reached target position
2026-02-12 12:34:55,139 - Drone_3 - INFO - Drone 3: Flying to {'x': -161.78195947756137, 'y': -65.54522366048155, 'z': 1145.4303011894226}
2026-02-12 12:34:55,759 - Drone_3 - INFO - Drone 3: Reached target position
2026-02-12 12:34:56,141 - Drone_3 - INFO - Drone 3: Flying to {'x': -156.4052354839802, 'y': -71.08575166237118, 'z': 1145.4303011894226}
2026-02-12 12:34:56,764 - Drone_3 - INFO - Drone 3: Reached target position
2026-02-12 12:34:57,145 - Drone_3 - INFO - Drone 3: Flying to {'x': -150.68311300718312, 'y': -76.27994120179798, 'z': 1145.4303011894226}
2026-02-12 12:34:57,769 - Drone_3 - INFO - Drone 3: Reached target position
2026-02-12 12:34:58,147 - Drone_3 - INFO - Drone 3: Flying to {'x': -144.66246888066337, 'y': -81.13112633005863, 'z': 1145.4303011894226}
2026-02-12 12:34:58,776 - Drone_3 - INFO - Drone 3: Reached target position
2026-02-12 12:34:59,149 - Drone_3 - INFO - Drone 3: Flying to {'x': -138.3770101261855, 'y': -85.65159181995858, 'z': 1145.4303011894226}
2026-02-12 12:34:59,786 - Drone_3 - INFO - Drone 3: Reached target position
2026-02-12 12:35:00,151 - Drone_3 - INFO - Drone 3: Flying to {'x': -132.52052547981097, 'y': -89.44556862883249, 'z': 1145.4303011894226}
2026-02-12 12:35:00,792 - Drone_3 - INFO - Drone 3: Reached target position
2026-02-12 12:35:01,154 - Drone_3 - INFO - Drone 3: Flying to {'x': -125.82539551282578, 'y': -93.36146126095636, 'z': 1145.4303011894226}
2026-02-12 12:35:01,798 - Drone_3 - INFO - Drone 3: Reached target position
2026-02-12 12:35:02,157 - Drone_3 - INFO - Drone 3: Flying to {'x': -118.96676842082545, 'y': -96.96811044352529, 'z': 1145.4303011894226}
2026-02-12 12:35:02,804 - Drone_3 - INFO - Drone 3: Reached target position
2026-02-12 12:35:03,160 - Drone_3 - INFO - Drone 3: Flying to {'x': -111.95013712069456, 'y': -100.28531219419966, 'z': 1145.4303011894226}
2026-02-12 12:35:03,812 - Drone_3 - INFO - Drone 3: Reached target position
2026-02-12 12:35:04,163 - Drone_3 - INFO - Drone 3: Flying to {'x': -104.78702032561034, 'y': -103.32534282491028, 'z': 1145.4303011894226}
2026-02-12 12:35:04,818 - Drone_3 - INFO - Drone 3: Reached target position
2026-02-12 12:35:05,166 - Drone_3 - INFO - Drone 3: Flying to {'x': -97.48899197394779, 'y': -106.09768340093036, 'z': 1145.4303011894226}
2026-02-12 12:35:05,824 - Drone_3 - INFO - Drone 3: Reached target position
2026-02-12 12:35:06,168 - Drone_3 - INFO - Drone 3: Flying to {'x': -90.11601588368903, 'y': -108.59445624946648, 'z': 1145.4303011894226}
2026-02-12 12:35:06,829 - Drone_3 - INFO - Drone 3: Reached target position
2026-02-12 12:35:07,170 - Drone_3 - INFO - Drone 3: Flying to {'x': -82.66271990868802, 'y': -110.83171327463906, 'z': 1145.4303011894226}
2026-02-12 12:35:07,838 - Drone_3 - INFO - Drone 3: Reached target position
2026-02-12 12:35:08,171 - Drone_3 - INFO - Drone 3: Flying to {'x': -75.12600203836678, 'y': -112.82083945170301, 'z': 1145.4303011894226}
2026-02-12 12:35:08,844 - Drone_3 - INFO - Drone 3: Reached target position
2026-02-12 12:35:09,175 - Drone_3 - INFO - Drone 3: Flying to {'x': -67.53416083348556, 'y': -114.56352047247552, 'z': 1145.4303011894226}
2026-02-12 12:35:09,851 - Drone_3 - INFO - Drone 3: Reached target position
2026-02-12 12:35:10,179 - Drone_3 - INFO - Drone 3: Flying to {'x': -59.88866218956193, 'y': -116.06767290970305, 'z': 1145.4303011894226}
2026-02-12 12:35:10,957 - Drone_3 - INFO - Drone 3: Reached target position
2026-02-12 12:35:11,183 - Drone_3 - INFO - Drone 3: Flying to {'x': -52.202812085894685, 'y': -117.337578512721, 'z': 1145.4303011894226}
2026-02-12 12:35:11,865 - Drone_3 - INFO - Drone 3: Reached target position
2026-02-12 12:35:12,185 - Drone_3 - INFO - Drone 3: Flying to {'x': -44.47905179403081, 'y': -118.37861157301646, 'z': 1145.4303011894226}
2026-02-12 12:35:12,973 - Drone_3 - INFO - Drone 3: Reached target position
2026-02-12 12:35:13,189 - Drone_3 - INFO - Drone 3: Flying to {'x': -36.735368519548366, 'y': -119.19342949111055, 'z': 1145.4303011894226}
2026-02-12 12:35:13,879 - Drone_3 - INFO - Drone 3: Reached target position
2026-02-12 12:35:14,192 - Drone_3 - INFO - Drone 3: Flying to {'x': -28.963944200811397, 'y': -119.78684348786537, 'z': 1145.4303011894226}
2026-02-12 12:35:14,986 - Drone_3 - INFO - Drone 3: Reached target position
2026-02-12 12:35:15,195 - Drone_3 - INFO - Drone 3: Flying to {'x': -21.182036699284975, 'y': -120.16061737183547, 'z': 1145.4303011894226}
2026-02-12 12:35:15,890 - Drone_3 - INFO - Drone 3: Reached target position
2026-02-12 12:35:16,196 - Drone_3 - INFO - Drone 3: Flying to {'x': -13.411793287130575, 'y': -120.31717257467582, 'z': 1145.4303011894226}
2026-02-12 12:35:16,996 - Drone_3 - INFO - Drone 3: Reached target position
2026-02-12 12:35:17,198 - Drone_3 - INFO - Drone 3: Flying to {'x': -5.609077355730742, 'y': -120.25864112040082, 'z': 1145.4303011894226}
2026-02-12 12:35:17,902 - Drone_3 - INFO - Drone 3: Reached target position
2026-02-12 12:35:18,199 - Drone_3 - INFO - Drone 3: Flying to {'x': 2.174439469951224, 'y': -119.98603556312571, 'z': 1145.4303011894226}
2026-02-12 12:35:18,808 - Drone_3 - INFO - Drone 3: Reached target position
2026-02-12 12:35:19,202 - Drone_3 - INFO - Drone 3: Flying to {'x': 9.945658710442938, 'y': -119.5003698611289, 'z': 1145.4303011894226}
2026-02-12 12:35:19,913 - Drone_3 - INFO - Drone 3: Reached target position
2026-02-12 12:35:20,205 - Drone_3 - INFO - Drone 3: Flying to {'x': 17.692578582371933, 'y': -118.80283183912667, 'z': 1145.4303011894226}
2026-02-12 12:35:20,820 - Drone_3 - INFO - Drone 3: Reached target position
2026-02-12 12:35:21,208 - Drone_3 - INFO - Drone 3: Flying to {'x': 25.416568031923326, 'y': -117.89308980040232, 'z': 1145.4303011894226}
2026-02-12 12:35:21,927 - Drone_3 - INFO - Drone 3: Reached target position
2026-02-12 12:35:22,212 - Drone_3 - INFO - Drone 3: Flying to {'x': 33.11716624820874, 'y': -116.76989076299145, 'z': 1145.4303011894226}
2026-02-12 12:35:22,832 - Drone_3 - INFO - Drone 3: Reached target position
2026-02-12 12:35:23,215 - Drone_3 - INFO - Drone 3: Flying to {'x': 40.78701491518894, 'y': -115.43225002605556, 'z': 1145.4303011894226}
2026-02-12 12:35:23,938 - Drone_3 - INFO - Drone 3: Reached target position
2026-02-12 12:35:24,219 - Drone_3 - INFO - Drone 3: Flying to {'x': 48.398701702488204, 'y': -113.88330895706699, 'z': 1145.4303011894226}
2026-02-12 12:35:24,844 - Drone_3 - INFO - Drone 3: Reached target position
2026-02-12 12:35:25,222 - Drone_3 - INFO - Drone 3: Flying to {'x': 55.95496023793591, 'y': -112.12072376184946, 'z': 1145.4303011894226}
2026-02-12 12:35:25,951 - Drone_3 - INFO - Drone 3: Reached target position
2026-02-12 12:35:26,223 - Drone_3 - INFO - Drone 3: Flying to {'x': 63.45657162524929, 'y': -110.14116008371715, 'z': 1145.4303011894226}
2026-02-12 12:35:26,857 - Drone_3 - INFO - Drone 3: Reached target position
2026-02-12 12:35:27,224 - Drone_3 - INFO - Drone 3: Flying to {'x': 70.89310388904201, 'y': -107.94336046360499, 'z': 1145.4303011894226}
2026-02-12 12:35:27,964 - Drone_3 - INFO - Drone 3: Reached target position
2026-02-12 12:35:28,226 - Drone_3 - INFO - Drone 3: Flying to {'x': 78.25461387126289, 'y': -105.52576953392557, 'z': 1145.4303011894226}
2026-02-12 12:35:28,869 - Drone_3 - INFO - Drone 3: Reached target position
2026-02-12 12:35:29,228 - Drone_3 - INFO - Drone 3: Flying to {'x': 85.53679729781271, 'y': -102.88438032748753, 'z': 1145.4303011894226}
2026-02-12 12:35:29,975 - Drone_3 - INFO - Drone 3: Reached target position
2026-02-12 12:35:30,232 - Drone_3 - INFO - Drone 3: Flying to {'x': 92.01015693311952, 'y': -100.31531466509692, 'z': 1145.4303011894226}
2026-02-12 12:35:30,881 - Drone_3 - INFO - Drone 3: Reached target position
2026-02-12 12:35:31,236 - Drone_3 - INFO - Drone 3: Flying to {'x': 99.10633053206107, 'y': -97.24399849539698, 'z': 1145.4303011894226}
2026-02-12 12:35:31,987 - Drone_3 - INFO - Drone 3: Reached target position
2026-02-12 12:35:32,240 - Drone_3 - INFO - Drone 3: Flying to {'x': 106.09218096996251, 'y': -93.94020580811949, 'z': 1145.4303011894226}
2026-02-12 12:35:32,893 - Drone_3 - INFO - Drone 3: Reached target position
2026-02-12 12:35:33,244 - Drone_3 - INFO - Drone 3: Flying to {'x': 112.95895453099008, 'y': -90.39799800689782, 'z': 1145.4303011894226}
2026-02-12 12:35:33,999 - Drone_3 - INFO - Drone 3: Reached target position
2026-02-12 12:35:34,245 - Drone_3 - INFO - Drone 3: Flying to {'x': 119.71414112276337, 'y': -86.59985342963861, 'z': 1145.4303011894226}
2026-02-12 12:35:34,904 - Drone_3 - INFO - Drone 3: Reached target position
2026-02-12 12:35:35,247 - Drone_3 - INFO - Drone 3: Flying to {'x': 126.30437407126892, 'y': -82.56130106404238, 'z': 1145.4303011894226}
2026-02-12 12:35:35,911 - Drone_3 - INFO - Drone 3: Reached target position
2026-02-12 12:35:36,249 - Drone_3 - INFO - Drone 3: Flying to {'x': 132.73602676319462, 'y': -78.26184145233432, 'z': 1145.4303011894226}
2026-02-12 12:35:36,917 - Drone_3 - INFO - Drone 3: Reached target position
2026-02-12 12:35:37,252 - Drone_3 - INFO - Drone 3: Flying to {'x': 138.9864617992593, 'y': -73.6948377421114, 'z': 1145.4303011894226}
2026-02-12 12:35:37,922 - Drone_3 - INFO - Drone 3: Reached target position
2026-02-12 12:35:38,256 - Drone_3 - INFO - Drone 3: Flying to {'x': 145.0408753484255, 'y': -68.84381050196212, 'z': 1145.4303011894226}
2026-02-12 12:35:38,929 - Drone_3 - INFO - Drone 3: Reached target position
2026-02-12 12:35:39,260 - Drone_3 - INFO - Drone 3: Flying to {'x': 150.87285482166575, 'y': -63.69525443862507, 'z': 1145.4303011894226}
2026-02-12 12:35:39,935 - Drone_3 - INFO - Drone 3: Reached target position
2026-02-12 12:35:40,264 - Drone_3 - INFO - Drone 3: Flying to {'x': 156.4408834722152, 'y': -58.244106974291846, 'z': 1145.4303011894226}
2026-02-12 12:35:40,941 - Drone_3 - INFO - Drone 3: Reached target position
2026-02-12 12:35:41,266 - Drone_3 - INFO - Drone 3: Flying to {'x': 161.7092967757511, 'y': -52.474324915537814, 'z': 1145.4303011894226}
2026-02-12 12:35:41,947 - Drone_3 - INFO - Drone 3: Reached target position
2026-02-12 12:35:42,269 - Drone_3 - INFO - Drone 3: Flying to {'x': 166.6389595963886, 'y': -46.36346975144321, 'z': 1145.4303011894226}
2026-02-12 12:35:42,953 - Drone_3 - INFO - Drone 3: Reached target position
2026-02-12 12:35:43,273 - Drone_3 - INFO - Drone 3: Flying to {'x': 171.15596962479918, 'y': -39.92652051264044, 'z': 1145.4303011894226}
2026-02-12 12:35:43,960 - Drone_3 - INFO - Drone 3: Reached target position
2026-02-12 12:35:44,277 - Drone_3 - INFO - Drone 3: Flying to {'x': 175.19851576856382, 'y': -33.16440710148679, 'z': 1145.4303011894226}
2026-02-12 12:35:44,967 - Drone_3 - INFO - Drone 3: Reached target position
2026-02-12 12:35:45,283 - Drone_3 - INFO - Drone 3: Flying to {'x': 178.70463160396108, 'y': -26.074503798606674, 'z': 1145.4303011894226}
2026-02-12 12:35:45,974 - Drone_3 - INFO - Drone 3: Reached target position
2026-02-12 12:35:46,285 - Drone_3 - INFO - Drone 3: Flying to {'x': 181.5919433253998, 'y': -18.70322473495581, 'z': 1145.4303011894226}
2026-02-12 12:35:46,980 - Drone_3 - INFO - Drone 3: Reached target position
2026-02-12 12:35:47,287 - Drone_3 - INFO - Drone 3: Flying to {'x': 183.78840844510535, 'y': -11.11508809731776, 'z': 1145.4303011894226}
2026-02-12 12:35:47,986 - Drone_3 - INFO - Drone 3: Reached target position
2026-02-12 12:35:48,293 - Drone_3 - INFO - Drone 3: Flying to {'x': 185.24365506979126, 'y': -3.3607552837591896, 'z': 1145.4303011894226}
2026-02-12 12:35:48,994 - Drone_3 - INFO - Drone 3: Reached target position
2026-02-12 12:35:49,297 - Drone_3 - INFO - Drone 3: Flying to {'x': 185.91862312920495, 'y': 4.477047514118404, 'z': 1145.4303011894226}
2026-02-12 12:35:50,003 - Drone_3 - INFO - Drone 3: Reached target position
2026-02-12 12:35:50,300 - Drone_3 - INFO - Drone 3: Flying to {'x': 185.79621496802122, 'y': 12.336838093914041, 'z': 1145.4303011894226}
2026-02-12 12:35:50,808 - Drone_3 - INFO - Drone 3: Reached target position
2026-02-12 12:35:51,303 - Drone_3 - INFO - Drone 3: Flying to {'x': 184.88333343021105, 'y': 20.099272421383702, 'z': 1145.4303011894226}
2026-02-12 12:35:51,914 - Drone_3 - INFO - Drone 3: Reached target position
2026-02-12 12:35:52,306 - Drone_3 - INFO - Drone 3: Flying to {'x': 183.20623986810546, 'y': 27.710307157160948, 'z': 1145.4303011894226}
2026-02-12 12:35:52,819 - Drone_3 - INFO - Drone 3: Reached target position
2026-02-12 12:35:53,310 - Drone_3 - INFO - Drone 3: Flying to {'x': 180.8055525969255, 'y': 35.10897401268194, 'z': 1145.4303011894226}
2026-02-12 12:35:53,825 - Drone_3 - INFO - Drone 3: Reached target position
2026-02-12 12:35:54,315 - Drone_3 - INFO - Drone 3: Flying to {'x': 177.74191190594013, 'y': 42.226509640866624, 'z': 1145.4303011894226}
2026-02-12 12:35:54,832 - Drone_3 - INFO - Drone 3: Reached target position
2026-02-12 12:35:55,316 - Drone_3 - INFO - Drone 3: Flying to {'x': 174.06268844385596, 'y': 49.05270377241028, 'z': 1145.4303011894226}
2026-02-12 12:35:55,837 - Drone_3 - INFO - Drone 3: Reached target position
2026-02-12 12:35:56,319 - Drone_3 - INFO - Drone 3: Flying to {'x': 169.8507508779511, 'y': 55.52568600212744, 'z': 1145.4303011894226}
2026-02-12 12:35:56,843 - Drone_3 - INFO - Drone 3: Reached target position
2026-02-12 12:35:57,322 - Drone_3 - INFO - Drone 3: Flying to {'x': 165.15154251297955, 'y': 61.65780299621379, 'z': 1145.4303011894226}
2026-02-12 12:35:57,852 - Drone_3 - INFO - Drone 3: Reached target position
2026-02-12 12:35:58,326 - Drone_3 - INFO - Drone 3: Flying to {'x': 160.02734817824455, 'y': 67.43536325354465, 'z': 1145.4303011894226}
2026-02-12 12:35:58,758 - Drone_3 - INFO - Drone 3: Reached target position
2026-02-12 12:35:59,329 - Drone_3 - INFO - Drone 3: Flying to {'x': 154.52541647425775, 'y': 72.86395355296501, 'z': 1145.4303011894226}
2026-02-12 12:35:59,765 - Drone_3 - INFO - Drone 3: Reached target position
2026-02-12 12:36:00,333 - Drone_3 - INFO - Drone 3: Flying to {'x': 148.69318735948212, 'y': 77.94688010160635, 'z': 1145.4303011894226}
2026-02-12 12:36:00,772 - Drone_3 - INFO - Drone 3: Reached target position
2026-02-12 12:36:01,337 - Drone_3 - INFO - Drone 3: Flying to {'x': 142.58194282038204, 'y': 82.68427107942176, 'z': 1145.4303011894226}
2026-02-12 12:36:01,778 - Drone_3 - INFO - Drone 3: Reached target position
2026-02-12 12:36:02,340 - Drone_3 - INFO - Drone 3: Flying to {'x': 136.22640345466027, 'y': 87.08863588147015, 'z': 1145.4303011894226}
2026-02-12 12:36:02,783 - Drone_3 - INFO - Drone 3: Reached target position
2026-02-12 12:36:03,342 - Drone_3 - INFO - Drone 3: Flying to {'x': 129.64460879767606, 'y': 91.17952413236047, 'z': 1145.4303011894226}
2026-02-12 12:36:03,789 - Drone_3 - INFO - Drone 3: Reached target position
2026-02-12 12:36:04,345 - Drone_3 - INFO - Drone 3: Flying to {'x': 122.87366325822322, 'y': 94.96108684501968, 'z': 1145.4303011894226}
2026-02-12 12:36:04,796 - Drone_3 - INFO - Drone 3: Reached target position
2026-02-12 12:36:05,349 - Drone_3 - INFO - Drone 3: Flying to {'x': 115.94634643571221, 'y': 98.4399967277075, 'z': 1145.4303011894226}
2026-02-12 12:36:05,804 - Drone_3 - INFO - Drone 3: Reached target position
2026-02-12 12:36:06,352 - Drone_3 - INFO - Drone 3: Flying to {'x': 108.87224517250915, 'y': 101.63265367171113, 'z': 1145.4303011894226}
2026-02-12 12:36:06,812 - Drone_3 - INFO - Drone 3: Reached target position
2026-02-12 12:36:07,356 - Drone_3 - INFO - Drone 3: Flying to {'x': 101.67528377342987, 'y': 104.54612395225722, 'z': 1145.4303011894226}
2026-02-12 12:36:07,718 - Drone_3 - INFO - Drone 3: Reached target position
2026-02-12 12:36:08,359 - Drone_3 - INFO - Drone 3: Flying to {'x': 94.37234097836853, 'y': 107.18936009787313, 'z': 1145.4303011894226}
2026-02-12 12:36:08,725 - Drone_3 - INFO - Drone 3: Reached target position
2026-02-12 12:36:09,361 - Drone_3 - INFO - Drone 3: Flying to {'x': 86.97227703869588, 'y': 109.57246393329424, 'z': 1145.4303011894226}
2026-02-12 12:36:09,731 - Drone_3 - INFO - Drone 3: Reached target position
2026-02-12 12:36:10,365 - Drone_3 - INFO - Drone 3: Flying to {'x': 79.4891493504474, 'y': 111.70215308418081, 'z': 1145.4303011894226}
2026-02-12 12:36:10,736 - Drone_3 - INFO - Drone 3: Reached target position
2026-02-12 12:36:11,369 - Drone_3 - INFO - Drone 3: Flying to {'x': 71.94340056328942, 'y': 113.58283812171763, 'z': 1145.4303011894226}
2026-02-12 12:36:11,742 - Drone_3 - INFO - Drone 3: Reached target position
2026-02-12 12:36:12,371 - Drone_3 - INFO - Drone 3: Flying to {'x': 64.3172622532613, 'y': 115.22671909935528, 'z': 1145.4303011894226}
2026-02-12 12:36:12,747 - Drone_3 - INFO - Drone 3: Reached target position
2026-02-12 12:36:13,373 - Drone_3 - INFO - Drone 3: Flying to {'x': 56.6594710067557, 'y': 116.6305511168902, 'z': 1145.4303011894226}
2026-02-12 12:36:13,754 - Drone_3 - INFO - Drone 3: Reached target position
2026-02-12 12:36:14,375 - Drone_3 - INFO - Drone 3: Flying to {'x': 49.73241110102788, 'y': 117.69610932376479, 'z': 1145.4303011894226}
2026-02-12 12:36:14,659 - Drone_3 - INFO - Drone 3: Reached target position
2026-02-12 12:36:15,378 - Drone_3 - INFO - Drone 3: Flying to {'x': 42.00814174839254, 'y': 118.66350516180357, 'z': 1145.4303011894226}
2026-02-12 12:36:15,666 - Drone_3 - INFO - Drone 3: Reached target position
2026-02-12 12:36:16,381 - Drone_3 - INFO - Drone 3: Flying to {'x': 34.24492802238755, 'y': 119.40808660930753, 'z': 1145.4303011894226}
2026-02-12 12:36:16,672 - Drone_3 - INFO - Drone 3: Reached target position
2026-02-12 12:36:17,385 - Drone_3 - INFO - Drone 3: Flying to {'x': 26.4686065984122, 'y': 119.9307940131733, 'z': 1145.4303011894226}
2026-02-12 12:36:17,679 - Drone_3 - INFO - Drone 3: Reached target position
2026-02-12 12:36:18,388 - Drone_3 - INFO - Drone 3: Flying to {'x': 18.684941151945008, 'y': 120.23464533360215, 'z': 1145.4303011894226}
2026-02-12 12:36:18,686 - Drone_3 - INFO - Drone 3: Reached target position
2026-02-12 12:36:19,393 - Drone_3 - INFO - Drone 3: Flying to {'x': 10.897605944116423, 'y': 120.32204733097532, 'z': 1145.4303011894226}
2026-02-12 12:36:19,692 - Drone_3 - INFO - Drone 3: Reached target position
2026-02-12 12:36:20,395 - Drone_3 - INFO - Drone 3: Flying to {'x': 3.093594406732641, 'y': 120.19410657294337, 'z': 1145.4303011894226}
2026-02-12 12:36:20,597 - Drone_3 - INFO - Drone 3: Reached target position
2026-02-12 12:36:21,397 - Drone_3 - INFO - Drone 3: Flying to {'x': -4.681137956951528, 'y': 119.85290220052217, 'z': 1145.4303011894226}
2026-02-12 12:36:21,603 - Drone_3 - INFO - Drone 3: Reached target position
2026-02-12 12:36:22,399 - Drone_3 - INFO - Drone 3: Flying to {'x': -12.43992942112141, 'y': 119.29931014584264, 'z': 1145.4303011894226}
2026-02-12 12:36:22,610 - Drone_3 - INFO - Drone 3: Reached target position
2026-02-12 12:36:23,401 - Drone_3 - INFO - Drone 3: Flying to {'x': -20.186937028104722, 'y': 118.53272927474156, 'z': 1145.4303011894226}
2026-02-12 12:36:23,615 - Drone_3 - INFO - Drone 3: Reached target position
2026-02-12 12:36:24,403 - Drone_3 - INFO - Drone 3: Flying to {'x': -27.915803574920062, 'y': 117.55253242736444, 'z': 1145.4303011894226}
2026-02-12 12:36:24,621 - Drone_3 - INFO - Drone 3: Reached target position
2026-02-12 12:36:25,405 - Drone_3 - INFO - Drone 3: Flying to {'x': -35.6061072743993, 'y': 116.36012773811879, 'z': 1145.4303011894226}
2026-02-12 12:36:25,626 - Drone_3 - INFO - Drone 3: Reached target position
2026-02-12 12:36:26,408 - Drone_3 - INFO - Drone 3: Flying to {'x': -43.25409219382226, 'y': 114.95480675087603, 'z': 1145.4303011894226}
2026-02-12 12:36:26,633 - Drone_3 - INFO - Drone 3: Reached target position
2026-02-12 12:36:27,412 - Drone_3 - INFO - Drone 3: Flying to {'x': -50.8422692350973, 'y': 113.3383368723627, 'z': 1145.4303011894226}
2026-02-12 12:36:27,639 - Drone_3 - INFO - Drone 3: Reached target position
2026-02-12 12:36:28,415 - Drone_3 - INFO - Drone 3: Flying to {'x': -58.38661808633954, 'y': 111.50466559268952, 'z': 1145.4303011894226}
2026-02-12 12:36:28,644 - Drone_3 - INFO - Drone 3: Reached target position
2026-02-12 12:36:29,419 - Drone_3 - INFO - Drone 3: Flying to {'x': -65.88777593493853, 'y': 109.44899718427808, 'z': 1145.4303011894226}
2026-02-12 12:36:29,550 - Drone_3 - INFO - Drone 3: Reached target position
2026-02-12 12:36:30,424 - Drone_3 - INFO - Drone 3: Flying to {'x': -73.29237930250385, 'y': 107.18253848971607, 'z': 1145.4303011894226}
2026-02-12 12:36:30,559 - Drone_3 - INFO - Drone 3: Reached target position
2026-02-12 12:36:31,427 - Drone_3 - INFO - Drone 3: Flying to {'x': -80.6279931919836, 'y': 104.692972386297, 'z': 1145.4303011894226}
2026-02-12 12:36:31,565 - Drone_3 - INFO - Drone 3: Reached target position
2026-02-12 12:36:32,431 - Drone_3 - INFO - Drone 3: Flying to {'x': -87.87259881770545, 'y': 101.98216157445606, 'z': 1145.4303011894226}
2026-02-12 12:36:32,572 - Drone_3 - INFO - Drone 3: Reached target position
2026-02-12 12:36:33,436 - Drone_3 - INFO - Drone 3: Flying to {'x': -95.03130688882356, 'y': 99.04147007954464, 'z': 1145.4303011894226}
2026-02-12 12:36:33,578 - Drone_3 - INFO - Drone 3: Reached target position
2026-02-12 12:36:34,440 - Drone_3 - INFO - Drone 3: Flying to {'x': -102.085149530632, 'y': 95.87062597103264, 'z': 1145.4303011894226}
2026-02-12 12:36:34,584 - Drone_3 - INFO - Drone 3: Reached target position
2026-02-12 12:36:35,442 - Drone_3 - INFO - Drone 3: Flying to {'x': -109.03852992183707, 'y': 92.45768225084954, 'z': 1145.4303011894226}
2026-02-12 12:36:35,592 - Drone_3 - INFO - Drone 3: Reached target position
2026-02-12 12:36:36,444 - Drone_3 - INFO - Drone 3: Flying to {'x': -115.84898786567636, 'y': 88.81302148540084, 'z': 1145.4303011894226}
2026-02-12 12:36:36,599 - Drone_3 - INFO - Drone 3: Reached target position
2026-02-12 12:36:37,447 - Drone_3 - INFO - Drone 3: Flying to {'x': -122.5317139255, 'y': 84.91580658981637, 'z': 1145.4303011894226}
2026-02-12 12:36:37,605 - Drone_3 - INFO - Drone 3: Reached target position
2026-02-12 12:36:38,451 - Drone_3 - INFO - Drone 3: Flying to {'x': -129.07220316635735, 'y': 80.75712556848929, 'z': 1145.4303011894226}
2026-02-12 12:36:38,610 - Drone_3 - INFO - Drone 3: Reached target position
2026-02-12 12:36:39,456 - Drone_3 - INFO - Drone 3: Flying to {'x': -135.43546605180677, 'y': 76.3397829280866, 'z': 1145.4303011894226}
2026-02-12 12:36:39,616 - Drone_3 - INFO - Drone 3: Reached target position
2026-02-12 12:36:40,458 - Drone_3 - INFO - Drone 3: Flying to {'x': -141.60505862185752, 'y': 71.65253686133485, 'z': 1145.4303011894226}
2026-02-12 12:36:40,623 - Drone_3 - INFO - Drone 3: Reached target position
2026-02-12 12:36:41,460 - Drone_3 - INFO - Drone 3: Flying to {'x': -147.57278449450055, 'y': 66.67134916652797, 'z': 1145.4303011894226}
2026-02-12 12:36:41,630 - Drone_3 - INFO - Drone 3: Reached target position
2026-02-12 12:36:42,461 - Drone_3 - INFO - Drone 3: Flying to {'x': -153.2984809294706, 'y': 61.391927037037064, 'z': 1145.4303011894226}
2026-02-12 12:36:42,636 - Drone_3 - INFO - Drone 3: Reached target position
2026-02-12 12:36:43,464 - Drone_3 - INFO - Drone 3: Flying to {'x': -158.74969311140376, 'y': 55.79820175110484, 'z': 1145.4303011894226}
2026-02-12 12:36:43,744 - Drone_3 - INFO - Drone 3: Reached target position
2026-02-12 12:36:44,467 - Drone_3 - INFO - Drone 3: Flying to {'x': -163.87792175805984, 'y': 49.883792159642326, 'z': 1145.4303011894226}
2026-02-12 12:36:44,751 - Drone_3 - INFO - Drone 3: Reached target position
2026-02-12 12:36:45,470 - Drone_3 - INFO - Drone 3: Flying to {'x': -168.63287193083568, 'y': 43.63899742336618, 'z': 1145.4303011894226}
2026-02-12 12:36:45,758 - Drone_3 - INFO - Drone 3: Reached target position
2026-02-12 12:36:46,474 - Drone_3 - INFO - Drone 3: Flying to {'x': -172.60441730649578, 'y': 36.91589438822481, 'z': 1145.4303011894226}
2026-02-12 12:36:46,865 - Drone_3 - INFO - Drone 3: Reached target position
2026-02-12 12:36:47,478 - Drone_3 - INFO - Drone 3: Flying to {'x': -176.42388274673604, 'y': 30.849273632854366, 'z': 1145.4303011894226}
2026-02-12 12:36:47,771 - Drone_3 - INFO - Drone 3: Reached target position
2026-02-12 12:36:48,482 - Drone_3 - INFO - Drone 3: Flying to {'x': -179.730825126498, 'y': 23.667316171981913, 'z': 1145.4303011894226}
2026-02-12 12:36:48,878 - Drone_3 - INFO - Drone 3: Reached target position
2026-02-12 12:36:49,484 - Drone_3 - INFO - Drone 3: Flying to {'x': -182.39480455084544, 'y': 16.224182228429395, 'z': 1145.4303011894226}
2026-02-12 12:36:49,886 - Drone_3 - INFO - Drone 3: Reached target position
2026-02-12 12:36:50,487 - Drone_3 - INFO - Drone 3: Flying to {'x': -184.35201412719053, 'y': 8.575343539578103, 'z': 1145.4303011894226}
2026-02-12 12:36:50,893 - Drone_3 - INFO - Drone 3: Reached target position
2026-02-12 12:36:51,491 - Drone_3 - INFO - Drone 3: Flying to {'x': -185.55442778147219, 'y': 0.7736827470847016, 'z': 1145.4303011894226}
2026-02-12 12:36:51,900 - Drone_3 - INFO - Drone 3: Reached target position
2026-02-12 12:36:52,495 - Drone_3 - INFO - Drone 3: Flying to {'x': -185.96678922051336, 'y': -7.076194189950487, 'z': 1145.4303011894226}
2026-02-12 12:36:52,907 - Drone_3 - INFO - Drone 3: Reached target position
2026-02-12 12:36:53,498 - Drone_3 - INFO - Drone 3: Flying to {'x': -185.58155679830043, 'y': -14.90940620713276, 'z': 1145.4303011894226}
2026-02-12 12:36:54,014 - Drone_3 - INFO - Drone 3: Reached target position
2026-02-12 12:36:54,500 - Drone_3 - INFO - Drone 3: Flying to {'x': -184.41439911483252, 'y': -22.62254231935982, 'z': 1145.4303011894226}
2026-02-12 12:36:55,020 - Drone_3 - INFO - Drone 3: Reached target position
2026-02-12 12:36:55,502 - Drone_3 - INFO - Drone 3: Flying to {'x': -182.49315714995325, 'y': -30.173305286547787, 'z': 1145.4303011894226}
2026-02-12 12:36:56,027 - Drone_3 - INFO - Drone 3: Reached target position
2026-02-12 12:36:56,504 - Drone_3 - INFO - Drone 3: Flying to {'x': -179.866567232496, 'y': -37.486757781263066, 'z': 1145.4303011894226}
2026-02-12 12:36:57,033 - Drone_3 - INFO - Drone 3: Reached target position
2026-02-12 12:36:57,507 - Drone_3 - INFO - Drone 3: Flying to {'x': -176.59293948820425, 'y': -44.51305992120896, 'z': 1145.4303011894226}
2026-02-12 12:36:58,039 - Drone_3 - INFO - Drone 3: Reached target position
2026-02-12 12:36:58,510 - Drone_3 - INFO - Drone 3: Flying to {'x': -172.72896910888142, 'y': -51.227686311886046, 'z': 1145.4303011894226}
2026-02-12 12:36:59,047 - Drone_3 - INFO - Drone 3: Reached target position
2026-02-12 12:36:59,515 - Drone_3 - INFO - Drone 3: Flying to {'x': -168.3395911222598, 'y': -57.60270616169246, 'z': 1145.4303011894226}
2026-02-12 12:37:00,152 - Drone_3 - INFO - Drone 3: Reached target position
2026-02-12 12:37:00,518 - Drone_3 - INFO - Drone 3: Flying to {'x': -163.48565822622157, 'y': -63.62567160012578, 'z': 1145.4303011894226}
2026-02-12 12:37:01,158 - Drone_3 - INFO - Drone 3: Reached target position
2026-02-12 12:37:01,520 - Drone_3 - INFO - Drone 3: Flying to {'x': -158.213065515884, 'y': -69.30330811631015, 'z': 1145.4303011894226}
2026-02-12 12:37:02,163 - Drone_3 - INFO - Drone 3: Reached target position
2026-02-12 12:37:02,521 - Drone_3 - INFO - Drone 3: Flying to {'x': -152.59640386624866, 'y': -74.61347323531633, 'z': 1145.4303011894226}
2026-02-12 12:37:03,171 - Drone_3 - INFO - Drone 3: Reached target position
2026-02-12 12:37:03,523 - Drone_3 - INFO - Drone 3: Flying to {'x': -146.67093756895054, 'y': -79.57499185645636, 'z': 1145.4303011894226}
2026-02-12 12:37:04,179 - Drone_3 - INFO - Drone 3: Reached target position
2026-02-12 12:37:04,525 - Drone_3 - INFO - Drone 3: Flying to {'x': -140.46386263133758, 'y': -84.20634586251238, 'z': 1145.4303011894226}
2026-02-12 12:37:05,184 - Drone_3 - INFO - Drone 3: Reached target position
2026-02-12 12:37:05,528 - Drone_3 - INFO - Drone 3: Flying to {'x': -134.02347982968683, 'y': -88.50716441924452, 'z': 1145.4303011894226}
2026-02-12 12:37:06,192 - Drone_3 - INFO - Drone 3: Reached target position
2026-02-12 12:37:06,532 - Drone_3 - INFO - Drone 3: Flying to {'x': -127.36400507126824, 'y': -92.49834485387535, 'z': 1145.4303011894226}
2026-02-12 12:37:07,200 - Drone_3 - INFO - Drone 3: Reached target position
2026-02-12 12:37:07,536 - Drone_3 - INFO - Drone 3: Flying to {'x': -120.51470058043513, 'y': -96.18731904031328, 'z': 1145.4303011894226}
2026-02-12 12:37:08,207 - Drone_3 - INFO - Drone 3: Reached target position
2026-02-12 12:37:08,540 - Drone_3 - INFO - Drone 3: Flying to {'x': -113.52016516851633, 'y': -99.57364284346214, 'z': 1145.4303011894226}
2026-02-12 12:37:09,214 - Drone_3 - INFO - Drone 3: Reached target position
2026-02-12 12:37:09,542 - Drone_3 - INFO - Drone 3: Flying to {'x': -106.4001504800089, 'y': -102.66953479037645, 'z': 1145.4303011894226}
2026-02-12 12:37:10,220 - Drone_3 - INFO - Drone 3: Reached target position
2026-02-12 12:37:10,543 - Drone_3 - INFO - Drone 3: Flying to {'x': -99.15196741806336, 'y': -105.49343010534835, 'z': 1145.4303011894226}
2026-02-12 12:37:11,226 - Drone_3 - INFO - Drone 3: Reached target position
2026-02-12 12:37:11,545 - Drone_3 - INFO - Drone 3: Flying to {'x': -91.80013224642416, 'y': -108.04998100909587, 'z': 1145.4303011894226}
2026-02-12 12:37:12,235 - Drone_3 - INFO - Drone 3: Reached target position
2026-02-12 12:37:12,548 - Drone_3 - INFO - Drone 3: Flying to {'x': -84.36509569367524, 'y': -110.34522013745239, 'z': 1145.4303011894226}
2026-02-12 12:37:13,242 - Drone_3 - INFO - Drone 3: Reached target position
2026-02-12 12:37:13,550 - Drone_3 - INFO - Drone 3: Flying to {'x': -76.85711830363691, 'y': -112.38754652945555, 'z': 1145.4303011894226}
2026-02-12 12:37:14,247 - Drone_3 - INFO - Drone 3: Reached target position
2026-02-12 12:37:14,553 - Drone_3 - INFO - Drone 3: Flying to {'x': -69.28195797031898, 'y': -114.18497535801386, 'z': 1145.4303011894226}
2026-02-12 12:37:15,253 - Drone_3 - INFO - Drone 3: Reached target position
2026-02-12 12:37:15,557 - Drone_3 - INFO - Drone 3: Flying to {'x': -61.645548333950714, 'y': -115.74386137413187, 'z': 1145.4303011894226}
2026-02-12 12:37:16,259 - Drone_3 - INFO - Drone 3: Reached target position
2026-02-12 12:37:16,560 - Drone_3 - INFO - Drone 3: Flying to {'x': -53.96054011008035, 'y': -117.06821581488838, 'z': 1145.4303011894226}
2026-02-12 12:37:17,165 - Drone_3 - INFO - Drone 3: Reached target position
2026-02-12 12:37:17,562 - Drone_3 - INFO - Drone 3: Flying to {'x': -47.01593747656474, 'y': -118.06232660274675, 'z': 1145.4303011894226}
2026-02-12 12:37:18,172 - Drone_3 - INFO - Drone 3: Reached target position
2026-02-12 12:37:18,564 - Drone_3 - INFO - Drone 3: Flying to {'x': -39.26663879170244, 'y': -118.95201891374269, 'z': 1145.4303011894226}
2026-02-12 12:37:19,179 - Drone_3 - INFO - Drone 3: Reached target position
2026-02-12 12:37:19,566 - Drone_3 - INFO - Drone 3: Flying to {'x': -31.502080065223865, 'y': -119.61755039486953, 'z': 1145.4303011894226}
2026-02-12 12:37:20,187 - Drone_3 - INFO - Drone 3: Reached target position
2026-02-12 12:37:20,569 - Drone_3 - INFO - Drone 3: Flying to {'x': -23.72731751815307, 'y': -120.06253362423416, 'z': 1145.4303011894226}
2026-02-12 12:37:21,193 - Drone_3 - INFO - Drone 3: Reached target position
2026-02-12 12:37:21,574 - Drone_3 - INFO - Drone 3: Flying to {'x': -15.93102771706128, 'y': -120.29005946109271, 'z': 1145.4303011894226}
2026-02-12 12:37:22,202 - Drone_3 - INFO - Drone 3: Reached target position
2026-02-12 12:37:22,577 - Drone_3 - INFO - Drone 3: Flying to {'x': -8.133819167627532, 'y': -120.30121736738414, 'z': 1145.4303011894226}
2026-02-12 12:37:23,310 - Drone_3 - INFO - Drone 3: Reached target position
2026-02-12 12:37:23,579 - Drone_3 - INFO - Drone 3: Flying to {'x': -0.3418358558119703, 'y': -120.09762162929627, 'z': 1145.4303011894226}
2026-02-12 12:37:24,216 - Drone_3 - INFO - Drone 3: Reached target position
2026-02-12 12:37:24,582 - Drone_3 - INFO - Drone 3: Flying to {'x': 7.422617469744785, 'y': -119.6815757474008, 'z': 1145.4303011894226}
2026-02-12 12:37:25,325 - Drone_3 - INFO - Drone 3: Reached target position
2026-02-12 12:37:25,584 - Drone_3 - INFO - Drone 3: Flying to {'x': 15.198862701380754, 'y': -119.05078262733103, 'z': 1145.4303011894226}
2026-02-12 12:37:26,233 - Drone_3 - INFO - Drone 3: Reached target position
2026-02-12 12:37:26,587 - Drone_3 - INFO - Drone 3: Flying to {'x': 22.942011282311842, 'y': -118.20804128953301, 'z': 1145.4303011894226}
2026-02-12 12:37:27,340 - Drone_3 - INFO - Drone 3: Reached target position
2026-02-12 12:37:27,591 - Drone_3 - INFO - Drone 3: Flying to {'x': 30.639457139215416, 'y': -117.155141171127, 'z': 1145.4303011894226}
2026-02-12 12:37:28,247 - Drone_3 - INFO - Drone 3: Reached target position
2026-02-12 12:37:28,594 - Drone_3 - INFO - Drone 3: Flying to {'x': 38.31132641407126, 'y': -115.8882901534877, 'z': 1145.4303011894226}
2026-02-12 12:37:29,356 - Drone_3 - INFO - Drone 3: Reached target position
2026-02-12 12:37:29,597 - Drone_3 - INFO - Drone 3: Flying to {'x': 45.946238883048636, 'y': -114.40692490192868, 'z': 1145.4303011894226}
2026-02-12 12:37:30,261 - Drone_3 - INFO - Drone 3: Reached target position
2026-02-12 12:37:30,600 - Drone_3 - INFO - Drone 3: Flying to {'x': 53.52690274822662, 'y': -112.7120584026882, 'z': 1145.4303011894226}
2026-02-12 12:37:31,368 - Drone_3 - INFO - Drone 3: Reached target position
2026-02-12 12:37:31,601 - Drone_3 - INFO - Drone 3: Flying to {'x': 61.036088744675176, 'y': -110.80554494151242, 'z': 1145.4303011894226}
2026-02-12 12:37:32,275 - Drone_3 - INFO - Drone 3: Reached target position
2026-02-12 12:37:32,603 - Drone_3 - INFO - Drone 3: Flying to {'x': 68.49551713507918, 'y': -108.6782865761502, 'z': 1145.4303011894226}
2026-02-12 12:37:33,380 - Drone_3 - INFO - Drone 3: Reached target position
2026-02-12 12:37:33,605 - Drone_3 - INFO - Drone 3: Flying to {'x': 75.88406771842871, 'y': -106.33140385140618, 'z': 1145.4303011894226}
2026-02-12 12:37:34,285 - Drone_3 - INFO - Drone 3: Reached target position
2026-02-12 12:37:34,608 - Drone_3 - INFO - Drone 3: Flying to {'x': 83.19516984504045, 'y': -103.76180332376933, 'z': 1145.4303011894226}
2026-02-12 12:37:35,392 - Drone_3 - INFO - Drone 3: Reached target position
2026-02-12 12:37:35,611 - Drone_3 - INFO - Drone 3: Flying to {'x': 90.41091725872164, 'y': -100.97015600082895, 'z': 1145.4303011894226}
2026-02-12 12:37:36,298 - Drone_3 - INFO - Drone 3: Reached target position
2026-02-12 12:37:36,615 - Drone_3 - INFO - Drone 3: Flying to {'x': 97.52768877953753, 'y': -97.95138220569754, 'z': 1145.4303011894226}
2026-02-12 12:37:37,405 - Drone_3 - INFO - Drone 3: Reached target position
2026-02-12 12:37:37,618 - Drone_3 - INFO - Drone 3: Flying to {'x': 104.53716854987138, 'y': -94.70095854070593, 'z': 1145.4303011894226}
2026-02-12 12:37:38,311 - Drone_3 - INFO - Drone 3: Reached target position
2026-02-12 12:37:38,621 - Drone_3 - INFO - Drone 3: Flying to {'x': 111.43130884739891, 'y': -91.21280901002818, 'z': 1145.4303011894226}
2026-02-12 12:37:39,417 - Drone_3 - INFO - Drone 3: Reached target position
2026-02-12 12:37:39,625 - Drone_3 - INFO - Drone 3: Flying to {'x': 118.20426838906484, 'y': -87.4776001220528, 'z': 1145.4303011894226}
2026-02-12 12:37:40,323 - Drone_3 - INFO - Drone 3: Reached target position
2026-02-12 12:37:40,628 - Drone_3 - INFO - Drone 3: Flying to {'x': 124.83864910042729, 'y': -83.49010630887916, 'z': 1145.4303011894226}
2026-02-12 12:37:41,430 - Drone_3 - INFO - Drone 3: Reached target position
2026-02-12 12:37:41,630 - Drone_3 - INFO - Drone 3: Flying to {'x': 131.3104778629044, 'y': -79.24786961540052, 'z': 1145.4303011894226}
2026-02-12 12:37:42,136 - Drone_3 - INFO - Drone 3: Reached target position
2026-02-12 12:37:42,633 - Drone_3 - INFO - Drone 3: Flying to {'x': 137.6186484606725, 'y': -74.73002831627528, 'z': 1145.4303011894226}
2026-02-12 12:37:43,344 - Drone_3 - INFO - Drone 3: Reached target position
2026-02-12 12:37:43,637 - Drone_3 - INFO - Drone 3: Flying to {'x': 143.71662743620536, 'y': -69.94460585536837, 'z': 1145.4303011894226}
2026-02-12 12:37:44,249 - Drone_3 - INFO - Drone 3: Reached target position
2026-02-12 12:37:44,641 - Drone_3 - INFO - Drone 3: Flying to {'x': 149.59189615166386, 'y': -64.87113882542495, 'z': 1145.4303011894226}
2026-02-12 12:37:45,256 - Drone_3 - INFO - Drone 3: Reached target position
2026-02-12 12:37:45,643 - Drone_3 - INFO - Drone 3: Flying to {'x': 155.21851134887626, 'y': -59.492221622557544, 'z': 1145.4303011894226}
2026-02-12 12:37:46,268 - Drone_3 - INFO - Drone 3: Reached target position
2026-02-12 12:37:46,646 - Drone_3 - INFO - Drone 3: Flying to {'x': 160.5568556340352, 'y': -53.79600045183024, 'z': 1145.4303011894226}
2026-02-12 12:37:47,275 - Drone_3 - INFO - Drone 3: Reached target position
2026-02-12 12:37:47,649 - Drone_3 - INFO - Drone 3: Flying to {'x': 165.5596312049206, 'y': -47.77229593922338, 'z': 1145.4303011894226}
2026-02-12 12:37:48,283 - Drone_3 - INFO - Drone 3: Reached target position
2026-02-12 12:37:48,651 - Drone_3 - INFO - Drone 3: Flying to {'x': 170.17342317641342, 'y': -41.41156546277004, 'z': 1145.4303011894226}
2026-02-12 12:37:49,289 - Drone_3 - INFO - Drone 3: Reached target position
2026-02-12 12:37:49,654 - Drone_3 - INFO - Drone 3: Flying to {'x': 174.32769341912018, 'y': -34.724917148155605, 'z': 1145.4303011894226}
2026-02-12 12:37:50,296 - Drone_3 - INFO - Drone 3: Reached target position
2026-02-12 12:37:50,658 - Drone_3 - INFO - Drone 3: Flying to {'x': 177.96108179071666, 'y': -27.709168047039288, 'z': 1145.4303011894226}
2026-02-12 12:37:51,303 - Drone_3 - INFO - Drone 3: Reached target position
2026-02-12 12:37:51,662 - Drone_3 - INFO - Drone 3: Flying to {'x': 180.60242861491017, 'y': -20.35153564794422, 'z': 1145.4303011894226}
2026-02-12 12:37:52,309 - Drone_3 - INFO - Drone 3: Reached target position
2026-02-12 12:37:52,666 - Drone_3 - INFO - Drone 3: Flying to {'x': 183.14695220464586, 'y': -13.62774986619556, 'z': 1145.4303011894226}
2026-02-12 12:37:53,316 - Drone_3 - INFO - Drone 3: Reached target position
2026-02-12 12:37:53,669 - Drone_3 - INFO - Drone 3: Flying to {'x': 184.8514114101327, 'y': -5.915845422881257, 'z': 1145.4303011894226}
2026-02-12 12:37:54,325 - Drone_3 - INFO - Drone 3: Reached target position
2026-02-12 12:37:54,673 - Drone_3 - INFO - Drone 3: Flying to {'x': 185.7851574966725, 'y': 1.906840511189384, 'z': 1145.4303011894226}
2026-02-12 12:37:55,332 - Drone_3 - INFO - Drone 3: Reached target position
2026-02-12 12:37:55,674 - Drone_3 - INFO - Drone 3: Flying to {'x': 185.92492930765516, 'y': 9.759890039473618, 'z': 1145.4303011894226}
2026-02-12 12:37:56,337 - Drone_3 - INFO - Drone 3: Reached target position
2026-02-12 12:37:56,677 - Drone_3 - INFO - Drone 3: Flying to {'x': 185.26895844802482, 'y': 17.565187232061255, 'z': 1145.4303011894226}
2026-02-12 12:37:57,345 - Drone_3 - INFO - Drone 3: Reached target position
2026-02-12 12:37:57,680 - Drone_3 - INFO - Drone 3: Flying to {'x': 183.84096676442894, 'y': 25.22433482994934, 'z': 1145.4303011894226}
2026-02-12 12:37:58,350 - Drone_3 - INFO - Drone 3: Reached target position
2026-02-12 12:37:58,683 - Drone_3 - INFO - Drone 3: Flying to {'x': 181.67211383806693, 'y': 32.702521798977884, 'z': 1145.4303011894226}
2026-02-12 12:37:59,257 - Drone_3 - INFO - Drone 3: Reached target position
2026-02-12 12:37:59,687 - Drone_3 - INFO - Drone 3: Flying to {'x': 178.82058017158278, 'y': 39.91575129815444, 'z': 1145.4303011894226}
2026-02-12 12:38:00,265 - Drone_3 - INFO - Drone 3: Reached target position
2026-02-12 12:38:00,691 - Drone_3 - INFO - Drone 3: Flying to {'x': 175.34205489300714, 'y': 46.833233937930935, 'z': 1145.4303011894226}
2026-02-12 12:38:01,271 - Drone_3 - INFO - Drone 3: Reached target position
2026-02-12 12:38:01,694 - Drone_3 - INFO - Drone 3: Flying to {'x': 171.29613274701163, 'y': 53.42886876563694, 'z': 1145.4303011894226}
2026-02-12 12:38:02,279 - Drone_3 - INFO - Drone 3: Reached target position
2026-02-12 12:38:02,695 - Drone_3 - INFO - Drone 3: Flying to {'x': 166.75089552118817, 'y': 59.67485819200675, 'z': 1145.4303011894226}
2026-02-12 12:38:03,284 - Drone_3 - INFO - Drone 3: Reached target position
2026-02-12 12:38:03,696 - Drone_3 - INFO - Drone 3: Flying to {'x': 161.7410708904909, 'y': 65.591011757574, 'z': 1145.4303011894226}
2026-02-12 12:38:04,291 - Drone_3 - INFO - Drone 3: Reached target position
2026-02-12 12:38:04,698 - Drone_3 - INFO - Drone 3: Flying to {'x': 156.35489614286314, 'y': 71.1349542030382, 'z': 1145.4303011894226}
2026-02-12 12:38:05,297 - Drone_3 - INFO - Drone 3: Reached target position
2026-02-12 12:38:05,700 - Drone_3 - INFO - Drone 3: Flying to {'x': 150.61830816899732, 'y': 76.3357275132002, 'z': 1145.4303011894226}
2026-02-12 12:38:06,204 - Drone_3 - INFO - Drone 3: Reached target position
2026-02-12 12:38:06,702 - Drone_3 - INFO - Drone 3: Flying to {'x': 144.5987792375946, 'y': 81.17996986295952, 'z': 1145.4303011894226}
2026-02-12 12:38:07,110 - Drone_3 - INFO - Drone 3: Reached target position
2026-02-12 12:38:07,707 - Drone_3 - INFO - Drone 3: Flying to {'x': 138.31522214254528, 'y': 85.69400759690213, 'z': 1145.4303011894226}
2026-02-12 12:38:08,117 - Drone_3 - INFO - Drone 3: Reached target position
2026-02-12 12:38:08,711 - Drone_3 - INFO - Drone 3: Flying to {'x': 131.8015019421356, 'y': 89.88694868936813, 'z': 1145.4303011894226}
2026-02-12 12:38:09,125 - Drone_3 - INFO - Drone 3: Reached target position
2026-02-12 12:38:09,715 - Drone_3 - INFO - Drone 3: Flying to {'x': 125.09140573648125, 'y': 93.76640055836592, 'z': 1145.4303011894226}
2026-02-12 12:38:10,132 - Drone_3 - INFO - Drone 3: Reached target position
2026-02-12 12:38:10,718 - Drone_3 - INFO - Drone 3: Flying to {'x': 118.20701620610541, 'y': 97.34497791188343, 'z': 1145.4303011894226}
2026-02-12 12:38:11,139 - Drone_3 - INFO - Drone 3: Reached target position
2026-02-12 12:38:11,720 - Drone_3 - INFO - Drone 3: Flying to {'x': 111.16903903061952, 'y': 100.63340166331973, 'z': 1145.4303011894226}
2026-02-12 12:38:12,146 - Drone_3 - INFO - Drone 3: Reached target position
2026-02-12 12:38:12,723 - Drone_3 - INFO - Drone 3: Flying to {'x': 103.99533354092914, 'y': 103.64164025967673, 'z': 1145.4303011894226}
2026-02-12 12:38:13,152 - Drone_3 - INFO - Drone 3: Reached target position
2026-02-12 12:38:13,726 - Drone_3 - INFO - Drone 3: Flying to {'x': 96.7208412568532, 'y': 106.37194822067178, 'z': 1145.4303011894226}
2026-02-12 12:38:14,158 - Drone_3 - INFO - Drone 3: Reached target position
2026-02-12 12:38:14,729 - Drone_3 - INFO - Drone 3: Flying to {'x': 89.34560397452306, 'y': 108.83901341562492, 'z': 1145.4303011894226}
2026-02-12 12:38:15,165 - Drone_3 - INFO - Drone 3: Reached target position
2026-02-12 12:38:15,733 - Drone_3 - INFO - Drone 3: Flying to {'x': 81.8780276896808, 'y': 111.05158723438637, 'z': 1145.4303011894226}
2026-02-12 12:38:16,171 - Drone_3 - INFO - Drone 3: Reached target position
2026-02-12 12:38:16,737 - Drone_3 - INFO - Drone 3: Flying to {'x': 74.35367280321029, 'y': 113.0101364421037, 'z': 1145.4303011894226}
2026-02-12 12:38:17,077 - Drone_3 - INFO - Drone 3: Reached target position
2026-02-12 12:38:17,740 - Drone_3 - INFO - Drone 3: Flying to {'x': 66.76162571822293, 'y': 114.72701567723418, 'z': 1145.4303011894226}
2026-02-12 12:38:18,083 - Drone_3 - INFO - Drone 3: Reached target position
2026-02-12 12:38:18,744 - Drone_3 - INFO - Drone 3: Flying to {'x': 59.111355860976815, 'y': 116.20723290740749, 'z': 1145.4303011894226}
2026-02-12 12:38:19,090 - Drone_3 - INFO - Drone 3: Reached target position
2026-02-12 12:38:19,747 - Drone_3 - INFO - Drone 3: Flying to {'x': 51.422346763979746, 'y': 117.45358395455096, 'z': 1145.4303011894226}
2026-02-12 12:38:20,096 - Drone_3 - INFO - Drone 3: Reached target position
2026-02-12 12:38:20,750 - Drone_3 - INFO - Drone 3: Flying to {'x': 43.69605444670123, 'y': 118.47153518784225, 'z': 1145.4303011894226}
2026-02-12 12:38:21,103 - Drone_3 - INFO - Drone 3: Reached target position
2026-02-12 12:38:21,755 - Drone_3 - INFO - Drone 3: Flying to {'x': 35.945333973948514, 'y': 119.2641349306824, 'z': 1145.4303011894226}
2026-02-12 12:38:22,108 - Drone_3 - INFO - Drone 3: Reached target position
2026-02-12 12:38:22,756 - Drone_3 - INFO - Drone 3: Flying to {'x': 28.18257976067065, 'y': 119.83448573531768, 'z': 1145.4303011894226}
2026-02-12 12:38:23,115 - Drone_3 - INFO - Drone 3: Reached target position
2026-02-12 12:38:23,758 - Drone_3 - INFO - Drone 3: Flying to {'x': 20.40261567318439, 'y': 120.18625107839429, 'z': 1145.4303011894226}
2026-02-12 12:38:24,121 - Drone_3 - INFO - Drone 3: Reached target position
2026-02-12 12:38:24,761 - Drone_3 - INFO - Drone 3: Flying to {'x': 12.615416083598227, 'y': 120.32124165366835, 'z': 1145.4303011894226}
2026-02-12 12:38:25,127 - Drone_3 - INFO - Drone 3: Reached target position
2026-02-12 12:38:25,764 - Drone_3 - INFO - Drone 3: Flying to {'x': 4.831802289514938, 'y': 120.24122010975522, 'z': 1145.4303011894226}
2026-02-12 12:38:26,133 - Drone_3 - INFO - Drone 3: Reached target position
2026-02-12 12:38:26,768 - Drone_3 - INFO - Drone 3: Flying to {'x': -2.9494572184716805, 'y': 119.94737089492902, 'z': 1145.4303011894226}
2026-02-12 12:38:27,041 - Drone_3 - INFO - Drone 3: Reached target position
2026-02-12 12:38:27,771 - Drone_3 - INFO - Drone 3: Flying to {'x': -10.736895622669625, 'y': 119.43905884116221, 'z': 1145.4303011894226}
2026-02-12 12:38:28,047 - Drone_3 - INFO - Drone 3: Reached target position
2026-02-12 12:38:28,775 - Drone_3 - INFO - Drone 3: Flying to {'x': -18.478951126829834, 'y': 118.72017414131923, 'z': 1145.4303011894226}
2026-02-12 12:38:29,054 - Drone_3 - INFO - Drone 3: Reached target position
2026-02-12 12:38:29,780 - Drone_3 - INFO - Drone 3: Flying to {'x': -26.193886979286926, 'y': 117.78971417099758, 'z': 1145.4303011894226}
2026-02-12 12:38:30,061 - Drone_3 - INFO - Drone 3: Reached target position
2026-02-12 12:38:30,782 - Drone_3 - INFO - Drone 3: Flying to {'x': -33.887005090100466, 'y': 116.64572379631849, 'z': 1145.4303011894226}
2026-02-12 12:38:31,069 - Drone_3 - INFO - Drone 3: Reached target position
2026-02-12 12:38:31,783 - Drone_3 - INFO - Drone 3: Flying to {'x': -40.76961518449683, 'y': 115.4357221903563, 'z': 1145.4303011894226}
2026-02-12 12:38:31,976 - Drone_3 - INFO - Drone 3: Reached target position
2026-02-12 12:38:32,785 - Drone_3 - INFO - Drone 3: Flying to {'x': -48.38107615323963, 'y': 113.88733376915782, 'z': 1145.4303011894226}
2026-02-12 12:38:32,981 - Drone_3 - INFO - Drone 3: Reached target position
2026-02-12 12:38:33,787 - Drone_3 - INFO - Drone 3: Flying to {'x': -55.933772521746015, 'y': 112.12616627843218, 'z': 1145.4303011894226}
2026-02-12 12:38:33,989 - Drone_3 - INFO - Drone 3: Reached target position
2026-02-12 12:38:34,791 - Drone_3 - INFO - Drone 3: Flying to {'x': -63.425576080747135, 'y': 110.15002084023936, 'z': 1145.4303011894226}
2026-02-12 12:38:34,895 - Drone_3 - INFO - Drone 3: Reached target position
2026-02-12 12:38:35,796 - Drone_3 - INFO - Drone 3: Flying to {'x': -70.86212633653119, 'y': 107.95320622421553, 'z': 1145.4303011894226}
2026-02-12 12:38:35,902 - Drone_3 - INFO - Drone 3: Reached target position
2026-02-12 12:38:36,799 - Drone_3 - INFO - Drone 3: Flying to {'x': -78.22489971704769, 'y': 105.53620750105134, 'z': 1145.4303011894226}
2026-02-12 12:38:36,910 - Drone_3 - INFO - Drone 3: Reached target position
2026-02-12 12:38:37,801 - Drone_3 - INFO - Drone 3: Flying to {'x': -85.50633023328473, 'y': 102.8961421382817, 'z': 1145.4303011894226}
2026-02-12 12:38:37,917 - Drone_3 - INFO - Drone 3: Reached target position
2026-02-12 12:38:38,802 - Drone_3 - INFO - Drone 3: Flying to {'x': -92.69491029443975, 'y': 100.03101273221304, 'z': 1145.4303011894226}
2026-02-12 12:38:38,924 - Drone_3 - INFO - Drone 3: Reached target position
2026-02-12 12:38:39,804 - Drone_3 - INFO - Drone 3: Flying to {'x': -99.78695707694361, 'y': 96.9348262070793, 'z': 1145.4303011894226}
2026-02-12 12:38:39,931 - Drone_3 - INFO - Drone 3: Reached target position
2026-02-12 12:38:40,807 - Drone_3 - INFO - Drone 3: Flying to {'x': -106.77153912620082, 'y': 93.60329631487437, 'z': 1145.4303011894226}
2026-02-12 12:38:40,936 - Drone_3 - INFO - Drone 3: Reached target position
2026-02-12 12:38:41,811 - Drone_3 - INFO - Drone 3: Flying to {'x': -113.63133801297799, 'y': 90.03445734419223, 'z': 1145.4303011894226}
2026-02-12 12:38:41,942 - Drone_3 - INFO - Drone 3: Reached target position
2026-02-12 12:38:42,814 - Drone_3 - INFO - Drone 3: Flying to {'x': -120.35992265016448, 'y': 86.21938739660781, 'z': 1145.4303011894226}
2026-02-12 12:38:42,949 - Drone_3 - INFO - Drone 3: Reached target position
2026-02-12 12:38:43,818 - Drone_3 - INFO - Drone 3: Flying to {'x': -126.94608897292923, 'y': 82.14902045340185, 'z': 1145.4303011894226}
2026-02-12 12:38:43,957 - Drone_3 - INFO - Drone 3: Reached target position
2026-02-12 12:38:44,826 - Drone_3 - INFO - Drone 3: Flying to {'x': -133.3616899312971, 'y': 77.82292886074886, 'z': 1145.4303011894226}
2026-02-12 12:38:44,963 - Drone_3 - INFO - Drone 3: Reached target position
2026-02-12 12:38:45,830 - Drone_3 - INFO - Drone 3: Flying to {'x': -139.5916251076382, 'y': 73.23010607482779, 'z': 1145.4303011894226}
2026-02-12 12:38:45,969 - Drone_3 - INFO - Drone 3: Reached target position
2026-02-12 12:38:46,832 - Drone_3 - INFO - Drone 3: Flying to {'x': -145.62626386741562, 'y': 68.34966379773759, 'z': 1145.4303011894226}
2026-02-12 12:38:46,977 - Drone_3 - INFO - Drone 3: Reached target position
2026-02-12 12:38:47,834 - Drone_3 - INFO - Drone 3: Flying to {'x': -151.43369022223573, 'y': 63.171916344377344, 'z': 1145.4303011894226}
2026-02-12 12:38:48,084 - Drone_3 - INFO - Drone 3: Reached target position
2026-02-12 12:38:48,838 - Drone_3 - INFO - Drone 3: Flying to {'x': -156.97516773753244, 'y': 57.68876276838479, 'z': 1145.4303011894226}
2026-02-12 12:38:49,092 - Drone_3 - INFO - Drone 3: Reached target position
2026-02-12 12:38:49,842 - Drone_3 - INFO - Drone 3: Flying to {'x': -162.20931259364366, 'y': 51.889535722365174, 'z': 1145.4303011894226}
2026-02-12 12:38:50,098 - Drone_3 - INFO - Drone 3: Reached target position
2026-02-12 12:38:50,844 - Drone_3 - INFO - Drone 3: Flying to {'x': -167.09990491202282, 'y': 45.7484292307061, 'z': 1145.4303011894226}
2026-02-12 12:38:51,204 - Drone_3 - INFO - Drone 3: Reached target position
2026-02-12 12:38:51,846 - Drone_3 - INFO - Drone 3: Flying to {'x': -171.57296423870443, 'y': 39.280110337201286, 'z': 1145.4303011894226}
2026-02-12 12:38:52,212 - Drone_3 - INFO - Drone 3: Reached target position
2026-02-12 12:38:52,849 - Drone_3 - INFO - Drone 3: Flying to {'x': -175.57773493732364, 'y': 32.46359690608646, 'z': 1145.4303011894226}
2026-02-12 12:38:53,218 - Drone_3 - INFO - Drone 3: Reached target position
2026-02-12 12:38:53,852 - Drone_3 - INFO - Drone 3: Flying to {'x': -179.01949387462327, 'y': 25.356042841127355, 'z': 1145.4303011894226}
2026-02-12 12:38:54,325 - Drone_3 - INFO - Drone 3: Reached target position
2026-02-12 12:38:54,856 - Drone_3 - INFO - Drone 3: Flying to {'x': -181.83894925918443, 'y': 17.967592905990436, 'z': 1145.4303011894226}
2026-02-12 12:38:55,331 - Drone_3 - INFO - Drone 3: Reached target position
2026-02-12 12:38:55,859 - Drone_3 - INFO - Drone 3: Flying to {'x': -183.96571445287165, 'y': 10.356360526166963, 'z': 1145.4303011894226}
2026-02-12 12:38:56,338 - Drone_3 - INFO - Drone 3: Reached target position
2026-02-12 12:38:56,863 - Drone_3 - INFO - Drone 3: Flying to {'x': -185.345970918622, 'y': 2.584892587616908, 'z': 1145.4303011894226}
2026-02-12 12:38:57,343 - Drone_3 - INFO - Drone 3: Reached target position
2026-02-12 12:38:57,865 - Drone_3 - INFO - Drone 3: Flying to {'x': -185.9424235028143, 'y': -5.266504452244359, 'z': 1145.4303011894226}
2026-02-12 12:38:58,449 - Drone_3 - INFO - Drone 3: Reached target position
2026-02-12 12:38:58,867 - Drone_3 - INFO - Drone 3: Flying to {'x': -185.74113847594356, 'y': -13.105780214557699, 'z': 1145.4303011894226}
2026-02-12 12:38:59,457 - Drone_3 - INFO - Drone 3: Reached target position
2026-02-12 12:38:59,869 - Drone_3 - INFO - Drone 3: Flying to {'x': -184.75114754828738, 'y': -20.858780950725418, 'z': 1145.4303011894226}
2026-02-12 12:39:00,462 - Drone_3 - INFO - Drone 3: Reached target position
2026-02-12 12:39:00,873 - Drone_3 - INFO - Drone 3: Flying to {'x': -182.99756024383439, 'y': -28.461799929215648, 'z': 1145.4303011894226}
2026-02-12 12:39:01,468 - Drone_3 - INFO - Drone 3: Reached target position
2026-02-12 12:39:01,876 - Drone_3 - INFO - Drone 3: Flying to {'x': -180.53404429862817, 'y': -35.81864117519063, 'z': 1145.4303011894226}
2026-02-12 12:39:02,573 - Drone_3 - INFO - Drone 3: Reached target position
2026-02-12 12:39:02,877 - Drone_3 - INFO - Drone 3: Flying to {'x': -177.4062520820818, 'y': -42.911683385278735, 'z': 1145.4303011894226}
2026-02-12 12:39:03,479 - Drone_3 - INFO - Drone 3: Reached target position
2026-02-12 12:39:03,880 - Drone_3 - INFO - Drone 3: Flying to {'x': -173.6793059947895, 'y': -49.69167148610451, 'z': 1145.4303011894226}
2026-02-12 12:39:04,486 - Drone_3 - INFO - Drone 3: Reached target position
2026-02-12 12:39:04,883 - Drone_3 - INFO - Drone 3: Flying to {'x': -169.41316886264502, 'y': -56.138687642433794, 'z': 1145.4303011894226}
2026-02-12 12:39:05,492 - Drone_3 - INFO - Drone 3: Reached target position
2026-02-12 12:39:05,885 - Drone_3 - INFO - Drone 3: Flying to {'x': -164.4922086781665, 'y': -62.09342802291948, 'z': 1145.4303011894226}
2026-02-12 12:39:06,498 - Drone_3 - INFO - Drone 3: Reached target position
2026-02-12 12:39:06,887 - Drone_3 - INFO - Drone 3: Flying to {'x': -160.03222534438518, 'y': -67.43020053080116, 'z': 1145.4303011894226}
2026-02-12 12:39:07,405 - Drone_3 - INFO - Drone 3: Reached target position
2026-02-12 12:39:07,890 - Drone_3 - INFO - Drone 3: Flying to {'x': -154.52844971217232, 'y': -72.861106225538, 'z': 1145.4303011894226}
2026-02-12 12:39:08,512 - Drone_3 - INFO - Drone 3: Reached target position
2026-02-12 12:39:08,893 - Drone_3 - INFO - Drone 3: Flying to {'x': -148.69804526539244, 'y': -77.94286841764512, 'z': 1145.4303011894226}
2026-02-12 12:39:09,519 - Drone_3 - INFO - Drone 3: Reached target position
2026-02-12 12:39:09,897 - Drone_3 - INFO - Drone 3: Flying to {'x': -142.57690238535494, 'y': -82.6878914341551, 'z': 1145.4303011894226}
2026-02-12 12:39:10,527 - Drone_3 - INFO - Drone 3: Reached target position
2026-02-12 12:39:10,901 - Drone_3 - INFO - Drone 3: Flying to {'x': -136.21055228548252, 'y': -87.09892415981217, 'z': 1145.4303011894226}
2026-02-12 12:39:11,535 - Drone_3 - INFO - Drone 3: Reached target position
2026-02-12 12:39:11,902 - Drone_3 - INFO - Drone 3: Flying to {'x': -129.62947254383627, 'y': -91.18834728582604, 'z': 1145.4303011894226}
2026-02-12 12:39:12,541 - Drone_3 - INFO - Drone 3: Reached target position
2026-02-12 12:39:12,904 - Drone_3 - INFO - Drone 3: Flying to {'x': -122.85945742589783, 'y': -94.96853190499333, 'z': 1145.4303011894226}
2026-02-12 12:39:13,548 - Drone_3 - INFO - Drone 3: Reached target position
2026-02-12 12:39:13,907 - Drone_3 - INFO - Drone 3: Flying to {'x': -115.9245465191011, 'y': -98.45028323294804, 'z': 1145.4303011894226}
2026-02-12 12:39:14,555 - Drone_3 - INFO - Drone 3: Reached target position
2026-02-12 12:39:14,911 - Drone_3 - INFO - Drone 3: Flying to {'x': -108.8340119517916, 'y': -101.64886532646659, 'z': 1145.4303011894226}
2026-02-12 12:39:15,564 - Drone_3 - INFO - Drone 3: Reached target position
2026-02-12 12:39:15,914 - Drone_3 - INFO - Drone 3: Flying to {'x': -101.62433798241815, 'y': -104.565476038644, 'z': 1145.4303011894226}
2026-02-12 12:39:16,570 - Drone_3 - INFO - Drone 3: Reached target position
2026-02-12 12:39:16,918 - Drone_3 - INFO - Drone 3: Flying to {'x': -94.31078665292348, 'y': -107.21021847704827, 'z': 1145.4303011894226}
2026-02-12 12:39:17,577 - Drone_3 - INFO - Drone 3: Reached target position
2026-02-12 12:39:17,922 - Drone_3 - INFO - Drone 3: Flying to {'x': -86.90079716549657, 'y': -109.59394379170323, 'z': 1145.4303011894226}
2026-02-12 12:39:18,585 - Drone_3 - INFO - Drone 3: Reached target position
2026-02-12 12:39:18,926 - Drone_3 - INFO - Drone 3: Flying to {'x': -79.41178096140435, 'y': -111.72260669443135, 'z': 1145.4303011894226}
2026-02-12 12:39:19,592 - Drone_3 - INFO - Drone 3: Reached target position
2026-02-12 12:39:19,929 - Drone_3 - INFO - Drone 3: Flying to {'x': -71.85998810066936, 'y': -113.60203202950277, 'z': 1145.4303011894226}
2026-02-12 12:39:20,598 - Drone_3 - INFO - Drone 3: Reached target position
2026-02-12 12:39:20,931 - Drone_3 - INFO - Drone 3: Flying to {'x': -64.2493369313802, 'y': -115.24013303871912, 'z': 1145.4303011894226}
2026-02-12 12:39:21,705 - Drone_3 - INFO - Drone 3: Reached target position
2026-02-12 12:39:21,934 - Drone_3 - INFO - Drone 3: Flying to {'x': -56.59869974130285, 'y': -116.64064788078011, 'z': 1145.4303011894226}
2026-02-12 12:39:22,611 - Drone_3 - INFO - Drone 3: Reached target position
2026-02-12 12:39:22,937 - Drone_3 - INFO - Drone 3: Flying to {'x': -48.89734249493073, 'y': -117.81170830948156, 'z': 1145.4303011894226}
2026-02-12 12:39:23,720 - Drone_3 - INFO - Drone 3: Reached target position
2026-02-12 12:39:23,939 - Drone_3 - INFO - Drone 3: Flying to {'x': -41.16305186974902, 'y': -118.75542913250952, 'z': 1145.4303011894226}
2026-02-12 12:39:24,625 - Drone_3 - INFO - Drone 3: Reached target position
2026-02-12 12:39:24,943 - Drone_3 - INFO - Drone 3: Flying to {'x': -33.40830993983821, 'y': -119.47489743602615, 'z': 1145.4303011894226}
2026-02-12 12:39:25,734 - Drone_3 - INFO - Drone 3: Reached target position
2026-02-12 12:39:25,946 - Drone_3 - INFO - Drone 3: Flying to {'x': -25.637612933682536, 'y': -119.973593660506, 'z': 1145.4303011894226}
2026-02-12 12:39:26,640 - Drone_3 - INFO - Drone 3: Reached target position
2026-02-12 12:39:26,949 - Drone_3 - INFO - Drone 3: Flying to {'x': -17.859755450944114, 'y': -120.25410294105707, 'z': 1145.4303011894226}
2026-02-12 12:39:27,747 - Drone_3 - INFO - Drone 3: Reached target position
2026-02-12 12:39:27,952 - Drone_3 - INFO - Drone 3: Flying to {'x': -10.06940937696533, 'y': -120.31865566026026, 'z': 1145.4303011894226}
2026-02-12 12:39:28,653 - Drone_3 - INFO - Drone 3: Reached target position
2026-02-12 12:39:28,954 - Drone_3 - INFO - Drone 3: Flying to {'x': -2.2703083919489444, 'y': -120.16805528331905, 'z': 1145.4303011894226}
2026-02-12 12:39:29,560 - Drone_3 - INFO - Drone 3: Reached target position
2026-02-12 12:39:29,957 - Drone_3 - INFO - Drone 3: Flying to {'x': 5.5214199945579185, 'y': -119.80318684035316, 'z': 1145.4303011894226}
2026-02-12 12:39:30,666 - Drone_3 - INFO - Drone 3: Reached target position
2026-02-12 12:39:30,959 - Drone_3 - INFO - Drone 3: Flying to {'x': 13.287053551746686, 'y': -119.22585711944811, 'z': 1145.4303011894226}
2026-02-12 12:39:31,571 - Drone_3 - INFO - Drone 3: Reached target position
2026-02-12 12:39:31,962 - Drone_3 - INFO - Drone 3: Flying to {'x': 21.01957785449782, 'y': -118.43749030358411, 'z': 1145.4303011894226}
2026-02-12 12:39:32,678 - Drone_3 - INFO - Drone 3: Reached target position
2026-02-12 12:39:32,964 - Drone_3 - INFO - Drone 3: Flying to {'x': 28.727902171379945, 'y': -117.43691865111221, 'z': 1145.4303011894226}
2026-02-12 12:39:33,584 - Drone_3 - INFO - Drone 3: Reached target position
2026-02-12 12:39:33,967 - Drone_3 - INFO - Drone 3: Flying to {'x': 36.406307914489524, 'y': -116.22345877938965, 'z': 1145.4303011894226}
2026-02-12 12:39:34,690 - Drone_3 - INFO - Drone 3: Reached target position
2026-02-12 12:39:34,968 - Drone_3 - INFO - Drone 3: Flying to {'x': 44.03053541125002, 'y': -114.79974699117889, 'z': 1145.4303011894226}
2026-02-12 12:39:35,596 - Drone_3 - INFO - Drone 3: Reached target position
2026-02-12 12:39:35,971 - Drone_3 - INFO - Drone 3: Flying to {'x': 51.61917882668578, 'y': -113.16012570516077, 'z': 1145.4303011894226}
2026-02-12 12:39:36,703 - Drone_3 - INFO - Drone 3: Reached target position
2026-02-12 12:39:36,973 - Drone_3 - INFO - Drone 3: Flying to {'x': 59.14563950959075, 'y': -111.30744421207805, 'z': 1145.4303011894226}
2026-02-12 12:39:37,608 - Drone_3 - INFO - Drone 3: Reached target position
2026-02-12 12:39:37,976 - Drone_3 - INFO - Drone 3: Flying to {'x': 66.61761322165268, 'y': -109.23639474364433, 'z': 1145.4303011894226}
2026-02-12 12:39:38,716 - Drone_3 - INFO - Drone 3: Reached target position
2026-02-12 12:39:38,980 - Drone_3 - INFO - Drone 3: Flying to {'x': 74.01868931525986, 'y': -106.94721657095883, 'z': 1145.4303011894226}
2026-02-12 12:39:39,623 - Drone_3 - INFO - Drone 3: Reached target position
2026-02-12 12:39:39,984 - Drone_3 - INFO - Drone 3: Flying to {'x': 81.35041413437085, 'y': -104.43424945764721, 'z': 1145.4303011894226}
2026-02-12 12:39:40,730 - Drone_3 - INFO - Drone 3: Reached target position
2026-02-12 12:39:40,987 - Drone_3 - INFO - Drone 3: Flying to {'x': 88.59654340668985, 'y': -101.69696800289361, 'z': 1145.4303011894226}
2026-02-12 12:39:41,636 - Drone_3 - INFO - Drone 3: Reached target position
2026-02-12 12:39:41,990 - Drone_3 - INFO - Drone 3: Flying to {'x': 95.74223556723342, 'y': -98.73459485168709, 'z': 1145.4303011894226}
2026-02-12 12:39:42,742 - Drone_3 - INFO - Drone 3: Reached target position
2026-02-12 12:39:42,991 - Drone_3 - INFO - Drone 3: Flying to {'x': 102.07872374516279, 'y': -95.87374223614927, 'z': 1145.4303011894226}
2026-02-12 12:39:43,548 - Drone_3 - INFO - Drone 3: Reached target position
2026-02-12 12:39:43,993 - Drone_3 - INFO - Drone 3: Flying to {'x': 109.02125327553733, 'y': -92.46668036766121, 'z': 1145.4303011894226}
2026-02-12 12:39:44,756 - Drone_3 - INFO - Drone 3: Reached target position
2026-02-12 12:39:44,996 - Drone_3 - INFO - Drone 3: Flying to {'x': 115.83700048577758, 'y': -88.81983078889334, 'z': 1145.4303011894226}
2026-02-12 12:39:45,662 - Drone_3 - INFO - Drone 3: Reached target position
2026-02-12 12:39:45,999 - Drone_3 - INFO - Drone 3: Flying to {'x': 122.51860596530672, 'y': -84.92390360241205, 'z': 1145.4303011894226}
2026-02-12 12:39:46,768 - Drone_3 - INFO - Drone 3: Reached target position
2026-02-12 12:39:47,003 - Drone_3 - INFO - Drone 3: Flying to {'x': 129.04137696424584, 'y': -80.77781460692366, 'z': 1145.4303011894226}
2026-02-12 12:39:47,676 - Drone_3 - INFO - Drone 3: Reached target position
2026-02-12 12:39:48,007 - Drone_3 - INFO - Drone 3: Flying to {'x': 135.40189539344718, 'y': -76.36437859871047, 'z': 1145.4303011894226}
2026-02-12 12:39:48,682 - Drone_3 - INFO - Drone 3: Reached target position
2026-02-12 12:39:49,011 - Drone_3 - INFO - Drone 3: Flying to {'x': 141.5749958259346, 'y': -71.67665857879842, 'z': 1145.4303011894226}
2026-02-12 12:39:49,688 - Drone_3 - INFO - Drone 3: Reached target position
2026-02-12 12:39:50,013 - Drone_3 - INFO - Drone 3: Flying to {'x': 147.52976638917062, 'y': -66.7093643761475, 'z': 1145.4303011894226}
2026-02-12 12:39:50,694 - Drone_3 - INFO - Drone 3: Reached target position
2026-02-12 12:39:51,014 - Drone_3 - INFO - Drone 3: Flying to {'x': 153.25457688595068, 'y': -61.434906427529754, 'z': 1145.4303011894226}
2026-02-12 12:39:51,701 - Drone_3 - INFO - Drone 3: Reached target position
2026-02-12 12:39:52,017 - Drone_3 - INFO - Drone 3: Flying to {'x': 158.70020686688957, 'y': -55.85234654250266, 'z': 1145.4303011894226}
2026-02-12 12:39:52,711 - Drone_3 - INFO - Drone 3: Reached target position
2026-02-12 12:39:53,019 - Drone_3 - INFO - Drone 3: Flying to {'x': 163.82702380443916, 'y': -49.94674476845534, 'z': 1145.4303011894226}
2026-02-12 12:39:53,717 - Drone_3 - INFO - Drone 3: Reached target position
2026-02-12 12:39:54,023 - Drone_3 - INFO - Drone 3: Flying to {'x': 168.58507680278026, 'y': -43.70683149701432, 'z': 1145.4303011894226}
2026-02-12 12:39:54,722 - Drone_3 - INFO - Drone 3: Reached target position
2026-02-12 12:39:55,027 - Drone_3 - INFO - Drone 3: Flying to {'x': 172.93125552752934, 'y': -37.09953678832654, 'z': 1145.4303011894226}
2026-02-12 12:39:55,730 - Drone_3 - INFO - Drone 3: Reached target position
2026-02-12 12:39:56,032 - Drone_3 - INFO - Drone 3: Flying to {'x': 176.75163392235143, 'y': -30.203874838309652, 'z': 1145.4303011894226}
2026-02-12 12:39:56,636 - Drone_3 - INFO - Drone 3: Reached target position
2026-02-12 12:39:57,034 - Drone_3 - INFO - Drone 3: Flying to {'x': 180.00017778050173, 'y': -23.002298834000847, 'z': 1145.4303011894226}
2026-02-12 12:39:57,642 - Drone_3 - INFO - Drone 3: Reached target position
2026-02-12 12:39:58,036 - Drone_3 - INFO - Drone 3: Flying to {'x': 182.6015751529351, 'y': -15.541123940980807, 'z': 1145.4303011894226}
2026-02-12 12:39:58,649 - Drone_3 - INFO - Drone 3: Reached target position
2026-02-12 12:39:59,038 - Drone_3 - INFO - Drone 3: Flying to {'x': 184.4928656012569, 'y': -7.873655409096491, 'z': 1145.4303011894226}
2026-02-12 12:39:59,656 - Drone_3 - INFO - Drone 3: Reached target position
2026-02-12 12:40:00,041 - Drone_3 - INFO - Drone 3: Flying to {'x': 185.62377676116162, 'y': -0.07369512207588613, 'z': 1145.4303011894226}
2026-02-12 12:40:00,662 - Drone_3 - INFO - Drone 3: Reached target position
2026-02-12 12:40:01,044 - Drone_3 - INFO - Drone 3: Flying to {'x': 185.96487525823554, 'y': 7.783547652723545, 'z': 1145.4303011894226}
2026-02-12 12:40:01,669 - Drone_3 - INFO - Drone 3: Reached target position
2026-02-12 12:40:02,048 - Drone_3 - INFO - Drone 3: Flying to {'x': 185.50918559187332, 'y': 15.601087942457955, 'z': 1145.4303011894226}
2026-02-12 12:40:02,675 - Drone_3 - INFO - Drone 3: Reached target position
2026-02-12 12:40:03,051 - Drone_3 - INFO - Drone 3: Flying to {'x': 184.27258388545553, 'y': 23.30655569440948, 'z': 1145.4303011894226}
2026-02-12 12:40:03,581 - Drone_3 - INFO - Drone 3: Reached target position
2026-02-12 12:40:04,053 - Drone_3 - INFO - Drone 3: Flying to {'x': 182.29091093008557, 'y': 30.823396836871463, 'z': 1145.4303011894226}
2026-02-12 12:40:04,588 - Drone_3 - INFO - Drone 3: Reached target position
2026-02-12 12:40:05,055 - Drone_3 - INFO - Drone 3: Flying to {'x': 179.60870856621924, 'y': 38.10542957884038, 'z': 1145.4303011894226}
2026-02-12 12:40:05,594 - Drone_3 - INFO - Drone 3: Reached target position
2026-02-12 12:40:06,058 - Drone_3 - INFO - Drone 3: Flying to {'x': 176.28400681380487, 'y': 45.1015689446812, 'z': 1145.4303011894226}
2026-02-12 12:40:06,602 - Drone_3 - INFO - Drone 3: Reached target position
2026-02-12 12:40:07,061 - Drone_3 - INFO - Drone 3: Flying to {'x': 172.38059032486493, 'y': 51.775347144806496, 'z': 1145.4303011894226}
2026-02-12 12:40:07,608 - Drone_3 - INFO - Drone 3: Reached target position
2026-02-12 12:40:08,064 - Drone_3 - INFO - Drone 3: Flying to {'x': 167.95312693622287, 'y': 58.11704600384658, 'z': 1145.4303011894226}
2026-02-12 12:40:08,613 - Drone_3 - INFO - Drone 3: Reached target position
2026-02-12 12:40:09,067 - Drone_3 - INFO - Drone 3: Flying to {'x': 163.07002154032622, 'y': 64.10269517242841, 'z': 1145.4303011894226}
2026-02-12 12:40:09,620 - Drone_3 - INFO - Drone 3: Reached target position
2026-02-12 12:40:10,071 - Drone_3 - INFO - Drone 3: Flying to {'x': 157.77753431955682, 'y': 69.74007603192447, 'z': 1145.4303011894226}
2026-02-12 12:40:10,527 - Drone_3 - INFO - Drone 3: Reached target position
2026-02-12 12:40:11,074 - Drone_3 - INFO - Drone 3: Flying to {'x': 152.13369262566738, 'y': 75.02291128882106, 'z': 1145.4303011894226}
2026-02-12 12:40:11,534 - Drone_3 - INFO - Drone 3: Reached target position
2026-02-12 12:40:12,076 - Drone_3 - INFO - Drone 3: Flying to {'x': 146.1830565829438, 'y': 79.9586853742416, 'z': 1145.4303011894226}
2026-02-12 12:40:12,541 - Drone_3 - INFO - Drone 3: Reached target position
2026-02-12 12:40:13,078 - Drone_3 - INFO - Drone 3: Flying to {'x': 139.95943570382323, 'y': 84.56075154600668, 'z': 1145.4303011894226}
2026-02-12 12:40:13,548 - Drone_3 - INFO - Drone 3: Reached target position
2026-02-12 12:40:14,080 - Drone_3 - INFO - Drone 3: Flying to {'x': 133.50142090164184, 'y': 88.83600230032852, 'z': 1145.4303011894226}
2026-02-12 12:40:14,555 - Drone_3 - INFO - Drone 3: Reached target position
2026-02-12 12:40:15,082 - Drone_3 - INFO - Drone 3: Flying to {'x': 126.84079594859641, 'y': 92.79445658114207, 'z': 1145.4303011894226}
2026-02-12 12:40:15,564 - Drone_3 - INFO - Drone 3: Reached target position
2026-02-12 12:40:16,086 - Drone_3 - INFO - Drone 3: Flying to {'x': 120.00445305098754, 'y': 96.44702236730006, 'z': 1145.4303011894226}
2026-02-12 12:40:16,572 - Drone_3 - INFO - Drone 3: Reached target position
2026-02-12 12:40:17,090 - Drone_3 - INFO - Drone 3: Flying to {'x': 113.0106733007239, 'y': 99.806718552906, 'z': 1145.4303011894226}
2026-02-12 12:40:17,480 - Drone_3 - INFO - Drone 3: Reached target position
2026-02-12 12:40:18,093 - Drone_3 - INFO - Drone 3: Flying to {'x': 105.87456048023353, 'y': 102.88521738863618, 'z': 1145.4303011894226}
2026-02-12 12:40:18,486 - Drone_3 - INFO - Drone 3: Reached target position
2026-02-12 12:40:19,095 - Drone_3 - INFO - Drone 3: Flying to {'x': 98.61822127708868, 'y': 105.68930273225286, 'z': 1145.4303011894226}
2026-02-12 12:40:19,492 - Drone_3 - INFO - Drone 3: Reached target position
2026-02-12 12:40:20,097 - Drone_3 - INFO - Drone 3: Flying to {'x': 91.2704951997279, 'y': 108.22303466960973, 'z': 1145.4303011894226}
2026-02-12 12:40:20,498 - Drone_3 - INFO - Drone 3: Reached target position
2026-02-12 12:40:21,099 - Drone_3 - INFO - Drone 3: Flying to {'x': 84.56510194275994, 'y': 110.28722426834187, 'z': 1145.4303011894226}
2026-02-12 12:40:21,405 - Drone_3 - INFO - Drone 3: Reached target position
2026-02-12 12:40:22,103 - Drone_3 - INFO - Drone 3: Flying to {'x': 77.04038495056788, 'y': 112.34090216330051, 'z': 1145.4303011894226}
2026-02-12 12:40:22,411 - Drone_3 - INFO - Drone 3: Reached target position
2026-02-12 12:40:23,106 - Drone_3 - INFO - Drone 3: Flying to {'x': 69.45311237353955, 'y': 114.14718564628289, 'z': 1145.4303011894226}
2026-02-12 12:40:23,418 - Drone_3 - INFO - Drone 3: Reached target position
2026-02-12 12:40:24,110 - Drone_3 - INFO - Drone 3: Flying to {'x': 61.830731728577874, 'y': 115.7089983677716, 'z': 1145.4303011894226}
2026-02-12 12:40:24,425 - Drone_3 - INFO - Drone 3: Reached target position
2026-02-12 12:40:25,114 - Drone_3 - INFO - Drone 3: Flying to {'x': 54.14109354065497, 'y': 117.03984775858217, 'z': 1145.4303011894226}
2026-02-12 12:40:25,432 - Drone_3 - INFO - Drone 3: Reached target position
2026-02-12 12:40:26,118 - Drone_3 - INFO - Drone 3: Flying to {'x': 46.4262949976801, 'y': 118.13809198163996, 'z': 1145.4303011894226}
2026-02-12 12:40:26,439 - Drone_3 - INFO - Drone 3: Reached target position
2026-02-12 12:40:27,121 - Drone_3 - INFO - Drone 3: Flying to {'x': 38.686854067835405, 'y': 119.00948292352149, 'z': 1145.4303011894226}
2026-02-12 12:40:27,446 - Drone_3 - INFO - Drone 3: Reached target position
2026-02-12 12:40:28,123 - Drone_3 - INFO - Drone 3: Flying to {'x': 30.925416837503683, 'y': 119.65813679573515, 'z': 1145.4303011894226}
2026-02-12 12:40:28,357 - Drone_3 - INFO - Drone 3: Reached target position
2026-02-12 12:40:29,126 - Drone_3 - INFO - Drone 3: Flying to {'x': 23.13611144178867, 'y': 120.08741556638188, 'z': 1145.4303011894226}
2026-02-12 12:40:29,363 - Drone_3 - INFO - Drone 3: Reached target position
2026-02-12 12:40:30,129 - Drone_3 - INFO - Drone 3: Flying to {'x': 15.34918408316188, 'y': 120.29834968482612, 'z': 1145.4303011894226}
2026-02-12 12:40:30,370 - Drone_3 - INFO - Drone 3: Reached target position
2026-02-12 12:40:31,133 - Drone_3 - INFO - Drone 3: Flying to {'x': 7.562213114681218, 'y': 120.2935928346423, 'z': 1145.4303011894226}
2026-02-12 12:40:31,376 - Drone_3 - INFO - Drone 3: Reached target position
2026-02-12 12:40:32,137 - Drone_3 - INFO - Drone 3: Flying to {'x': -0.2201531977773894, 'y': 120.07468991316718, 'z': 1145.4303011894226}
2026-02-12 12:40:32,381 - Drone_3 - INFO - Drone 3: Reached target position
2026-02-12 12:40:33,139 - Drone_3 - INFO - Drone 3: Flying to {'x': -8.015660929782214, 'y': 119.640994397568, 'z': 1145.4303011894226}
2026-02-12 12:40:33,387 - Drone_3 - INFO - Drone 3: Reached target position
2026-02-12 12:40:34,142 - Drone_3 - INFO - Drone 3: Flying to {'x': -15.776326811665651, 'y': 118.99534312342855, 'z': 1145.4303011894226}
2026-02-12 12:40:34,396 - Drone_3 - INFO - Drone 3: Reached target position
2026-02-12 12:40:35,145 - Drone_3 - INFO - Drone 3: Flying to {'x': -23.49955156356811, 'y': 118.13904823500117, 'z': 1145.4303011894226}
2026-02-12 12:40:35,403 - Drone_3 - INFO - Drone 3: Reached target position
2026-02-12 12:40:36,149 - Drone_3 - INFO - Drone 3: Flying to {'x': -31.206416274022285, 'y': 117.06899396349613, 'z': 1145.4303011894226}
2026-02-12 12:40:36,409 - Drone_3 - INFO - Drone 3: Reached target position
2026-02-12 12:40:37,153 - Drone_3 - INFO - Drone 3: Flying to {'x': -38.87856804989527, 'y': 115.78584854340913, 'z': 1145.4303011894226}
2026-02-12 12:40:37,415 - Drone_3 - INFO - Drone 3: Reached target position
2026-02-12 12:40:38,155 - Drone_3 - INFO - Drone 3: Flying to {'x': -46.49081140240476, 'y': 114.29271729128665, 'z': 1145.4303011894226}
2026-02-12 12:40:38,320 - Drone_3 - INFO - Drone 3: Reached target position
2026-02-12 12:40:39,157 - Drone_3 - INFO - Drone 3: Flying to {'x': -54.05918908755575, 'y': 112.58450839240685, 'z': 1145.4303011894226}
2026-02-12 12:40:39,326 - Drone_3 - INFO - Drone 3: Reached target position
2026-02-12 12:40:40,158 - Drone_3 - INFO - Drone 3: Flying to {'x': -61.57241490323225, 'y': 110.66048110383957, 'z': 1145.4303011894226}
2026-02-12 12:40:40,332 - Drone_3 - INFO - Drone 3: Reached target position
2026-02-12 12:40:41,159 - Drone_3 - INFO - Drone 3: Flying to {'x': -69.0215570516415, 'y': 108.51924181760192, 'z': 1145.4303011894226}
2026-02-12 12:40:41,338 - Drone_3 - INFO - Drone 3: Reached target position
2026-02-12 12:40:42,161 - Drone_3 - INFO - Drone 3: Flying to {'x': -76.4076228625512, 'y': 106.15573163579715, 'z': 1145.4303011894226}
2026-02-12 12:40:42,349 - Drone_3 - INFO - Drone 3: Reached target position
2026-02-12 12:40:43,163 - Drone_3 - INFO - Drone 3: Flying to {'x': -83.71150942547037, 'y': 103.57065910728961, 'z': 1145.4303011894226}
2026-02-12 12:40:43,356 - Drone_3 - INFO - Drone 3: Reached target position
2026-02-12 12:40:44,165 - Drone_3 - INFO - Drone 3: Flying to {'x': -90.92902255096404, 'y': 100.75946643801225, 'z': 1145.4303011894226}
2026-02-12 12:40:44,362 - Drone_3 - INFO - Drone 3: Reached target position
2026-02-12 12:40:45,168 - Drone_3 - INFO - Drone 3: Flying to {'x': -98.04412551500775, 'y': 97.72148518309577, 'z': 1145.4303011894226}
2026-02-12 12:40:45,368 - Drone_3 - INFO - Drone 3: Reached target position
2026-02-12 12:40:46,173 - Drone_3 - INFO - Drone 3: Flying to {'x': -105.05633065170767, 'y': 94.44854113659325, 'z': 1145.4303011894226}
2026-02-12 12:40:46,373 - Drone_3 - INFO - Drone 3: Reached target position
2026-02-12 12:40:47,176 - Drone_3 - INFO - Drone 3: Flying to {'x': -111.9366713986222, 'y': 90.94493979960426, 'z': 1145.4303011894226}
2026-02-12 12:40:47,280 - Drone_3 - INFO - Drone 3: Reached target position
2026-02-12 12:40:48,180 - Drone_3 - INFO - Drone 3: Flying to {'x': -118.69349703077178, 'y': 87.19505014133921, 'z': 1145.4303011894226}
2026-02-12 12:40:48,287 - Drone_3 - INFO - Drone 3: Reached target position
2026-02-12 12:40:49,182 - Drone_3 - INFO - Drone 3: Flying to {'x': -125.32508411317538, 'y': 83.18378029854804, 'z': 1145.4303011894226}
2026-02-12 12:40:49,295 - Drone_3 - INFO - Drone 3: Reached target position
2026-02-12 12:40:50,183 - Drone_3 - INFO - Drone 3: Flying to {'x': -131.78328703760064, 'y': 78.92291968116058, 'z': 1145.4303011894226}
2026-02-12 12:40:50,303 - Drone_3 - INFO - Drone 3: Reached target position
2026-02-12 12:40:51,185 - Drone_3 - INFO - Drone 3: Flying to {'x': -138.06861621182892, 'y': 74.39173799603313, 'z': 1145.4303011894226}
2026-02-12 12:40:51,309 - Drone_3 - INFO - Drone 3: Reached target position
2026-02-12 12:40:52,188 - Drone_3 - INFO - Drone 3: Flying to {'x': -143.94175124928506, 'y': 69.37345410250863, 'z': 1145.4303011894226}
2026-02-12 12:40:52,315 - Drone_3 - INFO - Drone 3: Reached target position
2026-02-12 12:40:53,190 - Drone_3 - INFO - Drone 3: Flying to {'x': -149.4422831913378, 'y': 65.00658321841428, 'z': 1145.4303011894226}
2026-02-12 12:40:53,324 - Drone_3 - INFO - Drone 3: Reached target position
2026-02-12 12:40:54,194 - Drone_3 - INFO - Drone 3: Flying to {'x': -155.08219299494124, 'y': 59.62927402307287, 'z': 1145.4303011894226}
2026-02-12 12:40:54,432 - Drone_3 - INFO - Drone 3: Reached target position
2026-02-12 12:40:55,198 - Drone_3 - INFO - Drone 3: Flying to {'x': -160.4324537384712, 'y': 53.93623187494922, 'z': 1145.4303011894226}
2026-02-12 12:40:55,439 - Drone_3 - INFO - Drone 3: Reached target position
2026-02-12 12:40:56,203 - Drone_3 - INFO - Drone 3: Flying to {'x': -165.44987315414872, 'y': 47.91273071694147, 'z': 1145.4303011894226}
2026-02-12 12:40:56,446 - Drone_3 - INFO - Drone 3: Reached target position
2026-02-12 12:40:57,205 - Drone_3 - INFO - Drone 3: Flying to {'x': -170.073665933708, 'y': 41.5589925496009, 'z': 1145.4303011894226}
2026-02-12 12:40:57,454 - Drone_3 - INFO - Drone 3: Reached target position
2026-02-12 12:40:58,208 - Drone_3 - INFO - Drone 3: Flying to {'x': -174.23958420366097, 'y': 34.87874373363121, 'z': 1145.4303011894226}
2026-02-12 12:40:58,561 - Drone_3 - INFO - Drone 3: Reached target position
2026-02-12 12:40:59,211 - Drone_3 - INFO - Drone 3: Flying to {'x': -177.88509086365963, 'y': 27.871093903106892, 'z': 1145.4303011894226}
2026-02-12 12:40:59,568 - Drone_3 - INFO - Drone 3: Reached target position
2026-02-12 12:41:00,215 - Drone_3 - INFO - Drone 3: Flying to {'x': -180.92694112483656, 'y': 20.584324760581435, 'z': 1145.4303011894226}
2026-02-12 12:41:00,574 - Drone_3 - INFO - Drone 3: Reached target position
2026-02-12 12:41:01,218 - Drone_3 - INFO - Drone 3: Flying to {'x': -183.3020979879089, 'y': 13.049041433888995, 'z': 1145.4303011894226}
2026-02-12 12:41:01,680 - Drone_3 - INFO - Drone 3: Reached target position
2026-02-12 12:41:02,222 - Drone_3 - INFO - Drone 3: Flying to {'x': -184.94729723833635, 'y': 5.339972503253312, 'z': 1145.4303011894226}
2026-02-12 12:41:02,685 - Drone_3 - INFO - Drone 3: Reached target position
2026-02-12 12:41:03,226 - Drone_3 - INFO - Drone 3: Flying to {'x': -185.82290058449703, 'y': -2.48903451508418, 'z': 1145.4303011894226}
2026-02-12 12:41:03,691 - Drone_3 - INFO - Drone 3: Reached target position
2026-02-12 12:41:04,229 - Drone_3 - INFO - Drone 3: Flying to {'x': -185.90414527682364, 'y': -10.327038080839348, 'z': 1145.4303011894226}
2026-02-12 12:41:04,798 - Drone_3 - INFO - Drone 3: Reached target position
2026-02-12 12:41:05,231 - Drone_3 - INFO - Drone 3: Flying to {'x': -185.19243067121334, 'y': -18.116800661274965, 'z': 1145.4303011894226}
2026-02-12 12:41:05,805 - Drone_3 - INFO - Drone 3: Reached target position
2026-02-12 12:41:06,234 - Drone_3 - INFO - Drone 3: Flying to {'x': -183.70095449085812, 'y': -25.802001921033703, 'z': 1145.4303011894226}
2026-02-12 12:41:06,811 - Drone_3 - INFO - Drone 3: Reached target position
2026-02-12 12:41:07,237 - Drone_3 - INFO - Drone 3: Flying to {'x': -181.48196923793319, 'y': -33.250916901460116, 'z': 1145.4303011894226}
2026-02-12 12:41:07,820 - Drone_3 - INFO - Drone 3: Reached target position
2026-02-12 12:41:08,241 - Drone_3 - INFO - Drone 3: Flying to {'x': -178.5844068071503, 'y': -40.43705785123581, 'z': 1145.4303011894226}
2026-02-12 12:41:08,828 - Drone_3 - INFO - Drone 3: Reached target position
2026-02-12 12:41:09,244 - Drone_3 - INFO - Drone 3: Flying to {'x': -175.06174689384727, 'y': -47.331865528622416, 'z': 1145.4303011894226}
2026-02-12 12:41:09,837 - Drone_3 - INFO - Drone 3: Reached target position
2026-02-12 12:41:10,248 - Drone_3 - INFO - Drone 3: Flying to {'x': -170.98041470860082, 'y': -53.8969022932088, 'z': 1145.4303011894226}
2026-02-12 12:41:10,944 - Drone_3 - INFO - Drone 3: Reached target position
2026-02-12 12:41:11,252 - Drone_3 - INFO - Drone 3: Flying to {'x': -166.3924929532717, 'y': -60.12770174059279, 'z': 1145.4303011894226}
2026-02-12 12:41:11,950 - Drone_3 - INFO - Drone 3: Reached target position
2026-02-12 12:41:12,256 - Drone_3 - INFO - Drone 3: Flying to {'x': -161.36102603329138, 'y': -66.00709720334669, 'z': 1145.4303011894226}
2026-02-12 12:41:12,957 - Drone_3 - INFO - Drone 3: Reached target position
2026-02-12 12:41:13,258 - Drone_3 - INFO - Drone 3: Flying to {'x': -155.94731595205894, 'y': -71.52629171905957, 'z': 1145.4303011894226}
2026-02-12 12:41:13,763 - Drone_3 - INFO - Drone 3: Reached target position
2026-02-12 12:41:14,260 - Drone_3 - INFO - Drone 3: Flying to {'x': -150.19310803401427, 'y': -76.6969424481711, 'z': 1145.4303011894226}
2026-02-12 12:41:14,869 - Drone_3 - INFO - Drone 3: Reached target position
2026-02-12 12:41:15,262 - Drone_3 - INFO - Drone 3: Flying to {'x': -144.1474002626667, 'y': -81.52144231318434, 'z': 1145.4303011894226}
2026-02-12 12:41:15,876 - Drone_3 - INFO - Drone 3: Reached target position
2026-02-12 12:41:16,265 - Drone_3 - INFO - Drone 3: Flying to {'x': -137.84426553771738, 'y': -86.01275164755872, 'z': 1145.4303011894226}
2026-02-12 12:41:16,883 - Drone_3 - INFO - Drone 3: Reached target position
2026-02-12 12:41:17,268 - Drone_3 - INFO - Drone 3: Flying to {'x': -131.32003906411882, 'y': -90.17937965366389, 'z': 1145.4303011894226}
2026-02-12 12:41:17,890 - Drone_3 - INFO - Drone 3: Reached target position
2026-02-12 12:41:18,272 - Drone_3 - INFO - Drone 3: Flying to {'x': -124.58910530856855, 'y': -94.0405775859836, 'z': 1145.4303011894226}
2026-02-12 12:41:18,895 - Drone_3 - INFO - Drone 3: Reached target position
2026-02-12 12:41:19,276 - Drone_3 - INFO - Drone 3: Flying to {'x': -117.68994495344, 'y': -97.59873313254796, 'z': 1145.4303011894226}
2026-02-12 12:41:19,900 - Drone_3 - INFO - Drone 3: Reached target position
2026-02-12 12:41:20,280 - Drone_3 - INFO - Drone 3: Flying to {'x': -110.64407094202791, 'y': -100.86484091471253, 'z': 1145.4303011894226}
2026-02-12 12:41:20,907 - Drone_3 - INFO - Drone 3: Reached target position
2026-02-12 12:41:21,284 - Drone_3 - INFO - Drone 3: Flying to {'x': -103.45320500743856, 'y': -103.85581634889988, 'z': 1145.4303011894226}
2026-02-12 12:41:21,915 - Drone_3 - INFO - Drone 3: Reached target position
2026-02-12 12:41:22,287 - Drone_3 - INFO - Drone 3: Flying to {'x': -96.16717160404782, 'y': -106.56731342905964, 'z': 1145.4303011894226}
2026-02-12 12:41:22,921 - Drone_3 - INFO - Drone 3: Reached target position
2026-02-12 12:41:23,289 - Drone_3 - INFO - Drone 3: Flying to {'x': -88.78056505250262, 'y': -109.01614968338632, 'z': 1145.4303011894226}
2026-02-12 12:41:23,928 - Drone_3 - INFO - Drone 3: Reached target position
2026-02-12 12:41:24,292 - Drone_3 - INFO - Drone 3: Flying to {'x': -81.31563874291206, 'y': -111.20712340454483, 'z': 1145.4303011894226}
2026-02-12 12:41:24,934 - Drone_3 - INFO - Drone 3: Reached target position
2026-02-12 12:41:25,295 - Drone_3 - INFO - Drone 3: Flying to {'x': -73.76814468580085, 'y': -113.15155741312141, 'z': 1145.4303011894226}
2026-02-12 12:41:25,945 - Drone_3 - INFO - Drone 3: Reached target position
2026-02-12 12:41:26,298 - Drone_3 - INFO - Drone 3: Flying to {'x': -66.1687820586891, 'y': -114.85045644054634, 'z': 1145.4303011894226}
2026-02-12 12:41:26,953 - Drone_3 - INFO - Drone 3: Reached target position
2026-02-12 12:41:27,302 - Drone_3 - INFO - Drone 3: Flying to {'x': -58.52316256251553, 'y': -116.31094497074452, 'z': 1145.4303011894226}
2026-02-12 12:41:27,962 - Drone_3 - INFO - Drone 3: Reached target position
2026-02-12 12:41:28,305 - Drone_3 - INFO - Drone 3: Flying to {'x': -50.82239375232328, 'y': -117.54087261509133, 'z': 1145.4303011894226}
2026-02-12 12:41:28,969 - Drone_3 - INFO - Drone 3: Reached target position
2026-02-12 12:41:29,308 - Drone_3 - INFO - Drone 3: Flying to {'x': -43.09886825825793, 'y': -118.54060889098508, 'z': 1145.4303011894226}
2026-02-12 12:41:29,976 - Drone_3 - INFO - Drone 3: Reached target position
2026-02-12 12:41:30,310 - Drone_3 - INFO - Drone 3: Flying to {'x': -35.34594539580819, 'y': -119.31602615473976, 'z': 1145.4303011894226}
2026-02-12 12:41:30,983 - Drone_3 - INFO - Drone 3: Reached target position
2026-02-12 12:41:31,311 - Drone_3 - INFO - Drone 3: Flying to {'x': -27.567049166195126, 'y': -119.8702080456487, 'z': 1145.4303011894226}
2026-02-12 12:41:32,092 - Drone_3 - INFO - Drone 3: Reached target position
2026-02-12 12:41:32,314 - Drone_3 - INFO - Drone 3: Flying to {'x': -20.56772634438074, 'y': -120.18098248900998, 'z': 1145.4303011894226}
2026-02-12 12:41:32,898 - Drone_3 - INFO - Drone 3: Reached target position
2026-02-12 12:41:33,315 - Drone_3 - INFO - Drone 3: Flying to {'x': -12.772854471432254, 'y': -120.32057242776354, 'z': 1145.4303011894226}
2026-02-12 12:41:34,106 - Drone_3 - INFO - Drone 3: Reached target position
2026-02-12 12:41:34,317 - Drone_3 - INFO - Drone 3: Flying to {'x': -4.990797178470835, 'y': -120.24492903405476, 'z': 1145.4303011894226}
2026-02-12 12:41:35,012 - Drone_3 - INFO - Drone 3: Reached target position
2026-02-12 12:41:35,320 - Drone_3 - INFO - Drone 3: Flying to {'x': 2.805207164103541, 'y': -119.95466834090075, 'z': 1145.4303011894226}
2026-02-12 12:41:36,120 - Drone_3 - INFO - Drone 3: Reached target position
2026-02-12 12:41:36,323 - Drone_3 - INFO - Drone 3: Flying to {'x': 10.564144206403652, 'y': -119.45263711326322, 'z': 1145.4303011894226}
2026-02-12 12:41:37,025 - Drone_3 - INFO - Drone 3: Reached target position
2026-02-12 12:41:37,327 - Drone_3 - INFO - Drone 3: Flying to {'x': 18.31725599521227, 'y': -118.73733099379294, 'z': 1145.4303011894226}
2026-02-12 12:41:37,932 - Drone_3 - INFO - Drone 3: Reached target position
2026-02-12 12:41:38,331 - Drone_3 - INFO - Drone 3: Flying to {'x': 26.037573421890436, 'y': -117.81065146288192, 'z': 1145.4303011894226}
2026-02-12 12:41:39,038 - Drone_3 - INFO - Drone 3: Reached target position
2026-02-12 12:41:39,332 - Drone_3 - INFO - Drone 3: Flying to {'x': 33.72701074697379, 'y': -116.67169712289942, 'z': 1145.4303011894226}
2026-02-12 12:41:39,944 - Drone_3 - INFO - Drone 3: Reached target position
2026-02-12 12:41:40,334 - Drone_3 - INFO - Drone 3: Flying to {'x': 41.38347022505664, 'y': -115.31904293808176, 'z': 1145.4303011894226}
2026-02-12 12:41:41,051 - Drone_3 - INFO - Drone 3: Reached target position
2026-02-12 12:41:41,337 - Drone_3 - INFO - Drone 3: Flying to {'x': 48.99717986879794, 'y': -113.75207737767741, 'z': 1145.4303011894226}
2026-02-12 12:41:41,957 - Drone_3 - INFO - Drone 3: Reached target position
2026-02-12 12:41:42,340 - Drone_3 - INFO - Drone 3: Flying to {'x': 56.552696506123326, 'y': -111.97158816165161, 'z': 1145.4303011894226}
2026-02-12 12:41:43,064 - Drone_3 - INFO - Drone 3: Reached target position
2026-02-12 12:41:43,343 - Drone_3 - INFO - Drone 3: Flying to {'x': 64.05019834779091, 'y': -109.97454750939802, 'z': 1145.4303011894226}
2026-02-12 12:41:43,970 - Drone_3 - INFO - Drone 3: Reached target position
2026-02-12 12:41:44,347 - Drone_3 - INFO - Drone 3: Flying to {'x': 71.485589167174, 'y': -107.75791963641703, 'z': 1145.4303011894226}
2026-02-12 12:41:45,076 - Drone_3 - INFO - Drone 3: Reached target position
2026-02-12 12:41:45,350 - Drone_3 - INFO - Drone 3: Flying to {'x': 78.84325700207026, 'y': -105.32173553288293, 'z': 1145.4303011894226}
2026-02-12 12:41:45,981 - Drone_3 - INFO - Drone 3: Reached target position
2026-02-12 12:41:46,352 - Drone_3 - INFO - Drone 3: Flying to {'x': 86.12177757163329, 'y': -102.66101264898688, 'z': 1145.4303011894226}
2026-02-12 12:41:47,091 - Drone_3 - INFO - Drone 3: Reached target position
2026-02-12 12:41:47,354 - Drone_3 - INFO - Drone 3: Flying to {'x': 93.29686696611935, 'y': -99.77878382095926, 'z': 1145.4303011894226}
2026-02-12 12:41:47,997 - Drone_3 - INFO - Drone 3: Reached target position
2026-02-12 12:41:48,357 - Drone_3 - INFO - Drone 3: Flying to {'x': 100.36738985020725, 'y': -96.66890851863813, 'z': 1145.4303011894226}
2026-02-12 12:41:49,105 - Drone_3 - INFO - Drone 3: Reached target position
2026-02-12 12:41:49,361 - Drone_3 - INFO - Drone 3: Flying to {'x': 107.34689147601478, 'y': -93.3155793936032, 'z': 1145.4303011894226}
2026-02-12 12:41:50,010 - Drone_3 - INFO - Drone 3: Reached target position
2026-02-12 12:41:50,365 - Drone_3 - INFO - Drone 3: Flying to {'x': 114.19448210810728, 'y': -89.72749250172, 'z': 1145.4303011894226}
2026-02-12 12:41:51,117 - Drone_3 - INFO - Drone 3: Reached target position
2026-02-12 12:41:51,368 - Drone_3 - INFO - Drone 3: Flying to {'x': 120.90550237694612, 'y': -85.89535293288749, 'z': 1145.4303011894226}
2026-02-12 12:41:52,023 - Drone_3 - INFO - Drone 3: Reached target position
2026-02-12 12:41:52,369 - Drone_3 - INFO - Drone 3: Flying to {'x': 127.4962735519793, 'y': -81.79254360507926, 'z': 1145.4303011894226}
2026-02-12 12:41:53,130 - Drone_3 - INFO - Drone 3: Reached target position
2026-02-12 12:41:53,371 - Drone_3 - INFO - Drone 3: Flying to {'x': 133.89883223231914, 'y': -77.44285056976551, 'z': 1145.4303011894226}
2026-02-12 12:41:54,038 - Drone_3 - INFO - Drone 3: Reached target position
2026-02-12 12:41:54,374 - Drone_3 - INFO - Drone 3: Flying to {'x': 140.11729761249302, 'y': -72.82276176462932, 'z': 1145.4303011894226}
2026-02-12 12:41:55,146 - Drone_3 - INFO - Drone 3: Reached target position
2026-02-12 12:41:55,377 - Drone_3 - INFO - Drone 3: Flying to {'x': 146.1269399543681, 'y': -67.92310927100993, 'z': 1145.4303011894226}
2026-02-12 12:41:56,052 - Drone_3 - INFO - Drone 3: Reached target position
2026-02-12 12:41:56,380 - Drone_3 - INFO - Drone 3: Flying to {'x': 151.9147882340134, 'y': -62.71854275247397, 'z': 1145.4303011894226}
2026-02-12 12:41:57,162 - Drone_3 - INFO - Drone 3: Reached target position
2026-02-12 12:41:57,383 - Drone_3 - INFO - Drone 3: Flying to {'x': 157.43676362156972, 'y': -57.20377247251479, 'z': 1145.4303011894226}
2026-02-12 12:41:58,068 - Drone_3 - INFO - Drone 3: Reached target position
2026-02-12 12:41:58,384 - Drone_3 - INFO - Drone 3: Flying to {'x': 162.64712322509507, 'y': -51.37129701466307, 'z': 1145.4303011894226}
2026-02-12 12:41:59,073 - Drone_3 - INFO - Drone 3: Reached target position
2026-02-12 12:41:59,387 - Drone_3 - INFO - Drone 3: Flying to {'x': 167.50596259563562, 'y': -45.199217453501745, 'z': 1145.4303011894226}
2026-02-12 12:42:00,080 - Drone_3 - INFO - Drone 3: Reached target position
2026-02-12 12:42:00,389 - Drone_3 - INFO - Drone 3: Flying to {'x': 171.9473893043671, 'y': -38.69036064764474, 'z': 1145.4303011894226}
2026-02-12 12:42:01,086 - Drone_3 - INFO - Drone 3: Reached target position
2026-02-12 12:42:01,390 - Drone_3 - INFO - Drone 3: Flying to {'x': 175.53048799860431, 'y': -32.55138256294087, 'z': 1145.4303011894226}
2026-02-12 12:42:02,093 - Drone_3 - INFO - Drone 3: Reached target position
2026-02-12 12:42:02,393 - Drone_3 - INFO - Drone 3: Flying to {'x': 178.97850200703863, 'y': -25.45033493782879, 'z': 1145.4303011894226}
2026-02-12 12:42:02,999 - Drone_3 - INFO - Drone 3: Reached target position
2026-02-12 12:42:03,394 - Drone_3 - INFO - Drone 3: Flying to {'x': 181.8076474902182, 'y': -18.061784160492326, 'z': 1145.4303011894226}
2026-02-12 12:42:04,006 - Drone_3 - INFO - Drone 3: Reached target position
2026-02-12 12:42:04,397 - Drone_3 - INFO - Drone 3: Flying to {'x': 183.94745143665588, 'y': -10.435161700890724, 'z': 1145.4303011894226}
2026-02-12 12:42:05,015 - Drone_3 - INFO - Drone 3: Reached target position
2026-02-12 12:42:05,400 - Drone_3 - INFO - Drone 3: Flying to {'x': 185.3351936712435, 'y': -2.66831392487523, 'z': 1145.4303011894226}
2026-02-12 12:42:06,021 - Drone_3 - INFO - Drone 3: Reached target position
2026-02-12 12:42:06,404 - Drone_3 - INFO - Drone 3: Flying to {'x': 185.939965077828, 'y': 5.1734281188888875, 'z': 1145.4303011894226}
2026-02-12 12:42:07,029 - Drone_3 - INFO - Drone 3: Reached target position
2026-02-12 12:42:07,407 - Drone_3 - INFO - Drone 3: Flying to {'x': 185.74706569676388, 'y': 13.026227496361757, 'z': 1145.4303011894226}
2026-02-12 12:42:08,037 - Drone_3 - INFO - Drone 3: Reached target position
2026-02-12 12:42:08,412 - Drone_3 - INFO - Drone 3: Flying to {'x': 184.76132597297365, 'y': 20.800505087585016, 'z': 1145.4303011894226}
2026-02-12 12:42:09,045 - Drone_3 - INFO - Drone 3: Reached target position
2026-02-12 12:42:09,413 - Drone_3 - INFO - Drone 3: Flying to {'x': 183.01549040582648, 'y': 28.39773473157674, 'z': 1145.4303011894226}
2026-02-12 12:42:10,051 - Drone_3 - INFO - Drone 3: Reached target position
2026-02-12 12:42:10,416 - Drone_3 - INFO - Drone 3: Flying to {'x': 180.5557933064262, 'y': 35.76206202164667, 'z': 1145.4303011894226}
2026-02-12 12:42:10,957 - Drone_3 - INFO - Drone 3: Reached target position
2026-02-12 12:42:11,419 - Drone_3 - INFO - Drone 3: Flying to {'x': 177.4266364214507, 'y': 42.870029367526946, 'z': 1145.4303011894226}
2026-02-12 12:42:11,963 - Drone_3 - INFO - Drone 3: Reached target position
2026-02-12 12:42:12,422 - Drone_3 - INFO - Drone 3: Flying to {'x': 173.69487192678093, 'y': 49.665467592879224, 'z': 1145.4303011894226}
2026-02-12 12:42:12,971 - Drone_3 - INFO - Drone 3: Reached target position
2026-02-12 12:42:13,426 - Drone_3 - INFO - Drone 3: Flying to {'x': 169.43018660296266, 'y': 56.11465280404632, 'z': 1145.4303011894226}
2026-02-12 12:42:13,978 - Drone_3 - INFO - Drone 3: Reached target position
2026-02-12 12:42:14,431 - Drone_3 - INFO - Drone 3: Flying to {'x': 164.6909405286837, 'y': 62.21123294016393, 'z': 1145.4303011894226}
2026-02-12 12:42:14,985 - Drone_3 - INFO - Drone 3: Reached target position
2026-02-12 12:42:15,434 - Drone_3 - INFO - Drone 3: Flying to {'x': 159.52270635347622, 'y': 67.96314818118273, 'z': 1145.4303011894226}
2026-02-12 12:42:15,991 - Drone_3 - INFO - Drone 3: Reached target position
2026-02-12 12:42:16,437 - Drone_3 - INFO - Drone 3: Flying to {'x': 153.98780116393957, 'y': 73.35873150546007, 'z': 1145.4303011894226}
2026-02-12 12:42:16,998 - Drone_3 - INFO - Drone 3: Reached target position
2026-02-12 12:42:17,438 - Drone_3 - INFO - Drone 3: Flying to {'x': 148.1255662773044, 'y': 78.41019714440688, 'z': 1145.4303011894226}
2026-02-12 12:42:18,004 - Drone_3 - INFO - Drone 3: Reached target position
2026-02-12 12:42:18,440 - Drone_3 - INFO - Drone 3: Flying to {'x': 141.97671051441782, 'y': 83.12491886113412, 'z': 1145.4303011894226}
2026-02-12 12:42:18,914 - Drone_3 - INFO - Drone 3: Reached target position
2026-02-12 12:42:19,443 - Drone_3 - INFO - Drone 3: Flying to {'x': 135.59415811669422, 'y': 87.50097659992313, 'z': 1145.4303011894226}
2026-02-12 12:42:19,920 - Drone_3 - INFO - Drone 3: Reached target position
2026-02-12 12:42:20,446 - Drone_3 - INFO - Drone 3: Flying to {'x': 128.99170643157316, 'y': 91.5618910166924, 'z': 1145.4303011894226}
2026-02-12 12:42:20,926 - Drone_3 - INFO - Drone 3: Reached target position
2026-02-12 12:42:21,451 - Drone_3 - INFO - Drone 3: Flying to {'x': 122.1991960884802, 'y': 95.31618710691616, 'z': 1145.4303011894226}
2026-02-12 12:42:21,933 - Drone_3 - INFO - Drone 3: Reached target position
2026-02-12 12:42:22,454 - Drone_3 - INFO - Drone 3: Flying to {'x': 115.2430185921839, 'y': 98.77286435435418, 'z': 1145.4303011894226}
2026-02-12 12:42:22,939 - Drone_3 - INFO - Drone 3: Reached target position
2026-02-12 12:42:23,457 - Drone_3 - INFO - Drone 3: Flying to {'x': 108.15065087194313, 'y': 101.93927611058965, 'z': 1145.4303011894226}
2026-02-12 12:42:23,946 - Drone_3 - INFO - Drone 3: Reached target position
2026-02-12 12:42:24,459 - Drone_3 - INFO - Drone 3: Flying to {'x': 100.93185570350641, 'y': 104.8289872855946, 'z': 1145.4303011894226}
2026-02-12 12:42:24,951 - Drone_3 - INFO - Drone 3: Reached target position
2026-02-12 12:42:25,461 - Drone_3 - INFO - Drone 3: Flying to {'x': 93.60936655730399, 'y': 107.44824692303752, 'z': 1145.4303011894226}
2026-02-12 12:42:25,959 - Drone_3 - INFO - Drone 3: Reached target position
2026-02-12 12:42:26,463 - Drone_3 - INFO - Drone 3: Flying to {'x': 86.19770245517078, 'y': 109.80549448699169, 'z': 1145.4303011894226}
2026-02-12 12:42:26,965 - Drone_3 - INFO - Drone 3: Reached target position
2026-02-12 12:42:27,466 - Drone_3 - INFO - Drone 3: Flying to {'x': 78.6789967583172, 'y': 111.91642840694114, 'z': 1145.4303011894226}
2026-02-12 12:42:27,871 - Drone_3 - INFO - Drone 3: Reached target position
2026-02-12 12:42:28,469 - Drone_3 - INFO - Drone 3: Flying to {'x': 71.13212182274097, 'y': 113.76958967718608, 'z': 1145.4303011894226}
2026-02-12 12:42:28,777 - Drone_3 - INFO - Drone 3: Reached target position
2026-02-12 12:42:29,473 - Drone_3 - INFO - Drone 3: Flying to {'x': 63.5155709809583, 'y': 115.384976414503, 'z': 1145.4303011894226}
2026-02-12 12:42:29,783 - Drone_3 - INFO - Drone 3: Reached target position
2026-02-12 12:42:30,477 - Drone_3 - INFO - Drone 3: Flying to {'x': 55.837722505312115, 'y': 116.76682920361387, 'z': 1145.4303011894226}
2026-02-12 12:42:30,790 - Drone_3 - INFO - Drone 3: Reached target position
2026-02-12 12:42:31,481 - Drone_3 - INFO - Drone 3: Flying to {'x': 48.13383489391164, 'y': 117.91507039149226, 'z': 1145.4303011894226}
2026-02-12 12:42:31,796 - Drone_3 - INFO - Drone 3: Reached target position
2026-02-12 12:42:32,483 - Drone_3 - INFO - Drone 3: Flying to {'x': 40.39979089464372, 'y': 118.83619654070034, 'z': 1145.4303011894226}
2026-02-12 12:42:32,802 - Drone_3 - INFO - Drone 3: Reached target position
2026-02-12 12:42:33,486 - Drone_3 - INFO - Drone 3: Flying to {'x': 33.42189864452081, 'y': 119.47382082339593, 'z': 1145.4303011894226}
2026-02-12 12:42:33,808 - Drone_3 - INFO - Drone 3: Reached target position
2026-02-12 12:42:34,489 - Drone_3 - INFO - Drone 3: Flying to {'x': 25.64113251785543, 'y': 119.97339104697026, 'z': 1145.4303011894226}
2026-02-12 12:42:34,815 - Drone_3 - INFO - Drone 3: Reached target position
2026-02-12 12:42:35,493 - Drone_3 - INFO - Drone 3: Flying to {'x': 17.860442462215868, 'y': 120.25406149134884, 'z': 1145.4303011894226}
2026-02-12 12:42:35,823 - Drone_3 - INFO - Drone 3: Reached target position
2026-02-12 12:42:36,498 - Drone_3 - INFO - Drone 3: Flying to {'x': 10.072291720809613, 'y': 120.31865584760779, 'z': 1145.4303011894226}
2026-02-12 12:42:36,829 - Drone_3 - INFO - Drone 3: Reached target position
2026-02-12 12:42:37,501 - Drone_3 - INFO - Drone 3: Flying to {'x': 2.2823323955089387, 'y': 120.16846219332167, 'z': 1145.4303011894226}
2026-02-12 12:42:37,834 - Drone_3 - INFO - Drone 3: Reached target position
2026-02-12 12:42:38,503 - Drone_3 - INFO - Drone 3: Flying to {'x': -5.483353947478566, 'y': 119.80555758473646, 'z': 1145.4303011894226}
2026-02-12 12:42:38,841 - Drone_3 - INFO - Drone 3: Reached target position
2026-02-12 12:42:39,505 - Drone_3 - INFO - Drone 3: Flying to {'x': -13.249835527932508, 'y': 119.2291992824663, 'z': 1145.4303011894226}
2026-02-12 12:42:39,746 - Drone_3 - INFO - Drone 3: Reached target position
2026-02-12 12:42:40,507 - Drone_3 - INFO - Drone 3: Flying to {'x': -20.985951528251416, 'y': 118.44144108776554, 'z': 1145.4303011894226}
2026-02-12 12:42:40,753 - Drone_3 - INFO - Drone 3: Reached target position
2026-02-12 12:42:41,509 - Drone_3 - INFO - Drone 3: Flying to {'x': -28.693399880517596, 'y': 117.4419405539463, 'z': 1145.4303011894226}
2026-02-12 12:42:41,760 - Drone_3 - INFO - Drone 3: Reached target position
2026-02-12 12:42:42,513 - Drone_3 - INFO - Drone 3: Flying to {'x': -36.35916255614173, 'y': 116.23166946952776, 'z': 1145.4303011894226}
2026-02-12 12:42:42,766 - Drone_3 - INFO - Drone 3: Reached target position
2026-02-12 12:42:43,517 - Drone_3 - INFO - Drone 3: Flying to {'x': -43.98729315065796, 'y': 114.80852848855437, 'z': 1145.4303011894226}
2026-02-12 12:42:43,775 - Drone_3 - INFO - Drone 3: Reached target position
2026-02-12 12:42:44,520 - Drone_3 - INFO - Drone 3: Flying to {'x': -51.59538481627902, 'y': 113.16565485034155, 'z': 1145.4303011894226}
2026-02-12 12:42:44,780 - Drone_3 - INFO - Drone 3: Reached target position
2026-02-12 12:42:45,522 - Drone_3 - INFO - Drone 3: Flying to {'x': -59.1251305916268, 'y': 111.31283474292461, 'z': 1145.4303011894226}
2026-02-12 12:42:45,787 - Drone_3 - INFO - Drone 3: Reached target position
2026-02-12 12:42:46,524 - Drone_3 - INFO - Drone 3: Flying to {'x': -66.59935974150294, 'y': 109.2417691312223, 'z': 1145.4303011894226}
2026-02-12 12:42:46,794 - Drone_3 - INFO - Drone 3: Reached target position
2026-02-12 12:42:47,526 - Drone_3 - INFO - Drone 3: Flying to {'x': -73.99864031875138, 'y': 106.95378291525192, 'z': 1145.4303011894226}
2026-02-12 12:42:47,800 - Drone_3 - INFO - Drone 3: Reached target position
2026-02-12 12:42:48,528 - Drone_3 - INFO - Drone 3: Flying to {'x': -81.32556561215783, 'y': 104.44324824702421, 'z': 1145.4303011894226}
2026-02-12 12:42:48,709 - Drone_3 - INFO - Drone 3: Reached target position
2026-02-12 12:42:49,531 - Drone_3 - INFO - Drone 3: Flying to {'x': -88.56433287287963, 'y': 101.70979895394025, 'z': 1145.4303011894226}
2026-02-12 12:42:49,716 - Drone_3 - INFO - Drone 3: Reached target position
2026-02-12 12:42:50,533 - Drone_3 - INFO - Drone 3: Flying to {'x': -95.70399664455063, 'y': 98.75128171474616, 'z': 1145.4303011894226}
2026-02-12 12:42:50,722 - Drone_3 - INFO - Drone 3: Reached target position
2026-02-12 12:42:51,536 - Drone_3 - INFO - Drone 3: Flying to {'x': -102.74198278692391, 'y': 95.56100508449666, 'z': 1145.4303011894226}
2026-02-12 12:42:51,730 - Drone_3 - INFO - Drone 3: Reached target position
2026-02-12 12:42:52,539 - Drone_3 - INFO - Drone 3: Flying to {'x': -109.6619399906581, 'y': 92.13720550353094, 'z': 1145.4303011894226}
2026-02-12 12:42:52,736 - Drone_3 - INFO - Drone 3: Reached target position
2026-02-12 12:42:53,543 - Drone_3 - INFO - Drone 3: Flying to {'x': -116.47029902851696, 'y': 88.46484947507011, 'z': 1145.4303011894226}
2026-02-12 12:42:53,743 - Drone_3 - INFO - Drone 3: Reached target position
2026-02-12 12:42:54,546 - Drone_3 - INFO - Drone 3: Flying to {'x': -123.13673139018448, 'y': 84.54629843409982, 'z': 1145.4303011894226}
2026-02-12 12:42:54,650 - Drone_3 - INFO - Drone 3: Reached target position
2026-02-12 12:42:55,549 - Drone_3 - INFO - Drone 3: Flying to {'x': -129.6480643886992, 'y': 80.3735271099529, 'z': 1145.4303011894226}
2026-02-12 12:42:55,657 - Drone_3 - INFO - Drone 3: Reached target position
2026-02-12 12:42:56,551 - Drone_3 - INFO - Drone 3: Flying to {'x': -135.98671663568703, 'y': 75.93848036746907, 'z': 1145.4303011894226}
2026-02-12 12:42:56,663 - Drone_3 - INFO - Drone 3: Reached target position
2026-02-12 12:42:57,553 - Drone_3 - INFO - Drone 3: Flying to {'x': -142.14458293375318, 'y': 71.22180664508835, 'z': 1145.4303011894226}
2026-02-12 12:42:57,669 - Drone_3 - INFO - Drone 3: Reached target position
2026-02-12 12:42:58,555 - Drone_3 - INFO - Drone 3: Flying to {'x': -148.08703972604783, 'y': 66.21909879891501, 'z': 1145.4303011894226}
2026-02-12 12:42:58,677 - Drone_3 - INFO - Drone 3: Reached target position
2026-02-12 12:42:59,558 - Drone_3 - INFO - Drone 3: Flying to {'x': -153.78053072773218, 'y': 60.922022684939826, 'z': 1145.4303011894226}
2026-02-12 12:42:59,684 - Drone_3 - INFO - Drone 3: Reached target position
2026-02-12 12:43:00,560 - Drone_3 - INFO - Drone 3: Flying to {'x': -159.2006206875571, 'y': 55.30664072934209, 'z': 1145.4303011894226}
2026-02-12 12:43:00,794 - Drone_3 - INFO - Drone 3: Reached target position
2026-02-12 12:43:01,564 - Drone_3 - INFO - Drone 3: Flying to {'x': -164.30650901918312, 'y': 49.355016126268644, 'z': 1145.4303011894226}
2026-02-12 12:43:01,801 - Drone_3 - INFO - Drone 3: Reached target position
2026-02-12 12:43:02,568 - Drone_3 - INFO - Drone 3: Flying to {'x': -169.02696104752857, 'y': 43.08037776447004, 'z': 1145.4303011894226}
2026-02-12 12:43:02,808 - Drone_3 - INFO - Drone 3: Reached target position
2026-02-12 12:43:03,572 - Drone_3 - INFO - Drone 3: Flying to {'x': -173.30352763185127, 'y': 36.48092060818317, 'z': 1145.4303011894226}
2026-02-12 12:43:03,917 - Drone_3 - INFO - Drone 3: Reached target position
2026-02-12 12:43:04,574 - Drone_3 - INFO - Drone 3: Flying to {'x': -177.0777698781511, 'y': 29.54945974447995, 'z': 1145.4303011894226}
2026-02-12 12:43:04,923 - Drone_3 - INFO - Drone 3: Reached target position
2026-02-12 12:43:05,576 - Drone_3 - INFO - Drone 3: Flying to {'x': -180.2666770558622, 'y': 22.328856609554467, 'z': 1145.4303011894226}
2026-02-12 12:43:05,929 - Drone_3 - INFO - Drone 3: Reached target position
2026-02-12 12:43:06,579 - Drone_3 - INFO - Drone 3: Flying to {'x': -182.8043011643685, 'y': 14.850442706923612, 'z': 1145.4303011894226}
2026-02-12 12:43:07,039 - Drone_3 - INFO - Drone 3: Reached target position
2026-02-12 12:43:07,581 - Drone_3 - INFO - Drone 3: Flying to {'x': -184.6287431683221, 'y': 7.16422238735239, 'z': 1145.4303011894226}
2026-02-12 12:43:08,045 - Drone_3 - INFO - Drone 3: Reached target position
2026-02-12 12:43:08,583 - Drone_3 - INFO - Drone 3: Flying to {'x': -185.68810708566784, 'y': -0.6420244454108808, 'z': 1145.4303011894226}
2026-02-12 12:43:09,051 - Drone_3 - INFO - Drone 3: Reached target position
2026-02-12 12:43:09,586 - Drone_3 - INFO - Drone 3: Flying to {'x': -185.9564653281631, 'y': -8.495859034785312, 'z': 1145.4303011894226}
2026-02-12 12:43:10,158 - Drone_3 - INFO - Drone 3: Reached target position
2026-02-12 12:43:10,590 - Drone_3 - INFO - Drone 3: Flying to {'x': -185.42767577420398, 'y': -16.316350702018354, 'z': 1145.4303011894226}
2026-02-12 12:43:11,165 - Drone_3 - INFO - Drone 3: Reached target position
2026-02-12 12:43:11,594 - Drone_3 - INFO - Drone 3: Flying to {'x': -184.28355705009534, 'y': -23.25487199891969, 'z': 1145.4303011894226}
2026-02-12 12:43:12,172 - Drone_3 - INFO - Drone 3: Reached target position
2026-02-12 12:43:12,597 - Drone_3 - INFO - Drone 3: Flying to {'x': -182.30179653998067, 'y': -30.788681677228038, 'z': 1145.4303011894226}
2026-02-12 12:43:13,179 - Drone_3 - INFO - Drone 3: Reached target position
2026-02-12 12:43:13,603 - Drone_3 - INFO - Drone 3: Flying to {'x': -179.6214568350361, 'y': -38.074974456691116, 'z': 1145.4303011894226}
2026-02-12 12:43:14,184 - Drone_3 - INFO - Drone 3: Reached target position
2026-02-12 12:43:14,604 - Drone_3 - INFO - Drone 3: Flying to {'x': -176.296253014939, 'y': -45.078224017737114, 'z': 1145.4303011894226}
2026-02-12 12:43:15,293 - Drone_3 - INFO - Drone 3: Reached target position
2026-02-12 12:43:15,606 - Drone_3 - INFO - Drone 3: Flying to {'x': -172.37952440825285, 'y': -51.7765824901726, 'z': 1145.4303011894226}
2026-02-12 12:43:16,300 - Drone_3 - INFO - Drone 3: Reached target position
2026-02-12 12:43:16,609 - Drone_3 - INFO - Drone 3: Flying to {'x': -167.9490108318533, 'y': -58.12210978838924, 'z': 1145.4303011894226}
2026-02-12 12:43:17,307 - Drone_3 - INFO - Drone 3: Reached target position
2026-02-12 12:43:17,611 - Drone_3 - INFO - Drone 3: Flying to {'x': -163.0514563074553, 'y': -64.12342000778892, 'z': 1145.4303011894226}
2026-02-12 12:43:18,313 - Drone_3 - INFO - Drone 3: Reached target position
2026-02-12 12:43:18,612 - Drone_3 - INFO - Drone 3: Flying to {'x': -157.76298296770398, 'y': -69.7542571531195, 'z': 1145.4303011894226}
2026-02-12 12:43:19,220 - Drone_3 - INFO - Drone 3: Reached target position
2026-02-12 12:43:19,614 - Drone_3 - INFO - Drone 3: Flying to {'x': -152.1043249598118, 'y': -75.04838953965671, 'z': 1145.4303011894226}
2026-02-12 12:43:20,228 - Drone_3 - INFO - Drone 3: Reached target position
2026-02-12 12:43:20,617 - Drone_3 - INFO - Drone 3: Flying to {'x': -146.14899701354193, 'y': -79.9850044043423, 'z': 1145.4303011894226}
2026-02-12 12:43:21,235 - Drone_3 - INFO - Drone 3: Reached target position
2026-02-12 12:43:21,618 - Drone_3 - INFO - Drone 3: Flying to {'x': -139.92468910223658, 'y': -84.5847658030566, 'z': 1145.4303011894226}
2026-02-12 12:43:22,242 - Drone_3 - INFO - Drone 3: Reached target position
2026-02-12 12:43:22,620 - Drone_3 - INFO - Drone 3: Flying to {'x': -133.45701187994894, 'y': -88.8635624221308, 'z': 1145.4303011894226}
2026-02-12 12:43:23,249 - Drone_3 - INFO - Drone 3: Reached target position
2026-02-12 12:43:23,623 - Drone_3 - INFO - Drone 3: Flying to {'x': -126.79119365157663, 'y': -92.82213803391083, 'z': 1145.4303011894226}
2026-02-12 12:43:24,257 - Drone_3 - INFO - Drone 3: Reached target position
2026-02-12 12:43:24,625 - Drone_3 - INFO - Drone 3: Flying to {'x': -119.9462280611846, 'y': -96.4762600527979, 'z': 1145.4303011894226}
2026-02-12 12:43:25,263 - Drone_3 - INFO - Drone 3: Reached target position
2026-02-12 12:43:25,628 - Drone_3 - INFO - Drone 3: Flying to {'x': -112.93735115616265, 'y': -99.83982397918862, 'z': 1145.4303011894226}
2026-02-12 12:43:26,270 - Drone_3 - INFO - Drone 3: Reached target position
2026-02-12 12:43:26,630 - Drone_3 - INFO - Drone 3: Flying to {'x': -105.78433825616136, 'y': -102.92176620083742, 'z': 1145.4303011894226}
2026-02-12 12:43:27,275 - Drone_3 - INFO - Drone 3: Reached target position
2026-02-12 12:43:27,632 - Drone_3 - INFO - Drone 3: Flying to {'x': -98.5349887199688, 'y': -105.71945798206379, 'z': 1145.4303011894226}
2026-02-12 12:43:28,282 - Drone_3 - INFO - Drone 3: Reached target position
2026-02-12 12:43:28,634 - Drone_3 - INFO - Drone 3: Flying to {'x': -91.17486291404535, 'y': -108.25387260201617, 'z': 1145.4303011894226}
2026-02-12 12:43:29,290 - Drone_3 - INFO - Drone 3: Reached target position
2026-02-12 12:43:29,636 - Drone_3 - INFO - Drone 3: Flying to {'x': -83.72685153941612, 'y': -110.52926160613254, 'z': 1145.4303011894226}
2026-02-12 12:43:30,298 - Drone_3 - INFO - Drone 3: Reached target position
2026-02-12 12:43:30,638 - Drone_3 - INFO - Drone 3: Flying to {'x': -76.21156375734716, 'y': -112.55073162127701, 'z': 1145.4303011894226}
2026-02-12 12:43:31,306 - Drone_3 - INFO - Drone 3: Reached target position
2026-02-12 12:43:31,641 - Drone_3 - INFO - Drone 3: Flying to {'x': -68.63108925377689, 'y': -114.32749163610441, 'z': 1145.4303011894226}
2026-02-12 12:43:32,312 - Drone_3 - INFO - Drone 3: Reached target position
2026-02-12 12:43:32,645 - Drone_3 - INFO - Drone 3: Flying to {'x': -60.99765533320994, 'y': -115.86477219150109, 'z': 1145.4303011894226}
2026-02-12 12:43:33,417 - Drone_3 - INFO - Drone 3: Reached target position
2026-02-12 12:43:33,649 - Drone_3 - INFO - Drone 3: Flying to {'x': -53.31625138517672, 'y': -117.1683921733202, 'z': 1145.4303011894226}
2026-02-12 12:43:34,323 - Drone_3 - INFO - Drone 3: Reached target position
2026-02-12 12:43:34,652 - Drone_3 - INFO - Drone 3: Flying to {'x': -45.5892720912805, 'y': -118.24326879418747, 'z': 1145.4303011894226}
2026-02-12 12:43:35,430 - Drone_3 - INFO - Drone 3: Reached target position
2026-02-12 12:43:35,655 - Drone_3 - INFO - Drone 3: Flying to {'x': -37.83179397788158, 'y': -119.09180812282948, 'z': 1145.4303011894226}
2026-02-12 12:43:36,337 - Drone_3 - INFO - Drone 3: Reached target position
2026-02-12 12:43:36,659 - Drone_3 - INFO - Drone 3: Flying to {'x': -30.067091268649218, 'y': -119.71617123362907, 'z': 1145.4303011894226}
2026-02-12 12:43:37,445 - Drone_3 - INFO - Drone 3: Reached target position
2026-02-12 12:43:37,661 - Drone_3 - INFO - Drone 3: Flying to {'x': -22.288331274133615, 'y': -120.12086136038432, 'z': 1145.4303011894226}
2026-02-12 12:43:38,351 - Drone_3 - INFO - Drone 3: Reached target position
2026-02-12 12:43:38,663 - Drone_3 - INFO - Drone 3: Flying to {'x': -15.272574657275271, 'y': -120.29929147508255, 'z': 1145.4303011894226}
2026-02-12 12:43:39,357 - Drone_3 - INFO - Drone 3: Reached target position
2026-02-12 12:43:39,667 - Drone_3 - INFO - Drone 3: Flying to {'x': -7.47340757324225, 'y': -120.29222354613162, 'z': 1145.4303011894226}
2026-02-12 12:43:40,464 - Drone_3 - INFO - Drone 3: Reached target position
2026-02-12 12:43:40,671 - Drone_3 - INFO - Drone 3: Flying to {'x': 0.30742330667545525, 'y': -120.070955919519, 'z': 1145.4303011894226}
2026-02-12 12:43:41,370 - Drone_3 - INFO - Drone 3: Reached target position
2026-02-12 12:43:41,674 - Drone_3 - INFO - Drone 3: Flying to {'x': 8.080800749629004, 'y': -119.63645159391373, 'z': 1145.4303011894226}
2026-02-12 12:43:42,480 - Drone_3 - INFO - Drone 3: Reached target position
2026-02-12 12:43:42,678 - Drone_3 - INFO - Drone 3: Flying to {'x': 15.832940815699718, 'y': -118.98985244711706, 'z': 1145.4303011894226}
2026-02-12 12:43:43,284 - Drone_3 - INFO - Drone 3: Reached target position
2026-02-12 12:43:43,681 - Drone_3 - INFO - Drone 3: Flying to {'x': 23.568217914911905, 'y': -118.13045332558784, 'z': 1145.4303011894226}
2026-02-12 12:43:44,391 - Drone_3 - INFO - Drone 3: Reached target position
2026-02-12 12:43:44,685 - Drone_3 - INFO - Drone 3: Flying to {'x': 31.2785643098435, 'y': -117.05792579803617, 'z': 1145.4303011894226}
2026-02-12 12:43:45,298 - Drone_3 - INFO - Drone 3: Reached target position
2026-02-12 12:43:45,689 - Drone_3 - INFO - Drone 3: Flying to {'x': 38.93776819622222, 'y': -115.77510122781214, 'z': 1145.4303011894226}
2026-02-12 12:43:46,405 - Drone_3 - INFO - Drone 3: Reached target position
2026-02-12 12:43:46,692 - Drone_3 - INFO - Drone 3: Flying to {'x': 46.571988094697964, 'y': -114.2755516112381, 'z': 1145.4303011894226}
2026-02-12 12:43:47,310 - Drone_3 - INFO - Drone 3: Reached target position
2026-02-12 12:43:47,694 - Drone_3 - INFO - Drone 3: Flying to {'x': 54.159545149526274, 'y': -112.56024027505362, 'z': 1145.4303011894226}
2026-02-12 12:43:48,418 - Drone_3 - INFO - Drone 3: Reached target position
2026-02-12 12:43:48,696 - Drone_3 - INFO - Drone 3: Flying to {'x': 61.6718621163058, 'y': -110.63337202025181, 'z': 1145.4303011894226}
2026-02-12 12:43:49,323 - Drone_3 - INFO - Drone 3: Reached target position
2026-02-12 12:43:49,700 - Drone_3 - INFO - Drone 3: Flying to {'x': 69.14025475905979, 'y': -108.48305334077496, 'z': 1145.4303011894226}
2026-02-12 12:43:50,431 - Drone_3 - INFO - Drone 3: Reached target position
2026-02-12 12:43:50,703 - Drone_3 - INFO - Drone 3: Flying to {'x': 76.51412684994025, 'y': -106.11975552190724, 'z': 1145.4303011894226}
2026-02-12 12:43:51,337 - Drone_3 - INFO - Drone 3: Reached target position
2026-02-12 12:43:51,706 - Drone_3 - INFO - Drone 3: Flying to {'x': 83.81679310029344, 'y': -103.5314462997225, 'z': 1145.4303011894226}
2026-02-12 12:43:52,445 - Drone_3 - INFO - Drone 3: Reached target position
2026-02-12 12:43:52,709 - Drone_3 - INFO - Drone 3: Flying to {'x': 91.02567335654341, 'y': -100.71996865631883, 'z': 1145.4303011894226}
2026-02-12 12:43:53,351 - Drone_3 - INFO - Drone 3: Reached target position
2026-02-12 12:43:53,710 - Drone_3 - INFO - Drone 3: Flying to {'x': 98.13946462914765, 'y': -97.67885058104437, 'z': 1145.4303011894226}
2026-02-12 12:43:54,460 - Drone_3 - INFO - Drone 3: Reached target position
2026-02-12 12:43:54,712 - Drone_3 - INFO - Drone 3: Flying to {'x': 105.16398951030884, 'y': -94.3959186664061, 'z': 1145.4303011894226}
2026-02-12 12:43:55,367 - Drone_3 - INFO - Drone 3: Reached target position
2026-02-12 12:43:55,713 - Drone_3 - INFO - Drone 3: Flying to {'x': 112.05518246900542, 'y': -90.88175045133772, 'z': 1145.4303011894226}
2026-02-12 12:43:56,473 - Drone_3 - INFO - Drone 3: Reached target position
2026-02-12 12:43:56,716 - Drone_3 - INFO - Drone 3: Flying to {'x': 118.81109167897594, 'y': -87.12674061614585, 'z': 1145.4303011894226}
2026-02-12 12:43:57,380 - Drone_3 - INFO - Drone 3: Reached target position
2026-02-12 12:43:57,720 - Drone_3 - INFO - Drone 3: Flying to {'x': 125.4295516968776, 'y': -83.11769595442176, 'z': 1145.4303011894226}
2026-02-12 12:43:58,385 - Drone_3 - INFO - Drone 3: Reached target position
2026-02-12 12:43:58,725 - Drone_3 - INFO - Drone 3: Flying to {'x': 131.8864661327944, 'y': -78.85168161985992, 'z': 1145.4303011894226}
2026-02-12 12:43:59,392 - Drone_3 - INFO - Drone 3: Reached target position
2026-02-12 12:43:59,728 - Drone_3 - INFO - Drone 3: Flying to {'x': 138.1654670976592, 'y': -74.3186087573611, 'z': 1145.4303011894226}
2026-02-12 12:44:00,399 - Drone_3 - INFO - Drone 3: Reached target position
2026-02-12 12:44:00,730 - Drone_3 - INFO - Drone 3: Flying to {'x': 144.2550822776509, 'y': -69.49967921064018, 'z': 1145.4303011894226}
2026-02-12 12:44:01,406 - Drone_3 - INFO - Drone 3: Reached target position
2026-02-12 12:44:01,733 - Drone_3 - INFO - Drone 3: Flying to {'x': 150.11597223618443, 'y': -64.3931188487521, 'z': 1145.4303011894226}
2026-02-12 12:44:02,412 - Drone_3 - INFO - Drone 3: Reached target position
2026-02-12 12:44:02,737 - Drone_3 - INFO - Drone 3: Flying to {'x': 155.7215429592304, 'y': -58.982138000203065, 'z': 1145.4303011894226}
2026-02-12 12:44:03,420 - Drone_3 - INFO - Drone 3: Reached target position
2026-02-12 12:44:03,740 - Drone_3 - INFO - Drone 3: Flying to {'x': 161.0363565688642, 'y': -53.25020943193893, 'z': 1145.4303011894226}
2026-02-12 12:44:04,425 - Drone_3 - INFO - Drone 3: Reached target position
2026-02-12 12:44:04,744 - Drone_3 - INFO - Drone 3: Flying to {'x': 166.00820470055564, 'y': -47.19183651928628, 'z': 1145.4303011894226}
2026-02-12 12:44:05,431 - Drone_3 - INFO - Drone 3: Reached target position
2026-02-12 12:44:05,746 - Drone_3 - INFO - Drone 3: Flying to {'x': 170.5751009587189, 'y': -40.81073788134557, 'z': 1145.4303011894226}
2026-02-12 12:44:06,439 - Drone_3 - INFO - Drone 3: Reached target position
2026-02-12 12:44:06,751 - Drone_3 - INFO - Drone 3: Flying to {'x': 174.68907909289535, 'y': -34.08502865144618, 'z': 1145.4303011894226}
2026-02-12 12:44:07,447 - Drone_3 - INFO - Drone 3: Reached target position
2026-02-12 12:44:07,755 - Drone_3 - INFO - Drone 3: Flying to {'x': 178.2677150919044, 'y': -27.04506466692389, 'z': 1145.4303011894226}
2026-02-12 12:44:08,453 - Drone_3 - INFO - Drone 3: Reached target position
2026-02-12 12:44:08,757 - Drone_3 - INFO - Drone 3: Flying to {'x': 181.23723609232638, 'y': -19.72399312023777, 'z': 1145.4303011894226}
2026-02-12 12:44:09,460 - Drone_3 - INFO - Drone 3: Reached target position
2026-02-12 12:44:09,759 - Drone_3 - INFO - Drone 3: Flying to {'x': 183.5316135029169, 'y': -12.161265369012584, 'z': 1145.4303011894226}
2026-02-12 12:44:10,365 - Drone_3 - INFO - Drone 3: Reached target position
2026-02-12 12:44:10,761 - Drone_3 - INFO - Drone 3: Flying to {'x': 185.09038592920652, 'y': -4.427201014455262, 'z': 1145.4303011894226}
2026-02-12 12:44:11,371 - Drone_3 - INFO - Drone 3: Reached target position
2026-02-12 12:44:11,764 - Drone_3 - INFO - Drone 3: Flying to {'x': 185.87388628549917, 'y': 3.415600954660704, 'z': 1145.4303011894226}
2026-02-12 12:44:12,378 - Drone_3 - INFO - Drone 3: Reached target position
2026-02-12 12:44:12,768 - Drone_3 - INFO - Drone 3: Flying to {'x': 185.89712329251438, 'y': 10.491185204942559, 'z': 1145.4303011894226}
2026-02-12 12:44:13,283 - Drone_3 - INFO - Drone 3: Reached target position
2026-02-12 12:44:13,772 - Drone_3 - INFO - Drone 3: Flying to {'x': 185.16843417377405, 'y': 18.282412017407147, 'z': 1145.4303011894226}
2026-02-12 12:44:14,393 - Drone_3 - INFO - Drone 3: Reached target position
2026-02-12 12:44:14,774 - Drone_3 - INFO - Drone 3: Flying to {'x': 183.66746482093677, 'y': 25.93759606756163, 'z': 1145.4303011894226}
2026-02-12 12:44:15,300 - Drone_3 - INFO - Drone 3: Reached target position
2026-02-12 12:44:15,776 - Drone_3 - INFO - Drone 3: Flying to {'x': 181.43138629235978, 'y': 33.39459577188065, 'z': 1145.4303011894226}
2026-02-12 12:44:16,309 - Drone_3 - INFO - Drone 3: Reached target position
2026-02-12 12:44:16,778 - Drone_3 - INFO - Drone 3: Flying to {'x': 178.51598129470267, 'y': 40.58614773847795, 'z': 1145.4303011894226}
2026-02-12 12:44:17,316 - Drone_3 - INFO - Drone 3: Reached target position
2026-02-12 12:44:17,781 - Drone_3 - INFO - Drone 3: Flying to {'x': 174.98707147149156, 'y': 47.463443610439434, 'z': 1145.4303011894226}
2026-02-12 12:44:18,321 - Drone_3 - INFO - Drone 3: Reached target position
2026-02-12 12:44:18,784 - Drone_3 - INFO - Drone 3: Flying to {'x': 170.89771035961502, 'y': 54.01855101979778, 'z': 1145.4303011894226}
2026-02-12 12:44:19,326 - Drone_3 - INFO - Drone 3: Reached target position
2026-02-12 12:44:19,786 - Drone_3 - INFO - Drone 3: Flying to {'x': 166.29621048444247, 'y': 60.24847001128411, 'z': 1145.4303011894226}
2026-02-12 12:44:20,333 - Drone_3 - INFO - Drone 3: Reached target position
2026-02-12 12:44:20,790 - Drone_3 - INFO - Drone 3: Flying to {'x': 161.26645265494605, 'y': 66.11005495887962, 'z': 1145.4303011894226}
2026-02-12 12:44:21,238 - Drone_3 - INFO - Drone 3: Reached target position
2026-02-12 12:44:21,794 - Drone_3 - INFO - Drone 3: Flying to {'x': 155.84814632538118, 'y': 71.62103698018691, 'z': 1145.4303011894226}
2026-02-12 12:44:22,244 - Drone_3 - INFO - Drone 3: Reached target position
2026-02-12 12:44:22,797 - Drone_3 - INFO - Drone 3: Flying to {'x': 150.08807935806317, 'y': 76.78574943193397, 'z': 1145.4303011894226}
2026-02-12 12:44:23,250 - Drone_3 - INFO - Drone 3: Reached target position
2026-02-12 12:44:23,799 - Drone_3 - INFO - Drone 3: Flying to {'x': 144.03769133417063, 'y': 81.60407654517127, 'z': 1145.4303011894226}
2026-02-12 12:44:24,256 - Drone_3 - INFO - Drone 3: Reached target position
2026-02-12 12:44:24,801 - Drone_3 - INFO - Drone 3: Flying to {'x': 137.72986161426311, 'y': 86.08985673432235, 'z': 1145.4303011894226}
2026-02-12 12:44:25,263 - Drone_3 - INFO - Drone 3: Reached target position
2026-02-12 12:44:25,804 - Drone_3 - INFO - Drone 3: Flying to {'x': 131.20130630477658, 'y': 90.25119845131286, 'z': 1145.4303011894226}
2026-02-12 12:44:26,269 - Drone_3 - INFO - Drone 3: Reached target position
2026-02-12 12:44:26,807 - Drone_3 - INFO - Drone 3: Flying to {'x': 124.47740284751143, 'y': 94.10135069822893, 'z': 1145.4303011894226}
2026-02-12 12:44:27,276 - Drone_3 - INFO - Drone 3: Reached target position
2026-02-12 12:44:27,812 - Drone_3 - INFO - Drone 3: Flying to {'x': 117.57907620494291, 'y': 97.65298036748575, 'z': 1145.4303011894226}
2026-02-12 12:44:28,283 - Drone_3 - INFO - Drone 3: Reached target position
2026-02-12 12:44:28,815 - Drone_3 - INFO - Drone 3: Flying to {'x': 110.5331661916722, 'y': 100.9135946759735, 'z': 1145.4303011894226}
2026-02-12 12:44:29,188 - Drone_3 - INFO - Drone 3: Reached target position
2026-02-12 12:44:29,817 - Drone_3 - INFO - Drone 3: Flying to {'x': 103.35604547749995, 'y': 103.89414870426336, 'z': 1145.4303011894226}
2026-02-12 12:44:30,193 - Drone_3 - INFO - Drone 3: Reached target position
2026-02-12 12:44:30,819 - Drone_3 - INFO - Drone 3: Flying to {'x': 96.07123781609191, 'y': 106.6011250799711, 'z': 1145.4303011894226}
2026-02-12 12:44:31,199 - Drone_3 - INFO - Drone 3: Reached target position
2026-02-12 12:44:31,822 - Drone_3 - INFO - Drone 3: Flying to {'x': 88.69102391469931, 'y': 109.04421272913832, 'z': 1145.4303011894226}
2026-02-12 12:44:32,205 - Drone_3 - INFO - Drone 3: Reached target position
2026-02-12 12:44:32,826 - Drone_3 - INFO - Drone 3: Flying to {'x': 81.21665020658801, 'y': 111.23445326602963, 'z': 1145.4303011894226}
2026-02-12 12:44:33,211 - Drone_3 - INFO - Drone 3: Reached target position
2026-02-12 12:44:33,830 - Drone_3 - INFO - Drone 3: Flying to {'x': 73.68001510653322, 'y': 113.17284338838783, 'z': 1145.4303011894226}
2026-02-12 12:44:34,216 - Drone_3 - INFO - Drone 3: Reached target position
2026-02-12 12:44:34,834 - Drone_3 - INFO - Drone 3: Flying to {'x': 66.0819603452432, 'y': 114.86853753350053, 'z': 1145.4303011894226}
2026-02-12 12:44:35,224 - Drone_3 - INFO - Drone 3: Reached target position
2026-02-12 12:44:35,839 - Drone_3 - INFO - Drone 3: Flying to {'x': 58.43208939358392, 'y': 116.32698790968183, 'z': 1145.4303011894226}
2026-02-12 12:44:36,231 - Drone_3 - INFO - Drone 3: Reached target position
2026-02-12 12:44:36,841 - Drone_3 - INFO - Drone 3: Flying to {'x': 50.73718640771825, 'y': 117.55327442129803, 'z': 1145.4303011894226}
2026-02-12 12:44:37,238 - Drone_3 - INFO - Drone 3: Reached target position
2026-02-12 12:44:37,843 - Drone_3 - INFO - Drone 3: Flying to {'x': 43.00824237061026, 'y': 118.55107316971652, 'z': 1145.4303011894226}
2026-02-12 12:44:38,144 - Drone_3 - INFO - Drone 3: Reached target position
2026-02-12 12:44:38,846 - Drone_3 - INFO - Drone 3: Flying to {'x': 35.25581623503729, 'y': 119.32381023350113, 'z': 1145.4303011894226}
2026-02-12 12:44:39,049 - Drone_3 - INFO - Drone 3: Reached target position
2026-02-12 12:44:39,849 - Drone_3 - INFO - Drone 3: Flying to {'x': 27.492026799638015, 'y': 119.87459105840388, 'z': 1145.4303011894226}
2026-02-12 12:44:40,055 - Drone_3 - INFO - Drone 3: Reached target position
2026-02-12 12:44:40,853 - Drone_3 - INFO - Drone 3: Flying to {'x': 19.71289977896398, 'y': 120.20697643676968, 'z': 1145.4303011894226}
2026-02-12 12:44:41,061 - Drone_3 - INFO - Drone 3: Reached target position
2026-02-12 12:44:41,857 - Drone_3 - INFO - Drone 3: Flying to {'x': 11.913636493621405, 'y': 120.32283414174195, 'z': 1145.4303011894226}
2026-02-12 12:44:42,067 - Drone_3 - INFO - Drone 3: Reached target position
2026-02-12 12:44:42,861 - Drone_3 - INFO - Drone 3: Flying to {'x': 4.126772297255782, 'y': 120.22340716551666, 'z': 1145.4303011894226}
2026-02-12 12:44:43,074 - Drone_3 - INFO - Drone 3: Reached target position
2026-02-12 12:44:43,863 - Drone_3 - INFO - Drone 3: Flying to {'x': -3.648422345735734, 'y': 119.91053393728183, 'z': 1145.4303011894226}
2026-02-12 12:44:44,082 - Drone_3 - INFO - Drone 3: Reached target position
2026-02-12 12:44:44,866 - Drone_3 - INFO - Drone 3: Flying to {'x': -11.400549685416813, 'y': 119.38589475686665, 'z': 1145.4303011894226}
2026-02-12 12:44:45,088 - Drone_3 - INFO - Drone 3: Reached target position
2026-02-12 12:44:45,870 - Drone_3 - INFO - Drone 3: Flying to {'x': -19.154673519858576, 'y': 118.64731296196294, 'z': 1145.4303011894226}
2026-02-12 12:44:46,095 - Drone_3 - INFO - Drone 3: Reached target position
2026-02-12 12:44:46,873 - Drone_3 - INFO - Drone 3: Flying to {'x': -26.868407388202602, 'y': 117.69814979627934, 'z': 1145.4303011894226}
2026-02-12 12:44:47,103 - Drone_3 - INFO - Drone 3: Reached target position
2026-02-12 12:44:47,877 - Drone_3 - INFO - Drone 3: Flying to {'x': -34.55104909830824, 'y': 116.53678676986549, 'z': 1145.4303011894226}
2026-02-12 12:44:48,011 - Drone_3 - INFO - Drone 3: Reached target position
2026-02-12 12:44:48,880 - Drone_3 - INFO - Drone 3: Flying to {'x': -42.194073075268875, 'y': 115.16297134629647, 'z': 1145.4303011894226}
2026-02-12 12:44:49,018 - Drone_3 - INFO - Drone 3: Reached target position
2026-02-12 12:44:49,882 - Drone_3 - INFO - Drone 3: Flying to {'x': -49.79441544766685, 'y': 113.57507541526606, 'z': 1145.4303011894226}
2026-02-12 12:44:50,023 - Drone_3 - INFO - Drone 3: Reached target position
2026-02-12 12:44:50,884 - Drone_3 - INFO - Drone 3: Flying to {'x': -57.34364295146996, 'y': 111.77201818281094, 'z': 1145.4303011894226}
2026-02-12 12:44:51,032 - Drone_3 - INFO - Drone 3: Reached target position
2026-02-12 12:44:51,886 - Drone_3 - INFO - Drone 3: Flying to {'x': -64.82850282169001, 'y': 109.75386373866532, 'z': 1145.4303011894226}
2026-02-12 12:44:52,039 - Drone_3 - INFO - Drone 3: Reached target position
2026-02-12 12:44:52,888 - Drone_3 - INFO - Drone 3: Flying to {'x': -72.2459896490033, 'y': 107.51770741585715, 'z': 1145.4303011894226}
2026-02-12 12:44:53,045 - Drone_3 - INFO - Drone 3: Reached target position
2026-02-12 12:44:53,891 - Drone_3 - INFO - Drone 3: Flying to {'x': -78.86235970615945, 'y': 105.31524822747708, 'z': 1145.4303011894226}
2026-02-12 12:44:53,951 - Drone_3 - INFO - Drone 3: Reached target position
2026-02-12 12:44:54,895 - Drone_3 - INFO - Drone 3: Flying to {'x': -86.1322106672683, 'y': 102.65719617473897, 'z': 1145.4303011894226}
2026-02-12 12:44:54,957 - Drone_3 - INFO - Drone 3: Reached target position
2026-02-12 12:44:55,898 - Drone_3 - INFO - Drone 3: Flying to {'x': -93.30605904026031, 'y': 99.77509561604354, 'z': 1145.4303011894226}
2026-02-12 12:44:55,964 - Drone_3 - INFO - Drone 3: Reached target position
2026-02-12 12:44:56,903 - Drone_3 - INFO - Drone 3: Flying to {'x': -100.38408915496363, 'y': 96.66136862378887, 'z': 1145.4303011894226}
2026-02-12 12:44:56,969 - Drone_3 - INFO - Drone 3: Reached target position
2026-02-12 12:44:57,906 - Drone_3 - INFO - Drone 3: Flying to {'x': -107.35266957156598, 'y': 93.31285649468857, 'z': 1145.4303011894226}
2026-02-12 12:44:57,976 - Drone_3 - INFO - Drone 3: Reached target position
2026-02-12 12:44:58,908 - Drone_3 - INFO - Drone 3: Flying to {'x': -114.2018434292088, 'y': 89.72362784764837, 'z': 1145.4303011894226}
2026-02-12 12:44:59,083 - Drone_3 - INFO - Drone 3: Reached target position
2026-02-12 12:44:59,910 - Drone_3 - INFO - Drone 3: Flying to {'x': -120.91117580924943, 'y': 85.89213111660895, 'z': 1145.4303011894226}
2026-02-12 12:45:00,088 - Drone_3 - INFO - Drone 3: Reached target position
2026-02-12 12:45:00,914 - Drone_3 - INFO - Drone 3: Flying to {'x': -127.47286141962866, 'y': 81.80808798675172, 'z': 1145.4303011894226}
2026-02-12 12:45:01,094 - Drone_3 - INFO - Drone 3: Reached target position
2026-02-12 12:45:01,917 - Drone_3 - INFO - Drone 3: Flying to {'x': -133.87601564755477, 'y': 77.45936184541705, 'z': 1145.4303011894226}
2026-02-12 12:45:02,101 - Drone_3 - INFO - Drone 3: Reached target position
2026-02-12 12:45:02,919 - Drone_3 - INFO - Drone 3: Flying to {'x': -140.10116431368624, 'y': 72.83555976523442, 'z': 1145.4303011894226}
2026-02-12 12:45:03,107 - Drone_3 - INFO - Drone 3: Reached target position
2026-02-12 12:45:03,923 - Drone_3 - INFO - Drone 3: Flying to {'x': -146.1133790492742, 'y': 67.93492799656605, 'z': 1145.4303011894226}
2026-02-12 12:45:04,214 - Drone_3 - INFO - Drone 3: Reached target position
2026-02-12 12:45:04,926 - Drone_3 - INFO - Drone 3: Flying to {'x': -151.89612956322148, 'y': 62.736465162760254, 'z': 1145.4303011894226}
2026-02-12 12:45:05,219 - Drone_3 - INFO - Drone 3: Reached target position
2026-02-12 12:45:05,928 - Drone_3 - INFO - Drone 3: Flying to {'x': -157.41417981106073, 'y': 57.227916432750376, 'z': 1145.4303011894226}
2026-02-12 12:45:06,226 - Drone_3 - INFO - Drone 3: Reached target position
2026-02-12 12:45:06,930 - Drone_3 - INFO - Drone 3: Flying to {'x': -162.62466146192563, 'y': 51.3983320324877, 'z': 1145.4303011894226}
2026-02-12 12:45:07,232 - Drone_3 - INFO - Drone 3: Reached target position
2026-02-12 12:45:07,933 - Drone_3 - INFO - Drone 3: Flying to {'x': -167.47961251567554, 'y': 45.235457113830606, 'z': 1145.4303011894226}
2026-02-12 12:45:08,238 - Drone_3 - INFO - Drone 3: Reached target position
2026-02-12 12:45:08,936 - Drone_3 - INFO - Drone 3: Flying to {'x': -171.91501047877875, 'y': 38.74226167632086, 'z': 1145.4303011894226}
2026-02-12 12:45:09,246 - Drone_3 - INFO - Drone 3: Reached target position
2026-02-12 12:45:09,940 - Drone_3 - INFO - Drone 3: Flying to {'x': -175.87217702974093, 'y': 31.910528508600486, 'z': 1145.4303011894226}
2026-02-12 12:45:10,252 - Drone_3 - INFO - Drone 3: Reached target position
2026-02-12 12:45:10,943 - Drone_3 - INFO - Drone 3: Flying to {'x': -179.27395136543265, 'y': 24.762988003499473, 'z': 1145.4303011894226}
2026-02-12 12:45:11,259 - Drone_3 - INFO - Drone 3: Reached target position
2026-02-12 12:45:11,945 - Drone_3 - INFO - Drone 3: Flying to {'x': -182.0417314741001, 'y': 17.34637033311614, 'z': 1145.4303011894226}
2026-02-12 12:45:12,369 - Drone_3 - INFO - Drone 3: Reached target position
2026-02-12 12:45:12,947 - Drone_3 - INFO - Drone 3: Flying to {'x': -184.11076103575806, 'y': 9.709459868561908, 'z': 1145.4303011894226}
2026-02-12 12:45:13,374 - Drone_3 - INFO - Drone 3: Reached target position
2026-02-12 12:45:13,949 - Drone_3 - INFO - Drone 3: Flying to {'x': -185.426248446642, 'y': 1.9294194879845321, 'z': 1145.4303011894226}
2026-02-12 12:45:14,381 - Drone_3 - INFO - Drone 3: Reached target position
2026-02-12 12:45:14,951 - Drone_3 - INFO - Drone 3: Flying to {'x': -185.9559812778208, 'y': -5.913378957528749, 'z': 1145.4303011894226}
2026-02-12 12:45:15,487 - Drone_3 - INFO - Drone 3: Reached target position
2026-02-12 12:45:15,956 - Drone_3 - INFO - Drone 3: Flying to {'x': -185.6895745129106, 'y': -13.743833839542503, 'z': 1145.4303011894226}
2026-02-12 12:45:16,494 - Drone_3 - INFO - Drone 3: Reached target position
2026-02-12 12:45:16,960 - Drone_3 - INFO - Drone 3: Flying to {'x': -184.63339460119488, 'y': -21.500345913047614, 'z': 1145.4303011894226}
2026-02-12 12:45:17,503 - Drone_3 - INFO - Drone 3: Reached target position
2026-02-12 12:45:17,963 - Drone_3 - INFO - Drone 3: Flying to {'x': -182.82169272817174, 'y': -29.074421528918364, 'z': 1145.4303011894226}
2026-02-12 12:45:18,508 - Drone_3 - INFO - Drone 3: Reached target position
2026-02-12 12:45:18,966 - Drone_3 - INFO - Drone 3: Flying to {'x': -180.29784036069105, 'y': -36.42063493192484, 'z': 1145.4303011894226}
2026-02-12 12:45:19,515 - Drone_3 - INFO - Drone 3: Reached target position
2026-02-12 12:45:19,969 - Drone_3 - INFO - Drone 3: Flying to {'x': -177.11960746315538, 'y': -43.48517341033528, 'z': 1145.4303011894226}
2026-02-12 12:45:20,622 - Drone_3 - INFO - Drone 3: Reached target position
2026-02-12 12:45:20,971 - Drone_3 - INFO - Drone 3: Flying to {'x': -173.34686722705155, 'y': -50.23644643483901, 'z': 1145.4303011894226}
2026-02-12 12:45:21,529 - Drone_3 - INFO - Drone 3: Reached target position
2026-02-12 12:45:21,975 - Drone_3 - INFO - Drone 3: Flying to {'x': -169.0367935916102, 'y': -56.65819545417217, 'z': 1145.4303011894226}
2026-02-12 12:45:22,636 - Drone_3 - INFO - Drone 3: Reached target position
2026-02-12 12:45:22,979 - Drone_3 - INFO - Drone 3: Flying to {'x': -164.2559120290273, 'y': -62.727560169407155, 'z': 1145.4303011894226}
2026-02-12 12:45:23,643 - Drone_3 - INFO - Drone 3: Reached target position
2026-02-12 12:45:23,981 - Drone_3 - INFO - Drone 3: Flying to {'x': -159.0561926618832, 'y': -68.44562116318082, 'z': 1145.4303011894226}
2026-02-12 12:45:24,649 - Drone_3 - INFO - Drone 3: Reached target position
2026-02-12 12:45:24,983 - Drone_3 - INFO - Drone 3: Flying to {'x': -153.49046559935684, 'y': -73.81164334107224, 'z': 1145.4303011894226}
2026-02-12 12:45:25,655 - Drone_3 - INFO - Drone 3: Reached target position
2026-02-12 12:45:25,985 - Drone_3 - INFO - Drone 3: Flying to {'x': -147.60527937093119, 'y': -78.8306694668617, 'z': 1145.4303011894226}
2026-02-12 12:45:26,661 - Drone_3 - INFO - Drone 3: Reached target position
2026-02-12 12:45:26,988 - Drone_3 - INFO - Drone 3: Flying to {'x': -141.44284945464315, 'y': -83.50996807086699, 'z': 1145.4303011894226}
2026-02-12 12:45:27,668 - Drone_3 - INFO - Drone 3: Reached target position
2026-02-12 12:45:27,991 - Drone_3 - INFO - Drone 3: Flying to {'x': -135.04160429126665, 'y': -87.85804929186824, 'z': 1145.4303011894226}
2026-02-12 12:45:28,674 - Drone_3 - INFO - Drone 3: Reached target position
2026-02-12 12:45:28,996 - Drone_3 - INFO - Drone 3: Flying to {'x': -128.42214445486908, 'y': -91.89242599386198, 'z': 1145.4303011894226}
2026-02-12 12:45:29,680 - Drone_3 - INFO - Drone 3: Reached target position
2026-02-12 12:45:30,000 - Drone_3 - INFO - Drone 3: Flying to {'x': -121.61502971284168, 'y': -95.62095121663577, 'z': 1145.4303011894226}
2026-02-12 12:45:30,686 - Drone_3 - INFO - Drone 3: Reached target position
2026-02-12 12:45:31,003 - Drone_3 - INFO - Drone 3: Flying to {'x': -115.34701932278384, 'y': -98.72389122742058, 'z': 1145.4303011894226}
2026-02-12 12:45:31,693 - Drone_3 - INFO - Drone 3: Reached target position
2026-02-12 12:45:32,004 - Drone_3 - INFO - Drone 3: Flying to {'x': -108.26203195220423, 'y': -101.89219426444083, 'z': 1145.4303011894226}
2026-02-12 12:45:32,699 - Drone_3 - INFO - Drone 3: Reached target position
2026-02-12 12:45:33,007 - Drone_3 - INFO - Drone 3: Flying to {'x': -101.04891524691752, 'y': -104.78468764965262, 'z': 1145.4303011894226}
2026-02-12 12:45:33,706 - Drone_3 - INFO - Drone 3: Reached target position
2026-02-12 12:45:34,011 - Drone_3 - INFO - Drone 3: Flying to {'x': -93.72512272681443, 'y': -107.409177729911, 'z': 1145.4303011894226}
2026-02-12 12:45:34,713 - Drone_3 - INFO - Drone 3: Reached target position
2026-02-12 12:45:35,014 - Drone_3 - INFO - Drone 3: Flying to {'x': -86.30927028458602, 'y': -109.77210178478312, 'z': 1145.4303011894226}
2026-02-12 12:45:35,620 - Drone_3 - INFO - Drone 3: Reached target position
2026-02-12 12:45:36,157 - Drone_3 - INFO - Drone 3 stopped
