2026-02-13 18:49:28,798 - Main - INFO - Starting Drone Swarm Management System
2026-02-13 18:49:28,799 - SwarmManager - INFO - Swarm Manager initialized
2026-02-13 18:49:28,801 - MLDecisionSupport_Drone1 - INFO - ML Decision Support initialized
2026-02-13 18:49:28,817 - PhysicalMLTrainer_Drone1 - INFO - Physical ML model trained drone=1 samples=250 degree=2 alpha=0.0 val_mse=0.000155
2026-02-13 18:49:28,817 - Drone_1 - INFO - Drone 1: bootstrap personal trainer loaded 250 rows from datasets/personal_drone_1.csv
2026-02-13 18:49:28,817 - Drone_1 - INFO - Drone 1: Personal ML system initialized
2026-02-13 18:49:28,818 - Drone_1 - INFO - Drone 1 initialized at {'x': 0, 'y': 0, 'z': 0}
2026-02-13 18:49:28,819 - Drone_1 - INFO - Drone 1 started
2026-02-13 18:49:28,819 - SwarmManager - INFO - Drone 1 added to swarm
2026-02-13 18:49:28,819 - SwarmManager - INFO - Starting leader election...
2026-02-13 18:49:28,820 - SwarmManager - INFO -   Drone 1: suitability score = 100.00
2026-02-13 18:49:28,820 - Drone_1 - INFO - Drone 1: Role changed from follower to leader
2026-02-13 18:49:28,822 - PhysicalMLTrainer_Drone1 - INFO - Physical ML model trained drone=1 samples=251 degree=2 alpha=0.0 val_mse=0.000157
2026-02-13 18:49:28,826 - MLDecisionSupport_Drone2 - INFO - ML Decision Support initialized
2026-02-13 18:49:28,833 - PhysicalMLTrainer_Drone2 - INFO - Physical ML model trained drone=2 samples=300 degree=2 alpha=0.1 val_mse=0.000128
2026-02-13 18:49:28,833 - Drone_2 - INFO - Drone 2: bootstrap personal trainer loaded 300 rows from datasets/personal_training.csv
2026-02-13 18:49:28,833 - Drone_2 - INFO - Drone 2: Personal ML system initialized
2026-02-13 18:49:28,833 - Drone_2 - INFO - Drone 2 initialized at {'x': 1200, 'y': 300, 'z': 0}
2026-02-13 18:49:28,834 - Drone_2 - INFO - Drone 2 started
2026-02-13 18:49:28,834 - SwarmManager - INFO - Drone 2 added to swarm
2026-02-13 18:49:28,835 - MLDecisionSupport_Drone3 - INFO - ML Decision Support initialized
2026-02-13 18:49:28,837 - PhysicalMLTrainer_Drone2 - INFO - Physical ML model trained drone=2 samples=301 degree=2 alpha=0.1 val_mse=0.000128
2026-02-13 18:49:28,841 - PhysicalMLTrainer_Drone3 - INFO - Physical ML model trained drone=3 samples=300 degree=2 alpha=0.1 val_mse=0.000128
2026-02-13 18:49:28,842 - Drone_3 - INFO - Drone 3: bootstrap personal trainer loaded 300 rows from datasets/personal_training.csv
2026-02-13 18:49:28,842 - Drone_3 - INFO - Drone 3: Personal ML system initialized
2026-02-13 18:49:28,842 - Drone_3 - INFO - Drone 3 initialized at {'x': -1400, 'y': -500, 'z': 0}
2026-02-13 18:49:28,843 - Drone_3 - INFO - Drone 3 started
2026-02-13 18:49:28,844 - SwarmManager - INFO - Drone 3 added to swarm
2026-02-13 18:49:28,845 - MLDecisionSupport_Drone4 - INFO - ML Decision Support initialized
2026-02-13 18:49:28,846 - PhysicalMLTrainer_Drone3 - INFO - Physical ML model trained drone=3 samples=301 degree=2 alpha=0.1 val_mse=0.000128
2026-02-13 18:49:28,851 - PhysicalMLTrainer_Drone4 - INFO - Physical ML model trained drone=4 samples=300 degree=2 alpha=0.1 val_mse=0.000128
2026-02-13 18:49:28,851 - Drone_4 - INFO - Drone 4: bootstrap personal trainer loaded 300 rows from datasets/personal_training.csv
2026-02-13 18:49:28,851 - Drone_4 - INFO - Drone 4: Personal ML system initialized
2026-02-13 18:49:28,851 - Drone_4 - INFO - Drone 4 initialized at {'x': 800, 'y': -1500, 'z': 0}
2026-02-13 18:49:28,852 - Drone_4 - INFO - Drone 4 started
2026-02-13 18:49:28,852 - SwarmManager - INFO - Drone 4 added to swarm
2026-02-13 18:49:28,853 - MLDecisionSupport_Drone5 - INFO - ML Decision Support initialized
2026-02-13 18:49:28,854 - PhysicalMLTrainer_Drone4 - INFO - Physical ML model trained drone=4 samples=301 degree=2 alpha=0.1 val_mse=0.000128
2026-02-13 18:49:28,860 - PhysicalMLTrainer_Drone5 - INFO - Physical ML model trained drone=5 samples=300 degree=2 alpha=0.1 val_mse=0.000128
2026-02-13 18:49:28,860 - Drone_5 - INFO - Drone 5: bootstrap personal trainer loaded 300 rows from datasets/personal_training.csv
2026-02-13 18:49:28,860 - Drone_5 - INFO - Drone 5: Personal ML system initialized
2026-02-13 18:49:28,861 - Drone_5 - INFO - Drone 5 initialized at {'x': -900, 'y': 1600, 'z': 0}
2026-02-13 18:49:28,861 - Drone_5 - INFO - Drone 5 started
2026-02-13 18:49:28,862 - SwarmManager - INFO - Drone 5 added to swarm
2026-02-13 18:49:28,862 - SwarmManager - INFO - Swarm monitoring started
2026-02-13 18:49:28,863 - Main - INFO - Swarm created with 5 drones
2026-02-13 18:49:28,863 - Main - INFO - Leader elected: Drone 1
2026-02-13 18:49:28,863 - Main - INFO - Starting GUI...
2026-02-13 18:49:28,864 - PhysicalMLTrainer_Drone5 - INFO - Physical ML model trained drone=5 samples=301 degree=2 alpha=0.1 val_mse=0.000128
2026-02-13 18:49:31,974 - Drone_1 - INFO - Drone 1: Armed
2026-02-13 18:49:31,976 - Drone_2 - INFO - Drone 2: Armed
2026-02-13 18:49:31,977 - Drone_3 - INFO - Drone 3: Armed
2026-02-13 18:49:31,978 - Drone_4 - INFO - Drone 4: Armed
2026-02-13 18:49:31,979 - Drone_5 - INFO - Drone 5: Armed
2026-02-13 18:49:33,598 - SwarmManager - INFO - Leader-follow enabled=True
2026-02-13 18:49:33,599 - Drone_1 - INFO - Drone 1: Taking off
2026-02-13 18:49:33,600 - Drone_2 - INFO - Drone 2: Taking off
2026-02-13 18:49:33,600 - Drone_3 - INFO - Drone 3: Taking off
2026-02-13 18:49:33,601 - Drone_4 - INFO - Drone 4: Taking off
2026-02-13 18:49:33,602 - Drone_5 - INFO - Drone 5: Taking off
2026-02-13 18:49:34,866 - Drone_2 - INFO - Drone 2: Flying to {'x': 0.0, 'y': 0.0, 'z': 2.608999729156494}
2026-02-13 18:49:34,866 - Drone_3 - INFO - Drone 3: Flying to {'x': 0.0, 'y': 0.0, 'z': 2.608999729156494}
2026-02-13 18:49:34,867 - Drone_4 - INFO - Drone 4: Flying to {'x': 0.0, 'y': 0.0, 'z': 2.608999729156494}
2026-02-13 18:49:34,867 - Drone_5 - INFO - Drone 5: Flying to {'x': 0.0, 'y': 0.0, 'z': 2.608999729156494}
2026-02-13 18:49:34,938 - Drone_2 - INFO - Drone 2: Flying to {'x': 2553.9057647468726, 'y': 2622.797543233282, 'z': 60.0}
2026-02-13 18:49:34,939 - Drone_3 - INFO - Drone 3: Flying to {'x': 2503.5942352531274, 'y': 2606.450336353161, 'z': 60.0}
2026-02-13 18:49:34,940 - Drone_4 - INFO - Drone 4: Flying to {'x': 2503.5942352531274, 'y': 2553.549663646839, 'z': 60.0}
2026-02-13 18:49:34,940 - Drone_5 - INFO - Drone 5: Flying to {'x': 2553.9057647468726, 'y': 2537.202456766718, 'z': 60.0}
2026-02-13 18:49:35,868 - Drone_2 - INFO - Drone 2: Flying to {'x': 0.0, 'y': 0.0, 'z': 4.618454456329346}
2026-02-13 18:49:35,869 - Drone_3 - INFO - Drone 3: Flying to {'x': 0.0, 'y': 0.0, 'z': 4.618454456329346}
2026-02-13 18:49:35,870 - Drone_4 - INFO - Drone 4: Flying to {'x': 0.0, 'y': 0.0, 'z': 4.618454456329346}
2026-02-13 18:49:35,871 - Drone_5 - INFO - Drone 5: Flying to {'x': 0.0, 'y': 0.0, 'z': 4.618454456329346}
2026-02-13 18:49:36,816 - Drone_1 - INFO - Drone 1: Flying to {'x': 0, 'y': 100, 'z': 6.42648983001709}
2026-02-13 18:49:36,872 - Drone_2 - INFO - Drone 2: Flying to {'x': 33.75, 'y': 55.0, 'z': 6.42648983001709}
2026-02-13 18:49:36,872 - Drone_3 - INFO - Drone 3: Flying to {'x': -33.75, 'y': 55.0, 'z': 6.42648983001709}
2026-02-13 18:49:36,873 - Drone_4 - INFO - Drone 4: Flying to {'x': 67.5, 'y': 10.0, 'z': 6.42648983001709}
2026-02-13 18:49:36,874 - Drone_5 - INFO - Drone 5: Flying to {'x': -67.5, 'y': 10.0, 'z': 6.42648983001709}
2026-02-13 18:49:36,909 - Drone_1 - INFO - Drone 1: Flying to {'x': 2585.0, 'y': 2580.0, 'z': 60.0}
2026-02-13 18:49:37,875 - Drone_2 - INFO - Drone 2: Flying to {'x': 2576.974850126898, 'y': 2524.325414509722, 'z': 60.0}
2026-02-13 18:49:37,876 - Drone_3 - INFO - Drone 3: Flying to {'x': 2529.3053559648647, 'y': 2572.1152599409, 'z': 60.0}
2026-02-13 18:49:37,877 - Drone_4 - INFO - Drone 4: Flying to {'x': 2568.9497002537955, 'y': 2468.6508290194442, 'z': 60.0}
2026-02-13 18:49:37,877 - Drone_5 - INFO - Drone 5: Flying to {'x': 2473.6107119297294, 'y': 2564.2305198818003, 'z': 60.0}
2026-02-13 18:49:38,879 - Drone_2 - INFO - Drone 2: Flying to {'x': 2576.974850126898, 'y': 2524.325414509722, 'z': 60.0}
2026-02-13 18:49:38,880 - Drone_3 - INFO - Drone 3: Flying to {'x': 2529.3053559648647, 'y': 2572.1152599409, 'z': 60.0}
2026-02-13 18:49:38,882 - Drone_4 - INFO - Drone 4: Flying to {'x': 2568.9497002537955, 'y': 2468.6508290194442, 'z': 60.0}
2026-02-13 18:49:38,882 - Drone_5 - INFO - Drone 5: Flying to {'x': 2473.6107119297294, 'y': 2564.2305198818003, 'z': 60.0}
2026-02-13 18:49:39,883 - Drone_2 - INFO - Drone 2: Flying to {'x': 2576.974850126898, 'y': 2524.325414509722, 'z': 60.0}
2026-02-13 18:49:39,883 - Drone_3 - INFO - Drone 3: Flying to {'x': 2529.3053559648647, 'y': 2572.1152599409, 'z': 60.0}
2026-02-13 18:49:39,884 - Drone_4 - INFO - Drone 4: Flying to {'x': 2568.9497002537955, 'y': 2468.6508290194442, 'z': 60.0}
2026-02-13 18:49:39,884 - Drone_5 - INFO - Drone 5: Flying to {'x': 2473.6107119297294, 'y': 2564.2305198818003, 'z': 60.0}
2026-02-13 18:49:40,885 - Drone_2 - INFO - Drone 2: Flying to {'x': 2576.974850126898, 'y': 2524.325414509722, 'z': 60.0}
2026-02-13 18:49:40,885 - Drone_3 - INFO - Drone 3: Flying to {'x': 2529.3053559648647, 'y': 2572.1152599409, 'z': 60.0}
2026-02-13 18:49:40,886 - Drone_4 - INFO - Drone 4: Flying to {'x': 2568.9497002537955, 'y': 2468.6508290194442, 'z': 60.0}
2026-02-13 18:49:40,886 - Drone_5 - INFO - Drone 5: Flying to {'x': 2473.6107119297294, 'y': 2564.2305198818003, 'z': 60.0}
2026-02-13 18:49:41,037 - Drone_2 - ERROR - Drone 2: Motor 0 failed!
2026-02-13 18:49:41,037 - Drone_2 - WARNING - Drone 2: Degraded return active - Motor failure simulation: return to home with degraded control
2026-02-13 18:49:41,887 - Drone_3 - INFO - Drone 3: Flying to {'x': 2576.974850126898, 'y': 2524.325414509722, 'z': 60.0}
2026-02-13 18:49:41,888 - Drone_4 - INFO - Drone 4: Flying to {'x': 2529.3053559648647, 'y': 2572.1152599409, 'z': 60.0}
2026-02-13 18:49:41,888 - Drone_5 - INFO - Drone 5: Flying to {'x': 2568.9497002537955, 'y': 2468.6508290194442, 'z': 60.0}
2026-02-13 18:49:42,889 - Drone_3 - INFO - Drone 3: Flying to {'x': 2576.974850126898, 'y': 2524.325414509722, 'z': 60.0}
2026-02-13 18:49:42,889 - Drone_4 - INFO - Drone 4: Flying to {'x': 2529.3053559648647, 'y': 2572.1152599409, 'z': 60.0}
2026-02-13 18:49:42,890 - Drone_5 - INFO - Drone 5: Flying to {'x': 2568.9497002537955, 'y': 2468.6508290194442, 'z': 60.0}
2026-02-13 18:49:43,891 - Drone_3 - INFO - Drone 3: Flying to {'x': 2576.974850126898, 'y': 2524.325414509722, 'z': 60.0}
2026-02-13 18:49:43,891 - Drone_4 - INFO - Drone 4: Flying to {'x': 2529.3053559648647, 'y': 2572.1152599409, 'z': 60.0}
2026-02-13 18:49:43,891 - Drone_5 - INFO - Drone 5: Flying to {'x': 2568.9497002537955, 'y': 2468.6508290194442, 'z': 60.0}
2026-02-13 18:49:44,892 - Drone_3 - INFO - Drone 3: Flying to {'x': 2576.974850126898, 'y': 2524.325414509722, 'z': 60.0}
2026-02-13 18:49:44,893 - Drone_4 - INFO - Drone 4: Flying to {'x': 2529.3053559648647, 'y': 2572.1152599409, 'z': 60.0}
2026-02-13 18:49:44,893 - Drone_5 - INFO - Drone 5: Flying to {'x': 2568.9497002537955, 'y': 2468.6508290194442, 'z': 60.0}
2026-02-13 18:49:45,894 - Drone_3 - INFO - Drone 3: Flying to {'x': 2576.974850126898, 'y': 2524.325414509722, 'z': 60.0}
2026-02-13 18:49:45,895 - Drone_4 - INFO - Drone 4: Flying to {'x': 2529.3053559648647, 'y': 2572.1152599409, 'z': 60.0}
2026-02-13 18:49:45,895 - Drone_5 - INFO - Drone 5: Flying to {'x': 2568.9497002537955, 'y': 2468.6508290194442, 'z': 60.0}
2026-02-13 18:49:46,897 - Drone_3 - INFO - Drone 3: Flying to {'x': 2576.974850126898, 'y': 2524.325414509722, 'z': 60.0}
2026-02-13 18:49:46,898 - Drone_4 - INFO - Drone 4: Flying to {'x': 2529.3053559648647, 'y': 2572.1152599409, 'z': 60.0}
2026-02-13 18:49:46,899 - Drone_5 - INFO - Drone 5: Flying to {'x': 2568.9497002537955, 'y': 2468.6508290194442, 'z': 60.0}
2026-02-13 18:49:47,901 - Drone_3 - INFO - Drone 3: Flying to {'x': 2576.974850126898, 'y': 2524.325414509722, 'z': 60.0}
2026-02-13 18:49:47,901 - Drone_4 - INFO - Drone 4: Flying to {'x': 2529.3053559648647, 'y': 2572.1152599409, 'z': 60.0}
2026-02-13 18:49:47,902 - Drone_5 - INFO - Drone 5: Flying to {'x': 2568.9497002537955, 'y': 2468.6508290194442, 'z': 60.0}
2026-02-13 18:49:48,903 - Drone_3 - INFO - Drone 3: Flying to {'x': 2576.974850126898, 'y': 2524.325414509722, 'z': 60.0}
2026-02-13 18:49:48,903 - Drone_4 - INFO - Drone 4: Flying to {'x': 2529.3053559648647, 'y': 2572.1152599409, 'z': 60.0}
2026-02-13 18:49:48,903 - Drone_5 - INFO - Drone 5: Flying to {'x': 2568.9497002537955, 'y': 2468.6508290194442, 'z': 60.0}
2026-02-13 18:49:49,049 - PhysicalMLTrainer_Drone4 - INFO - Physical ML model trained drone=4 samples=501 degree=2 alpha=0.0 val_mse=0.000922
2026-02-13 18:49:49,055 - PhysicalMLTrainer_Drone3 - INFO - Physical ML model trained drone=3 samples=501 degree=2 alpha=0.0 val_mse=0.001259
2026-02-13 18:49:49,059 - PhysicalMLTrainer_Drone5 - INFO - Physical ML model trained drone=5 samples=501 degree=2 alpha=0.0 val_mse=0.000722
2026-02-13 18:49:49,059 - PhysicalMLTrainer_Drone1 - INFO - Physical ML model trained drone=1 samples=451 degree=2 alpha=0.0 val_mse=0.000525
2026-02-13 18:49:49,059 - PhysicalMLTrainer_Drone2 - INFO - Physical ML model trained drone=2 samples=501 degree=2 alpha=0.0 val_mse=0.029760
2026-02-13 18:49:49,905 - Drone_3 - INFO - Drone 3: Flying to {'x': 2576.974850126898, 'y': 2524.325414509722, 'z': 60.0}
2026-02-13 18:49:49,905 - Drone_4 - INFO - Drone 4: Flying to {'x': 2529.3053559648647, 'y': 2572.1152599409, 'z': 60.0}
2026-02-13 18:49:49,905 - Drone_5 - INFO - Drone 5: Flying to {'x': 2568.9497002537955, 'y': 2468.6508290194442, 'z': 60.0}
2026-02-13 18:49:50,906 - Drone_3 - INFO - Drone 3: Flying to {'x': 2576.974850126898, 'y': 2524.325414509722, 'z': 60.0}
2026-02-13 18:49:50,907 - Drone_4 - INFO - Drone 4: Flying to {'x': 2529.3053559648647, 'y': 2572.1152599409, 'z': 60.0}
2026-02-13 18:49:50,908 - Drone_5 - INFO - Drone 5: Flying to {'x': 2568.9497002537955, 'y': 2468.6508290194442, 'z': 60.0}
2026-02-13 18:49:51,909 - Drone_3 - INFO - Drone 3: Flying to {'x': 2576.974850126898, 'y': 2524.325414509722, 'z': 60.0}
2026-02-13 18:49:51,910 - Drone_4 - INFO - Drone 4: Flying to {'x': 2529.3053559648647, 'y': 2572.1152599409, 'z': 60.0}
2026-02-13 18:49:51,911 - Drone_5 - INFO - Drone 5: Flying to {'x': 2568.9497002537955, 'y': 2468.6508290194442, 'z': 60.0}
2026-02-13 18:49:52,682 - Drone_2 - INFO - Drone 2: Reached home position
2026-02-13 18:49:52,912 - Drone_3 - INFO - Drone 3: Flying to {'x': 2576.974850126898, 'y': 2524.325414509722, 'z': 60.0}
2026-02-13 18:49:52,913 - Drone_4 - INFO - Drone 4: Flying to {'x': 2529.3053559648647, 'y': 2572.1152599409, 'z': 60.0}
2026-02-13 18:49:52,913 - Drone_5 - INFO - Drone 5: Flying to {'x': 2568.9497002537955, 'y': 2468.6508290194442, 'z': 60.0}
2026-02-13 18:49:53,085 - Drone_2 - INFO - Drone 2: Landed safely
2026-02-13 18:49:53,915 - SwarmManager - WARNING - Leader drone 1 no longer operational
2026-02-13 18:49:53,916 - SwarmManager - ERROR - Handling failure of drone 1: Leader failure
2026-02-13 18:49:53,917 - SwarmManager - WARNING - Leader drone 1 failed - initiating leader election
2026-02-13 18:49:54,921 - SwarmManager - INFO - Starting leader election...
2026-02-13 18:49:54,922 - SwarmManager - INFO -   Drone 3: suitability score = 99.82
2026-02-13 18:49:54,923 - SwarmManager - INFO -   Drone 4: suitability score = 99.82
2026-02-13 18:49:54,924 - SwarmManager - INFO -   Drone 5: suitability score = 99.82
2026-02-13 18:49:54,924 - Drone_1 - INFO - Drone 1: Role changed from leader to follower
2026-02-13 18:49:54,924 - Drone_2 - INFO - Drone 2: Role changed from grounded to follower
2026-02-13 18:49:54,925 - Drone_3 - INFO - Drone 3: Role changed from follower to follower
2026-02-13 18:49:54,925 - Drone_4 - INFO - Drone 4: Role changed from follower to leader
2026-02-13 18:49:54,925 - Drone_5 - INFO - Drone 5: Role changed from follower to follower
2026-02-13 18:49:54,929 - SwarmManager - ERROR - Drone 1 crashed
2026-02-13 18:49:54,929 - SwarmManager - ERROR - Handling failure of drone 1: Crashed
2026-02-13 18:49:54,930 - Drone_2 - INFO - Drone 2: Armed
2026-02-13 18:49:54,930 - Drone_2 - INFO - Drone 2: Taking off
2026-02-13 18:49:54,930 - Drone_3 - INFO - Drone 3: Flying to {'x': 2480.516341912889, 'y': 2544.1207139035714, 'z': 60.0}
2026-02-13 18:49:54,930 - Drone_5 - INFO - Drone 5: Flying to {'x': 2555.733036487429, 'y': 2462.7634071802026, 'z': 60.0}
2026-02-13 18:49:54,996 - Drone_2 - ERROR - Drone 2: Motor failure detected - Motors [0]
2026-02-13 18:49:54,996 - Drone_2 - WARNING - Drone 2: Degraded return active - Motor failure (3 motors active): returning to home
2026-02-13 18:49:54,996 - Drone_2 - INFO - Drone 2: Reached home position
2026-02-13 18:49:55,097 - Drone_2 - INFO - Drone 2: Landed safely
2026-02-13 18:49:55,931 - SwarmManager - ERROR - Drone 1 crashed
2026-02-13 18:49:55,932 - SwarmManager - ERROR - Handling failure of drone 1: Crashed
2026-02-13 18:49:55,933 - Drone_3 - INFO - Drone 3: Flying to {'x': 2542.5191962261474, 'y': 2517.439333560552, 'z': 60.0}
2026-02-13 18:49:55,933 - Drone_5 - INFO - Drone 5: Flying to {'x': 2480.516341912889, 'y': 2544.1207139035714, 'z': 60.0}
2026-02-13 18:49:56,934 - SwarmManager - ERROR - Drone 1 crashed
2026-02-13 18:49:56,936 - SwarmManager - ERROR - Handling failure of drone 1: Crashed
2026-02-13 18:49:56,938 - Drone_3 - INFO - Drone 3: Flying to {'x': 2542.5191962261474, 'y': 2517.439333560552, 'z': 60.0}
2026-02-13 18:49:56,938 - Drone_5 - INFO - Drone 5: Flying to {'x': 2480.516341912889, 'y': 2544.1207139035714, 'z': 60.0}
2026-02-13 18:49:57,940 - SwarmManager - ERROR - Drone 1 crashed
2026-02-13 18:49:57,941 - SwarmManager - ERROR - Handling failure of drone 1: Crashed
2026-02-13 18:49:57,943 - Drone_3 - INFO - Drone 3: Flying to {'x': 2542.5191962261474, 'y': 2517.439333560552, 'z': 60.0}
2026-02-13 18:49:57,943 - Drone_5 - INFO - Drone 5: Flying to {'x': 2480.516341912889, 'y': 2544.1207139035714, 'z': 60.0}
2026-02-13 18:49:58,943 - SwarmManager - ERROR - Drone 1 heartbeat timeout
2026-02-13 18:49:58,945 - SwarmManager - ERROR - Handling failure of drone 1: Heartbeat timeout
2026-02-13 18:49:58,946 - SwarmManager - ERROR - Drone 1 crashed
2026-02-13 18:49:58,948 - SwarmManager - ERROR - Handling failure of drone 1: Crashed
2026-02-13 18:49:58,949 - Drone_3 - INFO - Drone 3: Flying to {'x': 2542.5191962261474, 'y': 2517.439333560552, 'z': 60.0}
2026-02-13 18:49:58,949 - Drone_5 - INFO - Drone 5: Flying to {'x': 2480.516341912889, 'y': 2544.1207139035714, 'z': 60.0}
2026-02-13 18:49:59,952 - SwarmManager - ERROR - Drone 1 heartbeat timeout
2026-02-13 18:49:59,953 - SwarmManager - ERROR - Handling failure of drone 1: Heartbeat timeout
2026-02-13 18:49:59,954 - SwarmManager - ERROR - Drone 1 crashed
2026-02-13 18:49:59,955 - SwarmManager - ERROR - Handling failure of drone 1: Crashed
2026-02-13 18:49:59,955 - Drone_3 - INFO - Drone 3: Flying to {'x': 2542.5191962261474, 'y': 2517.439333560552, 'z': 60.0}
2026-02-13 18:49:59,956 - Drone_5 - INFO - Drone 5: Flying to {'x': 2480.516341912889, 'y': 2544.1207139035714, 'z': 60.0}
2026-02-13 18:50:00,956 - SwarmManager - ERROR - Drone 1 heartbeat timeout
2026-02-13 18:50:00,958 - SwarmManager - ERROR - Handling failure of drone 1: Heartbeat timeout
2026-02-13 18:50:00,959 - SwarmManager - ERROR - Drone 1 crashed
2026-02-13 18:50:00,960 - SwarmManager - ERROR - Handling failure of drone 1: Crashed
2026-02-13 18:50:00,960 - Drone_3 - INFO - Drone 3: Flying to {'x': 2542.5191962261474, 'y': 2517.439333560552, 'z': 60.0}
2026-02-13 18:50:00,960 - Drone_5 - INFO - Drone 5: Flying to {'x': 2480.516341912889, 'y': 2544.1207139035714, 'z': 60.0}
2026-02-13 18:50:01,961 - SwarmManager - ERROR - Drone 1 heartbeat timeout
2026-02-13 18:50:01,962 - SwarmManager - ERROR - Handling failure of drone 1: Heartbeat timeout
2026-02-13 18:50:01,963 - SwarmManager - ERROR - Drone 1 crashed
2026-02-13 18:50:01,963 - SwarmManager - ERROR - Handling failure of drone 1: Crashed
2026-02-13 18:50:01,964 - Drone_3 - INFO - Drone 3: Flying to {'x': 2542.5191962261474, 'y': 2517.439333560552, 'z': 60.0}
2026-02-13 18:50:01,964 - Drone_5 - INFO - Drone 5: Flying to {'x': 2480.516341912889, 'y': 2544.1207139035714, 'z': 60.0}
2026-02-13 18:50:02,965 - SwarmManager - ERROR - Drone 1 heartbeat timeout
2026-02-13 18:50:02,967 - SwarmManager - ERROR - Handling failure of drone 1: Heartbeat timeout
2026-02-13 18:50:02,968 - SwarmManager - ERROR - Drone 1 crashed
2026-02-13 18:50:02,969 - SwarmManager - ERROR - Handling failure of drone 1: Crashed
2026-02-13 18:50:02,970 - Drone_3 - INFO - Drone 3: Flying to {'x': 2542.5191962261474, 'y': 2517.439333560552, 'z': 60.0}
2026-02-13 18:50:02,971 - Drone_5 - INFO - Drone 5: Flying to {'x': 2480.516341912889, 'y': 2544.1207139035714, 'z': 60.0}
2026-02-13 18:50:03,972 - SwarmManager - ERROR - Drone 1 heartbeat timeout
2026-02-13 18:50:03,974 - SwarmManager - ERROR - Handling failure of drone 1: Heartbeat timeout
2026-02-13 18:50:03,975 - SwarmManager - ERROR - Drone 1 crashed
2026-02-13 18:50:03,976 - SwarmManager - ERROR - Handling failure of drone 1: Crashed
2026-02-13 18:50:03,977 - Drone_3 - INFO - Drone 3: Flying to {'x': 2542.5191962261474, 'y': 2517.439333560552, 'z': 60.0}
2026-02-13 18:50:03,977 - Drone_5 - INFO - Drone 5: Flying to {'x': 2480.516341912889, 'y': 2544.1207139035714, 'z': 60.0}
2026-02-13 18:50:04,978 - SwarmManager - ERROR - Drone 1 heartbeat timeout
2026-02-13 18:50:04,979 - SwarmManager - ERROR - Handling failure of drone 1: Heartbeat timeout
2026-02-13 18:50:04,980 - SwarmManager - ERROR - Drone 1 crashed
2026-02-13 18:50:04,982 - SwarmManager - ERROR - Handling failure of drone 1: Crashed
2026-02-13 18:50:04,983 - Drone_3 - INFO - Drone 3: Flying to {'x': 2542.5191962261474, 'y': 2517.439333560552, 'z': 60.0}
2026-02-13 18:50:04,983 - Drone_5 - INFO - Drone 5: Flying to {'x': 2480.516341912889, 'y': 2544.1207139035714, 'z': 60.0}
2026-02-13 18:50:05,984 - SwarmManager - ERROR - Drone 1 heartbeat timeout
2026-02-13 18:50:05,986 - SwarmManager - ERROR - Handling failure of drone 1: Heartbeat timeout
2026-02-13 18:50:05,987 - SwarmManager - ERROR - Drone 1 crashed
2026-02-13 18:50:05,988 - SwarmManager - ERROR - Handling failure of drone 1: Crashed
2026-02-13 18:50:05,989 - Drone_3 - INFO - Drone 3: Flying to {'x': 2542.5191962261474, 'y': 2517.439333560552, 'z': 60.0}
2026-02-13 18:50:05,989 - Drone_5 - INFO - Drone 5: Flying to {'x': 2480.516341912889, 'y': 2544.1207139035714, 'z': 60.0}
2026-02-13 18:50:06,990 - SwarmManager - ERROR - Drone 1 heartbeat timeout
2026-02-13 18:50:06,990 - SwarmManager - ERROR - Handling failure of drone 1: Heartbeat timeout
2026-02-13 18:50:06,991 - SwarmManager - ERROR - Drone 1 crashed
2026-02-13 18:50:06,992 - SwarmManager - ERROR - Handling failure of drone 1: Crashed
2026-02-13 18:50:06,992 - Drone_3 - INFO - Drone 3: Flying to {'x': 2542.5191962261474, 'y': 2517.439333560552, 'z': 60.0}
2026-02-13 18:50:06,992 - Drone_5 - INFO - Drone 5: Flying to {'x': 2480.516341912889, 'y': 2544.1207139035714, 'z': 60.0}
2026-02-13 18:50:07,993 - SwarmManager - ERROR - Drone 1 heartbeat timeout
2026-02-13 18:50:07,993 - SwarmManager - ERROR - Handling failure of drone 1: Heartbeat timeout
2026-02-13 18:50:07,994 - SwarmManager - ERROR - Drone 1 crashed
2026-02-13 18:50:07,994 - SwarmManager - ERROR - Handling failure of drone 1: Crashed
2026-02-13 18:50:07,995 - Drone_3 - INFO - Drone 3: Flying to {'x': 2542.5191962261474, 'y': 2517.439333560552, 'z': 60.0}
2026-02-13 18:50:07,995 - Drone_5 - INFO - Drone 5: Flying to {'x': 2480.516341912889, 'y': 2544.1207139035714, 'z': 60.0}
2026-02-13 18:50:08,995 - SwarmManager - ERROR - Drone 1 heartbeat timeout
2026-02-13 18:50:08,996 - SwarmManager - ERROR - Handling failure of drone 1: Heartbeat timeout
2026-02-13 18:50:08,996 - SwarmManager - ERROR - Drone 1 crashed
2026-02-13 18:50:08,997 - SwarmManager - ERROR - Handling failure of drone 1: Crashed
2026-02-13 18:50:08,998 - Drone_3 - INFO - Drone 3: Flying to {'x': 2542.5191962261474, 'y': 2517.439333560552, 'z': 60.0}
2026-02-13 18:50:08,998 - Drone_5 - INFO - Drone 5: Flying to {'x': 2480.516341912889, 'y': 2544.1207139035714, 'z': 60.0}
2026-02-13 18:50:09,179 - PhysicalMLTrainer_Drone4 - INFO - Physical ML model trained drone=4 samples=701 degree=2 alpha=0.0 val_mse=0.000928
2026-02-13 18:50:09,184 - PhysicalMLTrainer_Drone3 - INFO - Physical ML model trained drone=3 samples=701 degree=2 alpha=0.0 val_mse=0.000777
2026-02-13 18:50:09,185 - PhysicalMLTrainer_Drone2 - INFO - Physical ML model trained drone=2 samples=701 degree=2 alpha=0.0 val_mse=0.000017
2026-02-13 18:50:09,189 - PhysicalMLTrainer_Drone5 - INFO - Physical ML model trained drone=5 samples=701 degree=2 alpha=0.0 val_mse=0.001394
2026-02-13 18:50:09,999 - SwarmManager - ERROR - Drone 1 heartbeat timeout
2026-02-13 18:50:10,000 - SwarmManager - ERROR - Handling failure of drone 1: Heartbeat timeout
2026-02-13 18:50:10,001 - SwarmManager - ERROR - Drone 1 crashed
2026-02-13 18:50:10,002 - SwarmManager - ERROR - Handling failure of drone 1: Crashed
2026-02-13 18:50:10,003 - Drone_3 - INFO - Drone 3: Flying to {'x': 2542.5191962261474, 'y': 2517.439333560552, 'z': 60.0}
2026-02-13 18:50:10,003 - Drone_5 - INFO - Drone 5: Flying to {'x': 2480.516341912889, 'y': 2544.1207139035714, 'z': 60.0}
2026-02-13 18:50:11,005 - SwarmManager - ERROR - Drone 1 heartbeat timeout
2026-02-13 18:50:11,005 - SwarmManager - ERROR - Handling failure of drone 1: Heartbeat timeout
2026-02-13 18:50:11,006 - SwarmManager - ERROR - Drone 1 crashed
2026-02-13 18:50:11,006 - SwarmManager - ERROR - Handling failure of drone 1: Crashed
2026-02-13 18:50:11,007 - Drone_3 - INFO - Drone 3: Flying to {'x': 2542.5191962261474, 'y': 2517.439333560552, 'z': 60.0}
2026-02-13 18:50:11,007 - Drone_5 - INFO - Drone 5: Flying to {'x': 2480.516341912889, 'y': 2544.1207139035714, 'z': 60.0}
2026-02-13 18:50:12,007 - SwarmManager - ERROR - Drone 1 heartbeat timeout
2026-02-13 18:50:12,008 - SwarmManager - ERROR - Handling failure of drone 1: Heartbeat timeout
2026-02-13 18:50:12,008 - SwarmManager - ERROR - Drone 1 crashed
2026-02-13 18:50:12,009 - SwarmManager - ERROR - Handling failure of drone 1: Crashed
2026-02-13 18:50:12,009 - Drone_3 - INFO - Drone 3: Flying to {'x': 2542.5191962261474, 'y': 2517.439333560552, 'z': 60.0}
2026-02-13 18:50:12,009 - Drone_5 - INFO - Drone 5: Flying to {'x': 2480.516341912889, 'y': 2544.1207139035714, 'z': 60.0}
2026-02-13 18:50:13,010 - SwarmManager - ERROR - Drone 1 heartbeat timeout
2026-02-13 18:50:13,011 - SwarmManager - ERROR - Handling failure of drone 1: Heartbeat timeout
2026-02-13 18:50:13,011 - SwarmManager - ERROR - Drone 1 crashed
2026-02-13 18:50:13,011 - SwarmManager - ERROR - Handling failure of drone 1: Crashed
2026-02-13 18:50:13,011 - Drone_3 - INFO - Drone 3: Flying to {'x': 2542.5191962261474, 'y': 2517.439333560552, 'z': 60.0}
2026-02-13 18:50:13,012 - Drone_5 - INFO - Drone 5: Flying to {'x': 2480.516341912889, 'y': 2544.1207139035714, 'z': 60.0}
2026-02-13 18:50:14,013 - SwarmManager - ERROR - Drone 1 heartbeat timeout
2026-02-13 18:50:14,013 - SwarmManager - ERROR - Handling failure of drone 1: Heartbeat timeout
2026-02-13 18:50:14,014 - SwarmManager - ERROR - Drone 1 crashed
2026-02-13 18:50:14,014 - SwarmManager - ERROR - Handling failure of drone 1: Crashed
2026-02-13 18:50:14,015 - Drone_3 - INFO - Drone 3: Flying to {'x': 2542.5191962261474, 'y': 2517.439333560552, 'z': 60.0}
2026-02-13 18:50:14,016 - Drone_5 - INFO - Drone 5: Flying to {'x': 2480.516341912889, 'y': 2544.1207139035714, 'z': 60.0}
2026-02-13 18:50:15,017 - SwarmManager - ERROR - Drone 1 heartbeat timeout
2026-02-13 18:50:15,017 - SwarmManager - ERROR - Handling failure of drone 1: Heartbeat timeout
2026-02-13 18:50:15,018 - SwarmManager - ERROR - Drone 1 crashed
2026-02-13 18:50:15,019 - SwarmManager - ERROR - Handling failure of drone 1: Crashed
2026-02-13 18:50:15,019 - Drone_3 - INFO - Drone 3: Flying to {'x': 2542.5191962261474, 'y': 2517.439333560552, 'z': 60.0}
2026-02-13 18:50:15,019 - Drone_5 - INFO - Drone 5: Flying to {'x': 2480.516341912889, 'y': 2544.1207139035714, 'z': 60.0}
2026-02-13 18:50:16,020 - SwarmManager - ERROR - Drone 1 heartbeat timeout
2026-02-13 18:50:16,021 - SwarmManager - ERROR - Handling failure of drone 1: Heartbeat timeout
2026-02-13 18:50:16,022 - SwarmManager - ERROR - Drone 1 crashed
2026-02-13 18:50:16,023 - SwarmManager - ERROR - Handling failure of drone 1: Crashed
2026-02-13 18:50:16,024 - Drone_3 - INFO - Drone 3: Flying to {'x': 2542.5191962261474, 'y': 2517.439333560552, 'z': 60.0}
2026-02-13 18:50:16,024 - Drone_5 - INFO - Drone 5: Flying to {'x': 2480.516341912889, 'y': 2544.1207139035714, 'z': 60.0}
2026-02-13 18:50:17,025 - SwarmManager - ERROR - Drone 1 heartbeat timeout
2026-02-13 18:50:17,027 - SwarmManager - ERROR - Handling failure of drone 1: Heartbeat timeout
2026-02-13 18:50:17,028 - SwarmManager - ERROR - Drone 1 crashed
2026-02-13 18:50:17,029 - SwarmManager - ERROR - Handling failure of drone 1: Crashed
2026-02-13 18:50:17,030 - Drone_3 - INFO - Drone 3: Flying to {'x': 2542.5191962261474, 'y': 2517.439333560552, 'z': 60.0}
2026-02-13 18:50:17,030 - Drone_5 - INFO - Drone 5: Flying to {'x': 2480.516341912889, 'y': 2544.1207139035714, 'z': 60.0}
2026-02-13 18:50:18,031 - SwarmManager - ERROR - Drone 1 heartbeat timeout
2026-02-13 18:50:18,032 - SwarmManager - ERROR - Handling failure of drone 1: Heartbeat timeout
2026-02-13 18:50:18,033 - SwarmManager - ERROR - Drone 1 crashed
2026-02-13 18:50:18,034 - SwarmManager - ERROR - Handling failure of drone 1: Crashed
2026-02-13 18:50:18,035 - Drone_3 - INFO - Drone 3: Flying to {'x': 2542.5191962261474, 'y': 2517.439333560552, 'z': 60.0}
2026-02-13 18:50:18,036 - Drone_5 - INFO - Drone 5: Flying to {'x': 2480.516341912889, 'y': 2544.1207139035714, 'z': 60.0}
2026-02-13 18:50:19,037 - SwarmManager - ERROR - Drone 1 heartbeat timeout
2026-02-13 18:50:19,038 - SwarmManager - ERROR - Handling failure of drone 1: Heartbeat timeout
2026-02-13 18:50:19,039 - SwarmManager - ERROR - Drone 1 crashed
2026-02-13 18:50:19,039 - SwarmManager - ERROR - Handling failure of drone 1: Crashed
2026-02-13 18:50:19,040 - Drone_3 - INFO - Drone 3: Flying to {'x': 2542.5191962261474, 'y': 2517.439333560552, 'z': 60.0}
2026-02-13 18:50:19,040 - Drone_5 - INFO - Drone 5: Flying to {'x': 2480.516341912889, 'y': 2544.1207139035714, 'z': 60.0}
2026-02-13 18:50:20,043 - SwarmManager - ERROR - Drone 1 heartbeat timeout
2026-02-13 18:50:20,043 - SwarmManager - ERROR - Handling failure of drone 1: Heartbeat timeout
2026-02-13 18:50:20,044 - SwarmManager - ERROR - Drone 1 crashed
2026-02-13 18:50:20,045 - SwarmManager - ERROR - Handling failure of drone 1: Crashed
2026-02-13 18:50:20,045 - Drone_3 - INFO - Drone 3: Flying to {'x': 2542.5191962261474, 'y': 2517.439333560552, 'z': 60.0}
2026-02-13 18:50:20,045 - Drone_5 - INFO - Drone 5: Flying to {'x': 2480.516341912889, 'y': 2544.1207139035714, 'z': 60.0}
2026-02-13 18:50:21,046 - SwarmManager - ERROR - Drone 1 heartbeat timeout
2026-02-13 18:50:21,046 - SwarmManager - ERROR - Handling failure of drone 1: Heartbeat timeout
2026-02-13 18:50:21,046 - SwarmManager - ERROR - Drone 1 crashed
2026-02-13 18:50:21,047 - SwarmManager - ERROR - Handling failure of drone 1: Crashed
2026-02-13 18:50:21,047 - Drone_3 - INFO - Drone 3: Flying to {'x': 2542.5191962261474, 'y': 2517.439333560552, 'z': 60.0}
2026-02-13 18:50:21,047 - Drone_5 - INFO - Drone 5: Flying to {'x': 2480.516341912889, 'y': 2544.1207139035714, 'z': 60.0}
2026-02-13 18:50:22,048 - SwarmManager - ERROR - Drone 1 heartbeat timeout
2026-02-13 18:50:22,048 - SwarmManager - ERROR - Handling failure of drone 1: Heartbeat timeout
2026-02-13 18:50:22,049 - SwarmManager - ERROR - Drone 1 crashed
2026-02-13 18:50:22,049 - SwarmManager - ERROR - Handling failure of drone 1: Crashed
2026-02-13 18:50:22,050 - Drone_3 - INFO - Drone 3: Flying to {'x': 2542.5191962261474, 'y': 2517.439333560552, 'z': 60.0}
2026-02-13 18:50:22,050 - Drone_5 - INFO - Drone 5: Flying to {'x': 2480.516341912889, 'y': 2544.1207139035714, 'z': 60.0}
2026-02-13 18:50:23,050 - SwarmManager - ERROR - Drone 1 heartbeat timeout
2026-02-13 18:50:23,052 - SwarmManager - ERROR - Handling failure of drone 1: Heartbeat timeout
2026-02-13 18:50:23,053 - SwarmManager - ERROR - Drone 1 crashed
2026-02-13 18:50:23,054 - SwarmManager - ERROR - Handling failure of drone 1: Crashed
2026-02-13 18:50:23,055 - Drone_3 - INFO - Drone 3: Flying to {'x': 2542.5191962261474, 'y': 2517.439333560552, 'z': 60.0}
2026-02-13 18:50:23,055 - Drone_5 - INFO - Drone 5: Flying to {'x': 2480.516341912889, 'y': 2544.1207139035714, 'z': 60.0}
2026-02-13 18:50:24,056 - SwarmManager - ERROR - Drone 1 heartbeat timeout
2026-02-13 18:50:24,058 - SwarmManager - ERROR - Handling failure of drone 1: Heartbeat timeout
2026-02-13 18:50:24,059 - SwarmManager - ERROR - Drone 1 crashed
2026-02-13 18:50:24,060 - SwarmManager - ERROR - Handling failure of drone 1: Crashed
2026-02-13 18:50:24,061 - Drone_3 - INFO - Drone 3: Flying to {'x': 2542.5191962261474, 'y': 2517.439333560552, 'z': 60.0}
2026-02-13 18:50:24,062 - Drone_5 - INFO - Drone 5: Flying to {'x': 2480.516341912889, 'y': 2544.1207139035714, 'z': 60.0}
2026-02-13 18:50:25,063 - SwarmManager - ERROR - Drone 1 heartbeat timeout
2026-02-13 18:50:25,065 - SwarmManager - ERROR - Handling failure of drone 1: Heartbeat timeout
2026-02-13 18:50:25,066 - SwarmManager - ERROR - Drone 1 crashed
2026-02-13 18:50:25,067 - SwarmManager - ERROR - Handling failure of drone 1: Crashed
2026-02-13 18:50:25,068 - Drone_3 - INFO - Drone 3: Flying to {'x': 2542.5191962261474, 'y': 2517.439333560552, 'z': 60.0}
2026-02-13 18:50:25,068 - Drone_5 - INFO - Drone 5: Flying to {'x': 2480.516341912889, 'y': 2544.1207139035714, 'z': 60.0}
2026-02-13 18:50:26,069 - SwarmManager - ERROR - Drone 1 heartbeat timeout
2026-02-13 18:50:26,070 - SwarmManager - ERROR - Handling failure of drone 1: Heartbeat timeout
2026-02-13 18:50:26,070 - SwarmManager - ERROR - Drone 1 crashed
2026-02-13 18:50:26,070 - SwarmManager - ERROR - Handling failure of drone 1: Crashed
2026-02-13 18:50:26,070 - Drone_3 - INFO - Drone 3: Flying to {'x': 2542.5191962261474, 'y': 2517.439333560552, 'z': 60.0}
2026-02-13 18:50:26,070 - Drone_5 - INFO - Drone 5: Flying to {'x': 2480.516341912889, 'y': 2544.1207139035714, 'z': 60.0}
2026-02-13 18:50:27,071 - SwarmManager - ERROR - Drone 1 heartbeat timeout
2026-02-13 18:50:27,072 - SwarmManager - ERROR - Handling failure of drone 1: Heartbeat timeout
2026-02-13 18:50:27,072 - SwarmManager - ERROR - Drone 1 crashed
2026-02-13 18:50:27,072 - SwarmManager - ERROR - Handling failure of drone 1: Crashed
2026-02-13 18:50:27,073 - Drone_3 - INFO - Drone 3: Flying to {'x': 2542.5191962261474, 'y': 2517.439333560552, 'z': 60.0}
2026-02-13 18:50:27,073 - Drone_5 - INFO - Drone 5: Flying to {'x': 2480.516341912889, 'y': 2544.1207139035714, 'z': 60.0}
2026-02-13 18:50:28,074 - SwarmManager - ERROR - Drone 1 heartbeat timeout
2026-02-13 18:50:28,074 - SwarmManager - ERROR - Handling failure of drone 1: Heartbeat timeout
2026-02-13 18:50:28,074 - SwarmManager - ERROR - Drone 1 crashed
2026-02-13 18:50:28,075 - SwarmManager - ERROR - Handling failure of drone 1: Crashed
2026-02-13 18:50:28,075 - Drone_3 - INFO - Drone 3: Flying to {'x': 2542.5191962261474, 'y': 2517.439333560552, 'z': 60.0}
2026-02-13 18:50:28,075 - Drone_5 - INFO - Drone 5: Flying to {'x': 2480.516341912889, 'y': 2544.1207139035714, 'z': 60.0}
2026-02-13 18:50:29,076 - SwarmManager - ERROR - Drone 1 heartbeat timeout
2026-02-13 18:50:29,077 - SwarmManager - ERROR - Handling failure of drone 1: Heartbeat timeout
2026-02-13 18:50:29,078 - SwarmManager - ERROR - Drone 1 crashed
2026-02-13 18:50:29,078 - SwarmManager - ERROR - Handling failure of drone 1: Crashed
2026-02-13 18:50:29,078 - Drone_3 - INFO - Drone 3: Flying to {'x': 2542.5191962261474, 'y': 2517.439333560552, 'z': 60.0}
2026-02-13 18:50:29,078 - Drone_5 - INFO - Drone 5: Flying to {'x': 2480.516341912889, 'y': 2544.1207139035714, 'z': 60.0}
2026-02-13 18:50:29,304 - PhysicalMLTrainer_Drone4 - INFO - Physical ML model trained drone=4 samples=901 degree=2 alpha=0.0 val_mse=0.001771
2026-02-13 18:50:29,306 - PhysicalMLTrainer_Drone3 - INFO - Physical ML model trained drone=3 samples=901 degree=2 alpha=0.0 val_mse=0.001464
2026-02-13 18:50:29,313 - PhysicalMLTrainer_Drone2 - INFO - Physical ML model trained drone=2 samples=901 degree=2 alpha=0.0 val_mse=0.000004
2026-02-13 18:50:29,327 - PhysicalMLTrainer_Drone5 - INFO - Physical ML model trained drone=5 samples=901 degree=2 alpha=0.0 val_mse=0.002278
2026-02-13 18:50:30,079 - SwarmManager - ERROR - Drone 1 heartbeat timeout
2026-02-13 18:50:30,080 - SwarmManager - ERROR - Handling failure of drone 1: Heartbeat timeout
2026-02-13 18:50:30,082 - SwarmManager - ERROR - Drone 1 crashed
2026-02-13 18:50:30,082 - SwarmManager - ERROR - Handling failure of drone 1: Crashed
2026-02-13 18:50:30,083 - Drone_3 - INFO - Drone 3: Flying to {'x': 2542.5191962261474, 'y': 2517.439333560552, 'z': 60.0}
2026-02-13 18:50:30,083 - Drone_5 - INFO - Drone 5: Flying to {'x': 2480.516341912889, 'y': 2544.1207139035714, 'z': 60.0}
2026-02-13 18:50:31,084 - SwarmManager - ERROR - Drone 1 heartbeat timeout
2026-02-13 18:50:31,085 - SwarmManager - ERROR - Handling failure of drone 1: Heartbeat timeout
2026-02-13 18:50:31,085 - SwarmManager - ERROR - Drone 1 crashed
2026-02-13 18:50:31,085 - SwarmManager - ERROR - Handling failure of drone 1: Crashed
2026-02-13 18:50:31,085 - Drone_3 - INFO - Drone 3: Flying to {'x': 2542.5191962261474, 'y': 2517.439333560552, 'z': 60.0}
2026-02-13 18:50:31,085 - Drone_5 - INFO - Drone 5: Flying to {'x': 2480.516341912889, 'y': 2544.1207139035714, 'z': 60.0}
2026-02-13 18:50:32,086 - SwarmManager - ERROR - Drone 1 heartbeat timeout
2026-02-13 18:50:32,087 - SwarmManager - ERROR - Handling failure of drone 1: Heartbeat timeout
2026-02-13 18:50:32,088 - SwarmManager - ERROR - Drone 1 crashed
2026-02-13 18:50:32,089 - SwarmManager - ERROR - Handling failure of drone 1: Crashed
2026-02-13 18:50:32,091 - Drone_3 - INFO - Drone 3: Flying to {'x': 2542.5191962261474, 'y': 2517.439333560552, 'z': 60.0}
2026-02-13 18:50:32,091 - Drone_5 - INFO - Drone 5: Flying to {'x': 2480.516341912889, 'y': 2544.1207139035714, 'z': 60.0}
2026-02-13 18:50:33,092 - SwarmManager - ERROR - Drone 1 heartbeat timeout
2026-02-13 18:50:33,093 - SwarmManager - ERROR - Handling failure of drone 1: Heartbeat timeout
2026-02-13 18:50:33,093 - SwarmManager - ERROR - Drone 1 crashed
2026-02-13 18:50:33,093 - SwarmManager - ERROR - Handling failure of drone 1: Crashed
2026-02-13 18:50:33,094 - Drone_3 - INFO - Drone 3: Flying to {'x': 2542.5191962261474, 'y': 2517.439333560552, 'z': 60.0}
2026-02-13 18:50:33,094 - Drone_5 - INFO - Drone 5: Flying to {'x': 2480.516341912889, 'y': 2544.1207139035714, 'z': 60.0}
2026-02-13 18:50:34,094 - SwarmManager - ERROR - Drone 1 heartbeat timeout
2026-02-13 18:50:34,095 - SwarmManager - ERROR - Handling failure of drone 1: Heartbeat timeout
2026-02-13 18:50:34,095 - SwarmManager - ERROR - Drone 1 crashed
2026-02-13 18:50:34,095 - SwarmManager - ERROR - Handling failure of drone 1: Crashed
2026-02-13 18:50:34,096 - Drone_3 - INFO - Drone 3: Flying to {'x': 2542.5191962261474, 'y': 2517.439333560552, 'z': 60.0}
2026-02-13 18:50:34,096 - Drone_5 - INFO - Drone 5: Flying to {'x': 2480.516341912889, 'y': 2544.1207139035714, 'z': 60.0}
2026-02-13 18:50:35,096 - SwarmManager - ERROR - Drone 1 heartbeat timeout
2026-02-13 18:50:35,097 - SwarmManager - ERROR - Handling failure of drone 1: Heartbeat timeout
2026-02-13 18:50:35,098 - SwarmManager - ERROR - Drone 1 crashed
2026-02-13 18:50:35,098 - SwarmManager - ERROR - Handling failure of drone 1: Crashed
2026-02-13 18:50:35,099 - Drone_3 - INFO - Drone 3: Flying to {'x': 2542.5191962261474, 'y': 2517.439333560552, 'z': 60.0}
2026-02-13 18:50:35,099 - Drone_5 - INFO - Drone 5: Flying to {'x': 2480.516341912889, 'y': 2544.1207139035714, 'z': 60.0}
2026-02-13 18:50:36,100 - SwarmManager - ERROR - Drone 1 heartbeat timeout
2026-02-13 18:50:36,101 - SwarmManager - ERROR - Handling failure of drone 1: Heartbeat timeout
2026-02-13 18:50:36,101 - SwarmManager - ERROR - Drone 1 crashed
2026-02-13 18:50:36,102 - SwarmManager - ERROR - Handling failure of drone 1: Crashed
2026-02-13 18:50:36,102 - Drone_3 - INFO - Drone 3: Flying to {'x': 2542.5191962261474, 'y': 2517.439333560552, 'z': 60.0}
2026-02-13 18:50:36,102 - Drone_5 - INFO - Drone 5: Flying to {'x': 2480.516341912889, 'y': 2544.1207139035714, 'z': 60.0}
2026-02-13 18:50:37,103 - SwarmManager - ERROR - Drone 1 heartbeat timeout
2026-02-13 18:50:37,105 - SwarmManager - ERROR - Handling failure of drone 1: Heartbeat timeout
2026-02-13 18:50:37,105 - SwarmManager - ERROR - Drone 1 crashed
2026-02-13 18:50:37,106 - SwarmManager - ERROR - Handling failure of drone 1: Crashed
2026-02-13 18:50:37,107 - Drone_3 - INFO - Drone 3: Flying to {'x': 2542.5191962261474, 'y': 2517.439333560552, 'z': 60.0}
2026-02-13 18:50:37,107 - Drone_5 - INFO - Drone 5: Flying to {'x': 2480.516341912889, 'y': 2544.1207139035714, 'z': 60.0}
2026-02-13 18:50:38,108 - SwarmManager - ERROR - Drone 1 heartbeat timeout
2026-02-13 18:50:38,109 - SwarmManager - ERROR - Handling failure of drone 1: Heartbeat timeout
2026-02-13 18:50:38,110 - SwarmManager - ERROR - Drone 1 crashed
2026-02-13 18:50:38,111 - SwarmManager - ERROR - Handling failure of drone 1: Crashed
2026-02-13 18:50:38,112 - Drone_3 - INFO - Drone 3: Flying to {'x': 2542.5191962261474, 'y': 2517.439333560552, 'z': 60.0}
2026-02-13 18:50:38,112 - Drone_5 - INFO - Drone 5: Flying to {'x': 2480.516341912889, 'y': 2544.1207139035714, 'z': 60.0}
2026-02-13 18:50:39,113 - SwarmManager - ERROR - Drone 1 heartbeat timeout
2026-02-13 18:50:39,114 - SwarmManager - ERROR - Handling failure of drone 1: Heartbeat timeout
2026-02-13 18:50:39,115 - SwarmManager - ERROR - Drone 1 crashed
2026-02-13 18:50:39,115 - SwarmManager - ERROR - Handling failure of drone 1: Crashed
2026-02-13 18:50:39,116 - Drone_3 - INFO - Drone 3: Flying to {'x': 2542.5191962261474, 'y': 2517.439333560552, 'z': 60.0}
2026-02-13 18:50:39,116 - Drone_5 - INFO - Drone 5: Flying to {'x': 2480.516341912889, 'y': 2544.1207139035714, 'z': 60.0}
2026-02-13 18:50:40,117 - SwarmManager - ERROR - Drone 1 heartbeat timeout
2026-02-13 18:50:40,118 - SwarmManager - ERROR - Handling failure of drone 1: Heartbeat timeout
2026-02-13 18:50:40,119 - SwarmManager - ERROR - Drone 1 crashed
2026-02-13 18:50:40,120 - SwarmManager - ERROR - Handling failure of drone 1: Crashed
2026-02-13 18:50:40,121 - Drone_3 - INFO - Drone 3: Flying to {'x': 2542.5191962261474, 'y': 2517.439333560552, 'z': 60.0}
2026-02-13 18:50:40,122 - Drone_5 - INFO - Drone 5: Flying to {'x': 2480.516341912889, 'y': 2544.1207139035714, 'z': 60.0}
2026-02-13 18:50:41,123 - SwarmManager - ERROR - Drone 1 heartbeat timeout
2026-02-13 18:50:41,125 - SwarmManager - ERROR - Handling failure of drone 1: Heartbeat timeout
2026-02-13 18:50:41,126 - SwarmManager - ERROR - Drone 1 crashed
2026-02-13 18:50:41,127 - SwarmManager - ERROR - Handling failure of drone 1: Crashed
2026-02-13 18:50:41,128 - Drone_3 - INFO - Drone 3: Flying to {'x': 2542.5191962261474, 'y': 2517.439333560552, 'z': 60.0}
2026-02-13 18:50:41,128 - Drone_5 - INFO - Drone 5: Flying to {'x': 2480.516341912889, 'y': 2544.1207139035714, 'z': 60.0}
2026-02-13 18:50:42,129 - SwarmManager - ERROR - Drone 1 heartbeat timeout
2026-02-13 18:50:42,129 - SwarmManager - ERROR - Handling failure of drone 1: Heartbeat timeout
2026-02-13 18:50:42,130 - SwarmManager - ERROR - Drone 1 crashed
2026-02-13 18:50:42,131 - SwarmManager - ERROR - Handling failure of drone 1: Crashed
2026-02-13 18:50:42,132 - Drone_3 - INFO - Drone 3: Flying to {'x': 2542.5191962261474, 'y': 2517.439333560552, 'z': 60.0}
2026-02-13 18:50:42,133 - Drone_5 - INFO - Drone 5: Flying to {'x': 2480.516341912889, 'y': 2544.1207139035714, 'z': 60.0}
2026-02-13 18:50:43,134 - SwarmManager - ERROR - Drone 1 heartbeat timeout
2026-02-13 18:50:43,135 - SwarmManager - ERROR - Handling failure of drone 1: Heartbeat timeout
2026-02-13 18:50:43,136 - SwarmManager - ERROR - Drone 1 crashed
2026-02-13 18:50:43,136 - SwarmManager - ERROR - Handling failure of drone 1: Crashed
2026-02-13 18:50:43,137 - Drone_3 - INFO - Drone 3: Flying to {'x': 2542.5191962261474, 'y': 2517.439333560552, 'z': 60.0}
2026-02-13 18:50:43,138 - Drone_5 - INFO - Drone 5: Flying to {'x': 2480.516341912889, 'y': 2544.1207139035714, 'z': 60.0}
2026-02-13 18:50:44,139 - SwarmManager - ERROR - Drone 1 heartbeat timeout
2026-02-13 18:50:44,139 - SwarmManager - ERROR - Handling failure of drone 1: Heartbeat timeout
2026-02-13 18:50:44,140 - SwarmManager - ERROR - Drone 1 crashed
2026-02-13 18:50:44,141 - SwarmManager - ERROR - Handling failure of drone 1: Crashed
2026-02-13 18:50:44,141 - Drone_3 - INFO - Drone 3: Flying to {'x': 2542.5191962261474, 'y': 2517.439333560552, 'z': 60.0}
2026-02-13 18:50:44,142 - Drone_5 - INFO - Drone 5: Flying to {'x': 2480.516341912889, 'y': 2544.1207139035714, 'z': 60.0}
2026-02-13 18:50:45,142 - SwarmManager - ERROR - Drone 1 heartbeat timeout
2026-02-13 18:50:45,143 - SwarmManager - ERROR - Handling failure of drone 1: Heartbeat timeout
2026-02-13 18:50:45,143 - SwarmManager - ERROR - Drone 1 crashed
2026-02-13 18:50:45,144 - SwarmManager - ERROR - Handling failure of drone 1: Crashed
2026-02-13 18:50:45,144 - Drone_3 - INFO - Drone 3: Flying to {'x': 2542.5191962261474, 'y': 2517.439333560552, 'z': 60.0}
2026-02-13 18:50:45,145 - Drone_5 - INFO - Drone 5: Flying to {'x': 2480.516341912889, 'y': 2544.1207139035714, 'z': 60.0}
2026-02-13 18:50:46,145 - SwarmManager - ERROR - Drone 1 heartbeat timeout
2026-02-13 18:50:46,146 - SwarmManager - ERROR - Handling failure of drone 1: Heartbeat timeout
2026-02-13 18:50:46,146 - SwarmManager - ERROR - Drone 1 crashed
2026-02-13 18:50:46,146 - SwarmManager - ERROR - Handling failure of drone 1: Crashed
2026-02-13 18:50:46,147 - Drone_3 - INFO - Drone 3: Flying to {'x': 2542.5191962261474, 'y': 2517.439333560552, 'z': 60.0}
2026-02-13 18:50:46,147 - Drone_5 - INFO - Drone 5: Flying to {'x': 2480.516341912889, 'y': 2544.1207139035714, 'z': 60.0}
2026-02-13 18:50:47,148 - SwarmManager - ERROR - Drone 1 heartbeat timeout
2026-02-13 18:50:47,148 - SwarmManager - ERROR - Handling failure of drone 1: Heartbeat timeout
2026-02-13 18:50:47,148 - SwarmManager - ERROR - Drone 1 crashed
2026-02-13 18:50:47,149 - SwarmManager - ERROR - Handling failure of drone 1: Crashed
2026-02-13 18:50:47,149 - Drone_3 - INFO - Drone 3: Flying to {'x': 2542.5191962261474, 'y': 2517.439333560552, 'z': 60.0}
2026-02-13 18:50:47,149 - Drone_5 - INFO - Drone 5: Flying to {'x': 2480.516341912889, 'y': 2544.1207139035714, 'z': 60.0}
2026-02-13 18:50:48,150 - SwarmManager - ERROR - Drone 1 heartbeat timeout
2026-02-13 18:50:48,150 - SwarmManager - ERROR - Handling failure of drone 1: Heartbeat timeout
2026-02-13 18:50:48,150 - SwarmManager - ERROR - Drone 1 crashed
2026-02-13 18:50:48,151 - SwarmManager - ERROR - Handling failure of drone 1: Crashed
2026-02-13 18:50:48,151 - Drone_3 - INFO - Drone 3: Flying to {'x': 2542.5191962261474, 'y': 2517.439333560552, 'z': 60.0}
2026-02-13 18:50:48,151 - Drone_5 - INFO - Drone 5: Flying to {'x': 2480.516341912889, 'y': 2544.1207139035714, 'z': 60.0}
2026-02-13 18:50:49,152 - SwarmManager - ERROR - Drone 1 heartbeat timeout
2026-02-13 18:50:49,153 - SwarmManager - ERROR - Handling failure of drone 1: Heartbeat timeout
2026-02-13 18:50:49,153 - SwarmManager - ERROR - Drone 1 crashed
2026-02-13 18:50:49,153 - SwarmManager - ERROR - Handling failure of drone 1: Crashed
2026-02-13 18:50:49,154 - Drone_3 - INFO - Drone 3: Flying to {'x': 2542.5191962261474, 'y': 2517.439333560552, 'z': 60.0}
2026-02-13 18:50:49,154 - Drone_5 - INFO - Drone 5: Flying to {'x': 2480.516341912889, 'y': 2544.1207139035714, 'z': 60.0}
2026-02-13 18:50:49,432 - PhysicalMLTrainer_Drone3 - INFO - Physical ML model trained drone=3 samples=1101 degree=2 alpha=0.0 val_mse=0.001871
2026-02-13 18:50:49,432 - PhysicalMLTrainer_Drone4 - INFO - Physical ML model trained drone=4 samples=1101 degree=2 alpha=0.0 val_mse=0.002139
2026-02-13 18:50:49,441 - PhysicalMLTrainer_Drone2 - INFO - Physical ML model trained drone=2 samples=1101 degree=2 alpha=0.0 val_mse=0.000002
2026-02-13 18:50:49,451 - PhysicalMLTrainer_Drone5 - INFO - Physical ML model trained drone=5 samples=1101 degree=2 alpha=0.0 val_mse=0.002369
2026-02-13 18:50:50,154 - SwarmManager - ERROR - Drone 1 heartbeat timeout
2026-02-13 18:50:50,155 - SwarmManager - ERROR - Handling failure of drone 1: Heartbeat timeout
2026-02-13 18:50:50,155 - SwarmManager - ERROR - Drone 1 crashed
2026-02-13 18:50:50,156 - SwarmManager - ERROR - Handling failure of drone 1: Crashed
2026-02-13 18:50:50,156 - Drone_3 - INFO - Drone 3: Flying to {'x': 2542.5191962261474, 'y': 2517.439333560552, 'z': 60.0}
2026-02-13 18:50:50,156 - Drone_5 - INFO - Drone 5: Flying to {'x': 2480.516341912889, 'y': 2544.1207139035714, 'z': 60.0}
2026-02-13 18:50:51,157 - SwarmManager - ERROR - Drone 1 heartbeat timeout
2026-02-13 18:50:51,157 - SwarmManager - ERROR - Handling failure of drone 1: Heartbeat timeout
2026-02-13 18:50:51,158 - SwarmManager - ERROR - Drone 1 crashed
2026-02-13 18:50:51,158 - SwarmManager - ERROR - Handling failure of drone 1: Crashed
2026-02-13 18:50:51,158 - Drone_3 - INFO - Drone 3: Flying to {'x': 2542.5191962261474, 'y': 2517.439333560552, 'z': 60.0}
2026-02-13 18:50:51,159 - Drone_5 - INFO - Drone 5: Flying to {'x': 2480.516341912889, 'y': 2544.1207139035714, 'z': 60.0}
2026-02-13 18:50:52,159 - SwarmManager - ERROR - Drone 1 heartbeat timeout
2026-02-13 18:50:52,160 - SwarmManager - ERROR - Handling failure of drone 1: Heartbeat timeout
2026-02-13 18:50:52,161 - SwarmManager - ERROR - Drone 1 crashed
2026-02-13 18:50:52,161 - SwarmManager - ERROR - Handling failure of drone 1: Crashed
2026-02-13 18:50:52,161 - Drone_3 - INFO - Drone 3: Flying to {'x': 2542.5191962261474, 'y': 2517.439333560552, 'z': 60.0}
2026-02-13 18:50:52,161 - Drone_5 - INFO - Drone 5: Flying to {'x': 2480.516341912889, 'y': 2544.1207139035714, 'z': 60.0}
2026-02-13 18:50:53,162 - SwarmManager - ERROR - Drone 1 heartbeat timeout
2026-02-13 18:50:53,163 - SwarmManager - ERROR - Handling failure of drone 1: Heartbeat timeout
2026-02-13 18:50:53,163 - SwarmManager - ERROR - Drone 1 crashed
2026-02-13 18:50:53,163 - SwarmManager - ERROR - Handling failure of drone 1: Crashed
2026-02-13 18:50:53,164 - Drone_3 - INFO - Drone 3: Flying to {'x': 2542.5191962261474, 'y': 2517.439333560552, 'z': 60.0}
2026-02-13 18:50:53,164 - Drone_5 - INFO - Drone 5: Flying to {'x': 2480.516341912889, 'y': 2544.1207139035714, 'z': 60.0}
2026-02-13 18:50:54,165 - SwarmManager - ERROR - Drone 1 heartbeat timeout
2026-02-13 18:50:54,166 - SwarmManager - ERROR - Handling failure of drone 1: Heartbeat timeout
2026-02-13 18:50:54,167 - SwarmManager - ERROR - Drone 1 crashed
2026-02-13 18:50:54,167 - SwarmManager - ERROR - Handling failure of drone 1: Crashed
2026-02-13 18:50:54,167 - Drone_3 - INFO - Drone 3: Flying to {'x': 2542.5191962261474, 'y': 2517.439333560552, 'z': 60.0}
2026-02-13 18:50:54,168 - Drone_5 - INFO - Drone 5: Flying to {'x': 2480.516341912889, 'y': 2544.1207139035714, 'z': 60.0}
2026-02-13 18:50:55,169 - SwarmManager - ERROR - Drone 1 heartbeat timeout
2026-02-13 18:50:55,170 - SwarmManager - ERROR - Handling failure of drone 1: Heartbeat timeout
2026-02-13 18:50:55,171 - SwarmManager - ERROR - Drone 1 crashed
2026-02-13 18:50:55,172 - SwarmManager - ERROR - Handling failure of drone 1: Crashed
2026-02-13 18:50:55,173 - Drone_3 - INFO - Drone 3: Flying to {'x': 2542.5191962261474, 'y': 2517.439333560552, 'z': 60.0}
2026-02-13 18:50:55,174 - Drone_5 - INFO - Drone 5: Flying to {'x': 2480.516341912889, 'y': 2544.1207139035714, 'z': 60.0}
2026-02-13 18:50:56,174 - SwarmManager - ERROR - Drone 1 heartbeat timeout
2026-02-13 18:50:56,175 - SwarmManager - ERROR - Handling failure of drone 1: Heartbeat timeout
2026-02-13 18:50:56,175 - SwarmManager - ERROR - Drone 1 crashed
2026-02-13 18:50:56,176 - SwarmManager - ERROR - Handling failure of drone 1: Crashed
2026-02-13 18:50:56,177 - Drone_3 - INFO - Drone 3: Flying to {'x': 2542.5191962261474, 'y': 2517.439333560552, 'z': 60.0}
2026-02-13 18:50:56,177 - Drone_5 - INFO - Drone 5: Flying to {'x': 2480.516341912889, 'y': 2544.1207139035714, 'z': 60.0}
2026-02-13 18:50:57,178 - SwarmManager - ERROR - Drone 1 heartbeat timeout
2026-02-13 18:50:57,179 - SwarmManager - ERROR - Handling failure of drone 1: Heartbeat timeout
2026-02-13 18:50:57,180 - SwarmManager - ERROR - Drone 1 crashed
2026-02-13 18:50:57,181 - SwarmManager - ERROR - Handling failure of drone 1: Crashed
2026-02-13 18:50:57,182 - Drone_3 - INFO - Drone 3: Flying to {'x': 2542.5191962261474, 'y': 2517.439333560552, 'z': 60.0}
2026-02-13 18:50:57,183 - Drone_5 - INFO - Drone 5: Flying to {'x': 2480.516341912889, 'y': 2544.1207139035714, 'z': 60.0}
2026-02-13 18:50:58,183 - SwarmManager - ERROR - Drone 1 heartbeat timeout
2026-02-13 18:50:58,184 - SwarmManager - ERROR - Handling failure of drone 1: Heartbeat timeout
2026-02-13 18:50:58,184 - SwarmManager - ERROR - Drone 1 crashed
2026-02-13 18:50:58,184 - SwarmManager - ERROR - Handling failure of drone 1: Crashed
2026-02-13 18:50:58,187 - Drone_3 - INFO - Drone 3: Flying to {'x': 2542.5191962261474, 'y': 2517.439333560552, 'z': 60.0}
2026-02-13 18:50:58,188 - Drone_5 - INFO - Drone 5: Flying to {'x': 2480.516341912889, 'y': 2544.1207139035714, 'z': 60.0}
2026-02-13 18:50:59,189 - SwarmManager - ERROR - Drone 1 heartbeat timeout
2026-02-13 18:50:59,189 - SwarmManager - ERROR - Handling failure of drone 1: Heartbeat timeout
2026-02-13 18:50:59,190 - SwarmManager - ERROR - Drone 1 crashed
2026-02-13 18:50:59,190 - SwarmManager - ERROR - Handling failure of drone 1: Crashed
2026-02-13 18:50:59,191 - Drone_3 - INFO - Drone 3: Flying to {'x': 2542.5191962261474, 'y': 2517.439333560552, 'z': 60.0}
2026-02-13 18:50:59,191 - Drone_5 - INFO - Drone 5: Flying to {'x': 2480.516341912889, 'y': 2544.1207139035714, 'z': 60.0}
2026-02-13 18:51:00,191 - SwarmManager - ERROR - Drone 1 heartbeat timeout
2026-02-13 18:51:00,192 - SwarmManager - ERROR - Handling failure of drone 1: Heartbeat timeout
2026-02-13 18:51:00,192 - SwarmManager - ERROR - Drone 1 crashed
2026-02-13 18:51:00,192 - SwarmManager - ERROR - Handling failure of drone 1: Crashed
2026-02-13 18:51:00,193 - Drone_3 - INFO - Drone 3: Flying to {'x': 2542.5191962261474, 'y': 2517.439333560552, 'z': 60.0}
2026-02-13 18:51:00,193 - Drone_5 - INFO - Drone 5: Flying to {'x': 2480.516341912889, 'y': 2544.1207139035714, 'z': 60.0}
2026-02-13 18:51:01,195 - SwarmManager - ERROR - Drone 1 heartbeat timeout
2026-02-13 18:51:01,196 - SwarmManager - ERROR - Handling failure of drone 1: Heartbeat timeout
2026-02-13 18:51:01,197 - SwarmManager - ERROR - Drone 1 crashed
2026-02-13 18:51:01,198 - SwarmManager - ERROR - Handling failure of drone 1: Crashed
2026-02-13 18:51:01,199 - Drone_3 - INFO - Drone 3: Flying to {'x': 2542.5191962261474, 'y': 2517.439333560552, 'z': 60.0}
2026-02-13 18:51:01,199 - Drone_5 - INFO - Drone 5: Flying to {'x': 2480.516341912889, 'y': 2544.1207139035714, 'z': 60.0}
2026-02-13 18:51:02,200 - SwarmManager - ERROR - Drone 1 heartbeat timeout
2026-02-13 18:51:02,202 - SwarmManager - ERROR - Handling failure of drone 1: Heartbeat timeout
2026-02-13 18:51:02,204 - SwarmManager - ERROR - Drone 1 crashed
2026-02-13 18:51:02,205 - SwarmManager - ERROR - Handling failure of drone 1: Crashed
2026-02-13 18:51:02,206 - Drone_3 - INFO - Drone 3: Flying to {'x': 2542.5191962261474, 'y': 2517.439333560552, 'z': 60.0}
2026-02-13 18:51:02,206 - Drone_5 - INFO - Drone 5: Flying to {'x': 2480.516341912889, 'y': 2544.1207139035714, 'z': 60.0}
2026-02-13 18:51:03,207 - SwarmManager - ERROR - Drone 1 heartbeat timeout
2026-02-13 18:51:03,208 - SwarmManager - ERROR - Handling failure of drone 1: Heartbeat timeout
2026-02-13 18:51:03,209 - SwarmManager - ERROR - Drone 1 crashed
2026-02-13 18:51:03,209 - SwarmManager - ERROR - Handling failure of drone 1: Crashed
2026-02-13 18:51:03,210 - Drone_3 - INFO - Drone 3: Flying to {'x': 2542.5191962261474, 'y': 2517.439333560552, 'z': 60.0}
2026-02-13 18:51:03,211 - Drone_5 - INFO - Drone 5: Flying to {'x': 2480.516341912889, 'y': 2544.1207139035714, 'z': 60.0}
2026-02-13 18:51:04,212 - SwarmManager - ERROR - Drone 1 heartbeat timeout
2026-02-13 18:51:04,212 - SwarmManager - ERROR - Handling failure of drone 1: Heartbeat timeout
2026-02-13 18:51:04,213 - SwarmManager - ERROR - Drone 1 crashed
2026-02-13 18:51:04,213 - SwarmManager - ERROR - Handling failure of drone 1: Crashed
2026-02-13 18:51:04,213 - Drone_3 - INFO - Drone 3: Flying to {'x': 2542.5191962261474, 'y': 2517.439333560552, 'z': 60.0}
2026-02-13 18:51:04,214 - Drone_5 - INFO - Drone 5: Flying to {'x': 2480.516341912889, 'y': 2544.1207139035714, 'z': 60.0}
2026-02-13 18:51:05,214 - SwarmManager - ERROR - Drone 1 heartbeat timeout
2026-02-13 18:51:05,215 - SwarmManager - ERROR - Handling failure of drone 1: Heartbeat timeout
2026-02-13 18:51:05,215 - SwarmManager - ERROR - Drone 1 crashed
2026-02-13 18:51:05,215 - SwarmManager - ERROR - Handling failure of drone 1: Crashed
2026-02-13 18:51:05,216 - Drone_3 - INFO - Drone 3: Flying to {'x': 2542.5191962261474, 'y': 2517.439333560552, 'z': 60.0}
2026-02-13 18:51:05,216 - Drone_5 - INFO - Drone 5: Flying to {'x': 2480.516341912889, 'y': 2544.1207139035714, 'z': 60.0}
2026-02-13 18:51:06,217 - SwarmManager - ERROR - Drone 1 heartbeat timeout
2026-02-13 18:51:06,218 - SwarmManager - ERROR - Handling failure of drone 1: Heartbeat timeout
2026-02-13 18:51:06,218 - SwarmManager - ERROR - Drone 1 crashed
2026-02-13 18:51:06,218 - SwarmManager - ERROR - Handling failure of drone 1: Crashed
2026-02-13 18:51:06,219 - Drone_3 - INFO - Drone 3: Flying to {'x': 2542.5191962261474, 'y': 2517.439333560552, 'z': 60.0}
2026-02-13 18:51:06,219 - Drone_5 - INFO - Drone 5: Flying to {'x': 2480.516341912889, 'y': 2544.1207139035714, 'z': 60.0}
2026-02-13 18:51:07,220 - SwarmManager - ERROR - Drone 1 heartbeat timeout
2026-02-13 18:51:07,221 - SwarmManager - ERROR - Handling failure of drone 1: Heartbeat timeout
2026-02-13 18:51:07,223 - SwarmManager - ERROR - Drone 1 crashed
2026-02-13 18:51:07,224 - SwarmManager - ERROR - Handling failure of drone 1: Crashed
2026-02-13 18:51:07,225 - Drone_3 - INFO - Drone 3: Flying to {'x': 2542.5191962261474, 'y': 2517.439333560552, 'z': 60.0}
2026-02-13 18:51:07,225 - Drone_5 - INFO - Drone 5: Flying to {'x': 2480.516341912889, 'y': 2544.1207139035714, 'z': 60.0}
2026-02-13 18:51:08,226 - SwarmManager - ERROR - Drone 1 heartbeat timeout
2026-02-13 18:51:08,227 - SwarmManager - ERROR - Handling failure of drone 1: Heartbeat timeout
2026-02-13 18:51:08,227 - SwarmManager - ERROR - Drone 1 crashed
2026-02-13 18:51:08,228 - SwarmManager - ERROR - Handling failure of drone 1: Crashed
2026-02-13 18:51:08,228 - Drone_3 - INFO - Drone 3: Flying to {'x': 2542.5191962261474, 'y': 2517.439333560552, 'z': 60.0}
2026-02-13 18:51:08,228 - Drone_5 - INFO - Drone 5: Flying to {'x': 2480.516341912889, 'y': 2544.1207139035714, 'z': 60.0}
2026-02-13 18:51:09,229 - SwarmManager - ERROR - Drone 1 heartbeat timeout
2026-02-13 18:51:09,231 - SwarmManager - ERROR - Handling failure of drone 1: Heartbeat timeout
2026-02-13 18:51:09,232 - SwarmManager - ERROR - Drone 1 crashed
2026-02-13 18:51:09,233 - SwarmManager - ERROR - Handling failure of drone 1: Crashed
2026-02-13 18:51:09,234 - Drone_3 - INFO - Drone 3: Flying to {'x': 2542.5191962261474, 'y': 2517.439333560552, 'z': 60.0}
2026-02-13 18:51:09,235 - Drone_5 - INFO - Drone 5: Flying to {'x': 2480.516341912889, 'y': 2544.1207139035714, 'z': 60.0}
2026-02-13 18:51:09,553 - PhysicalMLTrainer_Drone3 - INFO - Physical ML model trained drone=3 samples=1301 degree=2 alpha=0.0 val_mse=0.001780
2026-02-13 18:51:09,563 - PhysicalMLTrainer_Drone4 - INFO - Physical ML model trained drone=4 samples=1301 degree=2 alpha=0.0 val_mse=0.001892
2026-02-13 18:51:09,563 - PhysicalMLTrainer_Drone2 - INFO - Physical ML model trained drone=2 samples=1301 degree=2 alpha=0.0 val_mse=0.000001
2026-02-13 18:51:09,567 - PhysicalMLTrainer_Drone5 - INFO - Physical ML model trained drone=5 samples=1301 degree=2 alpha=0.0 val_mse=0.001845
2026-02-13 18:51:10,237 - SwarmManager - ERROR - Drone 1 heartbeat timeout
2026-02-13 18:51:10,239 - SwarmManager - ERROR - Handling failure of drone 1: Heartbeat timeout
2026-02-13 18:51:10,240 - SwarmManager - ERROR - Drone 1 crashed
2026-02-13 18:51:10,241 - SwarmManager - ERROR - Handling failure of drone 1: Crashed
2026-02-13 18:51:10,242 - Drone_3 - INFO - Drone 3: Flying to {'x': 2542.5191962261474, 'y': 2517.439333560552, 'z': 60.0}
2026-02-13 18:51:10,242 - Drone_5 - INFO - Drone 5: Flying to {'x': 2480.516341912889, 'y': 2544.1207139035714, 'z': 60.0}
2026-02-13 18:51:11,243 - SwarmManager - ERROR - Drone 1 heartbeat timeout
2026-02-13 18:51:11,244 - SwarmManager - ERROR - Handling failure of drone 1: Heartbeat timeout
2026-02-13 18:51:11,244 - SwarmManager - ERROR - Drone 1 crashed
2026-02-13 18:51:11,244 - SwarmManager - ERROR - Handling failure of drone 1: Crashed
2026-02-13 18:51:11,245 - Drone_3 - INFO - Drone 3: Flying to {'x': 2542.5191962261474, 'y': 2517.439333560552, 'z': 60.0}
2026-02-13 18:51:11,245 - Drone_5 - INFO - Drone 5: Flying to {'x': 2480.516341912889, 'y': 2544.1207139035714, 'z': 60.0}
2026-02-13 18:51:12,246 - SwarmManager - ERROR - Drone 1 heartbeat timeout
2026-02-13 18:51:12,247 - SwarmManager - ERROR - Handling failure of drone 1: Heartbeat timeout
2026-02-13 18:51:12,248 - SwarmManager - ERROR - Drone 1 crashed
2026-02-13 18:51:12,248 - SwarmManager - ERROR - Handling failure of drone 1: Crashed
2026-02-13 18:51:12,249 - Drone_3 - INFO - Drone 3: Flying to {'x': 2542.5191962261474, 'y': 2517.439333560552, 'z': 60.0}
2026-02-13 18:51:12,250 - Drone_5 - INFO - Drone 5: Flying to {'x': 2480.516341912889, 'y': 2544.1207139035714, 'z': 60.0}
2026-02-13 18:51:13,251 - SwarmManager - ERROR - Drone 1 heartbeat timeout
2026-02-13 18:51:13,252 - SwarmManager - ERROR - Handling failure of drone 1: Heartbeat timeout
2026-02-13 18:51:13,253 - SwarmManager - ERROR - Drone 1 crashed
2026-02-13 18:51:13,254 - SwarmManager - ERROR - Handling failure of drone 1: Crashed
2026-02-13 18:51:13,254 - Drone_3 - INFO - Drone 3: Flying to {'x': 2542.5191962261474, 'y': 2517.439333560552, 'z': 60.0}
2026-02-13 18:51:13,255 - Drone_5 - INFO - Drone 5: Flying to {'x': 2480.516341912889, 'y': 2544.1207139035714, 'z': 60.0}
2026-02-13 18:51:14,256 - SwarmManager - ERROR - Drone 1 heartbeat timeout
2026-02-13 18:51:14,257 - SwarmManager - ERROR - Handling failure of drone 1: Heartbeat timeout
2026-02-13 18:51:14,258 - SwarmManager - ERROR - Drone 1 crashed
2026-02-13 18:51:14,259 - SwarmManager - ERROR - Handling failure of drone 1: Crashed
2026-02-13 18:51:14,260 - Drone_3 - INFO - Drone 3: Flying to {'x': 2542.5191962261474, 'y': 2517.439333560552, 'z': 60.0}
2026-02-13 18:51:14,261 - Drone_5 - INFO - Drone 5: Flying to {'x': 2480.516341912889, 'y': 2544.1207139035714, 'z': 60.0}
2026-02-13 18:51:15,262 - SwarmManager - ERROR - Drone 1 heartbeat timeout
2026-02-13 18:51:15,263 - SwarmManager - ERROR - Handling failure of drone 1: Heartbeat timeout
2026-02-13 18:51:15,264 - SwarmManager - ERROR - Drone 1 crashed
2026-02-13 18:51:15,265 - SwarmManager - ERROR - Handling failure of drone 1: Crashed
2026-02-13 18:51:15,266 - Drone_3 - INFO - Drone 3: Flying to {'x': 2542.5191962261474, 'y': 2517.439333560552, 'z': 60.0}
2026-02-13 18:51:15,267 - Drone_5 - INFO - Drone 5: Flying to {'x': 2480.516341912889, 'y': 2544.1207139035714, 'z': 60.0}
2026-02-13 18:51:16,268 - SwarmManager - ERROR - Drone 1 heartbeat timeout
2026-02-13 18:51:16,268 - SwarmManager - ERROR - Handling failure of drone 1: Heartbeat timeout
2026-02-13 18:51:16,269 - SwarmManager - ERROR - Drone 1 crashed
2026-02-13 18:51:16,269 - SwarmManager - ERROR - Handling failure of drone 1: Crashed
2026-02-13 18:51:16,269 - Drone_3 - INFO - Drone 3: Flying to {'x': 2542.5191962261474, 'y': 2517.439333560552, 'z': 60.0}
2026-02-13 18:51:16,269 - Drone_5 - INFO - Drone 5: Flying to {'x': 2480.516341912889, 'y': 2544.1207139035714, 'z': 60.0}
2026-02-13 18:51:17,270 - SwarmManager - ERROR - Drone 1 heartbeat timeout
2026-02-13 18:51:17,270 - SwarmManager - ERROR - Handling failure of drone 1: Heartbeat timeout
2026-02-13 18:51:17,271 - SwarmManager - ERROR - Drone 1 crashed
2026-02-13 18:51:17,271 - SwarmManager - ERROR - Handling failure of drone 1: Crashed
2026-02-13 18:51:17,271 - Drone_3 - INFO - Drone 3: Flying to {'x': 2542.5191962261474, 'y': 2517.439333560552, 'z': 60.0}
2026-02-13 18:51:17,272 - Drone_5 - INFO - Drone 5: Flying to {'x': 2480.516341912889, 'y': 2544.1207139035714, 'z': 60.0}
2026-02-13 18:51:18,272 - SwarmManager - ERROR - Drone 1 heartbeat timeout
2026-02-13 18:51:18,273 - SwarmManager - ERROR - Handling failure of drone 1: Heartbeat timeout
2026-02-13 18:51:18,273 - SwarmManager - ERROR - Drone 1 crashed
2026-02-13 18:51:18,274 - SwarmManager - ERROR - Handling failure of drone 1: Crashed
2026-02-13 18:51:18,274 - Drone_3 - INFO - Drone 3: Flying to {'x': 2542.5191962261474, 'y': 2517.439333560552, 'z': 60.0}
2026-02-13 18:51:18,275 - Drone_5 - INFO - Drone 5: Flying to {'x': 2480.516341912889, 'y': 2544.1207139035714, 'z': 60.0}
2026-02-13 18:51:19,276 - SwarmManager - ERROR - Drone 1 heartbeat timeout
2026-02-13 18:51:19,277 - SwarmManager - ERROR - Handling failure of drone 1: Heartbeat timeout
2026-02-13 18:51:19,278 - SwarmManager - ERROR - Drone 1 crashed
2026-02-13 18:51:19,279 - SwarmManager - ERROR - Handling failure of drone 1: Crashed
2026-02-13 18:51:19,280 - Drone_3 - INFO - Drone 3: Flying to {'x': 2542.5191962261474, 'y': 2517.439333560552, 'z': 60.0}
2026-02-13 18:51:19,281 - Drone_5 - INFO - Drone 5: Flying to {'x': 2480.516341912889, 'y': 2544.1207139035714, 'z': 60.0}
2026-02-13 18:51:20,282 - SwarmManager - ERROR - Drone 1 heartbeat timeout
2026-02-13 18:51:20,283 - SwarmManager - ERROR - Handling failure of drone 1: Heartbeat timeout
2026-02-13 18:51:20,284 - SwarmManager - ERROR - Drone 1 crashed
2026-02-13 18:51:20,285 - SwarmManager - ERROR - Handling failure of drone 1: Crashed
2026-02-13 18:51:20,286 - Drone_3 - INFO - Drone 3: Flying to {'x': 2542.5191962261474, 'y': 2517.439333560552, 'z': 60.0}
2026-02-13 18:51:20,287 - Drone_5 - INFO - Drone 5: Flying to {'x': 2480.516341912889, 'y': 2544.1207139035714, 'z': 60.0}
2026-02-13 18:51:21,289 - SwarmManager - ERROR - Drone 1 heartbeat timeout
2026-02-13 18:51:21,290 - SwarmManager - ERROR - Handling failure of drone 1: Heartbeat timeout
2026-02-13 18:51:21,291 - SwarmManager - ERROR - Drone 1 crashed
2026-02-13 18:51:21,293 - SwarmManager - ERROR - Handling failure of drone 1: Crashed
2026-02-13 18:51:21,294 - Drone_3 - INFO - Drone 3: Flying to {'x': 2542.5191962261474, 'y': 2517.439333560552, 'z': 60.0}
2026-02-13 18:51:21,295 - Drone_5 - INFO - Drone 5: Flying to {'x': 2480.516341912889, 'y': 2544.1207139035714, 'z': 60.0}
2026-02-13 18:51:22,298 - SwarmManager - ERROR - Drone 1 heartbeat timeout
2026-02-13 18:51:22,299 - SwarmManager - ERROR - Handling failure of drone 1: Heartbeat timeout
2026-02-13 18:51:22,300 - SwarmManager - ERROR - Drone 1 crashed
2026-02-13 18:51:22,300 - SwarmManager - ERROR - Handling failure of drone 1: Crashed
2026-02-13 18:51:22,301 - Drone_3 - INFO - Drone 3: Flying to {'x': 2542.5191962261474, 'y': 2517.439333560552, 'z': 60.0}
2026-02-13 18:51:22,301 - Drone_5 - INFO - Drone 5: Flying to {'x': 2480.516341912889, 'y': 2544.1207139035714, 'z': 60.0}
2026-02-13 18:51:23,302 - SwarmManager - ERROR - Drone 1 heartbeat timeout
2026-02-13 18:51:23,303 - SwarmManager - ERROR - Handling failure of drone 1: Heartbeat timeout
2026-02-13 18:51:23,303 - SwarmManager - ERROR - Drone 1 crashed
2026-02-13 18:51:23,303 - SwarmManager - ERROR - Handling failure of drone 1: Crashed
2026-02-13 18:51:23,304 - Drone_3 - INFO - Drone 3: Flying to {'x': 2542.5191962261474, 'y': 2517.439333560552, 'z': 60.0}
2026-02-13 18:51:23,304 - Drone_5 - INFO - Drone 5: Flying to {'x': 2480.516341912889, 'y': 2544.1207139035714, 'z': 60.0}
2026-02-13 18:51:24,305 - SwarmManager - ERROR - Drone 1 heartbeat timeout
2026-02-13 18:51:24,306 - SwarmManager - ERROR - Handling failure of drone 1: Heartbeat timeout
2026-02-13 18:51:24,306 - SwarmManager - ERROR - Drone 1 crashed
2026-02-13 18:51:24,307 - SwarmManager - ERROR - Handling failure of drone 1: Crashed
2026-02-13 18:51:24,308 - Drone_3 - INFO - Drone 3: Flying to {'x': 2542.5191962261474, 'y': 2517.439333560552, 'z': 60.0}
2026-02-13 18:51:24,308 - Drone_5 - INFO - Drone 5: Flying to {'x': 2480.516341912889, 'y': 2544.1207139035714, 'z': 60.0}
2026-02-13 18:51:25,310 - SwarmManager - ERROR - Drone 1 heartbeat timeout
2026-02-13 18:51:25,310 - SwarmManager - ERROR - Handling failure of drone 1: Heartbeat timeout
2026-02-13 18:51:25,311 - SwarmManager - ERROR - Drone 1 crashed
2026-02-13 18:51:25,311 - SwarmManager - ERROR - Handling failure of drone 1: Crashed
2026-02-13 18:51:25,311 - Drone_3 - INFO - Drone 3: Flying to {'x': 2542.5191962261474, 'y': 2517.439333560552, 'z': 60.0}
2026-02-13 18:51:25,311 - Drone_5 - INFO - Drone 5: Flying to {'x': 2480.516341912889, 'y': 2544.1207139035714, 'z': 60.0}
2026-02-13 18:51:26,312 - SwarmManager - ERROR - Drone 1 heartbeat timeout
2026-02-13 18:51:26,313 - SwarmManager - ERROR - Handling failure of drone 1: Heartbeat timeout
2026-02-13 18:51:26,314 - SwarmManager - ERROR - Drone 1 crashed
2026-02-13 18:51:26,315 - SwarmManager - ERROR - Handling failure of drone 1: Crashed
2026-02-13 18:51:26,316 - Drone_3 - INFO - Drone 3: Flying to {'x': 2542.5191962261474, 'y': 2517.439333560552, 'z': 60.0}
2026-02-13 18:51:26,317 - Drone_5 - INFO - Drone 5: Flying to {'x': 2480.516341912889, 'y': 2544.1207139035714, 'z': 60.0}
2026-02-13 18:51:27,319 - SwarmManager - ERROR - Drone 1 heartbeat timeout
2026-02-13 18:51:27,320 - SwarmManager - ERROR - Handling failure of drone 1: Heartbeat timeout
2026-02-13 18:51:27,321 - SwarmManager - ERROR - Drone 1 crashed
2026-02-13 18:51:27,322 - SwarmManager - ERROR - Handling failure of drone 1: Crashed
2026-02-13 18:51:27,323 - Drone_3 - INFO - Drone 3: Flying to {'x': 2542.5191962261474, 'y': 2517.439333560552, 'z': 60.0}
2026-02-13 18:51:27,324 - Drone_5 - INFO - Drone 5: Flying to {'x': 2480.516341912889, 'y': 2544.1207139035714, 'z': 60.0}
2026-02-13 18:51:28,325 - SwarmManager - ERROR - Drone 1 heartbeat timeout
2026-02-13 18:51:28,327 - SwarmManager - ERROR - Handling failure of drone 1: Heartbeat timeout
2026-02-13 18:51:28,328 - SwarmManager - ERROR - Drone 1 crashed
2026-02-13 18:51:28,328 - SwarmManager - ERROR - Handling failure of drone 1: Crashed
2026-02-13 18:51:28,329 - Drone_3 - INFO - Drone 3: Flying to {'x': 2542.5191962261474, 'y': 2517.439333560552, 'z': 60.0}
2026-02-13 18:51:28,329 - Drone_5 - INFO - Drone 5: Flying to {'x': 2480.516341912889, 'y': 2544.1207139035714, 'z': 60.0}
2026-02-13 18:51:29,330 - SwarmManager - ERROR - Drone 1 heartbeat timeout
2026-02-13 18:51:29,331 - SwarmManager - ERROR - Handling failure of drone 1: Heartbeat timeout
2026-02-13 18:51:29,331 - SwarmManager - ERROR - Drone 1 crashed
2026-02-13 18:51:29,331 - SwarmManager - ERROR - Handling failure of drone 1: Crashed
2026-02-13 18:51:29,331 - Drone_3 - INFO - Drone 3: Flying to {'x': 2542.5191962261474, 'y': 2517.439333560552, 'z': 60.0}
2026-02-13 18:51:29,331 - Drone_5 - INFO - Drone 5: Flying to {'x': 2480.516341912889, 'y': 2544.1207139035714, 'z': 60.0}
2026-02-13 18:51:29,680 - PhysicalMLTrainer_Drone3 - INFO - Physical ML model trained drone=3 samples=1501 degree=2 alpha=0.0 val_mse=0.001433
2026-02-13 18:51:29,686 - PhysicalMLTrainer_Drone2 - INFO - Physical ML model trained drone=2 samples=1501 degree=2 alpha=0.0 val_mse=0.000001
2026-02-13 18:51:29,696 - PhysicalMLTrainer_Drone4 - INFO - Physical ML model trained drone=4 samples=1501 degree=2 alpha=0.0 val_mse=0.001430
2026-02-13 18:51:29,697 - PhysicalMLTrainer_Drone5 - INFO - Physical ML model trained drone=5 samples=1501 degree=2 alpha=0.0 val_mse=0.001306
2026-02-13 18:51:30,332 - SwarmManager - ERROR - Drone 1 heartbeat timeout
2026-02-13 18:51:30,332 - SwarmManager - ERROR - Handling failure of drone 1: Heartbeat timeout
2026-02-13 18:51:30,333 - SwarmManager - ERROR - Drone 1 crashed
2026-02-13 18:51:30,333 - SwarmManager - ERROR - Handling failure of drone 1: Crashed
2026-02-13 18:51:30,334 - Drone_3 - INFO - Drone 3: Flying to {'x': 2542.5191962261474, 'y': 2517.439333560552, 'z': 60.0}
2026-02-13 18:51:30,334 - Drone_5 - INFO - Drone 5: Flying to {'x': 2480.516341912889, 'y': 2544.1207139035714, 'z': 60.0}
2026-02-13 18:51:31,335 - SwarmManager - ERROR - Drone 1 heartbeat timeout
2026-02-13 18:51:31,336 - SwarmManager - ERROR - Handling failure of drone 1: Heartbeat timeout
2026-02-13 18:51:31,337 - SwarmManager - ERROR - Drone 1 crashed
2026-02-13 18:51:31,338 - SwarmManager - ERROR - Handling failure of drone 1: Crashed
2026-02-13 18:51:31,339 - Drone_3 - INFO - Drone 3: Flying to {'x': 2542.5191962261474, 'y': 2517.439333560552, 'z': 60.0}
2026-02-13 18:51:31,339 - Drone_5 - INFO - Drone 5: Flying to {'x': 2480.516341912889, 'y': 2544.1207139035714, 'z': 60.0}
2026-02-13 18:51:32,340 - SwarmManager - ERROR - Drone 1 heartbeat timeout
2026-02-13 18:51:32,342 - SwarmManager - ERROR - Handling failure of drone 1: Heartbeat timeout
2026-02-13 18:51:32,343 - SwarmManager - ERROR - Drone 1 crashed
2026-02-13 18:51:32,344 - SwarmManager - ERROR - Handling failure of drone 1: Crashed
2026-02-13 18:51:32,345 - Drone_3 - INFO - Drone 3: Flying to {'x': 2542.5191962261474, 'y': 2517.439333560552, 'z': 60.0}
2026-02-13 18:51:32,345 - Drone_5 - INFO - Drone 5: Flying to {'x': 2480.516341912889, 'y': 2544.1207139035714, 'z': 60.0}
2026-02-13 18:51:33,346 - SwarmManager - ERROR - Drone 1 heartbeat timeout
2026-02-13 18:51:33,348 - SwarmManager - ERROR - Handling failure of drone 1: Heartbeat timeout
2026-02-13 18:51:33,349 - SwarmManager - ERROR - Drone 1 crashed
2026-02-13 18:51:33,350 - SwarmManager - ERROR - Handling failure of drone 1: Crashed
2026-02-13 18:51:33,351 - Drone_3 - INFO - Drone 3: Flying to {'x': 2542.5191962261474, 'y': 2517.439333560552, 'z': 60.0}
2026-02-13 18:51:33,352 - Drone_5 - INFO - Drone 5: Flying to {'x': 2480.516341912889, 'y': 2544.1207139035714, 'z': 60.0}
2026-02-13 18:51:34,353 - SwarmManager - ERROR - Drone 1 heartbeat timeout
2026-02-13 18:51:34,354 - SwarmManager - ERROR - Handling failure of drone 1: Heartbeat timeout
2026-02-13 18:51:34,354 - SwarmManager - ERROR - Drone 1 crashed
2026-02-13 18:51:34,355 - SwarmManager - ERROR - Handling failure of drone 1: Crashed
2026-02-13 18:51:34,355 - Drone_3 - INFO - Drone 3: Flying to {'x': 2542.5191962261474, 'y': 2517.439333560552, 'z': 60.0}
2026-02-13 18:51:34,355 - Drone_5 - INFO - Drone 5: Flying to {'x': 2480.516341912889, 'y': 2544.1207139035714, 'z': 60.0}
2026-02-13 18:51:35,356 - SwarmManager - ERROR - Drone 1 heartbeat timeout
2026-02-13 18:51:35,357 - SwarmManager - ERROR - Handling failure of drone 1: Heartbeat timeout
2026-02-13 18:51:35,358 - SwarmManager - ERROR - Drone 1 crashed
2026-02-13 18:51:35,359 - SwarmManager - ERROR - Handling failure of drone 1: Crashed
2026-02-13 18:51:35,360 - Drone_3 - INFO - Drone 3: Flying to {'x': 2542.5191962261474, 'y': 2517.439333560552, 'z': 60.0}
2026-02-13 18:51:35,361 - Drone_5 - INFO - Drone 5: Flying to {'x': 2480.516341912889, 'y': 2544.1207139035714, 'z': 60.0}
2026-02-13 18:51:36,362 - SwarmManager - ERROR - Drone 1 heartbeat timeout
2026-02-13 18:51:36,362 - SwarmManager - ERROR - Handling failure of drone 1: Heartbeat timeout
2026-02-13 18:51:36,363 - SwarmManager - ERROR - Drone 1 crashed
2026-02-13 18:51:36,363 - SwarmManager - ERROR - Handling failure of drone 1: Crashed
2026-02-13 18:51:36,363 - Drone_3 - INFO - Drone 3: Flying to {'x': 2542.5191962261474, 'y': 2517.439333560552, 'z': 60.0}
2026-02-13 18:51:36,364 - Drone_5 - INFO - Drone 5: Flying to {'x': 2480.516341912889, 'y': 2544.1207139035714, 'z': 60.0}
2026-02-13 18:51:37,364 - SwarmManager - ERROR - Drone 1 heartbeat timeout
2026-02-13 18:51:37,366 - SwarmManager - ERROR - Handling failure of drone 1: Heartbeat timeout
2026-02-13 18:51:37,367 - SwarmManager - ERROR - Drone 1 crashed
2026-02-13 18:51:37,368 - SwarmManager - ERROR - Handling failure of drone 1: Crashed
2026-02-13 18:51:37,369 - Drone_3 - INFO - Drone 3: Flying to {'x': 2542.5191962261474, 'y': 2517.439333560552, 'z': 60.0}
2026-02-13 18:51:37,370 - Drone_5 - INFO - Drone 5: Flying to {'x': 2480.516341912889, 'y': 2544.1207139035714, 'z': 60.0}
2026-02-13 18:51:38,371 - SwarmManager - ERROR - Drone 1 heartbeat timeout
2026-02-13 18:51:38,372 - SwarmManager - ERROR - Handling failure of drone 1: Heartbeat timeout
2026-02-13 18:51:38,373 - SwarmManager - ERROR - Drone 1 crashed
2026-02-13 18:51:38,374 - SwarmManager - ERROR - Handling failure of drone 1: Crashed
2026-02-13 18:51:38,375 - Drone_3 - INFO - Drone 3: Flying to {'x': 2542.5191962261474, 'y': 2517.439333560552, 'z': 60.0}
2026-02-13 18:51:38,376 - Drone_5 - INFO - Drone 5: Flying to {'x': 2480.516341912889, 'y': 2544.1207139035714, 'z': 60.0}
2026-02-13 18:51:39,376 - SwarmManager - ERROR - Drone 1 heartbeat timeout
2026-02-13 18:51:39,377 - SwarmManager - ERROR - Handling failure of drone 1: Heartbeat timeout
2026-02-13 18:51:39,377 - SwarmManager - ERROR - Drone 1 crashed
2026-02-13 18:51:39,377 - SwarmManager - ERROR - Handling failure of drone 1: Crashed
2026-02-13 18:51:39,378 - Drone_3 - INFO - Drone 3: Flying to {'x': 2542.5191962261474, 'y': 2517.439333560552, 'z': 60.0}
2026-02-13 18:51:39,378 - Drone_5 - INFO - Drone 5: Flying to {'x': 2480.516341912889, 'y': 2544.1207139035714, 'z': 60.0}
2026-02-13 18:51:40,378 - SwarmManager - ERROR - Drone 1 heartbeat timeout
2026-02-13 18:51:40,380 - SwarmManager - ERROR - Handling failure of drone 1: Heartbeat timeout
2026-02-13 18:51:40,380 - SwarmManager - ERROR - Drone 1 crashed
2026-02-13 18:51:40,381 - SwarmManager - ERROR - Handling failure of drone 1: Crashed
2026-02-13 18:51:40,381 - Drone_3 - INFO - Drone 3: Flying to {'x': 2542.5191962261474, 'y': 2517.439333560552, 'z': 60.0}
2026-02-13 18:51:40,381 - Drone_5 - INFO - Drone 5: Flying to {'x': 2480.516341912889, 'y': 2544.1207139035714, 'z': 60.0}
2026-02-13 18:51:41,382 - SwarmManager - ERROR - Drone 1 heartbeat timeout
2026-02-13 18:51:41,383 - SwarmManager - ERROR - Handling failure of drone 1: Heartbeat timeout
2026-02-13 18:51:41,383 - SwarmManager - ERROR - Drone 1 crashed
2026-02-13 18:51:41,384 - SwarmManager - ERROR - Handling failure of drone 1: Crashed
2026-02-13 18:51:41,384 - Drone_3 - INFO - Drone 3: Flying to {'x': 2542.5191962261474, 'y': 2517.439333560552, 'z': 60.0}
2026-02-13 18:51:41,385 - Drone_5 - INFO - Drone 5: Flying to {'x': 2480.516341912889, 'y': 2544.1207139035714, 'z': 60.0}
2026-02-13 18:51:42,385 - SwarmManager - ERROR - Drone 1 heartbeat timeout
2026-02-13 18:51:42,387 - SwarmManager - ERROR - Handling failure of drone 1: Heartbeat timeout
2026-02-13 18:51:42,387 - SwarmManager - ERROR - Drone 1 crashed
2026-02-13 18:51:42,388 - SwarmManager - ERROR - Handling failure of drone 1: Crashed
2026-02-13 18:51:42,389 - Drone_3 - INFO - Drone 3: Flying to {'x': 2542.5191962261474, 'y': 2517.439333560552, 'z': 60.0}
2026-02-13 18:51:42,389 - Drone_5 - INFO - Drone 5: Flying to {'x': 2480.516341912889, 'y': 2544.1207139035714, 'z': 60.0}
2026-02-13 18:51:43,390 - SwarmManager - ERROR - Drone 1 heartbeat timeout
2026-02-13 18:51:43,392 - SwarmManager - ERROR - Handling failure of drone 1: Heartbeat timeout
2026-02-13 18:51:43,393 - SwarmManager - ERROR - Drone 1 crashed
2026-02-13 18:51:43,394 - SwarmManager - ERROR - Handling failure of drone 1: Crashed
2026-02-13 18:51:43,395 - Drone_3 - INFO - Drone 3: Flying to {'x': 2542.5191962261474, 'y': 2517.439333560552, 'z': 60.0}
2026-02-13 18:51:43,396 - Drone_5 - INFO - Drone 5: Flying to {'x': 2480.516341912889, 'y': 2544.1207139035714, 'z': 60.0}
2026-02-13 18:51:44,398 - SwarmManager - ERROR - Drone 1 heartbeat timeout
2026-02-13 18:51:44,399 - SwarmManager - ERROR - Handling failure of drone 1: Heartbeat timeout
2026-02-13 18:51:44,400 - SwarmManager - ERROR - Drone 1 crashed
2026-02-13 18:51:44,401 - SwarmManager - ERROR - Handling failure of drone 1: Crashed
2026-02-13 18:51:44,401 - Drone_3 - INFO - Drone 3: Flying to {'x': 2542.5191962261474, 'y': 2517.439333560552, 'z': 60.0}
2026-02-13 18:51:44,401 - Drone_5 - INFO - Drone 5: Flying to {'x': 2480.516341912889, 'y': 2544.1207139035714, 'z': 60.0}
2026-02-13 18:51:45,402 - SwarmManager - ERROR - Drone 1 heartbeat timeout
2026-02-13 18:51:45,403 - SwarmManager - ERROR - Handling failure of drone 1: Heartbeat timeout
2026-02-13 18:51:45,404 - SwarmManager - ERROR - Drone 1 crashed
2026-02-13 18:51:45,405 - SwarmManager - ERROR - Handling failure of drone 1: Crashed
2026-02-13 18:51:45,406 - Drone_3 - INFO - Drone 3: Flying to {'x': 2542.5191962261474, 'y': 2517.439333560552, 'z': 60.0}
2026-02-13 18:51:45,407 - Drone_5 - INFO - Drone 5: Flying to {'x': 2480.516341912889, 'y': 2544.1207139035714, 'z': 60.0}
2026-02-13 18:51:46,408 - SwarmManager - ERROR - Drone 1 heartbeat timeout
2026-02-13 18:51:46,409 - SwarmManager - ERROR - Handling failure of drone 1: Heartbeat timeout
2026-02-13 18:51:46,409 - SwarmManager - ERROR - Drone 1 crashed
2026-02-13 18:51:46,410 - SwarmManager - ERROR - Handling failure of drone 1: Crashed
2026-02-13 18:51:46,410 - Drone_3 - INFO - Drone 3: Flying to {'x': 2542.5191962261474, 'y': 2517.439333560552, 'z': 60.0}
2026-02-13 18:51:46,410 - Drone_5 - INFO - Drone 5: Flying to {'x': 2480.516341912889, 'y': 2544.1207139035714, 'z': 60.0}
2026-02-13 18:51:47,411 - SwarmManager - ERROR - Drone 1 heartbeat timeout
2026-02-13 18:51:47,412 - SwarmManager - ERROR - Handling failure of drone 1: Heartbeat timeout
2026-02-13 18:51:47,413 - SwarmManager - ERROR - Drone 1 crashed
2026-02-13 18:51:47,414 - SwarmManager - ERROR - Handling failure of drone 1: Crashed
2026-02-13 18:51:47,415 - Drone_3 - INFO - Drone 3: Flying to {'x': 2542.5191962261474, 'y': 2517.439333560552, 'z': 60.0}
2026-02-13 18:51:47,416 - Drone_5 - INFO - Drone 5: Flying to {'x': 2480.516341912889, 'y': 2544.1207139035714, 'z': 60.0}
2026-02-13 18:51:48,417 - SwarmManager - ERROR - Drone 1 heartbeat timeout
2026-02-13 18:51:48,419 - SwarmManager - ERROR - Handling failure of drone 1: Heartbeat timeout
2026-02-13 18:51:48,420 - SwarmManager - ERROR - Drone 1 crashed
2026-02-13 18:51:48,421 - SwarmManager - ERROR - Handling failure of drone 1: Crashed
2026-02-13 18:51:48,422 - Drone_3 - INFO - Drone 3: Flying to {'x': 2542.5191962261474, 'y': 2517.439333560552, 'z': 60.0}
2026-02-13 18:51:48,422 - Drone_5 - INFO - Drone 5: Flying to {'x': 2480.516341912889, 'y': 2544.1207139035714, 'z': 60.0}
2026-02-13 18:51:49,423 - SwarmManager - ERROR - Drone 1 heartbeat timeout
2026-02-13 18:51:49,425 - SwarmManager - ERROR - Handling failure of drone 1: Heartbeat timeout
2026-02-13 18:51:49,426 - SwarmManager - ERROR - Drone 1 crashed
2026-02-13 18:51:49,427 - SwarmManager - ERROR - Handling failure of drone 1: Crashed
2026-02-13 18:51:49,428 - Drone_3 - INFO - Drone 3: Flying to {'x': 2542.5191962261474, 'y': 2517.439333560552, 'z': 60.0}
2026-02-13 18:51:49,428 - Drone_5 - INFO - Drone 5: Flying to {'x': 2480.516341912889, 'y': 2544.1207139035714, 'z': 60.0}
2026-02-13 18:51:49,814 - PhysicalMLTrainer_Drone2 - INFO - Physical ML model trained drone=2 samples=1701 degree=2 alpha=0.0 val_mse=0.000000
2026-02-13 18:51:49,814 - PhysicalMLTrainer_Drone3 - INFO - Physical ML model trained drone=3 samples=1701 degree=2 alpha=0.0 val_mse=0.001082
2026-02-13 18:51:49,824 - PhysicalMLTrainer_Drone4 - INFO - Physical ML model trained drone=4 samples=1701 degree=2 alpha=0.0 val_mse=0.001034
2026-02-13 18:51:49,825 - PhysicalMLTrainer_Drone5 - INFO - Physical ML model trained drone=5 samples=1701 degree=2 alpha=0.0 val_mse=0.000946
2026-02-13 18:51:50,430 - SwarmManager - ERROR - Drone 1 heartbeat timeout
2026-02-13 18:51:50,431 - SwarmManager - ERROR - Handling failure of drone 1: Heartbeat timeout
2026-02-13 18:51:50,431 - SwarmManager - ERROR - Drone 1 crashed
2026-02-13 18:51:50,432 - SwarmManager - ERROR - Handling failure of drone 1: Crashed
2026-02-13 18:51:50,432 - Drone_3 - INFO - Drone 3: Flying to {'x': 2542.5191962261474, 'y': 2517.439333560552, 'z': 60.0}
2026-02-13 18:51:50,433 - Drone_5 - INFO - Drone 5: Flying to {'x': 2480.516341912889, 'y': 2544.1207139035714, 'z': 60.0}
2026-02-13 18:51:51,433 - SwarmManager - ERROR - Drone 1 heartbeat timeout
2026-02-13 18:51:51,434 - SwarmManager - ERROR - Handling failure of drone 1: Heartbeat timeout
2026-02-13 18:51:51,434 - SwarmManager - ERROR - Drone 1 crashed
2026-02-13 18:51:51,434 - SwarmManager - ERROR - Handling failure of drone 1: Crashed
2026-02-13 18:51:51,435 - Drone_3 - INFO - Drone 3: Flying to {'x': 2542.5191962261474, 'y': 2517.439333560552, 'z': 60.0}
2026-02-13 18:51:51,435 - Drone_5 - INFO - Drone 5: Flying to {'x': 2480.516341912889, 'y': 2544.1207139035714, 'z': 60.0}
2026-02-13 18:51:52,435 - SwarmManager - ERROR - Drone 1 heartbeat timeout
2026-02-13 18:51:52,436 - SwarmManager - ERROR - Handling failure of drone 1: Heartbeat timeout
2026-02-13 18:51:52,436 - SwarmManager - ERROR - Drone 1 crashed
2026-02-13 18:51:52,436 - SwarmManager - ERROR - Handling failure of drone 1: Crashed
2026-02-13 18:51:52,436 - Drone_3 - INFO - Drone 3: Flying to {'x': 2542.5191962261474, 'y': 2517.439333560552, 'z': 60.0}
2026-02-13 18:51:52,436 - Drone_5 - INFO - Drone 5: Flying to {'x': 2480.516341912889, 'y': 2544.1207139035714, 'z': 60.0}
2026-02-13 18:51:53,437 - SwarmManager - ERROR - Drone 1 heartbeat timeout
2026-02-13 18:51:53,437 - SwarmManager - ERROR - Handling failure of drone 1: Heartbeat timeout
2026-02-13 18:51:53,438 - SwarmManager - ERROR - Drone 1 crashed
2026-02-13 18:51:53,438 - SwarmManager - ERROR - Handling failure of drone 1: Crashed
2026-02-13 18:51:53,439 - Drone_3 - INFO - Drone 3: Flying to {'x': 2542.5191962261474, 'y': 2517.439333560552, 'z': 60.0}
2026-02-13 18:51:53,439 - Drone_5 - INFO - Drone 5: Flying to {'x': 2480.516341912889, 'y': 2544.1207139035714, 'z': 60.0}
2026-02-13 18:51:54,440 - SwarmManager - ERROR - Drone 1 heartbeat timeout
2026-02-13 18:51:54,440 - SwarmManager - ERROR - Handling failure of drone 1: Heartbeat timeout
2026-02-13 18:51:54,441 - SwarmManager - ERROR - Drone 1 crashed
2026-02-13 18:51:54,441 - SwarmManager - ERROR - Handling failure of drone 1: Crashed
2026-02-13 18:51:54,442 - Drone_3 - INFO - Drone 3: Flying to {'x': 2542.5191962261474, 'y': 2517.439333560552, 'z': 60.0}
2026-02-13 18:51:54,442 - Drone_5 - INFO - Drone 5: Flying to {'x': 2480.516341912889, 'y': 2544.1207139035714, 'z': 60.0}
2026-02-13 18:51:55,443 - SwarmManager - ERROR - Drone 1 heartbeat timeout
2026-02-13 18:51:55,444 - SwarmManager - ERROR - Handling failure of drone 1: Heartbeat timeout
2026-02-13 18:51:55,445 - SwarmManager - ERROR - Drone 1 crashed
2026-02-13 18:51:55,446 - SwarmManager - ERROR - Handling failure of drone 1: Crashed
2026-02-13 18:51:55,447 - Drone_3 - INFO - Drone 3: Flying to {'x': 2542.5191962261474, 'y': 2517.439333560552, 'z': 60.0}
2026-02-13 18:51:55,448 - Drone_5 - INFO - Drone 5: Flying to {'x': 2480.516341912889, 'y': 2544.1207139035714, 'z': 60.0}
2026-02-13 18:51:56,449 - SwarmManager - ERROR - Drone 1 heartbeat timeout
2026-02-13 18:51:56,450 - SwarmManager - ERROR - Handling failure of drone 1: Heartbeat timeout
2026-02-13 18:51:56,451 - SwarmManager - ERROR - Drone 1 crashed
2026-02-13 18:51:56,451 - SwarmManager - ERROR - Handling failure of drone 1: Crashed
2026-02-13 18:51:56,452 - Drone_3 - INFO - Drone 3: Flying to {'x': 2542.5191962261474, 'y': 2517.439333560552, 'z': 60.0}
2026-02-13 18:51:56,452 - Drone_5 - INFO - Drone 5: Flying to {'x': 2480.516341912889, 'y': 2544.1207139035714, 'z': 60.0}
2026-02-13 18:51:57,453 - SwarmManager - ERROR - Drone 1 heartbeat timeout
2026-02-13 18:51:57,455 - SwarmManager - ERROR - Handling failure of drone 1: Heartbeat timeout
2026-02-13 18:51:57,456 - SwarmManager - ERROR - Drone 1 crashed
2026-02-13 18:51:57,456 - SwarmManager - ERROR - Handling failure of drone 1: Crashed
2026-02-13 18:51:57,457 - Drone_3 - INFO - Drone 3: Flying to {'x': 2542.5191962261474, 'y': 2517.439333560552, 'z': 60.0}
2026-02-13 18:51:57,457 - Drone_5 - INFO - Drone 5: Flying to {'x': 2480.516341912889, 'y': 2544.1207139035714, 'z': 60.0}
2026-02-13 18:51:58,459 - SwarmManager - ERROR - Drone 1 heartbeat timeout
2026-02-13 18:51:58,460 - SwarmManager - ERROR - Handling failure of drone 1: Heartbeat timeout
2026-02-13 18:51:58,461 - SwarmManager - ERROR - Drone 1 crashed
2026-02-13 18:51:58,461 - SwarmManager - ERROR - Handling failure of drone 1: Crashed
2026-02-13 18:51:58,462 - Drone_3 - INFO - Drone 3: Flying to {'x': 2542.5191962261474, 'y': 2517.439333560552, 'z': 60.0}
2026-02-13 18:51:58,462 - Drone_5 - INFO - Drone 5: Flying to {'x': 2480.516341912889, 'y': 2544.1207139035714, 'z': 60.0}
2026-02-13 18:51:59,462 - SwarmManager - ERROR - Drone 1 heartbeat timeout
2026-02-13 18:51:59,463 - SwarmManager - ERROR - Handling failure of drone 1: Heartbeat timeout
2026-02-13 18:51:59,463 - SwarmManager - ERROR - Drone 1 crashed
2026-02-13 18:51:59,463 - SwarmManager - ERROR - Handling failure of drone 1: Crashed
2026-02-13 18:51:59,463 - Drone_3 - INFO - Drone 3: Flying to {'x': 2542.5191962261474, 'y': 2517.439333560552, 'z': 60.0}
2026-02-13 18:51:59,463 - Drone_5 - INFO - Drone 5: Flying to {'x': 2480.516341912889, 'y': 2544.1207139035714, 'z': 60.0}
2026-02-13 18:52:00,464 - SwarmManager - ERROR - Drone 1 heartbeat timeout
2026-02-13 18:52:00,465 - SwarmManager - ERROR - Handling failure of drone 1: Heartbeat timeout
2026-02-13 18:52:00,465 - SwarmManager - ERROR - Drone 1 crashed
2026-02-13 18:52:00,465 - SwarmManager - ERROR - Handling failure of drone 1: Crashed
2026-02-13 18:52:00,466 - Drone_3 - INFO - Drone 3: Flying to {'x': 2542.5191962261474, 'y': 2517.439333560552, 'z': 60.0}
2026-02-13 18:52:00,466 - Drone_5 - INFO - Drone 5: Flying to {'x': 2480.516341912889, 'y': 2544.1207139035714, 'z': 60.0}
2026-02-13 18:52:01,467 - SwarmManager - ERROR - Drone 1 heartbeat timeout
2026-02-13 18:52:01,467 - SwarmManager - ERROR - Handling failure of drone 1: Heartbeat timeout
2026-02-13 18:52:01,467 - SwarmManager - ERROR - Drone 1 crashed
2026-02-13 18:52:01,468 - SwarmManager - ERROR - Handling failure of drone 1: Crashed
2026-02-13 18:52:01,469 - Drone_3 - INFO - Drone 3: Flying to {'x': 2542.5191962261474, 'y': 2517.439333560552, 'z': 60.0}
2026-02-13 18:52:01,469 - Drone_5 - INFO - Drone 5: Flying to {'x': 2480.516341912889, 'y': 2544.1207139035714, 'z': 60.0}
2026-02-13 18:52:02,469 - SwarmManager - ERROR - Drone 1 heartbeat timeout
2026-02-13 18:52:02,471 - SwarmManager - ERROR - Handling failure of drone 1: Heartbeat timeout
2026-02-13 18:52:02,471 - SwarmManager - ERROR - Drone 1 crashed
2026-02-13 18:52:02,472 - SwarmManager - ERROR - Handling failure of drone 1: Crashed
2026-02-13 18:52:02,473 - Drone_3 - INFO - Drone 3: Flying to {'x': 2542.5191962261474, 'y': 2517.439333560552, 'z': 60.0}
2026-02-13 18:52:02,474 - Drone_5 - INFO - Drone 5: Flying to {'x': 2480.516341912889, 'y': 2544.1207139035714, 'z': 60.0}
2026-02-13 18:52:03,475 - SwarmManager - ERROR - Drone 1 heartbeat timeout
2026-02-13 18:52:03,476 - SwarmManager - ERROR - Handling failure of drone 1: Heartbeat timeout
2026-02-13 18:52:03,476 - SwarmManager - ERROR - Drone 1 crashed
2026-02-13 18:52:03,477 - SwarmManager - ERROR - Handling failure of drone 1: Crashed
2026-02-13 18:52:03,478 - Drone_3 - INFO - Drone 3: Flying to {'x': 2542.5191962261474, 'y': 2517.439333560552, 'z': 60.0}
2026-02-13 18:52:03,478 - Drone_5 - INFO - Drone 5: Flying to {'x': 2480.516341912889, 'y': 2544.1207139035714, 'z': 60.0}
2026-02-13 18:52:04,479 - SwarmManager - ERROR - Drone 1 heartbeat timeout
2026-02-13 18:52:04,480 - SwarmManager - ERROR - Handling failure of drone 1: Heartbeat timeout
2026-02-13 18:52:04,480 - SwarmManager - ERROR - Drone 1 crashed
2026-02-13 18:52:04,481 - SwarmManager - ERROR - Handling failure of drone 1: Crashed
2026-02-13 18:52:04,482 - Drone_3 - INFO - Drone 3: Flying to {'x': 2542.5191962261474, 'y': 2517.439333560552, 'z': 60.0}
2026-02-13 18:52:04,482 - Drone_5 - INFO - Drone 5: Flying to {'x': 2480.516341912889, 'y': 2544.1207139035714, 'z': 60.0}
2026-02-13 18:52:05,483 - SwarmManager - ERROR - Drone 1 heartbeat timeout
2026-02-13 18:52:05,484 - SwarmManager - ERROR - Handling failure of drone 1: Heartbeat timeout
2026-02-13 18:52:05,485 - SwarmManager - ERROR - Drone 1 crashed
2026-02-13 18:52:05,486 - SwarmManager - ERROR - Handling failure of drone 1: Crashed
2026-02-13 18:52:05,488 - Drone_3 - INFO - Drone 3: Flying to {'x': 2542.5191962261474, 'y': 2517.439333560552, 'z': 60.0}
2026-02-13 18:52:05,488 - Drone_5 - INFO - Drone 5: Flying to {'x': 2480.516341912889, 'y': 2544.1207139035714, 'z': 60.0}
2026-02-13 18:52:06,489 - SwarmManager - ERROR - Drone 1 heartbeat timeout
2026-02-13 18:52:06,490 - SwarmManager - ERROR - Handling failure of drone 1: Heartbeat timeout
2026-02-13 18:52:06,491 - SwarmManager - ERROR - Drone 1 crashed
2026-02-13 18:52:06,492 - SwarmManager - ERROR - Handling failure of drone 1: Crashed
2026-02-13 18:52:06,492 - Drone_3 - INFO - Drone 3: Flying to {'x': 2542.5191962261474, 'y': 2517.439333560552, 'z': 60.0}
2026-02-13 18:52:06,493 - Drone_5 - INFO - Drone 5: Flying to {'x': 2480.516341912889, 'y': 2544.1207139035714, 'z': 60.0}
2026-02-13 18:52:07,494 - SwarmManager - ERROR - Drone 1 heartbeat timeout
2026-02-13 18:52:07,495 - SwarmManager - ERROR - Handling failure of drone 1: Heartbeat timeout
2026-02-13 18:52:07,495 - SwarmManager - ERROR - Drone 1 crashed
2026-02-13 18:52:07,495 - SwarmManager - ERROR - Handling failure of drone 1: Crashed
2026-02-13 18:52:07,496 - Drone_3 - INFO - Drone 3: Flying to {'x': 2542.5191962261474, 'y': 2517.439333560552, 'z': 60.0}
2026-02-13 18:52:07,496 - Drone_5 - INFO - Drone 5: Flying to {'x': 2480.516341912889, 'y': 2544.1207139035714, 'z': 60.0}
2026-02-13 18:52:08,497 - SwarmManager - ERROR - Drone 1 heartbeat timeout
2026-02-13 18:52:08,498 - SwarmManager - ERROR - Handling failure of drone 1: Heartbeat timeout
2026-02-13 18:52:08,499 - SwarmManager - ERROR - Drone 1 crashed
2026-02-13 18:52:08,500 - SwarmManager - ERROR - Handling failure of drone 1: Crashed
2026-02-13 18:52:08,501 - Drone_3 - INFO - Drone 3: Flying to {'x': 2542.5191962261474, 'y': 2517.439333560552, 'z': 60.0}
2026-02-13 18:52:08,502 - Drone_5 - INFO - Drone 5: Flying to {'x': 2480.516341912889, 'y': 2544.1207139035714, 'z': 60.0}
2026-02-13 18:52:09,504 - SwarmManager - ERROR - Drone 1 heartbeat timeout
2026-02-13 18:52:09,504 - SwarmManager - ERROR - Handling failure of drone 1: Heartbeat timeout
2026-02-13 18:52:09,505 - SwarmManager - ERROR - Drone 1 crashed
2026-02-13 18:52:09,505 - SwarmManager - ERROR - Handling failure of drone 1: Crashed
2026-02-13 18:52:09,505 - Drone_3 - INFO - Drone 3: Flying to {'x': 2542.5191962261474, 'y': 2517.439333560552, 'z': 60.0}
2026-02-13 18:52:09,505 - Drone_5 - INFO - Drone 5: Flying to {'x': 2480.516341912889, 'y': 2544.1207139035714, 'z': 60.0}
2026-02-13 18:52:09,947 - PhysicalMLTrainer_Drone3 - INFO - Physical ML model trained drone=3 samples=1901 degree=2 alpha=0.0 val_mse=0.000819
2026-02-13 18:52:09,959 - PhysicalMLTrainer_Drone2 - INFO - Physical ML model trained drone=2 samples=1901 degree=2 alpha=0.0 val_mse=0.000000
2026-02-13 18:52:09,960 - PhysicalMLTrainer_Drone5 - INFO - Physical ML model trained drone=5 samples=1901 degree=2 alpha=0.0 val_mse=0.000737
2026-02-13 18:52:09,960 - PhysicalMLTrainer_Drone4 - INFO - Physical ML model trained drone=4 samples=1901 degree=2 alpha=0.0 val_mse=0.000763
2026-02-13 18:52:10,506 - SwarmManager - ERROR - Drone 1 heartbeat timeout
2026-02-13 18:52:10,507 - SwarmManager - ERROR - Handling failure of drone 1: Heartbeat timeout
2026-02-13 18:52:10,507 - SwarmManager - ERROR - Drone 1 crashed
2026-02-13 18:52:10,508 - SwarmManager - ERROR - Handling failure of drone 1: Crashed
2026-02-13 18:52:10,508 - Drone_3 - INFO - Drone 3: Flying to {'x': 2542.5191962261474, 'y': 2517.439333560552, 'z': 60.0}
2026-02-13 18:52:10,508 - Drone_5 - INFO - Drone 5: Flying to {'x': 2480.516341912889, 'y': 2544.1207139035714, 'z': 60.0}
2026-02-13 18:52:11,509 - SwarmManager - ERROR - Drone 1 heartbeat timeout
2026-02-13 18:52:11,510 - SwarmManager - ERROR - Handling failure of drone 1: Heartbeat timeout
2026-02-13 18:52:11,510 - SwarmManager - ERROR - Drone 1 crashed
2026-02-13 18:52:11,510 - SwarmManager - ERROR - Handling failure of drone 1: Crashed
2026-02-13 18:52:11,511 - Drone_3 - INFO - Drone 3: Flying to {'x': 2542.5191962261474, 'y': 2517.439333560552, 'z': 60.0}
2026-02-13 18:52:11,511 - Drone_5 - INFO - Drone 5: Flying to {'x': 2480.516341912889, 'y': 2544.1207139035714, 'z': 60.0}
2026-02-13 18:52:12,511 - SwarmManager - ERROR - Drone 1 heartbeat timeout
2026-02-13 18:52:12,512 - SwarmManager - ERROR - Handling failure of drone 1: Heartbeat timeout
2026-02-13 18:52:12,512 - SwarmManager - ERROR - Drone 1 crashed
2026-02-13 18:52:12,513 - SwarmManager - ERROR - Handling failure of drone 1: Crashed
2026-02-13 18:52:12,513 - Drone_3 - INFO - Drone 3: Flying to {'x': 2542.5191962261474, 'y': 2517.439333560552, 'z': 60.0}
2026-02-13 18:52:12,513 - Drone_5 - INFO - Drone 5: Flying to {'x': 2480.516341912889, 'y': 2544.1207139035714, 'z': 60.0}
2026-02-13 18:52:13,514 - SwarmManager - ERROR - Drone 1 heartbeat timeout
2026-02-13 18:52:13,516 - SwarmManager - ERROR - Handling failure of drone 1: Heartbeat timeout
2026-02-13 18:52:13,516 - SwarmManager - ERROR - Drone 1 crashed
2026-02-13 18:52:13,517 - SwarmManager - ERROR - Handling failure of drone 1: Crashed
2026-02-13 18:52:13,518 - Drone_3 - INFO - Drone 3: Flying to {'x': 2542.5191962261474, 'y': 2517.439333560552, 'z': 60.0}
2026-02-13 18:52:13,518 - Drone_5 - INFO - Drone 5: Flying to {'x': 2480.516341912889, 'y': 2544.1207139035714, 'z': 60.0}
2026-02-13 18:52:14,519 - SwarmManager - ERROR - Drone 1 heartbeat timeout
2026-02-13 18:52:14,520 - SwarmManager - ERROR - Handling failure of drone 1: Heartbeat timeout
2026-02-13 18:52:14,520 - SwarmManager - ERROR - Drone 1 crashed
2026-02-13 18:52:14,521 - SwarmManager - ERROR - Handling failure of drone 1: Crashed
2026-02-13 18:52:14,521 - Drone_3 - INFO - Drone 3: Flying to {'x': 2542.5191962261474, 'y': 2517.439333560552, 'z': 60.0}
2026-02-13 18:52:14,521 - Drone_5 - INFO - Drone 5: Flying to {'x': 2480.516341912889, 'y': 2544.1207139035714, 'z': 60.0}
2026-02-13 18:52:15,522 - SwarmManager - ERROR - Drone 1 heartbeat timeout
2026-02-13 18:52:15,524 - SwarmManager - ERROR - Handling failure of drone 1: Heartbeat timeout
2026-02-13 18:52:15,526 - SwarmManager - ERROR - Drone 1 crashed
2026-02-13 18:52:15,527 - SwarmManager - ERROR - Handling failure of drone 1: Crashed
2026-02-13 18:52:15,528 - Drone_3 - INFO - Drone 3: Flying to {'x': 2542.5191962261474, 'y': 2517.439333560552, 'z': 60.0}
2026-02-13 18:52:15,529 - Drone_5 - INFO - Drone 5: Flying to {'x': 2480.516341912889, 'y': 2544.1207139035714, 'z': 60.0}
2026-02-13 18:52:16,529 - SwarmManager - ERROR - Drone 1 heartbeat timeout
2026-02-13 18:52:16,530 - SwarmManager - ERROR - Handling failure of drone 1: Heartbeat timeout
2026-02-13 18:52:16,530 - SwarmManager - ERROR - Drone 1 crashed
2026-02-13 18:52:16,530 - SwarmManager - ERROR - Handling failure of drone 1: Crashed
2026-02-13 18:52:16,531 - Drone_3 - INFO - Drone 3: Flying to {'x': 2542.5191962261474, 'y': 2517.439333560552, 'z': 60.0}
2026-02-13 18:52:16,531 - Drone_5 - INFO - Drone 5: Flying to {'x': 2480.516341912889, 'y': 2544.1207139035714, 'z': 60.0}
2026-02-13 18:52:17,532 - SwarmManager - ERROR - Drone 1 heartbeat timeout
2026-02-13 18:52:17,532 - SwarmManager - ERROR - Handling failure of drone 1: Heartbeat timeout
2026-02-13 18:52:17,533 - SwarmManager - ERROR - Drone 1 crashed
2026-02-13 18:52:17,533 - SwarmManager - ERROR - Handling failure of drone 1: Crashed
2026-02-13 18:52:17,533 - Drone_3 - INFO - Drone 3: Flying to {'x': 2542.5191962261474, 'y': 2517.439333560552, 'z': 60.0}
2026-02-13 18:52:17,533 - Drone_5 - INFO - Drone 5: Flying to {'x': 2480.516341912889, 'y': 2544.1207139035714, 'z': 60.0}
2026-02-13 18:52:18,534 - SwarmManager - ERROR - Drone 1 heartbeat timeout
2026-02-13 18:52:18,535 - SwarmManager - ERROR - Handling failure of drone 1: Heartbeat timeout
2026-02-13 18:52:18,535 - SwarmManager - ERROR - Drone 1 crashed
2026-02-13 18:52:18,536 - SwarmManager - ERROR - Handling failure of drone 1: Crashed
2026-02-13 18:52:18,536 - Drone_3 - INFO - Drone 3: Flying to {'x': 2542.5191962261474, 'y': 2517.439333560552, 'z': 60.0}
2026-02-13 18:52:18,537 - Drone_5 - INFO - Drone 5: Flying to {'x': 2480.516341912889, 'y': 2544.1207139035714, 'z': 60.0}
2026-02-13 18:52:19,538 - SwarmManager - ERROR - Drone 1 heartbeat timeout
2026-02-13 18:52:19,539 - SwarmManager - ERROR - Handling failure of drone 1: Heartbeat timeout
2026-02-13 18:52:19,539 - SwarmManager - ERROR - Drone 1 crashed
2026-02-13 18:52:19,540 - SwarmManager - ERROR - Handling failure of drone 1: Crashed
2026-02-13 18:52:19,541 - Drone_3 - INFO - Drone 3: Flying to {'x': 2542.5191962261474, 'y': 2517.439333560552, 'z': 60.0}
2026-02-13 18:52:19,541 - Drone_5 - INFO - Drone 5: Flying to {'x': 2480.516341912889, 'y': 2544.1207139035714, 'z': 60.0}
2026-02-13 18:52:20,542 - SwarmManager - ERROR - Drone 1 heartbeat timeout
2026-02-13 18:52:20,543 - SwarmManager - ERROR - Handling failure of drone 1: Heartbeat timeout
2026-02-13 18:52:20,544 - SwarmManager - ERROR - Drone 1 crashed
2026-02-13 18:52:20,545 - SwarmManager - ERROR - Handling failure of drone 1: Crashed
2026-02-13 18:52:20,546 - Drone_3 - INFO - Drone 3: Flying to {'x': 2542.5191962261474, 'y': 2517.439333560552, 'z': 60.0}
2026-02-13 18:52:20,546 - Drone_5 - INFO - Drone 5: Flying to {'x': 2480.516341912889, 'y': 2544.1207139035714, 'z': 60.0}
2026-02-13 18:52:21,547 - SwarmManager - ERROR - Drone 1 heartbeat timeout
2026-02-13 18:52:21,548 - SwarmManager - ERROR - Handling failure of drone 1: Heartbeat timeout
2026-02-13 18:52:21,550 - SwarmManager - ERROR - Drone 1 crashed
2026-02-13 18:52:21,550 - SwarmManager - ERROR - Handling failure of drone 1: Crashed
2026-02-13 18:52:21,551 - Drone_3 - INFO - Drone 3: Flying to {'x': 2542.5191962261474, 'y': 2517.439333560552, 'z': 60.0}
2026-02-13 18:52:21,552 - Drone_5 - INFO - Drone 5: Flying to {'x': 2480.516341912889, 'y': 2544.1207139035714, 'z': 60.0}
2026-02-13 18:52:22,553 - SwarmManager - ERROR - Drone 1 heartbeat timeout
2026-02-13 18:52:22,554 - SwarmManager - ERROR - Handling failure of drone 1: Heartbeat timeout
2026-02-13 18:52:22,555 - SwarmManager - ERROR - Drone 1 crashed
2026-02-13 18:52:22,556 - SwarmManager - ERROR - Handling failure of drone 1: Crashed
2026-02-13 18:52:22,557 - Drone_3 - INFO - Drone 3: Flying to {'x': 2542.5191962261474, 'y': 2517.439333560552, 'z': 60.0}
2026-02-13 18:52:22,558 - Drone_5 - INFO - Drone 5: Flying to {'x': 2480.516341912889, 'y': 2544.1207139035714, 'z': 60.0}
2026-02-13 18:52:23,559 - SwarmManager - ERROR - Drone 1 heartbeat timeout
2026-02-13 18:52:23,559 - SwarmManager - ERROR - Handling failure of drone 1: Heartbeat timeout
2026-02-13 18:52:23,560 - SwarmManager - ERROR - Drone 1 crashed
2026-02-13 18:52:23,560 - SwarmManager - ERROR - Handling failure of drone 1: Crashed
2026-02-13 18:52:23,560 - Drone_3 - INFO - Drone 3: Flying to {'x': 2542.5191962261474, 'y': 2517.439333560552, 'z': 60.0}
2026-02-13 18:52:23,560 - Drone_5 - INFO - Drone 5: Flying to {'x': 2480.516341912889, 'y': 2544.1207139035714, 'z': 60.0}
2026-02-13 18:52:24,561 - SwarmManager - ERROR - Drone 1 heartbeat timeout
2026-02-13 18:52:24,561 - SwarmManager - ERROR - Handling failure of drone 1: Heartbeat timeout
2026-02-13 18:52:24,561 - SwarmManager - ERROR - Drone 1 crashed
2026-02-13 18:52:24,562 - SwarmManager - ERROR - Handling failure of drone 1: Crashed
2026-02-13 18:52:24,562 - Drone_3 - INFO - Drone 3: Flying to {'x': 2542.5191962261474, 'y': 2517.439333560552, 'z': 60.0}
2026-02-13 18:52:24,563 - Drone_5 - INFO - Drone 5: Flying to {'x': 2480.516341912889, 'y': 2544.1207139035714, 'z': 60.0}
2026-02-13 18:52:25,563 - SwarmManager - ERROR - Drone 1 heartbeat timeout
2026-02-13 18:52:25,564 - SwarmManager - ERROR - Handling failure of drone 1: Heartbeat timeout
2026-02-13 18:52:25,564 - SwarmManager - ERROR - Drone 1 crashed
2026-02-13 18:52:25,565 - SwarmManager - ERROR - Handling failure of drone 1: Crashed
2026-02-13 18:52:25,565 - Drone_3 - INFO - Drone 3: Flying to {'x': 2542.5191962261474, 'y': 2517.439333560552, 'z': 60.0}
2026-02-13 18:52:25,565 - Drone_5 - INFO - Drone 5: Flying to {'x': 2480.516341912889, 'y': 2544.1207139035714, 'z': 60.0}
2026-02-13 18:52:26,566 - SwarmManager - ERROR - Drone 1 heartbeat timeout
2026-02-13 18:52:26,567 - SwarmManager - ERROR - Handling failure of drone 1: Heartbeat timeout
2026-02-13 18:52:26,568 - SwarmManager - ERROR - Drone 1 crashed
2026-02-13 18:52:26,569 - SwarmManager - ERROR - Handling failure of drone 1: Crashed
2026-02-13 18:52:26,570 - Drone_3 - INFO - Drone 3: Flying to {'x': 2542.5191962261474, 'y': 2517.439333560552, 'z': 60.0}
2026-02-13 18:52:26,570 - Drone_5 - INFO - Drone 5: Flying to {'x': 2480.516341912889, 'y': 2544.1207139035714, 'z': 60.0}
2026-02-13 18:52:27,572 - SwarmManager - ERROR - Drone 1 heartbeat timeout
2026-02-13 18:52:27,573 - SwarmManager - ERROR - Handling failure of drone 1: Heartbeat timeout
2026-02-13 18:52:27,574 - SwarmManager - ERROR - Drone 1 crashed
2026-02-13 18:52:27,575 - SwarmManager - ERROR - Handling failure of drone 1: Crashed
2026-02-13 18:52:27,576 - Drone_3 - INFO - Drone 3: Flying to {'x': 2542.5191962261474, 'y': 2517.439333560552, 'z': 60.0}
2026-02-13 18:52:27,576 - Drone_5 - INFO - Drone 5: Flying to {'x': 2480.516341912889, 'y': 2544.1207139035714, 'z': 60.0}
2026-02-13 18:52:28,577 - SwarmManager - ERROR - Drone 1 heartbeat timeout
2026-02-13 18:52:28,578 - SwarmManager - ERROR - Handling failure of drone 1: Heartbeat timeout
2026-02-13 18:52:28,579 - SwarmManager - ERROR - Drone 1 crashed
2026-02-13 18:52:28,581 - SwarmManager - ERROR - Handling failure of drone 1: Crashed
2026-02-13 18:52:28,582 - Drone_3 - INFO - Drone 3: Flying to {'x': 2542.5191962261474, 'y': 2517.439333560552, 'z': 60.0}
2026-02-13 18:52:28,582 - Drone_5 - INFO - Drone 5: Flying to {'x': 2480.516341912889, 'y': 2544.1207139035714, 'z': 60.0}
2026-02-13 18:52:29,587 - SwarmManager - ERROR - Drone 1 heartbeat timeout
2026-02-13 18:52:29,587 - SwarmManager - ERROR - Handling failure of drone 1: Heartbeat timeout
2026-02-13 18:52:29,588 - SwarmManager - ERROR - Drone 1 crashed
2026-02-13 18:52:29,588 - SwarmManager - ERROR - Handling failure of drone 1: Crashed
2026-02-13 18:52:29,589 - Drone_3 - INFO - Drone 3: Flying to {'x': 2542.5191962261474, 'y': 2517.439333560552, 'z': 60.0}
2026-02-13 18:52:29,589 - Drone_5 - INFO - Drone 5: Flying to {'x': 2480.516341912889, 'y': 2544.1207139035714, 'z': 60.0}
2026-02-13 18:52:30,081 - PhysicalMLTrainer_Drone2 - INFO - Physical ML model trained drone=2 samples=2101 degree=2 alpha=0.0 val_mse=0.000000
2026-02-13 18:52:30,081 - PhysicalMLTrainer_Drone3 - INFO - Physical ML model trained drone=3 samples=2101 degree=2 alpha=0.0 val_mse=0.000643
2026-02-13 18:52:30,093 - PhysicalMLTrainer_Drone4 - INFO - Physical ML model trained drone=4 samples=2101 degree=2 alpha=0.0 val_mse=0.000591
2026-02-13 18:52:30,093 - PhysicalMLTrainer_Drone5 - INFO - Physical ML model trained drone=5 samples=2101 degree=2 alpha=0.0 val_mse=0.000625
2026-02-13 18:52:30,590 - SwarmManager - ERROR - Drone 1 heartbeat timeout
2026-02-13 18:52:30,590 - SwarmManager - ERROR - Handling failure of drone 1: Heartbeat timeout
2026-02-13 18:52:30,590 - SwarmManager - ERROR - Drone 1 crashed
2026-02-13 18:52:30,590 - SwarmManager - ERROR - Handling failure of drone 1: Crashed
2026-02-13 18:52:30,591 - Drone_3 - INFO - Drone 3: Flying to {'x': 2542.5191962261474, 'y': 2517.439333560552, 'z': 60.0}
2026-02-13 18:52:30,591 - Drone_5 - INFO - Drone 5: Flying to {'x': 2480.516341912889, 'y': 2544.1207139035714, 'z': 60.0}
2026-02-13 18:52:31,592 - SwarmManager - ERROR - Drone 1 heartbeat timeout
2026-02-13 18:52:31,593 - SwarmManager - ERROR - Handling failure of drone 1: Heartbeat timeout
2026-02-13 18:52:31,595 - SwarmManager - ERROR - Drone 1 crashed
2026-02-13 18:52:31,596 - SwarmManager - ERROR - Handling failure of drone 1: Crashed
2026-02-13 18:52:31,597 - Drone_3 - INFO - Drone 3: Flying to {'x': 2542.5191962261474, 'y': 2517.439333560552, 'z': 60.0}
2026-02-13 18:52:31,597 - Drone_5 - INFO - Drone 5: Flying to {'x': 2480.516341912889, 'y': 2544.1207139035714, 'z': 60.0}
2026-02-13 18:52:32,598 - SwarmManager - ERROR - Drone 1 heartbeat timeout
2026-02-13 18:52:32,599 - SwarmManager - ERROR - Handling failure of drone 1: Heartbeat timeout
2026-02-13 18:52:32,600 - SwarmManager - ERROR - Drone 1 crashed
2026-02-13 18:52:32,601 - SwarmManager - ERROR - Handling failure of drone 1: Crashed
2026-02-13 18:52:32,602 - Drone_3 - INFO - Drone 3: Flying to {'x': 2542.5191962261474, 'y': 2517.439333560552, 'z': 60.0}
2026-02-13 18:52:32,602 - Drone_5 - INFO - Drone 5: Flying to {'x': 2480.516341912889, 'y': 2544.1207139035714, 'z': 60.0}
2026-02-13 18:52:33,603 - SwarmManager - ERROR - Drone 1 heartbeat timeout
2026-02-13 18:52:33,604 - SwarmManager - ERROR - Handling failure of drone 1: Heartbeat timeout
2026-02-13 18:52:33,604 - SwarmManager - ERROR - Drone 1 crashed
2026-02-13 18:52:33,605 - SwarmManager - ERROR - Handling failure of drone 1: Crashed
2026-02-13 18:52:33,605 - Drone_3 - INFO - Drone 3: Flying to {'x': 2542.5191962261474, 'y': 2517.439333560552, 'z': 60.0}
2026-02-13 18:52:33,605 - Drone_5 - INFO - Drone 5: Flying to {'x': 2480.516341912889, 'y': 2544.1207139035714, 'z': 60.0}
2026-02-13 18:52:34,606 - SwarmManager - ERROR - Drone 1 heartbeat timeout
2026-02-13 18:52:34,607 - SwarmManager - ERROR - Handling failure of drone 1: Heartbeat timeout
2026-02-13 18:52:34,608 - SwarmManager - ERROR - Drone 1 crashed
2026-02-13 18:52:34,610 - SwarmManager - ERROR - Handling failure of drone 1: Crashed
2026-02-13 18:52:34,611 - Drone_3 - INFO - Drone 3: Flying to {'x': 2542.5191962261474, 'y': 2517.439333560552, 'z': 60.0}
2026-02-13 18:52:34,611 - Drone_5 - INFO - Drone 5: Flying to {'x': 2480.516341912889, 'y': 2544.1207139035714, 'z': 60.0}
2026-02-13 18:52:35,611 - SwarmManager - ERROR - Drone 1 heartbeat timeout
2026-02-13 18:52:35,613 - SwarmManager - ERROR - Handling failure of drone 1: Heartbeat timeout
2026-02-13 18:52:35,614 - SwarmManager - ERROR - Drone 1 crashed
2026-02-13 18:52:35,615 - SwarmManager - ERROR - Handling failure of drone 1: Crashed
2026-02-13 18:52:35,616 - Drone_3 - INFO - Drone 3: Flying to {'x': 2542.5191962261474, 'y': 2517.439333560552, 'z': 60.0}
2026-02-13 18:52:35,616 - Drone_5 - INFO - Drone 5: Flying to {'x': 2480.516341912889, 'y': 2544.1207139035714, 'z': 60.0}
2026-02-13 18:52:36,617 - SwarmManager - ERROR - Drone 1 heartbeat timeout
2026-02-13 18:52:36,617 - SwarmManager - ERROR - Handling failure of drone 1: Heartbeat timeout
2026-02-13 18:52:36,618 - SwarmManager - ERROR - Drone 1 crashed
2026-02-13 18:52:36,618 - SwarmManager - ERROR - Handling failure of drone 1: Crashed
2026-02-13 18:52:36,618 - Drone_3 - INFO - Drone 3: Flying to {'x': 2542.5191962261474, 'y': 2517.439333560552, 'z': 60.0}
2026-02-13 18:52:36,618 - Drone_5 - INFO - Drone 5: Flying to {'x': 2480.516341912889, 'y': 2544.1207139035714, 'z': 60.0}
2026-02-13 18:52:37,619 - SwarmManager - ERROR - Drone 1 heartbeat timeout
2026-02-13 18:52:37,620 - SwarmManager - ERROR - Handling failure of drone 1: Heartbeat timeout
2026-02-13 18:52:37,621 - SwarmManager - ERROR - Drone 1 crashed
2026-02-13 18:52:37,621 - SwarmManager - ERROR - Handling failure of drone 1: Crashed
2026-02-13 18:52:37,622 - Drone_3 - INFO - Drone 3: Flying to {'x': 2542.5191962261474, 'y': 2517.439333560552, 'z': 60.0}
2026-02-13 18:52:37,623 - Drone_5 - INFO - Drone 5: Flying to {'x': 2480.516341912889, 'y': 2544.1207139035714, 'z': 60.0}
2026-02-13 18:52:38,624 - SwarmManager - ERROR - Drone 1 heartbeat timeout
2026-02-13 18:52:38,626 - SwarmManager - ERROR - Handling failure of drone 1: Heartbeat timeout
2026-02-13 18:52:38,627 - SwarmManager - ERROR - Drone 1 crashed
2026-02-13 18:52:38,627 - SwarmManager - ERROR - Handling failure of drone 1: Crashed
2026-02-13 18:52:38,628 - Drone_3 - INFO - Drone 3: Flying to {'x': 2542.5191962261474, 'y': 2517.439333560552, 'z': 60.0}
2026-02-13 18:52:38,629 - Drone_5 - INFO - Drone 5: Flying to {'x': 2480.516341912889, 'y': 2544.1207139035714, 'z': 60.0}
2026-02-13 18:52:39,630 - SwarmManager - ERROR - Drone 1 heartbeat timeout
2026-02-13 18:52:39,631 - SwarmManager - ERROR - Handling failure of drone 1: Heartbeat timeout
2026-02-13 18:52:39,632 - SwarmManager - ERROR - Drone 1 crashed
2026-02-13 18:52:39,632 - SwarmManager - ERROR - Handling failure of drone 1: Crashed
2026-02-13 18:52:39,633 - Drone_3 - INFO - Drone 3: Flying to {'x': 2542.5191962261474, 'y': 2517.439333560552, 'z': 60.0}
2026-02-13 18:52:39,633 - Drone_5 - INFO - Drone 5: Flying to {'x': 2480.516341912889, 'y': 2544.1207139035714, 'z': 60.0}
2026-02-13 18:52:40,634 - SwarmManager - ERROR - Drone 1 heartbeat timeout
2026-02-13 18:52:40,635 - SwarmManager - ERROR - Handling failure of drone 1: Heartbeat timeout
2026-02-13 18:52:40,636 - SwarmManager - ERROR - Drone 1 crashed
2026-02-13 18:52:40,637 - SwarmManager - ERROR - Handling failure of drone 1: Crashed
2026-02-13 18:52:40,638 - Drone_3 - INFO - Drone 3: Flying to {'x': 2542.5191962261474, 'y': 2517.439333560552, 'z': 60.0}
2026-02-13 18:52:40,639 - Drone_5 - INFO - Drone 5: Flying to {'x': 2480.516341912889, 'y': 2544.1207139035714, 'z': 60.0}
2026-02-13 18:52:41,640 - SwarmManager - ERROR - Drone 1 heartbeat timeout
2026-02-13 18:52:41,641 - SwarmManager - ERROR - Handling failure of drone 1: Heartbeat timeout
2026-02-13 18:52:41,642 - SwarmManager - ERROR - Drone 1 crashed
2026-02-13 18:52:41,643 - SwarmManager - ERROR - Handling failure of drone 1: Crashed
2026-02-13 18:52:41,644 - Drone_3 - INFO - Drone 3: Flying to {'x': 2542.5191962261474, 'y': 2517.439333560552, 'z': 60.0}
2026-02-13 18:52:41,645 - Drone_5 - INFO - Drone 5: Flying to {'x': 2480.516341912889, 'y': 2544.1207139035714, 'z': 60.0}
2026-02-13 18:52:42,647 - SwarmManager - ERROR - Drone 1 heartbeat timeout
2026-02-13 18:52:42,648 - SwarmManager - ERROR - Handling failure of drone 1: Heartbeat timeout
2026-02-13 18:52:42,649 - SwarmManager - ERROR - Drone 1 crashed
2026-02-13 18:52:42,650 - SwarmManager - ERROR - Handling failure of drone 1: Crashed
2026-02-13 18:52:42,651 - Drone_3 - INFO - Drone 3: Flying to {'x': 2542.5191962261474, 'y': 2517.439333560552, 'z': 60.0}
2026-02-13 18:52:42,652 - Drone_5 - INFO - Drone 5: Flying to {'x': 2480.516341912889, 'y': 2544.1207139035714, 'z': 60.0}
2026-02-13 18:52:43,653 - SwarmManager - ERROR - Drone 1 heartbeat timeout
2026-02-13 18:52:43,653 - SwarmManager - ERROR - Handling failure of drone 1: Heartbeat timeout
2026-02-13 18:52:43,653 - SwarmManager - ERROR - Drone 1 crashed
2026-02-13 18:52:43,653 - SwarmManager - ERROR - Handling failure of drone 1: Crashed
2026-02-13 18:52:43,654 - Drone_3 - INFO - Drone 3: Flying to {'x': 2542.5191962261474, 'y': 2517.439333560552, 'z': 60.0}
2026-02-13 18:52:43,654 - Drone_5 - INFO - Drone 5: Flying to {'x': 2480.516341912889, 'y': 2544.1207139035714, 'z': 60.0}
2026-02-13 18:52:44,654 - SwarmManager - ERROR - Drone 1 heartbeat timeout
2026-02-13 18:52:44,655 - SwarmManager - ERROR - Handling failure of drone 1: Heartbeat timeout
2026-02-13 18:52:44,655 - SwarmManager - ERROR - Drone 1 crashed
2026-02-13 18:52:44,655 - SwarmManager - ERROR - Handling failure of drone 1: Crashed
2026-02-13 18:52:44,655 - Drone_3 - INFO - Drone 3: Flying to {'x': 2542.5191962261474, 'y': 2517.439333560552, 'z': 60.0}
2026-02-13 18:52:44,655 - Drone_5 - INFO - Drone 5: Flying to {'x': 2480.516341912889, 'y': 2544.1207139035714, 'z': 60.0}
2026-02-13 18:52:45,656 - SwarmManager - ERROR - Drone 1 heartbeat timeout
2026-02-13 18:52:45,656 - SwarmManager - ERROR - Handling failure of drone 1: Heartbeat timeout
2026-02-13 18:52:45,657 - SwarmManager - ERROR - Drone 1 crashed
2026-02-13 18:52:45,657 - SwarmManager - ERROR - Handling failure of drone 1: Crashed
2026-02-13 18:52:45,658 - Drone_3 - INFO - Drone 3: Flying to {'x': 2542.5191962261474, 'y': 2517.439333560552, 'z': 60.0}
2026-02-13 18:52:45,658 - Drone_5 - INFO - Drone 5: Flying to {'x': 2480.516341912889, 'y': 2544.1207139035714, 'z': 60.0}
2026-02-13 18:52:46,658 - SwarmManager - ERROR - Drone 1 heartbeat timeout
2026-02-13 18:52:46,659 - SwarmManager - ERROR - Handling failure of drone 1: Heartbeat timeout
2026-02-13 18:52:46,659 - SwarmManager - ERROR - Drone 1 crashed
2026-02-13 18:52:46,659 - SwarmManager - ERROR - Handling failure of drone 1: Crashed
2026-02-13 18:52:46,659 - Drone_3 - INFO - Drone 3: Flying to {'x': 2542.5191962261474, 'y': 2517.439333560552, 'z': 60.0}
2026-02-13 18:52:46,659 - Drone_5 - INFO - Drone 5: Flying to {'x': 2480.516341912889, 'y': 2544.1207139035714, 'z': 60.0}
2026-02-13 18:52:47,660 - SwarmManager - ERROR - Drone 1 heartbeat timeout
2026-02-13 18:52:47,660 - SwarmManager - ERROR - Handling failure of drone 1: Heartbeat timeout
2026-02-13 18:52:47,661 - SwarmManager - ERROR - Drone 1 crashed
2026-02-13 18:52:47,661 - SwarmManager - ERROR - Handling failure of drone 1: Crashed
2026-02-13 18:52:47,661 - Drone_3 - INFO - Drone 3: Flying to {'x': 2542.5191962261474, 'y': 2517.439333560552, 'z': 60.0}
2026-02-13 18:52:47,661 - Drone_5 - INFO - Drone 5: Flying to {'x': 2480.516341912889, 'y': 2544.1207139035714, 'z': 60.0}
2026-02-13 18:52:48,662 - SwarmManager - ERROR - Drone 1 heartbeat timeout
2026-02-13 18:52:48,663 - SwarmManager - ERROR - Handling failure of drone 1: Heartbeat timeout
2026-02-13 18:52:48,664 - SwarmManager - ERROR - Drone 1 crashed
2026-02-13 18:52:48,664 - SwarmManager - ERROR - Handling failure of drone 1: Crashed
2026-02-13 18:52:48,665 - Drone_3 - INFO - Drone 3: Flying to {'x': 2542.5191962261474, 'y': 2517.439333560552, 'z': 60.0}
2026-02-13 18:52:48,665 - Drone_5 - INFO - Drone 5: Flying to {'x': 2480.516341912889, 'y': 2544.1207139035714, 'z': 60.0}
2026-02-13 18:52:49,666 - SwarmManager - ERROR - Drone 1 heartbeat timeout
2026-02-13 18:52:49,668 - SwarmManager - ERROR - Handling failure of drone 1: Heartbeat timeout
2026-02-13 18:52:49,668 - SwarmManager - ERROR - Drone 1 crashed
2026-02-13 18:52:49,669 - SwarmManager - ERROR - Handling failure of drone 1: Crashed
2026-02-13 18:52:49,670 - Drone_3 - INFO - Drone 3: Flying to {'x': 2542.5191962261474, 'y': 2517.4393335605514, 'z': 60.0}
2026-02-13 18:52:49,671 - Drone_5 - INFO - Drone 5: Flying to {'x': 2480.516341912889, 'y': 2544.120713903571, 'z': 60.0}
2026-02-13 18:52:50,212 - PhysicalMLTrainer_Drone3 - INFO - Physical ML model trained drone=3 samples=2301 degree=2 alpha=0.0 val_mse=0.000532
2026-02-13 18:52:50,218 - PhysicalMLTrainer_Drone2 - INFO - Physical ML model trained drone=2 samples=2301 degree=2 alpha=0.0 val_mse=0.000000
2026-02-13 18:52:50,226 - PhysicalMLTrainer_Drone5 - INFO - Physical ML model trained drone=5 samples=2301 degree=2 alpha=0.0 val_mse=0.000571
2026-02-13 18:52:50,227 - PhysicalMLTrainer_Drone4 - INFO - Physical ML model trained drone=4 samples=2301 degree=2 alpha=0.0 val_mse=0.000486
2026-02-13 18:52:50,672 - SwarmManager - ERROR - Drone 1 heartbeat timeout
2026-02-13 18:52:50,673 - SwarmManager - ERROR - Handling failure of drone 1: Heartbeat timeout
2026-02-13 18:52:50,674 - SwarmManager - ERROR - Drone 1 crashed
2026-02-13 18:52:50,675 - SwarmManager - ERROR - Handling failure of drone 1: Crashed
2026-02-13 18:52:50,676 - Drone_3 - INFO - Drone 3: Flying to {'x': 2542.5191962261474, 'y': 2517.439333560552, 'z': 60.0}
2026-02-13 18:52:50,676 - Drone_5 - INFO - Drone 5: Flying to {'x': 2480.516341912889, 'y': 2544.1207139035714, 'z': 60.0}
2026-02-13 18:52:51,677 - SwarmManager - ERROR - Drone 1 heartbeat timeout
2026-02-13 18:52:51,679 - SwarmManager - ERROR - Handling failure of drone 1: Heartbeat timeout
2026-02-13 18:52:51,680 - SwarmManager - ERROR - Drone 1 crashed
2026-02-13 18:52:51,681 - SwarmManager - ERROR - Handling failure of drone 1: Crashed
2026-02-13 18:52:51,682 - Drone_3 - INFO - Drone 3: Flying to {'x': 2542.5191962261474, 'y': 2517.439333560552, 'z': 60.0}
2026-02-13 18:52:51,683 - Drone_5 - INFO - Drone 5: Flying to {'x': 2480.516341912889, 'y': 2544.1207139035714, 'z': 60.0}
2026-02-13 18:52:52,684 - SwarmManager - ERROR - Drone 1 heartbeat timeout
2026-02-13 18:52:52,684 - SwarmManager - ERROR - Handling failure of drone 1: Heartbeat timeout
2026-02-13 18:52:52,684 - SwarmManager - ERROR - Drone 1 crashed
2026-02-13 18:52:52,685 - SwarmManager - ERROR - Handling failure of drone 1: Crashed
2026-02-13 18:52:52,685 - Drone_3 - INFO - Drone 3: Flying to {'x': 2542.5191962261474, 'y': 2517.439333560552, 'z': 60.0}
2026-02-13 18:52:52,685 - Drone_5 - INFO - Drone 5: Flying to {'x': 2480.516341912889, 'y': 2544.1207139035714, 'z': 60.0}
2026-02-13 18:52:53,686 - SwarmManager - ERROR - Drone 1 heartbeat timeout
2026-02-13 18:52:53,687 - SwarmManager - ERROR - Handling failure of drone 1: Heartbeat timeout
2026-02-13 18:52:53,688 - SwarmManager - ERROR - Drone 1 crashed
2026-02-13 18:52:53,689 - SwarmManager - ERROR - Handling failure of drone 1: Crashed
2026-02-13 18:52:53,689 - Drone_3 - INFO - Drone 3: Flying to {'x': 2542.5191962261474, 'y': 2517.439333560552, 'z': 60.0}
2026-02-13 18:52:53,690 - Drone_5 - INFO - Drone 5: Flying to {'x': 2480.516341912889, 'y': 2544.1207139035714, 'z': 60.0}
2026-02-13 18:52:54,691 - SwarmManager - ERROR - Drone 1 heartbeat timeout
2026-02-13 18:52:54,692 - SwarmManager - ERROR - Handling failure of drone 1: Heartbeat timeout
2026-02-13 18:52:54,693 - SwarmManager - ERROR - Drone 1 crashed
2026-02-13 18:52:54,694 - SwarmManager - ERROR - Handling failure of drone 1: Crashed
2026-02-13 18:52:54,696 - Drone_3 - INFO - Drone 3: Flying to {'x': 2542.5191962261474, 'y': 2517.439333560552, 'z': 60.0}
2026-02-13 18:52:54,696 - Drone_5 - INFO - Drone 5: Flying to {'x': 2480.516341912889, 'y': 2544.1207139035714, 'z': 60.0}
2026-02-13 18:52:55,698 - SwarmManager - ERROR - Drone 1 heartbeat timeout
2026-02-13 18:52:55,699 - SwarmManager - ERROR - Handling failure of drone 1: Heartbeat timeout
2026-02-13 18:52:55,700 - SwarmManager - ERROR - Drone 1 crashed
2026-02-13 18:52:55,701 - SwarmManager - ERROR - Handling failure of drone 1: Crashed
2026-02-13 18:52:55,702 - Drone_3 - INFO - Drone 3: Flying to {'x': 2542.5191962261474, 'y': 2517.439333560552, 'z': 60.0}
2026-02-13 18:52:55,703 - Drone_5 - INFO - Drone 5: Flying to {'x': 2480.516341912889, 'y': 2544.1207139035714, 'z': 60.0}
2026-02-13 18:52:56,704 - SwarmManager - ERROR - Drone 1 heartbeat timeout
2026-02-13 18:52:56,705 - SwarmManager - ERROR - Handling failure of drone 1: Heartbeat timeout
2026-02-13 18:52:56,705 - SwarmManager - ERROR - Drone 1 crashed
2026-02-13 18:52:56,706 - SwarmManager - ERROR - Handling failure of drone 1: Crashed
2026-02-13 18:52:56,706 - Drone_3 - INFO - Drone 3: Flying to {'x': 2542.5191962261474, 'y': 2517.4393335605514, 'z': 60.0}
2026-02-13 18:52:56,706 - Drone_5 - INFO - Drone 5: Flying to {'x': 2480.516341912889, 'y': 2544.120713903571, 'z': 60.0}
2026-02-13 18:52:57,708 - SwarmManager - ERROR - Drone 1 heartbeat timeout
2026-02-13 18:52:57,708 - SwarmManager - ERROR - Handling failure of drone 1: Heartbeat timeout
2026-02-13 18:52:57,708 - SwarmManager - ERROR - Drone 1 crashed
2026-02-13 18:52:57,708 - SwarmManager - ERROR - Handling failure of drone 1: Crashed
2026-02-13 18:52:57,709 - Drone_3 - INFO - Drone 3: Flying to {'x': 2542.5191962261474, 'y': 2517.4393335605514, 'z': 60.0}
2026-02-13 18:52:57,709 - Drone_5 - INFO - Drone 5: Flying to {'x': 2480.516341912889, 'y': 2544.120713903571, 'z': 60.0}
2026-02-13 18:52:58,710 - SwarmManager - ERROR - Drone 1 heartbeat timeout
2026-02-13 18:52:58,711 - SwarmManager - ERROR - Handling failure of drone 1: Heartbeat timeout
2026-02-13 18:52:58,711 - SwarmManager - ERROR - Drone 1 crashed
2026-02-13 18:52:58,711 - SwarmManager - ERROR - Handling failure of drone 1: Crashed
2026-02-13 18:52:58,712 - Drone_3 - INFO - Drone 3: Flying to {'x': 2542.5191962261474, 'y': 2517.439333560552, 'z': 60.0}
2026-02-13 18:52:58,712 - Drone_5 - INFO - Drone 5: Flying to {'x': 2480.516341912889, 'y': 2544.1207139035714, 'z': 60.0}
2026-02-13 18:52:59,713 - SwarmManager - ERROR - Drone 1 heartbeat timeout
2026-02-13 18:52:59,714 - SwarmManager - ERROR - Handling failure of drone 1: Heartbeat timeout
2026-02-13 18:52:59,714 - SwarmManager - ERROR - Drone 1 crashed
2026-02-13 18:52:59,715 - SwarmManager - ERROR - Handling failure of drone 1: Crashed
2026-02-13 18:52:59,716 - Drone_3 - INFO - Drone 3: Flying to {'x': 2542.5191962261474, 'y': 2517.439333560552, 'z': 60.0}
2026-02-13 18:52:59,716 - Drone_5 - INFO - Drone 5: Flying to {'x': 2480.516341912889, 'y': 2544.1207139035714, 'z': 60.0}
2026-02-13 18:53:00,717 - SwarmManager - ERROR - Drone 1 heartbeat timeout
2026-02-13 18:53:00,718 - SwarmManager - ERROR - Handling failure of drone 1: Heartbeat timeout
2026-02-13 18:53:00,719 - SwarmManager - ERROR - Drone 1 crashed
2026-02-13 18:53:00,720 - SwarmManager - ERROR - Handling failure of drone 1: Crashed
2026-02-13 18:53:00,721 - Drone_3 - INFO - Drone 3: Flying to {'x': 2542.5191962261474, 'y': 2517.439333560552, 'z': 60.0}
2026-02-13 18:53:00,722 - Drone_5 - INFO - Drone 5: Flying to {'x': 2480.516341912889, 'y': 2544.1207139035714, 'z': 60.0}
2026-02-13 18:53:01,722 - SwarmManager - ERROR - Drone 1 heartbeat timeout
2026-02-13 18:53:01,724 - SwarmManager - ERROR - Handling failure of drone 1: Heartbeat timeout
2026-02-13 18:53:01,725 - SwarmManager - ERROR - Drone 1 crashed
2026-02-13 18:53:01,725 - SwarmManager - ERROR - Handling failure of drone 1: Crashed
2026-02-13 18:53:01,726 - Drone_3 - INFO - Drone 3: Flying to {'x': 2542.5191962261474, 'y': 2517.439333560552, 'z': 60.0}
2026-02-13 18:53:01,727 - Drone_5 - INFO - Drone 5: Flying to {'x': 2480.516341912889, 'y': 2544.1207139035714, 'z': 60.0}
2026-02-13 18:53:02,727 - SwarmManager - ERROR - Drone 1 heartbeat timeout
2026-02-13 18:53:02,730 - SwarmManager - ERROR - Handling failure of drone 1: Heartbeat timeout
2026-02-13 18:53:02,731 - SwarmManager - ERROR - Drone 1 crashed
2026-02-13 18:53:02,731 - SwarmManager - ERROR - Handling failure of drone 1: Crashed
2026-02-13 18:53:02,732 - Drone_3 - INFO - Drone 3: Flying to {'x': 2542.5191962261474, 'y': 2517.439333560552, 'z': 60.0}
2026-02-13 18:53:02,732 - Drone_5 - INFO - Drone 5: Flying to {'x': 2480.516341912889, 'y': 2544.1207139035714, 'z': 60.0}
2026-02-13 18:53:03,733 - SwarmManager - ERROR - Drone 1 heartbeat timeout
2026-02-13 18:53:03,733 - SwarmManager - ERROR - Handling failure of drone 1: Heartbeat timeout
2026-02-13 18:53:03,734 - SwarmManager - ERROR - Drone 1 crashed
2026-02-13 18:53:03,734 - SwarmManager - ERROR - Handling failure of drone 1: Crashed
2026-02-13 18:53:03,734 - Drone_3 - INFO - Drone 3: Flying to {'x': 2542.5191962261474, 'y': 2517.439333560552, 'z': 60.0}
2026-02-13 18:53:03,735 - Drone_5 - INFO - Drone 5: Flying to {'x': 2480.516341912889, 'y': 2544.1207139035714, 'z': 60.0}
2026-02-13 18:53:04,735 - SwarmManager - ERROR - Drone 1 heartbeat timeout
2026-02-13 18:53:04,736 - SwarmManager - ERROR - Handling failure of drone 1: Heartbeat timeout
2026-02-13 18:53:04,737 - SwarmManager - ERROR - Drone 1 crashed
2026-02-13 18:53:04,737 - SwarmManager - ERROR - Handling failure of drone 1: Crashed
2026-02-13 18:53:04,738 - Drone_3 - INFO - Drone 3: Flying to {'x': 2542.5191962261474, 'y': 2517.439333560552, 'z': 60.0}
2026-02-13 18:53:04,738 - Drone_5 - INFO - Drone 5: Flying to {'x': 2480.516341912889, 'y': 2544.1207139035714, 'z': 60.0}
2026-02-13 18:53:05,739 - SwarmManager - ERROR - Drone 1 heartbeat timeout
2026-02-13 18:53:05,740 - SwarmManager - ERROR - Handling failure of drone 1: Heartbeat timeout
2026-02-13 18:53:05,741 - SwarmManager - ERROR - Drone 1 crashed
2026-02-13 18:53:05,743 - SwarmManager - ERROR - Handling failure of drone 1: Crashed
2026-02-13 18:53:05,743 - Drone_3 - INFO - Drone 3: Flying to {'x': 2542.5191962261474, 'y': 2517.439333560552, 'z': 60.0}
2026-02-13 18:53:05,744 - Drone_5 - INFO - Drone 5: Flying to {'x': 2480.516341912889, 'y': 2544.1207139035714, 'z': 60.0}
2026-02-13 18:53:06,745 - SwarmManager - ERROR - Drone 1 heartbeat timeout
2026-02-13 18:53:06,746 - SwarmManager - ERROR - Handling failure of drone 1: Heartbeat timeout
2026-02-13 18:53:06,746 - SwarmManager - ERROR - Drone 1 crashed
2026-02-13 18:53:06,746 - SwarmManager - ERROR - Handling failure of drone 1: Crashed
2026-02-13 18:53:06,746 - Drone_3 - INFO - Drone 3: Flying to {'x': 2542.5191962261474, 'y': 2517.439333560552, 'z': 60.0}
2026-02-13 18:53:06,747 - Drone_5 - INFO - Drone 5: Flying to {'x': 2480.516341912889, 'y': 2544.1207139035714, 'z': 60.0}
2026-02-13 18:53:07,748 - SwarmManager - ERROR - Drone 1 heartbeat timeout
2026-02-13 18:53:07,749 - SwarmManager - ERROR - Handling failure of drone 1: Heartbeat timeout
2026-02-13 18:53:07,750 - SwarmManager - ERROR - Drone 1 crashed
2026-02-13 18:53:07,751 - SwarmManager - ERROR - Handling failure of drone 1: Crashed
2026-02-13 18:53:07,752 - Drone_3 - INFO - Drone 3: Flying to {'x': 2542.5191962261474, 'y': 2517.439333560552, 'z': 60.0}
2026-02-13 18:53:07,752 - Drone_5 - INFO - Drone 5: Flying to {'x': 2480.516341912889, 'y': 2544.1207139035714, 'z': 60.0}
2026-02-13 18:53:08,753 - SwarmManager - ERROR - Drone 1 heartbeat timeout
2026-02-13 18:53:08,754 - SwarmManager - ERROR - Handling failure of drone 1: Heartbeat timeout
2026-02-13 18:53:08,754 - SwarmManager - ERROR - Drone 1 crashed
2026-02-13 18:53:08,754 - SwarmManager - ERROR - Handling failure of drone 1: Crashed
2026-02-13 18:53:08,754 - Drone_3 - INFO - Drone 3: Flying to {'x': 2542.5191962261474, 'y': 2517.439333560552, 'z': 60.0}
2026-02-13 18:53:08,754 - Drone_5 - INFO - Drone 5: Flying to {'x': 2480.516341912889, 'y': 2544.1207139035714, 'z': 60.0}
2026-02-13 18:53:09,757 - SwarmManager - ERROR - Drone 1 heartbeat timeout
2026-02-13 18:53:09,758 - SwarmManager - ERROR - Handling failure of drone 1: Heartbeat timeout
2026-02-13 18:53:09,758 - SwarmManager - ERROR - Drone 1 crashed
2026-02-13 18:53:09,758 - SwarmManager - ERROR - Handling failure of drone 1: Crashed
2026-02-13 18:53:09,759 - Drone_3 - INFO - Drone 3: Flying to {'x': 2542.5191962261474, 'y': 2517.439333560552, 'z': 60.0}
2026-02-13 18:53:09,759 - Drone_5 - INFO - Drone 5: Flying to {'x': 2480.516341912889, 'y': 2544.1207139035714, 'z': 60.0}
2026-02-13 18:53:10,354 - PhysicalMLTrainer_Drone2 - INFO - Physical ML model trained drone=2 samples=2501 degree=2 alpha=0.0 val_mse=0.000000
2026-02-13 18:53:10,355 - PhysicalMLTrainer_Drone3 - INFO - Physical ML model trained drone=3 samples=2501 degree=2 alpha=0.0 val_mse=0.000465
2026-02-13 18:53:10,361 - PhysicalMLTrainer_Drone5 - INFO - Physical ML model trained drone=5 samples=2501 degree=2 alpha=0.0 val_mse=0.000551
2026-02-13 18:53:10,364 - PhysicalMLTrainer_Drone4 - INFO - Physical ML model trained drone=4 samples=2501 degree=2 alpha=0.0 val_mse=0.000423
2026-02-13 18:53:10,760 - SwarmManager - ERROR - Drone 1 heartbeat timeout
2026-02-13 18:53:10,760 - SwarmManager - ERROR - Handling failure of drone 1: Heartbeat timeout
2026-02-13 18:53:10,761 - SwarmManager - ERROR - Drone 1 crashed
2026-02-13 18:53:10,761 - SwarmManager - ERROR - Handling failure of drone 1: Crashed
2026-02-13 18:53:10,761 - Drone_3 - INFO - Drone 3: Flying to {'x': 2542.5191962261474, 'y': 2517.439333560552, 'z': 60.0}
2026-02-13 18:53:10,761 - Drone_5 - INFO - Drone 5: Flying to {'x': 2480.516341912889, 'y': 2544.1207139035714, 'z': 60.0}
2026-02-13 18:53:11,762 - SwarmManager - ERROR - Drone 1 heartbeat timeout
2026-02-13 18:53:11,762 - SwarmManager - ERROR - Handling failure of drone 1: Heartbeat timeout
2026-02-13 18:53:11,762 - SwarmManager - ERROR - Drone 1 crashed
2026-02-13 18:53:11,763 - SwarmManager - ERROR - Handling failure of drone 1: Crashed
2026-02-13 18:53:11,763 - Drone_3 - INFO - Drone 3: Flying to {'x': 2542.5191962261474, 'y': 2517.439333560552, 'z': 60.0}
2026-02-13 18:53:11,763 - Drone_5 - INFO - Drone 5: Flying to {'x': 2480.516341912889, 'y': 2544.1207139035714, 'z': 60.0}
2026-02-13 18:53:12,764 - SwarmManager - ERROR - Drone 1 heartbeat timeout
2026-02-13 18:53:12,764 - SwarmManager - ERROR - Handling failure of drone 1: Heartbeat timeout
2026-02-13 18:53:12,765 - SwarmManager - ERROR - Drone 1 crashed
2026-02-13 18:53:12,765 - SwarmManager - ERROR - Handling failure of drone 1: Crashed
2026-02-13 18:53:12,766 - Drone_3 - INFO - Drone 3: Flying to {'x': 2542.5191962261474, 'y': 2517.439333560552, 'z': 60.0}
2026-02-13 18:53:12,766 - Drone_5 - INFO - Drone 5: Flying to {'x': 2480.516341912889, 'y': 2544.1207139035714, 'z': 60.0}
2026-02-13 18:53:13,767 - SwarmManager - ERROR - Drone 1 heartbeat timeout
2026-02-13 18:53:13,768 - SwarmManager - ERROR - Handling failure of drone 1: Heartbeat timeout
2026-02-13 18:53:13,769 - SwarmManager - ERROR - Drone 1 crashed
2026-02-13 18:53:13,770 - SwarmManager - ERROR - Handling failure of drone 1: Crashed
2026-02-13 18:53:13,771 - Drone_3 - INFO - Drone 3: Flying to {'x': 2542.5191962261474, 'y': 2517.439333560552, 'z': 60.0}
2026-02-13 18:53:13,772 - Drone_5 - INFO - Drone 5: Flying to {'x': 2480.516341912889, 'y': 2544.1207139035714, 'z': 60.0}
2026-02-13 18:53:14,773 - SwarmManager - ERROR - Drone 1 heartbeat timeout
2026-02-13 18:53:14,774 - SwarmManager - ERROR - Handling failure of drone 1: Heartbeat timeout
2026-02-13 18:53:14,775 - SwarmManager - ERROR - Drone 1 crashed
2026-02-13 18:53:14,776 - SwarmManager - ERROR - Handling failure of drone 1: Crashed
2026-02-13 18:53:14,777 - Drone_3 - INFO - Drone 3: Flying to {'x': 2542.5191962261474, 'y': 2517.439333560552, 'z': 60.0}
2026-02-13 18:53:14,777 - Drone_5 - INFO - Drone 5: Flying to {'x': 2480.516341912889, 'y': 2544.1207139035714, 'z': 60.0}
2026-02-13 18:53:15,778 - SwarmManager - ERROR - Drone 1 heartbeat timeout
2026-02-13 18:53:15,780 - SwarmManager - ERROR - Handling failure of drone 1: Heartbeat timeout
2026-02-13 18:53:15,781 - SwarmManager - ERROR - Drone 1 crashed
2026-02-13 18:53:15,782 - SwarmManager - ERROR - Handling failure of drone 1: Crashed
2026-02-13 18:53:15,783 - Drone_3 - INFO - Drone 3: Flying to {'x': 2542.5191962261474, 'y': 2517.439333560552, 'z': 60.0}
2026-02-13 18:53:15,784 - Drone_5 - INFO - Drone 5: Flying to {'x': 2480.516341912889, 'y': 2544.1207139035714, 'z': 60.0}
2026-02-13 18:53:16,785 - SwarmManager - ERROR - Drone 1 heartbeat timeout
2026-02-13 18:53:16,785 - SwarmManager - ERROR - Handling failure of drone 1: Heartbeat timeout
2026-02-13 18:53:16,786 - SwarmManager - ERROR - Drone 1 crashed
2026-02-13 18:53:16,786 - SwarmManager - ERROR - Handling failure of drone 1: Crashed
2026-02-13 18:53:16,786 - Drone_3 - INFO - Drone 3: Flying to {'x': 2542.5191962261474, 'y': 2517.439333560552, 'z': 60.0}
2026-02-13 18:53:16,786 - Drone_5 - INFO - Drone 5: Flying to {'x': 2480.516341912889, 'y': 2544.1207139035714, 'z': 60.0}
2026-02-13 18:53:17,787 - SwarmManager - ERROR - Drone 1 heartbeat timeout
2026-02-13 18:53:17,787 - SwarmManager - ERROR - Handling failure of drone 1: Heartbeat timeout
2026-02-13 18:53:17,787 - SwarmManager - ERROR - Drone 1 crashed
2026-02-13 18:53:17,788 - SwarmManager - ERROR - Handling failure of drone 1: Crashed
2026-02-13 18:53:17,788 - Drone_3 - INFO - Drone 3: Flying to {'x': 2542.5191962261474, 'y': 2517.439333560552, 'z': 60.0}
2026-02-13 18:53:17,788 - Drone_5 - INFO - Drone 5: Flying to {'x': 2480.516341912889, 'y': 2544.1207139035714, 'z': 60.0}
2026-02-13 18:53:18,789 - SwarmManager - ERROR - Drone 1 heartbeat timeout
2026-02-13 18:53:18,789 - SwarmManager - ERROR - Handling failure of drone 1: Heartbeat timeout
2026-02-13 18:53:18,790 - SwarmManager - ERROR - Drone 1 crashed
2026-02-13 18:53:18,790 - SwarmManager - ERROR - Handling failure of drone 1: Crashed
2026-02-13 18:53:18,790 - Drone_3 - INFO - Drone 3: Flying to {'x': 2542.5191962261474, 'y': 2517.439333560552, 'z': 60.0}
2026-02-13 18:53:18,791 - Drone_5 - INFO - Drone 5: Flying to {'x': 2480.516341912889, 'y': 2544.1207139035714, 'z': 60.0}
2026-02-13 18:53:19,791 - SwarmManager - ERROR - Drone 1 heartbeat timeout
2026-02-13 18:53:19,792 - SwarmManager - ERROR - Handling failure of drone 1: Heartbeat timeout
2026-02-13 18:53:19,792 - SwarmManager - ERROR - Drone 1 crashed
2026-02-13 18:53:19,792 - SwarmManager - ERROR - Handling failure of drone 1: Crashed
2026-02-13 18:53:19,793 - Drone_3 - INFO - Drone 3: Flying to {'x': 2542.5191962261474, 'y': 2517.439333560552, 'z': 60.0}
2026-02-13 18:53:19,793 - Drone_5 - INFO - Drone 5: Flying to {'x': 2480.516341912889, 'y': 2544.1207139035714, 'z': 60.0}
2026-02-13 18:53:20,794 - SwarmManager - ERROR - Drone 1 heartbeat timeout
2026-02-13 18:53:20,794 - SwarmManager - ERROR - Handling failure of drone 1: Heartbeat timeout
2026-02-13 18:53:20,795 - SwarmManager - ERROR - Drone 1 crashed
2026-02-13 18:53:20,795 - SwarmManager - ERROR - Handling failure of drone 1: Crashed
2026-02-13 18:53:20,796 - Drone_3 - INFO - Drone 3: Flying to {'x': 2542.5191962261474, 'y': 2517.439333560552, 'z': 60.0}
2026-02-13 18:53:20,796 - Drone_5 - INFO - Drone 5: Flying to {'x': 2480.516341912889, 'y': 2544.1207139035714, 'z': 60.0}
2026-02-13 18:53:21,797 - SwarmManager - ERROR - Drone 1 heartbeat timeout
2026-02-13 18:53:21,798 - SwarmManager - ERROR - Handling failure of drone 1: Heartbeat timeout
2026-02-13 18:53:21,799 - SwarmManager - ERROR - Drone 1 crashed
2026-02-13 18:53:21,800 - SwarmManager - ERROR - Handling failure of drone 1: Crashed
2026-02-13 18:53:21,802 - Drone_3 - INFO - Drone 3: Flying to {'x': 2542.5191962261474, 'y': 2517.439333560552, 'z': 60.0}
2026-02-13 18:53:21,802 - Drone_5 - INFO - Drone 5: Flying to {'x': 2480.516341912889, 'y': 2544.1207139035714, 'z': 60.0}
2026-02-13 18:53:22,804 - SwarmManager - ERROR - Drone 1 heartbeat timeout
2026-02-13 18:53:22,804 - SwarmManager - ERROR - Handling failure of drone 1: Heartbeat timeout
2026-02-13 18:53:22,805 - SwarmManager - ERROR - Drone 1 crashed
2026-02-13 18:53:22,806 - SwarmManager - ERROR - Handling failure of drone 1: Crashed
2026-02-13 18:53:22,806 - Drone_3 - INFO - Drone 3: Flying to {'x': 2542.5191962261474, 'y': 2517.439333560552, 'z': 60.0}
2026-02-13 18:53:22,806 - Drone_5 - INFO - Drone 5: Flying to {'x': 2480.516341912889, 'y': 2544.1207139035714, 'z': 60.0}
2026-02-13 18:53:23,807 - SwarmManager - ERROR - Drone 1 heartbeat timeout
2026-02-13 18:53:23,809 - SwarmManager - ERROR - Handling failure of drone 1: Heartbeat timeout
2026-02-13 18:53:23,811 - SwarmManager - ERROR - Drone 1 crashed
2026-02-13 18:53:23,813 - SwarmManager - ERROR - Handling failure of drone 1: Crashed
2026-02-13 18:53:23,814 - Drone_3 - INFO - Drone 3: Flying to {'x': 2542.5191962261474, 'y': 2517.439333560552, 'z': 60.0}
2026-02-13 18:53:23,815 - Drone_5 - INFO - Drone 5: Flying to {'x': 2480.516341912889, 'y': 2544.1207139035714, 'z': 60.0}
2026-02-13 18:53:24,818 - SwarmManager - ERROR - Drone 1 heartbeat timeout
2026-02-13 18:53:24,819 - SwarmManager - ERROR - Handling failure of drone 1: Heartbeat timeout
2026-02-13 18:53:24,819 - SwarmManager - ERROR - Drone 1 crashed
2026-02-13 18:53:24,819 - SwarmManager - ERROR - Handling failure of drone 1: Crashed
2026-02-13 18:53:24,820 - Drone_3 - INFO - Drone 3: Flying to {'x': 2542.5191962261474, 'y': 2517.439333560552, 'z': 60.0}
2026-02-13 18:53:24,820 - Drone_5 - INFO - Drone 5: Flying to {'x': 2480.516341912889, 'y': 2544.1207139035714, 'z': 60.0}
2026-02-13 18:53:25,820 - SwarmManager - ERROR - Drone 1 heartbeat timeout
2026-02-13 18:53:25,821 - SwarmManager - ERROR - Handling failure of drone 1: Heartbeat timeout
2026-02-13 18:53:25,822 - SwarmManager - ERROR - Drone 1 crashed
2026-02-13 18:53:25,823 - SwarmManager - ERROR - Handling failure of drone 1: Crashed
2026-02-13 18:53:25,823 - Drone_3 - INFO - Drone 3: Flying to {'x': 2542.5191962261474, 'y': 2517.439333560552, 'z': 60.0}
2026-02-13 18:53:25,823 - Drone_5 - INFO - Drone 5: Flying to {'x': 2480.516341912889, 'y': 2544.1207139035714, 'z': 60.0}
2026-02-13 18:53:26,824 - SwarmManager - ERROR - Drone 1 heartbeat timeout
2026-02-13 18:53:26,825 - SwarmManager - ERROR - Handling failure of drone 1: Heartbeat timeout
2026-02-13 18:53:26,825 - SwarmManager - ERROR - Drone 1 crashed
2026-02-13 18:53:26,826 - SwarmManager - ERROR - Handling failure of drone 1: Crashed
2026-02-13 18:53:26,826 - Drone_3 - INFO - Drone 3: Flying to {'x': 2542.5191962261474, 'y': 2517.439333560552, 'z': 60.0}
2026-02-13 18:53:26,826 - Drone_5 - INFO - Drone 5: Flying to {'x': 2480.516341912889, 'y': 2544.1207139035714, 'z': 60.0}
2026-02-13 18:53:27,827 - SwarmManager - ERROR - Drone 1 heartbeat timeout
2026-02-13 18:53:27,828 - SwarmManager - ERROR - Handling failure of drone 1: Heartbeat timeout
2026-02-13 18:53:27,829 - SwarmManager - ERROR - Drone 1 crashed
2026-02-13 18:53:27,829 - SwarmManager - ERROR - Handling failure of drone 1: Crashed
2026-02-13 18:53:27,830 - Drone_3 - INFO - Drone 3: Flying to {'x': 2542.5191962261474, 'y': 2517.439333560552, 'z': 60.0}
2026-02-13 18:53:27,830 - Drone_5 - INFO - Drone 5: Flying to {'x': 2480.516341912889, 'y': 2544.1207139035714, 'z': 60.0}
2026-02-13 18:53:28,830 - SwarmManager - ERROR - Drone 1 heartbeat timeout
2026-02-13 18:53:28,832 - SwarmManager - ERROR - Handling failure of drone 1: Heartbeat timeout
2026-02-13 18:53:28,833 - SwarmManager - ERROR - Drone 1 crashed
2026-02-13 18:53:28,834 - SwarmManager - ERROR - Handling failure of drone 1: Crashed
2026-02-13 18:53:28,836 - Drone_3 - INFO - Drone 3: Flying to {'x': 2542.5191962261474, 'y': 2517.439333560552, 'z': 60.0}
2026-02-13 18:53:28,836 - Drone_5 - INFO - Drone 5: Flying to {'x': 2480.516341912889, 'y': 2544.1207139035714, 'z': 60.0}
2026-02-13 18:53:29,837 - SwarmManager - ERROR - Drone 1 heartbeat timeout
2026-02-13 18:53:29,839 - SwarmManager - ERROR - Handling failure of drone 1: Heartbeat timeout
2026-02-13 18:53:29,840 - SwarmManager - ERROR - Drone 1 crashed
2026-02-13 18:53:29,841 - SwarmManager - ERROR - Handling failure of drone 1: Crashed
2026-02-13 18:53:29,842 - Drone_3 - INFO - Drone 3: Flying to {'x': 2542.5191962261474, 'y': 2517.4393335605514, 'z': 60.0}
2026-02-13 18:53:29,842 - Drone_5 - INFO - Drone 5: Flying to {'x': 2480.516341912889, 'y': 2544.120713903571, 'z': 60.0}
2026-02-13 18:53:30,488 - Drone_5 - INFO - Drone 5: Reached target position
2026-02-13 18:53:30,510 - PhysicalMLTrainer_Drone3 - INFO - Physical ML model trained drone=3 samples=2701 degree=2 alpha=0.0 val_mse=0.000427
2026-02-13 18:53:30,511 - PhysicalMLTrainer_Drone2 - INFO - Physical ML model trained drone=2 samples=2701 degree=2 alpha=0.0 val_mse=0.000000
2026-02-13 18:53:30,511 - PhysicalMLTrainer_Drone5 - INFO - Physical ML model trained drone=5 samples=2701 degree=2 alpha=0.0 val_mse=0.000552
2026-02-13 18:53:30,511 - PhysicalMLTrainer_Drone4 - INFO - Physical ML model trained drone=4 samples=2701 degree=2 alpha=0.0 val_mse=0.000386
2026-02-13 18:53:30,843 - SwarmManager - ERROR - Drone 1 heartbeat timeout
2026-02-13 18:53:30,843 - SwarmManager - ERROR - Handling failure of drone 1: Heartbeat timeout
2026-02-13 18:53:30,844 - SwarmManager - ERROR - Drone 1 crashed
2026-02-13 18:53:30,844 - SwarmManager - ERROR - Handling failure of drone 1: Crashed
2026-02-13 18:53:30,845 - Drone_3 - INFO - Drone 3: Flying to {'x': 2542.5191962261474, 'y': 2517.4393335605514, 'z': 60.0}
2026-02-13 18:53:30,845 - Drone_5 - INFO - Drone 5: Flying to {'x': 2480.516341912889, 'y': 2544.120713903571, 'z': 60.0}
2026-02-13 18:53:31,116 - Drone_5 - INFO - Drone 5: Reached target position
2026-02-13 18:53:31,846 - SwarmManager - ERROR - Drone 1 heartbeat timeout
2026-02-13 18:53:31,847 - SwarmManager - ERROR - Handling failure of drone 1: Heartbeat timeout
2026-02-13 18:53:31,847 - SwarmManager - ERROR - Drone 1 crashed
2026-02-13 18:53:31,848 - SwarmManager - ERROR - Handling failure of drone 1: Crashed
2026-02-13 18:53:31,848 - Drone_3 - INFO - Drone 3: Flying to {'x': 2542.5191962261474, 'y': 2517.4393335605514, 'z': 60.0}
2026-02-13 18:53:31,848 - Drone_5 - INFO - Drone 5: Flying to {'x': 2480.516341912889, 'y': 2544.120713903571, 'z': 60.0}
2026-02-13 18:53:32,326 - Drone_5 - INFO - Drone 5: Reached target position
2026-02-13 18:53:32,849 - SwarmManager - ERROR - Drone 1 heartbeat timeout
2026-02-13 18:53:32,850 - SwarmManager - ERROR - Handling failure of drone 1: Heartbeat timeout
2026-02-13 18:53:32,850 - SwarmManager - ERROR - Drone 1 crashed
2026-02-13 18:53:32,851 - SwarmManager - ERROR - Handling failure of drone 1: Crashed
2026-02-13 18:53:32,852 - Drone_3 - INFO - Drone 3: Flying to {'x': 2542.5191962261474, 'y': 2517.4393335605514, 'z': 60.0}
2026-02-13 18:53:32,852 - Drone_5 - INFO - Drone 5: Flying to {'x': 2480.516341912889, 'y': 2544.120713903571, 'z': 60.0}
2026-02-13 18:53:33,232 - Drone_5 - INFO - Drone 5: Reached target position
2026-02-13 18:53:33,853 - SwarmManager - ERROR - Drone 1 heartbeat timeout
2026-02-13 18:53:33,854 - SwarmManager - ERROR - Handling failure of drone 1: Heartbeat timeout
2026-02-13 18:53:33,855 - SwarmManager - ERROR - Drone 1 crashed
2026-02-13 18:53:33,857 - SwarmManager - ERROR - Handling failure of drone 1: Crashed
2026-02-13 18:53:33,858 - Drone_3 - INFO - Drone 3: Flying to {'x': 2542.5191962261474, 'y': 2517.4393335605514, 'z': 60.0}
2026-02-13 18:53:33,858 - Drone_5 - INFO - Drone 5: Flying to {'x': 2480.516341912889, 'y': 2544.120713903571, 'z': 60.0}
2026-02-13 18:53:34,241 - Drone_5 - INFO - Drone 5: Reached target position
2026-02-13 18:53:34,859 - SwarmManager - ERROR - Drone 1 heartbeat timeout
2026-02-13 18:53:34,861 - SwarmManager - ERROR - Handling failure of drone 1: Heartbeat timeout
2026-02-13 18:53:34,862 - SwarmManager - ERROR - Drone 1 crashed
2026-02-13 18:53:34,863 - SwarmManager - ERROR - Handling failure of drone 1: Crashed
2026-02-13 18:53:34,864 - Drone_3 - INFO - Drone 3: Flying to {'x': 2542.5191962261474, 'y': 2517.4393335605514, 'z': 60.0}
2026-02-13 18:53:34,865 - Drone_5 - INFO - Drone 5: Flying to {'x': 2480.516341912889, 'y': 2544.120713903571, 'z': 60.0}
2026-02-13 18:53:35,246 - Drone_5 - INFO - Drone 5: Reached target position
2026-02-13 18:53:35,866 - SwarmManager - ERROR - Drone 1 heartbeat timeout
2026-02-13 18:53:35,867 - SwarmManager - ERROR - Handling failure of drone 1: Heartbeat timeout
2026-02-13 18:53:35,868 - SwarmManager - ERROR - Drone 1 crashed
2026-02-13 18:53:35,869 - SwarmManager - ERROR - Handling failure of drone 1: Crashed
2026-02-13 18:53:35,871 - Drone_3 - INFO - Drone 3: Flying to {'x': 2542.5191962261474, 'y': 2517.4393335605514, 'z': 60.0}
2026-02-13 18:53:35,871 - Drone_5 - INFO - Drone 5: Flying to {'x': 2480.516341912889, 'y': 2544.120713903571, 'z': 60.0}
2026-02-13 18:53:36,253 - Drone_5 - INFO - Drone 5: Reached target position
2026-02-13 18:53:36,872 - SwarmManager - ERROR - Drone 1 heartbeat timeout
2026-02-13 18:53:36,873 - SwarmManager - ERROR - Handling failure of drone 1: Heartbeat timeout
2026-02-13 18:53:36,873 - SwarmManager - ERROR - Drone 1 crashed
2026-02-13 18:53:36,874 - SwarmManager - ERROR - Handling failure of drone 1: Crashed
2026-02-13 18:53:36,874 - Drone_3 - INFO - Drone 3: Flying to {'x': 2542.5191962261474, 'y': 2517.4393335605514, 'z': 60.0}
2026-02-13 18:53:36,874 - Drone_5 - INFO - Drone 5: Flying to {'x': 2480.516341912889, 'y': 2544.120713903571, 'z': 60.0}
2026-02-13 18:53:37,259 - Drone_5 - INFO - Drone 5: Reached target position
2026-02-13 18:53:37,875 - SwarmManager - ERROR - Drone 1 heartbeat timeout
2026-02-13 18:53:37,875 - SwarmManager - ERROR - Handling failure of drone 1: Heartbeat timeout
2026-02-13 18:53:37,876 - SwarmManager - ERROR - Drone 1 crashed
2026-02-13 18:53:37,876 - SwarmManager - ERROR - Handling failure of drone 1: Crashed
2026-02-13 18:53:37,876 - Drone_3 - INFO - Drone 3: Flying to {'x': 2542.5191962261474, 'y': 2517.4393335605514, 'z': 60.0}
2026-02-13 18:53:37,877 - Drone_5 - INFO - Drone 5: Flying to {'x': 2480.516341912889, 'y': 2544.120713903571, 'z': 60.0}
2026-02-13 18:53:38,267 - Drone_5 - INFO - Drone 5: Reached target position
2026-02-13 18:53:38,877 - SwarmManager - ERROR - Drone 1 heartbeat timeout
2026-02-13 18:53:38,879 - SwarmManager - ERROR - Handling failure of drone 1: Heartbeat timeout
2026-02-13 18:53:38,880 - SwarmManager - ERROR - Drone 1 crashed
2026-02-13 18:53:38,880 - SwarmManager - ERROR - Handling failure of drone 1: Crashed
2026-02-13 18:53:38,881 - Drone_3 - INFO - Drone 3: Flying to {'x': 2542.5191962261474, 'y': 2517.4393335605514, 'z': 60.0}
2026-02-13 18:53:38,881 - Drone_5 - INFO - Drone 5: Flying to {'x': 2480.516341912889, 'y': 2544.120713903571, 'z': 60.0}
2026-02-13 18:53:39,273 - Drone_5 - INFO - Drone 5: Reached target position
2026-02-13 18:53:39,882 - SwarmManager - ERROR - Drone 1 heartbeat timeout
2026-02-13 18:53:39,883 - SwarmManager - ERROR - Handling failure of drone 1: Heartbeat timeout
2026-02-13 18:53:39,883 - SwarmManager - ERROR - Drone 1 crashed
2026-02-13 18:53:39,884 - SwarmManager - ERROR - Handling failure of drone 1: Crashed
2026-02-13 18:53:39,885 - Drone_3 - INFO - Drone 3: Flying to {'x': 2542.5191962261474, 'y': 2517.4393335605514, 'z': 60.0}
2026-02-13 18:53:39,885 - Drone_5 - INFO - Drone 5: Flying to {'x': 2480.516341912889, 'y': 2544.120713903571, 'z': 60.0}
2026-02-13 18:53:40,281 - Drone_5 - INFO - Drone 5: Reached target position
2026-02-13 18:53:40,886 - SwarmManager - ERROR - Drone 1 heartbeat timeout
2026-02-13 18:53:40,887 - SwarmManager - ERROR - Handling failure of drone 1: Heartbeat timeout
2026-02-13 18:53:40,887 - SwarmManager - ERROR - Drone 1 crashed
2026-02-13 18:53:40,888 - SwarmManager - ERROR - Handling failure of drone 1: Crashed
2026-02-13 18:53:40,889 - Drone_3 - INFO - Drone 3: Flying to {'x': 2542.5191962261474, 'y': 2517.4393335605514, 'z': 60.0}
2026-02-13 18:53:40,889 - Drone_5 - INFO - Drone 5: Flying to {'x': 2480.516341912889, 'y': 2544.120713903571, 'z': 60.0}
2026-02-13 18:53:41,287 - Drone_5 - INFO - Drone 5: Reached target position
2026-02-13 18:53:41,890 - SwarmManager - ERROR - Drone 1 heartbeat timeout
2026-02-13 18:53:41,892 - SwarmManager - ERROR - Handling failure of drone 1: Heartbeat timeout
2026-02-13 18:53:41,893 - SwarmManager - ERROR - Drone 1 crashed
2026-02-13 18:53:41,894 - SwarmManager - ERROR - Handling failure of drone 1: Crashed
2026-02-13 18:53:41,895 - Drone_3 - INFO - Drone 3: Flying to {'x': 2542.5191962261474, 'y': 2517.4393335605514, 'z': 60.0}
2026-02-13 18:53:41,895 - Drone_5 - INFO - Drone 5: Flying to {'x': 2480.516341912889, 'y': 2544.120713903571, 'z': 60.0}
2026-02-13 18:53:42,293 - Drone_5 - INFO - Drone 5: Reached target position
2026-02-13 18:53:42,896 - SwarmManager - ERROR - Drone 1 heartbeat timeout
2026-02-13 18:53:42,897 - SwarmManager - ERROR - Handling failure of drone 1: Heartbeat timeout
2026-02-13 18:53:42,898 - SwarmManager - ERROR - Drone 1 crashed
2026-02-13 18:53:42,898 - SwarmManager - ERROR - Handling failure of drone 1: Crashed
2026-02-13 18:53:42,899 - Drone_3 - INFO - Drone 3: Flying to {'x': 2542.5191962261474, 'y': 2517.4393335605514, 'z': 60.0}
2026-02-13 18:53:42,899 - Drone_5 - INFO - Drone 5: Flying to {'x': 2480.516341912889, 'y': 2544.120713903571, 'z': 60.0}
2026-02-13 18:53:43,300 - Drone_5 - INFO - Drone 5: Reached target position
2026-02-13 18:53:43,901 - SwarmManager - ERROR - Drone 1 heartbeat timeout
2026-02-13 18:53:43,902 - SwarmManager - ERROR - Handling failure of drone 1: Heartbeat timeout
2026-02-13 18:53:43,902 - SwarmManager - ERROR - Drone 1 crashed
2026-02-13 18:53:43,903 - SwarmManager - ERROR - Handling failure of drone 1: Crashed
2026-02-13 18:53:43,904 - Drone_3 - INFO - Drone 3: Flying to {'x': 2542.5191962261474, 'y': 2517.4393335605514, 'z': 60.0}
2026-02-13 18:53:43,904 - Drone_5 - INFO - Drone 5: Flying to {'x': 2480.516341912889, 'y': 2544.120713903571, 'z': 60.0}
2026-02-13 18:53:44,306 - Drone_5 - INFO - Drone 5: Reached target position
2026-02-13 18:53:44,904 - SwarmManager - ERROR - Drone 1 heartbeat timeout
2026-02-13 18:53:44,905 - SwarmManager - ERROR - Handling failure of drone 1: Heartbeat timeout
2026-02-13 18:53:44,905 - SwarmManager - ERROR - Drone 1 crashed
2026-02-13 18:53:44,905 - SwarmManager - ERROR - Handling failure of drone 1: Crashed
2026-02-13 18:53:44,906 - Drone_3 - INFO - Drone 3: Flying to {'x': 2542.5191962261474, 'y': 2517.4393335605514, 'z': 60.0}
2026-02-13 18:53:44,906 - Drone_5 - INFO - Drone 5: Flying to {'x': 2480.516341912889, 'y': 2544.120713903571, 'z': 60.0}
2026-02-13 18:53:45,212 - Drone_5 - INFO - Drone 5: Reached target position
2026-02-13 18:53:45,907 - SwarmManager - ERROR - Drone 1 heartbeat timeout
2026-02-13 18:53:45,907 - SwarmManager - ERROR - Handling failure of drone 1: Heartbeat timeout
2026-02-13 18:53:45,907 - SwarmManager - ERROR - Drone 1 crashed
2026-02-13 18:53:45,908 - SwarmManager - ERROR - Handling failure of drone 1: Crashed
2026-02-13 18:53:45,908 - Drone_3 - INFO - Drone 3: Flying to {'x': 2542.5191962261474, 'y': 2517.4393335605514, 'z': 60.0}
2026-02-13 18:53:45,909 - Drone_5 - INFO - Drone 5: Flying to {'x': 2480.516341912889, 'y': 2544.120713903571, 'z': 60.0}
2026-02-13 18:53:46,220 - Drone_5 - INFO - Drone 5: Reached target position
2026-02-13 18:53:46,909 - SwarmManager - ERROR - Drone 1 heartbeat timeout
2026-02-13 18:53:46,910 - SwarmManager - ERROR - Handling failure of drone 1: Heartbeat timeout
2026-02-13 18:53:46,910 - SwarmManager - ERROR - Drone 1 crashed
2026-02-13 18:53:46,910 - SwarmManager - ERROR - Handling failure of drone 1: Crashed
2026-02-13 18:53:46,911 - Drone_3 - INFO - Drone 3: Flying to {'x': 2542.5191962261474, 'y': 2517.4393335605514, 'z': 60.0}
2026-02-13 18:53:46,911 - Drone_5 - INFO - Drone 5: Flying to {'x': 2480.516341912889, 'y': 2544.120713903571, 'z': 60.0}
2026-02-13 18:53:47,227 - Drone_5 - INFO - Drone 5: Reached target position
2026-02-13 18:53:47,911 - SwarmManager - ERROR - Drone 1 heartbeat timeout
2026-02-13 18:53:47,911 - SwarmManager - ERROR - Handling failure of drone 1: Heartbeat timeout
2026-02-13 18:53:47,912 - SwarmManager - ERROR - Drone 1 crashed
2026-02-13 18:53:47,912 - SwarmManager - ERROR - Handling failure of drone 1: Crashed
2026-02-13 18:53:47,912 - Drone_3 - INFO - Drone 3: Flying to {'x': 2542.5191962261474, 'y': 2517.4393335605514, 'z': 60.0}
2026-02-13 18:53:47,912 - Drone_5 - INFO - Drone 5: Flying to {'x': 2480.516341912889, 'y': 2544.120713903571, 'z': 60.0}
2026-02-13 18:53:48,231 - Drone_5 - INFO - Drone 5: Reached target position
2026-02-13 18:53:48,913 - SwarmManager - ERROR - Drone 1 heartbeat timeout
2026-02-13 18:53:48,913 - SwarmManager - ERROR - Handling failure of drone 1: Heartbeat timeout
2026-02-13 18:53:48,913 - SwarmManager - ERROR - Drone 1 crashed
2026-02-13 18:53:48,913 - SwarmManager - ERROR - Handling failure of drone 1: Crashed
2026-02-13 18:53:48,914 - Drone_3 - INFO - Drone 3: Flying to {'x': 2542.5191962261474, 'y': 2517.4393335605514, 'z': 60.0}
2026-02-13 18:53:48,914 - Drone_5 - INFO - Drone 5: Flying to {'x': 2480.516341912889, 'y': 2544.120713903571, 'z': 60.0}
2026-02-13 18:53:49,235 - Drone_5 - INFO - Drone 5: Reached target position
2026-02-13 18:53:49,915 - SwarmManager - ERROR - Drone 1 heartbeat timeout
2026-02-13 18:53:49,915 - SwarmManager - ERROR - Handling failure of drone 1: Heartbeat timeout
2026-02-13 18:53:49,915 - SwarmManager - ERROR - Drone 1 crashed
2026-02-13 18:53:49,915 - SwarmManager - ERROR - Handling failure of drone 1: Crashed
2026-02-13 18:53:49,915 - Drone_3 - INFO - Drone 3: Flying to {'x': 2542.5191962261474, 'y': 2517.4393335605514, 'z': 60.0}
2026-02-13 18:53:49,916 - Drone_5 - INFO - Drone 5: Flying to {'x': 2480.516341912889, 'y': 2544.120713903571, 'z': 60.0}
2026-02-13 18:53:50,243 - Drone_5 - INFO - Drone 5: Reached target position
2026-02-13 18:53:50,627 - PhysicalMLTrainer_Drone3 - INFO - Physical ML model trained drone=3 samples=2901 degree=2 alpha=0.0 val_mse=0.000409
2026-02-13 18:53:50,657 - PhysicalMLTrainer_Drone2 - INFO - Physical ML model trained drone=2 samples=2901 degree=2 alpha=0.0 val_mse=0.000000
2026-02-13 18:53:50,657 - PhysicalMLTrainer_Drone4 - INFO - Physical ML model trained drone=4 samples=2901 degree=2 alpha=0.0 val_mse=0.000365
2026-02-13 18:53:50,660 - PhysicalMLTrainer_Drone5 - INFO - Physical ML model trained drone=5 samples=2901 degree=2 alpha=1.0 val_mse=0.058604
2026-02-13 18:53:50,916 - SwarmManager - ERROR - Drone 1 heartbeat timeout
2026-02-13 18:53:50,917 - SwarmManager - ERROR - Handling failure of drone 1: Heartbeat timeout
2026-02-13 18:53:50,918 - SwarmManager - ERROR - Drone 1 crashed
2026-02-13 18:53:50,918 - SwarmManager - ERROR - Handling failure of drone 1: Crashed
2026-02-13 18:53:50,919 - Drone_3 - INFO - Drone 3: Flying to {'x': 2542.5191962261474, 'y': 2517.4393335605514, 'z': 60.0}
2026-02-13 18:53:50,919 - Drone_5 - INFO - Drone 5: Flying to {'x': 2480.516341912889, 'y': 2544.120713903571, 'z': 60.0}
2026-02-13 18:53:51,262 - Drone_5 - INFO - Drone 5: Reached target position
2026-02-13 18:53:51,920 - SwarmManager - ERROR - Drone 1 heartbeat timeout
2026-02-13 18:53:51,921 - SwarmManager - ERROR - Handling failure of drone 1: Heartbeat timeout
2026-02-13 18:53:51,922 - SwarmManager - ERROR - Drone 1 crashed
2026-02-13 18:53:51,923 - SwarmManager - ERROR - Handling failure of drone 1: Crashed
2026-02-13 18:53:51,923 - Drone_3 - INFO - Drone 3: Flying to {'x': 2542.5191962261474, 'y': 2517.4393335605514, 'z': 60.0}
2026-02-13 18:53:51,923 - Drone_5 - INFO - Drone 5: Flying to {'x': 2480.516341912889, 'y': 2544.120713903571, 'z': 60.0}
2026-02-13 18:53:52,267 - Drone_5 - INFO - Drone 5: Reached target position
2026-02-13 18:53:52,924 - SwarmManager - ERROR - Drone 1 heartbeat timeout
2026-02-13 18:53:52,925 - SwarmManager - ERROR - Handling failure of drone 1: Heartbeat timeout
2026-02-13 18:53:52,927 - SwarmManager - ERROR - Drone 1 crashed
2026-02-13 18:53:52,929 - SwarmManager - ERROR - Handling failure of drone 1: Crashed
2026-02-13 18:53:52,930 - Drone_3 - INFO - Drone 3: Flying to {'x': 2542.5191962261474, 'y': 2517.4393335605514, 'z': 60.0}
2026-02-13 18:53:52,930 - Drone_5 - INFO - Drone 5: Flying to {'x': 2480.516341912889, 'y': 2544.120713903571, 'z': 60.0}
2026-02-13 18:53:53,273 - Drone_5 - INFO - Drone 5: Reached target position
2026-02-13 18:53:53,931 - SwarmManager - ERROR - Drone 1 heartbeat timeout
2026-02-13 18:53:53,931 - SwarmManager - ERROR - Handling failure of drone 1: Heartbeat timeout
2026-02-13 18:53:53,931 - SwarmManager - ERROR - Drone 1 crashed
2026-02-13 18:53:53,931 - SwarmManager - ERROR - Handling failure of drone 1: Crashed
2026-02-13 18:53:53,932 - Drone_3 - INFO - Drone 3: Flying to {'x': 2542.5191962261474, 'y': 2517.4393335605514, 'z': 60.0}
2026-02-13 18:53:53,932 - Drone_5 - INFO - Drone 5: Flying to {'x': 2480.516341912889, 'y': 2544.120713903571, 'z': 60.0}
2026-02-13 18:53:54,280 - Drone_5 - INFO - Drone 5: Reached target position
2026-02-13 18:53:54,932 - SwarmManager - ERROR - Drone 1 heartbeat timeout
2026-02-13 18:53:54,933 - SwarmManager - ERROR - Handling failure of drone 1: Heartbeat timeout
2026-02-13 18:53:54,933 - SwarmManager - ERROR - Drone 1 crashed
2026-02-13 18:53:54,934 - SwarmManager - ERROR - Handling failure of drone 1: Crashed
2026-02-13 18:53:54,934 - Drone_3 - INFO - Drone 3: Flying to {'x': 2542.5191962261474, 'y': 2517.4393335605514, 'z': 60.0}
2026-02-13 18:53:54,934 - Drone_5 - INFO - Drone 5: Flying to {'x': 2480.516341912889, 'y': 2544.120713903571, 'z': 60.0}
2026-02-13 18:53:55,285 - Drone_5 - INFO - Drone 5: Reached target position
2026-02-13 18:53:55,935 - SwarmManager - ERROR - Drone 1 heartbeat timeout
2026-02-13 18:53:55,935 - SwarmManager - ERROR - Handling failure of drone 1: Heartbeat timeout
2026-02-13 18:53:55,935 - SwarmManager - ERROR - Drone 1 crashed
2026-02-13 18:53:55,936 - SwarmManager - ERROR - Handling failure of drone 1: Crashed
2026-02-13 18:53:55,936 - Drone_3 - INFO - Drone 3: Flying to {'x': 2542.5191962261474, 'y': 2517.4393335605514, 'z': 60.0}
2026-02-13 18:53:55,936 - Drone_5 - INFO - Drone 5: Flying to {'x': 2480.516341912889, 'y': 2544.120713903571, 'z': 60.0}
2026-02-13 18:53:56,290 - Drone_5 - INFO - Drone 5: Reached target position
2026-02-13 18:53:56,936 - SwarmManager - ERROR - Drone 1 heartbeat timeout
2026-02-13 18:53:56,937 - SwarmManager - ERROR - Handling failure of drone 1: Heartbeat timeout
2026-02-13 18:53:56,937 - SwarmManager - ERROR - Drone 1 crashed
2026-02-13 18:53:56,937 - SwarmManager - ERROR - Handling failure of drone 1: Crashed
2026-02-13 18:53:56,938 - Drone_3 - INFO - Drone 3: Flying to {'x': 2542.5191962261474, 'y': 2517.4393335605514, 'z': 60.0}
2026-02-13 18:53:56,938 - Drone_5 - INFO - Drone 5: Flying to {'x': 2480.516341912889, 'y': 2544.120713903571, 'z': 60.0}
2026-02-13 18:53:57,295 - Drone_5 - INFO - Drone 5: Reached target position
2026-02-13 18:53:57,938 - SwarmManager - ERROR - Drone 1 heartbeat timeout
2026-02-13 18:53:57,939 - SwarmManager - ERROR - Handling failure of drone 1: Heartbeat timeout
2026-02-13 18:53:57,939 - SwarmManager - ERROR - Drone 1 crashed
2026-02-13 18:53:57,939 - SwarmManager - ERROR - Handling failure of drone 1: Crashed
2026-02-13 18:53:57,939 - Drone_3 - INFO - Drone 3: Flying to {'x': 2542.5191962261474, 'y': 2517.4393335605514, 'z': 60.0}
2026-02-13 18:53:57,940 - Drone_5 - INFO - Drone 5: Flying to {'x': 2480.516341912889, 'y': 2544.120713903571, 'z': 60.0}
2026-02-13 18:53:58,300 - Drone_5 - INFO - Drone 5: Reached target position
2026-02-13 18:53:58,940 - SwarmManager - ERROR - Drone 1 heartbeat timeout
2026-02-13 18:53:58,941 - SwarmManager - ERROR - Handling failure of drone 1: Heartbeat timeout
2026-02-13 18:53:58,941 - SwarmManager - ERROR - Drone 1 crashed
2026-02-13 18:53:58,941 - SwarmManager - ERROR - Handling failure of drone 1: Crashed
2026-02-13 18:53:58,942 - Drone_3 - INFO - Drone 3: Flying to {'x': 2542.5191962261474, 'y': 2517.4393335605514, 'z': 60.0}
2026-02-13 18:53:58,943 - Drone_5 - INFO - Drone 5: Flying to {'x': 2480.516341912889, 'y': 2544.120713903571, 'z': 60.0}
2026-02-13 18:53:59,305 - Drone_5 - INFO - Drone 5: Reached target position
2026-02-13 18:53:59,943 - SwarmManager - ERROR - Drone 1 heartbeat timeout
2026-02-13 18:53:59,944 - SwarmManager - ERROR - Handling failure of drone 1: Heartbeat timeout
2026-02-13 18:53:59,944 - SwarmManager - ERROR - Drone 1 crashed
2026-02-13 18:53:59,944 - SwarmManager - ERROR - Handling failure of drone 1: Crashed
2026-02-13 18:53:59,945 - Drone_3 - INFO - Drone 3: Flying to {'x': 2542.5191962261474, 'y': 2517.4393335605514, 'z': 60.0}
2026-02-13 18:53:59,945 - Drone_5 - INFO - Drone 5: Flying to {'x': 2480.516341912889, 'y': 2544.120713903571, 'z': 60.0}
2026-02-13 18:54:00,311 - Drone_5 - INFO - Drone 5: Reached target position
2026-02-13 18:54:00,946 - SwarmManager - ERROR - Drone 1 heartbeat timeout
2026-02-13 18:54:00,946 - SwarmManager - ERROR - Handling failure of drone 1: Heartbeat timeout
2026-02-13 18:54:00,946 - SwarmManager - ERROR - Drone 1 crashed
2026-02-13 18:54:00,947 - SwarmManager - ERROR - Handling failure of drone 1: Crashed
2026-02-13 18:54:00,948 - Drone_3 - INFO - Drone 3: Flying to {'x': 2542.5191962261474, 'y': 2517.4393335605514, 'z': 60.0}
2026-02-13 18:54:00,948 - Drone_5 - INFO - Drone 5: Flying to {'x': 2480.516341912889, 'y': 2544.120713903571, 'z': 60.0}
2026-02-13 18:54:01,317 - Drone_5 - INFO - Drone 5: Reached target position
2026-02-13 18:54:01,949 - SwarmManager - ERROR - Drone 1 heartbeat timeout
2026-02-13 18:54:01,949 - SwarmManager - ERROR - Handling failure of drone 1: Heartbeat timeout
2026-02-13 18:54:01,950 - SwarmManager - ERROR - Drone 1 crashed
2026-02-13 18:54:01,950 - SwarmManager - ERROR - Handling failure of drone 1: Crashed
2026-02-13 18:54:01,951 - Drone_3 - INFO - Drone 3: Flying to {'x': 2542.5191962261474, 'y': 2517.4393335605514, 'z': 60.0}
2026-02-13 18:54:01,951 - Drone_5 - INFO - Drone 5: Flying to {'x': 2480.516341912889, 'y': 2544.120713903571, 'z': 60.0}
2026-02-13 18:54:02,324 - Drone_5 - INFO - Drone 5: Reached target position
2026-02-13 18:54:02,951 - SwarmManager - ERROR - Drone 1 heartbeat timeout
2026-02-13 18:54:02,952 - SwarmManager - ERROR - Handling failure of drone 1: Heartbeat timeout
2026-02-13 18:54:02,952 - SwarmManager - ERROR - Drone 1 crashed
2026-02-13 18:54:02,952 - SwarmManager - ERROR - Handling failure of drone 1: Crashed
2026-02-13 18:54:02,952 - Drone_3 - INFO - Drone 3: Flying to {'x': 2542.519196226148, 'y': 2517.4393335605514, 'z': 60.0}
2026-02-13 18:54:02,952 - Drone_5 - INFO - Drone 5: Flying to {'x': 2480.5163419128894, 'y': 2544.120713903571, 'z': 60.0}
2026-02-13 18:54:03,331 - Drone_5 - INFO - Drone 5: Reached target position
2026-02-13 18:54:03,953 - SwarmManager - ERROR - Drone 1 heartbeat timeout
2026-02-13 18:54:03,954 - SwarmManager - ERROR - Handling failure of drone 1: Heartbeat timeout
2026-02-13 18:54:03,954 - SwarmManager - ERROR - Drone 1 crashed
2026-02-13 18:54:03,955 - SwarmManager - ERROR - Handling failure of drone 1: Crashed
2026-02-13 18:54:03,955 - Drone_3 - INFO - Drone 3: Flying to {'x': 2542.519196226148, 'y': 2517.4393335605514, 'z': 60.0}
2026-02-13 18:54:03,955 - Drone_5 - INFO - Drone 5: Flying to {'x': 2480.5163419128894, 'y': 2544.120713903571, 'z': 60.0}
2026-02-13 18:54:04,337 - Drone_5 - INFO - Drone 5: Reached target position
2026-02-13 18:54:04,956 - SwarmManager - ERROR - Drone 1 heartbeat timeout
2026-02-13 18:54:04,957 - SwarmManager - ERROR - Handling failure of drone 1: Heartbeat timeout
2026-02-13 18:54:04,958 - SwarmManager - ERROR - Drone 1 crashed
2026-02-13 18:54:04,958 - SwarmManager - ERROR - Handling failure of drone 1: Crashed
2026-02-13 18:54:04,959 - Drone_3 - INFO - Drone 3: Flying to {'x': 2542.5191962261474, 'y': 2517.4393335605514, 'z': 60.0}
2026-02-13 18:54:04,959 - Drone_5 - INFO - Drone 5: Flying to {'x': 2480.516341912889, 'y': 2544.120713903571, 'z': 60.0}
2026-02-13 18:54:05,348 - Drone_5 - INFO - Drone 5: Reached target position
2026-02-13 18:54:05,960 - SwarmManager - ERROR - Drone 1 heartbeat timeout
2026-02-13 18:54:05,961 - SwarmManager - ERROR - Handling failure of drone 1: Heartbeat timeout
2026-02-13 18:54:05,963 - SwarmManager - ERROR - Drone 1 crashed
2026-02-13 18:54:05,963 - SwarmManager - ERROR - Handling failure of drone 1: Crashed
2026-02-13 18:54:05,964 - Drone_3 - INFO - Drone 3: Flying to {'x': 2542.5191962261474, 'y': 2517.4393335605514, 'z': 60.0}
2026-02-13 18:54:05,965 - Drone_5 - INFO - Drone 5: Flying to {'x': 2480.516341912889, 'y': 2544.120713903571, 'z': 60.0}
2026-02-13 18:54:06,353 - Drone_5 - INFO - Drone 5: Reached target position
2026-02-13 18:54:06,966 - SwarmManager - ERROR - Drone 1 heartbeat timeout
2026-02-13 18:54:06,966 - SwarmManager - ERROR - Handling failure of drone 1: Heartbeat timeout
2026-02-13 18:54:06,966 - SwarmManager - ERROR - Drone 1 crashed
2026-02-13 18:54:06,967 - SwarmManager - ERROR - Handling failure of drone 1: Crashed
2026-02-13 18:54:06,967 - Drone_3 - INFO - Drone 3: Flying to {'x': 2542.5191962261474, 'y': 2517.4393335605514, 'z': 60.0}
2026-02-13 18:54:06,967 - Drone_5 - INFO - Drone 5: Flying to {'x': 2480.516341912889, 'y': 2544.120713903571, 'z': 60.0}
2026-02-13 18:54:07,359 - Drone_5 - INFO - Drone 5: Reached target position
2026-02-13 18:54:07,967 - SwarmManager - ERROR - Drone 1 heartbeat timeout
2026-02-13 18:54:07,968 - SwarmManager - ERROR - Handling failure of drone 1: Heartbeat timeout
2026-02-13 18:54:07,968 - SwarmManager - ERROR - Drone 1 crashed
2026-02-13 18:54:07,969 - SwarmManager - ERROR - Handling failure of drone 1: Crashed
2026-02-13 18:54:07,969 - Drone_3 - INFO - Drone 3: Flying to {'x': 2542.5191962261474, 'y': 2517.4393335605514, 'z': 60.0}
2026-02-13 18:54:07,969 - Drone_5 - INFO - Drone 5: Flying to {'x': 2480.516341912889, 'y': 2544.120713903571, 'z': 60.0}
2026-02-13 18:54:08,367 - Drone_5 - INFO - Drone 5: Reached target position
2026-02-13 18:54:08,970 - SwarmManager - ERROR - Drone 1 heartbeat timeout
2026-02-13 18:54:08,970 - SwarmManager - ERROR - Handling failure of drone 1: Heartbeat timeout
2026-02-13 18:54:08,970 - SwarmManager - ERROR - Drone 1 crashed
2026-02-13 18:54:08,970 - SwarmManager - ERROR - Handling failure of drone 1: Crashed
2026-02-13 18:54:08,971 - Drone_3 - INFO - Drone 3: Flying to {'x': 2542.5191962261474, 'y': 2517.4393335605514, 'z': 60.0}
2026-02-13 18:54:08,971 - Drone_5 - INFO - Drone 5: Flying to {'x': 2480.516341912889, 'y': 2544.120713903571, 'z': 60.0}
2026-02-13 18:54:09,373 - Drone_5 - INFO - Drone 5: Reached target position
2026-02-13 18:54:09,971 - SwarmManager - ERROR - Drone 1 heartbeat timeout
2026-02-13 18:54:09,972 - SwarmManager - ERROR - Handling failure of drone 1: Heartbeat timeout
2026-02-13 18:54:09,973 - SwarmManager - ERROR - Drone 1 crashed
2026-02-13 18:54:09,973 - SwarmManager - ERROR - Handling failure of drone 1: Crashed
2026-02-13 18:54:09,974 - Drone_3 - INFO - Drone 3: Flying to {'x': 2542.5191962261474, 'y': 2517.4393335605514, 'z': 60.0}
2026-02-13 18:54:09,974 - Drone_5 - INFO - Drone 5: Flying to {'x': 2480.516341912889, 'y': 2544.120713903571, 'z': 60.0}
2026-02-13 18:54:10,279 - Drone_5 - INFO - Drone 5: Reached target position
2026-02-13 18:54:10,786 - PhysicalMLTrainer_Drone2 - INFO - Physical ML model trained drone=2 samples=3101 degree=2 alpha=0.0 val_mse=0.000000
2026-02-13 18:54:10,787 - PhysicalMLTrainer_Drone3 - INFO - Physical ML model trained drone=3 samples=3101 degree=2 alpha=0.0 val_mse=0.000403
2026-02-13 18:54:10,787 - PhysicalMLTrainer_Drone4 - INFO - Physical ML model trained drone=4 samples=3101 degree=2 alpha=0.0 val_mse=0.000353
2026-02-13 18:54:10,794 - PhysicalMLTrainer_Drone5 - INFO - Physical ML model trained drone=5 samples=3101 degree=2 alpha=1.0 val_mse=0.110788
2026-02-13 18:54:10,975 - SwarmManager - ERROR - Drone 1 heartbeat timeout
2026-02-13 18:54:10,976 - SwarmManager - ERROR - Handling failure of drone 1: Heartbeat timeout
2026-02-13 18:54:10,977 - SwarmManager - ERROR - Drone 1 crashed
2026-02-13 18:54:10,978 - SwarmManager - ERROR - Handling failure of drone 1: Crashed
2026-02-13 18:54:10,979 - Drone_3 - INFO - Drone 3: Flying to {'x': 2542.5191962261474, 'y': 2517.4393335605514, 'z': 60.0}
2026-02-13 18:54:10,980 - Drone_5 - INFO - Drone 5: Flying to {'x': 2480.516341912889, 'y': 2544.120713903571, 'z': 60.0}
2026-02-13 18:54:11,296 - Drone_5 - INFO - Drone 5: Reached target position
2026-02-13 18:54:11,982 - SwarmManager - ERROR - Drone 1 heartbeat timeout
2026-02-13 18:54:11,983 - SwarmManager - ERROR - Handling failure of drone 1: Heartbeat timeout
2026-02-13 18:54:11,984 - SwarmManager - ERROR - Drone 1 crashed
2026-02-13 18:54:11,985 - SwarmManager - ERROR - Handling failure of drone 1: Crashed
2026-02-13 18:54:11,986 - Drone_3 - INFO - Drone 3: Flying to {'x': 2542.5191962261474, 'y': 2517.4393335605514, 'z': 60.0}
2026-02-13 18:54:11,987 - Drone_5 - INFO - Drone 5: Flying to {'x': 2480.516341912889, 'y': 2544.120713903571, 'z': 60.0}
2026-02-13 18:54:12,302 - Drone_5 - INFO - Drone 5: Reached target position
2026-02-13 18:54:12,988 - SwarmManager - ERROR - Drone 1 heartbeat timeout
2026-02-13 18:54:12,989 - SwarmManager - ERROR - Handling failure of drone 1: Heartbeat timeout
2026-02-13 18:54:12,990 - SwarmManager - ERROR - Drone 1 crashed
2026-02-13 18:54:12,990 - SwarmManager - ERROR - Handling failure of drone 1: Crashed
2026-02-13 18:54:12,991 - Drone_3 - INFO - Drone 3: Flying to {'x': 2542.5191962261474, 'y': 2517.4393335605514, 'z': 60.0}
2026-02-13 18:54:12,991 - Drone_5 - INFO - Drone 5: Flying to {'x': 2480.516341912889, 'y': 2544.120713903571, 'z': 60.0}
2026-02-13 18:54:13,307 - Drone_5 - INFO - Drone 5: Reached target position
2026-02-13 18:54:13,992 - SwarmManager - ERROR - Drone 1 heartbeat timeout
2026-02-13 18:54:13,993 - SwarmManager - ERROR - Handling failure of drone 1: Heartbeat timeout
2026-02-13 18:54:13,993 - SwarmManager - ERROR - Drone 1 crashed
2026-02-13 18:54:13,993 - SwarmManager - ERROR - Handling failure of drone 1: Crashed
2026-02-13 18:54:13,993 - Drone_3 - INFO - Drone 3: Flying to {'x': 2542.5191962261474, 'y': 2517.4393335605514, 'z': 60.0}
2026-02-13 18:54:13,993 - Drone_5 - INFO - Drone 5: Flying to {'x': 2480.516341912889, 'y': 2544.120713903571, 'z': 60.0}
2026-02-13 18:54:14,314 - Drone_5 - INFO - Drone 5: Reached target position
2026-02-13 18:54:14,996 - SwarmManager - ERROR - Drone 1 heartbeat timeout
2026-02-13 18:54:14,996 - SwarmManager - ERROR - Handling failure of drone 1: Heartbeat timeout
2026-02-13 18:54:14,997 - SwarmManager - ERROR - Drone 1 crashed
2026-02-13 18:54:14,997 - SwarmManager - ERROR - Handling failure of drone 1: Crashed
2026-02-13 18:54:14,998 - Drone_3 - INFO - Drone 3: Flying to {'x': 2542.5191962261474, 'y': 2517.439333560552, 'z': 60.0}
2026-02-13 18:54:14,998 - Drone_5 - INFO - Drone 5: Flying to {'x': 2480.516341912889, 'y': 2544.1207139035714, 'z': 60.0}
2026-02-13 18:54:15,320 - Drone_5 - INFO - Drone 5: Reached target position
2026-02-13 18:54:15,999 - SwarmManager - ERROR - Drone 1 heartbeat timeout
2026-02-13 18:54:15,999 - SwarmManager - ERROR - Handling failure of drone 1: Heartbeat timeout
2026-02-13 18:54:16,000 - SwarmManager - ERROR - Drone 1 crashed
2026-02-13 18:54:16,000 - SwarmManager - ERROR - Handling failure of drone 1: Crashed
2026-02-13 18:54:16,000 - Drone_3 - INFO - Drone 3: Flying to {'x': 2542.5191962261474, 'y': 2517.4393335605514, 'z': 60.0}
2026-02-13 18:54:16,000 - Drone_5 - INFO - Drone 5: Flying to {'x': 2480.516341912889, 'y': 2544.120713903571, 'z': 60.0}
2026-02-13 18:54:16,326 - Drone_5 - INFO - Drone 5: Reached target position
2026-02-13 18:54:17,001 - SwarmManager - ERROR - Drone 1 heartbeat timeout
2026-02-13 18:54:17,002 - SwarmManager - ERROR - Handling failure of drone 1: Heartbeat timeout
2026-02-13 18:54:17,002 - SwarmManager - ERROR - Drone 1 crashed
2026-02-13 18:54:17,003 - SwarmManager - ERROR - Handling failure of drone 1: Crashed
2026-02-13 18:54:17,003 - Drone_3 - INFO - Drone 3: Flying to {'x': 2542.5191962261474, 'y': 2517.4393335605514, 'z': 60.0}
2026-02-13 18:54:17,003 - Drone_5 - INFO - Drone 5: Flying to {'x': 2480.516341912889, 'y': 2544.120713903571, 'z': 60.0}
2026-02-13 18:54:17,330 - Drone_5 - INFO - Drone 5: Reached target position
2026-02-13 18:54:18,003 - SwarmManager - ERROR - Drone 1 heartbeat timeout
2026-02-13 18:54:18,005 - SwarmManager - ERROR - Handling failure of drone 1: Heartbeat timeout
2026-02-13 18:54:18,006 - SwarmManager - ERROR - Drone 1 crashed
2026-02-13 18:54:18,007 - SwarmManager - ERROR - Handling failure of drone 1: Crashed
2026-02-13 18:54:18,008 - Drone_3 - INFO - Drone 3: Flying to {'x': 2542.5191962261474, 'y': 2517.4393335605514, 'z': 60.0}
2026-02-13 18:54:18,008 - Drone_5 - INFO - Drone 5: Flying to {'x': 2480.516341912889, 'y': 2544.120713903571, 'z': 60.0}
2026-02-13 18:54:18,337 - Drone_5 - INFO - Drone 5: Reached target position
2026-02-13 18:54:19,009 - SwarmManager - ERROR - Drone 1 heartbeat timeout
2026-02-13 18:54:19,009 - SwarmManager - ERROR - Handling failure of drone 1: Heartbeat timeout
2026-02-13 18:54:19,009 - SwarmManager - ERROR - Drone 1 crashed
2026-02-13 18:54:19,010 - SwarmManager - ERROR - Handling failure of drone 1: Crashed
2026-02-13 18:54:19,010 - Drone_3 - INFO - Drone 3: Flying to {'x': 2542.5191962261474, 'y': 2517.4393335605514, 'z': 60.0}
2026-02-13 18:54:19,010 - Drone_5 - INFO - Drone 5: Flying to {'x': 2480.516341912889, 'y': 2544.120713903571, 'z': 60.0}
2026-02-13 18:54:19,343 - Drone_5 - INFO - Drone 5: Reached target position
2026-02-13 18:54:20,010 - SwarmManager - ERROR - Drone 1 heartbeat timeout
2026-02-13 18:54:20,011 - SwarmManager - ERROR - Handling failure of drone 1: Heartbeat timeout
2026-02-13 18:54:20,011 - SwarmManager - ERROR - Drone 1 crashed
2026-02-13 18:54:20,012 - SwarmManager - ERROR - Handling failure of drone 1: Crashed
2026-02-13 18:54:20,012 - Drone_3 - INFO - Drone 3: Flying to {'x': 2542.519196226148, 'y': 2517.4393335605514, 'z': 60.0}
2026-02-13 18:54:20,012 - Drone_5 - INFO - Drone 5: Flying to {'x': 2480.5163419128894, 'y': 2544.120713903571, 'z': 60.0}
2026-02-13 18:54:20,349 - Drone_5 - INFO - Drone 5: Reached target position
2026-02-13 18:54:21,013 - SwarmManager - ERROR - Drone 1 heartbeat timeout
2026-02-13 18:54:21,014 - SwarmManager - ERROR - Handling failure of drone 1: Heartbeat timeout
2026-02-13 18:54:21,014 - SwarmManager - ERROR - Drone 1 crashed
2026-02-13 18:54:21,015 - SwarmManager - ERROR - Handling failure of drone 1: Crashed
2026-02-13 18:54:21,015 - Drone_3 - INFO - Drone 3: Flying to {'x': 2542.519196226148, 'y': 2517.4393335605514, 'z': 60.0}
2026-02-13 18:54:21,016 - Drone_5 - INFO - Drone 5: Flying to {'x': 2480.5163419128894, 'y': 2544.120713903571, 'z': 60.0}
2026-02-13 18:54:21,354 - Drone_5 - INFO - Drone 5: Reached target position
2026-02-13 18:54:22,018 - SwarmManager - ERROR - Drone 1 heartbeat timeout
2026-02-13 18:54:22,019 - SwarmManager - ERROR - Handling failure of drone 1: Heartbeat timeout
2026-02-13 18:54:22,019 - SwarmManager - ERROR - Drone 1 crashed
2026-02-13 18:54:22,020 - SwarmManager - ERROR - Handling failure of drone 1: Crashed
2026-02-13 18:54:22,020 - Drone_3 - INFO - Drone 3: Flying to {'x': 2542.5191962261474, 'y': 2517.4393335605514, 'z': 60.0}
2026-02-13 18:54:22,021 - Drone_5 - INFO - Drone 5: Flying to {'x': 2480.516341912889, 'y': 2544.120713903571, 'z': 60.0}
2026-02-13 18:54:22,360 - Drone_5 - INFO - Drone 5: Reached target position
2026-02-13 18:54:23,021 - SwarmManager - ERROR - Drone 1 heartbeat timeout
2026-02-13 18:54:23,022 - SwarmManager - ERROR - Handling failure of drone 1: Heartbeat timeout
2026-02-13 18:54:23,022 - SwarmManager - ERROR - Drone 1 crashed
2026-02-13 18:54:23,022 - SwarmManager - ERROR - Handling failure of drone 1: Crashed
2026-02-13 18:54:23,022 - Drone_3 - INFO - Drone 3: Flying to {'x': 2542.5191962261474, 'y': 2517.4393335605514, 'z': 60.0}
2026-02-13 18:54:23,023 - Drone_5 - INFO - Drone 5: Flying to {'x': 2480.516341912889, 'y': 2544.120713903571, 'z': 60.0}
2026-02-13 18:54:23,365 - Drone_5 - INFO - Drone 5: Reached target position
2026-02-13 18:54:24,024 - SwarmManager - ERROR - Drone 1 heartbeat timeout
2026-02-13 18:54:24,025 - SwarmManager - ERROR - Handling failure of drone 1: Heartbeat timeout
2026-02-13 18:54:24,025 - SwarmManager - ERROR - Drone 1 crashed
2026-02-13 18:54:24,025 - SwarmManager - ERROR - Handling failure of drone 1: Crashed
2026-02-13 18:54:24,026 - Drone_3 - INFO - Drone 3: Flying to {'x': 2542.5191962261474, 'y': 2517.439333560552, 'z': 60.0}
2026-02-13 18:54:24,026 - Drone_5 - INFO - Drone 5: Flying to {'x': 2480.516341912889, 'y': 2544.1207139035714, 'z': 60.0}
2026-02-13 18:54:24,370 - Drone_5 - INFO - Drone 5: Reached target position
2026-02-13 18:54:25,027 - SwarmManager - ERROR - Drone 1 heartbeat timeout
2026-02-13 18:54:25,027 - SwarmManager - ERROR - Handling failure of drone 1: Heartbeat timeout
2026-02-13 18:54:25,028 - SwarmManager - ERROR - Drone 1 crashed
2026-02-13 18:54:25,028 - SwarmManager - ERROR - Handling failure of drone 1: Crashed
2026-02-13 18:54:25,029 - Drone_3 - INFO - Drone 3: Flying to {'x': 2542.5191962261474, 'y': 2517.4393335605514, 'z': 60.0}
2026-02-13 18:54:25,029 - Drone_5 - INFO - Drone 5: Flying to {'x': 2480.516341912889, 'y': 2544.120713903572, 'z': 60.0}
2026-02-13 18:54:25,376 - Drone_5 - INFO - Drone 5: Reached target position
2026-02-13 18:54:26,029 - SwarmManager - ERROR - Drone 1 heartbeat timeout
2026-02-13 18:54:26,030 - SwarmManager - ERROR - Handling failure of drone 1: Heartbeat timeout
2026-02-13 18:54:26,030 - SwarmManager - ERROR - Drone 1 crashed
2026-02-13 18:54:26,031 - SwarmManager - ERROR - Handling failure of drone 1: Crashed
2026-02-13 18:54:26,031 - Drone_3 - INFO - Drone 3: Flying to {'x': 2542.5191962261474, 'y': 2517.4393335605514, 'z': 60.0}
2026-02-13 18:54:26,031 - Drone_5 - INFO - Drone 5: Flying to {'x': 2480.516341912889, 'y': 2544.120713903571, 'z': 60.0}
2026-02-13 18:54:26,383 - Drone_5 - INFO - Drone 5: Reached target position
2026-02-13 18:54:27,032 - SwarmManager - ERROR - Drone 1 heartbeat timeout
2026-02-13 18:54:27,032 - SwarmManager - ERROR - Handling failure of drone 1: Heartbeat timeout
2026-02-13 18:54:27,033 - SwarmManager - ERROR - Drone 1 crashed
2026-02-13 18:54:27,033 - SwarmManager - ERROR - Handling failure of drone 1: Crashed
2026-02-13 18:54:27,034 - Drone_3 - INFO - Drone 3: Flying to {'x': 2542.5191962261465, 'y': 2517.4393335605514, 'z': 60.0}
2026-02-13 18:54:27,034 - Drone_5 - INFO - Drone 5: Flying to {'x': 2480.516341912889, 'y': 2544.120713903572, 'z': 60.0}
2026-02-13 18:54:27,392 - Drone_5 - INFO - Drone 5: Reached target position
2026-02-13 18:54:28,035 - SwarmManager - ERROR - Drone 1 heartbeat timeout
2026-02-13 18:54:28,035 - SwarmManager - ERROR - Handling failure of drone 1: Heartbeat timeout
2026-02-13 18:54:28,036 - SwarmManager - ERROR - Drone 1 crashed
2026-02-13 18:54:28,036 - SwarmManager - ERROR - Handling failure of drone 1: Crashed
2026-02-13 18:54:28,036 - Drone_3 - INFO - Drone 3: Flying to {'x': 2542.5191962261465, 'y': 2517.4393335605514, 'z': 60.0}
2026-02-13 18:54:28,036 - Drone_5 - INFO - Drone 5: Flying to {'x': 2480.516341912889, 'y': 2544.120713903572, 'z': 60.0}
2026-02-13 18:54:28,400 - Drone_5 - INFO - Drone 5: Reached target position
2026-02-13 18:54:29,037 - SwarmManager - ERROR - Drone 1 heartbeat timeout
2026-02-13 18:54:29,038 - SwarmManager - ERROR - Handling failure of drone 1: Heartbeat timeout
2026-02-13 18:54:29,038 - SwarmManager - ERROR - Drone 1 crashed
2026-02-13 18:54:29,039 - SwarmManager - ERROR - Handling failure of drone 1: Crashed
2026-02-13 18:54:29,039 - Drone_3 - INFO - Drone 3: Flying to {'x': 2542.519196226148, 'y': 2517.4393335605514, 'z': 60.0}
2026-02-13 18:54:29,040 - Drone_5 - INFO - Drone 5: Flying to {'x': 2480.5163419128894, 'y': 2544.120713903571, 'z': 60.0}
2026-02-13 18:54:29,406 - Drone_5 - INFO - Drone 5: Reached target position
2026-02-13 18:54:30,040 - SwarmManager - ERROR - Drone 1 heartbeat timeout
2026-02-13 18:54:30,041 - SwarmManager - ERROR - Handling failure of drone 1: Heartbeat timeout
2026-02-13 18:54:30,042 - SwarmManager - ERROR - Drone 1 crashed
2026-02-13 18:54:30,043 - SwarmManager - ERROR - Handling failure of drone 1: Crashed
2026-02-13 18:54:30,044 - Drone_3 - INFO - Drone 3: Flying to {'x': 2542.519196226152, 'y': 2517.4393335605528, 'z': 60.0}
2026-02-13 18:54:30,045 - Drone_5 - INFO - Drone 5: Flying to {'x': 2480.5163419128917, 'y': 2544.120713903567, 'z': 60.0}
2026-02-13 18:54:30,411 - Drone_5 - INFO - Drone 5: Reached target position
2026-02-13 18:54:30,607 - Drone_4 - INFO - Drone 4: Reached target position
2026-02-13 18:54:30,933 - PhysicalMLTrainer_Drone3 - INFO - Physical ML model trained drone=3 samples=3301 degree=2 alpha=0.0 val_mse=0.000405
2026-02-13 18:54:30,943 - PhysicalMLTrainer_Drone5 - INFO - Physical ML model trained drone=5 samples=3301 degree=2 alpha=1.0 val_mse=0.157657
2026-02-13 18:54:30,944 - PhysicalMLTrainer_Drone2 - INFO - Physical ML model trained drone=2 samples=3301 degree=2 alpha=0.0 val_mse=0.000000
2026-02-13 18:54:30,945 - PhysicalMLTrainer_Drone4 - INFO - Physical ML model trained drone=4 samples=3301 degree=2 alpha=1.0 val_mse=0.001747
2026-02-13 18:54:31,046 - SwarmManager - ERROR - Drone 1 heartbeat timeout
2026-02-13 18:54:31,047 - SwarmManager - ERROR - Handling failure of drone 1: Heartbeat timeout
2026-02-13 18:54:31,047 - SwarmManager - ERROR - Drone 1 crashed
2026-02-13 18:54:31,047 - SwarmManager - ERROR - Handling failure of drone 1: Crashed
2026-02-13 18:54:31,048 - Drone_3 - INFO - Drone 3: Flying to {'x': 2516.8838812285367, 'y': 2624.1311731934734, 'z': 60.0}
2026-02-13 18:54:31,048 - Drone_5 - INFO - Drone 5: Flying to {'x': 2577.7065164597643, 'y': 2594.8590526087087, 'z': 60.0}
2026-02-13 18:54:32,049 - SwarmManager - ERROR - Drone 1 heartbeat timeout
2026-02-13 18:54:32,049 - SwarmManager - ERROR - Handling failure of drone 1: Heartbeat timeout
2026-02-13 18:54:32,050 - SwarmManager - ERROR - Drone 1 crashed
2026-02-13 18:54:32,051 - SwarmManager - ERROR - Handling failure of drone 1: Crashed
2026-02-13 18:54:32,051 - Drone_3 - INFO - Drone 3: Flying to {'x': 2513.740514599596, 'y': 2617.6011439674344, 'z': 60.0}
2026-02-13 18:54:32,051 - Drone_5 - INFO - Drone 5: Flying to {'x': 2574.563532949975, 'y': 2588.3298194543654, 'z': 60.0}
2026-02-13 18:54:33,052 - SwarmManager - ERROR - Drone 1 heartbeat timeout
2026-02-13 18:54:33,052 - SwarmManager - ERROR - Handling failure of drone 1: Heartbeat timeout
2026-02-13 18:54:33,052 - SwarmManager - ERROR - Drone 1 crashed
2026-02-13 18:54:33,053 - SwarmManager - ERROR - Handling failure of drone 1: Crashed
2026-02-13 18:54:33,053 - Drone_3 - INFO - Drone 3: Flying to {'x': 2510.2485058200555, 'y': 2610.357046244102, 'z': 60.0}
2026-02-13 18:54:33,053 - Drone_5 - INFO - Drone 5: Flying to {'x': 2571.0752100939117, 'y': 2581.0933819625943, 'z': 60.0}
2026-02-13 18:54:34,054 - SwarmManager - ERROR - Drone 1 heartbeat timeout
2026-02-13 18:54:34,055 - SwarmManager - ERROR - Handling failure of drone 1: Heartbeat timeout
2026-02-13 18:54:34,056 - SwarmManager - ERROR - Drone 1 crashed
2026-02-13 18:54:34,056 - SwarmManager - ERROR - Handling failure of drone 1: Crashed
2026-02-13 18:54:34,057 - Drone_3 - INFO - Drone 3: Flying to {'x': 2506.749368475646, 'y': 2603.106733861125, 'z': 60.0}
2026-02-13 18:54:34,057 - Drone_5 - INFO - Drone 5: Flying to {'x': 2567.583177464749, 'y': 2573.8578418500197, 'z': 60.0}
2026-02-13 18:54:35,058 - SwarmManager - ERROR - Drone 1 heartbeat timeout
2026-02-13 18:54:35,058 - SwarmManager - ERROR - Handling failure of drone 1: Heartbeat timeout
2026-02-13 18:54:35,058 - SwarmManager - ERROR - Drone 1 crashed
2026-02-13 18:54:35,058 - SwarmManager - ERROR - Handling failure of drone 1: Crashed
2026-02-13 18:54:35,059 - Drone_3 - INFO - Drone 3: Flying to {'x': 2503.244750191212, 'y': 2595.851393902712, 'z': 60.0}
2026-02-13 18:54:35,059 - Drone_5 - INFO - Drone 5: Flying to {'x': 2564.089059329439, 'y': 2566.624350851938, 'z': 60.0}
2026-02-13 18:54:36,060 - SwarmManager - ERROR - Drone 1 heartbeat timeout
2026-02-13 18:54:36,061 - SwarmManager - ERROR - Handling failure of drone 1: Heartbeat timeout
2026-02-13 18:54:36,062 - SwarmManager - ERROR - Drone 1 crashed
2026-02-13 18:54:36,063 - SwarmManager - ERROR - Handling failure of drone 1: Crashed
2026-02-13 18:54:36,065 - Drone_3 - INFO - Drone 3: Flying to {'x': 2499.7419675892243, 'y': 2588.6039174086645, 'z': 60.0}
2026-02-13 18:54:36,065 - Drone_5 - INFO - Drone 5: Flying to {'x': 2560.6001108809132, 'y': 2559.405691519267, 'z': 60.0}
2026-02-13 18:54:37,066 - SwarmManager - ERROR - Drone 1 heartbeat timeout
2026-02-13 18:54:37,068 - SwarmManager - ERROR - Handling failure of drone 1: Heartbeat timeout
2026-02-13 18:54:37,069 - SwarmManager - ERROR - Drone 1 crashed
2026-02-13 18:54:37,070 - SwarmManager - ERROR - Handling failure of drone 1: Crashed
2026-02-13 18:54:37,071 - Drone_3 - INFO - Drone 3: Flying to {'x': 2496.2280626455126, 'y': 2581.3352365593278, 'z': 60.0}
2026-02-13 18:54:37,072 - Drone_5 - INFO - Drone 5: Flying to {'x': 2557.1033874559957, 'y': 2552.1728493247715, 'z': 60.0}
2026-02-13 18:54:37,582 - Drone_5 - INFO - Drone 5: Reached target position
2026-02-13 18:54:38,072 - SwarmManager - ERROR - Drone 1 heartbeat timeout
2026-02-13 18:54:38,072 - SwarmManager - ERROR - Handling failure of drone 1: Heartbeat timeout
2026-02-13 18:54:38,073 - SwarmManager - ERROR - Drone 1 crashed
2026-02-13 18:54:38,073 - SwarmManager - ERROR - Handling failure of drone 1: Crashed
2026-02-13 18:54:38,073 - Drone_3 - INFO - Drone 3: Flying to {'x': 2492.714090492999, 'y': 2574.065960969408, 'z': 60.0}
2026-02-13 18:54:38,073 - Drone_5 - INFO - Drone 5: Flying to {'x': 2553.6098488692173, 'y': 2544.946266400522, 'z': 60.0}
2026-02-13 18:54:38,385 - SecureComm_Drone0 - INFO - TX encrypted type=team_member_reached_y target=broadcast:5000-5009 bytes=188 payload_hex=bf1c027f8d2a110530d31d4eb7f1b101f972f56d11a064c1a464e01436f8c0f9d25536ebff059531ac39fae54d7d534f1e19260d5a419e675003e518358815cfc345be4be4eebd5adf24620b042cb1f22cf7deef3baf4b5793bef9efbc66633abbf42f4968055dd3c9b794a70be604f065a2498918b39107c4eec485cee9cd3d918540d96ff1d69629b776e5ac2c937ab16438d61154e26a60aa816d55416343b824bdec0e578d653d07e2fa2dcf0efd36223eb66ecd6ed8823d2329
2026-02-13 18:54:38,388 - Drone_1 - INFO - Drone 1: Returning to home - Team member D5 reached Y
2026-02-13 18:54:38,390 - Drone_3 - INFO - Drone 3: Returning to home - Team member D5 reached Y
2026-02-13 18:54:38,390 - Drone_4 - INFO - Drone 4: Returning to home - Team member D5 reached Y
2026-02-13 18:54:38,391 - Drone_5 - INFO - Drone 5: Returning to home - Team member D5 reached Y
2026-02-13 18:54:38,392 - SwarmManager - INFO - Leader-follow enabled=True
2026-02-13 18:54:39,074 - SwarmManager - ERROR - Drone 1 heartbeat timeout
2026-02-13 18:54:39,074 - SwarmManager - ERROR - Handling failure of drone 1: Heartbeat timeout
2026-02-13 18:54:40,075 - SwarmManager - ERROR - Drone 1 heartbeat timeout
2026-02-13 18:54:40,076 - SwarmManager - ERROR - Handling failure of drone 1: Heartbeat timeout
2026-02-13 18:54:41,077 - SwarmManager - ERROR - Drone 1 heartbeat timeout
2026-02-13 18:54:41,078 - SwarmManager - ERROR - Handling failure of drone 1: Heartbeat timeout
2026-02-13 18:54:42,079 - SwarmManager - ERROR - Drone 1 heartbeat timeout
2026-02-13 18:54:42,080 - SwarmManager - ERROR - Handling failure of drone 1: Heartbeat timeout
2026-02-13 18:54:43,080 - SwarmManager - ERROR - Drone 1 heartbeat timeout
2026-02-13 18:54:43,082 - SwarmManager - ERROR - Handling failure of drone 1: Heartbeat timeout
2026-02-13 18:54:44,083 - SwarmManager - ERROR - Drone 1 heartbeat timeout
2026-02-13 18:54:44,084 - SwarmManager - ERROR - Handling failure of drone 1: Heartbeat timeout
2026-02-13 18:54:45,085 - SwarmManager - ERROR - Drone 1 heartbeat timeout
2026-02-13 18:54:45,085 - SwarmManager - ERROR - Handling failure of drone 1: Heartbeat timeout
2026-02-13 18:54:46,086 - SwarmManager - ERROR - Drone 1 heartbeat timeout
2026-02-13 18:54:46,086 - SwarmManager - ERROR - Handling failure of drone 1: Heartbeat timeout
2026-02-13 18:54:47,087 - SwarmManager - ERROR - Drone 1 heartbeat timeout
2026-02-13 18:54:47,088 - SwarmManager - ERROR - Handling failure of drone 1: Heartbeat timeout
2026-02-13 18:54:48,088 - SwarmManager - ERROR - Drone 1 heartbeat timeout
2026-02-13 18:54:48,089 - SwarmManager - ERROR - Handling failure of drone 1: Heartbeat timeout
2026-02-13 18:54:49,090 - SwarmManager - ERROR - Drone 1 heartbeat timeout
2026-02-13 18:54:49,091 - SwarmManager - ERROR - Handling failure of drone 1: Heartbeat timeout
2026-02-13 18:54:50,092 - SwarmManager - ERROR - Drone 1 heartbeat timeout
2026-02-13 18:54:50,092 - SwarmManager - ERROR - Handling failure of drone 1: Heartbeat timeout
2026-02-13 18:54:51,093 - SwarmManager - ERROR - Drone 1 heartbeat timeout
2026-02-13 18:54:51,093 - PhysicalMLTrainer_Drone3 - INFO - Physical ML model trained drone=3 samples=3501 degree=2 alpha=1.0 val_mse=0.179882
2026-02-13 18:54:51,094 - SwarmManager - ERROR - Handling failure of drone 1: Heartbeat timeout
2026-02-13 18:54:51,096 - PhysicalMLTrainer_Drone5 - INFO - Physical ML model trained drone=5 samples=3501 degree=2 alpha=0.1 val_mse=0.009248
2026-02-13 18:54:51,096 - PhysicalMLTrainer_Drone4 - INFO - Physical ML model trained drone=4 samples=3501 degree=2 alpha=1.0 val_mse=0.142971
2026-02-13 18:54:51,097 - PhysicalMLTrainer_Drone2 - INFO - Physical ML model trained drone=2 samples=3501 degree=2 alpha=0.0 val_mse=0.000000
2026-02-13 18:54:52,095 - SwarmManager - ERROR - Drone 1 heartbeat timeout
2026-02-13 18:54:52,096 - SwarmManager - ERROR - Handling failure of drone 1: Heartbeat timeout
2026-02-13 18:54:53,097 - SwarmManager - ERROR - Drone 1 heartbeat timeout
2026-02-13 18:54:53,097 - SwarmManager - ERROR - Handling failure of drone 1: Heartbeat timeout
2026-02-13 18:54:54,098 - SwarmManager - ERROR - Drone 1 heartbeat timeout
2026-02-13 18:54:54,098 - SwarmManager - ERROR - Handling failure of drone 1: Heartbeat timeout
2026-02-13 18:54:55,099 - SwarmManager - ERROR - Drone 1 heartbeat timeout
2026-02-13 18:54:55,099 - SwarmManager - ERROR - Handling failure of drone 1: Heartbeat timeout
2026-02-13 18:54:56,100 - SwarmManager - ERROR - Drone 1 heartbeat timeout
2026-02-13 18:54:56,100 - SwarmManager - ERROR - Handling failure of drone 1: Heartbeat timeout
2026-02-13 18:54:57,101 - SwarmManager - ERROR - Drone 1 heartbeat timeout
2026-02-13 18:54:57,101 - SwarmManager - ERROR - Handling failure of drone 1: Heartbeat timeout
2026-02-13 18:54:58,102 - SwarmManager - ERROR - Drone 1 heartbeat timeout
2026-02-13 18:54:58,103 - SwarmManager - ERROR - Handling failure of drone 1: Heartbeat timeout
2026-02-13 18:54:59,104 - SwarmManager - ERROR - Drone 1 heartbeat timeout
2026-02-13 18:54:59,105 - SwarmManager - ERROR - Handling failure of drone 1: Heartbeat timeout
2026-02-13 18:55:00,106 - SwarmManager - ERROR - Drone 1 heartbeat timeout
2026-02-13 18:55:00,107 - SwarmManager - ERROR - Handling failure of drone 1: Heartbeat timeout
2026-02-13 18:55:01,109 - SwarmManager - ERROR - Drone 1 heartbeat timeout
2026-02-13 18:55:01,111 - SwarmManager - ERROR - Handling failure of drone 1: Heartbeat timeout
2026-02-13 18:55:02,113 - SwarmManager - ERROR - Drone 1 heartbeat timeout
2026-02-13 18:55:02,114 - SwarmManager - ERROR - Handling failure of drone 1: Heartbeat timeout
2026-02-13 18:55:03,115 - SwarmManager - ERROR - Drone 1 heartbeat timeout
2026-02-13 18:55:03,116 - SwarmManager - ERROR - Handling failure of drone 1: Heartbeat timeout
2026-02-13 18:55:04,118 - SwarmManager - ERROR - Drone 1 heartbeat timeout
2026-02-13 18:55:04,118 - SwarmManager - ERROR - Handling failure of drone 1: Heartbeat timeout
2026-02-13 18:55:05,118 - SwarmManager - ERROR - Drone 1 heartbeat timeout
2026-02-13 18:55:05,119 - SwarmManager - ERROR - Handling failure of drone 1: Heartbeat timeout
2026-02-13 18:55:06,120 - SwarmManager - ERROR - Drone 1 heartbeat timeout
2026-02-13 18:55:06,120 - SwarmManager - ERROR - Handling failure of drone 1: Heartbeat timeout
2026-02-13 18:55:07,121 - SwarmManager - ERROR - Drone 1 heartbeat timeout
2026-02-13 18:55:07,122 - SwarmManager - ERROR - Handling failure of drone 1: Heartbeat timeout
2026-02-13 18:55:08,122 - SwarmManager - ERROR - Drone 1 heartbeat timeout
2026-02-13 18:55:08,123 - SwarmManager - ERROR - Handling failure of drone 1: Heartbeat timeout
2026-02-13 18:55:09,123 - SwarmManager - ERROR - Drone 1 heartbeat timeout
2026-02-13 18:55:09,124 - SwarmManager - ERROR - Handling failure of drone 1: Heartbeat timeout
2026-02-13 18:55:10,125 - SwarmManager - ERROR - Drone 1 heartbeat timeout
2026-02-13 18:55:10,126 - SwarmManager - ERROR - Handling failure of drone 1: Heartbeat timeout
2026-02-13 18:55:11,127 - SwarmManager - ERROR - Drone 1 heartbeat timeout
2026-02-13 18:55:11,127 - SwarmManager - ERROR - Handling failure of drone 1: Heartbeat timeout
2026-02-13 18:55:11,216 - PhysicalMLTrainer_Drone3 - INFO - Physical ML model trained drone=3 samples=3701 degree=2 alpha=1.0 val_mse=0.423348
2026-02-13 18:55:11,219 - PhysicalMLTrainer_Drone2 - INFO - Physical ML model trained drone=2 samples=3701 degree=2 alpha=0.0 val_mse=0.000000
2026-02-13 18:55:11,219 - PhysicalMLTrainer_Drone4 - INFO - Physical ML model trained drone=4 samples=3701 degree=2 alpha=1.0 val_mse=0.300978
2026-02-13 18:55:11,221 - PhysicalMLTrainer_Drone5 - INFO - Physical ML model trained drone=5 samples=3701 degree=2 alpha=0.1 val_mse=0.007681
2026-02-13 18:55:12,128 - SwarmManager - ERROR - Drone 1 heartbeat timeout
2026-02-13 18:55:12,129 - SwarmManager - ERROR - Handling failure of drone 1: Heartbeat timeout
2026-02-13 18:55:13,129 - SwarmManager - ERROR - Drone 1 heartbeat timeout
2026-02-13 18:55:13,130 - SwarmManager - ERROR - Handling failure of drone 1: Heartbeat timeout
2026-02-13 18:55:14,134 - SwarmManager - ERROR - Drone 1 heartbeat timeout
2026-02-13 18:55:14,135 - SwarmManager - ERROR - Handling failure of drone 1: Heartbeat timeout
2026-02-13 18:55:15,136 - SwarmManager - ERROR - Drone 1 heartbeat timeout
2026-02-13 18:55:15,136 - SwarmManager - ERROR - Handling failure of drone 1: Heartbeat timeout
2026-02-13 18:55:16,137 - SwarmManager - ERROR - Drone 1 heartbeat timeout
2026-02-13 18:55:16,138 - SwarmManager - ERROR - Handling failure of drone 1: Heartbeat timeout
2026-02-13 18:55:17,139 - SwarmManager - ERROR - Drone 1 heartbeat timeout
2026-02-13 18:55:17,139 - SwarmManager - ERROR - Handling failure of drone 1: Heartbeat timeout
2026-02-13 18:55:18,140 - SwarmManager - ERROR - Drone 1 heartbeat timeout
2026-02-13 18:55:18,140 - SwarmManager - ERROR - Handling failure of drone 1: Heartbeat timeout
2026-02-13 18:55:19,141 - SwarmManager - ERROR - Drone 1 heartbeat timeout
2026-02-13 18:55:19,141 - SwarmManager - ERROR - Handling failure of drone 1: Heartbeat timeout
2026-02-13 18:55:20,142 - SwarmManager - ERROR - Drone 1 heartbeat timeout
2026-02-13 18:55:20,143 - SwarmManager - ERROR - Handling failure of drone 1: Heartbeat timeout
2026-02-13 18:55:21,143 - SwarmManager - ERROR - Drone 1 heartbeat timeout
2026-02-13 18:55:21,143 - SwarmManager - ERROR - Handling failure of drone 1: Heartbeat timeout
2026-02-13 18:55:22,144 - SwarmManager - ERROR - Drone 1 heartbeat timeout
2026-02-13 18:55:22,145 - SwarmManager - ERROR - Handling failure of drone 1: Heartbeat timeout
2026-02-13 18:55:23,145 - SwarmManager - ERROR - Drone 1 heartbeat timeout
2026-02-13 18:55:23,145 - SwarmManager - ERROR - Handling failure of drone 1: Heartbeat timeout
2026-02-13 18:55:24,146 - SwarmManager - ERROR - Drone 1 heartbeat timeout
2026-02-13 18:55:24,146 - SwarmManager - ERROR - Handling failure of drone 1: Heartbeat timeout
2026-02-13 18:55:25,147 - SwarmManager - ERROR - Drone 1 heartbeat timeout
2026-02-13 18:55:25,147 - SwarmManager - ERROR - Handling failure of drone 1: Heartbeat timeout
2026-02-13 18:55:26,148 - SwarmManager - ERROR - Drone 1 heartbeat timeout
2026-02-13 18:55:26,148 - SwarmManager - ERROR - Handling failure of drone 1: Heartbeat timeout
2026-02-13 18:55:27,149 - SwarmManager - ERROR - Drone 1 heartbeat timeout
2026-02-13 18:55:27,149 - SwarmManager - ERROR - Handling failure of drone 1: Heartbeat timeout
2026-02-13 18:55:28,150 - SwarmManager - ERROR - Drone 1 heartbeat timeout
2026-02-13 18:55:28,150 - SwarmManager - ERROR - Handling failure of drone 1: Heartbeat timeout
2026-02-13 18:55:29,151 - SwarmManager - ERROR - Drone 1 heartbeat timeout
2026-02-13 18:55:29,151 - SwarmManager - ERROR - Handling failure of drone 1: Heartbeat timeout
2026-02-13 18:55:30,152 - SwarmManager - ERROR - Drone 1 heartbeat timeout
2026-02-13 18:55:30,152 - SwarmManager - ERROR - Handling failure of drone 1: Heartbeat timeout
2026-02-13 18:55:31,153 - SwarmManager - ERROR - Drone 1 heartbeat timeout
2026-02-13 18:55:31,154 - SwarmManager - ERROR - Handling failure of drone 1: Heartbeat timeout
2026-02-13 18:55:31,353 - PhysicalMLTrainer_Drone4 - INFO - Physical ML model trained drone=4 samples=3901 degree=2 alpha=1.0 val_mse=0.433317
2026-02-13 18:55:31,355 - PhysicalMLTrainer_Drone2 - INFO - Physical ML model trained drone=2 samples=3901 degree=2 alpha=0.0 val_mse=0.000000
2026-02-13 18:55:31,355 - PhysicalMLTrainer_Drone5 - INFO - Physical ML model trained drone=5 samples=3901 degree=2 alpha=0.1 val_mse=0.007755
2026-02-13 18:55:31,356 - PhysicalMLTrainer_Drone3 - INFO - Physical ML model trained drone=3 samples=3901 degree=2 alpha=1.0 val_mse=0.625692
2026-02-13 18:55:32,155 - SwarmManager - ERROR - Drone 1 heartbeat timeout
2026-02-13 18:55:32,156 - SwarmManager - ERROR - Handling failure of drone 1: Heartbeat timeout
2026-02-13 18:55:33,156 - SwarmManager - ERROR - Drone 1 heartbeat timeout
2026-02-13 18:55:33,156 - SwarmManager - ERROR - Handling failure of drone 1: Heartbeat timeout
2026-02-13 18:55:34,157 - SwarmManager - ERROR - Drone 1 heartbeat timeout
2026-02-13 18:55:34,158 - SwarmManager - ERROR - Handling failure of drone 1: Heartbeat timeout
2026-02-13 18:55:35,159 - SwarmManager - ERROR - Drone 1 heartbeat timeout
2026-02-13 18:55:35,159 - SwarmManager - ERROR - Handling failure of drone 1: Heartbeat timeout
2026-02-13 18:55:36,160 - Drone_1 - INFO - Drone 1 stopped
2026-02-13 18:55:36,174 - Drone_2 - INFO - Drone 2 stopped
2026-02-13 18:55:36,182 - Drone_3 - INFO - Drone 3 stopped
2026-02-13 18:55:36,282 - Drone_4 - INFO - Drone 4 stopped
2026-02-13 18:55:36,383 - Drone_5 - INFO - Drone 5 stopped
2026-02-13 18:55:36,383 - SwarmManager - INFO - Swarm monitoring stopped
2026-02-13 18:55:36,383 - Main - INFO - System shutdown complete
