2026-02-13 18:55:38,672 - Main - INFO - Starting Drone Swarm Management System
2026-02-13 18:55:38,673 - SwarmManager - INFO - Swarm Manager initialized
2026-02-13 18:55:38,674 - MLDecisionSupport_Drone1 - INFO - ML Decision Support initialized
2026-02-13 18:55:38,687 - PhysicalMLTrainer_Drone1 - INFO - Physical ML model trained drone=1 samples=250 degree=2 alpha=0.0 val_mse=0.000155
2026-02-13 18:55:38,687 - Drone_1 - INFO - Drone 1: bootstrap personal trainer loaded 250 rows from datasets/personal_drone_1.csv
2026-02-13 18:55:38,688 - Drone_1 - INFO - Drone 1: Personal ML system initialized
2026-02-13 18:55:38,689 - Drone_1 - INFO - Drone 1 initialized at {'x': 0, 'y': 0, 'z': 0}
2026-02-13 18:55:38,690 - Drone_1 - INFO - Drone 1 started
2026-02-13 18:55:38,691 - SwarmManager - INFO - Drone 1 added to swarm
2026-02-13 18:55:38,691 - SwarmManager - INFO - Starting leader election...
2026-02-13 18:55:38,691 - SwarmManager - INFO -   Drone 1: suitability score = 100.00
2026-02-13 18:55:38,692 - Drone_1 - INFO - Drone 1: Role changed from follower to leader
2026-02-13 18:55:38,695 - PhysicalMLTrainer_Drone1 - INFO - Physical ML model trained drone=1 samples=251 degree=2 alpha=0.0 val_mse=0.000157
2026-02-13 18:55:38,697 - MLDecisionSupport_Drone2 - INFO - ML Decision Support initialized
2026-02-13 18:55:38,703 - PhysicalMLTrainer_Drone2 - INFO - Physical ML model trained drone=2 samples=300 degree=2 alpha=0.1 val_mse=0.000128
2026-02-13 18:55:38,703 - Drone_2 - INFO - Drone 2: bootstrap personal trainer loaded 300 rows from datasets/personal_training.csv
2026-02-13 18:55:38,703 - Drone_2 - INFO - Drone 2: Personal ML system initialized
2026-02-13 18:55:38,703 - Drone_2 - INFO - Drone 2 initialized at {'x': 1200, 'y': 300, 'z': 0}
2026-02-13 18:55:38,704 - Drone_2 - INFO - Drone 2 started
2026-02-13 18:55:38,705 - SwarmManager - INFO - Drone 2 added to swarm
2026-02-13 18:55:38,706 - MLDecisionSupport_Drone3 - INFO - ML Decision Support initialized
2026-02-13 18:55:38,707 - PhysicalMLTrainer_Drone2 - INFO - Physical ML model trained drone=2 samples=301 degree=2 alpha=0.1 val_mse=0.000128
2026-02-13 18:55:38,712 - PhysicalMLTrainer_Drone3 - INFO - Physical ML model trained drone=3 samples=300 degree=2 alpha=0.1 val_mse=0.000128
2026-02-13 18:55:38,713 - Drone_3 - INFO - Drone 3: bootstrap personal trainer loaded 300 rows from datasets/personal_training.csv
2026-02-13 18:55:38,713 - Drone_3 - INFO - Drone 3: Personal ML system initialized
2026-02-13 18:55:38,713 - Drone_3 - INFO - Drone 3 initialized at {'x': -1400, 'y': -500, 'z': 0}
2026-02-13 18:55:38,714 - Drone_3 - INFO - Drone 3 started
2026-02-13 18:55:38,714 - SwarmManager - INFO - Drone 3 added to swarm
2026-02-13 18:55:38,715 - MLDecisionSupport_Drone4 - INFO - ML Decision Support initialized
2026-02-13 18:55:38,716 - PhysicalMLTrainer_Drone3 - INFO - Physical ML model trained drone=3 samples=301 degree=2 alpha=0.1 val_mse=0.000128
2026-02-13 18:55:38,721 - PhysicalMLTrainer_Drone4 - INFO - Physical ML model trained drone=4 samples=300 degree=2 alpha=0.1 val_mse=0.000128
2026-02-13 18:55:38,722 - Drone_4 - INFO - Drone 4: bootstrap personal trainer loaded 300 rows from datasets/personal_training.csv
2026-02-13 18:55:38,722 - Drone_4 - INFO - Drone 4: Personal ML system initialized
2026-02-13 18:55:38,722 - Drone_4 - INFO - Drone 4 initialized at {'x': 800, 'y': -1500, 'z': 0}
2026-02-13 18:55:38,723 - Drone_4 - INFO - Drone 4 started
2026-02-13 18:55:38,724 - SwarmManager - INFO - Drone 4 added to swarm
2026-02-13 18:55:38,725 - MLDecisionSupport_Drone5 - INFO - ML Decision Support initialized
2026-02-13 18:55:38,726 - PhysicalMLTrainer_Drone4 - INFO - Physical ML model trained drone=4 samples=301 degree=2 alpha=0.1 val_mse=0.000128
2026-02-13 18:55:38,732 - PhysicalMLTrainer_Drone5 - INFO - Physical ML model trained drone=5 samples=300 degree=2 alpha=0.1 val_mse=0.000128
2026-02-13 18:55:38,732 - Drone_5 - INFO - Drone 5: bootstrap personal trainer loaded 300 rows from datasets/personal_training.csv
2026-02-13 18:55:38,732 - Drone_5 - INFO - Drone 5: Personal ML system initialized
2026-02-13 18:55:38,732 - Drone_5 - INFO - Drone 5 initialized at {'x': -900, 'y': 1600, 'z': 0}
2026-02-13 18:55:38,733 - Drone_5 - INFO - Drone 5 started
2026-02-13 18:55:38,734 - SwarmManager - INFO - Drone 5 added to swarm
2026-02-13 18:55:38,734 - SwarmManager - INFO - Swarm monitoring started
2026-02-13 18:55:38,735 - Main - INFO - Swarm created with 5 drones
2026-02-13 18:55:38,735 - Main - INFO - Leader elected: Drone 1
2026-02-13 18:55:38,735 - Main - INFO - Starting GUI...
2026-02-13 18:55:38,737 - PhysicalMLTrainer_Drone5 - INFO - Physical ML model trained drone=5 samples=301 degree=2 alpha=0.1 val_mse=0.000128
2026-02-13 18:55:42,146 - Drone_1 - INFO - Drone 1: Armed
2026-02-13 18:55:42,149 - Drone_2 - INFO - Drone 2: Armed
2026-02-13 18:55:42,150 - Drone_3 - INFO - Drone 3: Armed
2026-02-13 18:55:42,151 - Drone_4 - INFO - Drone 4: Armed
2026-02-13 18:55:42,151 - Drone_5 - INFO - Drone 5: Armed
2026-02-13 18:55:43,161 - SwarmManager - INFO - Leader-follow enabled=True
2026-02-13 18:55:43,162 - Drone_1 - INFO - Drone 1: Taking off
2026-02-13 18:55:43,163 - Drone_2 - INFO - Drone 2: Taking off
2026-02-13 18:55:43,164 - Drone_3 - INFO - Drone 3: Taking off
2026-02-13 18:55:43,165 - Drone_4 - INFO - Drone 4: Taking off
2026-02-13 18:55:43,166 - Drone_5 - INFO - Drone 5: Taking off
2026-02-13 18:55:44,737 - Drone_2 - INFO - Drone 2: Flying to {'x': 0.0, 'y': 0.0, 'z': 3.21480131149292}
2026-02-13 18:55:44,738 - Drone_3 - INFO - Drone 3: Flying to {'x': 0.0, 'y': 0.0, 'z': 3.21480131149292}
2026-02-13 18:55:44,739 - Drone_4 - INFO - Drone 4: Flying to {'x': 0.0, 'y': 0.0, 'z': 3.21480131149292}
2026-02-13 18:55:44,739 - Drone_5 - INFO - Drone 5: Flying to {'x': 0.0, 'y': 0.0, 'z': 3.21480131149292}
2026-02-13 18:55:44,804 - Drone_2 - INFO - Drone 2: Flying to {'x': 2553.9057647468726, 'y': 2622.797543233282, 'z': 60.0}
2026-02-13 18:55:44,806 - Drone_3 - INFO - Drone 3: Flying to {'x': 2503.5942352531274, 'y': 2606.450336353161, 'z': 60.0}
2026-02-13 18:55:44,807 - Drone_4 - INFO - Drone 4: Flying to {'x': 2503.5942352531274, 'y': 2553.549663646839, 'z': 60.0}
2026-02-13 18:55:44,808 - Drone_5 - INFO - Drone 5: Flying to {'x': 2553.9057647468726, 'y': 2537.202456766718, 'z': 60.0}
2026-02-13 18:55:45,741 - Drone_2 - INFO - Drone 2: Flying to {'x': 0.0, 'y': 0.0, 'z': 5.2260966300964355}
2026-02-13 18:55:45,742 - Drone_3 - INFO - Drone 3: Flying to {'x': 0.0, 'y': 0.0, 'z': 5.2260966300964355}
2026-02-13 18:55:45,743 - Drone_4 - INFO - Drone 4: Flying to {'x': 0.0, 'y': 0.0, 'z': 5.2260966300964355}
2026-02-13 18:55:45,744 - Drone_5 - INFO - Drone 5: Flying to {'x': 0.0, 'y': 0.0, 'z': 5.2260966300964355}
2026-02-13 18:55:46,372 - Drone_1 - INFO - Drone 1: Flying to {'x': 0, 'y': 100, 'z': 6.436633110046387}
2026-02-13 18:55:46,456 - Drone_1 - INFO - Drone 1: Flying to {'x': 2585.0, 'y': 2580.0, 'z': 60.0}
2026-02-13 18:55:46,745 - Drone_2 - INFO - Drone 2: Flying to {'x': 2576.9749403179994, 'y': 2524.325401509303, 'z': 60.0}
2026-02-13 18:55:46,745 - Drone_3 - INFO - Drone 3: Flying to {'x': 2529.3053687379706, 'y': 2572.115169717325, 'z': 60.0}
2026-02-13 18:55:46,746 - Drone_4 - INFO - Drone 4: Flying to {'x': 2568.9498806359998, 'y': 2468.650803018606, 'z': 60.0}
2026-02-13 18:55:46,747 - Drone_5 - INFO - Drone 5: Flying to {'x': 2473.6107374759413, 'y': 2564.23033943465, 'z': 60.0}
2026-02-13 18:55:47,747 - Drone_2 - INFO - Drone 2: Flying to {'x': 2576.9749403179994, 'y': 2524.325401509303, 'z': 60.0}
2026-02-13 18:55:47,748 - Drone_3 - INFO - Drone 3: Flying to {'x': 2529.3053687379706, 'y': 2572.115169717325, 'z': 60.0}
2026-02-13 18:55:47,748 - Drone_4 - INFO - Drone 4: Flying to {'x': 2568.9498806359998, 'y': 2468.650803018606, 'z': 60.0}
2026-02-13 18:55:47,748 - Drone_5 - INFO - Drone 5: Flying to {'x': 2473.6107374759413, 'y': 2564.23033943465, 'z': 60.0}
2026-02-13 18:55:48,749 - Drone_2 - INFO - Drone 2: Flying to {'x': 2576.9749403179994, 'y': 2524.325401509303, 'z': 60.0}
2026-02-13 18:55:48,750 - Drone_3 - INFO - Drone 3: Flying to {'x': 2529.3053687379706, 'y': 2572.115169717325, 'z': 60.0}
2026-02-13 18:55:48,750 - Drone_4 - INFO - Drone 4: Flying to {'x': 2568.9498806359998, 'y': 2468.650803018606, 'z': 60.0}
2026-02-13 18:55:48,751 - Drone_5 - INFO - Drone 5: Flying to {'x': 2473.6107374759413, 'y': 2564.23033943465, 'z': 60.0}
2026-02-13 18:55:49,752 - Drone_2 - INFO - Drone 2: Flying to {'x': 2576.9749403179994, 'y': 2524.325401509303, 'z': 60.0}
2026-02-13 18:55:49,752 - Drone_3 - INFO - Drone 3: Flying to {'x': 2529.3053687379706, 'y': 2572.115169717325, 'z': 60.0}
2026-02-13 18:55:49,753 - Drone_4 - INFO - Drone 4: Flying to {'x': 2568.9498806359998, 'y': 2468.650803018606, 'z': 60.0}
2026-02-13 18:55:49,753 - Drone_5 - INFO - Drone 5: Flying to {'x': 2473.6107374759413, 'y': 2564.23033943465, 'z': 60.0}
2026-02-13 18:55:50,754 - Drone_2 - INFO - Drone 2: Flying to {'x': 2576.9749403179994, 'y': 2524.325401509303, 'z': 60.0}
2026-02-13 18:55:50,754 - Drone_3 - INFO - Drone 3: Flying to {'x': 2529.3053687379706, 'y': 2572.115169717325, 'z': 60.0}
2026-02-13 18:55:50,754 - Drone_4 - INFO - Drone 4: Flying to {'x': 2568.9498806359998, 'y': 2468.650803018606, 'z': 60.0}
2026-02-13 18:55:50,755 - Drone_5 - INFO - Drone 5: Flying to {'x': 2473.6107374759413, 'y': 2564.23033943465, 'z': 60.0}
2026-02-13 18:55:51,756 - Drone_2 - INFO - Drone 2: Flying to {'x': 2576.9749403179994, 'y': 2524.325401509303, 'z': 60.0}
2026-02-13 18:55:51,756 - Drone_3 - INFO - Drone 3: Flying to {'x': 2529.3053687379706, 'y': 2572.115169717325, 'z': 60.0}
2026-02-13 18:55:51,757 - Drone_4 - INFO - Drone 4: Flying to {'x': 2568.9498806359998, 'y': 2468.650803018606, 'z': 60.0}
2026-02-13 18:55:51,759 - Drone_5 - INFO - Drone 5: Flying to {'x': 2473.6107374759413, 'y': 2564.23033943465, 'z': 60.0}
2026-02-13 18:55:52,760 - Drone_2 - INFO - Drone 2: Flying to {'x': 2576.9749403179994, 'y': 2524.325401509303, 'z': 60.0}
2026-02-13 18:55:52,761 - Drone_3 - INFO - Drone 3: Flying to {'x': 2529.3053687379706, 'y': 2572.115169717325, 'z': 60.0}
2026-02-13 18:55:52,762 - Drone_4 - INFO - Drone 4: Flying to {'x': 2568.9498806359998, 'y': 2468.650803018606, 'z': 60.0}
2026-02-13 18:55:52,764 - Drone_5 - INFO - Drone 5: Flying to {'x': 2473.6107374759413, 'y': 2564.23033943465, 'z': 60.0}
2026-02-13 18:55:53,766 - Drone_2 - INFO - Drone 2: Flying to {'x': 2576.9749403179994, 'y': 2524.325401509303, 'z': 60.0}
2026-02-13 18:55:53,767 - Drone_3 - INFO - Drone 3: Flying to {'x': 2529.3053687379706, 'y': 2572.115169717325, 'z': 60.0}
2026-02-13 18:55:53,767 - Drone_4 - INFO - Drone 4: Flying to {'x': 2568.9498806359998, 'y': 2468.650803018606, 'z': 60.0}
2026-02-13 18:55:53,769 - Drone_5 - INFO - Drone 5: Flying to {'x': 2473.6107374759413, 'y': 2564.23033943465, 'z': 60.0}
2026-02-13 18:55:54,770 - Drone_2 - INFO - Drone 2: Flying to {'x': 2576.9749403179994, 'y': 2524.325401509303, 'z': 60.0}
2026-02-13 18:55:54,771 - Drone_3 - INFO - Drone 3: Flying to {'x': 2529.3053687379706, 'y': 2572.115169717325, 'z': 60.0}
2026-02-13 18:55:54,771 - Drone_4 - INFO - Drone 4: Flying to {'x': 2568.9498806359998, 'y': 2468.650803018606, 'z': 60.0}
2026-02-13 18:55:54,771 - Drone_5 - INFO - Drone 5: Flying to {'x': 2473.6107374759413, 'y': 2564.23033943465, 'z': 60.0}
2026-02-13 18:55:55,773 - Drone_2 - INFO - Drone 2: Flying to {'x': 2576.9749403179994, 'y': 2524.325401509303, 'z': 60.0}
2026-02-13 18:55:55,773 - Drone_3 - INFO - Drone 3: Flying to {'x': 2529.3053687379706, 'y': 2572.115169717325, 'z': 60.0}
2026-02-13 18:55:55,774 - Drone_4 - INFO - Drone 4: Flying to {'x': 2568.9498806359998, 'y': 2468.650803018606, 'z': 60.0}
2026-02-13 18:55:55,774 - Drone_5 - INFO - Drone 5: Flying to {'x': 2473.6107374759413, 'y': 2564.23033943465, 'z': 60.0}
2026-02-13 18:55:56,775 - Drone_2 - INFO - Drone 2: Flying to {'x': 2576.9749403179994, 'y': 2524.325401509303, 'z': 60.0}
2026-02-13 18:55:56,776 - Drone_3 - INFO - Drone 3: Flying to {'x': 2529.3053687379706, 'y': 2572.115169717325, 'z': 60.0}
2026-02-13 18:55:56,776 - Drone_4 - INFO - Drone 4: Flying to {'x': 2568.9498806359998, 'y': 2468.650803018606, 'z': 60.0}
2026-02-13 18:55:56,777 - Drone_5 - INFO - Drone 5: Flying to {'x': 2473.6107374759413, 'y': 2564.23033943465, 'z': 60.0}
2026-02-13 18:55:57,778 - Drone_2 - INFO - Drone 2: Flying to {'x': 2576.9749403179994, 'y': 2524.325401509303, 'z': 60.0}
2026-02-13 18:55:57,779 - Drone_3 - INFO - Drone 3: Flying to {'x': 2529.3053687379706, 'y': 2572.115169717325, 'z': 60.0}
2026-02-13 18:55:57,779 - Drone_4 - INFO - Drone 4: Flying to {'x': 2568.9498806359998, 'y': 2468.650803018606, 'z': 60.0}
2026-02-13 18:55:57,780 - Drone_5 - INFO - Drone 5: Flying to {'x': 2473.6107374759413, 'y': 2564.23033943465, 'z': 60.0}
2026-02-13 18:55:58,781 - Drone_2 - INFO - Drone 2: Flying to {'x': 2576.9749403179994, 'y': 2524.325401509303, 'z': 60.0}
2026-02-13 18:55:58,782 - Drone_3 - INFO - Drone 3: Flying to {'x': 2529.3053687379706, 'y': 2572.115169717325, 'z': 60.0}
2026-02-13 18:55:58,783 - Drone_4 - INFO - Drone 4: Flying to {'x': 2568.9498806359998, 'y': 2468.650803018606, 'z': 60.0}
2026-02-13 18:55:58,784 - Drone_5 - INFO - Drone 5: Flying to {'x': 2473.6107374759413, 'y': 2564.23033943465, 'z': 60.0}
2026-02-13 18:55:58,898 - PhysicalMLTrainer_Drone4 - INFO - Physical ML model trained drone=4 samples=501 degree=2 alpha=0.0 val_mse=0.000683
2026-02-13 18:55:58,901 - PhysicalMLTrainer_Drone1 - INFO - Physical ML model trained drone=1 samples=451 degree=2 alpha=0.0 val_mse=0.000495
2026-02-13 18:55:58,901 - PhysicalMLTrainer_Drone2 - INFO - Physical ML model trained drone=2 samples=501 degree=2 alpha=0.0 val_mse=0.001034
2026-02-13 18:55:58,902 - PhysicalMLTrainer_Drone5 - INFO - Physical ML model trained drone=5 samples=501 degree=2 alpha=0.0 val_mse=0.000644
2026-02-13 18:55:58,902 - PhysicalMLTrainer_Drone3 - INFO - Physical ML model trained drone=3 samples=501 degree=2 alpha=0.0 val_mse=0.000843
2026-02-13 18:55:59,786 - Drone_2 - INFO - Drone 2: Flying to {'x': 2576.9749403179994, 'y': 2524.325401509303, 'z': 60.0}
2026-02-13 18:55:59,787 - Drone_3 - INFO - Drone 3: Flying to {'x': 2529.3053687379706, 'y': 2572.115169717325, 'z': 60.0}
2026-02-13 18:55:59,787 - Drone_4 - INFO - Drone 4: Flying to {'x': 2568.9498806359998, 'y': 2468.650803018606, 'z': 60.0}
2026-02-13 18:55:59,788 - Drone_5 - INFO - Drone 5: Flying to {'x': 2473.6107374759413, 'y': 2564.23033943465, 'z': 60.0}
2026-02-13 18:56:00,789 - Drone_2 - INFO - Drone 2: Flying to {'x': 2576.9749403179994, 'y': 2524.325401509303, 'z': 60.0}
2026-02-13 18:56:00,790 - Drone_3 - INFO - Drone 3: Flying to {'x': 2529.3053687379706, 'y': 2572.115169717325, 'z': 60.0}
2026-02-13 18:56:00,790 - Drone_4 - INFO - Drone 4: Flying to {'x': 2568.9498806359998, 'y': 2468.650803018606, 'z': 60.0}
2026-02-13 18:56:00,791 - Drone_5 - INFO - Drone 5: Flying to {'x': 2473.6107374759413, 'y': 2564.23033943465, 'z': 60.0}
2026-02-13 18:56:01,792 - Drone_2 - INFO - Drone 2: Flying to {'x': 2576.9749403179994, 'y': 2524.325401509303, 'z': 60.0}
2026-02-13 18:56:01,793 - Drone_3 - INFO - Drone 3: Flying to {'x': 2529.3053687379706, 'y': 2572.115169717325, 'z': 60.0}
2026-02-13 18:56:01,793 - Drone_4 - INFO - Drone 4: Flying to {'x': 2568.9498806359998, 'y': 2468.650803018606, 'z': 60.0}
2026-02-13 18:56:01,794 - Drone_5 - INFO - Drone 5: Flying to {'x': 2473.6107374759413, 'y': 2564.23033943465, 'z': 60.0}
2026-02-13 18:56:02,795 - Drone_2 - INFO - Drone 2: Flying to {'x': 2576.9749403179994, 'y': 2524.325401509303, 'z': 60.0}
2026-02-13 18:56:02,795 - Drone_3 - INFO - Drone 3: Flying to {'x': 2529.3053687379706, 'y': 2572.115169717325, 'z': 60.0}
2026-02-13 18:56:02,796 - Drone_4 - INFO - Drone 4: Flying to {'x': 2568.9498806359998, 'y': 2468.650803018606, 'z': 60.0}
2026-02-13 18:56:02,796 - Drone_5 - INFO - Drone 5: Flying to {'x': 2473.6107374759413, 'y': 2564.23033943465, 'z': 60.0}
2026-02-13 18:56:02,875 - Drone_5 - ERROR - Drone 5: Motor 0 failed!
2026-02-13 18:56:02,875 - Drone_5 - WARNING - Drone 5: Degraded return active - Motor failure simulation: return to home with degraded control
2026-02-13 18:56:03,797 - Drone_2 - INFO - Drone 2: Flying to {'x': 2576.9749403179994, 'y': 2524.325401509303, 'z': 60.0}
2026-02-13 18:56:03,797 - Drone_3 - INFO - Drone 3: Flying to {'x': 2529.3053687379706, 'y': 2572.115169717325, 'z': 60.0}
2026-02-13 18:56:03,797 - Drone_4 - INFO - Drone 4: Flying to {'x': 2568.9498806359998, 'y': 2468.650803018606, 'z': 60.0}
2026-02-13 18:56:04,798 - Drone_2 - INFO - Drone 2: Flying to {'x': 2576.9749403179994, 'y': 2524.325401509303, 'z': 60.0}
2026-02-13 18:56:04,798 - Drone_3 - INFO - Drone 3: Flying to {'x': 2529.3053687379706, 'y': 2572.115169717325, 'z': 60.0}
2026-02-13 18:56:04,799 - Drone_4 - INFO - Drone 4: Flying to {'x': 2568.9498806359998, 'y': 2468.650803018606, 'z': 60.0}
2026-02-13 18:56:05,800 - Drone_2 - INFO - Drone 2: Flying to {'x': 2576.9749403179994, 'y': 2524.325401509303, 'z': 60.0}
2026-02-13 18:56:05,800 - Drone_3 - INFO - Drone 3: Flying to {'x': 2529.3053687379706, 'y': 2572.115169717325, 'z': 60.0}
2026-02-13 18:56:05,800 - Drone_4 - INFO - Drone 4: Flying to {'x': 2568.9498806359998, 'y': 2468.650803018606, 'z': 60.0}
2026-02-13 18:56:06,801 - Drone_2 - INFO - Drone 2: Flying to {'x': 2576.9749403179994, 'y': 2524.325401509303, 'z': 60.0}
2026-02-13 18:56:06,802 - Drone_3 - INFO - Drone 3: Flying to {'x': 2529.3053687379706, 'y': 2572.115169717325, 'z': 60.0}
2026-02-13 18:56:06,803 - Drone_4 - INFO - Drone 4: Flying to {'x': 2568.9498806359998, 'y': 2468.650803018606, 'z': 60.0}
2026-02-13 18:56:07,804 - Drone_2 - INFO - Drone 2: Flying to {'x': 2576.9749403179994, 'y': 2524.325401509303, 'z': 60.0}
2026-02-13 18:56:07,805 - Drone_3 - INFO - Drone 3: Flying to {'x': 2529.3053687379706, 'y': 2572.115169717325, 'z': 60.0}
2026-02-13 18:56:07,806 - Drone_4 - INFO - Drone 4: Flying to {'x': 2568.9498806359998, 'y': 2468.650803018606, 'z': 60.0}
2026-02-13 18:56:08,807 - Drone_2 - INFO - Drone 2: Flying to {'x': 2576.9749403179994, 'y': 2524.325401509303, 'z': 60.0}
2026-02-13 18:56:08,808 - Drone_3 - INFO - Drone 3: Flying to {'x': 2529.3053687379706, 'y': 2572.115169717325, 'z': 60.0}
2026-02-13 18:56:08,808 - Drone_4 - INFO - Drone 4: Flying to {'x': 2568.9498806359998, 'y': 2468.650803018606, 'z': 60.0}
2026-02-13 18:56:09,810 - Drone_2 - INFO - Drone 2: Flying to {'x': 2576.9749403179994, 'y': 2524.325401509303, 'z': 60.0}
2026-02-13 18:56:09,810 - Drone_3 - INFO - Drone 3: Flying to {'x': 2529.3053687379706, 'y': 2572.115169717325, 'z': 60.0}
2026-02-13 18:56:09,810 - Drone_4 - INFO - Drone 4: Flying to {'x': 2568.9498806359998, 'y': 2468.650803018606, 'z': 60.0}
2026-02-13 18:56:10,810 - Drone_2 - INFO - Drone 2: Flying to {'x': 2576.9749403179994, 'y': 2524.325401509303, 'z': 60.0}
2026-02-13 18:56:10,811 - Drone_3 - INFO - Drone 3: Flying to {'x': 2529.3053687379706, 'y': 2572.115169717325, 'z': 60.0}
2026-02-13 18:56:10,811 - Drone_4 - INFO - Drone 4: Flying to {'x': 2568.9498806359998, 'y': 2468.650803018606, 'z': 60.0}
2026-02-13 18:56:11,811 - Drone_2 - INFO - Drone 2: Flying to {'x': 2576.9749403179994, 'y': 2524.325401509303, 'z': 60.0}
2026-02-13 18:56:11,812 - Drone_3 - INFO - Drone 3: Flying to {'x': 2529.3053687379706, 'y': 2572.115169717325, 'z': 60.0}
2026-02-13 18:56:11,812 - Drone_4 - INFO - Drone 4: Flying to {'x': 2568.9498806359998, 'y': 2468.650803018606, 'z': 60.0}
2026-02-13 18:56:12,813 - Drone_2 - INFO - Drone 2: Flying to {'x': 2576.9749403179994, 'y': 2524.325401509303, 'z': 60.0}
2026-02-13 18:56:12,813 - Drone_3 - INFO - Drone 3: Flying to {'x': 2529.3053687379706, 'y': 2572.115169717325, 'z': 60.0}
2026-02-13 18:56:12,814 - Drone_4 - INFO - Drone 4: Flying to {'x': 2568.9498806359998, 'y': 2468.650803018606, 'z': 60.0}
2026-02-13 18:56:13,814 - Drone_2 - INFO - Drone 2: Flying to {'x': 2576.9749403179994, 'y': 2524.325401509303, 'z': 60.0}
2026-02-13 18:56:13,815 - Drone_3 - INFO - Drone 3: Flying to {'x': 2529.3053687379706, 'y': 2572.115169717325, 'z': 60.0}
2026-02-13 18:56:13,815 - Drone_4 - INFO - Drone 4: Flying to {'x': 2568.9498806359998, 'y': 2468.650803018606, 'z': 60.0}
2026-02-13 18:56:14,816 - Drone_2 - INFO - Drone 2: Flying to {'x': 2576.9749403179994, 'y': 2524.325401509303, 'z': 60.0}
2026-02-13 18:56:14,816 - Drone_3 - INFO - Drone 3: Flying to {'x': 2529.3053687379706, 'y': 2572.115169717325, 'z': 60.0}
2026-02-13 18:56:14,816 - Drone_4 - INFO - Drone 4: Flying to {'x': 2568.9498806359998, 'y': 2468.650803018606, 'z': 60.0}
2026-02-13 18:56:15,817 - Drone_2 - INFO - Drone 2: Flying to {'x': 2576.9749403179994, 'y': 2524.325401509303, 'z': 60.0}
2026-02-13 18:56:15,817 - Drone_3 - INFO - Drone 3: Flying to {'x': 2529.3053687379706, 'y': 2572.115169717325, 'z': 60.0}
2026-02-13 18:56:15,817 - Drone_4 - INFO - Drone 4: Flying to {'x': 2568.9498806359998, 'y': 2468.650803018606, 'z': 60.0}
2026-02-13 18:56:16,818 - Drone_2 - INFO - Drone 2: Flying to {'x': 2576.9749403179994, 'y': 2524.325401509303, 'z': 60.0}
2026-02-13 18:56:16,818 - Drone_3 - INFO - Drone 3: Flying to {'x': 2529.3053687379706, 'y': 2572.115169717325, 'z': 60.0}
2026-02-13 18:56:16,819 - Drone_4 - INFO - Drone 4: Flying to {'x': 2568.9498806359998, 'y': 2468.650803018606, 'z': 60.0}
2026-02-13 18:56:17,820 - Drone_2 - INFO - Drone 2: Flying to {'x': 2576.9749403179994, 'y': 2524.325401509303, 'z': 60.0}
2026-02-13 18:56:17,821 - Drone_3 - INFO - Drone 3: Flying to {'x': 2529.3053687379706, 'y': 2572.115169717325, 'z': 60.0}
2026-02-13 18:56:17,821 - Drone_4 - INFO - Drone 4: Flying to {'x': 2568.9498806359998, 'y': 2468.650803018606, 'z': 60.0}
2026-02-13 18:56:18,823 - Drone_2 - INFO - Drone 2: Flying to {'x': 2576.9749403179994, 'y': 2524.325401509303, 'z': 60.0}
2026-02-13 18:56:18,824 - Drone_3 - INFO - Drone 3: Flying to {'x': 2529.3053687379706, 'y': 2572.115169717325, 'z': 60.0}
2026-02-13 18:56:18,824 - Drone_4 - INFO - Drone 4: Flying to {'x': 2568.9498806359998, 'y': 2468.650803018606, 'z': 60.0}
2026-02-13 18:56:19,034 - PhysicalMLTrainer_Drone4 - INFO - Physical ML model trained drone=4 samples=701 degree=2 alpha=0.0 val_mse=0.000967
2026-02-13 18:56:19,037 - PhysicalMLTrainer_Drone3 - INFO - Physical ML model trained drone=3 samples=701 degree=2 alpha=0.0 val_mse=0.000764
2026-02-13 18:56:19,039 - PhysicalMLTrainer_Drone2 - INFO - Physical ML model trained drone=2 samples=701 degree=2 alpha=0.0 val_mse=0.002314
2026-02-13 18:56:19,040 - PhysicalMLTrainer_Drone5 - INFO - Physical ML model trained drone=5 samples=701 degree=2 alpha=1.0 val_mse=0.000659
2026-02-13 18:56:19,041 - PhysicalMLTrainer_Drone1 - INFO - Physical ML model trained drone=1 samples=651 degree=2 alpha=0.0 val_mse=0.001047
2026-02-13 18:56:19,825 - Drone_2 - INFO - Drone 2: Flying to {'x': 2576.9749403179994, 'y': 2524.325401509303, 'z': 60.0}
2026-02-13 18:56:19,826 - Drone_3 - INFO - Drone 3: Flying to {'x': 2529.3053687379706, 'y': 2572.115169717325, 'z': 60.0}
2026-02-13 18:56:19,826 - Drone_4 - INFO - Drone 4: Flying to {'x': 2568.9498806359998, 'y': 2468.650803018606, 'z': 60.0}
2026-02-13 18:56:20,827 - Drone_2 - INFO - Drone 2: Flying to {'x': 2576.9749403179994, 'y': 2524.325401509303, 'z': 60.0}
2026-02-13 18:56:20,827 - Drone_3 - INFO - Drone 3: Flying to {'x': 2529.3053687379706, 'y': 2572.115169717325, 'z': 60.0}
2026-02-13 18:56:20,827 - Drone_4 - INFO - Drone 4: Flying to {'x': 2568.9498806359998, 'y': 2468.650803018606, 'z': 60.0}
2026-02-13 18:56:21,828 - Drone_2 - INFO - Drone 2: Flying to {'x': 2576.9749403179994, 'y': 2524.325401509303, 'z': 60.0}
2026-02-13 18:56:21,828 - Drone_3 - INFO - Drone 3: Flying to {'x': 2529.3053687379706, 'y': 2572.115169717325, 'z': 60.0}
2026-02-13 18:56:21,829 - Drone_4 - INFO - Drone 4: Flying to {'x': 2568.9498806359998, 'y': 2468.650803018606, 'z': 60.0}
2026-02-13 18:56:22,829 - Drone_2 - INFO - Drone 2: Flying to {'x': 2576.9749403179994, 'y': 2524.325401509303, 'z': 60.0}
2026-02-13 18:56:22,830 - Drone_3 - INFO - Drone 3: Flying to {'x': 2529.3053687379706, 'y': 2572.115169717325, 'z': 60.0}
2026-02-13 18:56:22,830 - Drone_4 - INFO - Drone 4: Flying to {'x': 2568.9498806359998, 'y': 2468.650803018606, 'z': 60.0}
2026-02-13 18:56:23,831 - Drone_2 - INFO - Drone 2: Flying to {'x': 2576.9749403179994, 'y': 2524.325401509303, 'z': 60.0}
2026-02-13 18:56:23,832 - Drone_3 - INFO - Drone 3: Flying to {'x': 2529.3053687379706, 'y': 2572.115169717325, 'z': 60.0}
2026-02-13 18:56:23,832 - Drone_4 - INFO - Drone 4: Flying to {'x': 2568.9498806359998, 'y': 2468.650803018606, 'z': 60.0}
2026-02-13 18:56:24,834 - Drone_2 - INFO - Drone 2: Flying to {'x': 2576.9749403179994, 'y': 2524.325401509303, 'z': 60.0}
2026-02-13 18:56:24,835 - Drone_3 - INFO - Drone 3: Flying to {'x': 2529.3053687379706, 'y': 2572.115169717325, 'z': 60.0}
2026-02-13 18:56:24,836 - Drone_4 - INFO - Drone 4: Flying to {'x': 2568.9498806359998, 'y': 2468.650803018606, 'z': 60.0}
2026-02-13 18:56:25,836 - Drone_2 - INFO - Drone 2: Flying to {'x': 2576.9749403179994, 'y': 2524.325401509303, 'z': 60.0}
2026-02-13 18:56:25,839 - Drone_3 - INFO - Drone 3: Flying to {'x': 2529.3053687379706, 'y': 2572.115169717325, 'z': 60.0}
2026-02-13 18:56:25,840 - Drone_4 - INFO - Drone 4: Flying to {'x': 2568.9498806359998, 'y': 2468.650803018606, 'z': 60.0}
2026-02-13 18:56:26,841 - Drone_2 - INFO - Drone 2: Flying to {'x': 2576.9749403179994, 'y': 2524.325401509303, 'z': 60.0}
2026-02-13 18:56:26,841 - Drone_3 - INFO - Drone 3: Flying to {'x': 2529.3053687379706, 'y': 2572.115169717325, 'z': 60.0}
2026-02-13 18:56:26,841 - Drone_4 - INFO - Drone 4: Flying to {'x': 2568.9498806359998, 'y': 2468.650803018606, 'z': 60.0}
2026-02-13 18:56:27,842 - SwarmManager - WARNING - Leader drone 1 no longer operational
2026-02-13 18:56:27,843 - SwarmManager - ERROR - Handling failure of drone 1: Leader failure
2026-02-13 18:56:27,844 - SwarmManager - WARNING - Leader drone 1 failed - initiating leader election
2026-02-13 18:56:28,845 - SwarmManager - INFO - Starting leader election...
2026-02-13 18:56:28,847 - SwarmManager - INFO -   Drone 2: suitability score = 99.63
2026-02-13 18:56:28,849 - SwarmManager - INFO -   Drone 3: suitability score = 99.63
2026-02-13 18:56:28,850 - SwarmManager - INFO -   Drone 4: suitability score = 99.63
2026-02-13 18:56:28,850 - Drone_1 - INFO - Drone 1: Role changed from leader to follower
2026-02-13 18:56:28,851 - Drone_2 - INFO - Drone 2: Role changed from follower to follower
2026-02-13 18:56:28,851 - Drone_3 - INFO - Drone 3: Role changed from follower to follower
2026-02-13 18:56:28,851 - Drone_4 - INFO - Drone 4: Role changed from follower to leader
2026-02-13 18:56:28,851 - Drone_5 - INFO - Drone 5: Role changed from emergency to follower
2026-02-13 18:56:28,856 - SwarmManager - ERROR - Drone 1 crashed
2026-02-13 18:56:28,857 - SwarmManager - ERROR - Handling failure of drone 1: Crashed
2026-02-13 18:56:28,857 - Drone_2 - INFO - Drone 2: Flying to {'x': 2581.2854160077295, 'y': 2413.7700498614854, 'z': 60.0}
2026-02-13 18:56:28,857 - Drone_3 - INFO - Drone 3: Flying to {'x': 2519.718307509248, 'y': 2441.442078177752, 'z': 60.0}
2026-02-13 18:56:29,858 - SwarmManager - ERROR - Drone 1 crashed
2026-02-13 18:56:29,860 - SwarmManager - ERROR - Handling failure of drone 1: Crashed
2026-02-13 18:56:29,861 - Drone_2 - INFO - Drone 2: Flying to {'x': 2581.2854160077295, 'y': 2413.7700498614854, 'z': 60.0}
2026-02-13 18:56:29,862 - Drone_3 - INFO - Drone 3: Flying to {'x': 2519.718307509248, 'y': 2441.442078177752, 'z': 60.0}
2026-02-13 18:56:30,863 - SwarmManager - ERROR - Drone 1 crashed
2026-02-13 18:56:30,864 - SwarmManager - ERROR - Handling failure of drone 1: Crashed
2026-02-13 18:56:30,864 - Drone_2 - INFO - Drone 2: Flying to {'x': 2581.2854160077295, 'y': 2413.7700498614854, 'z': 60.0}
2026-02-13 18:56:30,864 - Drone_3 - INFO - Drone 3: Flying to {'x': 2519.718307509248, 'y': 2441.442078177752, 'z': 60.0}
2026-02-13 18:56:31,865 - SwarmManager - ERROR - Drone 1 heartbeat timeout
2026-02-13 18:56:31,866 - SwarmManager - ERROR - Handling failure of drone 1: Heartbeat timeout
2026-02-13 18:56:31,867 - SwarmManager - ERROR - Drone 1 crashed
2026-02-13 18:56:31,868 - SwarmManager - ERROR - Handling failure of drone 1: Crashed
2026-02-13 18:56:31,869 - Drone_2 - INFO - Drone 2: Flying to {'x': 2581.2854160077295, 'y': 2413.7700498614854, 'z': 60.0}
2026-02-13 18:56:31,869 - Drone_3 - INFO - Drone 3: Flying to {'x': 2519.718307509248, 'y': 2441.442078177752, 'z': 60.0}
2026-02-13 18:56:32,869 - SwarmManager - ERROR - Drone 1 heartbeat timeout
2026-02-13 18:56:32,870 - SwarmManager - ERROR - Handling failure of drone 1: Heartbeat timeout
2026-02-13 18:56:32,871 - SwarmManager - ERROR - Drone 1 crashed
2026-02-13 18:56:32,871 - SwarmManager - ERROR - Handling failure of drone 1: Crashed
2026-02-13 18:56:32,871 - Drone_2 - INFO - Drone 2: Flying to {'x': 2581.2854160077295, 'y': 2413.7700498614854, 'z': 60.0}
2026-02-13 18:56:32,871 - Drone_3 - INFO - Drone 3: Flying to {'x': 2519.718307509248, 'y': 2441.442078177752, 'z': 60.0}
2026-02-13 18:56:33,872 - SwarmManager - ERROR - Drone 1 heartbeat timeout
2026-02-13 18:56:33,873 - SwarmManager - ERROR - Handling failure of drone 1: Heartbeat timeout
2026-02-13 18:56:33,873 - SwarmManager - ERROR - Drone 1 crashed
2026-02-13 18:56:33,874 - SwarmManager - ERROR - Handling failure of drone 1: Crashed
2026-02-13 18:56:33,874 - Drone_2 - INFO - Drone 2: Flying to {'x': 2581.2854160077295, 'y': 2413.7700498614854, 'z': 60.0}
2026-02-13 18:56:33,874 - Drone_3 - INFO - Drone 3: Flying to {'x': 2519.718307509248, 'y': 2441.442078177752, 'z': 60.0}
2026-02-13 18:56:34,875 - SwarmManager - ERROR - Drone 1 heartbeat timeout
2026-02-13 18:56:34,875 - SwarmManager - ERROR - Handling failure of drone 1: Heartbeat timeout
2026-02-13 18:56:34,876 - SwarmManager - ERROR - Drone 1 crashed
2026-02-13 18:56:34,876 - SwarmManager - ERROR - Handling failure of drone 1: Crashed
2026-02-13 18:56:34,876 - Drone_2 - INFO - Drone 2: Flying to {'x': 2581.2854160077295, 'y': 2413.7700498614854, 'z': 60.0}
2026-02-13 18:56:34,876 - Drone_3 - INFO - Drone 3: Flying to {'x': 2519.718307509248, 'y': 2441.442078177752, 'z': 60.0}
2026-02-13 18:56:35,876 - SwarmManager - ERROR - Drone 1 heartbeat timeout
2026-02-13 18:56:35,877 - SwarmManager - ERROR - Handling failure of drone 1: Heartbeat timeout
2026-02-13 18:56:35,879 - SwarmManager - ERROR - Drone 1 crashed
2026-02-13 18:56:35,880 - SwarmManager - ERROR - Handling failure of drone 1: Crashed
2026-02-13 18:56:35,881 - Drone_2 - INFO - Drone 2: Flying to {'x': 2581.2854160077295, 'y': 2413.7700498614854, 'z': 60.0}
2026-02-13 18:56:35,881 - Drone_3 - INFO - Drone 3: Flying to {'x': 2519.718307509248, 'y': 2441.442078177752, 'z': 60.0}
2026-02-13 18:56:35,938 - Drone_5 - INFO - Drone 5: Reached home position
2026-02-13 18:56:36,341 - Drone_5 - INFO - Drone 5: Landed safely
2026-02-13 18:56:36,881 - SwarmManager - ERROR - Drone 1 heartbeat timeout
2026-02-13 18:56:36,883 - SwarmManager - ERROR - Handling failure of drone 1: Heartbeat timeout
2026-02-13 18:56:36,884 - SwarmManager - ERROR - Drone 1 crashed
2026-02-13 18:56:36,885 - SwarmManager - ERROR - Handling failure of drone 1: Crashed
2026-02-13 18:56:36,885 - Drone_2 - INFO - Drone 2: Flying to {'x': 2581.2854160077295, 'y': 2413.7700498614854, 'z': 60.0}
2026-02-13 18:56:36,886 - Drone_3 - INFO - Drone 3: Flying to {'x': 2519.718307509248, 'y': 2441.442078177752, 'z': 60.0}
2026-02-13 18:56:37,886 - SwarmManager - ERROR - Drone 1 heartbeat timeout
2026-02-13 18:56:37,886 - SwarmManager - ERROR - Handling failure of drone 1: Heartbeat timeout
2026-02-13 18:56:37,887 - SwarmManager - ERROR - Drone 1 crashed
2026-02-13 18:56:37,887 - SwarmManager - ERROR - Handling failure of drone 1: Crashed
2026-02-13 18:56:37,887 - Drone_2 - INFO - Drone 2: Flying to {'x': 2581.2854160077295, 'y': 2413.7700498614854, 'z': 60.0}
2026-02-13 18:56:37,888 - Drone_3 - INFO - Drone 3: Flying to {'x': 2519.718307509248, 'y': 2441.442078177752, 'z': 60.0}
2026-02-13 18:56:38,888 - SwarmManager - ERROR - Drone 1 heartbeat timeout
2026-02-13 18:56:38,889 - SwarmManager - ERROR - Handling failure of drone 1: Heartbeat timeout
2026-02-13 18:56:38,889 - SwarmManager - ERROR - Drone 1 crashed
2026-02-13 18:56:38,890 - SwarmManager - ERROR - Handling failure of drone 1: Crashed
2026-02-13 18:56:38,891 - Drone_2 - INFO - Drone 2: Flying to {'x': 2581.2854160077295, 'y': 2413.7700498614854, 'z': 60.0}
2026-02-13 18:56:38,891 - Drone_3 - INFO - Drone 3: Flying to {'x': 2519.718307509248, 'y': 2441.442078177752, 'z': 60.0}
2026-02-13 18:56:39,147 - PhysicalMLTrainer_Drone4 - INFO - Physical ML model trained drone=4 samples=901 degree=2 alpha=0.0 val_mse=0.001805
2026-02-13 18:56:39,148 - PhysicalMLTrainer_Drone2 - INFO - Physical ML model trained drone=2 samples=901 degree=2 alpha=0.0 val_mse=0.003573
2026-02-13 18:56:39,157 - PhysicalMLTrainer_Drone5 - INFO - Physical ML model trained drone=5 samples=901 degree=2 alpha=0.0 val_mse=0.000602
2026-02-13 18:56:39,160 - PhysicalMLTrainer_Drone3 - INFO - Physical ML model trained drone=3 samples=901 degree=2 alpha=0.0 val_mse=0.001442
2026-02-13 18:56:39,892 - SwarmManager - ERROR - Drone 1 heartbeat timeout
2026-02-13 18:56:39,892 - SwarmManager - ERROR - Handling failure of drone 1: Heartbeat timeout
2026-02-13 18:56:39,892 - SwarmManager - ERROR - Drone 1 crashed
2026-02-13 18:56:39,893 - SwarmManager - ERROR - Handling failure of drone 1: Crashed
2026-02-13 18:56:39,893 - Drone_2 - INFO - Drone 2: Flying to {'x': 2581.2854160077295, 'y': 2413.7700498614854, 'z': 60.0}
2026-02-13 18:56:39,893 - Drone_3 - INFO - Drone 3: Flying to {'x': 2519.718307509248, 'y': 2441.442078177752, 'z': 60.0}
2026-02-13 18:56:40,894 - SwarmManager - ERROR - Drone 1 heartbeat timeout
2026-02-13 18:56:40,894 - SwarmManager - ERROR - Handling failure of drone 1: Heartbeat timeout
2026-02-13 18:56:40,894 - SwarmManager - ERROR - Drone 1 crashed
2026-02-13 18:56:40,894 - SwarmManager - ERROR - Handling failure of drone 1: Crashed
2026-02-13 18:56:40,894 - Drone_2 - INFO - Drone 2: Flying to {'x': 2581.2854160077295, 'y': 2413.7700498614854, 'z': 60.0}
2026-02-13 18:56:40,894 - Drone_3 - INFO - Drone 3: Flying to {'x': 2519.718307509248, 'y': 2441.442078177752, 'z': 60.0}
2026-02-13 18:56:41,895 - SwarmManager - ERROR - Drone 1 heartbeat timeout
2026-02-13 18:56:41,896 - SwarmManager - ERROR - Handling failure of drone 1: Heartbeat timeout
2026-02-13 18:56:41,896 - SwarmManager - ERROR - Drone 1 crashed
2026-02-13 18:56:41,897 - SwarmManager - ERROR - Handling failure of drone 1: Crashed
2026-02-13 18:56:41,898 - Drone_2 - INFO - Drone 2: Flying to {'x': 2581.2854160077295, 'y': 2413.7700498614854, 'z': 60.0}
2026-02-13 18:56:41,898 - Drone_3 - INFO - Drone 3: Flying to {'x': 2519.718307509248, 'y': 2441.442078177752, 'z': 60.0}
2026-02-13 18:56:42,899 - SwarmManager - ERROR - Drone 1 heartbeat timeout
2026-02-13 18:56:42,899 - SwarmManager - ERROR - Handling failure of drone 1: Heartbeat timeout
2026-02-13 18:56:42,900 - SwarmManager - ERROR - Drone 1 crashed
2026-02-13 18:56:42,900 - SwarmManager - ERROR - Handling failure of drone 1: Crashed
2026-02-13 18:56:42,900 - Drone_2 - INFO - Drone 2: Flying to {'x': 2581.2854160077295, 'y': 2413.7700498614854, 'z': 60.0}
2026-02-13 18:56:42,900 - Drone_3 - INFO - Drone 3: Flying to {'x': 2519.718307509248, 'y': 2441.442078177752, 'z': 60.0}
2026-02-13 18:56:43,901 - SwarmManager - ERROR - Drone 1 heartbeat timeout
2026-02-13 18:56:43,902 - SwarmManager - ERROR - Handling failure of drone 1: Heartbeat timeout
2026-02-13 18:56:43,904 - SwarmManager - ERROR - Drone 1 crashed
2026-02-13 18:56:43,905 - SwarmManager - ERROR - Handling failure of drone 1: Crashed
2026-02-13 18:56:43,906 - Drone_2 - INFO - Drone 2: Flying to {'x': 2581.2854160077295, 'y': 2413.7700498614854, 'z': 60.0}
2026-02-13 18:56:43,906 - Drone_3 - INFO - Drone 3: Flying to {'x': 2519.718307509248, 'y': 2441.442078177752, 'z': 60.0}
2026-02-13 18:56:44,906 - SwarmManager - ERROR - Drone 1 heartbeat timeout
2026-02-13 18:56:44,907 - SwarmManager - ERROR - Handling failure of drone 1: Heartbeat timeout
2026-02-13 18:56:44,907 - SwarmManager - ERROR - Drone 1 crashed
2026-02-13 18:56:44,907 - SwarmManager - ERROR - Handling failure of drone 1: Crashed
2026-02-13 18:56:44,907 - Drone_2 - INFO - Drone 2: Flying to {'x': 2581.2854160077295, 'y': 2413.7700498614854, 'z': 60.0}
2026-02-13 18:56:44,908 - Drone_3 - INFO - Drone 3: Flying to {'x': 2519.718307509248, 'y': 2441.442078177752, 'z': 60.0}
2026-02-13 18:56:45,908 - SwarmManager - ERROR - Drone 1 heartbeat timeout
2026-02-13 18:56:45,909 - SwarmManager - ERROR - Handling failure of drone 1: Heartbeat timeout
2026-02-13 18:56:45,910 - SwarmManager - ERROR - Drone 1 crashed
2026-02-13 18:56:45,911 - SwarmManager - ERROR - Handling failure of drone 1: Crashed
2026-02-13 18:56:45,911 - Drone_2 - INFO - Drone 2: Flying to {'x': 2581.2854160077295, 'y': 2413.7700498614854, 'z': 60.0}
2026-02-13 18:56:45,912 - Drone_3 - INFO - Drone 3: Flying to {'x': 2519.718307509248, 'y': 2441.442078177752, 'z': 60.0}
2026-02-13 18:56:46,912 - SwarmManager - ERROR - Drone 1 heartbeat timeout
2026-02-13 18:56:46,913 - SwarmManager - ERROR - Handling failure of drone 1: Heartbeat timeout
2026-02-13 18:56:46,913 - SwarmManager - ERROR - Drone 1 crashed
2026-02-13 18:56:46,913 - SwarmManager - ERROR - Handling failure of drone 1: Crashed
2026-02-13 18:56:46,914 - Drone_2 - INFO - Drone 2: Flying to {'x': 2581.2854160077295, 'y': 2413.7700498614854, 'z': 60.0}
2026-02-13 18:56:46,914 - Drone_3 - INFO - Drone 3: Flying to {'x': 2519.718307509248, 'y': 2441.442078177752, 'z': 60.0}
2026-02-13 18:56:47,914 - SwarmManager - ERROR - Drone 1 heartbeat timeout
2026-02-13 18:56:47,915 - SwarmManager - ERROR - Handling failure of drone 1: Heartbeat timeout
2026-02-13 18:56:47,915 - SwarmManager - ERROR - Drone 1 crashed
2026-02-13 18:56:47,916 - SwarmManager - ERROR - Handling failure of drone 1: Crashed
2026-02-13 18:56:47,916 - Drone_2 - INFO - Drone 2: Flying to {'x': 2581.2854160077295, 'y': 2413.7700498614854, 'z': 60.0}
2026-02-13 18:56:47,916 - Drone_3 - INFO - Drone 3: Flying to {'x': 2519.718307509248, 'y': 2441.442078177752, 'z': 60.0}
2026-02-13 18:56:48,917 - SwarmManager - ERROR - Drone 1 heartbeat timeout
2026-02-13 18:56:48,917 - SwarmManager - ERROR - Handling failure of drone 1: Heartbeat timeout
2026-02-13 18:56:48,917 - SwarmManager - ERROR - Drone 1 crashed
2026-02-13 18:56:48,918 - SwarmManager - ERROR - Handling failure of drone 1: Crashed
2026-02-13 18:56:48,918 - Drone_2 - INFO - Drone 2: Flying to {'x': 2581.2854160077295, 'y': 2413.7700498614854, 'z': 60.0}
2026-02-13 18:56:48,918 - Drone_3 - INFO - Drone 3: Flying to {'x': 2519.718307509248, 'y': 2441.442078177752, 'z': 60.0}
2026-02-13 18:56:49,919 - SwarmManager - ERROR - Drone 1 heartbeat timeout
2026-02-13 18:56:49,919 - SwarmManager - ERROR - Handling failure of drone 1: Heartbeat timeout
2026-02-13 18:56:49,920 - SwarmManager - ERROR - Drone 1 crashed
2026-02-13 18:56:49,921 - SwarmManager - ERROR - Handling failure of drone 1: Crashed
2026-02-13 18:56:49,921 - Drone_2 - INFO - Drone 2: Flying to {'x': 2581.2854160077295, 'y': 2413.7700498614854, 'z': 60.0}
2026-02-13 18:56:49,922 - Drone_3 - INFO - Drone 3: Flying to {'x': 2519.718307509248, 'y': 2441.442078177752, 'z': 60.0}
2026-02-13 18:56:50,922 - SwarmManager - ERROR - Drone 1 heartbeat timeout
2026-02-13 18:56:50,923 - SwarmManager - ERROR - Handling failure of drone 1: Heartbeat timeout
2026-02-13 18:56:50,923 - SwarmManager - ERROR - Drone 1 crashed
2026-02-13 18:56:50,923 - SwarmManager - ERROR - Handling failure of drone 1: Crashed
2026-02-13 18:56:50,924 - Drone_2 - INFO - Drone 2: Flying to {'x': 2581.2854160077295, 'y': 2413.7700498614854, 'z': 60.0}
2026-02-13 18:56:50,924 - Drone_3 - INFO - Drone 3: Flying to {'x': 2519.718307509248, 'y': 2441.442078177752, 'z': 60.0}
2026-02-13 18:56:51,924 - SwarmManager - ERROR - Drone 1 heartbeat timeout
2026-02-13 18:56:51,925 - SwarmManager - ERROR - Handling failure of drone 1: Heartbeat timeout
2026-02-13 18:56:51,926 - SwarmManager - ERROR - Drone 1 crashed
2026-02-13 18:56:51,926 - SwarmManager - ERROR - Handling failure of drone 1: Crashed
2026-02-13 18:56:51,927 - Drone_2 - INFO - Drone 2: Flying to {'x': 2581.2854160077295, 'y': 2413.7700498614854, 'z': 60.0}
2026-02-13 18:56:51,927 - Drone_3 - INFO - Drone 3: Flying to {'x': 2519.718307509248, 'y': 2441.442078177752, 'z': 60.0}
2026-02-13 18:56:52,928 - SwarmManager - ERROR - Drone 1 heartbeat timeout
2026-02-13 18:56:52,928 - SwarmManager - ERROR - Handling failure of drone 1: Heartbeat timeout
2026-02-13 18:56:52,928 - SwarmManager - ERROR - Drone 1 crashed
2026-02-13 18:56:52,929 - SwarmManager - ERROR - Handling failure of drone 1: Crashed
2026-02-13 18:56:52,929 - Drone_2 - INFO - Drone 2: Flying to {'x': 2581.2854160077295, 'y': 2413.7700498614854, 'z': 60.0}
2026-02-13 18:56:52,929 - Drone_3 - INFO - Drone 3: Flying to {'x': 2519.718307509248, 'y': 2441.442078177752, 'z': 60.0}
2026-02-13 18:56:53,929 - SwarmManager - ERROR - Drone 1 heartbeat timeout
2026-02-13 18:56:53,930 - SwarmManager - ERROR - Handling failure of drone 1: Heartbeat timeout
2026-02-13 18:56:53,931 - SwarmManager - ERROR - Drone 1 crashed
2026-02-13 18:56:53,931 - SwarmManager - ERROR - Handling failure of drone 1: Crashed
2026-02-13 18:56:53,931 - Drone_2 - INFO - Drone 2: Flying to {'x': 2581.285416007729, 'y': 2413.7700498614854, 'z': 60.0}
2026-02-13 18:56:53,931 - Drone_3 - INFO - Drone 3: Flying to {'x': 2519.7183075092485, 'y': 2441.442078177752, 'z': 60.0}
2026-02-13 18:56:54,932 - SwarmManager - ERROR - Drone 1 heartbeat timeout
2026-02-13 18:56:54,933 - SwarmManager - ERROR - Handling failure of drone 1: Heartbeat timeout
2026-02-13 18:56:54,933 - SwarmManager - ERROR - Drone 1 crashed
2026-02-13 18:56:54,933 - SwarmManager - ERROR - Handling failure of drone 1: Crashed
2026-02-13 18:56:54,934 - Drone_2 - INFO - Drone 2: Flying to {'x': 2581.2854160077295, 'y': 2413.7700498614854, 'z': 60.0}
2026-02-13 18:56:54,934 - Drone_3 - INFO - Drone 3: Flying to {'x': 2519.718307509248, 'y': 2441.442078177752, 'z': 60.0}
2026-02-13 18:56:55,935 - SwarmManager - ERROR - Drone 1 heartbeat timeout
2026-02-13 18:56:55,936 - SwarmManager - ERROR - Handling failure of drone 1: Heartbeat timeout
2026-02-13 18:56:55,937 - SwarmManager - ERROR - Drone 1 crashed
2026-02-13 18:56:55,937 - SwarmManager - ERROR - Handling failure of drone 1: Crashed
2026-02-13 18:56:55,938 - Drone_2 - INFO - Drone 2: Flying to {'x': 2581.2854160077295, 'y': 2413.7700498614854, 'z': 60.0}
2026-02-13 18:56:55,939 - Drone_3 - INFO - Drone 3: Flying to {'x': 2519.718307509248, 'y': 2441.442078177752, 'z': 60.0}
2026-02-13 18:56:56,939 - SwarmManager - ERROR - Drone 1 heartbeat timeout
2026-02-13 18:56:56,940 - SwarmManager - ERROR - Handling failure of drone 1: Heartbeat timeout
2026-02-13 18:56:56,940 - SwarmManager - ERROR - Drone 1 crashed
2026-02-13 18:56:56,940 - SwarmManager - ERROR - Handling failure of drone 1: Crashed
2026-02-13 18:56:56,940 - Drone_2 - INFO - Drone 2: Flying to {'x': 2581.2854160077295, 'y': 2413.7700498614854, 'z': 60.0}
2026-02-13 18:56:56,941 - Drone_3 - INFO - Drone 3: Flying to {'x': 2519.718307509248, 'y': 2441.442078177752, 'z': 60.0}
2026-02-13 18:56:57,941 - SwarmManager - ERROR - Drone 1 heartbeat timeout
2026-02-13 18:56:57,942 - SwarmManager - ERROR - Handling failure of drone 1: Heartbeat timeout
2026-02-13 18:56:57,944 - SwarmManager - ERROR - Drone 1 crashed
2026-02-13 18:56:57,945 - SwarmManager - ERROR - Handling failure of drone 1: Crashed
2026-02-13 18:56:57,946 - Drone_2 - INFO - Drone 2: Flying to {'x': 2581.2854160077295, 'y': 2413.7700498614854, 'z': 60.0}
2026-02-13 18:56:57,946 - Drone_3 - INFO - Drone 3: Flying to {'x': 2519.718307509248, 'y': 2441.442078177752, 'z': 60.0}
2026-02-13 18:56:58,948 - SwarmManager - ERROR - Drone 1 heartbeat timeout
2026-02-13 18:56:58,948 - SwarmManager - ERROR - Handling failure of drone 1: Heartbeat timeout
2026-02-13 18:56:58,949 - SwarmManager - ERROR - Drone 1 crashed
2026-02-13 18:56:58,950 - SwarmManager - ERROR - Handling failure of drone 1: Crashed
2026-02-13 18:56:58,950 - Drone_2 - INFO - Drone 2: Flying to {'x': 2581.285416007729, 'y': 2413.7700498614854, 'z': 60.0}
2026-02-13 18:56:58,951 - Drone_3 - INFO - Drone 3: Flying to {'x': 2519.7183075092485, 'y': 2441.442078177752, 'z': 60.0}
2026-02-13 18:56:59,258 - PhysicalMLTrainer_Drone4 - INFO - Physical ML model trained drone=4 samples=1101 degree=2 alpha=0.0 val_mse=0.002136
2026-02-13 18:56:59,279 - PhysicalMLTrainer_Drone5 - INFO - Physical ML model trained drone=5 samples=1101 degree=2 alpha=0.0 val_mse=0.000216
2026-02-13 18:56:59,279 - PhysicalMLTrainer_Drone2 - INFO - Physical ML model trained drone=2 samples=1101 degree=2 alpha=0.0 val_mse=0.002698
2026-02-13 18:56:59,281 - PhysicalMLTrainer_Drone3 - INFO - Physical ML model trained drone=3 samples=1101 degree=2 alpha=0.0 val_mse=0.001820
2026-02-13 18:56:59,951 - SwarmManager - ERROR - Drone 1 heartbeat timeout
2026-02-13 18:56:59,952 - SwarmManager - ERROR - Handling failure of drone 1: Heartbeat timeout
2026-02-13 18:56:59,952 - SwarmManager - ERROR - Drone 1 crashed
2026-02-13 18:56:59,952 - SwarmManager - ERROR - Handling failure of drone 1: Crashed
2026-02-13 18:56:59,953 - Drone_2 - INFO - Drone 2: Flying to {'x': 2581.285416007729, 'y': 2413.7700498614854, 'z': 60.0}
2026-02-13 18:56:59,953 - Drone_3 - INFO - Drone 3: Flying to {'x': 2519.7183075092485, 'y': 2441.442078177752, 'z': 60.0}
2026-02-13 18:57:00,953 - SwarmManager - ERROR - Drone 1 heartbeat timeout
2026-02-13 18:57:00,954 - SwarmManager - ERROR - Handling failure of drone 1: Heartbeat timeout
2026-02-13 18:57:00,954 - SwarmManager - ERROR - Drone 1 crashed
2026-02-13 18:57:00,954 - SwarmManager - ERROR - Handling failure of drone 1: Crashed
2026-02-13 18:57:00,955 - Drone_2 - INFO - Drone 2: Flying to {'x': 2581.2854160077295, 'y': 2413.7700498614854, 'z': 60.0}
2026-02-13 18:57:00,955 - Drone_3 - INFO - Drone 3: Flying to {'x': 2519.718307509248, 'y': 2441.442078177752, 'z': 60.0}
2026-02-13 18:57:01,955 - SwarmManager - ERROR - Drone 1 heartbeat timeout
2026-02-13 18:57:01,956 - SwarmManager - ERROR - Handling failure of drone 1: Heartbeat timeout
2026-02-13 18:57:01,957 - SwarmManager - ERROR - Drone 1 crashed
2026-02-13 18:57:01,958 - SwarmManager - ERROR - Handling failure of drone 1: Crashed
2026-02-13 18:57:01,958 - Drone_2 - INFO - Drone 2: Flying to {'x': 2581.285416007729, 'y': 2413.7700498614854, 'z': 60.0}
2026-02-13 18:57:01,959 - Drone_3 - INFO - Drone 3: Flying to {'x': 2519.7183075092485, 'y': 2441.442078177752, 'z': 60.0}
2026-02-13 18:57:02,960 - SwarmManager - ERROR - Drone 1 heartbeat timeout
2026-02-13 18:57:02,960 - SwarmManager - ERROR - Handling failure of drone 1: Heartbeat timeout
2026-02-13 18:57:02,961 - SwarmManager - ERROR - Drone 1 crashed
2026-02-13 18:57:02,962 - SwarmManager - ERROR - Handling failure of drone 1: Crashed
2026-02-13 18:57:02,964 - Drone_2 - INFO - Drone 2: Flying to {'x': 2581.285416007729, 'y': 2413.7700498614854, 'z': 60.0}
2026-02-13 18:57:02,964 - Drone_3 - INFO - Drone 3: Flying to {'x': 2519.7183075092485, 'y': 2441.442078177752, 'z': 60.0}
2026-02-13 18:57:03,965 - SwarmManager - ERROR - Drone 1 heartbeat timeout
2026-02-13 18:57:03,966 - SwarmManager - ERROR - Handling failure of drone 1: Heartbeat timeout
2026-02-13 18:57:03,967 - SwarmManager - ERROR - Drone 1 crashed
2026-02-13 18:57:03,968 - SwarmManager - ERROR - Handling failure of drone 1: Crashed
2026-02-13 18:57:03,968 - Drone_2 - INFO - Drone 2: Flying to {'x': 2581.2854160077295, 'y': 2413.7700498614854, 'z': 60.0}
2026-02-13 18:57:03,969 - Drone_3 - INFO - Drone 3: Flying to {'x': 2519.718307509248, 'y': 2441.442078177752, 'z': 60.0}
2026-02-13 18:57:04,969 - SwarmManager - ERROR - Drone 1 heartbeat timeout
2026-02-13 18:57:04,970 - SwarmManager - ERROR - Handling failure of drone 1: Heartbeat timeout
2026-02-13 18:57:04,970 - SwarmManager - ERROR - Drone 1 crashed
2026-02-13 18:57:04,970 - SwarmManager - ERROR - Handling failure of drone 1: Crashed
2026-02-13 18:57:04,970 - Drone_2 - INFO - Drone 2: Flying to {'x': 2581.2854160077295, 'y': 2413.7700498614854, 'z': 60.0}
2026-02-13 18:57:04,971 - Drone_3 - INFO - Drone 3: Flying to {'x': 2519.718307509248, 'y': 2441.442078177752, 'z': 60.0}
2026-02-13 18:57:05,971 - SwarmManager - ERROR - Drone 1 heartbeat timeout
2026-02-13 18:57:05,972 - SwarmManager - ERROR - Handling failure of drone 1: Heartbeat timeout
2026-02-13 18:57:05,972 - SwarmManager - ERROR - Drone 1 crashed
2026-02-13 18:57:05,972 - SwarmManager - ERROR - Handling failure of drone 1: Crashed
2026-02-13 18:57:05,972 - Drone_2 - INFO - Drone 2: Flying to {'x': 2581.285416007729, 'y': 2413.7700498614854, 'z': 60.0}
2026-02-13 18:57:05,972 - Drone_3 - INFO - Drone 3: Flying to {'x': 2519.7183075092485, 'y': 2441.442078177752, 'z': 60.0}
2026-02-13 18:57:06,973 - SwarmManager - ERROR - Drone 1 heartbeat timeout
2026-02-13 18:57:06,974 - SwarmManager - ERROR - Handling failure of drone 1: Heartbeat timeout
2026-02-13 18:57:06,974 - SwarmManager - ERROR - Drone 1 crashed
2026-02-13 18:57:06,975 - SwarmManager - ERROR - Handling failure of drone 1: Crashed
2026-02-13 18:57:06,976 - Drone_2 - INFO - Drone 2: Flying to {'x': 2581.2854160077295, 'y': 2413.7700498614854, 'z': 60.0}
2026-02-13 18:57:06,976 - Drone_3 - INFO - Drone 3: Flying to {'x': 2519.718307509248, 'y': 2441.442078177752, 'z': 60.0}
2026-02-13 18:57:07,976 - SwarmManager - ERROR - Drone 1 heartbeat timeout
2026-02-13 18:57:07,976 - SwarmManager - ERROR - Handling failure of drone 1: Heartbeat timeout
2026-02-13 18:57:07,977 - SwarmManager - ERROR - Drone 1 crashed
2026-02-13 18:57:07,977 - SwarmManager - ERROR - Handling failure of drone 1: Crashed
2026-02-13 18:57:07,977 - Drone_2 - INFO - Drone 2: Flying to {'x': 2581.2854160077295, 'y': 2413.7700498614854, 'z': 60.0}
2026-02-13 18:57:07,977 - Drone_3 - INFO - Drone 3: Flying to {'x': 2519.718307509248, 'y': 2441.442078177752, 'z': 60.0}
2026-02-13 18:57:08,978 - SwarmManager - ERROR - Drone 1 heartbeat timeout
2026-02-13 18:57:08,979 - SwarmManager - ERROR - Handling failure of drone 1: Heartbeat timeout
2026-02-13 18:57:08,980 - SwarmManager - ERROR - Drone 1 crashed
2026-02-13 18:57:08,982 - SwarmManager - ERROR - Handling failure of drone 1: Crashed
2026-02-13 18:57:08,983 - Drone_2 - INFO - Drone 2: Flying to {'x': 2581.2854160077295, 'y': 2413.7700498614854, 'z': 60.0}
2026-02-13 18:57:08,983 - Drone_3 - INFO - Drone 3: Flying to {'x': 2519.718307509248, 'y': 2441.442078177752, 'z': 60.0}
2026-02-13 18:57:09,984 - SwarmManager - ERROR - Drone 1 heartbeat timeout
2026-02-13 18:57:09,985 - SwarmManager - ERROR - Handling failure of drone 1: Heartbeat timeout
2026-02-13 18:57:09,985 - SwarmManager - ERROR - Drone 1 crashed
2026-02-13 18:57:09,985 - SwarmManager - ERROR - Handling failure of drone 1: Crashed
2026-02-13 18:57:09,986 - Drone_2 - INFO - Drone 2: Flying to {'x': 2581.2854160077295, 'y': 2413.7700498614854, 'z': 60.0}
2026-02-13 18:57:09,986 - Drone_3 - INFO - Drone 3: Flying to {'x': 2519.718307509248, 'y': 2441.442078177752, 'z': 60.0}
2026-02-13 18:57:10,987 - SwarmManager - ERROR - Drone 1 heartbeat timeout
2026-02-13 18:57:10,987 - SwarmManager - ERROR - Handling failure of drone 1: Heartbeat timeout
2026-02-13 18:57:10,987 - SwarmManager - ERROR - Drone 1 crashed
2026-02-13 18:57:10,987 - SwarmManager - ERROR - Handling failure of drone 1: Crashed
2026-02-13 18:57:10,988 - Drone_2 - INFO - Drone 2: Flying to {'x': 2581.2854160077295, 'y': 2413.7700498614854, 'z': 60.0}
2026-02-13 18:57:10,988 - Drone_3 - INFO - Drone 3: Flying to {'x': 2519.718307509248, 'y': 2441.442078177752, 'z': 60.0}
2026-02-13 18:57:11,988 - SwarmManager - ERROR - Drone 1 heartbeat timeout
2026-02-13 18:57:11,989 - SwarmManager - ERROR - Handling failure of drone 1: Heartbeat timeout
2026-02-13 18:57:11,989 - SwarmManager - ERROR - Drone 1 crashed
2026-02-13 18:57:11,989 - SwarmManager - ERROR - Handling failure of drone 1: Crashed
2026-02-13 18:57:11,990 - Drone_2 - INFO - Drone 2: Flying to {'x': 2581.2854160077295, 'y': 2413.7700498614854, 'z': 60.0}
2026-02-13 18:57:11,990 - Drone_3 - INFO - Drone 3: Flying to {'x': 2519.718307509248, 'y': 2441.442078177752, 'z': 60.0}
2026-02-13 18:57:12,991 - SwarmManager - ERROR - Drone 1 heartbeat timeout
2026-02-13 18:57:12,991 - SwarmManager - ERROR - Handling failure of drone 1: Heartbeat timeout
2026-02-13 18:57:12,992 - SwarmManager - ERROR - Drone 1 crashed
2026-02-13 18:57:12,992 - SwarmManager - ERROR - Handling failure of drone 1: Crashed
2026-02-13 18:57:12,992 - Drone_2 - INFO - Drone 2: Flying to {'x': 2581.2854160077295, 'y': 2413.7700498614854, 'z': 60.0}
2026-02-13 18:57:12,992 - Drone_3 - INFO - Drone 3: Flying to {'x': 2519.718307509248, 'y': 2441.442078177752, 'z': 60.0}
2026-02-13 18:57:13,993 - SwarmManager - ERROR - Drone 1 heartbeat timeout
2026-02-13 18:57:13,994 - SwarmManager - ERROR - Handling failure of drone 1: Heartbeat timeout
2026-02-13 18:57:13,994 - SwarmManager - ERROR - Drone 1 crashed
2026-02-13 18:57:13,995 - SwarmManager - ERROR - Handling failure of drone 1: Crashed
2026-02-13 18:57:13,995 - Drone_2 - INFO - Drone 2: Flying to {'x': 2581.2854160077295, 'y': 2413.7700498614854, 'z': 60.0}
2026-02-13 18:57:13,995 - Drone_3 - INFO - Drone 3: Flying to {'x': 2519.718307509248, 'y': 2441.442078177752, 'z': 60.0}
2026-02-13 18:57:14,996 - SwarmManager - ERROR - Drone 1 heartbeat timeout
2026-02-13 18:57:14,996 - SwarmManager - ERROR - Handling failure of drone 1: Heartbeat timeout
2026-02-13 18:57:14,997 - SwarmManager - ERROR - Drone 1 crashed
2026-02-13 18:57:14,997 - SwarmManager - ERROR - Handling failure of drone 1: Crashed
2026-02-13 18:57:14,997 - Drone_2 - INFO - Drone 2: Flying to {'x': 2581.2854160077295, 'y': 2413.7700498614854, 'z': 60.0}
2026-02-13 18:57:14,998 - Drone_3 - INFO - Drone 3: Flying to {'x': 2519.718307509248, 'y': 2441.442078177752, 'z': 60.0}
2026-02-13 18:57:15,998 - SwarmManager - ERROR - Drone 1 heartbeat timeout
2026-02-13 18:57:15,998 - SwarmManager - ERROR - Handling failure of drone 1: Heartbeat timeout
2026-02-13 18:57:15,999 - SwarmManager - ERROR - Drone 1 crashed
2026-02-13 18:57:15,999 - SwarmManager - ERROR - Handling failure of drone 1: Crashed
2026-02-13 18:57:15,999 - Drone_2 - INFO - Drone 2: Flying to {'x': 2581.2854160077295, 'y': 2413.7700498614854, 'z': 60.0}
2026-02-13 18:57:15,999 - Drone_3 - INFO - Drone 3: Flying to {'x': 2519.718307509248, 'y': 2441.442078177752, 'z': 60.0}
2026-02-13 18:57:17,000 - SwarmManager - ERROR - Drone 1 heartbeat timeout
2026-02-13 18:57:17,000 - SwarmManager - ERROR - Handling failure of drone 1: Heartbeat timeout
2026-02-13 18:57:17,000 - SwarmManager - ERROR - Drone 1 crashed
2026-02-13 18:57:17,001 - SwarmManager - ERROR - Handling failure of drone 1: Crashed
2026-02-13 18:57:17,001 - Drone_2 - INFO - Drone 2: Flying to {'x': 2581.2854160077295, 'y': 2413.7700498614854, 'z': 60.0}
2026-02-13 18:57:17,001 - Drone_3 - INFO - Drone 3: Flying to {'x': 2519.718307509248, 'y': 2441.442078177752, 'z': 60.0}
2026-02-13 18:57:18,002 - SwarmManager - ERROR - Drone 1 heartbeat timeout
2026-02-13 18:57:18,003 - SwarmManager - ERROR - Handling failure of drone 1: Heartbeat timeout
2026-02-13 18:57:18,003 - SwarmManager - ERROR - Drone 1 crashed
2026-02-13 18:57:18,004 - SwarmManager - ERROR - Handling failure of drone 1: Crashed
2026-02-13 18:57:18,004 - Drone_2 - INFO - Drone 2: Flying to {'x': 2581.2854160077295, 'y': 2413.7700498614854, 'z': 60.0}
2026-02-13 18:57:18,004 - Drone_3 - INFO - Drone 3: Flying to {'x': 2519.718307509248, 'y': 2441.442078177752, 'z': 60.0}
2026-02-13 18:57:19,005 - SwarmManager - ERROR - Drone 1 heartbeat timeout
2026-02-13 18:57:19,005 - SwarmManager - ERROR - Handling failure of drone 1: Heartbeat timeout
2026-02-13 18:57:19,006 - SwarmManager - ERROR - Drone 1 crashed
2026-02-13 18:57:19,006 - SwarmManager - ERROR - Handling failure of drone 1: Crashed
2026-02-13 18:57:19,006 - Drone_2 - INFO - Drone 2: Flying to {'x': 2581.2854160077295, 'y': 2413.7700498614854, 'z': 60.0}
2026-02-13 18:57:19,006 - Drone_3 - INFO - Drone 3: Flying to {'x': 2519.718307509248, 'y': 2441.442078177752, 'z': 60.0}
2026-02-13 18:57:19,383 - PhysicalMLTrainer_Drone4 - INFO - Physical ML model trained drone=4 samples=1301 degree=2 alpha=0.0 val_mse=0.001864
2026-02-13 18:57:19,384 - PhysicalMLTrainer_Drone2 - INFO - Physical ML model trained drone=2 samples=1301 degree=2 alpha=0.0 val_mse=0.002082
2026-02-13 18:57:19,387 - PhysicalMLTrainer_Drone3 - INFO - Physical ML model trained drone=3 samples=1301 degree=2 alpha=0.0 val_mse=0.001721
2026-02-13 18:57:19,390 - PhysicalMLTrainer_Drone5 - INFO - Physical ML model trained drone=5 samples=1301 degree=2 alpha=0.0 val_mse=0.000021
2026-02-13 18:57:20,007 - SwarmManager - ERROR - Drone 1 heartbeat timeout
2026-02-13 18:57:20,008 - SwarmManager - ERROR - Handling failure of drone 1: Heartbeat timeout
2026-02-13 18:57:20,009 - SwarmManager - ERROR - Drone 1 crashed
2026-02-13 18:57:20,009 - SwarmManager - ERROR - Handling failure of drone 1: Crashed
2026-02-13 18:57:20,010 - Drone_2 - INFO - Drone 2: Flying to {'x': 2581.2854160077295, 'y': 2413.7700498614854, 'z': 60.0}
2026-02-13 18:57:20,010 - Drone_3 - INFO - Drone 3: Flying to {'x': 2519.718307509248, 'y': 2441.442078177752, 'z': 60.0}
2026-02-13 18:57:21,011 - SwarmManager - ERROR - Drone 1 heartbeat timeout
2026-02-13 18:57:21,011 - SwarmManager - ERROR - Handling failure of drone 1: Heartbeat timeout
2026-02-13 18:57:21,012 - SwarmManager - ERROR - Drone 1 crashed
2026-02-13 18:57:21,012 - SwarmManager - ERROR - Handling failure of drone 1: Crashed
2026-02-13 18:57:21,012 - Drone_2 - INFO - Drone 2: Flying to {'x': 2581.2854160077295, 'y': 2413.7700498614854, 'z': 60.0}
2026-02-13 18:57:21,012 - Drone_3 - INFO - Drone 3: Flying to {'x': 2519.718307509248, 'y': 2441.442078177752, 'z': 60.0}
2026-02-13 18:57:22,013 - SwarmManager - ERROR - Drone 1 heartbeat timeout
2026-02-13 18:57:22,013 - SwarmManager - ERROR - Handling failure of drone 1: Heartbeat timeout
2026-02-13 18:57:22,013 - SwarmManager - ERROR - Drone 1 crashed
2026-02-13 18:57:22,014 - SwarmManager - ERROR - Handling failure of drone 1: Crashed
2026-02-13 18:57:22,014 - Drone_2 - INFO - Drone 2: Flying to {'x': 2581.2854160077295, 'y': 2413.7700498614854, 'z': 60.0}
2026-02-13 18:57:22,014 - Drone_3 - INFO - Drone 3: Flying to {'x': 2519.718307509248, 'y': 2441.442078177752, 'z': 60.0}
2026-02-13 18:57:23,015 - SwarmManager - ERROR - Drone 1 heartbeat timeout
2026-02-13 18:57:23,015 - SwarmManager - ERROR - Handling failure of drone 1: Heartbeat timeout
2026-02-13 18:57:23,015 - SwarmManager - ERROR - Drone 1 crashed
2026-02-13 18:57:23,015 - SwarmManager - ERROR - Handling failure of drone 1: Crashed
2026-02-13 18:57:23,015 - Drone_2 - INFO - Drone 2: Flying to {'x': 2581.2854160077295, 'y': 2413.7700498614854, 'z': 60.0}
2026-02-13 18:57:23,016 - Drone_3 - INFO - Drone 3: Flying to {'x': 2519.718307509248, 'y': 2441.442078177752, 'z': 60.0}
2026-02-13 18:57:24,017 - SwarmManager - ERROR - Drone 1 heartbeat timeout
2026-02-13 18:57:24,018 - SwarmManager - ERROR - Handling failure of drone 1: Heartbeat timeout
2026-02-13 18:57:24,018 - SwarmManager - ERROR - Drone 1 crashed
2026-02-13 18:57:24,018 - SwarmManager - ERROR - Handling failure of drone 1: Crashed
2026-02-13 18:57:24,019 - Drone_2 - INFO - Drone 2: Flying to {'x': 2581.2854160077295, 'y': 2413.7700498614854, 'z': 60.0}
2026-02-13 18:57:24,019 - Drone_3 - INFO - Drone 3: Flying to {'x': 2519.718307509248, 'y': 2441.442078177752, 'z': 60.0}
2026-02-13 18:57:25,020 - SwarmManager - ERROR - Drone 1 heartbeat timeout
2026-02-13 18:57:25,020 - SwarmManager - ERROR - Handling failure of drone 1: Heartbeat timeout
2026-02-13 18:57:25,021 - SwarmManager - ERROR - Drone 1 crashed
2026-02-13 18:57:25,021 - SwarmManager - ERROR - Handling failure of drone 1: Crashed
2026-02-13 18:57:25,021 - Drone_2 - INFO - Drone 2: Flying to {'x': 2581.2854160077295, 'y': 2413.7700498614854, 'z': 60.0}
2026-02-13 18:57:25,021 - Drone_3 - INFO - Drone 3: Flying to {'x': 2519.718307509248, 'y': 2441.442078177752, 'z': 60.0}
2026-02-13 18:57:26,022 - SwarmManager - ERROR - Drone 1 heartbeat timeout
2026-02-13 18:57:26,023 - SwarmManager - ERROR - Handling failure of drone 1: Heartbeat timeout
2026-02-13 18:57:26,024 - SwarmManager - ERROR - Drone 1 crashed
2026-02-13 18:57:26,024 - SwarmManager - ERROR - Handling failure of drone 1: Crashed
2026-02-13 18:57:26,025 - Drone_2 - INFO - Drone 2: Flying to {'x': 2581.285416007729, 'y': 2413.7700498614854, 'z': 60.0}
2026-02-13 18:57:26,025 - Drone_3 - INFO - Drone 3: Flying to {'x': 2519.7183075092485, 'y': 2441.442078177752, 'z': 60.0}
2026-02-13 18:57:27,025 - SwarmManager - ERROR - Drone 1 heartbeat timeout
2026-02-13 18:57:27,026 - SwarmManager - ERROR - Handling failure of drone 1: Heartbeat timeout
2026-02-13 18:57:27,027 - SwarmManager - ERROR - Drone 1 crashed
2026-02-13 18:57:27,027 - SwarmManager - ERROR - Handling failure of drone 1: Crashed
2026-02-13 18:57:27,027 - Drone_2 - INFO - Drone 2: Flying to {'x': 2581.2854160077295, 'y': 2413.7700498614854, 'z': 60.0}
2026-02-13 18:57:27,028 - Drone_3 - INFO - Drone 3: Flying to {'x': 2519.718307509248, 'y': 2441.442078177752, 'z': 60.0}
2026-02-13 18:57:28,028 - SwarmManager - ERROR - Drone 1 heartbeat timeout
2026-02-13 18:57:28,029 - SwarmManager - ERROR - Handling failure of drone 1: Heartbeat timeout
2026-02-13 18:57:28,029 - SwarmManager - ERROR - Drone 1 crashed
2026-02-13 18:57:28,029 - SwarmManager - ERROR - Handling failure of drone 1: Crashed
2026-02-13 18:57:28,029 - Drone_2 - INFO - Drone 2: Flying to {'x': 2581.285416007729, 'y': 2413.7700498614854, 'z': 60.0}
2026-02-13 18:57:28,029 - Drone_3 - INFO - Drone 3: Flying to {'x': 2519.7183075092485, 'y': 2441.442078177752, 'z': 60.0}
2026-02-13 18:57:29,029 - SwarmManager - ERROR - Drone 1 heartbeat timeout
2026-02-13 18:57:29,030 - SwarmManager - ERROR - Handling failure of drone 1: Heartbeat timeout
2026-02-13 18:57:29,030 - SwarmManager - ERROR - Drone 1 crashed
2026-02-13 18:57:29,030 - SwarmManager - ERROR - Handling failure of drone 1: Crashed
2026-02-13 18:57:29,031 - Drone_2 - INFO - Drone 2: Flying to {'x': 2581.2854160077295, 'y': 2413.7700498614854, 'z': 60.0}
2026-02-13 18:57:29,031 - Drone_3 - INFO - Drone 3: Flying to {'x': 2519.718307509248, 'y': 2441.442078177752, 'z': 60.0}
2026-02-13 18:57:30,031 - SwarmManager - ERROR - Drone 1 heartbeat timeout
2026-02-13 18:57:30,032 - SwarmManager - ERROR - Handling failure of drone 1: Heartbeat timeout
2026-02-13 18:57:30,032 - SwarmManager - ERROR - Drone 1 crashed
2026-02-13 18:57:30,032 - SwarmManager - ERROR - Handling failure of drone 1: Crashed
2026-02-13 18:57:30,032 - Drone_2 - INFO - Drone 2: Flying to {'x': 2581.2854160077295, 'y': 2413.7700498614854, 'z': 60.0}
2026-02-13 18:57:30,033 - Drone_3 - INFO - Drone 3: Flying to {'x': 2519.718307509248, 'y': 2441.442078177752, 'z': 60.0}
2026-02-13 18:57:31,033 - SwarmManager - ERROR - Drone 1 heartbeat timeout
2026-02-13 18:57:31,034 - SwarmManager - ERROR - Handling failure of drone 1: Heartbeat timeout
2026-02-13 18:57:31,034 - SwarmManager - ERROR - Drone 1 crashed
2026-02-13 18:57:31,034 - SwarmManager - ERROR - Handling failure of drone 1: Crashed
2026-02-13 18:57:31,034 - Drone_2 - INFO - Drone 2: Flying to {'x': 2581.2854160077295, 'y': 2413.7700498614854, 'z': 60.0}
2026-02-13 18:57:31,035 - Drone_3 - INFO - Drone 3: Flying to {'x': 2519.718307509248, 'y': 2441.442078177752, 'z': 60.0}
2026-02-13 18:57:32,035 - SwarmManager - ERROR - Drone 1 heartbeat timeout
2026-02-13 18:57:32,036 - SwarmManager - ERROR - Handling failure of drone 1: Heartbeat timeout
2026-02-13 18:57:32,036 - SwarmManager - ERROR - Drone 1 crashed
2026-02-13 18:57:32,036 - SwarmManager - ERROR - Handling failure of drone 1: Crashed
2026-02-13 18:57:32,036 - Drone_2 - INFO - Drone 2: Flying to {'x': 2581.2854160077295, 'y': 2413.7700498614854, 'z': 60.0}
2026-02-13 18:57:32,037 - Drone_3 - INFO - Drone 3: Flying to {'x': 2519.718307509248, 'y': 2441.442078177752, 'z': 60.0}
2026-02-13 18:57:33,037 - SwarmManager - ERROR - Drone 1 heartbeat timeout
2026-02-13 18:57:33,038 - SwarmManager - ERROR - Handling failure of drone 1: Heartbeat timeout
2026-02-13 18:57:33,038 - SwarmManager - ERROR - Drone 1 crashed
2026-02-13 18:57:33,038 - SwarmManager - ERROR - Handling failure of drone 1: Crashed
2026-02-13 18:57:33,039 - Drone_2 - INFO - Drone 2: Flying to {'x': 2581.2854160077295, 'y': 2413.7700498614854, 'z': 60.0}
2026-02-13 18:57:33,039 - Drone_3 - INFO - Drone 3: Flying to {'x': 2519.718307509248, 'y': 2441.442078177752, 'z': 60.0}
2026-02-13 18:57:34,039 - SwarmManager - ERROR - Drone 1 heartbeat timeout
2026-02-13 18:57:34,040 - SwarmManager - ERROR - Handling failure of drone 1: Heartbeat timeout
2026-02-13 18:57:34,041 - SwarmManager - ERROR - Drone 1 crashed
2026-02-13 18:57:34,041 - SwarmManager - ERROR - Handling failure of drone 1: Crashed
2026-02-13 18:57:34,041 - Drone_2 - INFO - Drone 2: Flying to {'x': 2581.2854160077295, 'y': 2413.7700498614854, 'z': 60.0}
2026-02-13 18:57:34,042 - Drone_3 - INFO - Drone 3: Flying to {'x': 2519.718307509248, 'y': 2441.442078177752, 'z': 60.0}
2026-02-13 18:57:35,042 - SwarmManager - ERROR - Drone 1 heartbeat timeout
2026-02-13 18:57:35,042 - SwarmManager - ERROR - Handling failure of drone 1: Heartbeat timeout
2026-02-13 18:57:35,043 - SwarmManager - ERROR - Drone 1 crashed
2026-02-13 18:57:35,043 - SwarmManager - ERROR - Handling failure of drone 1: Crashed
2026-02-13 18:57:35,043 - Drone_2 - INFO - Drone 2: Flying to {'x': 2581.2854160077295, 'y': 2413.7700498614854, 'z': 60.0}
2026-02-13 18:57:35,043 - Drone_3 - INFO - Drone 3: Flying to {'x': 2519.718307509248, 'y': 2441.442078177752, 'z': 60.0}
2026-02-13 18:57:36,044 - SwarmManager - ERROR - Drone 1 heartbeat timeout
2026-02-13 18:57:36,044 - SwarmManager - ERROR - Handling failure of drone 1: Heartbeat timeout
2026-02-13 18:57:36,044 - SwarmManager - ERROR - Drone 1 crashed
2026-02-13 18:57:36,044 - SwarmManager - ERROR - Handling failure of drone 1: Crashed
2026-02-13 18:57:36,045 - Drone_2 - INFO - Drone 2: Flying to {'x': 2581.2854160077295, 'y': 2413.7700498614854, 'z': 60.0}
2026-02-13 18:57:36,045 - Drone_3 - INFO - Drone 3: Flying to {'x': 2519.718307509248, 'y': 2441.442078177752, 'z': 60.0}
2026-02-13 18:57:37,046 - SwarmManager - ERROR - Drone 1 heartbeat timeout
2026-02-13 18:57:37,046 - SwarmManager - ERROR - Handling failure of drone 1: Heartbeat timeout
2026-02-13 18:57:37,046 - SwarmManager - ERROR - Drone 1 crashed
2026-02-13 18:57:37,047 - SwarmManager - ERROR - Handling failure of drone 1: Crashed
2026-02-13 18:57:37,047 - Drone_2 - INFO - Drone 2: Flying to {'x': 2581.2854160077295, 'y': 2413.7700498614854, 'z': 60.0}
2026-02-13 18:57:37,047 - Drone_3 - INFO - Drone 3: Flying to {'x': 2519.718307509248, 'y': 2441.442078177752, 'z': 60.0}
2026-02-13 18:57:38,048 - SwarmManager - ERROR - Drone 1 heartbeat timeout
2026-02-13 18:57:38,048 - SwarmManager - ERROR - Handling failure of drone 1: Heartbeat timeout
2026-02-13 18:57:38,048 - SwarmManager - ERROR - Drone 1 crashed
2026-02-13 18:57:38,048 - SwarmManager - ERROR - Handling failure of drone 1: Crashed
2026-02-13 18:57:38,049 - Drone_2 - INFO - Drone 2: Flying to {'x': 2581.2854160077295, 'y': 2413.7700498614854, 'z': 60.0}
2026-02-13 18:57:38,049 - Drone_3 - INFO - Drone 3: Flying to {'x': 2519.718307509248, 'y': 2441.442078177752, 'z': 60.0}
2026-02-13 18:57:39,049 - SwarmManager - ERROR - Drone 1 heartbeat timeout
2026-02-13 18:57:39,050 - SwarmManager - ERROR - Handling failure of drone 1: Heartbeat timeout
2026-02-13 18:57:39,050 - SwarmManager - ERROR - Drone 1 crashed
2026-02-13 18:57:39,050 - SwarmManager - ERROR - Handling failure of drone 1: Crashed
2026-02-13 18:57:39,051 - Drone_2 - INFO - Drone 2: Flying to {'x': 2581.2854160077295, 'y': 2413.7700498614854, 'z': 60.0}
2026-02-13 18:57:39,051 - Drone_3 - INFO - Drone 3: Flying to {'x': 2519.718307509248, 'y': 2441.442078177752, 'z': 60.0}
2026-02-13 18:57:39,500 - PhysicalMLTrainer_Drone2 - INFO - Physical ML model trained drone=2 samples=1501 degree=2 alpha=0.0 val_mse=0.001685
2026-02-13 18:57:39,502 - PhysicalMLTrainer_Drone3 - INFO - Physical ML model trained drone=3 samples=1501 degree=2 alpha=0.0 val_mse=0.001412
2026-02-13 18:57:39,502 - PhysicalMLTrainer_Drone5 - INFO - Physical ML model trained drone=5 samples=1501 degree=2 alpha=0.0 val_mse=0.000007
2026-02-13 18:57:39,503 - PhysicalMLTrainer_Drone4 - INFO - Physical ML model trained drone=4 samples=1501 degree=2 alpha=0.0 val_mse=0.001400
2026-02-13 18:57:40,051 - SwarmManager - ERROR - Drone 1 heartbeat timeout
2026-02-13 18:57:40,052 - SwarmManager - ERROR - Handling failure of drone 1: Heartbeat timeout
2026-02-13 18:57:40,052 - SwarmManager - ERROR - Drone 1 crashed
2026-02-13 18:57:40,052 - SwarmManager - ERROR - Handling failure of drone 1: Crashed
2026-02-13 18:57:40,052 - Drone_2 - INFO - Drone 2: Flying to {'x': 2581.2854160077295, 'y': 2413.7700498614854, 'z': 60.0}
2026-02-13 18:57:40,052 - Drone_3 - INFO - Drone 3: Flying to {'x': 2519.718307509248, 'y': 2441.442078177752, 'z': 60.0}
2026-02-13 18:57:41,053 - SwarmManager - ERROR - Drone 1 heartbeat timeout
2026-02-13 18:57:41,053 - SwarmManager - ERROR - Handling failure of drone 1: Heartbeat timeout
2026-02-13 18:57:41,053 - SwarmManager - ERROR - Drone 1 crashed
2026-02-13 18:57:41,053 - SwarmManager - ERROR - Handling failure of drone 1: Crashed
2026-02-13 18:57:41,054 - Drone_2 - INFO - Drone 2: Flying to {'x': 2581.2854160077295, 'y': 2413.7700498614854, 'z': 60.0}
2026-02-13 18:57:41,054 - Drone_3 - INFO - Drone 3: Flying to {'x': 2519.718307509248, 'y': 2441.442078177752, 'z': 60.0}
2026-02-13 18:57:42,054 - SwarmManager - ERROR - Drone 1 heartbeat timeout
2026-02-13 18:57:42,055 - SwarmManager - ERROR - Handling failure of drone 1: Heartbeat timeout
2026-02-13 18:57:42,055 - SwarmManager - ERROR - Drone 1 crashed
2026-02-13 18:57:42,055 - SwarmManager - ERROR - Handling failure of drone 1: Crashed
2026-02-13 18:57:42,055 - Drone_2 - INFO - Drone 2: Flying to {'x': 2581.2854160077295, 'y': 2413.7700498614854, 'z': 60.0}
2026-02-13 18:57:42,055 - Drone_3 - INFO - Drone 3: Flying to {'x': 2519.718307509248, 'y': 2441.442078177752, 'z': 60.0}
2026-02-13 18:57:43,056 - SwarmManager - ERROR - Drone 1 heartbeat timeout
2026-02-13 18:57:43,057 - SwarmManager - ERROR - Handling failure of drone 1: Heartbeat timeout
2026-02-13 18:57:43,058 - SwarmManager - ERROR - Drone 1 crashed
2026-02-13 18:57:43,058 - SwarmManager - ERROR - Handling failure of drone 1: Crashed
2026-02-13 18:57:43,059 - Drone_2 - INFO - Drone 2: Flying to {'x': 2581.2854160077295, 'y': 2413.7700498614854, 'z': 60.0}
2026-02-13 18:57:43,059 - Drone_3 - INFO - Drone 3: Flying to {'x': 2519.718307509248, 'y': 2441.442078177752, 'z': 60.0}
2026-02-13 18:57:44,060 - SwarmManager - ERROR - Drone 1 heartbeat timeout
2026-02-13 18:57:44,061 - SwarmManager - ERROR - Handling failure of drone 1: Heartbeat timeout
2026-02-13 18:57:44,062 - SwarmManager - ERROR - Drone 1 crashed
2026-02-13 18:57:44,063 - SwarmManager - ERROR - Handling failure of drone 1: Crashed
2026-02-13 18:57:44,064 - Drone_2 - INFO - Drone 2: Flying to {'x': 2581.2854160077295, 'y': 2413.7700498614854, 'z': 60.0}
2026-02-13 18:57:44,064 - Drone_3 - INFO - Drone 3: Flying to {'x': 2519.718307509248, 'y': 2441.442078177752, 'z': 60.0}
2026-02-13 18:57:45,065 - SwarmManager - ERROR - Drone 1 heartbeat timeout
2026-02-13 18:57:45,066 - SwarmManager - ERROR - Handling failure of drone 1: Heartbeat timeout
2026-02-13 18:57:45,069 - SwarmManager - ERROR - Drone 1 crashed
2026-02-13 18:57:45,070 - SwarmManager - ERROR - Handling failure of drone 1: Crashed
2026-02-13 18:57:45,071 - Drone_2 - INFO - Drone 2: Flying to {'x': 2581.2854160077295, 'y': 2413.7700498614854, 'z': 60.0}
2026-02-13 18:57:45,072 - Drone_3 - INFO - Drone 3: Flying to {'x': 2519.718307509248, 'y': 2441.442078177752, 'z': 60.0}
2026-02-13 18:57:46,072 - SwarmManager - ERROR - Drone 1 heartbeat timeout
2026-02-13 18:57:46,073 - SwarmManager - ERROR - Handling failure of drone 1: Heartbeat timeout
2026-02-13 18:57:46,073 - SwarmManager - ERROR - Drone 1 crashed
2026-02-13 18:57:46,073 - SwarmManager - ERROR - Handling failure of drone 1: Crashed
2026-02-13 18:57:46,074 - Drone_2 - INFO - Drone 2: Flying to {'x': 2581.2854160077295, 'y': 2413.7700498614854, 'z': 60.0}
2026-02-13 18:57:46,074 - Drone_3 - INFO - Drone 3: Flying to {'x': 2519.718307509248, 'y': 2441.442078177752, 'z': 60.0}
2026-02-13 18:57:47,075 - SwarmManager - ERROR - Drone 1 heartbeat timeout
2026-02-13 18:57:47,075 - SwarmManager - ERROR - Handling failure of drone 1: Heartbeat timeout
2026-02-13 18:57:47,076 - SwarmManager - ERROR - Drone 1 crashed
2026-02-13 18:57:47,076 - SwarmManager - ERROR - Handling failure of drone 1: Crashed
2026-02-13 18:57:47,077 - Drone_2 - INFO - Drone 2: Flying to {'x': 2581.2854160077295, 'y': 2413.7700498614854, 'z': 60.0}
2026-02-13 18:57:47,077 - Drone_3 - INFO - Drone 3: Flying to {'x': 2519.718307509248, 'y': 2441.442078177752, 'z': 60.0}
2026-02-13 18:57:48,078 - SwarmManager - ERROR - Drone 1 heartbeat timeout
2026-02-13 18:57:48,079 - SwarmManager - ERROR - Handling failure of drone 1: Heartbeat timeout
2026-02-13 18:57:48,079 - SwarmManager - ERROR - Drone 1 crashed
2026-02-13 18:57:48,080 - SwarmManager - ERROR - Handling failure of drone 1: Crashed
2026-02-13 18:57:48,080 - Drone_2 - INFO - Drone 2: Flying to {'x': 2581.2854160077295, 'y': 2413.7700498614854, 'z': 60.0}
2026-02-13 18:57:48,081 - Drone_3 - INFO - Drone 3: Flying to {'x': 2519.718307509248, 'y': 2441.442078177752, 'z': 60.0}
2026-02-13 18:57:49,082 - SwarmManager - ERROR - Drone 1 heartbeat timeout
2026-02-13 18:57:49,083 - SwarmManager - ERROR - Handling failure of drone 1: Heartbeat timeout
2026-02-13 18:57:49,085 - SwarmManager - ERROR - Drone 1 crashed
2026-02-13 18:57:49,086 - SwarmManager - ERROR - Handling failure of drone 1: Crashed
2026-02-13 18:57:49,087 - Drone_2 - INFO - Drone 2: Flying to {'x': 2581.285416007729, 'y': 2413.7700498614854, 'z': 60.0}
2026-02-13 18:57:49,087 - Drone_3 - INFO - Drone 3: Flying to {'x': 2519.7183075092485, 'y': 2441.442078177752, 'z': 60.0}
2026-02-13 18:57:50,088 - SwarmManager - ERROR - Drone 1 heartbeat timeout
2026-02-13 18:57:50,089 - SwarmManager - ERROR - Handling failure of drone 1: Heartbeat timeout
2026-02-13 18:57:50,090 - SwarmManager - ERROR - Drone 1 crashed
2026-02-13 18:57:50,091 - SwarmManager - ERROR - Handling failure of drone 1: Crashed
2026-02-13 18:57:50,092 - Drone_2 - INFO - Drone 2: Flying to {'x': 2581.285416007729, 'y': 2413.7700498614854, 'z': 60.0}
2026-02-13 18:57:50,093 - Drone_3 - INFO - Drone 3: Flying to {'x': 2519.7183075092485, 'y': 2441.442078177752, 'z': 60.0}
2026-02-13 18:57:51,093 - SwarmManager - ERROR - Drone 1 heartbeat timeout
2026-02-13 18:57:51,094 - SwarmManager - ERROR - Handling failure of drone 1: Heartbeat timeout
2026-02-13 18:57:51,094 - SwarmManager - ERROR - Drone 1 crashed
2026-02-13 18:57:51,095 - SwarmManager - ERROR - Handling failure of drone 1: Crashed
2026-02-13 18:57:51,095 - Drone_2 - INFO - Drone 2: Flying to {'x': 2581.285416007729, 'y': 2413.7700498614854, 'z': 60.0}
2026-02-13 18:57:51,095 - Drone_3 - INFO - Drone 3: Flying to {'x': 2519.7183075092485, 'y': 2441.442078177752, 'z': 60.0}
2026-02-13 18:57:52,096 - SwarmManager - ERROR - Drone 1 heartbeat timeout
2026-02-13 18:57:52,096 - SwarmManager - ERROR - Handling failure of drone 1: Heartbeat timeout
2026-02-13 18:57:52,096 - SwarmManager - ERROR - Drone 1 crashed
2026-02-13 18:57:52,097 - SwarmManager - ERROR - Handling failure of drone 1: Crashed
2026-02-13 18:57:52,097 - Drone_2 - INFO - Drone 2: Flying to {'x': 2581.285416007729, 'y': 2413.7700498614854, 'z': 60.0}
2026-02-13 18:57:52,097 - Drone_3 - INFO - Drone 3: Flying to {'x': 2519.7183075092485, 'y': 2441.442078177752, 'z': 60.0}
2026-02-13 18:57:53,098 - SwarmManager - ERROR - Drone 1 heartbeat timeout
2026-02-13 18:57:53,098 - SwarmManager - ERROR - Handling failure of drone 1: Heartbeat timeout
2026-02-13 18:57:53,098 - SwarmManager - ERROR - Drone 1 crashed
2026-02-13 18:57:53,099 - SwarmManager - ERROR - Handling failure of drone 1: Crashed
2026-02-13 18:57:53,099 - Drone_2 - INFO - Drone 2: Flying to {'x': 2581.285416007729, 'y': 2413.7700498614854, 'z': 60.0}
2026-02-13 18:57:53,099 - Drone_3 - INFO - Drone 3: Flying to {'x': 2519.7183075092485, 'y': 2441.442078177752, 'z': 60.0}
2026-02-13 18:57:54,100 - SwarmManager - ERROR - Drone 1 heartbeat timeout
2026-02-13 18:57:54,100 - SwarmManager - ERROR - Handling failure of drone 1: Heartbeat timeout
2026-02-13 18:57:54,100 - SwarmManager - ERROR - Drone 1 crashed
2026-02-13 18:57:54,101 - SwarmManager - ERROR - Handling failure of drone 1: Crashed
2026-02-13 18:57:54,101 - Drone_2 - INFO - Drone 2: Flying to {'x': 2581.285416007729, 'y': 2413.7700498614854, 'z': 60.0}
2026-02-13 18:57:54,101 - Drone_3 - INFO - Drone 3: Flying to {'x': 2519.7183075092485, 'y': 2441.442078177752, 'z': 60.0}
2026-02-13 18:57:55,102 - SwarmManager - ERROR - Drone 1 heartbeat timeout
2026-02-13 18:57:55,102 - SwarmManager - ERROR - Handling failure of drone 1: Heartbeat timeout
2026-02-13 18:57:55,102 - SwarmManager - ERROR - Drone 1 crashed
2026-02-13 18:57:55,103 - SwarmManager - ERROR - Handling failure of drone 1: Crashed
2026-02-13 18:57:55,103 - Drone_2 - INFO - Drone 2: Flying to {'x': 2581.285416007729, 'y': 2413.7700498614854, 'z': 60.0}
2026-02-13 18:57:55,103 - Drone_3 - INFO - Drone 3: Flying to {'x': 2519.7183075092485, 'y': 2441.442078177752, 'z': 60.0}
2026-02-13 18:57:56,104 - SwarmManager - ERROR - Drone 1 heartbeat timeout
2026-02-13 18:57:56,105 - SwarmManager - ERROR - Handling failure of drone 1: Heartbeat timeout
2026-02-13 18:57:56,106 - SwarmManager - ERROR - Drone 1 crashed
2026-02-13 18:57:56,107 - SwarmManager - ERROR - Handling failure of drone 1: Crashed
2026-02-13 18:57:56,108 - Drone_2 - INFO - Drone 2: Flying to {'x': 2581.285416007729, 'y': 2413.7700498614854, 'z': 60.0}
2026-02-13 18:57:56,109 - Drone_3 - INFO - Drone 3: Flying to {'x': 2519.7183075092485, 'y': 2441.442078177752, 'z': 60.0}
2026-02-13 18:57:57,110 - SwarmManager - ERROR - Drone 1 heartbeat timeout
2026-02-13 18:57:57,111 - SwarmManager - ERROR - Handling failure of drone 1: Heartbeat timeout
2026-02-13 18:57:57,112 - SwarmManager - ERROR - Drone 1 crashed
2026-02-13 18:57:57,112 - SwarmManager - ERROR - Handling failure of drone 1: Crashed
2026-02-13 18:57:57,113 - Drone_2 - INFO - Drone 2: Flying to {'x': 2581.285416007729, 'y': 2413.7700498614854, 'z': 60.0}
2026-02-13 18:57:57,113 - Drone_3 - INFO - Drone 3: Flying to {'x': 2519.7183075092485, 'y': 2441.442078177752, 'z': 60.0}
2026-02-13 18:57:58,114 - SwarmManager - ERROR - Drone 1 heartbeat timeout
2026-02-13 18:57:58,114 - SwarmManager - ERROR - Handling failure of drone 1: Heartbeat timeout
2026-02-13 18:57:58,115 - SwarmManager - ERROR - Drone 1 crashed
2026-02-13 18:57:58,115 - SwarmManager - ERROR - Handling failure of drone 1: Crashed
2026-02-13 18:57:58,115 - Drone_2 - INFO - Drone 2: Flying to {'x': 2581.285416007729, 'y': 2413.7700498614854, 'z': 60.0}
2026-02-13 18:57:58,116 - Drone_3 - INFO - Drone 3: Flying to {'x': 2519.7183075092485, 'y': 2441.442078177752, 'z': 60.0}
2026-02-13 18:57:59,116 - SwarmManager - ERROR - Drone 1 heartbeat timeout
2026-02-13 18:57:59,117 - SwarmManager - ERROR - Handling failure of drone 1: Heartbeat timeout
2026-02-13 18:57:59,117 - SwarmManager - ERROR - Drone 1 crashed
2026-02-13 18:57:59,118 - SwarmManager - ERROR - Handling failure of drone 1: Crashed
2026-02-13 18:57:59,118 - Drone_2 - INFO - Drone 2: Flying to {'x': 2581.285416007729, 'y': 2413.7700498614854, 'z': 60.0}
2026-02-13 18:57:59,118 - Drone_3 - INFO - Drone 3: Flying to {'x': 2519.7183075092485, 'y': 2441.442078177752, 'z': 60.0}
2026-02-13 18:57:59,641 - PhysicalMLTrainer_Drone4 - INFO - Physical ML model trained drone=4 samples=1701 degree=2 alpha=0.0 val_mse=0.001010
2026-02-13 18:57:59,642 - PhysicalMLTrainer_Drone2 - INFO - Physical ML model trained drone=2 samples=1701 degree=2 alpha=0.0 val_mse=0.001378
2026-02-13 18:57:59,642 - PhysicalMLTrainer_Drone3 - INFO - Physical ML model trained drone=3 samples=1701 degree=2 alpha=0.0 val_mse=0.001095
2026-02-13 18:57:59,643 - PhysicalMLTrainer_Drone5 - INFO - Physical ML model trained drone=5 samples=1701 degree=2 alpha=0.0 val_mse=0.000004
2026-02-13 18:58:00,119 - SwarmManager - ERROR - Drone 1 heartbeat timeout
2026-02-13 18:58:00,119 - SwarmManager - ERROR - Handling failure of drone 1: Heartbeat timeout
2026-02-13 18:58:00,119 - SwarmManager - ERROR - Drone 1 crashed
2026-02-13 18:58:00,120 - SwarmManager - ERROR - Handling failure of drone 1: Crashed
2026-02-13 18:58:00,120 - Drone_2 - INFO - Drone 2: Flying to {'x': 2581.285416007729, 'y': 2413.7700498614854, 'z': 60.0}
2026-02-13 18:58:00,120 - Drone_3 - INFO - Drone 3: Flying to {'x': 2519.7183075092485, 'y': 2441.442078177752, 'z': 60.0}
2026-02-13 18:58:01,121 - SwarmManager - ERROR - Drone 1 heartbeat timeout
2026-02-13 18:58:01,122 - SwarmManager - ERROR - Handling failure of drone 1: Heartbeat timeout
2026-02-13 18:58:01,122 - SwarmManager - ERROR - Drone 1 crashed
2026-02-13 18:58:01,122 - SwarmManager - ERROR - Handling failure of drone 1: Crashed
2026-02-13 18:58:01,123 - Drone_2 - INFO - Drone 2: Flying to {'x': 2581.285416007729, 'y': 2413.7700498614854, 'z': 60.0}
2026-02-13 18:58:01,123 - Drone_3 - INFO - Drone 3: Flying to {'x': 2519.7183075092485, 'y': 2441.442078177752, 'z': 60.0}
2026-02-13 18:58:02,124 - SwarmManager - ERROR - Drone 1 heartbeat timeout
2026-02-13 18:58:02,125 - SwarmManager - ERROR - Handling failure of drone 1: Heartbeat timeout
2026-02-13 18:58:02,126 - SwarmManager - ERROR - Drone 1 crashed
2026-02-13 18:58:02,126 - SwarmManager - ERROR - Handling failure of drone 1: Crashed
2026-02-13 18:58:02,127 - Drone_2 - INFO - Drone 2: Flying to {'x': 2581.285416007729, 'y': 2413.7700498614854, 'z': 60.0}
2026-02-13 18:58:02,127 - Drone_3 - INFO - Drone 3: Flying to {'x': 2519.7183075092485, 'y': 2441.442078177752, 'z': 60.0}
2026-02-13 18:58:03,127 - SwarmManager - ERROR - Drone 1 heartbeat timeout
2026-02-13 18:58:03,128 - SwarmManager - ERROR - Handling failure of drone 1: Heartbeat timeout
2026-02-13 18:58:03,128 - SwarmManager - ERROR - Drone 1 crashed
2026-02-13 18:58:03,129 - SwarmManager - ERROR - Handling failure of drone 1: Crashed
2026-02-13 18:58:03,129 - Drone_2 - INFO - Drone 2: Flying to {'x': 2581.285416007729, 'y': 2413.7700498614854, 'z': 60.0}
2026-02-13 18:58:03,129 - Drone_3 - INFO - Drone 3: Flying to {'x': 2519.7183075092485, 'y': 2441.442078177752, 'z': 60.0}
2026-02-13 18:58:04,130 - SwarmManager - ERROR - Drone 1 heartbeat timeout
2026-02-13 18:58:04,130 - SwarmManager - ERROR - Handling failure of drone 1: Heartbeat timeout
2026-02-13 18:58:04,131 - SwarmManager - ERROR - Drone 1 crashed
2026-02-13 18:58:04,131 - SwarmManager - ERROR - Handling failure of drone 1: Crashed
2026-02-13 18:58:04,131 - Drone_2 - INFO - Drone 2: Flying to {'x': 2581.285416007729, 'y': 2413.7700498614854, 'z': 60.0}
2026-02-13 18:58:04,132 - Drone_3 - INFO - Drone 3: Flying to {'x': 2519.7183075092485, 'y': 2441.442078177752, 'z': 60.0}
2026-02-13 18:58:05,132 - SwarmManager - ERROR - Drone 1 heartbeat timeout
2026-02-13 18:58:05,133 - SwarmManager - ERROR - Handling failure of drone 1: Heartbeat timeout
2026-02-13 18:58:05,134 - SwarmManager - ERROR - Drone 1 crashed
2026-02-13 18:58:05,134 - SwarmManager - ERROR - Handling failure of drone 1: Crashed
2026-02-13 18:58:05,135 - Drone_2 - INFO - Drone 2: Flying to {'x': 2581.285416007729, 'y': 2413.7700498614854, 'z': 60.0}
2026-02-13 18:58:05,135 - Drone_3 - INFO - Drone 3: Flying to {'x': 2519.7183075092485, 'y': 2441.442078177752, 'z': 60.0}
2026-02-13 18:58:06,136 - SwarmManager - ERROR - Drone 1 heartbeat timeout
2026-02-13 18:58:06,137 - SwarmManager - ERROR - Handling failure of drone 1: Heartbeat timeout
2026-02-13 18:58:06,138 - SwarmManager - ERROR - Drone 1 crashed
2026-02-13 18:58:06,139 - SwarmManager - ERROR - Handling failure of drone 1: Crashed
2026-02-13 18:58:06,139 - Drone_2 - INFO - Drone 2: Flying to {'x': 2581.285416007729, 'y': 2413.7700498614854, 'z': 60.0}
2026-02-13 18:58:06,140 - Drone_3 - INFO - Drone 3: Flying to {'x': 2519.7183075092485, 'y': 2441.442078177752, 'z': 60.0}
2026-02-13 18:58:07,141 - SwarmManager - ERROR - Drone 1 heartbeat timeout
2026-02-13 18:58:07,142 - SwarmManager - ERROR - Handling failure of drone 1: Heartbeat timeout
2026-02-13 18:58:07,143 - SwarmManager - ERROR - Drone 1 crashed
2026-02-13 18:58:07,145 - SwarmManager - ERROR - Handling failure of drone 1: Crashed
2026-02-13 18:58:07,146 - Drone_2 - INFO - Drone 2: Flying to {'x': 2581.285416007729, 'y': 2413.7700498614854, 'z': 60.0}
2026-02-13 18:58:07,147 - Drone_3 - INFO - Drone 3: Flying to {'x': 2519.7183075092485, 'y': 2441.442078177752, 'z': 60.0}
2026-02-13 18:58:08,148 - SwarmManager - ERROR - Drone 1 heartbeat timeout
2026-02-13 18:58:08,148 - SwarmManager - ERROR - Handling failure of drone 1: Heartbeat timeout
2026-02-13 18:58:08,148 - SwarmManager - ERROR - Drone 1 crashed
2026-02-13 18:58:08,149 - SwarmManager - ERROR - Handling failure of drone 1: Crashed
2026-02-13 18:58:08,149 - Drone_2 - INFO - Drone 2: Flying to {'x': 2581.285416007729, 'y': 2413.7700498614854, 'z': 60.0}
2026-02-13 18:58:08,149 - Drone_3 - INFO - Drone 3: Flying to {'x': 2519.7183075092485, 'y': 2441.442078177752, 'z': 60.0}
2026-02-13 18:58:09,150 - SwarmManager - ERROR - Drone 1 heartbeat timeout
2026-02-13 18:58:09,150 - SwarmManager - ERROR - Handling failure of drone 1: Heartbeat timeout
2026-02-13 18:58:09,151 - SwarmManager - ERROR - Drone 1 crashed
2026-02-13 18:58:09,151 - SwarmManager - ERROR - Handling failure of drone 1: Crashed
2026-02-13 18:58:09,151 - Drone_2 - INFO - Drone 2: Flying to {'x': 2581.285416007729, 'y': 2413.7700498614854, 'z': 60.0}
2026-02-13 18:58:09,151 - Drone_3 - INFO - Drone 3: Flying to {'x': 2519.7183075092485, 'y': 2441.442078177752, 'z': 60.0}
2026-02-13 18:58:10,152 - SwarmManager - ERROR - Drone 1 heartbeat timeout
2026-02-13 18:58:10,152 - SwarmManager - ERROR - Handling failure of drone 1: Heartbeat timeout
2026-02-13 18:58:10,153 - SwarmManager - ERROR - Drone 1 crashed
2026-02-13 18:58:10,154 - SwarmManager - ERROR - Handling failure of drone 1: Crashed
2026-02-13 18:58:10,154 - Drone_2 - INFO - Drone 2: Flying to {'x': 2581.285416007729, 'y': 2413.7700498614854, 'z': 60.0}
2026-02-13 18:58:10,154 - Drone_3 - INFO - Drone 3: Flying to {'x': 2519.7183075092485, 'y': 2441.442078177752, 'z': 60.0}
2026-02-13 18:58:11,155 - SwarmManager - ERROR - Drone 1 heartbeat timeout
2026-02-13 18:58:11,155 - SwarmManager - ERROR - Handling failure of drone 1: Heartbeat timeout
2026-02-13 18:58:11,155 - SwarmManager - ERROR - Drone 1 crashed
2026-02-13 18:58:11,156 - SwarmManager - ERROR - Handling failure of drone 1: Crashed
2026-02-13 18:58:11,156 - Drone_2 - INFO - Drone 2: Flying to {'x': 2581.2854160077295, 'y': 2413.7700498614854, 'z': 60.0}
2026-02-13 18:58:11,156 - Drone_3 - INFO - Drone 3: Flying to {'x': 2519.718307509248, 'y': 2441.442078177752, 'z': 60.0}
2026-02-13 18:58:12,157 - SwarmManager - ERROR - Drone 1 heartbeat timeout
2026-02-13 18:58:12,158 - SwarmManager - ERROR - Handling failure of drone 1: Heartbeat timeout
2026-02-13 18:58:12,159 - SwarmManager - ERROR - Drone 1 crashed
2026-02-13 18:58:12,160 - SwarmManager - ERROR - Handling failure of drone 1: Crashed
2026-02-13 18:58:12,161 - Drone_2 - INFO - Drone 2: Flying to {'x': 2581.285416007729, 'y': 2413.7700498614854, 'z': 60.0}
2026-02-13 18:58:12,161 - Drone_3 - INFO - Drone 3: Flying to {'x': 2519.7183075092485, 'y': 2441.442078177752, 'z': 60.0}
2026-02-13 18:58:13,163 - SwarmManager - ERROR - Drone 1 heartbeat timeout
2026-02-13 18:58:13,164 - SwarmManager - ERROR - Handling failure of drone 1: Heartbeat timeout
2026-02-13 18:58:13,166 - SwarmManager - ERROR - Drone 1 crashed
2026-02-13 18:58:13,168 - SwarmManager - ERROR - Handling failure of drone 1: Crashed
2026-02-13 18:58:13,169 - Drone_2 - INFO - Drone 2: Flying to {'x': 2581.285416007729, 'y': 2413.7700498614854, 'z': 60.0}
2026-02-13 18:58:13,169 - Drone_3 - INFO - Drone 3: Flying to {'x': 2519.7183075092485, 'y': 2441.442078177752, 'z': 60.0}
2026-02-13 18:58:14,171 - SwarmManager - ERROR - Drone 1 heartbeat timeout
2026-02-13 18:58:14,171 - SwarmManager - ERROR - Handling failure of drone 1: Heartbeat timeout
2026-02-13 18:58:14,172 - SwarmManager - ERROR - Drone 1 crashed
2026-02-13 18:58:14,173 - SwarmManager - ERROR - Handling failure of drone 1: Crashed
2026-02-13 18:58:14,174 - Drone_2 - INFO - Drone 2: Flying to {'x': 2581.285416007729, 'y': 2413.7700498614854, 'z': 60.0}
2026-02-13 18:58:14,174 - Drone_3 - INFO - Drone 3: Flying to {'x': 2519.7183075092485, 'y': 2441.442078177752, 'z': 60.0}
2026-02-13 18:58:15,175 - SwarmManager - ERROR - Drone 1 heartbeat timeout
2026-02-13 18:58:15,175 - SwarmManager - ERROR - Handling failure of drone 1: Heartbeat timeout
2026-02-13 18:58:15,176 - SwarmManager - ERROR - Drone 1 crashed
2026-02-13 18:58:15,176 - SwarmManager - ERROR - Handling failure of drone 1: Crashed
2026-02-13 18:58:15,177 - Drone_2 - INFO - Drone 2: Flying to {'x': 2581.2854160077295, 'y': 2413.7700498614854, 'z': 60.0}
2026-02-13 18:58:15,177 - Drone_3 - INFO - Drone 3: Flying to {'x': 2519.718307509248, 'y': 2441.442078177752, 'z': 60.0}
2026-02-13 18:58:16,178 - SwarmManager - ERROR - Drone 1 heartbeat timeout
2026-02-13 18:58:16,179 - SwarmManager - ERROR - Handling failure of drone 1: Heartbeat timeout
2026-02-13 18:58:16,180 - SwarmManager - ERROR - Drone 1 crashed
2026-02-13 18:58:16,181 - SwarmManager - ERROR - Handling failure of drone 1: Crashed
2026-02-13 18:58:16,182 - Drone_2 - INFO - Drone 2: Flying to {'x': 2581.285416007729, 'y': 2413.7700498614854, 'z': 60.0}
2026-02-13 18:58:16,183 - Drone_3 - INFO - Drone 3: Flying to {'x': 2519.7183075092485, 'y': 2441.442078177752, 'z': 60.0}
2026-02-13 18:58:17,183 - SwarmManager - ERROR - Drone 1 heartbeat timeout
2026-02-13 18:58:17,184 - SwarmManager - ERROR - Handling failure of drone 1: Heartbeat timeout
2026-02-13 18:58:17,184 - SwarmManager - ERROR - Drone 1 crashed
2026-02-13 18:58:17,184 - SwarmManager - ERROR - Handling failure of drone 1: Crashed
2026-02-13 18:58:17,185 - Drone_2 - INFO - Drone 2: Flying to {'x': 2581.285416007729, 'y': 2413.7700498614854, 'z': 60.0}
2026-02-13 18:58:17,185 - Drone_3 - INFO - Drone 3: Flying to {'x': 2519.7183075092485, 'y': 2441.442078177752, 'z': 60.0}
2026-02-13 18:58:18,185 - SwarmManager - ERROR - Drone 1 heartbeat timeout
2026-02-13 18:58:18,186 - SwarmManager - ERROR - Handling failure of drone 1: Heartbeat timeout
2026-02-13 18:58:18,186 - SwarmManager - ERROR - Drone 1 crashed
2026-02-13 18:58:18,186 - SwarmManager - ERROR - Handling failure of drone 1: Crashed
2026-02-13 18:58:18,187 - Drone_2 - INFO - Drone 2: Flying to {'x': 2581.285416007729, 'y': 2413.7700498614854, 'z': 60.0}
2026-02-13 18:58:18,187 - Drone_3 - INFO - Drone 3: Flying to {'x': 2519.7183075092485, 'y': 2441.442078177752, 'z': 60.0}
2026-02-13 18:58:19,188 - SwarmManager - ERROR - Drone 1 heartbeat timeout
2026-02-13 18:58:19,189 - SwarmManager - ERROR - Handling failure of drone 1: Heartbeat timeout
2026-02-13 18:58:19,190 - SwarmManager - ERROR - Drone 1 crashed
2026-02-13 18:58:19,192 - SwarmManager - ERROR - Handling failure of drone 1: Crashed
2026-02-13 18:58:19,192 - Drone_2 - INFO - Drone 2: Flying to {'x': 2581.285416007729, 'y': 2413.7700498614854, 'z': 60.0}
2026-02-13 18:58:19,192 - Drone_3 - INFO - Drone 3: Flying to {'x': 2519.7183075092485, 'y': 2441.442078177752, 'z': 60.0}
2026-02-13 18:58:19,760 - PhysicalMLTrainer_Drone2 - INFO - Physical ML model trained drone=2 samples=1901 degree=2 alpha=0.0 val_mse=0.001159
2026-02-13 18:58:19,775 - PhysicalMLTrainer_Drone5 - INFO - Physical ML model trained drone=5 samples=1901 degree=2 alpha=0.0 val_mse=0.000002
2026-02-13 18:58:19,775 - PhysicalMLTrainer_Drone3 - INFO - Physical ML model trained drone=3 samples=1901 degree=2 alpha=0.0 val_mse=0.000850
2026-02-13 18:58:19,777 - PhysicalMLTrainer_Drone4 - INFO - Physical ML model trained drone=4 samples=1901 degree=2 alpha=0.0 val_mse=0.000745
2026-02-13 18:58:20,194 - SwarmManager - ERROR - Drone 1 heartbeat timeout
2026-02-13 18:58:20,194 - SwarmManager - ERROR - Handling failure of drone 1: Heartbeat timeout
2026-02-13 18:58:20,194 - SwarmManager - ERROR - Drone 1 crashed
2026-02-13 18:58:20,195 - SwarmManager - ERROR - Handling failure of drone 1: Crashed
2026-02-13 18:58:20,195 - Drone_2 - INFO - Drone 2: Flying to {'x': 2581.285416007729, 'y': 2413.7700498614854, 'z': 60.0}
2026-02-13 18:58:20,195 - Drone_3 - INFO - Drone 3: Flying to {'x': 2519.7183075092485, 'y': 2441.442078177752, 'z': 60.0}
2026-02-13 18:58:21,196 - SwarmManager - ERROR - Drone 1 heartbeat timeout
2026-02-13 18:58:21,196 - SwarmManager - ERROR - Handling failure of drone 1: Heartbeat timeout
2026-02-13 18:58:21,196 - SwarmManager - ERROR - Drone 1 crashed
2026-02-13 18:58:21,196 - SwarmManager - ERROR - Handling failure of drone 1: Crashed
2026-02-13 18:58:21,197 - Drone_2 - INFO - Drone 2: Flying to {'x': 2581.285416007729, 'y': 2413.7700498614854, 'z': 60.0}
2026-02-13 18:58:21,197 - Drone_3 - INFO - Drone 3: Flying to {'x': 2519.7183075092485, 'y': 2441.442078177752, 'z': 60.0}
2026-02-13 18:58:22,197 - SwarmManager - ERROR - Drone 1 heartbeat timeout
2026-02-13 18:58:22,198 - SwarmManager - ERROR - Handling failure of drone 1: Heartbeat timeout
2026-02-13 18:58:22,198 - SwarmManager - ERROR - Drone 1 crashed
2026-02-13 18:58:22,199 - SwarmManager - ERROR - Handling failure of drone 1: Crashed
2026-02-13 18:58:22,199 - Drone_2 - INFO - Drone 2: Flying to {'x': 2581.2854160077295, 'y': 2413.7700498614854, 'z': 60.0}
2026-02-13 18:58:22,199 - Drone_3 - INFO - Drone 3: Flying to {'x': 2519.718307509248, 'y': 2441.442078177752, 'z': 60.0}
2026-02-13 18:58:23,200 - SwarmManager - ERROR - Drone 1 heartbeat timeout
2026-02-13 18:58:23,202 - SwarmManager - ERROR - Handling failure of drone 1: Heartbeat timeout
2026-02-13 18:58:23,203 - SwarmManager - ERROR - Drone 1 crashed
2026-02-13 18:58:23,204 - SwarmManager - ERROR - Handling failure of drone 1: Crashed
2026-02-13 18:58:23,205 - Drone_2 - INFO - Drone 2: Flying to {'x': 2581.285416007729, 'y': 2413.7700498614854, 'z': 60.0}
2026-02-13 18:58:23,205 - Drone_3 - INFO - Drone 3: Flying to {'x': 2519.7183075092485, 'y': 2441.442078177752, 'z': 60.0}
2026-02-13 18:58:24,207 - SwarmManager - ERROR - Drone 1 heartbeat timeout
2026-02-13 18:58:24,208 - SwarmManager - ERROR - Handling failure of drone 1: Heartbeat timeout
2026-02-13 18:58:24,209 - SwarmManager - ERROR - Drone 1 crashed
2026-02-13 18:58:24,210 - SwarmManager - ERROR - Handling failure of drone 1: Crashed
2026-02-13 18:58:24,212 - Drone_2 - INFO - Drone 2: Flying to {'x': 2581.285416007729, 'y': 2413.7700498614854, 'z': 60.0}
2026-02-13 18:58:24,212 - Drone_3 - INFO - Drone 3: Flying to {'x': 2519.7183075092485, 'y': 2441.442078177752, 'z': 60.0}
2026-02-13 18:58:25,213 - SwarmManager - ERROR - Drone 1 heartbeat timeout
2026-02-13 18:58:25,214 - SwarmManager - ERROR - Handling failure of drone 1: Heartbeat timeout
2026-02-13 18:58:25,215 - SwarmManager - ERROR - Drone 1 crashed
2026-02-13 18:58:25,216 - SwarmManager - ERROR - Handling failure of drone 1: Crashed
2026-02-13 18:58:25,217 - Drone_2 - INFO - Drone 2: Flying to {'x': 2581.285416007729, 'y': 2413.7700498614854, 'z': 60.0}
2026-02-13 18:58:25,219 - Drone_3 - INFO - Drone 3: Flying to {'x': 2519.7183075092485, 'y': 2441.442078177752, 'z': 60.0}
2026-02-13 18:58:26,221 - SwarmManager - ERROR - Drone 1 heartbeat timeout
2026-02-13 18:58:26,222 - SwarmManager - ERROR - Handling failure of drone 1: Heartbeat timeout
2026-02-13 18:58:26,222 - SwarmManager - ERROR - Drone 1 crashed
2026-02-13 18:58:26,223 - SwarmManager - ERROR - Handling failure of drone 1: Crashed
2026-02-13 18:58:26,223 - Drone_2 - INFO - Drone 2: Flying to {'x': 2581.285416007729, 'y': 2413.7700498614854, 'z': 60.0}
2026-02-13 18:58:26,224 - Drone_3 - INFO - Drone 3: Flying to {'x': 2519.7183075092485, 'y': 2441.442078177752, 'z': 60.0}
2026-02-13 18:58:27,224 - SwarmManager - ERROR - Drone 1 heartbeat timeout
2026-02-13 18:58:27,225 - SwarmManager - ERROR - Handling failure of drone 1: Heartbeat timeout
2026-02-13 18:58:27,225 - SwarmManager - ERROR - Drone 1 crashed
2026-02-13 18:58:27,226 - SwarmManager - ERROR - Handling failure of drone 1: Crashed
2026-02-13 18:58:27,226 - Drone_2 - INFO - Drone 2: Flying to {'x': 2581.285416007729, 'y': 2413.7700498614854, 'z': 60.0}
2026-02-13 18:58:27,226 - Drone_3 - INFO - Drone 3: Flying to {'x': 2519.7183075092485, 'y': 2441.442078177752, 'z': 60.0}
2026-02-13 18:58:28,227 - SwarmManager - ERROR - Drone 1 heartbeat timeout
2026-02-13 18:58:28,228 - SwarmManager - ERROR - Handling failure of drone 1: Heartbeat timeout
2026-02-13 18:58:28,230 - SwarmManager - ERROR - Drone 1 crashed
2026-02-13 18:58:28,231 - SwarmManager - ERROR - Handling failure of drone 1: Crashed
2026-02-13 18:58:28,231 - Drone_2 - INFO - Drone 2: Flying to {'x': 2581.2854160077295, 'y': 2413.7700498614854, 'z': 60.0}
2026-02-13 18:58:28,232 - Drone_3 - INFO - Drone 3: Flying to {'x': 2519.718307509248, 'y': 2441.442078177752, 'z': 60.0}
2026-02-13 18:58:29,232 - SwarmManager - ERROR - Drone 1 heartbeat timeout
2026-02-13 18:58:29,234 - SwarmManager - ERROR - Handling failure of drone 1: Heartbeat timeout
2026-02-13 18:58:29,235 - SwarmManager - ERROR - Drone 1 crashed
2026-02-13 18:58:29,236 - SwarmManager - ERROR - Handling failure of drone 1: Crashed
2026-02-13 18:58:29,237 - Drone_2 - INFO - Drone 2: Flying to {'x': 2581.285416007729, 'y': 2413.7700498614854, 'z': 60.0}
2026-02-13 18:58:29,238 - Drone_3 - INFO - Drone 3: Flying to {'x': 2519.7183075092485, 'y': 2441.442078177752, 'z': 60.0}
2026-02-13 18:58:30,239 - SwarmManager - ERROR - Drone 1 heartbeat timeout
2026-02-13 18:58:30,240 - SwarmManager - ERROR - Handling failure of drone 1: Heartbeat timeout
2026-02-13 18:58:30,241 - SwarmManager - ERROR - Drone 1 crashed
2026-02-13 18:58:30,242 - SwarmManager - ERROR - Handling failure of drone 1: Crashed
2026-02-13 18:58:30,243 - Drone_2 - INFO - Drone 2: Flying to {'x': 2581.285416007729, 'y': 2413.7700498614854, 'z': 60.0}
2026-02-13 18:58:30,244 - Drone_3 - INFO - Drone 3: Flying to {'x': 2519.7183075092485, 'y': 2441.442078177752, 'z': 60.0}
2026-02-13 18:58:31,245 - SwarmManager - ERROR - Drone 1 heartbeat timeout
2026-02-13 18:58:31,246 - SwarmManager - ERROR - Handling failure of drone 1: Heartbeat timeout
2026-02-13 18:58:31,247 - SwarmManager - ERROR - Drone 1 crashed
2026-02-13 18:58:31,247 - SwarmManager - ERROR - Handling failure of drone 1: Crashed
2026-02-13 18:58:31,248 - Drone_2 - INFO - Drone 2: Flying to {'x': 2581.285416007729, 'y': 2413.7700498614854, 'z': 60.0}
2026-02-13 18:58:31,248 - Drone_3 - INFO - Drone 3: Flying to {'x': 2519.7183075092485, 'y': 2441.442078177752, 'z': 60.0}
2026-02-13 18:58:32,249 - SwarmManager - ERROR - Drone 1 heartbeat timeout
2026-02-13 18:58:32,249 - SwarmManager - ERROR - Handling failure of drone 1: Heartbeat timeout
2026-02-13 18:58:32,249 - SwarmManager - ERROR - Drone 1 crashed
2026-02-13 18:58:32,250 - SwarmManager - ERROR - Handling failure of drone 1: Crashed
2026-02-13 18:58:32,250 - Drone_2 - INFO - Drone 2: Flying to {'x': 2581.285416007729, 'y': 2413.7700498614854, 'z': 60.0}
2026-02-13 18:58:32,250 - Drone_3 - INFO - Drone 3: Flying to {'x': 2519.7183075092485, 'y': 2441.442078177752, 'z': 60.0}
2026-02-13 18:58:33,251 - SwarmManager - ERROR - Drone 1 heartbeat timeout
2026-02-13 18:58:33,252 - SwarmManager - ERROR - Handling failure of drone 1: Heartbeat timeout
2026-02-13 18:58:33,252 - SwarmManager - ERROR - Drone 1 crashed
2026-02-13 18:58:33,253 - SwarmManager - ERROR - Handling failure of drone 1: Crashed
2026-02-13 18:58:33,253 - Drone_2 - INFO - Drone 2: Flying to {'x': 2581.285416007729, 'y': 2413.7700498614854, 'z': 60.0}
2026-02-13 18:58:33,254 - Drone_3 - INFO - Drone 3: Flying to {'x': 2519.7183075092485, 'y': 2441.442078177752, 'z': 60.0}
2026-02-13 18:58:34,255 - SwarmManager - ERROR - Drone 1 heartbeat timeout
2026-02-13 18:58:34,257 - SwarmManager - ERROR - Handling failure of drone 1: Heartbeat timeout
2026-02-13 18:58:34,258 - SwarmManager - ERROR - Drone 1 crashed
2026-02-13 18:58:34,259 - SwarmManager - ERROR - Handling failure of drone 1: Crashed
2026-02-13 18:58:34,260 - Drone_2 - INFO - Drone 2: Flying to {'x': 2581.285416007729, 'y': 2413.7700498614854, 'z': 60.0}
2026-02-13 18:58:34,260 - Drone_3 - INFO - Drone 3: Flying to {'x': 2519.7183075092485, 'y': 2441.442078177752, 'z': 60.0}
2026-02-13 18:58:35,153 - Drone_2 - INFO - Drone 2: Reached target position
2026-02-13 18:58:35,261 - SwarmManager - ERROR - Drone 1 heartbeat timeout
2026-02-13 18:58:35,262 - SwarmManager - ERROR - Handling failure of drone 1: Heartbeat timeout
2026-02-13 18:58:35,263 - SwarmManager - ERROR - Drone 1 crashed
2026-02-13 18:58:35,264 - SwarmManager - ERROR - Handling failure of drone 1: Crashed
2026-02-13 18:58:35,265 - Drone_2 - INFO - Drone 2: Flying to {'x': 2581.285416007729, 'y': 2413.7700498614854, 'z': 60.0}
2026-02-13 18:58:35,265 - Drone_3 - INFO - Drone 3: Flying to {'x': 2519.7183075092485, 'y': 2441.442078177752, 'z': 60.0}
2026-02-13 18:58:35,355 - Drone_2 - INFO - Drone 2: Reached target position
2026-02-13 18:58:36,266 - SwarmManager - ERROR - Drone 1 heartbeat timeout
2026-02-13 18:58:36,266 - SwarmManager - ERROR - Handling failure of drone 1: Heartbeat timeout
2026-02-13 18:58:36,266 - SwarmManager - ERROR - Drone 1 crashed
2026-02-13 18:58:36,266 - SwarmManager - ERROR - Handling failure of drone 1: Crashed
2026-02-13 18:58:36,267 - Drone_2 - INFO - Drone 2: Flying to {'x': 2581.285416007729, 'y': 2413.7700498614854, 'z': 60.0}
2026-02-13 18:58:36,267 - Drone_3 - INFO - Drone 3: Flying to {'x': 2519.7183075092485, 'y': 2441.442078177752, 'z': 60.0}
2026-02-13 18:58:36,864 - Drone_2 - INFO - Drone 2: Reached target position
2026-02-13 18:58:37,267 - SwarmManager - ERROR - Drone 1 heartbeat timeout
2026-02-13 18:58:37,269 - SwarmManager - ERROR - Handling failure of drone 1: Heartbeat timeout
2026-02-13 18:58:37,270 - SwarmManager - ERROR - Drone 1 crashed
2026-02-13 18:58:37,271 - SwarmManager - ERROR - Handling failure of drone 1: Crashed
2026-02-13 18:58:37,272 - Drone_2 - INFO - Drone 2: Flying to {'x': 2581.285416007729, 'y': 2413.7700498614854, 'z': 60.0}
2026-02-13 18:58:37,273 - Drone_3 - INFO - Drone 3: Flying to {'x': 2519.7183075092485, 'y': 2441.442078177752, 'z': 60.0}
2026-02-13 18:58:37,570 - Drone_2 - INFO - Drone 2: Reached target position
2026-02-13 18:58:38,273 - SwarmManager - ERROR - Drone 1 heartbeat timeout
2026-02-13 18:58:38,274 - SwarmManager - ERROR - Handling failure of drone 1: Heartbeat timeout
2026-02-13 18:58:38,274 - SwarmManager - ERROR - Drone 1 crashed
2026-02-13 18:58:38,275 - SwarmManager - ERROR - Handling failure of drone 1: Crashed
2026-02-13 18:58:38,275 - Drone_2 - INFO - Drone 2: Flying to {'x': 2581.285416007729, 'y': 2413.7700498614854, 'z': 60.0}
2026-02-13 18:58:38,275 - Drone_3 - INFO - Drone 3: Flying to {'x': 2519.7183075092485, 'y': 2441.442078177752, 'z': 60.0}
2026-02-13 18:58:38,778 - Drone_2 - INFO - Drone 2: Reached target position
2026-02-13 18:58:39,276 - SwarmManager - ERROR - Drone 1 heartbeat timeout
2026-02-13 18:58:39,276 - SwarmManager - ERROR - Handling failure of drone 1: Heartbeat timeout
2026-02-13 18:58:39,276 - SwarmManager - ERROR - Drone 1 crashed
2026-02-13 18:58:39,277 - SwarmManager - ERROR - Handling failure of drone 1: Crashed
2026-02-13 18:58:39,277 - Drone_2 - INFO - Drone 2: Flying to {'x': 2581.285416007729, 'y': 2413.7700498614854, 'z': 60.0}
2026-02-13 18:58:39,277 - Drone_3 - INFO - Drone 3: Flying to {'x': 2519.7183075092485, 'y': 2441.442078177752, 'z': 60.0}
2026-02-13 18:58:39,482 - Drone_2 - INFO - Drone 2: Reached target position
2026-02-13 18:58:39,921 - PhysicalMLTrainer_Drone4 - INFO - Physical ML model trained drone=4 samples=2101 degree=2 alpha=0.0 val_mse=0.000579
2026-02-13 18:58:39,922 - PhysicalMLTrainer_Drone5 - INFO - Physical ML model trained drone=5 samples=2101 degree=2 alpha=0.0 val_mse=0.000002
2026-02-13 18:58:39,923 - PhysicalMLTrainer_Drone2 - INFO - Physical ML model trained drone=2 samples=2101 degree=2 alpha=1.0 val_mse=0.015328
2026-02-13 18:58:39,923 - PhysicalMLTrainer_Drone3 - INFO - Physical ML model trained drone=3 samples=2101 degree=2 alpha=0.0 val_mse=0.000681
2026-02-13 18:58:40,279 - SwarmManager - ERROR - Drone 1 heartbeat timeout
2026-02-13 18:58:40,280 - SwarmManager - ERROR - Handling failure of drone 1: Heartbeat timeout
2026-02-13 18:58:40,281 - SwarmManager - ERROR - Drone 1 crashed
2026-02-13 18:58:40,282 - SwarmManager - ERROR - Handling failure of drone 1: Crashed
2026-02-13 18:58:40,283 - Drone_2 - INFO - Drone 2: Flying to {'x': 2581.285416007729, 'y': 2413.7700498614854, 'z': 60.0}
2026-02-13 18:58:40,284 - Drone_3 - INFO - Drone 3: Flying to {'x': 2519.7183075092485, 'y': 2441.442078177752, 'z': 60.0}
2026-02-13 18:58:40,728 - Drone_2 - INFO - Drone 2: Reached target position
2026-02-13 18:58:41,285 - SwarmManager - ERROR - Drone 1 heartbeat timeout
2026-02-13 18:58:41,285 - SwarmManager - ERROR - Handling failure of drone 1: Heartbeat timeout
2026-02-13 18:58:41,285 - SwarmManager - ERROR - Drone 1 crashed
2026-02-13 18:58:41,286 - SwarmManager - ERROR - Handling failure of drone 1: Crashed
2026-02-13 18:58:41,286 - Drone_2 - INFO - Drone 2: Flying to {'x': 2581.285416007729, 'y': 2413.7700498614854, 'z': 60.0}
2026-02-13 18:58:41,286 - Drone_3 - INFO - Drone 3: Flying to {'x': 2519.7183075092485, 'y': 2441.442078177752, 'z': 60.0}
2026-02-13 18:58:41,633 - Drone_2 - INFO - Drone 2: Reached target position
2026-02-13 18:58:42,287 - SwarmManager - ERROR - Drone 1 heartbeat timeout
2026-02-13 18:58:42,287 - SwarmManager - ERROR - Handling failure of drone 1: Heartbeat timeout
2026-02-13 18:58:42,288 - SwarmManager - ERROR - Drone 1 crashed
2026-02-13 18:58:42,288 - SwarmManager - ERROR - Handling failure of drone 1: Crashed
2026-02-13 18:58:42,288 - Drone_2 - INFO - Drone 2: Flying to {'x': 2581.285416007729, 'y': 2413.7700498614854, 'z': 60.0}
2026-02-13 18:58:42,288 - Drone_3 - INFO - Drone 3: Flying to {'x': 2519.7183075092485, 'y': 2441.442078177752, 'z': 60.0}
2026-02-13 18:58:42,638 - Drone_2 - INFO - Drone 2: Reached target position
2026-02-13 18:58:43,289 - SwarmManager - ERROR - Drone 1 heartbeat timeout
2026-02-13 18:58:43,290 - SwarmManager - ERROR - Handling failure of drone 1: Heartbeat timeout
2026-02-13 18:58:43,291 - SwarmManager - ERROR - Drone 1 crashed
2026-02-13 18:58:43,292 - SwarmManager - ERROR - Handling failure of drone 1: Crashed
2026-02-13 18:58:43,293 - Drone_2 - INFO - Drone 2: Flying to {'x': 2581.285416007729, 'y': 2413.7700498614854, 'z': 60.0}
2026-02-13 18:58:43,294 - Drone_3 - INFO - Drone 3: Flying to {'x': 2519.7183075092485, 'y': 2441.442078177752, 'z': 60.0}
2026-02-13 18:58:43,643 - Drone_2 - INFO - Drone 2: Reached target position
2026-02-13 18:58:44,296 - SwarmManager - ERROR - Drone 1 heartbeat timeout
2026-02-13 18:58:44,297 - SwarmManager - ERROR - Handling failure of drone 1: Heartbeat timeout
2026-02-13 18:58:44,297 - SwarmManager - ERROR - Drone 1 crashed
2026-02-13 18:58:44,298 - SwarmManager - ERROR - Handling failure of drone 1: Crashed
2026-02-13 18:58:44,298 - Drone_2 - INFO - Drone 2: Flying to {'x': 2581.285416007729, 'y': 2413.7700498614854, 'z': 60.0}
2026-02-13 18:58:44,298 - Drone_3 - INFO - Drone 3: Flying to {'x': 2519.7183075092485, 'y': 2441.442078177752, 'z': 60.0}
2026-02-13 18:58:44,649 - Drone_2 - INFO - Drone 2: Reached target position
2026-02-13 18:58:45,299 - SwarmManager - ERROR - Drone 1 heartbeat timeout
2026-02-13 18:58:45,300 - SwarmManager - ERROR - Handling failure of drone 1: Heartbeat timeout
2026-02-13 18:58:45,300 - SwarmManager - ERROR - Drone 1 crashed
2026-02-13 18:58:45,301 - SwarmManager - ERROR - Handling failure of drone 1: Crashed
2026-02-13 18:58:45,301 - Drone_2 - INFO - Drone 2: Flying to {'x': 2581.285416007729, 'y': 2413.7700498614854, 'z': 60.0}
2026-02-13 18:58:45,302 - Drone_3 - INFO - Drone 3: Flying to {'x': 2519.7183075092485, 'y': 2441.442078177752, 'z': 60.0}
2026-02-13 18:58:45,653 - Drone_2 - INFO - Drone 2: Reached target position
2026-02-13 18:58:46,302 - SwarmManager - ERROR - Drone 1 heartbeat timeout
2026-02-13 18:58:46,303 - SwarmManager - ERROR - Handling failure of drone 1: Heartbeat timeout
2026-02-13 18:58:46,303 - SwarmManager - ERROR - Drone 1 crashed
2026-02-13 18:58:46,303 - SwarmManager - ERROR - Handling failure of drone 1: Crashed
2026-02-13 18:58:46,304 - Drone_2 - INFO - Drone 2: Flying to {'x': 2581.285416007729, 'y': 2413.7700498614854, 'z': 60.0}
2026-02-13 18:58:46,304 - Drone_3 - INFO - Drone 3: Flying to {'x': 2519.7183075092485, 'y': 2441.442078177752, 'z': 60.0}
2026-02-13 18:58:46,660 - Drone_2 - INFO - Drone 2: Reached target position
2026-02-13 18:58:47,304 - SwarmManager - ERROR - Drone 1 heartbeat timeout
2026-02-13 18:58:47,305 - SwarmManager - ERROR - Handling failure of drone 1: Heartbeat timeout
2026-02-13 18:58:47,307 - SwarmManager - ERROR - Drone 1 crashed
2026-02-13 18:58:47,308 - SwarmManager - ERROR - Handling failure of drone 1: Crashed
2026-02-13 18:58:47,309 - Drone_2 - INFO - Drone 2: Flying to {'x': 2581.285416007729, 'y': 2413.7700498614854, 'z': 60.0}
2026-02-13 18:58:47,310 - Drone_3 - INFO - Drone 3: Flying to {'x': 2519.7183075092485, 'y': 2441.442078177752, 'z': 60.0}
2026-02-13 18:58:47,663 - Drone_2 - INFO - Drone 2: Reached target position
2026-02-13 18:58:48,312 - SwarmManager - ERROR - Drone 1 heartbeat timeout
2026-02-13 18:58:48,313 - SwarmManager - ERROR - Handling failure of drone 1: Heartbeat timeout
2026-02-13 18:58:48,314 - SwarmManager - ERROR - Drone 1 crashed
2026-02-13 18:58:48,315 - SwarmManager - ERROR - Handling failure of drone 1: Crashed
2026-02-13 18:58:48,316 - Drone_2 - INFO - Drone 2: Flying to {'x': 2581.285416007729, 'y': 2413.7700498614854, 'z': 60.0}
2026-02-13 18:58:48,317 - Drone_3 - INFO - Drone 3: Flying to {'x': 2519.7183075092485, 'y': 2441.442078177752, 'z': 60.0}
2026-02-13 18:58:48,669 - Drone_2 - INFO - Drone 2: Reached target position
2026-02-13 18:58:49,318 - SwarmManager - ERROR - Drone 1 heartbeat timeout
2026-02-13 18:58:49,320 - SwarmManager - ERROR - Handling failure of drone 1: Heartbeat timeout
2026-02-13 18:58:49,321 - SwarmManager - ERROR - Drone 1 crashed
2026-02-13 18:58:49,322 - SwarmManager - ERROR - Handling failure of drone 1: Crashed
2026-02-13 18:58:49,323 - Drone_2 - INFO - Drone 2: Flying to {'x': 2581.285416007729, 'y': 2413.7700498614854, 'z': 60.0}
2026-02-13 18:58:49,324 - Drone_3 - INFO - Drone 3: Flying to {'x': 2519.7183075092485, 'y': 2441.442078177752, 'z': 60.0}
2026-02-13 18:58:49,676 - Drone_2 - INFO - Drone 2: Reached target position
2026-02-13 18:58:50,325 - SwarmManager - ERROR - Drone 1 heartbeat timeout
2026-02-13 18:58:50,325 - SwarmManager - ERROR - Handling failure of drone 1: Heartbeat timeout
2026-02-13 18:58:50,325 - SwarmManager - ERROR - Drone 1 crashed
2026-02-13 18:58:50,326 - SwarmManager - ERROR - Handling failure of drone 1: Crashed
2026-02-13 18:58:50,326 - Drone_2 - INFO - Drone 2: Flying to {'x': 2581.285416007729, 'y': 2413.7700498614854, 'z': 60.0}
2026-02-13 18:58:50,326 - Drone_3 - INFO - Drone 3: Flying to {'x': 2519.7183075092485, 'y': 2441.442078177752, 'z': 60.0}
2026-02-13 18:58:50,685 - Drone_2 - INFO - Drone 2: Reached target position
2026-02-13 18:58:51,327 - SwarmManager - ERROR - Drone 1 heartbeat timeout
2026-02-13 18:58:51,327 - SwarmManager - ERROR - Handling failure of drone 1: Heartbeat timeout
2026-02-13 18:58:51,328 - SwarmManager - ERROR - Drone 1 crashed
2026-02-13 18:58:51,329 - SwarmManager - ERROR - Handling failure of drone 1: Crashed
2026-02-13 18:58:51,329 - Drone_2 - INFO - Drone 2: Flying to {'x': 2581.285416007729, 'y': 2413.7700498614854, 'z': 60.0}
2026-02-13 18:58:51,330 - Drone_3 - INFO - Drone 3: Flying to {'x': 2519.7183075092485, 'y': 2441.442078177752, 'z': 60.0}
2026-02-13 18:58:51,692 - Drone_2 - INFO - Drone 2: Reached target position
2026-02-13 18:58:52,330 - SwarmManager - ERROR - Drone 1 heartbeat timeout
2026-02-13 18:58:52,331 - SwarmManager - ERROR - Handling failure of drone 1: Heartbeat timeout
2026-02-13 18:58:52,331 - SwarmManager - ERROR - Drone 1 crashed
2026-02-13 18:58:52,332 - SwarmManager - ERROR - Handling failure of drone 1: Crashed
2026-02-13 18:58:52,332 - Drone_2 - INFO - Drone 2: Flying to {'x': 2581.285416007729, 'y': 2413.7700498614854, 'z': 60.0}
2026-02-13 18:58:52,333 - Drone_3 - INFO - Drone 3: Flying to {'x': 2519.7183075092485, 'y': 2441.442078177752, 'z': 60.0}
2026-02-13 18:58:52,698 - Drone_2 - INFO - Drone 2: Reached target position
2026-02-13 18:58:53,333 - SwarmManager - ERROR - Drone 1 heartbeat timeout
2026-02-13 18:58:53,334 - SwarmManager - ERROR - Handling failure of drone 1: Heartbeat timeout
2026-02-13 18:58:53,335 - SwarmManager - ERROR - Drone 1 crashed
2026-02-13 18:58:53,335 - SwarmManager - ERROR - Handling failure of drone 1: Crashed
2026-02-13 18:58:53,335 - Drone_2 - INFO - Drone 2: Flying to {'x': 2581.285416007729, 'y': 2413.7700498614854, 'z': 60.0}
2026-02-13 18:58:53,336 - Drone_3 - INFO - Drone 3: Flying to {'x': 2519.7183075092485, 'y': 2441.442078177752, 'z': 60.0}
2026-02-13 18:58:53,705 - Drone_2 - INFO - Drone 2: Reached target position
2026-02-13 18:58:54,337 - SwarmManager - ERROR - Drone 1 heartbeat timeout
2026-02-13 18:58:54,338 - SwarmManager - ERROR - Handling failure of drone 1: Heartbeat timeout
2026-02-13 18:58:54,339 - SwarmManager - ERROR - Drone 1 crashed
2026-02-13 18:58:54,340 - SwarmManager - ERROR - Handling failure of drone 1: Crashed
2026-02-13 18:58:54,341 - Drone_2 - INFO - Drone 2: Flying to {'x': 2581.285416007729, 'y': 2413.7700498614854, 'z': 60.0}
2026-02-13 18:58:54,342 - Drone_3 - INFO - Drone 3: Flying to {'x': 2519.7183075092485, 'y': 2441.442078177752, 'z': 60.0}
2026-02-13 18:58:54,711 - Drone_2 - INFO - Drone 2: Reached target position
2026-02-13 18:58:55,343 - SwarmManager - ERROR - Drone 1 heartbeat timeout
2026-02-13 18:58:55,344 - SwarmManager - ERROR - Handling failure of drone 1: Heartbeat timeout
2026-02-13 18:58:55,345 - SwarmManager - ERROR - Drone 1 crashed
2026-02-13 18:58:55,346 - SwarmManager - ERROR - Handling failure of drone 1: Crashed
2026-02-13 18:58:55,348 - Drone_2 - INFO - Drone 2: Flying to {'x': 2581.285416007729, 'y': 2413.7700498614854, 'z': 60.0}
2026-02-13 18:58:55,348 - Drone_3 - INFO - Drone 3: Flying to {'x': 2519.7183075092485, 'y': 2441.442078177752, 'z': 60.0}
2026-02-13 18:58:55,718 - Drone_2 - INFO - Drone 2: Reached target position
2026-02-13 18:58:56,349 - SwarmManager - ERROR - Drone 1 heartbeat timeout
2026-02-13 18:58:56,351 - SwarmManager - ERROR - Handling failure of drone 1: Heartbeat timeout
2026-02-13 18:58:56,352 - SwarmManager - ERROR - Drone 1 crashed
2026-02-13 18:58:56,353 - SwarmManager - ERROR - Handling failure of drone 1: Crashed
2026-02-13 18:58:56,354 - Drone_2 - INFO - Drone 2: Flying to {'x': 2581.285416007729, 'y': 2413.7700498614854, 'z': 60.0}
2026-02-13 18:58:56,355 - Drone_3 - INFO - Drone 3: Flying to {'x': 2519.7183075092485, 'y': 2441.442078177752, 'z': 60.0}
2026-02-13 18:58:56,725 - Drone_2 - INFO - Drone 2: Reached target position
2026-02-13 18:58:57,356 - SwarmManager - ERROR - Drone 1 heartbeat timeout
2026-02-13 18:58:57,358 - SwarmManager - ERROR - Handling failure of drone 1: Heartbeat timeout
2026-02-13 18:58:57,359 - SwarmManager - ERROR - Drone 1 crashed
2026-02-13 18:58:57,359 - SwarmManager - ERROR - Handling failure of drone 1: Crashed
2026-02-13 18:58:57,360 - Drone_2 - INFO - Drone 2: Flying to {'x': 2581.285416007729, 'y': 2413.7700498614854, 'z': 60.0}
2026-02-13 18:58:57,360 - Drone_3 - INFO - Drone 3: Flying to {'x': 2519.7183075092485, 'y': 2441.442078177752, 'z': 60.0}
2026-02-13 18:58:57,732 - Drone_2 - INFO - Drone 2: Reached target position
2026-02-13 18:58:58,363 - SwarmManager - ERROR - Drone 1 heartbeat timeout
2026-02-13 18:58:58,364 - SwarmManager - ERROR - Handling failure of drone 1: Heartbeat timeout
2026-02-13 18:58:58,365 - SwarmManager - ERROR - Drone 1 crashed
2026-02-13 18:58:58,365 - SwarmManager - ERROR - Handling failure of drone 1: Crashed
2026-02-13 18:58:58,366 - Drone_2 - INFO - Drone 2: Flying to {'x': 2581.285416007729, 'y': 2413.7700498614854, 'z': 60.0}
2026-02-13 18:58:58,366 - Drone_3 - INFO - Drone 3: Flying to {'x': 2519.7183075092485, 'y': 2441.442078177752, 'z': 60.0}
2026-02-13 18:58:58,738 - Drone_2 - INFO - Drone 2: Reached target position
2026-02-13 18:58:59,367 - SwarmManager - ERROR - Drone 1 heartbeat timeout
2026-02-13 18:58:59,367 - SwarmManager - ERROR - Handling failure of drone 1: Heartbeat timeout
2026-02-13 18:58:59,368 - SwarmManager - ERROR - Drone 1 crashed
2026-02-13 18:58:59,368 - SwarmManager - ERROR - Handling failure of drone 1: Crashed
2026-02-13 18:58:59,368 - Drone_2 - INFO - Drone 2: Flying to {'x': 2581.285416007729, 'y': 2413.7700498614854, 'z': 60.0}
2026-02-13 18:58:59,368 - Drone_3 - INFO - Drone 3: Flying to {'x': 2519.7183075092485, 'y': 2441.442078177752, 'z': 60.0}
2026-02-13 18:58:59,747 - Drone_2 - INFO - Drone 2: Reached target position
2026-02-13 18:59:00,045 - PhysicalMLTrainer_Drone3 - INFO - Physical ML model trained drone=3 samples=2301 degree=2 alpha=0.0 val_mse=0.000571
2026-02-13 18:59:00,066 - PhysicalMLTrainer_Drone2 - INFO - Physical ML model trained drone=2 samples=2301 degree=2 alpha=1.0 val_mse=0.063943
2026-02-13 18:59:00,067 - PhysicalMLTrainer_Drone4 - INFO - Physical ML model trained drone=4 samples=2301 degree=2 alpha=0.0 val_mse=0.000477
2026-02-13 18:59:00,068 - PhysicalMLTrainer_Drone5 - INFO - Physical ML model trained drone=5 samples=2301 degree=2 alpha=0.0 val_mse=0.000001
2026-02-13 18:59:00,369 - SwarmManager - ERROR - Drone 1 heartbeat timeout
2026-02-13 18:59:00,369 - SwarmManager - ERROR - Handling failure of drone 1: Heartbeat timeout
2026-02-13 18:59:00,370 - SwarmManager - ERROR - Drone 1 crashed
2026-02-13 18:59:00,370 - SwarmManager - ERROR - Handling failure of drone 1: Crashed
2026-02-13 18:59:00,370 - Drone_2 - INFO - Drone 2: Flying to {'x': 2581.285416007729, 'y': 2413.7700498614854, 'z': 60.0}
2026-02-13 18:59:00,370 - Drone_3 - INFO - Drone 3: Flying to {'x': 2519.7183075092485, 'y': 2441.442078177752, 'z': 60.0}
2026-02-13 18:59:00,769 - Drone_2 - INFO - Drone 2: Reached target position
2026-02-13 18:59:01,371 - SwarmManager - ERROR - Drone 1 heartbeat timeout
2026-02-13 18:59:01,371 - SwarmManager - ERROR - Handling failure of drone 1: Heartbeat timeout
2026-02-13 18:59:01,371 - SwarmManager - ERROR - Drone 1 crashed
2026-02-13 18:59:01,372 - SwarmManager - ERROR - Handling failure of drone 1: Crashed
2026-02-13 18:59:01,372 - Drone_2 - INFO - Drone 2: Flying to {'x': 2581.285416007729, 'y': 2413.7700498614854, 'z': 60.0}
2026-02-13 18:59:01,372 - Drone_3 - INFO - Drone 3: Flying to {'x': 2519.7183075092485, 'y': 2441.442078177752, 'z': 60.0}
2026-02-13 18:59:01,774 - Drone_2 - INFO - Drone 2: Reached target position
2026-02-13 18:59:02,373 - SwarmManager - ERROR - Drone 1 heartbeat timeout
2026-02-13 18:59:02,375 - SwarmManager - ERROR - Handling failure of drone 1: Heartbeat timeout
2026-02-13 18:59:02,376 - SwarmManager - ERROR - Drone 1 crashed
2026-02-13 18:59:02,377 - SwarmManager - ERROR - Handling failure of drone 1: Crashed
2026-02-13 18:59:02,377 - Drone_2 - INFO - Drone 2: Flying to {'x': 2581.285416007729, 'y': 2413.7700498614854, 'z': 60.0}
2026-02-13 18:59:02,377 - Drone_3 - INFO - Drone 3: Flying to {'x': 2519.7183075092485, 'y': 2441.442078177752, 'z': 60.0}
2026-02-13 18:59:02,679 - Drone_2 - INFO - Drone 2: Reached target position
2026-02-13 18:59:03,378 - SwarmManager - ERROR - Drone 1 heartbeat timeout
2026-02-13 18:59:03,379 - SwarmManager - ERROR - Handling failure of drone 1: Heartbeat timeout
2026-02-13 18:59:03,380 - SwarmManager - ERROR - Drone 1 crashed
2026-02-13 18:59:03,381 - SwarmManager - ERROR - Handling failure of drone 1: Crashed
2026-02-13 18:59:03,383 - Drone_2 - INFO - Drone 2: Flying to {'x': 2581.285416007729, 'y': 2413.7700498614854, 'z': 60.0}
2026-02-13 18:59:03,383 - Drone_3 - INFO - Drone 3: Flying to {'x': 2519.7183075092485, 'y': 2441.442078177752, 'z': 60.0}
2026-02-13 18:59:03,687 - Drone_2 - INFO - Drone 2: Reached target position
2026-02-13 18:59:04,384 - SwarmManager - ERROR - Drone 1 heartbeat timeout
2026-02-13 18:59:04,385 - SwarmManager - ERROR - Handling failure of drone 1: Heartbeat timeout
2026-02-13 18:59:04,385 - SwarmManager - ERROR - Drone 1 crashed
2026-02-13 18:59:04,386 - SwarmManager - ERROR - Handling failure of drone 1: Crashed
2026-02-13 18:59:04,387 - Drone_2 - INFO - Drone 2: Flying to {'x': 2581.285416007729, 'y': 2413.7700498614854, 'z': 60.0}
2026-02-13 18:59:04,387 - Drone_3 - INFO - Drone 3: Flying to {'x': 2519.7183075092485, 'y': 2441.442078177752, 'z': 60.0}
2026-02-13 18:59:04,693 - Drone_2 - INFO - Drone 2: Reached target position
2026-02-13 18:59:05,388 - SwarmManager - ERROR - Drone 1 heartbeat timeout
2026-02-13 18:59:05,389 - SwarmManager - ERROR - Handling failure of drone 1: Heartbeat timeout
2026-02-13 18:59:05,391 - SwarmManager - ERROR - Drone 1 crashed
2026-02-13 18:59:05,391 - SwarmManager - ERROR - Handling failure of drone 1: Crashed
2026-02-13 18:59:05,393 - Drone_2 - INFO - Drone 2: Flying to {'x': 2581.285416007729, 'y': 2413.7700498614854, 'z': 60.0}
2026-02-13 18:59:05,393 - Drone_3 - INFO - Drone 3: Flying to {'x': 2519.7183075092485, 'y': 2441.442078177752, 'z': 60.0}
2026-02-13 18:59:05,697 - Drone_2 - INFO - Drone 2: Reached target position
2026-02-13 18:59:06,395 - SwarmManager - ERROR - Drone 1 heartbeat timeout
2026-02-13 18:59:06,396 - SwarmManager - ERROR - Handling failure of drone 1: Heartbeat timeout
2026-02-13 18:59:06,396 - SwarmManager - ERROR - Drone 1 crashed
2026-02-13 18:59:06,397 - SwarmManager - ERROR - Handling failure of drone 1: Crashed
2026-02-13 18:59:06,397 - Drone_2 - INFO - Drone 2: Flying to {'x': 2581.285416007729, 'y': 2413.7700498614854, 'z': 60.0}
2026-02-13 18:59:06,397 - Drone_3 - INFO - Drone 3: Flying to {'x': 2519.7183075092485, 'y': 2441.442078177752, 'z': 60.0}
2026-02-13 18:59:06,705 - Drone_2 - INFO - Drone 2: Reached target position
2026-02-13 18:59:07,398 - SwarmManager - ERROR - Drone 1 heartbeat timeout
2026-02-13 18:59:07,398 - SwarmManager - ERROR - Handling failure of drone 1: Heartbeat timeout
2026-02-13 18:59:07,399 - SwarmManager - ERROR - Drone 1 crashed
2026-02-13 18:59:07,399 - SwarmManager - ERROR - Handling failure of drone 1: Crashed
2026-02-13 18:59:07,400 - Drone_2 - INFO - Drone 2: Flying to {'x': 2581.285416007729, 'y': 2413.7700498614854, 'z': 60.0}
2026-02-13 18:59:07,400 - Drone_3 - INFO - Drone 3: Flying to {'x': 2519.7183075092485, 'y': 2441.442078177752, 'z': 60.0}
2026-02-13 18:59:07,710 - Drone_2 - INFO - Drone 2: Reached target position
2026-02-13 18:59:08,400 - SwarmManager - ERROR - Drone 1 heartbeat timeout
2026-02-13 18:59:08,401 - SwarmManager - ERROR - Handling failure of drone 1: Heartbeat timeout
2026-02-13 18:59:08,401 - SwarmManager - ERROR - Drone 1 crashed
2026-02-13 18:59:08,401 - SwarmManager - ERROR - Handling failure of drone 1: Crashed
2026-02-13 18:59:08,402 - Drone_2 - INFO - Drone 2: Flying to {'x': 2581.285416007729, 'y': 2413.7700498614854, 'z': 60.0}
2026-02-13 18:59:08,402 - Drone_3 - INFO - Drone 3: Flying to {'x': 2519.7183075092485, 'y': 2441.442078177752, 'z': 60.0}
2026-02-13 18:59:08,716 - Drone_2 - INFO - Drone 2: Reached target position
2026-02-13 18:59:09,402 - SwarmManager - ERROR - Drone 1 heartbeat timeout
2026-02-13 18:59:09,403 - SwarmManager - ERROR - Handling failure of drone 1: Heartbeat timeout
2026-02-13 18:59:09,403 - SwarmManager - ERROR - Drone 1 crashed
2026-02-13 18:59:09,403 - SwarmManager - ERROR - Handling failure of drone 1: Crashed
2026-02-13 18:59:09,404 - Drone_2 - INFO - Drone 2: Flying to {'x': 2581.285416007729, 'y': 2413.7700498614854, 'z': 60.0}
2026-02-13 18:59:09,404 - Drone_3 - INFO - Drone 3: Flying to {'x': 2519.7183075092485, 'y': 2441.442078177752, 'z': 60.0}
2026-02-13 18:59:09,722 - Drone_2 - INFO - Drone 2: Reached target position
2026-02-13 18:59:10,405 - SwarmManager - ERROR - Drone 1 heartbeat timeout
2026-02-13 18:59:10,406 - SwarmManager - ERROR - Handling failure of drone 1: Heartbeat timeout
2026-02-13 18:59:10,407 - SwarmManager - ERROR - Drone 1 crashed
2026-02-13 18:59:10,408 - SwarmManager - ERROR - Handling failure of drone 1: Crashed
2026-02-13 18:59:10,409 - Drone_2 - INFO - Drone 2: Flying to {'x': 2581.285416007729, 'y': 2413.7700498614854, 'z': 60.0}
2026-02-13 18:59:10,410 - Drone_3 - INFO - Drone 3: Flying to {'x': 2519.7183075092485, 'y': 2441.442078177752, 'z': 60.0}
2026-02-13 18:59:10,729 - Drone_2 - INFO - Drone 2: Reached target position
2026-02-13 18:59:11,411 - SwarmManager - ERROR - Drone 1 heartbeat timeout
2026-02-13 18:59:11,412 - SwarmManager - ERROR - Handling failure of drone 1: Heartbeat timeout
2026-02-13 18:59:11,412 - SwarmManager - ERROR - Drone 1 crashed
2026-02-13 18:59:11,413 - SwarmManager - ERROR - Handling failure of drone 1: Crashed
2026-02-13 18:59:11,414 - Drone_2 - INFO - Drone 2: Flying to {'x': 2581.285416007729, 'y': 2413.7700498614854, 'z': 60.0}
2026-02-13 18:59:11,414 - Drone_3 - INFO - Drone 3: Flying to {'x': 2519.7183075092485, 'y': 2441.442078177752, 'z': 60.0}
2026-02-13 18:59:11,735 - Drone_2 - INFO - Drone 2: Reached target position
2026-02-13 18:59:12,415 - SwarmManager - ERROR - Drone 1 heartbeat timeout
2026-02-13 18:59:12,415 - SwarmManager - ERROR - Handling failure of drone 1: Heartbeat timeout
2026-02-13 18:59:12,415 - SwarmManager - ERROR - Drone 1 crashed
2026-02-13 18:59:12,416 - SwarmManager - ERROR - Handling failure of drone 1: Crashed
2026-02-13 18:59:12,416 - Drone_2 - INFO - Drone 2: Flying to {'x': 2581.285416007729, 'y': 2413.7700498614854, 'z': 60.0}
2026-02-13 18:59:12,416 - Drone_3 - INFO - Drone 3: Flying to {'x': 2519.7183075092485, 'y': 2441.442078177752, 'z': 60.0}
2026-02-13 18:59:12,740 - Drone_2 - INFO - Drone 2: Reached target position
2026-02-13 18:59:13,416 - SwarmManager - ERROR - Drone 1 heartbeat timeout
2026-02-13 18:59:13,417 - SwarmManager - ERROR - Handling failure of drone 1: Heartbeat timeout
2026-02-13 18:59:13,419 - SwarmManager - ERROR - Drone 1 crashed
2026-02-13 18:59:13,420 - SwarmManager - ERROR - Handling failure of drone 1: Crashed
2026-02-13 18:59:13,421 - Drone_2 - INFO - Drone 2: Flying to {'x': 2581.285416007729, 'y': 2413.7700498614854, 'z': 60.0}
2026-02-13 18:59:13,421 - Drone_3 - INFO - Drone 3: Flying to {'x': 2519.7183075092485, 'y': 2441.442078177752, 'z': 60.0}
2026-02-13 18:59:13,745 - Drone_2 - INFO - Drone 2: Reached target position
2026-02-13 18:59:14,422 - SwarmManager - ERROR - Drone 1 heartbeat timeout
2026-02-13 18:59:14,422 - SwarmManager - ERROR - Handling failure of drone 1: Heartbeat timeout
2026-02-13 18:59:14,423 - SwarmManager - ERROR - Drone 1 crashed
2026-02-13 18:59:14,423 - SwarmManager - ERROR - Handling failure of drone 1: Crashed
2026-02-13 18:59:14,423 - Drone_2 - INFO - Drone 2: Flying to {'x': 2581.285416007729, 'y': 2413.7700498614854, 'z': 60.0}
2026-02-13 18:59:14,423 - Drone_3 - INFO - Drone 3: Flying to {'x': 2519.7183075092485, 'y': 2441.442078177752, 'z': 60.0}
2026-02-13 18:59:14,750 - Drone_2 - INFO - Drone 2: Reached target position
2026-02-13 18:59:15,424 - SwarmManager - ERROR - Drone 1 heartbeat timeout
2026-02-13 18:59:15,425 - SwarmManager - ERROR - Handling failure of drone 1: Heartbeat timeout
2026-02-13 18:59:15,425 - SwarmManager - ERROR - Drone 1 crashed
2026-02-13 18:59:15,425 - SwarmManager - ERROR - Handling failure of drone 1: Crashed
2026-02-13 18:59:15,426 - Drone_2 - INFO - Drone 2: Flying to {'x': 2581.285416007729, 'y': 2413.7700498614854, 'z': 60.0}
2026-02-13 18:59:15,426 - Drone_3 - INFO - Drone 3: Flying to {'x': 2519.7183075092485, 'y': 2441.442078177752, 'z': 60.0}
2026-02-13 18:59:15,756 - Drone_2 - INFO - Drone 2: Reached target position
2026-02-13 18:59:16,426 - SwarmManager - ERROR - Drone 1 heartbeat timeout
2026-02-13 18:59:16,427 - SwarmManager - ERROR - Handling failure of drone 1: Heartbeat timeout
2026-02-13 18:59:16,427 - SwarmManager - ERROR - Drone 1 crashed
2026-02-13 18:59:16,427 - SwarmManager - ERROR - Handling failure of drone 1: Crashed
2026-02-13 18:59:16,428 - Drone_2 - INFO - Drone 2: Flying to {'x': 2581.285416007729, 'y': 2413.7700498614854, 'z': 60.0}
2026-02-13 18:59:16,428 - Drone_3 - INFO - Drone 3: Flying to {'x': 2519.7183075092485, 'y': 2441.442078177752, 'z': 60.0}
2026-02-13 18:59:16,760 - Drone_2 - INFO - Drone 2: Reached target position
2026-02-13 18:59:17,428 - SwarmManager - ERROR - Drone 1 heartbeat timeout
2026-02-13 18:59:17,428 - SwarmManager - ERROR - Handling failure of drone 1: Heartbeat timeout
2026-02-13 18:59:17,429 - SwarmManager - ERROR - Drone 1 crashed
2026-02-13 18:59:17,429 - SwarmManager - ERROR - Handling failure of drone 1: Crashed
2026-02-13 18:59:17,429 - Drone_2 - INFO - Drone 2: Flying to {'x': 2581.285416007729, 'y': 2413.7700498614854, 'z': 60.0}
2026-02-13 18:59:17,429 - Drone_3 - INFO - Drone 3: Flying to {'x': 2519.7183075092485, 'y': 2441.442078177752, 'z': 60.0}
2026-02-13 18:59:17,766 - Drone_2 - INFO - Drone 2: Reached target position
2026-02-13 18:59:18,430 - SwarmManager - ERROR - Drone 1 heartbeat timeout
2026-02-13 18:59:18,430 - SwarmManager - ERROR - Handling failure of drone 1: Heartbeat timeout
2026-02-13 18:59:18,431 - SwarmManager - ERROR - Drone 1 crashed
2026-02-13 18:59:18,431 - SwarmManager - ERROR - Handling failure of drone 1: Crashed
2026-02-13 18:59:18,431 - Drone_2 - INFO - Drone 2: Flying to {'x': 2581.285416007729, 'y': 2413.7700498614854, 'z': 60.0}
2026-02-13 18:59:18,431 - Drone_3 - INFO - Drone 3: Flying to {'x': 2519.7183075092485, 'y': 2441.442078177752, 'z': 60.0}
2026-02-13 18:59:18,770 - Drone_2 - INFO - Drone 2: Reached target position
2026-02-13 18:59:19,432 - SwarmManager - ERROR - Drone 1 heartbeat timeout
2026-02-13 18:59:19,433 - SwarmManager - ERROR - Handling failure of drone 1: Heartbeat timeout
2026-02-13 18:59:19,434 - SwarmManager - ERROR - Drone 1 crashed
2026-02-13 18:59:19,436 - SwarmManager - ERROR - Handling failure of drone 1: Crashed
2026-02-13 18:59:19,436 - Drone_2 - INFO - Drone 2: Flying to {'x': 2581.285416007729, 'y': 2413.7700498614854, 'z': 60.0}
2026-02-13 18:59:19,437 - Drone_3 - INFO - Drone 3: Flying to {'x': 2519.7183075092485, 'y': 2441.442078177752, 'z': 60.0}
2026-02-13 18:59:19,775 - Drone_2 - INFO - Drone 2: Reached target position
2026-02-13 18:59:20,165 - PhysicalMLTrainer_Drone3 - INFO - Physical ML model trained drone=3 samples=2501 degree=2 alpha=0.0 val_mse=0.000502
2026-02-13 18:59:20,194 - PhysicalMLTrainer_Drone4 - INFO - Physical ML model trained drone=4 samples=2501 degree=2 alpha=0.0 val_mse=0.000417
2026-02-13 18:59:20,195 - PhysicalMLTrainer_Drone5 - INFO - Physical ML model trained drone=5 samples=2501 degree=2 alpha=0.0 val_mse=0.000001
2026-02-13 18:59:20,195 - PhysicalMLTrainer_Drone2 - INFO - Physical ML model trained drone=2 samples=2501 degree=2 alpha=1.0 val_mse=0.105751
2026-02-13 18:59:20,438 - SwarmManager - ERROR - Drone 1 heartbeat timeout
2026-02-13 18:59:20,439 - SwarmManager - ERROR - Handling failure of drone 1: Heartbeat timeout
2026-02-13 18:59:20,440 - SwarmManager - ERROR - Drone 1 crashed
2026-02-13 18:59:20,441 - SwarmManager - ERROR - Handling failure of drone 1: Crashed
2026-02-13 18:59:20,442 - Drone_2 - INFO - Drone 2: Flying to {'x': 2581.285416007729, 'y': 2413.7700498614854, 'z': 60.0}
2026-02-13 18:59:20,443 - Drone_3 - INFO - Drone 3: Flying to {'x': 2519.7183075092485, 'y': 2441.442078177752, 'z': 60.0}
2026-02-13 18:59:20,799 - Drone_2 - INFO - Drone 2: Reached target position
2026-02-13 18:59:21,445 - SwarmManager - ERROR - Drone 1 heartbeat timeout
2026-02-13 18:59:21,446 - SwarmManager - ERROR - Handling failure of drone 1: Heartbeat timeout
2026-02-13 18:59:21,448 - SwarmManager - ERROR - Drone 1 crashed
2026-02-13 18:59:21,449 - SwarmManager - ERROR - Handling failure of drone 1: Crashed
2026-02-13 18:59:21,449 - Drone_2 - INFO - Drone 2: Flying to {'x': 2581.285416007729, 'y': 2413.7700498614854, 'z': 60.0}
2026-02-13 18:59:21,450 - Drone_3 - INFO - Drone 3: Flying to {'x': 2519.7183075092485, 'y': 2441.442078177752, 'z': 60.0}
2026-02-13 18:59:21,806 - Drone_2 - INFO - Drone 2: Reached target position
2026-02-13 18:59:22,450 - SwarmManager - ERROR - Drone 1 heartbeat timeout
2026-02-13 18:59:22,451 - SwarmManager - ERROR - Handling failure of drone 1: Heartbeat timeout
2026-02-13 18:59:22,451 - SwarmManager - ERROR - Drone 1 crashed
2026-02-13 18:59:22,451 - SwarmManager - ERROR - Handling failure of drone 1: Crashed
2026-02-13 18:59:22,451 - Drone_2 - INFO - Drone 2: Flying to {'x': 2581.2854160077286, 'y': 2413.7700498614854, 'z': 60.0}
2026-02-13 18:59:22,451 - Drone_3 - INFO - Drone 3: Flying to {'x': 2519.718307509248, 'y': 2441.442078177752, 'z': 60.0}
2026-02-13 18:59:22,811 - Drone_2 - INFO - Drone 2: Reached target position
2026-02-13 18:59:23,452 - SwarmManager - ERROR - Drone 1 heartbeat timeout
2026-02-13 18:59:23,452 - SwarmManager - ERROR - Handling failure of drone 1: Heartbeat timeout
2026-02-13 18:59:23,453 - SwarmManager - ERROR - Drone 1 crashed
2026-02-13 18:59:23,453 - SwarmManager - ERROR - Handling failure of drone 1: Crashed
2026-02-13 18:59:23,453 - Drone_2 - INFO - Drone 2: Flying to {'x': 2581.285416007729, 'y': 2413.7700498614854, 'z': 60.0}
2026-02-13 18:59:23,453 - Drone_3 - INFO - Drone 3: Flying to {'x': 2519.7183075092485, 'y': 2441.442078177752, 'z': 60.0}
2026-02-13 18:59:23,817 - Drone_2 - INFO - Drone 2: Reached target position
2026-02-13 18:59:24,454 - SwarmManager - ERROR - Drone 1 heartbeat timeout
2026-02-13 18:59:24,455 - SwarmManager - ERROR - Handling failure of drone 1: Heartbeat timeout
2026-02-13 18:59:24,456 - SwarmManager - ERROR - Drone 1 crashed
2026-02-13 18:59:24,456 - SwarmManager - ERROR - Handling failure of drone 1: Crashed
2026-02-13 18:59:24,457 - Drone_2 - INFO - Drone 2: Flying to {'x': 2581.285416007729, 'y': 2413.7700498614854, 'z': 60.0}
2026-02-13 18:59:24,457 - Drone_3 - INFO - Drone 3: Flying to {'x': 2519.7183075092485, 'y': 2441.442078177752, 'z': 60.0}
2026-02-13 18:59:24,823 - Drone_2 - INFO - Drone 2: Reached target position
2026-02-13 18:59:25,458 - SwarmManager - ERROR - Drone 1 heartbeat timeout
2026-02-13 18:59:25,458 - SwarmManager - ERROR - Handling failure of drone 1: Heartbeat timeout
2026-02-13 18:59:25,459 - SwarmManager - ERROR - Drone 1 crashed
2026-02-13 18:59:25,459 - SwarmManager - ERROR - Handling failure of drone 1: Crashed
2026-02-13 18:59:25,459 - Drone_2 - INFO - Drone 2: Flying to {'x': 2581.2854160077286, 'y': 2413.7700498614854, 'z': 60.0}
2026-02-13 18:59:25,459 - Drone_3 - INFO - Drone 3: Flying to {'x': 2519.718307509248, 'y': 2441.442078177752, 'z': 60.0}
2026-02-13 18:59:25,828 - Drone_2 - INFO - Drone 2: Reached target position
2026-02-13 18:59:26,460 - SwarmManager - ERROR - Drone 1 heartbeat timeout
2026-02-13 18:59:26,461 - SwarmManager - ERROR - Handling failure of drone 1: Heartbeat timeout
2026-02-13 18:59:26,462 - SwarmManager - ERROR - Drone 1 crashed
2026-02-13 18:59:26,463 - SwarmManager - ERROR - Handling failure of drone 1: Crashed
2026-02-13 18:59:26,463 - Drone_2 - INFO - Drone 2: Flying to {'x': 2581.2854160077286, 'y': 2413.7700498614854, 'z': 60.0}
2026-02-13 18:59:26,463 - Drone_3 - INFO - Drone 3: Flying to {'x': 2519.718307509248, 'y': 2441.442078177752, 'z': 60.0}
2026-02-13 18:59:26,833 - Drone_2 - INFO - Drone 2: Reached target position
2026-02-13 18:59:27,464 - SwarmManager - ERROR - Drone 1 heartbeat timeout
2026-02-13 18:59:27,465 - SwarmManager - ERROR - Handling failure of drone 1: Heartbeat timeout
2026-02-13 18:59:27,465 - SwarmManager - ERROR - Drone 1 crashed
2026-02-13 18:59:27,465 - SwarmManager - ERROR - Handling failure of drone 1: Crashed
2026-02-13 18:59:27,466 - Drone_2 - INFO - Drone 2: Flying to {'x': 2581.2854160077286, 'y': 2413.7700498614854, 'z': 60.0}
2026-02-13 18:59:27,466 - Drone_3 - INFO - Drone 3: Flying to {'x': 2519.718307509248, 'y': 2441.442078177752, 'z': 60.0}
2026-02-13 18:59:27,838 - Drone_2 - INFO - Drone 2: Reached target position
2026-02-13 18:59:28,466 - SwarmManager - ERROR - Drone 1 heartbeat timeout
2026-02-13 18:59:28,467 - SwarmManager - ERROR - Handling failure of drone 1: Heartbeat timeout
2026-02-13 18:59:28,467 - SwarmManager - ERROR - Drone 1 crashed
2026-02-13 18:59:28,468 - SwarmManager - ERROR - Handling failure of drone 1: Crashed
2026-02-13 18:59:28,468 - Drone_2 - INFO - Drone 2: Flying to {'x': 2581.2854160077286, 'y': 2413.7700498614854, 'z': 60.0}
2026-02-13 18:59:28,468 - Drone_3 - INFO - Drone 3: Flying to {'x': 2519.718307509248, 'y': 2441.442078177752, 'z': 60.0}
2026-02-13 18:59:28,844 - Drone_2 - INFO - Drone 2: Reached target position
2026-02-13 18:59:29,469 - SwarmManager - ERROR - Drone 1 heartbeat timeout
2026-02-13 18:59:29,470 - SwarmManager - ERROR - Handling failure of drone 1: Heartbeat timeout
2026-02-13 18:59:29,470 - SwarmManager - ERROR - Drone 1 crashed
2026-02-13 18:59:29,470 - SwarmManager - ERROR - Handling failure of drone 1: Crashed
2026-02-13 18:59:29,471 - Drone_2 - INFO - Drone 2: Flying to {'x': 2581.2854160077286, 'y': 2413.7700498614854, 'z': 60.0}
2026-02-13 18:59:29,471 - Drone_3 - INFO - Drone 3: Flying to {'x': 2519.718307509248, 'y': 2441.442078177752, 'z': 60.0}
2026-02-13 18:59:29,851 - Drone_2 - INFO - Drone 2: Reached target position
2026-02-13 18:59:30,472 - SwarmManager - ERROR - Drone 1 heartbeat timeout
2026-02-13 18:59:30,472 - SwarmManager - ERROR - Handling failure of drone 1: Heartbeat timeout
2026-02-13 18:59:30,473 - SwarmManager - ERROR - Drone 1 crashed
2026-02-13 18:59:30,474 - SwarmManager - ERROR - Handling failure of drone 1: Crashed
2026-02-13 18:59:30,474 - Drone_2 - INFO - Drone 2: Flying to {'x': 2581.2854160077286, 'y': 2413.7700498614854, 'z': 60.0}
2026-02-13 18:59:30,474 - Drone_3 - INFO - Drone 3: Flying to {'x': 2519.718307509248, 'y': 2441.442078177752, 'z': 60.0}
2026-02-13 18:59:30,857 - Drone_2 - INFO - Drone 2: Reached target position
2026-02-13 18:59:31,475 - SwarmManager - ERROR - Drone 1 heartbeat timeout
2026-02-13 18:59:31,476 - SwarmManager - ERROR - Handling failure of drone 1: Heartbeat timeout
2026-02-13 18:59:31,476 - SwarmManager - ERROR - Drone 1 crashed
2026-02-13 18:59:31,477 - SwarmManager - ERROR - Handling failure of drone 1: Crashed
2026-02-13 18:59:31,477 - Drone_2 - INFO - Drone 2: Flying to {'x': 2581.2854160077286, 'y': 2413.7700498614854, 'z': 60.0}
2026-02-13 18:59:31,478 - Drone_3 - INFO - Drone 3: Flying to {'x': 2519.718307509248, 'y': 2441.442078177752, 'z': 60.0}
2026-02-13 18:59:31,862 - Drone_2 - INFO - Drone 2: Reached target position
2026-02-13 18:59:32,479 - SwarmManager - ERROR - Drone 1 heartbeat timeout
2026-02-13 18:59:32,480 - SwarmManager - ERROR - Handling failure of drone 1: Heartbeat timeout
2026-02-13 18:59:32,481 - SwarmManager - ERROR - Drone 1 crashed
2026-02-13 18:59:32,482 - SwarmManager - ERROR - Handling failure of drone 1: Crashed
2026-02-13 18:59:32,483 - Drone_2 - INFO - Drone 2: Flying to {'x': 2581.2854160077286, 'y': 2413.7700498614854, 'z': 60.0}
2026-02-13 18:59:32,483 - Drone_3 - INFO - Drone 3: Flying to {'x': 2519.718307509248, 'y': 2441.442078177752, 'z': 60.0}
2026-02-13 18:59:32,869 - Drone_2 - INFO - Drone 2: Reached target position
2026-02-13 18:59:33,484 - SwarmManager - ERROR - Drone 1 heartbeat timeout
2026-02-13 18:59:33,486 - SwarmManager - ERROR - Handling failure of drone 1: Heartbeat timeout
2026-02-13 18:59:33,488 - SwarmManager - ERROR - Drone 1 crashed
2026-02-13 18:59:33,489 - SwarmManager - ERROR - Handling failure of drone 1: Crashed
2026-02-13 18:59:33,490 - Drone_2 - INFO - Drone 2: Flying to {'x': 2581.2854160077286, 'y': 2413.7700498614854, 'z': 60.0}
2026-02-13 18:59:33,491 - Drone_3 - INFO - Drone 3: Flying to {'x': 2519.718307509248, 'y': 2441.442078177752, 'z': 60.0}
2026-02-13 18:59:33,875 - Drone_2 - INFO - Drone 2: Reached target position
2026-02-13 18:59:34,492 - SwarmManager - ERROR - Drone 1 heartbeat timeout
2026-02-13 18:59:34,494 - SwarmManager - ERROR - Handling failure of drone 1: Heartbeat timeout
2026-02-13 18:59:34,495 - SwarmManager - ERROR - Drone 1 crashed
2026-02-13 18:59:34,497 - SwarmManager - ERROR - Handling failure of drone 1: Crashed
2026-02-13 18:59:34,497 - Drone_2 - INFO - Drone 2: Flying to {'x': 2581.2854160077286, 'y': 2413.7700498614854, 'z': 60.0}
2026-02-13 18:59:34,498 - Drone_3 - INFO - Drone 3: Flying to {'x': 2519.718307509248, 'y': 2441.442078177752, 'z': 60.0}
2026-02-13 18:59:34,883 - Drone_2 - INFO - Drone 2: Reached target position
2026-02-13 18:59:35,499 - SwarmManager - ERROR - Drone 1 heartbeat timeout
2026-02-13 18:59:35,499 - SwarmManager - ERROR - Handling failure of drone 1: Heartbeat timeout
2026-02-13 18:59:35,500 - SwarmManager - ERROR - Drone 1 crashed
2026-02-13 18:59:35,500 - SwarmManager - ERROR - Handling failure of drone 1: Crashed
2026-02-13 18:59:35,500 - Drone_2 - INFO - Drone 2: Flying to {'x': 2581.2854160077286, 'y': 2413.7700498614854, 'z': 60.0}
2026-02-13 18:59:35,501 - Drone_3 - INFO - Drone 3: Flying to {'x': 2519.718307509248, 'y': 2441.442078177752, 'z': 60.0}
2026-02-13 18:59:35,888 - Drone_2 - INFO - Drone 2: Reached target position
2026-02-13 18:59:36,502 - SwarmManager - ERROR - Drone 1 heartbeat timeout
2026-02-13 18:59:36,503 - SwarmManager - ERROR - Handling failure of drone 1: Heartbeat timeout
2026-02-13 18:59:36,504 - SwarmManager - ERROR - Drone 1 crashed
2026-02-13 18:59:36,505 - SwarmManager - ERROR - Handling failure of drone 1: Crashed
2026-02-13 18:59:36,506 - Drone_2 - INFO - Drone 2: Flying to {'x': 2581.2854160077286, 'y': 2413.7700498614854, 'z': 60.0}
2026-02-13 18:59:36,506 - Drone_3 - INFO - Drone 3: Flying to {'x': 2519.718307509248, 'y': 2441.442078177752, 'z': 60.0}
2026-02-13 18:59:36,894 - Drone_2 - INFO - Drone 2: Reached target position
2026-02-13 18:59:37,507 - SwarmManager - ERROR - Drone 1 heartbeat timeout
2026-02-13 18:59:37,507 - SwarmManager - ERROR - Handling failure of drone 1: Heartbeat timeout
2026-02-13 18:59:37,507 - SwarmManager - ERROR - Drone 1 crashed
2026-02-13 18:59:37,508 - SwarmManager - ERROR - Handling failure of drone 1: Crashed
2026-02-13 18:59:37,508 - Drone_2 - INFO - Drone 2: Flying to {'x': 2581.2854160077286, 'y': 2413.7700498614854, 'z': 60.0}
2026-02-13 18:59:37,508 - Drone_3 - INFO - Drone 3: Flying to {'x': 2519.718307509248, 'y': 2441.442078177752, 'z': 60.0}
2026-02-13 18:59:37,899 - Drone_2 - INFO - Drone 2: Reached target position
2026-02-13 18:59:38,509 - SwarmManager - ERROR - Drone 1 heartbeat timeout
2026-02-13 18:59:38,509 - SwarmManager - ERROR - Handling failure of drone 1: Heartbeat timeout
2026-02-13 18:59:38,509 - SwarmManager - ERROR - Drone 1 crashed
2026-02-13 18:59:38,509 - SwarmManager - ERROR - Handling failure of drone 1: Crashed
2026-02-13 18:59:38,510 - Drone_2 - INFO - Drone 2: Flying to {'x': 2581.2854160077286, 'y': 2413.7700498614854, 'z': 60.0}
2026-02-13 18:59:38,510 - Drone_3 - INFO - Drone 3: Flying to {'x': 2519.718307509248, 'y': 2441.442078177752, 'z': 60.0}
2026-02-13 18:59:38,903 - Drone_2 - INFO - Drone 2: Reached target position
2026-02-13 18:59:39,510 - SwarmManager - ERROR - Drone 1 heartbeat timeout
2026-02-13 18:59:39,511 - SwarmManager - ERROR - Handling failure of drone 1: Heartbeat timeout
2026-02-13 18:59:39,511 - SwarmManager - ERROR - Drone 1 crashed
2026-02-13 18:59:39,511 - SwarmManager - ERROR - Handling failure of drone 1: Crashed
2026-02-13 18:59:39,512 - Drone_2 - INFO - Drone 2: Flying to {'x': 2581.2854160077286, 'y': 2413.7700498614854, 'z': 60.0}
2026-02-13 18:59:39,512 - Drone_3 - INFO - Drone 3: Flying to {'x': 2519.718307509248, 'y': 2441.442078177752, 'z': 60.0}
2026-02-13 18:59:39,908 - Drone_2 - INFO - Drone 2: Reached target position
2026-02-13 18:59:40,273 - PhysicalMLTrainer_Drone3 - INFO - Physical ML model trained drone=3 samples=2701 degree=2 alpha=0.0 val_mse=0.000462
2026-02-13 18:59:40,302 - PhysicalMLTrainer_Drone5 - INFO - Physical ML model trained drone=5 samples=2701 degree=2 alpha=0.0 val_mse=0.000001
2026-02-13 18:59:40,322 - PhysicalMLTrainer_Drone2 - INFO - Physical ML model trained drone=2 samples=2701 degree=2 alpha=0.0 val_mse=0.001890
2026-02-13 18:59:40,324 - PhysicalMLTrainer_Drone4 - INFO - Physical ML model trained drone=4 samples=2701 degree=2 alpha=0.0 val_mse=0.000381
2026-02-13 18:59:40,513 - SwarmManager - ERROR - Drone 1 heartbeat timeout
2026-02-13 18:59:40,515 - SwarmManager - ERROR - Handling failure of drone 1: Heartbeat timeout
2026-02-13 18:59:40,517 - SwarmManager - ERROR - Drone 1 crashed
2026-02-13 18:59:40,518 - SwarmManager - ERROR - Handling failure of drone 1: Crashed
2026-02-13 18:59:40,519 - Drone_2 - INFO - Drone 2: Flying to {'x': 2581.2854160077286, 'y': 2413.7700498614854, 'z': 60.0}
2026-02-13 18:59:40,519 - Drone_3 - INFO - Drone 3: Flying to {'x': 2519.718307509248, 'y': 2441.442078177752, 'z': 60.0}
2026-02-13 18:59:40,825 - Drone_2 - INFO - Drone 2: Reached target position
2026-02-13 18:59:41,520 - SwarmManager - ERROR - Drone 1 heartbeat timeout
2026-02-13 18:59:41,520 - SwarmManager - ERROR - Handling failure of drone 1: Heartbeat timeout
2026-02-13 18:59:41,521 - SwarmManager - ERROR - Drone 1 crashed
2026-02-13 18:59:41,521 - SwarmManager - ERROR - Handling failure of drone 1: Crashed
2026-02-13 18:59:41,521 - Drone_2 - INFO - Drone 2: Flying to {'x': 2581.2854160077286, 'y': 2413.7700498614854, 'z': 60.0}
2026-02-13 18:59:41,521 - Drone_3 - INFO - Drone 3: Flying to {'x': 2519.718307509248, 'y': 2441.442078177752, 'z': 60.0}
2026-02-13 18:59:41,832 - Drone_2 - INFO - Drone 2: Reached target position
2026-02-13 18:59:42,522 - SwarmManager - ERROR - Drone 1 heartbeat timeout
2026-02-13 18:59:42,522 - SwarmManager - ERROR - Handling failure of drone 1: Heartbeat timeout
2026-02-13 18:59:42,522 - SwarmManager - ERROR - Drone 1 crashed
2026-02-13 18:59:42,523 - SwarmManager - ERROR - Handling failure of drone 1: Crashed
2026-02-13 18:59:42,523 - Drone_2 - INFO - Drone 2: Flying to {'x': 2581.2854160077286, 'y': 2413.7700498614854, 'z': 60.0}
2026-02-13 18:59:42,523 - Drone_3 - INFO - Drone 3: Flying to {'x': 2519.718307509248, 'y': 2441.442078177752, 'z': 60.0}
2026-02-13 18:59:42,838 - Drone_2 - INFO - Drone 2: Reached target position
2026-02-13 18:59:43,523 - SwarmManager - ERROR - Drone 1 heartbeat timeout
2026-02-13 18:59:43,524 - SwarmManager - ERROR - Handling failure of drone 1: Heartbeat timeout
2026-02-13 18:59:43,524 - SwarmManager - ERROR - Drone 1 crashed
2026-02-13 18:59:43,525 - SwarmManager - ERROR - Handling failure of drone 1: Crashed
2026-02-13 18:59:43,525 - Drone_2 - INFO - Drone 2: Flying to {'x': 2581.2854160077286, 'y': 2413.7700498614854, 'z': 60.0}
2026-02-13 18:59:43,526 - Drone_3 - INFO - Drone 3: Flying to {'x': 2519.718307509248, 'y': 2441.442078177752, 'z': 60.0}
2026-02-13 18:59:43,844 - Drone_2 - INFO - Drone 2: Reached target position
2026-02-13 18:59:44,526 - SwarmManager - ERROR - Drone 1 heartbeat timeout
2026-02-13 18:59:44,527 - SwarmManager - ERROR - Handling failure of drone 1: Heartbeat timeout
2026-02-13 18:59:44,527 - SwarmManager - ERROR - Drone 1 crashed
2026-02-13 18:59:44,528 - SwarmManager - ERROR - Handling failure of drone 1: Crashed
2026-02-13 18:59:44,528 - Drone_2 - INFO - Drone 2: Flying to {'x': 2581.2854160077286, 'y': 2413.7700498614854, 'z': 60.0}
2026-02-13 18:59:44,528 - Drone_3 - INFO - Drone 3: Flying to {'x': 2519.718307509248, 'y': 2441.442078177752, 'z': 60.0}
2026-02-13 18:59:44,849 - Drone_2 - INFO - Drone 2: Reached target position
2026-02-13 18:59:45,529 - SwarmManager - ERROR - Drone 1 heartbeat timeout
2026-02-13 18:59:45,529 - SwarmManager - ERROR - Handling failure of drone 1: Heartbeat timeout
2026-02-13 18:59:45,530 - SwarmManager - ERROR - Drone 1 crashed
2026-02-13 18:59:45,530 - SwarmManager - ERROR - Handling failure of drone 1: Crashed
2026-02-13 18:59:45,530 - Drone_2 - INFO - Drone 2: Flying to {'x': 2581.2854160077286, 'y': 2413.7700498614854, 'z': 60.0}
2026-02-13 18:59:45,530 - Drone_3 - INFO - Drone 3: Flying to {'x': 2519.718307509248, 'y': 2441.442078177752, 'z': 60.0}
2026-02-13 18:59:45,855 - Drone_2 - INFO - Drone 2: Reached target position
2026-02-13 18:59:46,531 - SwarmManager - ERROR - Drone 1 heartbeat timeout
2026-02-13 18:59:46,532 - SwarmManager - ERROR - Handling failure of drone 1: Heartbeat timeout
2026-02-13 18:59:46,532 - SwarmManager - ERROR - Drone 1 crashed
2026-02-13 18:59:46,533 - SwarmManager - ERROR - Handling failure of drone 1: Crashed
2026-02-13 18:59:46,533 - Drone_2 - INFO - Drone 2: Flying to {'x': 2581.2854160077286, 'y': 2413.7700498614854, 'z': 60.0}
2026-02-13 18:59:46,533 - Drone_3 - INFO - Drone 3: Flying to {'x': 2519.718307509248, 'y': 2441.442078177752, 'z': 60.0}
2026-02-13 18:59:46,860 - Drone_2 - INFO - Drone 2: Reached target position
2026-02-13 18:59:47,534 - SwarmManager - ERROR - Drone 1 heartbeat timeout
2026-02-13 18:59:47,534 - SwarmManager - ERROR - Handling failure of drone 1: Heartbeat timeout
2026-02-13 18:59:47,534 - SwarmManager - ERROR - Drone 1 crashed
2026-02-13 18:59:47,535 - SwarmManager - ERROR - Handling failure of drone 1: Crashed
2026-02-13 18:59:47,535 - Drone_2 - INFO - Drone 2: Flying to {'x': 2581.2854160077286, 'y': 2413.7700498614854, 'z': 60.0}
2026-02-13 18:59:47,535 - Drone_3 - INFO - Drone 3: Flying to {'x': 2519.718307509248, 'y': 2441.442078177752, 'z': 60.0}
2026-02-13 18:59:47,865 - Drone_2 - INFO - Drone 2: Reached target position
2026-02-13 18:59:48,536 - SwarmManager - ERROR - Drone 1 heartbeat timeout
2026-02-13 18:59:48,537 - SwarmManager - ERROR - Handling failure of drone 1: Heartbeat timeout
2026-02-13 18:59:48,538 - SwarmManager - ERROR - Drone 1 crashed
2026-02-13 18:59:48,539 - SwarmManager - ERROR - Handling failure of drone 1: Crashed
2026-02-13 18:59:48,541 - Drone_2 - INFO - Drone 2: Flying to {'x': 2581.2854160077286, 'y': 2413.7700498614854, 'z': 60.0}
2026-02-13 18:59:48,541 - Drone_3 - INFO - Drone 3: Flying to {'x': 2519.718307509248, 'y': 2441.442078177752, 'z': 60.0}
2026-02-13 18:59:48,870 - Drone_2 - INFO - Drone 2: Reached target position
2026-02-13 18:59:49,542 - SwarmManager - ERROR - Drone 1 heartbeat timeout
2026-02-13 18:59:49,543 - SwarmManager - ERROR - Handling failure of drone 1: Heartbeat timeout
2026-02-13 18:59:49,544 - SwarmManager - ERROR - Drone 1 crashed
2026-02-13 18:59:49,544 - SwarmManager - ERROR - Handling failure of drone 1: Crashed
2026-02-13 18:59:49,545 - Drone_2 - INFO - Drone 2: Flying to {'x': 2581.2854160077286, 'y': 2413.7700498614854, 'z': 60.0}
2026-02-13 18:59:49,545 - Drone_3 - INFO - Drone 3: Flying to {'x': 2519.718307509248, 'y': 2441.442078177752, 'z': 60.0}
2026-02-13 18:59:49,879 - Drone_2 - INFO - Drone 2: Reached target position
2026-02-13 18:59:50,545 - SwarmManager - ERROR - Drone 1 heartbeat timeout
2026-02-13 18:59:50,546 - SwarmManager - ERROR - Handling failure of drone 1: Heartbeat timeout
2026-02-13 18:59:50,546 - SwarmManager - ERROR - Drone 1 crashed
2026-02-13 18:59:50,547 - SwarmManager - ERROR - Handling failure of drone 1: Crashed
2026-02-13 18:59:50,547 - Drone_2 - INFO - Drone 2: Flying to {'x': 2581.2854160077286, 'y': 2413.7700498614854, 'z': 60.0}
2026-02-13 18:59:50,547 - Drone_3 - INFO - Drone 3: Flying to {'x': 2519.718307509248, 'y': 2441.442078177752, 'z': 60.0}
2026-02-13 18:59:50,885 - Drone_2 - INFO - Drone 2: Reached target position
2026-02-13 18:59:51,548 - SwarmManager - ERROR - Drone 1 heartbeat timeout
2026-02-13 18:59:51,549 - SwarmManager - ERROR - Handling failure of drone 1: Heartbeat timeout
2026-02-13 18:59:51,552 - SwarmManager - ERROR - Drone 1 crashed
2026-02-13 18:59:51,552 - SwarmManager - ERROR - Handling failure of drone 1: Crashed
2026-02-13 18:59:51,553 - Drone_2 - INFO - Drone 2: Flying to {'x': 2581.2854160077286, 'y': 2413.7700498614854, 'z': 60.0}
2026-02-13 18:59:51,553 - Drone_3 - INFO - Drone 3: Flying to {'x': 2519.718307509248, 'y': 2441.442078177752, 'z': 60.0}
2026-02-13 18:59:51,891 - Drone_2 - INFO - Drone 2: Reached target position
2026-02-13 18:59:52,555 - SwarmManager - ERROR - Drone 1 heartbeat timeout
2026-02-13 18:59:52,556 - SwarmManager - ERROR - Handling failure of drone 1: Heartbeat timeout
2026-02-13 18:59:52,557 - SwarmManager - ERROR - Drone 1 crashed
2026-02-13 18:59:52,558 - SwarmManager - ERROR - Handling failure of drone 1: Crashed
2026-02-13 18:59:52,558 - Drone_2 - INFO - Drone 2: Flying to {'x': 2581.2854160077286, 'y': 2413.7700498614854, 'z': 60.0}
2026-02-13 18:59:52,558 - Drone_3 - INFO - Drone 3: Flying to {'x': 2519.718307509248, 'y': 2441.442078177752, 'z': 60.0}
2026-02-13 18:59:52,896 - Drone_2 - INFO - Drone 2: Reached target position
2026-02-13 18:59:53,559 - SwarmManager - ERROR - Drone 1 heartbeat timeout
2026-02-13 18:59:53,559 - SwarmManager - ERROR - Handling failure of drone 1: Heartbeat timeout
2026-02-13 18:59:53,560 - SwarmManager - ERROR - Drone 1 crashed
2026-02-13 18:59:53,560 - SwarmManager - ERROR - Handling failure of drone 1: Crashed
2026-02-13 18:59:53,561 - Drone_2 - INFO - Drone 2: Flying to {'x': 2581.2854160077286, 'y': 2413.7700498614854, 'z': 60.0}
2026-02-13 18:59:53,561 - Drone_3 - INFO - Drone 3: Flying to {'x': 2519.718307509248, 'y': 2441.442078177752, 'z': 60.0}
2026-02-13 18:59:53,902 - Drone_2 - INFO - Drone 2: Reached target position
2026-02-13 18:59:54,561 - SwarmManager - ERROR - Drone 1 heartbeat timeout
2026-02-13 18:59:54,562 - SwarmManager - ERROR - Handling failure of drone 1: Heartbeat timeout
2026-02-13 18:59:54,563 - SwarmManager - ERROR - Drone 1 crashed
2026-02-13 18:59:54,563 - SwarmManager - ERROR - Handling failure of drone 1: Crashed
2026-02-13 18:59:54,564 - Drone_2 - INFO - Drone 2: Flying to {'x': 2581.2854160077286, 'y': 2413.7700498614854, 'z': 60.0}
2026-02-13 18:59:54,564 - Drone_3 - INFO - Drone 3: Flying to {'x': 2519.718307509248, 'y': 2441.442078177752, 'z': 60.0}
2026-02-13 18:59:54,908 - Drone_2 - INFO - Drone 2: Reached target position
2026-02-13 18:59:55,565 - SwarmManager - ERROR - Drone 1 heartbeat timeout
2026-02-13 18:59:55,566 - SwarmManager - ERROR - Handling failure of drone 1: Heartbeat timeout
2026-02-13 18:59:55,568 - SwarmManager - ERROR - Drone 1 crashed
2026-02-13 18:59:55,569 - SwarmManager - ERROR - Handling failure of drone 1: Crashed
2026-02-13 18:59:55,571 - Drone_2 - INFO - Drone 2: Flying to {'x': 2581.2854160077286, 'y': 2413.7700498614854, 'z': 60.0}
2026-02-13 18:59:55,571 - Drone_3 - INFO - Drone 3: Flying to {'x': 2519.718307509248, 'y': 2441.442078177752, 'z': 60.0}
2026-02-13 18:59:55,914 - Drone_2 - INFO - Drone 2: Reached target position
2026-02-13 18:59:56,573 - SwarmManager - ERROR - Drone 1 heartbeat timeout
2026-02-13 18:59:56,574 - SwarmManager - ERROR - Handling failure of drone 1: Heartbeat timeout
2026-02-13 18:59:56,576 - SwarmManager - ERROR - Drone 1 crashed
2026-02-13 18:59:56,578 - SwarmManager - ERROR - Handling failure of drone 1: Crashed
2026-02-13 18:59:56,579 - Drone_2 - INFO - Drone 2: Flying to {'x': 2581.2854160077286, 'y': 2413.7700498614854, 'z': 60.0}
2026-02-13 18:59:56,579 - Drone_3 - INFO - Drone 3: Flying to {'x': 2519.718307509248, 'y': 2441.442078177752, 'z': 60.0}
2026-02-13 18:59:56,921 - Drone_2 - INFO - Drone 2: Reached target position
2026-02-13 18:59:57,581 - SwarmManager - ERROR - Drone 1 heartbeat timeout
2026-02-13 18:59:57,583 - SwarmManager - ERROR - Handling failure of drone 1: Heartbeat timeout
2026-02-13 18:59:57,584 - SwarmManager - ERROR - Drone 1 crashed
2026-02-13 18:59:57,586 - SwarmManager - ERROR - Handling failure of drone 1: Crashed
2026-02-13 18:59:57,586 - Drone_2 - INFO - Drone 2: Flying to {'x': 2581.2854160077286, 'y': 2413.7700498614854, 'z': 60.0}
2026-02-13 18:59:57,586 - Drone_3 - INFO - Drone 3: Flying to {'x': 2519.718307509248, 'y': 2441.442078177752, 'z': 60.0}
2026-02-13 18:59:57,928 - Drone_2 - INFO - Drone 2: Reached target position
2026-02-13 18:59:58,587 - SwarmManager - ERROR - Drone 1 heartbeat timeout
2026-02-13 18:59:58,588 - SwarmManager - ERROR - Handling failure of drone 1: Heartbeat timeout
2026-02-13 18:59:58,588 - SwarmManager - ERROR - Drone 1 crashed
2026-02-13 18:59:58,588 - SwarmManager - ERROR - Handling failure of drone 1: Crashed
2026-02-13 18:59:58,589 - Drone_2 - INFO - Drone 2: Flying to {'x': 2581.2854160077286, 'y': 2413.7700498614854, 'z': 60.0}
2026-02-13 18:59:58,589 - Drone_3 - INFO - Drone 3: Flying to {'x': 2519.718307509248, 'y': 2441.442078177752, 'z': 60.0}
2026-02-13 18:59:58,934 - Drone_2 - INFO - Drone 2: Reached target position
2026-02-13 18:59:59,590 - SwarmManager - ERROR - Drone 1 heartbeat timeout
2026-02-13 18:59:59,590 - SwarmManager - ERROR - Handling failure of drone 1: Heartbeat timeout
2026-02-13 18:59:59,591 - SwarmManager - ERROR - Drone 1 crashed
2026-02-13 18:59:59,591 - SwarmManager - ERROR - Handling failure of drone 1: Crashed
2026-02-13 18:59:59,591 - Drone_2 - INFO - Drone 2: Flying to {'x': 2581.2854160077286, 'y': 2413.7700498614854, 'z': 60.0}
2026-02-13 18:59:59,592 - Drone_3 - INFO - Drone 3: Flying to {'x': 2519.718307509248, 'y': 2441.442078177752, 'z': 60.0}
2026-02-13 18:59:59,939 - Drone_2 - INFO - Drone 2: Reached target position
2026-02-13 19:00:00,393 - PhysicalMLTrainer_Drone3 - INFO - Physical ML model trained drone=3 samples=2901 degree=2 alpha=0.0 val_mse=0.000440
2026-02-13 19:00:00,408 - PhysicalMLTrainer_Drone5 - INFO - Physical ML model trained drone=5 samples=2901 degree=2 alpha=0.0 val_mse=0.000001
2026-02-13 19:00:00,457 - PhysicalMLTrainer_Drone4 - INFO - Physical ML model trained drone=4 samples=2901 degree=2 alpha=0.0 val_mse=0.000361
2026-02-13 19:00:00,458 - PhysicalMLTrainer_Drone2 - INFO - Physical ML model trained drone=2 samples=2901 degree=2 alpha=0.0 val_mse=0.000728
2026-02-13 19:00:00,593 - SwarmManager - ERROR - Drone 1 heartbeat timeout
2026-02-13 19:00:00,593 - SwarmManager - ERROR - Handling failure of drone 1: Heartbeat timeout
2026-02-13 19:00:00,594 - SwarmManager - ERROR - Drone 1 crashed
2026-02-13 19:00:00,594 - SwarmManager - ERROR - Handling failure of drone 1: Crashed
2026-02-13 19:00:00,595 - Drone_2 - INFO - Drone 2: Flying to {'x': 2581.2854160077286, 'y': 2413.7700498614854, 'z': 60.0}
2026-02-13 19:00:00,595 - Drone_3 - INFO - Drone 3: Flying to {'x': 2519.718307509248, 'y': 2441.442078177752, 'z': 60.0}
2026-02-13 19:00:00,960 - Drone_2 - INFO - Drone 2: Reached target position
2026-02-13 19:00:01,596 - SwarmManager - ERROR - Drone 1 heartbeat timeout
2026-02-13 19:00:01,598 - SwarmManager - ERROR - Handling failure of drone 1: Heartbeat timeout
2026-02-13 19:00:01,598 - SwarmManager - ERROR - Drone 1 crashed
2026-02-13 19:00:01,599 - SwarmManager - ERROR - Handling failure of drone 1: Crashed
2026-02-13 19:00:01,600 - Drone_2 - INFO - Drone 2: Flying to {'x': 2581.2854160077286, 'y': 2413.7700498614854, 'z': 60.0}
2026-02-13 19:00:01,601 - Drone_3 - INFO - Drone 3: Flying to {'x': 2519.718307509248, 'y': 2441.442078177752, 'z': 60.0}
2026-02-13 19:00:01,966 - Drone_2 - INFO - Drone 2: Reached target position
2026-02-13 19:00:02,602 - SwarmManager - ERROR - Drone 1 heartbeat timeout
2026-02-13 19:00:02,603 - SwarmManager - ERROR - Handling failure of drone 1: Heartbeat timeout
2026-02-13 19:00:02,604 - SwarmManager - ERROR - Drone 1 crashed
2026-02-13 19:00:02,605 - SwarmManager - ERROR - Handling failure of drone 1: Crashed
2026-02-13 19:00:02,605 - Drone_2 - INFO - Drone 2: Flying to {'x': 2581.2854160077286, 'y': 2413.7700498614854, 'z': 60.0}
2026-02-13 19:00:02,606 - Drone_3 - INFO - Drone 3: Flying to {'x': 2519.718307509248, 'y': 2441.442078177752, 'z': 60.0}
2026-02-13 19:00:02,974 - Drone_2 - INFO - Drone 2: Reached target position
2026-02-13 19:00:03,606 - SwarmManager - ERROR - Drone 1 heartbeat timeout
2026-02-13 19:00:03,607 - SwarmManager - ERROR - Handling failure of drone 1: Heartbeat timeout
2026-02-13 19:00:03,608 - SwarmManager - ERROR - Drone 1 crashed
2026-02-13 19:00:03,608 - SwarmManager - ERROR - Handling failure of drone 1: Crashed
2026-02-13 19:00:03,609 - Drone_2 - INFO - Drone 2: Flying to {'x': 2581.2854160077286, 'y': 2413.7700498614854, 'z': 60.0}
2026-02-13 19:00:03,609 - Drone_3 - INFO - Drone 3: Flying to {'x': 2519.718307509248, 'y': 2441.442078177752, 'z': 60.0}
2026-02-13 19:00:03,982 - Drone_2 - INFO - Drone 2: Reached target position
2026-02-13 19:00:04,609 - SwarmManager - ERROR - Drone 1 heartbeat timeout
2026-02-13 19:00:04,610 - SwarmManager - ERROR - Handling failure of drone 1: Heartbeat timeout
2026-02-13 19:00:04,610 - SwarmManager - ERROR - Drone 1 crashed
2026-02-13 19:00:04,610 - SwarmManager - ERROR - Handling failure of drone 1: Crashed
2026-02-13 19:00:04,611 - Drone_2 - INFO - Drone 2: Flying to {'x': 2581.2854160077286, 'y': 2413.7700498614854, 'z': 60.0}
2026-02-13 19:00:04,611 - Drone_3 - INFO - Drone 3: Flying to {'x': 2519.718307509248, 'y': 2441.442078177752, 'z': 60.0}
2026-02-13 19:00:04,989 - Drone_2 - INFO - Drone 2: Reached target position
2026-02-13 19:00:05,612 - SwarmManager - ERROR - Drone 1 heartbeat timeout
2026-02-13 19:00:05,612 - SwarmManager - ERROR - Handling failure of drone 1: Heartbeat timeout
2026-02-13 19:00:05,613 - SwarmManager - ERROR - Drone 1 crashed
2026-02-13 19:00:05,613 - SwarmManager - ERROR - Handling failure of drone 1: Crashed
2026-02-13 19:00:05,614 - Drone_2 - INFO - Drone 2: Flying to {'x': 2581.2854160077286, 'y': 2413.770049861485, 'z': 60.0}
2026-02-13 19:00:05,614 - Drone_3 - INFO - Drone 3: Flying to {'x': 2519.718307509248, 'y': 2441.4420781777526, 'z': 60.0}
2026-02-13 19:00:05,994 - Drone_2 - INFO - Drone 2: Reached target position
2026-02-13 19:00:06,615 - SwarmManager - ERROR - Drone 1 heartbeat timeout
2026-02-13 19:00:06,616 - SwarmManager - ERROR - Handling failure of drone 1: Heartbeat timeout
2026-02-13 19:00:06,617 - SwarmManager - ERROR - Drone 1 crashed
2026-02-13 19:00:06,619 - SwarmManager - ERROR - Handling failure of drone 1: Crashed
2026-02-13 19:00:06,620 - Drone_2 - INFO - Drone 2: Flying to {'x': 2581.2854160077286, 'y': 2413.770049861485, 'z': 60.0}
2026-02-13 19:00:06,620 - Drone_3 - INFO - Drone 3: Flying to {'x': 2519.718307509248, 'y': 2441.4420781777526, 'z': 60.0}
2026-02-13 19:00:07,001 - Drone_2 - INFO - Drone 2: Reached target position
2026-02-13 19:00:07,622 - SwarmManager - ERROR - Drone 1 heartbeat timeout
2026-02-13 19:00:07,623 - SwarmManager - ERROR - Handling failure of drone 1: Heartbeat timeout
2026-02-13 19:00:07,624 - SwarmManager - ERROR - Drone 1 crashed
2026-02-13 19:00:07,625 - SwarmManager - ERROR - Handling failure of drone 1: Crashed
2026-02-13 19:00:07,626 - Drone_2 - INFO - Drone 2: Flying to {'x': 2581.2854160077286, 'y': 2413.770049861485, 'z': 60.0}
2026-02-13 19:00:07,627 - Drone_3 - INFO - Drone 3: Flying to {'x': 2519.718307509248, 'y': 2441.4420781777526, 'z': 60.0}
2026-02-13 19:00:08,008 - Drone_2 - INFO - Drone 2: Reached target position
2026-02-13 19:00:08,627 - SwarmManager - ERROR - Drone 1 heartbeat timeout
2026-02-13 19:00:08,627 - SwarmManager - ERROR - Handling failure of drone 1: Heartbeat timeout
2026-02-13 19:00:08,628 - SwarmManager - ERROR - Drone 1 crashed
2026-02-13 19:00:08,628 - SwarmManager - ERROR - Handling failure of drone 1: Crashed
2026-02-13 19:00:08,628 - Drone_2 - INFO - Drone 2: Flying to {'x': 2581.2854160077286, 'y': 2413.770049861485, 'z': 60.0}
2026-02-13 19:00:08,629 - Drone_3 - INFO - Drone 3: Flying to {'x': 2519.718307509248, 'y': 2441.4420781777526, 'z': 60.0}
2026-02-13 19:00:09,014 - Drone_2 - INFO - Drone 2: Reached target position
2026-02-13 19:00:09,630 - SwarmManager - ERROR - Drone 1 heartbeat timeout
2026-02-13 19:00:09,631 - SwarmManager - ERROR - Handling failure of drone 1: Heartbeat timeout
2026-02-13 19:00:09,632 - SwarmManager - ERROR - Drone 1 crashed
2026-02-13 19:00:09,633 - SwarmManager - ERROR - Handling failure of drone 1: Crashed
2026-02-13 19:00:09,635 - Drone_2 - INFO - Drone 2: Flying to {'x': 2581.2854160077286, 'y': 2413.770049861485, 'z': 60.0}
2026-02-13 19:00:09,636 - Drone_3 - INFO - Drone 3: Flying to {'x': 2519.718307509248, 'y': 2441.4420781777526, 'z': 60.0}
2026-02-13 19:00:10,021 - Drone_2 - INFO - Drone 2: Reached target position
2026-02-13 19:00:10,637 - SwarmManager - ERROR - Drone 1 heartbeat timeout
2026-02-13 19:00:10,638 - SwarmManager - ERROR - Handling failure of drone 1: Heartbeat timeout
2026-02-13 19:00:10,638 - SwarmManager - ERROR - Drone 1 crashed
2026-02-13 19:00:10,638 - SwarmManager - ERROR - Handling failure of drone 1: Crashed
2026-02-13 19:00:10,639 - Drone_2 - INFO - Drone 2: Flying to {'x': 2581.2854160077286, 'y': 2413.770049861485, 'z': 60.0}
2026-02-13 19:00:10,639 - Drone_3 - INFO - Drone 3: Flying to {'x': 2519.718307509248, 'y': 2441.4420781777526, 'z': 60.0}
2026-02-13 19:00:11,030 - Drone_2 - INFO - Drone 2: Reached target position
2026-02-13 19:00:11,640 - SwarmManager - ERROR - Drone 1 heartbeat timeout
2026-02-13 19:00:11,641 - SwarmManager - ERROR - Handling failure of drone 1: Heartbeat timeout
2026-02-13 19:00:11,641 - SwarmManager - ERROR - Drone 1 crashed
2026-02-13 19:00:11,642 - SwarmManager - ERROR - Handling failure of drone 1: Crashed
2026-02-13 19:00:11,642 - Drone_2 - INFO - Drone 2: Flying to {'x': 2581.2854160077286, 'y': 2413.770049861485, 'z': 60.0}
2026-02-13 19:00:11,642 - Drone_3 - INFO - Drone 3: Flying to {'x': 2519.718307509248, 'y': 2441.4420781777526, 'z': 60.0}
2026-02-13 19:00:12,035 - Drone_2 - INFO - Drone 2: Reached target position
2026-02-13 19:00:12,643 - SwarmManager - ERROR - Drone 1 heartbeat timeout
2026-02-13 19:00:12,644 - SwarmManager - ERROR - Handling failure of drone 1: Heartbeat timeout
2026-02-13 19:00:12,646 - SwarmManager - ERROR - Drone 1 crashed
2026-02-13 19:00:12,647 - SwarmManager - ERROR - Handling failure of drone 1: Crashed
2026-02-13 19:00:12,648 - Drone_2 - INFO - Drone 2: Flying to {'x': 2581.2854160077286, 'y': 2413.770049861485, 'z': 60.0}
2026-02-13 19:00:12,648 - Drone_3 - INFO - Drone 3: Flying to {'x': 2519.718307509248, 'y': 2441.4420781777526, 'z': 60.0}
2026-02-13 19:00:13,042 - Drone_2 - INFO - Drone 2: Reached target position
2026-02-13 19:00:13,649 - SwarmManager - ERROR - Drone 1 heartbeat timeout
2026-02-13 19:00:13,649 - SwarmManager - ERROR - Handling failure of drone 1: Heartbeat timeout
2026-02-13 19:00:13,650 - SwarmManager - ERROR - Drone 1 crashed
2026-02-13 19:00:13,650 - SwarmManager - ERROR - Handling failure of drone 1: Crashed
2026-02-13 19:00:13,650 - Drone_2 - INFO - Drone 2: Flying to {'x': 2581.2854160077286, 'y': 2413.770049861485, 'z': 60.0}
2026-02-13 19:00:13,650 - Drone_3 - INFO - Drone 3: Flying to {'x': 2519.718307509248, 'y': 2441.4420781777526, 'z': 60.0}
2026-02-13 19:00:14,047 - Drone_2 - INFO - Drone 2: Reached target position
2026-02-13 19:00:14,651 - SwarmManager - ERROR - Drone 1 heartbeat timeout
2026-02-13 19:00:14,652 - SwarmManager - ERROR - Handling failure of drone 1: Heartbeat timeout
2026-02-13 19:00:14,653 - SwarmManager - ERROR - Drone 1 crashed
2026-02-13 19:00:14,654 - SwarmManager - ERROR - Handling failure of drone 1: Crashed
2026-02-13 19:00:14,656 - Drone_2 - INFO - Drone 2: Flying to {'x': 2581.2854160077286, 'y': 2413.770049861485, 'z': 60.0}
2026-02-13 19:00:14,656 - Drone_3 - INFO - Drone 3: Flying to {'x': 2519.718307509248, 'y': 2441.4420781777526, 'z': 60.0}
2026-02-13 19:00:15,055 - Drone_2 - INFO - Drone 2: Reached target position
2026-02-13 19:00:15,658 - SwarmManager - ERROR - Drone 1 heartbeat timeout
2026-02-13 19:00:15,659 - SwarmManager - ERROR - Handling failure of drone 1: Heartbeat timeout
2026-02-13 19:00:15,660 - SwarmManager - ERROR - Drone 1 crashed
2026-02-13 19:00:15,661 - SwarmManager - ERROR - Handling failure of drone 1: Crashed
2026-02-13 19:00:15,661 - Drone_2 - INFO - Drone 2: Flying to {'x': 2581.2854160077286, 'y': 2413.770049861485, 'z': 60.0}
2026-02-13 19:00:15,661 - Drone_3 - INFO - Drone 3: Flying to {'x': 2519.718307509248, 'y': 2441.4420781777526, 'z': 60.0}
2026-02-13 19:00:16,062 - Drone_2 - INFO - Drone 2: Reached target position
2026-02-13 19:00:16,662 - SwarmManager - ERROR - Drone 1 heartbeat timeout
2026-02-13 19:00:16,663 - SwarmManager - ERROR - Handling failure of drone 1: Heartbeat timeout
2026-02-13 19:00:16,663 - SwarmManager - ERROR - Drone 1 crashed
2026-02-13 19:00:16,663 - SwarmManager - ERROR - Handling failure of drone 1: Crashed
2026-02-13 19:00:16,664 - Drone_2 - INFO - Drone 2: Flying to {'x': 2581.2854160077286, 'y': 2413.770049861485, 'z': 60.0}
2026-02-13 19:00:16,664 - Drone_3 - INFO - Drone 3: Flying to {'x': 2519.718307509248, 'y': 2441.4420781777526, 'z': 60.0}
2026-02-13 19:00:16,868 - Drone_2 - INFO - Drone 2: Reached target position
2026-02-13 19:00:17,665 - SwarmManager - ERROR - Drone 1 heartbeat timeout
2026-02-13 19:00:17,666 - SwarmManager - ERROR - Handling failure of drone 1: Heartbeat timeout
2026-02-13 19:00:17,666 - SwarmManager - ERROR - Drone 1 crashed
2026-02-13 19:00:17,667 - SwarmManager - ERROR - Handling failure of drone 1: Crashed
2026-02-13 19:00:17,667 - Drone_2 - INFO - Drone 2: Flying to {'x': 2581.2854160077286, 'y': 2413.770049861485, 'z': 60.0}
2026-02-13 19:00:17,668 - Drone_3 - INFO - Drone 3: Flying to {'x': 2519.718307509248, 'y': 2441.4420781777526, 'z': 60.0}
2026-02-13 19:00:18,076 - Drone_2 - INFO - Drone 2: Reached target position
2026-02-13 19:00:18,669 - SwarmManager - ERROR - Drone 1 heartbeat timeout
2026-02-13 19:00:18,671 - SwarmManager - ERROR - Handling failure of drone 1: Heartbeat timeout
2026-02-13 19:00:18,671 - SwarmManager - ERROR - Drone 1 crashed
2026-02-13 19:00:18,672 - SwarmManager - ERROR - Handling failure of drone 1: Crashed
2026-02-13 19:00:18,673 - Drone_2 - INFO - Drone 2: Flying to {'x': 2581.2854160077286, 'y': 2413.770049861485, 'z': 60.0}
2026-02-13 19:00:18,673 - Drone_3 - INFO - Drone 3: Flying to {'x': 2519.718307509248, 'y': 2441.4420781777526, 'z': 60.0}
2026-02-13 19:00:18,982 - Drone_2 - INFO - Drone 2: Reached target position
2026-02-13 19:00:19,675 - SwarmManager - ERROR - Drone 1 heartbeat timeout
2026-02-13 19:00:19,676 - SwarmManager - ERROR - Handling failure of drone 1: Heartbeat timeout
2026-02-13 19:00:19,677 - SwarmManager - ERROR - Drone 1 crashed
2026-02-13 19:00:19,678 - SwarmManager - ERROR - Handling failure of drone 1: Crashed
2026-02-13 19:00:19,679 - Drone_2 - INFO - Drone 2: Flying to {'x': 2581.285416007728, 'y': 2413.770049861485, 'z': 60.0}
2026-02-13 19:00:19,680 - Drone_3 - INFO - Drone 3: Flying to {'x': 2519.7183075092476, 'y': 2441.4420781777526, 'z': 60.0}
2026-02-13 19:00:19,989 - Drone_2 - INFO - Drone 2: Reached target position
2026-02-13 19:00:20,511 - PhysicalMLTrainer_Drone3 - INFO - Physical ML model trained drone=3 samples=3101 degree=2 alpha=0.0 val_mse=0.000430
2026-02-13 19:00:20,524 - PhysicalMLTrainer_Drone5 - INFO - Physical ML model trained drone=5 samples=3101 degree=2 alpha=0.0 val_mse=0.000000
2026-02-13 19:00:20,597 - PhysicalMLTrainer_Drone4 - INFO - Physical ML model trained drone=4 samples=3101 degree=2 alpha=0.0 val_mse=0.000349
2026-02-13 19:00:20,603 - PhysicalMLTrainer_Drone2 - INFO - Physical ML model trained drone=2 samples=3101 degree=2 alpha=0.0 val_mse=0.000509
2026-02-13 19:00:20,680 - SwarmManager - ERROR - Drone 1 heartbeat timeout
2026-02-13 19:00:20,681 - SwarmManager - ERROR - Handling failure of drone 1: Heartbeat timeout
2026-02-13 19:00:20,681 - SwarmManager - ERROR - Drone 1 crashed
2026-02-13 19:00:20,682 - SwarmManager - ERROR - Handling failure of drone 1: Crashed
2026-02-13 19:00:20,682 - Drone_2 - INFO - Drone 2: Flying to {'x': 2581.2854160077286, 'y': 2413.770049861485, 'z': 60.0}
2026-02-13 19:00:20,682 - Drone_3 - INFO - Drone 3: Flying to {'x': 2519.718307509248, 'y': 2441.4420781777526, 'z': 60.0}
2026-02-13 19:00:21,005 - Drone_2 - INFO - Drone 2: Reached target position
2026-02-13 19:00:21,683 - SwarmManager - ERROR - Drone 1 heartbeat timeout
2026-02-13 19:00:21,684 - SwarmManager - ERROR - Handling failure of drone 1: Heartbeat timeout
2026-02-13 19:00:21,685 - SwarmManager - ERROR - Drone 1 crashed
2026-02-13 19:00:21,686 - SwarmManager - ERROR - Handling failure of drone 1: Crashed
2026-02-13 19:00:21,686 - Drone_2 - INFO - Drone 2: Flying to {'x': 2581.2854160077286, 'y': 2413.770049861485, 'z': 60.0}
2026-02-13 19:00:21,687 - Drone_3 - INFO - Drone 3: Flying to {'x': 2519.718307509248, 'y': 2441.4420781777526, 'z': 60.0}
2026-02-13 19:00:22,010 - Drone_2 - INFO - Drone 2: Reached target position
2026-02-13 19:00:22,688 - SwarmManager - ERROR - Drone 1 heartbeat timeout
2026-02-13 19:00:22,689 - SwarmManager - ERROR - Handling failure of drone 1: Heartbeat timeout
2026-02-13 19:00:22,690 - SwarmManager - ERROR - Drone 1 crashed
2026-02-13 19:00:22,691 - SwarmManager - ERROR - Handling failure of drone 1: Crashed
2026-02-13 19:00:22,691 - Drone_2 - INFO - Drone 2: Flying to {'x': 2581.2854160077286, 'y': 2413.770049861485, 'z': 60.0}
2026-02-13 19:00:22,692 - Drone_3 - INFO - Drone 3: Flying to {'x': 2519.718307509248, 'y': 2441.4420781777526, 'z': 60.0}
2026-02-13 19:00:23,016 - Drone_2 - INFO - Drone 2: Reached target position
2026-02-13 19:00:23,693 - SwarmManager - ERROR - Drone 1 heartbeat timeout
2026-02-13 19:00:23,694 - SwarmManager - ERROR - Handling failure of drone 1: Heartbeat timeout
2026-02-13 19:00:23,694 - SwarmManager - ERROR - Drone 1 crashed
2026-02-13 19:00:23,694 - SwarmManager - ERROR - Handling failure of drone 1: Crashed
2026-02-13 19:00:23,695 - Drone_2 - INFO - Drone 2: Flying to {'x': 2581.2854160077286, 'y': 2413.770049861485, 'z': 60.0}
2026-02-13 19:00:23,695 - Drone_3 - INFO - Drone 3: Flying to {'x': 2519.718307509248, 'y': 2441.4420781777526, 'z': 60.0}
2026-02-13 19:00:24,023 - Drone_2 - INFO - Drone 2: Reached target position
2026-02-13 19:00:24,696 - SwarmManager - ERROR - Drone 1 heartbeat timeout
2026-02-13 19:00:24,697 - SwarmManager - ERROR - Handling failure of drone 1: Heartbeat timeout
2026-02-13 19:00:24,697 - SwarmManager - ERROR - Drone 1 crashed
2026-02-13 19:00:24,698 - SwarmManager - ERROR - Handling failure of drone 1: Crashed
2026-02-13 19:00:24,698 - Drone_2 - INFO - Drone 2: Flying to {'x': 2581.2854160077286, 'y': 2413.770049861485, 'z': 60.0}
2026-02-13 19:00:24,699 - Drone_3 - INFO - Drone 3: Flying to {'x': 2519.718307509248, 'y': 2441.4420781777526, 'z': 60.0}
2026-02-13 19:00:25,028 - Drone_2 - INFO - Drone 2: Reached target position
2026-02-13 19:00:25,699 - SwarmManager - ERROR - Drone 1 heartbeat timeout
2026-02-13 19:00:25,700 - SwarmManager - ERROR - Handling failure of drone 1: Heartbeat timeout
2026-02-13 19:00:25,700 - SwarmManager - ERROR - Drone 1 crashed
2026-02-13 19:00:25,700 - SwarmManager - ERROR - Handling failure of drone 1: Crashed
2026-02-13 19:00:25,701 - Drone_2 - INFO - Drone 2: Flying to {'x': 2581.2854160077286, 'y': 2413.7700498614854, 'z': 60.0}
2026-02-13 19:00:25,701 - Drone_3 - INFO - Drone 3: Flying to {'x': 2519.718307509248, 'y': 2441.442078177752, 'z': 60.0}
2026-02-13 19:00:26,034 - Drone_2 - INFO - Drone 2: Reached target position
2026-02-13 19:00:26,701 - SwarmManager - ERROR - Drone 1 heartbeat timeout
2026-02-13 19:00:26,703 - SwarmManager - ERROR - Handling failure of drone 1: Heartbeat timeout
2026-02-13 19:00:26,704 - SwarmManager - ERROR - Drone 1 crashed
2026-02-13 19:00:26,705 - SwarmManager - ERROR - Handling failure of drone 1: Crashed
2026-02-13 19:00:26,706 - Drone_2 - INFO - Drone 2: Flying to {'x': 2581.285416007729, 'y': 2413.7700498614854, 'z': 60.0}
2026-02-13 19:00:26,707 - Drone_3 - INFO - Drone 3: Flying to {'x': 2519.7183075092485, 'y': 2441.442078177752, 'z': 60.0}
2026-02-13 19:00:27,040 - Drone_2 - INFO - Drone 2: Reached target position
2026-02-13 19:00:27,708 - SwarmManager - ERROR - Drone 1 heartbeat timeout
2026-02-13 19:00:27,710 - SwarmManager - ERROR - Handling failure of drone 1: Heartbeat timeout
2026-02-13 19:00:27,711 - SwarmManager - ERROR - Drone 1 crashed
2026-02-13 19:00:27,711 - SwarmManager - ERROR - Handling failure of drone 1: Crashed
2026-02-13 19:00:27,712 - Drone_2 - INFO - Drone 2: Flying to {'x': 2581.2854160077286, 'y': 2413.7700498614854, 'z': 60.0}
2026-02-13 19:00:27,713 - Drone_3 - INFO - Drone 3: Flying to {'x': 2519.718307509248, 'y': 2441.442078177752, 'z': 60.0}
2026-02-13 19:00:28,047 - Drone_2 - INFO - Drone 2: Reached target position
2026-02-13 19:00:28,714 - SwarmManager - ERROR - Drone 1 heartbeat timeout
2026-02-13 19:00:28,715 - SwarmManager - ERROR - Handling failure of drone 1: Heartbeat timeout
2026-02-13 19:00:28,715 - SwarmManager - ERROR - Drone 1 crashed
2026-02-13 19:00:28,715 - SwarmManager - ERROR - Handling failure of drone 1: Crashed
2026-02-13 19:00:28,716 - Drone_2 - INFO - Drone 2: Flying to {'x': 2581.2854160077295, 'y': 2413.7700498614854, 'z': 60.0}
2026-02-13 19:00:28,716 - Drone_3 - INFO - Drone 3: Flying to {'x': 2519.718307509248, 'y': 2441.442078177752, 'z': 60.0}
2026-02-13 19:00:29,052 - Drone_2 - INFO - Drone 2: Reached target position
2026-02-13 19:00:29,719 - SwarmManager - ERROR - Drone 1 heartbeat timeout
2026-02-13 19:00:29,720 - SwarmManager - ERROR - Handling failure of drone 1: Heartbeat timeout
2026-02-13 19:00:29,721 - SwarmManager - ERROR - Drone 1 crashed
2026-02-13 19:00:29,721 - SwarmManager - ERROR - Handling failure of drone 1: Crashed
2026-02-13 19:00:29,722 - Drone_2 - INFO - Drone 2: Flying to {'x': 2581.2854160077295, 'y': 2413.7700498614854, 'z': 60.0}
2026-02-13 19:00:29,723 - Drone_3 - INFO - Drone 3: Flying to {'x': 2519.718307509248, 'y': 2441.442078177752, 'z': 60.0}
2026-02-13 19:00:30,059 - Drone_2 - INFO - Drone 2: Reached target position
2026-02-13 19:00:30,724 - SwarmManager - ERROR - Drone 1 heartbeat timeout
2026-02-13 19:00:30,725 - SwarmManager - ERROR - Handling failure of drone 1: Heartbeat timeout
2026-02-13 19:00:30,726 - SwarmManager - ERROR - Drone 1 crashed
2026-02-13 19:00:30,727 - SwarmManager - ERROR - Handling failure of drone 1: Crashed
2026-02-13 19:00:30,728 - Drone_2 - INFO - Drone 2: Flying to {'x': 2581.2854160077295, 'y': 2413.7700498614854, 'z': 60.0}
2026-02-13 19:00:30,729 - Drone_3 - INFO - Drone 3: Flying to {'x': 2519.718307509248, 'y': 2441.4420781777512, 'z': 60.0}
2026-02-13 19:00:31,064 - Drone_2 - INFO - Drone 2: Reached target position
2026-02-13 19:00:31,730 - SwarmManager - ERROR - Drone 1 heartbeat timeout
2026-02-13 19:00:31,731 - SwarmManager - ERROR - Handling failure of drone 1: Heartbeat timeout
2026-02-13 19:00:31,732 - SwarmManager - ERROR - Drone 1 crashed
2026-02-13 19:00:31,733 - SwarmManager - ERROR - Handling failure of drone 1: Crashed
2026-02-13 19:00:31,733 - Drone_2 - INFO - Drone 2: Flying to {'x': 2581.2854160077304, 'y': 2413.770049861486, 'z': 60.0}
2026-02-13 19:00:31,734 - Drone_3 - INFO - Drone 3: Flying to {'x': 2519.718307509249, 'y': 2441.442078177751, 'z': 60.0}
2026-02-13 19:00:32,070 - Drone_2 - INFO - Drone 2: Reached target position
2026-02-13 19:00:32,736 - SwarmManager - ERROR - Drone 1 heartbeat timeout
2026-02-13 19:00:32,737 - SwarmManager - ERROR - Handling failure of drone 1: Heartbeat timeout
2026-02-13 19:00:32,738 - SwarmManager - ERROR - Drone 1 crashed
2026-02-13 19:00:32,739 - SwarmManager - ERROR - Handling failure of drone 1: Crashed
2026-02-13 19:00:32,740 - Drone_2 - INFO - Drone 2: Flying to {'x': 2581.2854160077313, 'y': 2413.770049861486, 'z': 60.0}
2026-02-13 19:00:32,740 - Drone_3 - INFO - Drone 3: Flying to {'x': 2519.718307509249, 'y': 2441.44207817775, 'z': 60.0}
2026-02-13 19:00:33,077 - Drone_2 - INFO - Drone 2: Reached target position
2026-02-13 19:00:33,741 - SwarmManager - ERROR - Drone 1 heartbeat timeout
2026-02-13 19:00:33,743 - SwarmManager - ERROR - Handling failure of drone 1: Heartbeat timeout
2026-02-13 19:00:33,744 - SwarmManager - ERROR - Drone 1 crashed
2026-02-13 19:00:33,745 - SwarmManager - ERROR - Handling failure of drone 1: Crashed
2026-02-13 19:00:33,746 - Drone_2 - INFO - Drone 2: Flying to {'x': 2581.285416007731, 'y': 2413.7700498614854, 'z': 60.0}
2026-02-13 19:00:33,747 - Drone_3 - INFO - Drone 3: Flying to {'x': 2519.7183075092494, 'y': 2441.4420781777503, 'z': 60.0}
2026-02-13 19:00:34,083 - Drone_2 - INFO - Drone 2: Reached target position
2026-02-13 19:00:34,749 - SwarmManager - ERROR - Drone 1 heartbeat timeout
2026-02-13 19:00:34,750 - SwarmManager - ERROR - Handling failure of drone 1: Heartbeat timeout
2026-02-13 19:00:34,750 - SwarmManager - ERROR - Drone 1 crashed
2026-02-13 19:00:34,750 - SwarmManager - ERROR - Handling failure of drone 1: Crashed
2026-02-13 19:00:34,750 - Drone_2 - INFO - Drone 2: Flying to {'x': 2581.285416007734, 'y': 2413.7700498614868, 'z': 60.0}
2026-02-13 19:00:34,751 - Drone_3 - INFO - Drone 3: Flying to {'x': 2519.7183075092507, 'y': 2441.442078177747, 'z': 60.0}
2026-02-13 19:00:34,879 - Drone_4 - INFO - Drone 4: Reached target position
2026-02-13 19:00:35,089 - Drone_2 - INFO - Drone 2: Reached target position
2026-02-13 19:00:35,752 - SwarmManager - ERROR - Drone 1 heartbeat timeout
2026-02-13 19:00:35,754 - SwarmManager - ERROR - Handling failure of drone 1: Heartbeat timeout
2026-02-13 19:00:35,755 - SwarmManager - ERROR - Drone 1 crashed
2026-02-13 19:00:35,756 - SwarmManager - ERROR - Handling failure of drone 1: Crashed
2026-02-13 19:00:35,757 - Drone_2 - INFO - Drone 2: Flying to {'x': 2556.166561098489, 'y': 2518.271667523806, 'z': 60.0}
2026-02-13 19:00:35,757 - Drone_3 - INFO - Drone 3: Flying to {'x': 2616.4422413762222, 'y': 2487.8892323505606, 'z': 60.0}
2026-02-13 19:00:36,759 - SwarmManager - ERROR - Drone 1 heartbeat timeout
2026-02-13 19:00:36,760 - SwarmManager - ERROR - Handling failure of drone 1: Heartbeat timeout
2026-02-13 19:00:36,761 - SwarmManager - ERROR - Drone 1 crashed
2026-02-13 19:00:36,762 - SwarmManager - ERROR - Handling failure of drone 1: Crashed
2026-02-13 19:00:36,764 - Drone_2 - INFO - Drone 2: Flying to {'x': 2552.5430821621308, 'y': 2511.0918377217786, 'z': 60.0}
2026-02-13 19:00:36,764 - Drone_3 - INFO - Drone 3: Flying to {'x': 2612.8216644118306, 'y': 2480.715160451771, 'z': 60.0}
2026-02-13 19:00:37,765 - SwarmManager - ERROR - Drone 1 heartbeat timeout
2026-02-13 19:00:37,766 - SwarmManager - ERROR - Handling failure of drone 1: Heartbeat timeout
2026-02-13 19:00:37,766 - SwarmManager - ERROR - Drone 1 crashed
2026-02-13 19:00:37,767 - SwarmManager - ERROR - Handling failure of drone 1: Crashed
2026-02-13 19:00:37,767 - Drone_2 - INFO - Drone 2: Flying to {'x': 2548.908836417148, 'y': 2503.899639735578, 'z': 60.0}
2026-02-13 19:00:37,767 - Drone_3 - INFO - Drone 3: Flying to {'x': 2609.1939266072764, 'y': 2473.5358800742965, 'z': 60.0}
2026-02-13 19:00:38,768 - SwarmManager - ERROR - Drone 1 heartbeat timeout
2026-02-13 19:00:38,769 - SwarmManager - ERROR - Handling failure of drone 1: Heartbeat timeout
2026-02-13 19:00:38,769 - SwarmManager - ERROR - Drone 1 crashed
2026-02-13 19:00:38,770 - SwarmManager - ERROR - Handling failure of drone 1: Crashed
2026-02-13 19:00:38,771 - Drone_2 - INFO - Drone 2: Flying to {'x': 2545.261370111016, 'y': 2496.688074084243, 'z': 60.0}
2026-02-13 19:00:38,771 - Drone_3 - INFO - Drone 3: Flying to {'x': 2605.5565757140876, 'y': 2466.344406189882, 'z': 60.0}
2026-02-13 19:00:39,772 - SwarmManager - ERROR - Drone 1 heartbeat timeout
2026-02-13 19:00:39,773 - SwarmManager - ERROR - Handling failure of drone 1: Heartbeat timeout
2026-02-13 19:00:39,774 - SwarmManager - ERROR - Drone 1 crashed
2026-02-13 19:00:39,776 - SwarmManager - ERROR - Handling failure of drone 1: Crashed
2026-02-13 19:00:39,776 - Drone_2 - INFO - Drone 2: Flying to {'x': 2541.6195797477035, 'y': 2489.492298640497, 'z': 60.0}
2026-02-13 19:00:39,777 - Drone_3 - INFO - Drone 3: Flying to {'x': 2601.9284216162546, 'y': 2459.175742231925, 'z': 60.0}
2026-02-13 19:00:40,640 - PhysicalMLTrainer_Drone3 - INFO - Physical ML model trained drone=3 samples=3301 degree=2 alpha=0.0 val_mse=0.000462
2026-02-13 19:00:40,646 - PhysicalMLTrainer_Drone5 - INFO - Physical ML model trained drone=5 samples=3301 degree=2 alpha=0.0 val_mse=0.000000
2026-02-13 19:00:40,731 - PhysicalMLTrainer_Drone4 - INFO - Physical ML model trained drone=4 samples=3301 degree=2 alpha=1.0 val_mse=0.022334
2026-02-13 19:00:40,737 - PhysicalMLTrainer_Drone2 - INFO - Physical ML model trained drone=2 samples=3301 degree=2 alpha=0.0 val_mse=0.020410
2026-02-13 19:00:40,778 - SwarmManager - ERROR - Drone 1 heartbeat timeout
2026-02-13 19:00:40,779 - SwarmManager - ERROR - Handling failure of drone 1: Heartbeat timeout
2026-02-13 19:00:40,780 - SwarmManager - ERROR - Drone 1 crashed
2026-02-13 19:00:40,780 - SwarmManager - ERROR - Handling failure of drone 1: Crashed
2026-02-13 19:00:40,781 - Drone_2 - INFO - Drone 2: Flying to {'x': 2537.968878126981, 'y': 2482.281267755362, 'z': 60.0}
2026-02-13 19:00:40,781 - Drone_3 - INFO - Drone 3: Flying to {'x': 2598.2948844373554, 'y': 2451.998880751683, 'z': 60.0}
2026-02-13 19:00:41,642 - Drone_2 - INFO - Drone 2: Reached target position
2026-02-13 19:00:41,782 - SwarmManager - ERROR - Drone 1 heartbeat timeout
2026-02-13 19:00:41,783 - SwarmManager - ERROR - Handling failure of drone 1: Heartbeat timeout
2026-02-13 19:00:41,783 - SwarmManager - ERROR - Drone 1 crashed
2026-02-13 19:00:41,783 - SwarmManager - ERROR - Handling failure of drone 1: Crashed
2026-02-13 19:00:41,784 - Drone_2 - INFO - Drone 2: Flying to {'x': 2534.280959984324, 'y': 2474.9968469751498, 'z': 60.0}
2026-02-13 19:00:41,784 - Drone_3 - INFO - Drone 3: Flying to {'x': 2594.6277990751587, 'y': 2444.7559969251774, 'z': 60.0}
2026-02-13 19:00:42,346 - Drone_2 - INFO - Drone 2: Reached target position
2026-02-13 19:00:42,785 - SwarmManager - ERROR - Drone 1 heartbeat timeout
2026-02-13 19:00:42,787 - SwarmManager - ERROR - Handling failure of drone 1: Heartbeat timeout
2026-02-13 19:00:42,788 - SwarmManager - ERROR - Drone 1 crashed
2026-02-13 19:00:42,789 - SwarmManager - ERROR - Handling failure of drone 1: Crashed
2026-02-13 19:00:42,790 - Drone_2 - INFO - Drone 2: Flying to {'x': 2530.632809289063, 'y': 2467.7888774346306, 'z': 60.0}
2026-02-13 19:00:42,791 - Drone_3 - INFO - Drone 3: Flying to {'x': 2591.003646223175, 'y': 2437.5959635660615, 'z': 60.0}
2026-02-13 19:00:43,152 - Drone_2 - INFO - Drone 2: Reached target position
2026-02-13 19:00:43,792 - SwarmManager - ERROR - Drone 1 heartbeat timeout
2026-02-13 19:00:43,792 - SwarmManager - ERROR - Handling failure of drone 1: Heartbeat timeout
2026-02-13 19:00:43,793 - SwarmManager - ERROR - Drone 1 crashed
2026-02-13 19:00:43,793 - SwarmManager - ERROR - Handling failure of drone 1: Crashed
2026-02-13 19:00:43,793 - Drone_2 - INFO - Drone 2: Flying to {'x': 2526.980558406703, 'y': 2460.5684925978894, 'z': 60.0}
2026-02-13 19:00:43,793 - Drone_3 - INFO - Drone 3: Flying to {'x': 2587.378726854488, 'y': 2430.4302901273877, 'z': 60.0}
2026-02-13 19:00:44,059 - Drone_2 - INFO - Drone 2: Reached target position
2026-02-13 19:00:44,794 - SwarmManager - ERROR - Drone 1 heartbeat timeout
2026-02-13 19:00:44,794 - SwarmManager - ERROR - Handling failure of drone 1: Heartbeat timeout
2026-02-13 19:00:44,795 - SwarmManager - ERROR - Drone 1 crashed
2026-02-13 19:00:44,795 - SwarmManager - ERROR - Handling failure of drone 1: Crashed
2026-02-13 19:00:44,796 - Drone_2 - INFO - Drone 2: Flying to {'x': 2523.3379305094404, 'y': 2453.3606433584364, 'z': 60.0}
2026-02-13 19:00:44,796 - Drone_3 - INFO - Drone 3: Flying to {'x': 2583.766578676713, 'y': 2423.2836009394077, 'z': 60.0}
2026-02-13 19:00:44,967 - Drone_2 - INFO - Drone 2: Reached target position
2026-02-13 19:00:45,797 - SwarmManager - ERROR - Drone 1 heartbeat timeout
2026-02-13 19:00:45,798 - SwarmManager - ERROR - Handling failure of drone 1: Heartbeat timeout
2026-02-13 19:00:45,798 - SwarmManager - ERROR - Drone 1 crashed
2026-02-13 19:00:45,799 - SwarmManager - ERROR - Handling failure of drone 1: Crashed
2026-02-13 19:00:45,799 - Drone_2 - INFO - Drone 2: Flying to {'x': 2519.6936876246714, 'y': 2446.140927862582, 'z': 60.0}
2026-02-13 19:00:45,799 - Drone_3 - INFO - Drone 3: Flying to {'x': 2580.155966671278, 'y': 2416.1315491204236, 'z': 60.0}
2026-02-13 19:00:45,972 - Drone_2 - INFO - Drone 2: Reached target position
2026-02-13 19:00:46,800 - SwarmManager - ERROR - Drone 1 heartbeat timeout
2026-02-13 19:00:46,801 - SwarmManager - ERROR - Handling failure of drone 1: Heartbeat timeout
2026-02-13 19:00:46,802 - SwarmManager - ERROR - Drone 1 crashed
2026-02-13 19:00:46,802 - SwarmManager - ERROR - Handling failure of drone 1: Crashed
2026-02-13 19:00:46,802 - Drone_2 - INFO - Drone 2: Flying to {'x': 2516.0565320300125, 'y': 2438.9244401322026, 'z': 60.0}
2026-02-13 19:00:46,803 - Drone_3 - INFO - Drone 3: Flying to {'x': 2576.5554205389603, 'y': 2408.988934638193, 'z': 60.0}
2026-02-13 19:00:46,977 - Drone_2 - INFO - Drone 2: Reached target position
2026-02-13 19:00:47,803 - SwarmManager - ERROR - Drone 1 heartbeat timeout
2026-02-13 19:00:47,804 - SwarmManager - ERROR - Handling failure of drone 1: Heartbeat timeout
2026-02-13 19:00:47,804 - SwarmManager - ERROR - Drone 1 crashed
2026-02-13 19:00:47,804 - SwarmManager - ERROR - Handling failure of drone 1: Crashed
2026-02-13 19:00:47,804 - Drone_2 - INFO - Drone 2: Flying to {'x': 2512.4196173708347, 'y': 2431.6954680165663, 'z': 60.0}
2026-02-13 19:00:47,805 - Drone_3 - INFO - Drone 3: Flying to {'x': 2572.9580636795195, 'y': 2401.840041063825, 'z': 60.0}
2026-02-13 19:00:47,983 - Drone_2 - INFO - Drone 2: Reached target position
2026-02-13 19:00:48,808 - SwarmManager - ERROR - Drone 1 heartbeat timeout
2026-02-13 19:00:48,808 - SwarmManager - ERROR - Handling failure of drone 1: Heartbeat timeout
2026-02-13 19:00:48,809 - SwarmManager - ERROR - Drone 1 crashed
2026-02-13 19:00:48,810 - SwarmManager - ERROR - Handling failure of drone 1: Crashed
2026-02-13 19:00:48,810 - Drone_2 - INFO - Drone 2: Flying to {'x': 2508.7849603974564, 'y': 2424.45588426508, 'z': 60.0}
2026-02-13 19:00:48,811 - Drone_3 - INFO - Drone 3: Flying to {'x': 2569.3657933257173, 'y': 2394.686559756147, 'z': 60.0}
2026-02-13 19:00:48,990 - Drone_2 - INFO - Drone 2: Reached target position
2026-02-13 19:00:49,811 - SwarmManager - ERROR - Drone 1 heartbeat timeout
2026-02-13 19:00:49,812 - SwarmManager - ERROR - Handling failure of drone 1: Heartbeat timeout
2026-02-13 19:00:49,812 - SwarmManager - ERROR - Drone 1 crashed
2026-02-13 19:00:49,812 - SwarmManager - ERROR - Handling failure of drone 1: Crashed
2026-02-13 19:00:49,813 - Drone_2 - INFO - Drone 2: Flying to {'x': 2505.160900573043, 'y': 2417.2202505378064, 'z': 60.0}
2026-02-13 19:00:49,813 - Drone_3 - INFO - Drone 3: Flying to {'x': 2565.7867379833347, 'y': 2387.5426859763256, 'z': 60.0}
2026-02-13 19:00:49,996 - Drone_2 - INFO - Drone 2: Reached target position
2026-02-13 19:00:50,813 - SwarmManager - ERROR - Drone 1 heartbeat timeout
2026-02-13 19:00:50,813 - SwarmManager - ERROR - Handling failure of drone 1: Heartbeat timeout
2026-02-13 19:00:50,814 - SwarmManager - ERROR - Drone 1 crashed
2026-02-13 19:00:50,814 - SwarmManager - ERROR - Handling failure of drone 1: Crashed
2026-02-13 19:00:50,814 - Drone_2 - INFO - Drone 2: Flying to {'x': 2501.5412336189383, 'y': 2409.9741665734405, 'z': 60.0}
2026-02-13 19:00:50,814 - Drone_3 - INFO - Drone 3: Flying to {'x': 2562.214650870752, 'y': 2380.3939968817826, 'z': 60.0}
2026-02-13 19:00:51,002 - Drone_2 - INFO - Drone 2: Reached target position
2026-02-13 19:00:51,814 - SwarmManager - ERROR - Drone 1 heartbeat timeout
2026-02-13 19:00:51,815 - SwarmManager - ERROR - Handling failure of drone 1: Heartbeat timeout
2026-02-13 19:00:51,816 - SwarmManager - ERROR - Drone 1 crashed
2026-02-13 19:00:51,816 - SwarmManager - ERROR - Handling failure of drone 1: Crashed
2026-02-13 19:00:51,817 - Drone_2 - INFO - Drone 2: Flying to {'x': 2497.931576293168, 'y': 2402.726895398786, 'z': 60.0}
2026-02-13 19:00:51,817 - Drone_3 - INFO - Drone 3: Flying to {'x': 2558.6549530576062, 'y': 2373.2494207049776, 'z': 60.0}
2026-02-13 19:00:52,007 - Drone_2 - INFO - Drone 2: Reached target position
2026-02-13 19:00:52,817 - SwarmManager - ERROR - Drone 1 heartbeat timeout
2026-02-13 19:00:52,818 - SwarmManager - ERROR - Handling failure of drone 1: Heartbeat timeout
2026-02-13 19:00:52,818 - SwarmManager - ERROR - Drone 1 crashed
2026-02-13 19:00:52,818 - SwarmManager - ERROR - Handling failure of drone 1: Crashed
2026-02-13 19:00:52,818 - Drone_2 - INFO - Drone 2: Flying to {'x': 2494.329806950302, 'y': 2395.4722546884896, 'z': 60.0}
2026-02-13 19:00:52,818 - Drone_3 - INFO - Drone 3: Flying to {'x': 2555.1054239219707, 'y': 2366.1026380462345, 'z': 60.0}
2026-02-13 19:00:53,012 - Drone_2 - INFO - Drone 2: Reached target position
2026-02-13 19:00:53,819 - SwarmManager - ERROR - Drone 1 heartbeat timeout
2026-02-13 19:00:53,820 - SwarmManager - ERROR - Handling failure of drone 1: Heartbeat timeout
2026-02-13 19:00:53,820 - SwarmManager - ERROR - Drone 1 crashed
2026-02-13 19:00:53,820 - SwarmManager - ERROR - Handling failure of drone 1: Crashed
2026-02-13 19:00:53,821 - Drone_2 - INFO - Drone 2: Flying to {'x': 2490.7320172324885, 'y': 2388.200419878899, 'z': 60.0}
2026-02-13 19:00:53,821 - Drone_3 - INFO - Drone 3: Flying to {'x': 2551.562086687562, 'y': 2358.9437514067204, 'z': 60.0}
2026-02-13 19:00:54,017 - Drone_2 - INFO - Drone 2: Reached target position
2026-02-13 19:00:54,822 - SwarmManager - ERROR - Drone 1 heartbeat timeout
2026-02-13 19:00:54,824 - SwarmManager - ERROR - Handling failure of drone 1: Heartbeat timeout
2026-02-13 19:00:54,825 - SwarmManager - ERROR - Drone 1 crashed
2026-02-13 19:00:54,826 - SwarmManager - ERROR - Handling failure of drone 1: Crashed
2026-02-13 19:00:54,827 - Drone_2 - INFO - Drone 2: Flying to {'x': 2487.147954536469, 'y': 2380.9292401135203, 'z': 60.0}
2026-02-13 19:00:54,827 - Drone_3 - INFO - Drone 3: Flying to {'x': 2548.034408088907, 'y': 2351.7900950710377, 'z': 60.0}
2026-02-13 19:00:55,024 - Drone_2 - INFO - Drone 2: Reached target position
2026-02-13 19:00:55,828 - SwarmManager - ERROR - Drone 1 heartbeat timeout
2026-02-13 19:00:55,828 - SwarmManager - ERROR - Handling failure of drone 1: Heartbeat timeout
2026-02-13 19:00:55,828 - SwarmManager - ERROR - Drone 1 crashed
2026-02-13 19:00:55,828 - SwarmManager - ERROR - Handling failure of drone 1: Crashed
2026-02-13 19:00:55,829 - Drone_2 - INFO - Drone 2: Flying to {'x': 2483.5689449521533, 'y': 2373.639301543583, 'z': 60.0}
2026-02-13 19:00:55,829 - Drone_3 - INFO - Drone 3: Flying to {'x': 2544.5137142218064, 'y': 2344.6223220545194, 'z': 60.0}
2026-02-13 19:00:56,029 - Drone_2 - INFO - Drone 2: Reached target position
2026-02-13 19:00:56,830 - SwarmManager - ERROR - Drone 1 heartbeat timeout
2026-02-13 19:00:56,831 - SwarmManager - ERROR - Handling failure of drone 1: Heartbeat timeout
2026-02-13 19:00:56,831 - SwarmManager - ERROR - Drone 1 crashed
2026-02-13 19:00:56,832 - SwarmManager - ERROR - Handling failure of drone 1: Crashed
2026-02-13 19:00:56,832 - Drone_2 - INFO - Drone 2: Flying to {'x': 2480.005144096811, 'y': 2366.3495422951264, 'z': 60.0}
2026-02-13 19:00:56,833 - Drone_3 - INFO - Drone 3: Flying to {'x': 2541.0098557876154, 'y': 2337.4587972108993, 'z': 60.0}
2026-02-13 19:00:56,935 - Drone_2 - INFO - Drone 2: Reached target position
2026-02-13 19:00:57,833 - SwarmManager - ERROR - Drone 1 heartbeat timeout
2026-02-13 19:00:57,834 - SwarmManager - ERROR - Handling failure of drone 1: Heartbeat timeout
2026-02-13 19:00:57,835 - SwarmManager - ERROR - Drone 1 crashed
2026-02-13 19:00:57,835 - SwarmManager - ERROR - Handling failure of drone 1: Crashed
2026-02-13 19:00:57,835 - Drone_2 - INFO - Drone 2: Flying to {'x': 2476.440848833795, 'y': 2359.0260391398747, 'z': 60.0}
2026-02-13 19:00:57,836 - Drone_3 - INFO - Drone 3: Flying to {'x': 2537.5072563978383, 'y': 2330.265930182812, 'z': 60.0}
2026-02-13 19:00:57,941 - Drone_2 - INFO - Drone 2: Reached target position
2026-02-13 19:00:58,836 - SwarmManager - ERROR - Drone 1 heartbeat timeout
2026-02-13 19:00:58,837 - SwarmManager - ERROR - Handling failure of drone 1: Heartbeat timeout
2026-02-13 19:00:58,837 - SwarmManager - ERROR - Drone 1 crashed
2026-02-13 19:00:58,838 - SwarmManager - ERROR - Handling failure of drone 1: Crashed
2026-02-13 19:00:58,838 - Drone_2 - INFO - Drone 2: Flying to {'x': 2473.2494578695, 'y': 2352.4393528971937, 'z': 60.0}
2026-02-13 19:00:58,838 - Drone_3 - INFO - Drone 3: Flying to {'x': 2534.3724814373704, 'y': 2323.7997650872826, 'z': 60.0}
2026-02-13 19:00:58,847 - Drone_2 - INFO - Drone 2: Reached target position
2026-02-13 19:00:59,839 - SwarmManager - ERROR - Drone 1 heartbeat timeout
2026-02-13 19:00:59,839 - SwarmManager - ERROR - Handling failure of drone 1: Heartbeat timeout
2026-02-13 19:00:59,840 - SwarmManager - ERROR - Drone 1 crashed
2026-02-13 19:00:59,840 - SwarmManager - ERROR - Handling failure of drone 1: Crashed
2026-02-13 19:00:59,841 - Drone_2 - INFO - Drone 2: Flying to {'x': 2469.7119011920036, 'y': 2345.1039981611175, 'z': 60.0}
2026-02-13 19:00:59,841 - Drone_3 - INFO - Drone 3: Flying to {'x': 2530.8990796884314, 'y': 2316.6017318012946, 'z': 60.0}
2026-02-13 19:00:59,854 - Drone_2 - INFO - Drone 2: Reached target position
2026-02-13 19:01:00,776 - PhysicalMLTrainer_Drone3 - INFO - Physical ML model trained drone=3 samples=3501 degree=2 alpha=0.0 val_mse=0.005193
2026-02-13 19:01:00,776 - PhysicalMLTrainer_Drone5 - INFO - Physical ML model trained drone=5 samples=3501 degree=2 alpha=0.0 val_mse=0.000000
2026-02-13 19:01:00,842 - SwarmManager - ERROR - Drone 1 heartbeat timeout
2026-02-13 19:01:00,842 - SwarmManager - ERROR - Handling failure of drone 1: Heartbeat timeout
2026-02-13 19:01:00,843 - SwarmManager - ERROR - Drone 1 crashed
2026-02-13 19:01:00,843 - SwarmManager - ERROR - Handling failure of drone 1: Crashed
2026-02-13 19:01:00,843 - Drone_2 - INFO - Drone 2: Flying to {'x': 2466.166192657964, 'y': 2337.713767497001, 'z': 60.0}
2026-02-13 19:01:00,844 - Drone_3 - INFO - Drone 3: Flying to {'x': 2527.4190186987676, 'y': 2309.3528559810593, 'z': 60.0}
2026-02-13 19:01:00,867 - Drone_2 - INFO - Drone 2: Reached target position
2026-02-13 19:01:00,879 - PhysicalMLTrainer_Drone4 - INFO - Physical ML model trained drone=4 samples=3501 degree=2 alpha=1.0 val_mse=0.092809
2026-02-13 19:01:00,881 - PhysicalMLTrainer_Drone2 - INFO - Physical ML model trained drone=2 samples=3501 degree=2 alpha=0.0 val_mse=0.024582
2026-02-13 19:01:01,844 - SwarmManager - ERROR - Drone 1 heartbeat timeout
2026-02-13 19:01:01,845 - SwarmManager - ERROR - Handling failure of drone 1: Heartbeat timeout
2026-02-13 19:01:01,845 - SwarmManager - ERROR - Drone 1 crashed
2026-02-13 19:01:01,845 - SwarmManager - ERROR - Handling failure of drone 1: Crashed
2026-02-13 19:01:01,846 - Drone_2 - INFO - Drone 2: Flying to {'x': 2462.6097825714546, 'y': 2330.2611190247935, 'z': 60.0}
2026-02-13 19:01:01,846 - Drone_3 - INFO - Drone 3: Flying to {'x': 2523.929667441094, 'y': 2302.0454900299583, 'z': 60.0}
2026-02-13 19:01:01,886 - Drone_2 - INFO - Drone 2: Reached target position
2026-02-13 19:01:02,847 - SwarmManager - ERROR - Drone 1 heartbeat timeout
2026-02-13 19:01:02,848 - SwarmManager - ERROR - Handling failure of drone 1: Heartbeat timeout
2026-02-13 19:01:02,849 - SwarmManager - ERROR - Drone 1 crashed
2026-02-13 19:01:02,850 - SwarmManager - ERROR - Handling failure of drone 1: Crashed
2026-02-13 19:01:02,851 - Drone_2 - INFO - Drone 2: Flying to {'x': 2459.1173943286312, 'y': 2322.901747658479, 'z': 60.0}
2026-02-13 19:01:02,852 - Drone_3 - INFO - Drone 3: Flying to {'x': 2520.504173973123, 'y': 2294.831954554885, 'z': 60.0}
2026-02-13 19:01:02,893 - Drone_2 - INFO - Drone 2: Reached target position
2026-02-13 19:01:03,853 - SwarmManager - ERROR - Drone 1 heartbeat timeout
2026-02-13 19:01:03,854 - SwarmManager - ERROR - Handling failure of drone 1: Heartbeat timeout
2026-02-13 19:01:03,855 - SwarmManager - ERROR - Drone 1 crashed
2026-02-13 19:01:03,857 - SwarmManager - ERROR - Handling failure of drone 1: Crashed
2026-02-13 19:01:03,858 - Drone_2 - INFO - Drone 2: Flying to {'x': 2455.6482742955754, 'y': 2315.5494892884076, 'z': 60.0}
2026-02-13 19:01:03,859 - Drone_3 - INFO - Drone 3: Flying to {'x': 2517.1023874646994, 'y': 2287.6274196194795, 'z': 60.0}
2026-02-13 19:01:03,899 - Drone_2 - INFO - Drone 2: Reached target position
2026-02-13 19:01:04,860 - SwarmManager - ERROR - Drone 1 heartbeat timeout
2026-02-13 19:01:04,861 - SwarmManager - ERROR - Handling failure of drone 1: Heartbeat timeout
2026-02-13 19:01:04,861 - SwarmManager - ERROR - Drone 1 crashed
2026-02-13 19:01:04,861 - SwarmManager - ERROR - Handling failure of drone 1: Crashed
2026-02-13 19:01:04,862 - Drone_2 - INFO - Drone 2: Flying to {'x': 2452.1890292394005, 'y': 2308.1748210957735, 'z': 60.0}
2026-02-13 19:01:04,862 - Drone_3 - INFO - Drone 3: Flying to {'x': 2513.7110216800597, 'y': 2280.402632738867, 'z': 60.0}
2026-02-13 19:01:04,905 - Drone_2 - INFO - Drone 2: Reached target position
2026-02-13 19:01:05,863 - SwarmManager - ERROR - Drone 1 heartbeat timeout
2026-02-13 19:01:05,863 - SwarmManager - ERROR - Handling failure of drone 1: Heartbeat timeout
2026-02-13 19:01:05,864 - SwarmManager - ERROR - Drone 1 crashed
2026-02-13 19:01:05,865 - SwarmManager - ERROR - Handling failure of drone 1: Crashed
2026-02-13 19:01:05,866 - Drone_2 - INFO - Drone 2: Flying to {'x': 2448.74968500918, 'y': 2300.7980043277867, 'z': 60.0}
2026-02-13 19:01:05,866 - Drone_3 - INFO - Drone 3: Flying to {'x': 2510.3397543782658, 'y': 2273.1771181162394, 'z': 60.0}
2026-02-13 19:01:05,912 - Drone_2 - INFO - Drone 2: Reached target position
2026-02-13 19:01:06,867 - SwarmManager - ERROR - Drone 1 heartbeat timeout
2026-02-13 19:01:06,867 - SwarmManager - ERROR - Handling failure of drone 1: Heartbeat timeout
2026-02-13 19:01:06,867 - SwarmManager - ERROR - Drone 1 crashed
2026-02-13 19:01:06,868 - SwarmManager - ERROR - Handling failure of drone 1: Crashed
2026-02-13 19:01:06,868 - Drone_2 - INFO - Drone 2: Flying to {'x': 2445.3312390469328, 'y': 2293.4203493217956, 'z': 60.0}
2026-02-13 19:01:06,868 - Drone_3 - INFO - Drone 3: Flying to {'x': 2506.9894098310833, 'y': 2265.9518223217456, 'z': 60.0}
2026-02-13 19:01:06,916 - Drone_2 - INFO - Drone 2: Reached target position
2026-02-13 19:01:07,616 - Drone_3 - INFO - Drone 3: Reached target position
2026-02-13 19:01:07,869 - SwarmManager - ERROR - Drone 1 heartbeat timeout
2026-02-13 19:01:07,870 - SwarmManager - ERROR - Handling failure of drone 1: Heartbeat timeout
2026-02-13 19:01:07,871 - SwarmManager - ERROR - Drone 1 crashed
2026-02-13 19:01:07,872 - SwarmManager - ERROR - Handling failure of drone 1: Crashed
2026-02-13 19:01:07,873 - Drone_2 - INFO - Drone 2: Flying to {'x': 2441.930424934501, 'y': 2286.03401339605, 'z': 60.0}
2026-02-13 19:01:07,874 - Drone_3 - INFO - Drone 3: Flying to {'x': 2503.6566351666675, 'y': 2258.718725179111, 'z': 60.0}
2026-02-13 19:01:07,922 - Drone_2 - INFO - Drone 2: Reached target position
2026-02-13 19:01:08,320 - Drone_3 - INFO - Drone 3: Reached target position
2026-02-13 19:01:08,875 - SwarmManager - ERROR - Drone 1 heartbeat timeout
2026-02-13 19:01:08,876 - SwarmManager - ERROR - Handling failure of drone 1: Heartbeat timeout
2026-02-13 19:01:08,877 - SwarmManager - ERROR - Drone 1 crashed
2026-02-13 19:01:08,878 - SwarmManager - ERROR - Handling failure of drone 1: Crashed
2026-02-13 19:01:08,880 - Drone_2 - INFO - Drone 2: Flying to {'x': 2438.548871276477, 'y': 2278.6417960985473, 'z': 60.0}
2026-02-13 19:01:08,880 - Drone_3 - INFO - Drone 3: Flying to {'x': 2500.3428765042167, 'y': 2251.480225490166, 'z': 60.0}
2026-02-13 19:01:08,927 - Drone_2 - INFO - Drone 2: Reached target position
2026-02-13 19:01:09,226 - Drone_3 - INFO - Drone 3: Reached target position
2026-02-13 19:01:09,881 - SwarmManager - ERROR - Drone 1 heartbeat timeout
2026-02-13 19:01:09,882 - SwarmManager - ERROR - Handling failure of drone 1: Heartbeat timeout
2026-02-13 19:01:09,884 - SwarmManager - ERROR - Drone 1 crashed
2026-02-13 19:01:09,885 - SwarmManager - ERROR - Handling failure of drone 1: Crashed
2026-02-13 19:01:09,886 - Drone_2 - INFO - Drone 2: Flying to {'x': 2435.1888049405034, 'y': 2271.2479995095, 'z': 60.0}
2026-02-13 19:01:09,886 - Drone_3 - INFO - Drone 3: Flying to {'x': 2497.050167539941, 'y': 2244.2401892069056, 'z': 60.0}
2026-02-13 19:01:09,933 - Drone_2 - INFO - Drone 2: Reached target position
2026-02-13 19:01:10,234 - Drone_3 - INFO - Drone 3: Reached target position
2026-02-13 19:01:10,886 - SwarmManager - ERROR - Drone 1 heartbeat timeout
2026-02-13 19:01:10,888 - SwarmManager - ERROR - Handling failure of drone 1: Heartbeat timeout
2026-02-13 19:01:10,888 - SwarmManager - ERROR - Drone 1 crashed
2026-02-13 19:01:10,889 - SwarmManager - ERROR - Handling failure of drone 1: Crashed
2026-02-13 19:01:10,891 - Drone_2 - INFO - Drone 2: Flying to {'x': 2431.841418843556, 'y': 2263.832617345159, 'z': 60.0}
2026-02-13 19:01:10,891 - Drone_3 - INFO - Drone 3: Flying to {'x': 2493.7697306117793, 'y': 2236.978675334018, 'z': 60.0}
2026-02-13 19:01:10,941 - Drone_2 - INFO - Drone 2: Reached target position
2026-02-13 19:01:11,242 - Drone_3 - INFO - Drone 3: Reached target position
2026-02-13 19:01:11,892 - SwarmManager - ERROR - Drone 1 heartbeat timeout
2026-02-13 19:01:11,893 - SwarmManager - ERROR - Handling failure of drone 1: Heartbeat timeout
2026-02-13 19:01:11,893 - SwarmManager - ERROR - Drone 1 crashed
2026-02-13 19:01:11,893 - SwarmManager - ERROR - Handling failure of drone 1: Crashed
2026-02-13 19:01:11,894 - Drone_2 - INFO - Drone 2: Flying to {'x': 2428.5164654203763, 'y': 2256.416756729515, 'z': 60.0}
2026-02-13 19:01:11,894 - Drone_3 - INFO - Drone 3: Flying to {'x': 2490.5109775208575, 'y': 2229.7159988859016, 'z': 60.0}
2026-02-13 19:01:11,946 - Drone_2 - INFO - Drone 2: Reached target position
2026-02-13 19:01:12,246 - Drone_3 - INFO - Drone 3: Reached target position
2026-02-13 19:01:12,896 - SwarmManager - ERROR - Drone 1 heartbeat timeout
2026-02-13 19:01:12,896 - SwarmManager - ERROR - Handling failure of drone 1: Heartbeat timeout
2026-02-13 19:01:12,897 - SwarmManager - ERROR - Drone 1 crashed
2026-02-13 19:01:12,898 - SwarmManager - ERROR - Handling failure of drone 1: Crashed
2026-02-13 19:01:12,898 - Drone_2 - INFO - Drone 2: Flying to {'x': 2425.2042142423443, 'y': 2248.978299344259, 'z': 60.0}
2026-02-13 19:01:12,898 - Drone_3 - INFO - Drone 3: Flying to {'x': 2487.2642272340236, 'y': 2222.430139568625, 'z': 60.0}
2026-02-13 19:01:12,954 - Drone_2 - INFO - Drone 2: Reached target position
2026-02-13 19:01:13,253 - Drone_3 - INFO - Drone 3: Reached target position
2026-02-13 19:01:13,899 - SwarmManager - ERROR - Drone 1 heartbeat timeout
2026-02-13 19:01:13,900 - SwarmManager - ERROR - Handling failure of drone 1: Heartbeat timeout
2026-02-13 19:01:13,900 - SwarmManager - ERROR - Drone 1 crashed
2026-02-13 19:01:13,901 - SwarmManager - ERROR - Handling failure of drone 1: Crashed
2026-02-13 19:01:13,901 - Drone_2 - INFO - Drone 2: Flying to {'x': 2421.9067172867562, 'y': 2241.5213690445985, 'z': 60.0}
2026-02-13 19:01:13,902 - Drone_3 - INFO - Drone 3: Flying to {'x': 2484.031346455241, 'y': 2215.124769818974, 'z': 60.0}
2026-02-13 19:01:14,061 - Drone_2 - INFO - Drone 2: Reached target position
2026-02-13 19:01:14,260 - Drone_3 - INFO - Drone 3: Reached target position
2026-02-13 19:01:14,903 - SwarmManager - ERROR - Drone 1 heartbeat timeout
2026-02-13 19:01:14,904 - SwarmManager - ERROR - Handling failure of drone 1: Heartbeat timeout
2026-02-13 19:01:14,905 - SwarmManager - ERROR - Drone 1 crashed
2026-02-13 19:01:14,905 - SwarmManager - ERROR - Handling failure of drone 1: Crashed
2026-02-13 19:01:14,906 - Drone_2 - INFO - Drone 2: Flying to {'x': 2418.637380940201, 'y': 2234.0762769506937, 'z': 60.0}
2026-02-13 19:01:14,906 - Drone_3 - INFO - Drone 3: Flying to {'x': 2480.825340193429, 'y': 2207.8292252320944, 'z': 60.0}
2026-02-13 19:01:15,067 - Drone_2 - INFO - Drone 2: Reached target position
2026-02-13 19:01:15,266 - Drone_3 - INFO - Drone 3: Reached target position
2026-02-13 19:01:15,907 - SwarmManager - ERROR - Drone 1 heartbeat timeout
2026-02-13 19:01:15,908 - SwarmManager - ERROR - Handling failure of drone 1: Heartbeat timeout
2026-02-13 19:01:15,910 - SwarmManager - ERROR - Drone 1 crashed
2026-02-13 19:01:15,911 - SwarmManager - ERROR - Handling failure of drone 1: Crashed
2026-02-13 19:01:15,912 - Drone_2 - INFO - Drone 2: Flying to {'x': 2415.3894157064865, 'y': 2226.627814020547, 'z': 60.0}
2026-02-13 19:01:15,913 - Drone_3 - INFO - Drone 3: Flying to {'x': 2477.6394171498246, 'y': 2200.528248501091, 'z': 60.0}
2026-02-13 19:01:16,074 - Drone_2 - INFO - Drone 2: Reached target position
2026-02-13 19:01:16,272 - Drone_3 - INFO - Drone 3: Reached target position
2026-02-13 19:01:16,914 - SwarmManager - ERROR - Drone 1 heartbeat timeout
2026-02-13 19:01:16,915 - SwarmManager - ERROR - Handling failure of drone 1: Heartbeat timeout
2026-02-13 19:01:16,915 - SwarmManager - ERROR - Drone 1 crashed
2026-02-13 19:01:16,915 - SwarmManager - ERROR - Handling failure of drone 1: Crashed
2026-02-13 19:01:16,916 - Drone_2 - INFO - Drone 2: Flying to {'x': 2412.160028887605, 'y': 2219.169721326624, 'z': 60.0}
2026-02-13 19:01:16,916 - Drone_3 - INFO - Drone 3: Flying to {'x': 2474.4707041388137, 'y': 2193.2153430882913, 'z': 60.0}
2026-02-13 19:01:17,079 - Drone_2 - INFO - Drone 2: Reached target position
2026-02-13 19:01:17,277 - Drone_3 - INFO - Drone 3: Reached target position
2026-02-13 19:01:17,917 - SwarmManager - ERROR - Drone 1 heartbeat timeout
2026-02-13 19:01:17,918 - SwarmManager - ERROR - Handling failure of drone 1: Heartbeat timeout
2026-02-13 19:01:17,919 - SwarmManager - ERROR - Drone 1 crashed
2026-02-13 19:01:17,920 - SwarmManager - ERROR - Handling failure of drone 1: Crashed
2026-02-13 19:01:17,921 - Drone_2 - INFO - Drone 2: Flying to {'x': 2408.9537792574693, 'y': 2211.712843294384, 'z': 60.0}
2026-02-13 19:01:17,921 - Drone_3 - INFO - Drone 3: Flying to {'x': 2471.3235443265994, 'y': 2185.9007839960345, 'z': 60.0}
2026-02-13 19:01:18,085 - Drone_2 - INFO - Drone 2: Reached target position
2026-02-13 19:01:18,285 - Drone_3 - INFO - Drone 3: Reached target position
2026-02-13 19:01:18,922 - SwarmManager - ERROR - Drone 1 heartbeat timeout
2026-02-13 19:01:18,924 - SwarmManager - ERROR - Handling failure of drone 1: Heartbeat timeout
2026-02-13 19:01:18,925 - SwarmManager - ERROR - Drone 1 crashed
2026-02-13 19:01:18,926 - SwarmManager - ERROR - Handling failure of drone 1: Crashed
2026-02-13 19:01:18,927 - Drone_2 - INFO - Drone 2: Flying to {'x': 2405.7603958654427, 'y': 2204.233582935, 'z': 60.0}
2026-02-13 19:01:18,927 - Drone_3 - INFO - Drone 3: Flying to {'x': 2468.187725721399, 'y': 2178.5610589637267, 'z': 60.0}
2026-02-13 19:01:19,091 - Drone_2 - INFO - Drone 2: Reached target position
2026-02-13 19:01:19,292 - Drone_3 - INFO - Drone 3: Reached target position
2026-02-13 19:01:19,928 - SwarmManager - ERROR - Drone 1 heartbeat timeout
2026-02-13 19:01:19,931 - SwarmManager - ERROR - Handling failure of drone 1: Heartbeat timeout
2026-02-13 19:01:19,932 - SwarmManager - ERROR - Drone 1 crashed
2026-02-13 19:01:19,932 - SwarmManager - ERROR - Handling failure of drone 1: Crashed
2026-02-13 19:01:19,933 - Drone_2 - INFO - Drone 2: Flying to {'x': 2402.5867519036874, 'y': 2196.7483871728346, 'z': 60.0}
2026-02-13 19:01:19,933 - Drone_3 - INFO - Drone 3: Flying to {'x': 2465.069867898641, 'y': 2171.211938407174, 'z': 60.0}
2026-02-13 19:01:20,098 - Drone_2 - INFO - Drone 2: Reached target position
2026-02-13 19:01:20,298 - Drone_3 - INFO - Drone 3: Reached target position
2026-02-13 19:01:20,919 - PhysicalMLTrainer_Drone3 - INFO - Physical ML model trained drone=3 samples=3701 degree=2 alpha=1.0 val_mse=0.136670
2026-02-13 19:01:20,920 - PhysicalMLTrainer_Drone5 - INFO - Physical ML model trained drone=5 samples=3701 degree=2 alpha=0.0 val_mse=0.000000
2026-02-13 19:01:20,934 - SwarmManager - ERROR - Drone 1 heartbeat timeout
2026-02-13 19:01:20,934 - SwarmManager - ERROR - Handling failure of drone 1: Heartbeat timeout
2026-02-13 19:01:20,934 - SwarmManager - ERROR - Drone 1 crashed
2026-02-13 19:01:20,935 - SwarmManager - ERROR - Handling failure of drone 1: Crashed
2026-02-13 19:01:20,935 - Drone_2 - INFO - Drone 2: Flying to {'x': 2399.4301731231544, 'y': 2189.2515275884284, 'z': 60.0}
2026-02-13 19:01:20,935 - Drone_3 - INFO - Drone 3: Flying to {'x': 2461.967219338544, 'y': 2163.8474363696055, 'z': 60.0}
2026-02-13 19:01:21,034 - PhysicalMLTrainer_Drone2 - INFO - Physical ML model trained drone=2 samples=3701 degree=2 alpha=0.0 val_mse=0.025006
2026-02-13 19:01:21,035 - PhysicalMLTrainer_Drone4 - INFO - Physical ML model trained drone=4 samples=3701 degree=2 alpha=1.0 val_mse=0.156084
2026-02-13 19:01:21,135 - Drone_2 - INFO - Drone 2: Reached target position
2026-02-13 19:01:21,322 - Drone_3 - INFO - Drone 3: Reached target position
2026-02-13 19:01:21,936 - SwarmManager - ERROR - Drone 1 heartbeat timeout
2026-02-13 19:01:21,937 - SwarmManager - ERROR - Handling failure of drone 1: Heartbeat timeout
2026-02-13 19:01:21,938 - SwarmManager - ERROR - Drone 1 crashed
2026-02-13 19:01:21,939 - SwarmManager - ERROR - Handling failure of drone 1: Crashed
2026-02-13 19:01:21,940 - Drone_2 - INFO - Drone 2: Flying to {'x': 2396.5086382190716, 'y': 2182.2665185848646, 'z': 60.0}
2026-02-13 19:01:21,941 - Drone_3 - INFO - Drone 3: Flying to {'x': 2459.0940863037545, 'y': 2156.981904922807, 'z': 60.0}
2026-02-13 19:01:22,041 - Drone_2 - INFO - Drone 2: Reached target position
2026-02-13 19:01:22,330 - Drone_3 - INFO - Drone 3: Reached target position
2026-02-13 19:01:22,942 - SwarmManager - ERROR - Drone 1 heartbeat timeout
2026-02-13 19:01:22,944 - SwarmManager - ERROR - Handling failure of drone 1: Heartbeat timeout
2026-02-13 19:01:22,945 - SwarmManager - ERROR - Drone 1 crashed
2026-02-13 19:01:22,946 - SwarmManager - ERROR - Handling failure of drone 1: Crashed
2026-02-13 19:01:22,946 - Drone_2 - INFO - Drone 2: Flying to {'x': 2393.393094147847, 'y': 2174.7686612867174, 'z': 60.0}
2026-02-13 19:01:22,946 - Drone_3 - INFO - Drone 3: Flying to {'x': 2456.0284171057015, 'y': 2149.6078521191794, 'z': 60.0}
2026-02-13 19:01:23,049 - Drone_2 - INFO - Drone 2: Reached target position
2026-02-13 19:01:23,336 - Drone_3 - INFO - Drone 3: Reached target position
2026-02-13 19:01:23,947 - SwarmManager - ERROR - Drone 1 heartbeat timeout
2026-02-13 19:01:23,949 - SwarmManager - ERROR - Handling failure of drone 1: Heartbeat timeout
2026-02-13 19:01:23,950 - SwarmManager - ERROR - Drone 1 crashed
2026-02-13 19:01:23,951 - SwarmManager - ERROR - Handling failure of drone 1: Crashed
2026-02-13 19:01:23,952 - Drone_2 - INFO - Drone 2: Flying to {'x': 2390.296740213808, 'y': 2167.2668882411276, 'z': 60.0}
2026-02-13 19:01:23,952 - Drone_3 - INFO - Drone 3: Flying to {'x': 2452.9797087738557, 'y': 2142.2250142597327, 'z': 60.0}
2026-02-13 19:01:24,056 - Drone_2 - INFO - Drone 2: Reached target position
2026-02-13 19:01:24,345 - Drone_3 - INFO - Drone 3: Reached target position
2026-02-13 19:01:24,954 - SwarmManager - ERROR - Drone 1 heartbeat timeout
2026-02-13 19:01:24,956 - SwarmManager - ERROR - Handling failure of drone 1: Heartbeat timeout
2026-02-13 19:01:24,961 - SwarmManager - ERROR - Drone 1 crashed
2026-02-13 19:01:24,962 - SwarmManager - ERROR - Handling failure of drone 1: Crashed
2026-02-13 19:01:24,962 - Drone_2 - INFO - Drone 2: Flying to {'x': 2387.2219323934496, 'y': 2159.7681431629762, 'z': 60.0}
2026-02-13 19:01:24,962 - Drone_3 - INFO - Drone 3: Flying to {'x': 2449.95017567549, 'y': 2134.839896238068, 'z': 60.0}
2026-02-13 19:01:25,163 - Drone_2 - INFO - Drone 2: Reached target position
2026-02-13 19:01:25,351 - Drone_3 - INFO - Drone 3: Reached target position
2026-02-13 19:01:25,963 - SwarmManager - ERROR - Drone 1 heartbeat timeout
2026-02-13 19:01:25,964 - SwarmManager - ERROR - Handling failure of drone 1: Heartbeat timeout
2026-02-13 19:01:25,964 - SwarmManager - ERROR - Drone 1 crashed
2026-02-13 19:01:25,965 - SwarmManager - ERROR - Handling failure of drone 1: Crashed
2026-02-13 19:01:25,966 - Drone_2 - INFO - Drone 2: Flying to {'x': 2384.1642567144445, 'y': 2152.262990505905, 'z': 60.0}
2026-02-13 19:01:25,967 - Drone_3 - INFO - Drone 3: Flying to {'x': 2446.9353660328816, 'y': 2127.442881019183, 'z': 60.0}
2026-02-13 19:01:26,173 - Drone_2 - INFO - Drone 2: Reached target position
2026-02-13 19:01:26,357 - Drone_3 - INFO - Drone 3: Reached target position
2026-02-13 19:01:26,968 - SwarmManager - ERROR - Drone 1 heartbeat timeout
2026-02-13 19:01:26,969 - SwarmManager - ERROR - Handling failure of drone 1: Heartbeat timeout
2026-02-13 19:01:26,970 - SwarmManager - ERROR - Drone 1 crashed
2026-02-13 19:01:26,970 - SwarmManager - ERROR - Handling failure of drone 1: Crashed
2026-02-13 19:01:26,971 - Drone_2 - INFO - Drone 2: Flying to {'x': 2381.1183510200967, 'y': 2144.7395181990073, 'z': 60.0}
2026-02-13 19:01:26,971 - Drone_3 - INFO - Drone 3: Flying to {'x': 2443.929883966321, 'y': 2120.021886254475, 'z': 60.0}
2026-02-13 19:01:27,180 - Drone_2 - INFO - Drone 2: Reached target position
2026-02-13 19:01:27,363 - Drone_3 - INFO - Drone 3: Reached target position
2026-02-13 19:01:27,972 - SwarmManager - ERROR - Drone 1 heartbeat timeout
2026-02-13 19:01:27,974 - SwarmManager - ERROR - Handling failure of drone 1: Heartbeat timeout
2026-02-13 19:01:27,976 - SwarmManager - ERROR - Drone 1 crashed
2026-02-13 19:01:27,977 - SwarmManager - ERROR - Handling failure of drone 1: Crashed
2026-02-13 19:01:27,978 - Drone_2 - INFO - Drone 2: Flying to {'x': 2378.094437470013, 'y': 2137.224500954953, 'z': 60.0}
2026-02-13 19:01:27,978 - Drone_3 - INFO - Drone 3: Flying to {'x': 2440.943717029577, 'y': 2112.6030050856157, 'z': 60.0}
2026-02-13 19:01:28,187 - Drone_2 - INFO - Drone 2: Reached target position
2026-02-13 19:01:28,370 - Drone_3 - INFO - Drone 3: Reached target position
2026-02-13 19:01:28,979 - SwarmManager - ERROR - Drone 1 heartbeat timeout
2026-02-13 19:01:28,979 - SwarmManager - ERROR - Handling failure of drone 1: Heartbeat timeout
2026-02-13 19:01:28,980 - SwarmManager - ERROR - Drone 1 crashed
2026-02-13 19:01:28,980 - SwarmManager - ERROR - Handling failure of drone 1: Crashed
2026-02-13 19:01:28,980 - Drone_2 - INFO - Drone 2: Flying to {'x': 2375.0906215376826, 'y': 2129.7150876494297, 'z': 60.0}
2026-02-13 19:01:28,980 - Drone_3 - INFO - Drone 3: Flying to {'x': 2437.974910578987, 'y': 2105.18314537472, 'z': 60.0}
2026-02-13 19:01:29,195 - Drone_2 - INFO - Drone 2: Reached target position
2026-02-13 19:01:29,376 - Drone_3 - INFO - Drone 3: Reached target position
2026-02-13 19:01:29,981 - SwarmManager - ERROR - Drone 1 heartbeat timeout
2026-02-13 19:01:29,981 - SwarmManager - ERROR - Handling failure of drone 1: Heartbeat timeout
2026-02-13 19:01:29,982 - SwarmManager - ERROR - Drone 1 crashed
2026-02-13 19:01:29,982 - SwarmManager - ERROR - Handling failure of drone 1: Crashed
2026-02-13 19:01:29,982 - Drone_2 - INFO - Drone 2: Flying to {'x': 2372.1037071382134, 'y': 2122.2051771000474, 'z': 60.0}
2026-02-13 19:01:29,982 - Drone_3 - INFO - Drone 3: Flying to {'x': 2435.0202217086016, 'y': 2097.756001361096, 'z': 60.0}
2026-02-13 19:01:30,200 - Drone_2 - INFO - Drone 2: Reached target position
2026-02-13 19:01:30,380 - Drone_3 - INFO - Drone 3: Reached target position
2026-02-13 19:01:30,983 - SwarmManager - ERROR - Drone 1 heartbeat timeout
2026-02-13 19:01:30,983 - SwarmManager - ERROR - Handling failure of drone 1: Heartbeat timeout
2026-02-13 19:01:30,984 - SwarmManager - ERROR - Drone 1 crashed
2026-02-13 19:01:30,984 - SwarmManager - ERROR - Handling failure of drone 1: Crashed
2026-02-13 19:01:30,984 - Drone_2 - INFO - Drone 2: Flying to {'x': 2369.1268210937956, 'y': 2114.6793120293382, 'z': 60.0}
2026-02-13 19:01:30,984 - Drone_3 - INFO - Drone 3: Flying to {'x': 2432.072759736456, 'y': 2090.3059903764647, 'z': 60.0}
2026-02-13 19:01:31,205 - Drone_2 - INFO - Drone 2: Reached target position
2026-02-13 19:01:31,286 - Drone_3 - INFO - Drone 3: Reached target position
2026-02-13 19:01:31,985 - SwarmManager - ERROR - Drone 1 heartbeat timeout
2026-02-13 19:01:31,986 - SwarmManager - ERROR - Handling failure of drone 1: Heartbeat timeout
2026-02-13 19:01:31,986 - SwarmManager - ERROR - Drone 1 crashed
2026-02-13 19:01:31,986 - SwarmManager - ERROR - Handling failure of drone 1: Crashed
2026-02-13 19:01:31,987 - Drone_2 - INFO - Drone 2: Flying to {'x': 2366.1678039344256, 'y': 2107.159318339027, 'z': 60.0}
2026-02-13 19:01:31,987 - Drone_3 - INFO - Drone 3: Flying to {'x': 2429.1402029944024, 'y': 2082.8544431772198, 'z': 60.0}
2026-02-13 19:01:32,210 - Drone_2 - INFO - Drone 2: Reached target position
2026-02-13 19:01:32,291 - Drone_3 - INFO - Drone 3: Reached target position
2026-02-13 19:01:32,989 - SwarmManager - ERROR - Drone 1 heartbeat timeout
2026-02-13 19:01:32,990 - SwarmManager - ERROR - Handling failure of drone 1: Heartbeat timeout
2026-02-13 19:01:32,991 - SwarmManager - ERROR - Drone 1 crashed
2026-02-13 19:01:32,992 - SwarmManager - ERROR - Handling failure of drone 1: Crashed
2026-02-13 19:01:32,994 - Drone_2 - INFO - Drone 2: Flying to {'x': 2363.226416673213, 'y': 2099.646886891313, 'z': 60.0}
2026-02-13 19:01:32,994 - Drone_3 - INFO - Drone 3: Flying to {'x': 2426.222246958486, 'y': 2075.4028078890265, 'z': 60.0}
2026-02-13 19:01:33,215 - Drone_2 - INFO - Drone 2: Reached target position
2026-02-13 19:01:33,300 - Drone_3 - INFO - Drone 3: Reached target position
2026-02-13 19:01:33,996 - SwarmManager - ERROR - Drone 1 heartbeat timeout
2026-02-13 19:01:33,997 - SwarmManager - ERROR - Handling failure of drone 1: Heartbeat timeout
2026-02-13 19:01:33,997 - SwarmManager - ERROR - Drone 1 crashed
2026-02-13 19:01:33,998 - SwarmManager - ERROR - Handling failure of drone 1: Crashed
2026-02-13 19:01:33,999 - Drone_2 - INFO - Drone 2: Flying to {'x': 2360.2984491291, 'y': 2092.1336143457515, 'z': 60.0}
2026-02-13 19:01:33,999 - Drone_3 - INFO - Drone 3: Flying to {'x': 2423.314647753765, 'y': 2067.9425269188337, 'z': 60.0}
2026-02-13 19:01:34,220 - Drone_2 - INFO - Drone 2: Reached target position
2026-02-13 19:01:34,306 - Drone_3 - INFO - Drone 3: Reached target position
2026-02-13 19:01:35,000 - SwarmManager - ERROR - Drone 1 heartbeat timeout
2026-02-13 19:01:35,001 - SwarmManager - ERROR - Handling failure of drone 1: Heartbeat timeout
2026-02-13 19:01:35,002 - SwarmManager - ERROR - Drone 1 crashed
2026-02-13 19:01:35,003 - SwarmManager - ERROR - Handling failure of drone 1: Crashed
2026-02-13 19:01:35,005 - Drone_2 - INFO - Drone 2: Flying to {'x': 2357.3828587240496, 'y': 2084.619220009946, 'z': 60.0}
2026-02-13 19:01:35,005 - Drone_3 - INFO - Drone 3: Flying to {'x': 2420.416301882844, 'y': 2060.473101407838, 'z': 60.0}
2026-02-13 19:01:35,224 - Drone_2 - INFO - Drone 2: Reached target position
2026-02-13 19:01:35,311 - Drone_3 - INFO - Drone 3: Reached target position
2026-02-13 19:01:36,005 - SwarmManager - ERROR - Drone 1 heartbeat timeout
2026-02-13 19:01:36,007 - SwarmManager - ERROR - Handling failure of drone 1: Heartbeat timeout
2026-02-13 19:01:36,008 - SwarmManager - ERROR - Drone 1 crashed
2026-02-13 19:01:36,010 - SwarmManager - ERROR - Handling failure of drone 1: Crashed
2026-02-13 19:01:36,011 - Drone_2 - INFO - Drone 2: Flying to {'x': 2354.4754403866677, 'y': 2077.0953148250323, 'z': 60.0}
2026-02-13 19:01:36,012 - Drone_3 - INFO - Drone 3: Flying to {'x': 2417.522959720812, 'y': 2052.985974190941, 'z': 60.0}
2026-02-13 19:01:36,230 - Drone_2 - INFO - Drone 2: Reached target position
2026-02-13 19:01:36,318 - Drone_3 - INFO - Drone 3: Reached target position
2026-02-13 19:01:37,014 - SwarmManager - ERROR - Drone 1 heartbeat timeout
2026-02-13 19:01:37,015 - SwarmManager - ERROR - Handling failure of drone 1: Heartbeat timeout
2026-02-13 19:01:37,016 - SwarmManager - ERROR - Drone 1 crashed
2026-02-13 19:01:37,018 - SwarmManager - ERROR - Handling failure of drone 1: Crashed
2026-02-13 19:01:37,019 - Drone_2 - INFO - Drone 2: Flying to {'x': 2351.577604536879, 'y': 2069.568097281391, 'z': 60.0}
2026-02-13 19:01:37,020 - Drone_3 - INFO - Drone 3: Flying to {'x': 2414.6359581642987, 'y': 2045.487108144744, 'z': 60.0}
2026-02-13 19:01:37,237 - Drone_2 - INFO - Drone 2: Reached target position
2026-02-13 19:01:37,323 - Drone_3 - INFO - Drone 3: Reached target position
2026-02-13 19:01:38,021 - SwarmManager - ERROR - Drone 1 heartbeat timeout
2026-02-13 19:01:38,022 - SwarmManager - ERROR - Handling failure of drone 1: Heartbeat timeout
2026-02-13 19:01:38,023 - SwarmManager - ERROR - Drone 1 crashed
2026-02-13 19:01:38,023 - SwarmManager - ERROR - Handling failure of drone 1: Crashed
2026-02-13 19:01:38,024 - Drone_2 - INFO - Drone 2: Flying to {'x': 2348.6926459944425, 'y': 2062.0488742001116, 'z': 60.0}
2026-02-13 19:01:38,024 - Drone_3 - INFO - Drone 3: Flying to {'x': 2411.758528641997, 'y': 2037.987609771888, 'z': 60.0}
2026-02-13 19:01:38,243 - Drone_2 - INFO - Drone 2: Reached target position
2026-02-13 19:01:38,330 - Drone_3 - INFO - Drone 3: Reached target position
2026-02-13 19:01:39,025 - SwarmManager - ERROR - Drone 1 heartbeat timeout
2026-02-13 19:01:39,025 - SwarmManager - ERROR - Handling failure of drone 1: Heartbeat timeout
2026-02-13 19:01:39,026 - SwarmManager - ERROR - Drone 1 crashed
2026-02-13 19:01:39,026 - SwarmManager - ERROR - Handling failure of drone 1: Crashed
2026-02-13 19:01:39,026 - Drone_2 - INFO - Drone 2: Flying to {'x': 2345.8172406037816, 'y': 2054.5318452202464, 'z': 60.0}
2026-02-13 19:01:39,027 - Drone_3 - INFO - Drone 3: Flying to {'x': 2408.887313062551, 'y': 2030.4815653872474, 'z': 60.0}
2026-02-13 19:01:39,249 - Drone_2 - INFO - Drone 2: Reached target position
2026-02-13 19:01:39,336 - Drone_3 - INFO - Drone 3: Reached target position
2026-02-13 19:01:40,027 - SwarmManager - ERROR - Drone 1 heartbeat timeout
2026-02-13 19:01:40,028 - SwarmManager - ERROR - Handling failure of drone 1: Heartbeat timeout
2026-02-13 19:01:40,028 - SwarmManager - ERROR - Drone 1 crashed
2026-02-13 19:01:40,029 - SwarmManager - ERROR - Handling failure of drone 1: Crashed
2026-02-13 19:01:40,029 - Drone_2 - INFO - Drone 2: Flying to {'x': 2342.948742201385, 'y': 2047.0129953251853, 'z': 60.0}
2026-02-13 19:01:40,029 - Drone_3 - INFO - Drone 3: Flying to {'x': 2406.0196250952463, 'y': 2022.964840905588, 'z': 60.0}
2026-02-13 19:01:40,254 - Drone_2 - INFO - Drone 2: Reached target position
2026-02-13 19:01:40,343 - Drone_3 - INFO - Drone 3: Reached target position
2026-02-13 19:01:41,030 - SwarmManager - ERROR - Drone 1 heartbeat timeout
2026-02-13 19:01:41,031 - SwarmManager - ERROR - Handling failure of drone 1: Heartbeat timeout
2026-02-13 19:01:41,032 - SwarmManager - ERROR - Drone 1 crashed
2026-02-13 19:01:41,032 - SwarmManager - ERROR - Handling failure of drone 1: Crashed
2026-02-13 19:01:41,032 - Drone_2 - INFO - Drone 2: Flying to {'x': 2340.086123756568, 'y': 2039.4926062942172, 'z': 60.0}
2026-02-13 19:01:41,033 - Drone_3 - INFO - Drone 3: Flying to {'x': 2403.154396680546, 'y': 2015.4376078451078, 'z': 60.0}
2026-02-13 19:01:41,048 - PhysicalMLTrainer_Drone5 - INFO - Physical ML model trained drone=5 samples=3901 degree=2 alpha=0.0 val_mse=0.000000
2026-02-13 19:01:41,060 - PhysicalMLTrainer_Drone3 - INFO - Physical ML model trained drone=3 samples=3901 degree=2 alpha=1.0 val_mse=0.256750
2026-02-13 19:01:41,174 - PhysicalMLTrainer_Drone2 - INFO - Physical ML model trained drone=2 samples=3901 degree=2 alpha=0.0 val_mse=0.026159
2026-02-13 19:01:41,176 - PhysicalMLTrainer_Drone4 - INFO - Physical ML model trained drone=4 samples=3901 degree=2 alpha=1.0 val_mse=0.212914
2026-02-13 19:01:41,275 - Drone_2 - INFO - Drone 2: Reached target position
2026-02-13 19:01:41,366 - Drone_3 - INFO - Drone 3: Reached target position
2026-02-13 19:01:42,034 - SwarmManager - ERROR - Drone 1 heartbeat timeout
2026-02-13 19:01:42,036 - SwarmManager - ERROR - Handling failure of drone 1: Heartbeat timeout
2026-02-13 19:01:42,038 - SwarmManager - ERROR - Drone 1 crashed
2026-02-13 19:01:42,039 - SwarmManager - ERROR - Handling failure of drone 1: Crashed
2026-02-13 19:01:42,040 - Drone_2 - INFO - Drone 2: Flying to {'x': 2337.1670960648166, 'y': 2031.8096754579783, 'z': 60.0}
2026-02-13 19:01:42,041 - Drone_3 - INFO - Drone 3: Flying to {'x': 2400.2291340388433, 'y': 2007.738336347691, 'z': 60.0}
2026-02-13 19:01:42,281 - Drone_2 - INFO - Drone 2: Reached target position
2026-02-13 19:01:42,373 - Drone_3 - INFO - Drone 3: Reached target position
2026-02-13 19:01:43,042 - SwarmManager - ERROR - Drone 1 heartbeat timeout
2026-02-13 19:01:43,043 - SwarmManager - ERROR - Handling failure of drone 1: Heartbeat timeout
2026-02-13 19:01:43,043 - SwarmManager - ERROR - Drone 1 crashed
2026-02-13 19:01:43,043 - SwarmManager - ERROR - Handling failure of drone 1: Crashed
2026-02-13 19:01:43,044 - Drone_2 - INFO - Drone 2: Flying to {'x': 2334.3217583087376, 'y': 2024.3098517368778, 'z': 60.0}
2026-02-13 19:01:43,044 - Drone_3 - INFO - Drone 3: Flying to {'x': 2397.374200543109, 'y': 2000.2133887540829, 'z': 60.0}
2026-02-13 19:01:43,286 - Drone_2 - INFO - Drone 2: Reached target position
2026-02-13 19:01:43,378 - Drone_3 - INFO - Drone 3: Reached target position
2026-02-13 19:01:44,044 - SwarmManager - ERROR - Drone 1 heartbeat timeout
2026-02-13 19:01:44,045 - SwarmManager - ERROR - Handling failure of drone 1: Heartbeat timeout
2026-02-13 19:01:44,045 - SwarmManager - ERROR - Drone 1 crashed
2026-02-13 19:01:44,045 - SwarmManager - ERROR - Handling failure of drone 1: Crashed
2026-02-13 19:01:44,045 - Drone_2 - INFO - Drone 2: Flying to {'x': 2331.476250461647, 'y': 2016.8020550815406, 'z': 60.0}
2026-02-13 19:01:44,045 - Drone_3 - INFO - Drone 3: Flying to {'x': 2394.515588682824, 'y': 1992.6713311670762, 'z': 60.0}
2026-02-13 19:01:44,293 - Drone_2 - INFO - Drone 2: Reached target position
2026-02-13 19:01:44,384 - Drone_3 - INFO - Drone 3: Reached target position
2026-02-13 19:01:45,046 - SwarmManager - ERROR - Drone 1 heartbeat timeout
2026-02-13 19:01:45,047 - SwarmManager - ERROR - Handling failure of drone 1: Heartbeat timeout
2026-02-13 19:01:45,048 - SwarmManager - ERROR - Drone 1 crashed
2026-02-13 19:01:45,050 - SwarmManager - ERROR - Handling failure of drone 1: Crashed
2026-02-13 19:01:45,051 - Drone_2 - INFO - Drone 2: Flying to {'x': 2328.6363819021244, 'y': 2009.3048594876232, 'z': 60.0}
2026-02-13 19:01:45,052 - Drone_3 - INFO - Drone 3: Flying to {'x': 2391.659121836602, 'y': 1985.130818634857, 'z': 60.0}
2026-02-13 19:01:45,300 - Drone_2 - INFO - Drone 2: Reached target position
2026-02-13 19:01:45,392 - Drone_3 - INFO - Drone 3: Reached target position
2026-02-13 19:01:46,053 - SwarmManager - ERROR - Drone 1 heartbeat timeout
2026-02-13 19:01:46,055 - SwarmManager - ERROR - Handling failure of drone 1: Heartbeat timeout
2026-02-13 19:01:46,056 - SwarmManager - ERROR - Drone 1 crashed
2026-02-13 19:01:46,057 - SwarmManager - ERROR - Handling failure of drone 1: Crashed
2026-02-13 19:01:46,058 - Drone_2 - INFO - Drone 2: Flying to {'x': 2325.797505573276, 'y': 2001.8093006682916, 'z': 60.0}
2026-02-13 19:01:46,059 - Drone_3 - INFO - Drone 3: Flying to {'x': 2388.8001268032403, 'y': 1977.5828746389811, 'z': 60.0}
2026-02-13 19:01:46,305 - Drone_2 - INFO - Drone 2: Reached target position
2026-02-13 19:01:46,399 - Drone_3 - INFO - Drone 3: Reached target position
2026-02-13 19:01:47,059 - SwarmManager - ERROR - Drone 1 heartbeat timeout
2026-02-13 19:01:47,060 - SwarmManager - ERROR - Handling failure of drone 1: Heartbeat timeout
2026-02-13 19:01:47,061 - SwarmManager - ERROR - Drone 1 crashed
2026-02-13 19:01:47,061 - SwarmManager - ERROR - Handling failure of drone 1: Crashed
2026-02-13 19:01:47,061 - Drone_2 - INFO - Drone 2: Flying to {'x': 2322.9572522832814, 'y': 1994.3124600931792, 'z': 60.0}
2026-02-13 19:01:47,061 - Drone_3 - INFO - Drone 3: Flying to {'x': 2385.9362176500945, 'y': 1970.024604664472, 'z': 60.0}
2026-02-13 19:01:47,311 - Drone_2 - INFO - Drone 2: Reached target position
2026-02-13 19:01:47,406 - Drone_3 - INFO - Drone 3: Reached target position
2026-02-13 19:01:48,062 - SwarmManager - ERROR - Drone 1 heartbeat timeout
2026-02-13 19:01:48,063 - SwarmManager - ERROR - Handling failure of drone 1: Heartbeat timeout
2026-02-13 19:01:48,063 - SwarmManager - ERROR - Drone 1 crashed
2026-02-13 19:01:48,063 - SwarmManager - ERROR - Handling failure of drone 1: Crashed
2026-02-13 19:01:48,064 - Drone_2 - INFO - Drone 2: Flying to {'x': 2320.1192923510753, 'y': 1986.827382634645, 'z': 60.0}
2026-02-13 19:01:48,064 - Drone_3 - INFO - Drone 3: Flying to {'x': 2383.07111028866, 'y': 1962.4692501456143, 'z': 60.0}
2026-02-13 19:01:48,316 - Drone_2 - INFO - Drone 2: Reached target position
2026-02-13 19:01:48,410 - Drone_3 - INFO - Drone 3: Reached target position
2026-02-13 19:01:49,065 - SwarmManager - ERROR - Drone 1 heartbeat timeout
2026-02-13 19:01:49,066 - SwarmManager - ERROR - Handling failure of drone 1: Heartbeat timeout
2026-02-13 19:01:49,067 - SwarmManager - ERROR - Drone 1 crashed
2026-02-13 19:01:49,067 - SwarmManager - ERROR - Handling failure of drone 1: Crashed
2026-02-13 19:01:49,068 - Drone_2 - INFO - Drone 2: Flying to {'x': 2317.284292891756, 'y': 1979.359168091021, 'z': 60.0}
2026-02-13 19:01:49,069 - Drone_3 - INFO - Drone 3: Flying to {'x': 2380.205514191415, 'y': 1954.9221079126912, 'z': 60.0}
2026-02-13 19:01:49,325 - Drone_2 - INFO - Drone 2: Reached target position
2026-02-13 19:01:49,416 - Drone_3 - INFO - Drone 3: Reached target position
2026-02-13 19:01:50,069 - SwarmManager - ERROR - Drone 1 heartbeat timeout
2026-02-13 19:01:50,071 - SwarmManager - ERROR - Handling failure of drone 1: Heartbeat timeout
2026-02-13 19:01:50,072 - SwarmManager - ERROR - Drone 1 crashed
2026-02-13 19:01:50,073 - SwarmManager - ERROR - Handling failure of drone 1: Crashed
2026-02-13 19:01:50,074 - Drone_2 - INFO - Drone 2: Flying to {'x': 2314.4410425164797, 'y': 1971.8816671551763, 'z': 60.0}
2026-02-13 19:01:50,075 - Drone_3 - INFO - Drone 3: Flying to {'x': 2377.328126932507, 'y': 1947.3568916485278, 'z': 60.0}
2026-02-13 19:01:50,332 - Drone_2 - INFO - Drone 2: Reached target position
2026-02-13 19:01:50,423 - Drone_3 - INFO - Drone 3: Reached target position
2026-02-13 19:01:51,076 - SwarmManager - ERROR - Drone 1 heartbeat timeout
2026-02-13 19:01:51,077 - SwarmManager - ERROR - Handling failure of drone 1: Heartbeat timeout
2026-02-13 19:01:51,078 - SwarmManager - ERROR - Drone 1 crashed
2026-02-13 19:01:51,079 - SwarmManager - ERROR - Handling failure of drone 1: Crashed
2026-02-13 19:01:51,081 - Drone_2 - INFO - Drone 2: Flying to {'x': 2311.592934707746, 'y': 1964.4072201196684, 'z': 60.0}
2026-02-13 19:01:51,081 - Drone_3 - INFO - Drone 3: Flying to {'x': 2374.442412316204, 'y': 1939.7862297995382, 'z': 60.0}
2026-02-13 19:01:51,337 - Drone_2 - INFO - Drone 2: Reached target position
2026-02-13 19:01:51,431 - Drone_3 - INFO - Drone 3: Reached target position
2026-02-13 19:01:52,082 - SwarmManager - ERROR - Drone 1 heartbeat timeout
2026-02-13 19:01:52,083 - SwarmManager - ERROR - Handling failure of drone 1: Heartbeat timeout
2026-02-13 19:01:52,084 - SwarmManager - ERROR - Drone 1 crashed
2026-02-13 19:01:52,084 - SwarmManager - ERROR - Handling failure of drone 1: Crashed
2026-02-13 19:01:52,085 - Drone_2 - INFO - Drone 2: Flying to {'x': 2308.742047913774, 'y': 1956.944626040188, 'z': 60.0}
2026-02-13 19:01:52,085 - Drone_3 - INFO - Drone 3: Flying to {'x': 2371.550529948727, 'y': 1932.219242636386, 'z': 60.0}
2026-02-13 19:01:52,343 - Drone_2 - INFO - Drone 2: Reached target position
2026-02-13 19:01:52,438 - Drone_3 - INFO - Drone 3: Reached target position
2026-02-13 19:01:53,086 - SwarmManager - ERROR - Drone 1 heartbeat timeout
2026-02-13 19:01:53,086 - SwarmManager - ERROR - Handling failure of drone 1: Heartbeat timeout
2026-02-13 19:01:53,086 - SwarmManager - ERROR - Drone 1 crashed
2026-02-13 19:01:53,087 - SwarmManager - ERROR - Handling failure of drone 1: Crashed
2026-02-13 19:01:53,087 - Drone_2 - INFO - Drone 2: Flying to {'x': 2305.8793297840075, 'y': 1949.4735688606775, 'z': 60.0}
2026-02-13 19:01:53,087 - Drone_3 - INFO - Drone 3: Flying to {'x': 2368.6433534594853, 'y': 1924.635546957472, 'z': 60.0}
2026-02-13 19:01:53,348 - Drone_2 - INFO - Drone 2: Reached target position
2026-02-13 19:01:53,444 - Drone_3 - INFO - Drone 3: Reached target position
2026-02-13 19:01:54,088 - SwarmManager - ERROR - Drone 1 heartbeat timeout
2026-02-13 19:01:54,088 - SwarmManager - ERROR - Handling failure of drone 1: Heartbeat timeout
2026-02-13 19:01:54,089 - SwarmManager - ERROR - Drone 1 crashed
2026-02-13 19:01:54,089 - SwarmManager - ERROR - Handling failure of drone 1: Crashed
2026-02-13 19:01:54,090 - Drone_2 - INFO - Drone 2: Flying to {'x': 2303.014818118488, 'y': 1942.0235330084856, 'z': 60.0}
2026-02-13 19:01:54,090 - Drone_3 - INFO - Drone 3: Flying to {'x': 2365.7311490197767, 'y': 1917.0653311846354, 'z': 60.0}
2026-02-13 19:01:54,354 - Drone_2 - INFO - Drone 2: Reached target position
2026-02-13 19:01:54,450 - Drone_3 - INFO - Drone 3: Reached target position
2026-02-13 19:01:55,091 - SwarmManager - ERROR - Drone 1 heartbeat timeout
2026-02-13 19:01:55,092 - SwarmManager - ERROR - Handling failure of drone 1: Heartbeat timeout
2026-02-13 19:01:55,092 - SwarmManager - ERROR - Drone 1 crashed
2026-02-13 19:01:55,092 - SwarmManager - ERROR - Handling failure of drone 1: Crashed
2026-02-13 19:01:55,093 - Drone_2 - INFO - Drone 2: Flying to {'x': 2300.1421491264764, 'y': 1934.5811345412899, 'z': 60.0}
2026-02-13 19:01:55,093 - Drone_3 - INFO - Drone 3: Flying to {'x': 2362.8075404794663, 'y': 1909.495307335941, 'z': 60.0}
2026-02-13 19:01:55,361 - Drone_2 - INFO - Drone 2: Reached target position
2026-02-13 19:01:55,456 - Drone_3 - INFO - Drone 3: Reached target position
2026-02-13 19:01:56,094 - SwarmManager - ERROR - Drone 1 heartbeat timeout
2026-02-13 19:01:56,095 - SwarmManager - ERROR - Handling failure of drone 1: Heartbeat timeout
2026-02-13 19:01:56,095 - SwarmManager - ERROR - Drone 1 crashed
2026-02-13 19:01:56,095 - SwarmManager - ERROR - Handling failure of drone 1: Crashed
2026-02-13 19:01:56,096 - Drone_2 - INFO - Drone 2: Flying to {'x': 2297.258612417958, 'y': 1927.1425497166044, 'z': 60.0}
2026-02-13 19:01:56,096 - Drone_3 - INFO - Drone 3: Flying to {'x': 2359.869863001016, 'y': 1901.9218974564913, 'z': 60.0}
2026-02-13 19:01:56,370 - Drone_2 - INFO - Drone 2: Reached target position
2026-02-13 19:01:56,464 - Drone_3 - INFO - Drone 3: Reached target position
2026-02-13 19:01:57,097 - SwarmManager - ERROR - Drone 1 heartbeat timeout
2026-02-13 19:01:57,098 - SwarmManager - ERROR - Handling failure of drone 1: Heartbeat timeout
2026-02-13 19:01:57,099 - SwarmManager - ERROR - Drone 1 crashed
2026-02-13 19:01:57,100 - SwarmManager - ERROR - Handling failure of drone 1: Crashed
2026-02-13 19:01:57,101 - Drone_2 - INFO - Drone 2: Flying to {'x': 2294.365053838722, 'y': 1919.7130800673044, 'z': 60.0}
2026-02-13 19:01:57,101 - Drone_3 - INFO - Drone 3: Flying to {'x': 2356.9190841671134, 'y': 1894.3508386506887, 'z': 60.0}
2026-02-13 19:01:57,378 - Drone_2 - INFO - Drone 2: Reached target position
2026-02-13 19:01:57,472 - Drone_3 - INFO - Drone 3: Reached target position
2026-02-13 19:01:58,102 - SwarmManager - ERROR - Drone 1 heartbeat timeout
2026-02-13 19:01:58,104 - SwarmManager - ERROR - Handling failure of drone 1: Heartbeat timeout
2026-02-13 19:01:58,105 - SwarmManager - ERROR - Drone 1 crashed
2026-02-13 19:01:58,106 - SwarmManager - ERROR - Handling failure of drone 1: Crashed
2026-02-13 19:01:58,107 - Drone_2 - INFO - Drone 2: Flying to {'x': 2291.461051235203, 'y': 1912.2946319060052, 'z': 60.0}
2026-02-13 19:01:58,107 - Drone_3 - INFO - Drone 3: Flying to {'x': 2353.954895013171, 'y': 1886.7844478640409, 'z': 60.0}
2026-02-13 19:01:58,386 - Drone_2 - INFO - Drone 2: Reached target position
2026-02-13 19:01:58,479 - Drone_3 - INFO - Drone 3: Reached target position
2026-02-13 19:01:59,108 - SwarmManager - ERROR - Drone 1 heartbeat timeout
2026-02-13 19:01:59,109 - SwarmManager - ERROR - Handling failure of drone 1: Heartbeat timeout
2026-02-13 19:01:59,109 - SwarmManager - ERROR - Drone 1 crashed
2026-02-13 19:01:59,110 - SwarmManager - ERROR - Handling failure of drone 1: Crashed
2026-02-13 19:01:59,110 - Drone_2 - INFO - Drone 2: Flying to {'x': 2288.544076882071, 'y': 1904.883660347549, 'z': 60.0}
2026-02-13 19:01:59,110 - Drone_3 - INFO - Drone 3: Flying to {'x': 2350.9748475852484, 'y': 1879.2195050057642, 'z': 60.0}
2026-02-13 19:01:59,392 - Drone_2 - INFO - Drone 2: Reached target position
2026-02-13 19:01:59,486 - Drone_3 - INFO - Drone 3: Reached target position
2026-02-13 19:02:00,111 - SwarmManager - ERROR - Drone 1 heartbeat timeout
2026-02-13 19:02:00,112 - SwarmManager - ERROR - Handling failure of drone 1: Heartbeat timeout
2026-02-13 19:02:00,113 - SwarmManager - ERROR - Drone 1 crashed
2026-02-13 19:02:00,114 - SwarmManager - ERROR - Handling failure of drone 1: Crashed
2026-02-13 19:02:00,115 - Drone_2 - INFO - Drone 2: Flying to {'x': 2285.6101800891433, 'y': 1897.4730345758253, 'z': 60.0}
2026-02-13 19:02:00,115 - Drone_3 - INFO - Drone 3: Flying to {'x': 2347.9750442484406, 'y': 1871.6491363729501, 'z': 60.0}
2026-02-13 19:02:00,400 - Drone_2 - INFO - Drone 2: Reached target position
2026-02-13 19:02:00,492 - Drone_3 - INFO - Drone 3: Reached target position
2026-02-13 19:02:01,116 - SwarmManager - ERROR - Drone 1 heartbeat timeout
2026-02-13 19:02:01,117 - SwarmManager - ERROR - Handling failure of drone 1: Heartbeat timeout
2026-02-13 19:02:01,118 - SwarmManager - ERROR - Drone 1 crashed
2026-02-13 19:02:01,119 - SwarmManager - ERROR - Handling failure of drone 1: Crashed
2026-02-13 19:02:01,119 - Drone_2 - INFO - Drone 2: Flying to {'x': 2282.6600577693557, 'y': 1890.067340342946, 'z': 60.0}
2026-02-13 19:02:01,120 - Drone_3 - INFO - Drone 3: Flying to {'x': 2344.956347047351, 'y': 1864.0784515211358, 'z': 60.0}
2026-02-13 19:02:01,170 - PhysicalMLTrainer_Drone5 - INFO - Physical ML model trained drone=5 samples=4101 degree=2 alpha=0.0 val_mse=0.000000
2026-02-13 19:02:01,206 - PhysicalMLTrainer_Drone3 - INFO - Physical ML model trained drone=3 samples=4101 degree=2 alpha=1.0 val_mse=0.365977
2026-02-13 19:02:01,310 - PhysicalMLTrainer_Drone4 - INFO - Physical ML model trained drone=4 samples=4101 degree=2 alpha=1.0 val_mse=0.002363
2026-02-13 19:02:01,317 - PhysicalMLTrainer_Drone2 - INFO - Physical ML model trained drone=2 samples=4101 degree=2 alpha=0.0 val_mse=0.030579
2026-02-13 19:02:01,418 - Drone_2 - INFO - Drone 2: Reached target position
2026-02-13 19:02:01,509 - Drone_3 - INFO - Drone 3: Reached target position
2026-02-13 19:02:02,120 - SwarmManager - ERROR - Drone 1 heartbeat timeout
2026-02-13 19:02:02,122 - SwarmManager - ERROR - Handling failure of drone 1: Heartbeat timeout
2026-02-13 19:02:02,123 - SwarmManager - ERROR - Drone 1 crashed
2026-02-13 19:02:02,124 - SwarmManager - ERROR - Handling failure of drone 1: Crashed
2026-02-13 19:02:02,126 - Drone_2 - INFO - Drone 2: Flying to {'x': 2279.6495109842563, 'y': 1882.5594217272003, 'z': 60.0}
2026-02-13 19:02:02,126 - Drone_3 - INFO - Drone 3: Flying to {'x': 2341.873648601111, 'y': 1856.398253981117, 'z': 60.0}
2026-02-13 19:02:02,424 - Drone_2 - INFO - Drone 2: Reached target position
2026-02-13 19:02:02,514 - Drone_3 - INFO - Drone 3: Reached target position
2026-02-13 19:02:03,128 - SwarmManager - ERROR - Drone 1 heartbeat timeout
2026-02-13 19:02:03,130 - SwarmManager - ERROR - Handling failure of drone 1: Heartbeat timeout
2026-02-13 19:02:03,131 - SwarmManager - ERROR - Drone 1 crashed
2026-02-13 19:02:03,133 - SwarmManager - ERROR - Handling failure of drone 1: Crashed
2026-02-13 19:02:03,134 - Drone_2 - INFO - Drone 2: Flying to {'x': 2276.670673665587, 'y': 1875.1813429057463, 'z': 60.0}
2026-02-13 19:02:03,134 - Drone_3 - INFO - Drone 3: Flying to {'x': 2338.8214748899227, 'y': 1848.846424884741, 'z': 60.0}
2026-02-13 19:02:03,430 - Drone_2 - INFO - Drone 2: Reached target position
2026-02-13 19:02:03,520 - Drone_3 - INFO - Drone 3: Reached target position
2026-02-13 19:02:04,135 - SwarmManager - ERROR - Drone 1 heartbeat timeout
2026-02-13 19:02:04,136 - SwarmManager - ERROR - Handling failure of drone 1: Heartbeat timeout
2026-02-13 19:02:04,136 - SwarmManager - ERROR - Drone 1 crashed
2026-02-13 19:02:04,137 - SwarmManager - ERROR - Handling failure of drone 1: Crashed
2026-02-13 19:02:04,137 - Drone_2 - INFO - Drone 2: Flying to {'x': 2273.6768275181757, 'y': 1867.8184784075954, 'z': 60.0}
2026-02-13 19:02:04,137 - Drone_3 - INFO - Drone 3: Flying to {'x': 2335.7521983000697, 'y': 1841.306248356347, 'z': 60.0}
2026-02-13 19:02:04,437 - Drone_2 - INFO - Drone 2: Reached target position
2026-02-13 19:02:04,528 - Drone_3 - INFO - Drone 3: Reached target position
2026-02-13 19:02:05,138 - SwarmManager - ERROR - Drone 1 heartbeat timeout
2026-02-13 19:02:05,139 - SwarmManager - ERROR - Handling failure of drone 1: Heartbeat timeout
2026-02-13 19:02:05,139 - SwarmManager - ERROR - Drone 1 crashed
2026-02-13 19:02:05,140 - SwarmManager - ERROR - Handling failure of drone 1: Crashed
2026-02-13 19:02:05,141 - Drone_2 - INFO - Drone 2: Flying to {'x': 2270.666200110877, 'y': 1860.4685356070024, 'z': 60.0}
2026-02-13 19:02:05,141 - Drone_3 - INFO - Drone 3: Flying to {'x': 2332.66420532298, 'y': 1833.7758896212606, 'z': 60.0}
2026-02-13 19:02:05,442 - Drone_2 - INFO - Drone 2: Reached target position
2026-02-13 19:02:05,535 - Drone_3 - INFO - Drone 3: Reached target position
2026-02-13 19:02:06,142 - SwarmManager - ERROR - Drone 1 heartbeat timeout
2026-02-13 19:02:06,143 - SwarmManager - ERROR - Handling failure of drone 1: Heartbeat timeout
2026-02-13 19:02:06,144 - SwarmManager - ERROR - Drone 1 crashed
2026-02-13 19:02:06,145 - SwarmManager - ERROR - Handling failure of drone 1: Crashed
2026-02-13 19:02:06,146 - Drone_2 - INFO - Drone 2: Flying to {'x': 2267.62797205775, 'y': 1853.107323173847, 'z': 60.0}
2026-02-13 19:02:06,146 - Drone_3 - INFO - Drone 3: Flying to {'x': 2329.546604937595, 'y': 1826.2310715324638, 'z': 60.0}
2026-02-13 19:02:06,348 - Drone_2 - INFO - Drone 2: Reached target position
2026-02-13 19:02:06,543 - Drone_3 - INFO - Drone 3: Reached target position
2026-02-13 19:02:07,147 - SwarmManager - ERROR - Drone 1 heartbeat timeout
2026-02-13 19:02:07,148 - SwarmManager - ERROR - Handling failure of drone 1: Heartbeat timeout
2026-02-13 19:02:07,149 - SwarmManager - ERROR - Drone 1 crashed
2026-02-13 19:02:07,150 - SwarmManager - ERROR - Handling failure of drone 1: Crashed
2026-02-13 19:02:07,150 - Drone_2 - INFO - Drone 2: Flying to {'x': 2264.576284846189, 'y': 1845.771009617764, 'z': 60.0}
2026-02-13 19:02:07,151 - Drone_3 - INFO - Drone 3: Flying to {'x': 2326.4141274733292, 'y': 1818.7093906857592, 'z': 60.0}
2026-02-13 19:02:07,354 - Drone_2 - INFO - Drone 2: Reached target position
2026-02-13 19:02:07,551 - Drone_3 - INFO - Drone 3: Reached target position
2026-02-13 19:02:08,151 - SwarmManager - ERROR - Drone 1 heartbeat timeout
2026-02-13 19:02:08,152 - SwarmManager - ERROR - Handling failure of drone 1: Heartbeat timeout
2026-02-13 19:02:08,154 - SwarmManager - ERROR - Drone 1 crashed
2026-02-13 19:02:08,155 - SwarmManager - ERROR - Handling failure of drone 1: Crashed
2026-02-13 19:02:08,155 - Drone_2 - INFO - Drone 2: Flying to {'x': 2261.504940914953, 'y': 1838.4461932204283, 'z': 60.0}
2026-02-13 19:02:08,156 - Drone_3 - INFO - Drone 3: Flying to {'x': 2323.2606449194777, 'y': 1811.197651554762, 'z': 60.0}
2026-02-13 19:02:08,362 - Drone_2 - INFO - Drone 2: Reached target position
2026-02-13 19:02:08,459 - Drone_3 - INFO - Drone 3: Reached target position
2026-02-13 19:02:09,157 - SwarmManager - ERROR - Drone 1 heartbeat timeout
2026-02-13 19:02:09,158 - SwarmManager - ERROR - Handling failure of drone 1: Heartbeat timeout
2026-02-13 19:02:09,159 - SwarmManager - ERROR - Drone 1 crashed
2026-02-13 19:02:09,161 - SwarmManager - ERROR - Handling failure of drone 1: Crashed
2026-02-13 19:02:09,162 - Drone_2 - INFO - Drone 2: Flying to {'x': 2258.4082423088457, 'y': 1831.1209141349964, 'z': 60.0}
2026-02-13 19:02:09,163 - Drone_3 - INFO - Drone 3: Flying to {'x': 2320.0805441557204, 'y': 1803.6841288840237, 'z': 60.0}
2026-02-13 19:02:09,368 - Drone_2 - INFO - Drone 2: Reached target position
2026-02-13 19:02:09,466 - Drone_3 - INFO - Drone 3: Reached target position
2026-02-13 19:02:10,164 - SwarmManager - ERROR - Drone 1 heartbeat timeout
2026-02-13 19:02:10,165 - SwarmManager - ERROR - Handling failure of drone 1: Heartbeat timeout
2026-02-13 19:02:10,166 - SwarmManager - ERROR - Drone 1 crashed
2026-02-13 19:02:10,167 - SwarmManager - ERROR - Handling failure of drone 1: Crashed
2026-02-13 19:02:10,168 - Drone_2 - INFO - Drone 2: Flying to {'x': 2255.2896338441806, 'y': 1823.804799938627, 'z': 60.0}
2026-02-13 19:02:10,169 - Drone_3 - INFO - Drone 3: Flying to {'x': 2316.8776077641696, 'y': 1796.1792416921269, 'z': 60.0}
2026-02-13 19:02:10,374 - Drone_2 - INFO - Drone 2: Reached target position
2026-02-13 19:02:10,472 - Drone_3 - INFO - Drone 3: Reached target position
2026-02-13 19:02:11,170 - SwarmManager - ERROR - Drone 1 heartbeat timeout
2026-02-13 19:02:11,170 - SwarmManager - ERROR - Handling failure of drone 1: Heartbeat timeout
2026-02-13 19:02:11,171 - SwarmManager - ERROR - Drone 1 crashed
2026-02-13 19:02:11,171 - SwarmManager - ERROR - Handling failure of drone 1: Crashed
2026-02-13 19:02:11,172 - Drone_2 - INFO - Drone 2: Flying to {'x': 2252.155660683109, 'y': 1816.5141798057784, 'z': 60.0}
2026-02-13 19:02:11,172 - Drone_3 - INFO - Drone 3: Flying to {'x': 2313.6588108117767, 'y': 1788.7002889551509, 'z': 60.0}
2026-02-13 19:02:11,378 - Drone_2 - INFO - Drone 2: Reached target position
2026-02-13 19:02:11,475 - Drone_3 - INFO - Drone 3: Reached target position
2026-02-13 19:02:12,172 - SwarmManager - ERROR - Drone 1 heartbeat timeout
2026-02-13 19:02:12,173 - SwarmManager - ERROR - Handling failure of drone 1: Heartbeat timeout
2026-02-13 19:02:12,173 - SwarmManager - ERROR - Drone 1 crashed
2026-02-13 19:02:12,173 - SwarmManager - ERROR - Handling failure of drone 1: Crashed
2026-02-13 19:02:12,174 - Drone_2 - INFO - Drone 2: Flying to {'x': 2249.3136628137304, 'y': 1809.9558652466324, 'z': 60.0}
2026-02-13 19:02:12,174 - Drone_3 - INFO - Drone 3: Flying to {'x': 2310.7400361778687, 'y': 1781.9728229651098, 'z': 60.0}
2026-02-13 19:02:12,281 - Drone_2 - INFO - Drone 2: Reached target position
2026-02-13 19:02:12,479 - Drone_3 - INFO - Drone 3: Reached target position
2026-02-13 19:02:13,174 - SwarmManager - ERROR - Drone 1 heartbeat timeout
2026-02-13 19:02:13,176 - SwarmManager - ERROR - Handling failure of drone 1: Heartbeat timeout
2026-02-13 19:02:13,177 - SwarmManager - ERROR - Drone 1 crashed
2026-02-13 19:02:13,178 - SwarmManager - ERROR - Handling failure of drone 1: Crashed
2026-02-13 19:02:13,179 - Drone_2 - INFO - Drone 2: Flying to {'x': 2246.127438227331, 'y': 1802.662745331101, 'z': 60.0}
2026-02-13 19:02:13,179 - Drone_3 - INFO - Drone 3: Flying to {'x': 2307.4681367042544, 'y': 1774.4923937116562, 'z': 60.0}
2026-02-13 19:02:13,388 - Drone_2 - INFO - Drone 2: Reached target position
2026-02-13 19:02:13,486 - Drone_3 - INFO - Drone 3: Reached target position
2026-02-13 19:02:14,180 - SwarmManager - ERROR - Drone 1 heartbeat timeout
2026-02-13 19:02:14,181 - SwarmManager - ERROR - Handling failure of drone 1: Heartbeat timeout
2026-02-13 19:02:14,183 - SwarmManager - ERROR - Drone 1 crashed
2026-02-13 19:02:14,184 - SwarmManager - ERROR - Handling failure of drone 1: Crashed
2026-02-13 19:02:14,185 - Drone_2 - INFO - Drone 2: Flying to {'x': 2242.9222423034016, 'y': 1795.389000779822, 'z': 60.0}
2026-02-13 19:02:14,185 - Drone_3 - INFO - Drone 3: Flying to {'x': 2304.177431461787, 'y': 1767.0331935938077, 'z': 60.0}
2026-02-13 19:02:14,396 - Drone_2 - INFO - Drone 2: Reached target position
2026-02-13 19:02:14,493 - Drone_3 - INFO - Drone 3: Reached target position
2026-02-13 19:02:15,186 - SwarmManager - ERROR - Drone 1 heartbeat timeout
2026-02-13 19:02:15,187 - SwarmManager - ERROR - Handling failure of drone 1: Heartbeat timeout
2026-02-13 19:02:15,188 - SwarmManager - ERROR - Drone 1 crashed
2026-02-13 19:02:15,188 - SwarmManager - ERROR - Handling failure of drone 1: Crashed
2026-02-13 19:02:15,188 - Drone_2 - INFO - Drone 2: Flying to {'x': 2239.6979654756683, 'y': 1788.1345957410854, 'z': 60.0}
2026-02-13 19:02:15,189 - Drone_3 - INFO - Drone 3: Flying to {'x': 2300.868072305129, 'y': 1759.5957094546106, 'z': 60.0}
2026-02-13 19:02:15,401 - Drone_2 - INFO - Drone 2: Reached target position
2026-02-13 19:02:15,498 - Drone_3 - INFO - Drone 3: Reached target position
2026-02-13 19:02:16,190 - SwarmManager - ERROR - Drone 1 heartbeat timeout
2026-02-13 19:02:16,191 - SwarmManager - ERROR - Handling failure of drone 1: Heartbeat timeout
2026-02-13 19:02:16,193 - SwarmManager - ERROR - Drone 1 crashed
2026-02-13 19:02:16,194 - SwarmManager - ERROR - Handling failure of drone 1: Crashed
2026-02-13 19:02:16,195 - Drone_2 - INFO - Drone 2: Flying to {'x': 2236.455101762726, 'y': 1780.9006542108261, 'z': 60.0}
2026-02-13 19:02:16,195 - Drone_3 - INFO - Drone 3: Flying to {'x': 2297.540829131875, 'y': 1752.1816028375313, 'z': 60.0}
2026-02-13 19:02:16,405 - Drone_2 - INFO - Drone 2: Reached target position
2026-02-13 19:02:16,504 - Drone_3 - INFO - Drone 3: Reached target position
2026-02-13 19:02:17,196 - SwarmManager - ERROR - Drone 1 heartbeat timeout
2026-02-13 19:02:17,196 - SwarmManager - ERROR - Handling failure of drone 1: Heartbeat timeout
2026-02-13 19:02:17,196 - SwarmManager - ERROR - Drone 1 crashed
2026-02-13 19:02:17,197 - SwarmManager - ERROR - Handling failure of drone 1: Crashed
2026-02-13 19:02:17,199 - Drone_2 - INFO - Drone 2: Flying to {'x': 2233.1755669184895, 'y': 1773.647181834556, 'z': 60.0}
2026-02-13 19:02:17,200 - Drone_3 - INFO - Drone 3: Flying to {'x': 2294.177419822622, 'y': 1744.7504010058458, 'z': 60.0}
2026-02-13 19:02:17,411 - Drone_2 - INFO - Drone 2: Reached target position
2026-02-13 19:02:17,510 - Drone_3 - INFO - Drone 3: Reached target position
2026-02-13 19:02:18,200 - SwarmManager - ERROR - Drone 1 heartbeat timeout
2026-02-13 19:02:18,201 - SwarmManager - ERROR - Handling failure of drone 1: Heartbeat timeout
2026-02-13 19:02:18,201 - SwarmManager - ERROR - Drone 1 crashed
2026-02-13 19:02:18,201 - SwarmManager - ERROR - Handling failure of drone 1: Crashed
2026-02-13 19:02:18,201 - Drone_2 - INFO - Drone 2: Flying to {'x': 2229.8783430277063, 'y': 1766.41626586495, 'z': 60.0}
2026-02-13 19:02:18,202 - Drone_3 - INFO - Drone 3: Flying to {'x': 2290.7975827670607, 'y': 1737.3457270054962, 'z': 60.0}
2026-02-13 19:02:18,418 - Drone_2 - INFO - Drone 2: Reached target position
2026-02-13 19:02:18,517 - Drone_3 - INFO - Drone 3: Reached target position
2026-02-13 19:02:19,203 - SwarmManager - ERROR - Drone 1 heartbeat timeout
2026-02-13 19:02:19,203 - SwarmManager - ERROR - Handling failure of drone 1: Heartbeat timeout
2026-02-13 19:02:19,204 - SwarmManager - ERROR - Drone 1 crashed
2026-02-13 19:02:19,204 - SwarmManager - ERROR - Handling failure of drone 1: Crashed
2026-02-13 19:02:19,205 - Drone_2 - INFO - Drone 2: Flying to {'x': 2226.557663894742, 'y': 1759.194837569517, 'z': 60.0}
2026-02-13 19:02:19,205 - Drone_3 - INFO - Drone 3: Flying to {'x': 2287.3956660683803, 'y': 1729.9546684263614, 'z': 60.0}
2026-02-13 19:02:19,425 - Drone_2 - INFO - Drone 2: Reached target position
2026-02-13 19:02:19,524 - Drone_3 - INFO - Drone 3: Reached target position
2026-02-13 19:02:20,206 - SwarmManager - ERROR - Drone 1 heartbeat timeout
2026-02-13 19:02:20,207 - SwarmManager - ERROR - Handling failure of drone 1: Heartbeat timeout
2026-02-13 19:02:20,207 - SwarmManager - ERROR - Drone 1 crashed
2026-02-13 19:02:20,208 - SwarmManager - ERROR - Handling failure of drone 1: Crashed
2026-02-13 19:02:20,208 - Drone_2 - INFO - Drone 2: Flying to {'x': 2223.2079495424027, 'y': 1751.9704821628452, 'z': 60.0}
2026-02-13 19:02:20,208 - Drone_3 - INFO - Drone 3: Flying to {'x': 2283.9662180805776, 'y': 1722.5649928072326, 'z': 60.0}
2026-02-13 19:02:20,430 - Drone_2 - INFO - Drone 2: Reached target position
2026-02-13 19:02:20,529 - Drone_3 - INFO - Drone 3: Reached target position
2026-02-13 19:02:21,209 - SwarmManager - ERROR - Drone 1 heartbeat timeout
2026-02-13 19:02:21,210 - SwarmManager - ERROR - Handling failure of drone 1: Heartbeat timeout
2026-02-13 19:02:21,212 - SwarmManager - ERROR - Drone 1 crashed
2026-02-13 19:02:21,213 - SwarmManager - ERROR - Handling failure of drone 1: Crashed
2026-02-13 19:02:21,214 - Drone_2 - INFO - Drone 2: Flying to {'x': 2219.843537235622, 'y': 1744.7734300048935, 'z': 60.0}
2026-02-13 19:02:21,214 - Drone_3 - INFO - Drone 3: Flying to {'x': 2280.5241681780176, 'y': 1715.2080612699567, 'z': 60.0}
2026-02-13 19:02:21,287 - PhysicalMLTrainer_Drone5 - INFO - Physical ML model trained drone=5 samples=4301 degree=2 alpha=0.0 val_mse=0.000000
2026-02-13 19:02:21,346 - PhysicalMLTrainer_Drone3 - INFO - Physical ML model trained drone=3 samples=4301 degree=2 alpha=1.0 val_mse=0.442510
2026-02-13 19:02:21,437 - PhysicalMLTrainer_Drone4 - INFO - Physical ML model trained drone=4 samples=4301 degree=2 alpha=1.0 val_mse=0.000875
2026-02-13 19:02:21,440 - Drone_2 - INFO - Drone 2: Reached target position
2026-02-13 19:02:21,451 - PhysicalMLTrainer_Drone2 - INFO - Physical ML model trained drone=2 samples=4301 degree=2 alpha=0.0 val_mse=0.018616
2026-02-13 19:02:21,548 - Drone_3 - INFO - Drone 3: Reached target position
2026-02-13 19:02:22,214 - SwarmManager - ERROR - Drone 1 heartbeat timeout
2026-02-13 19:02:22,215 - SwarmManager - ERROR - Handling failure of drone 1: Heartbeat timeout
2026-02-13 19:02:22,215 - SwarmManager - ERROR - Drone 1 crashed
2026-02-13 19:02:22,216 - SwarmManager - ERROR - Handling failure of drone 1: Crashed
2026-02-13 19:02:22,216 - Drone_2 - INFO - Drone 2: Flying to {'x': 2216.395920590882, 'y': 1737.457738998184, 'z': 60.0}
2026-02-13 19:02:22,216 - Drone_3 - INFO - Drone 3: Flying to {'x': 2276.999740511156, 'y': 1707.7352389170844, 'z': 60.0}
2026-02-13 19:02:22,457 - Drone_2 - INFO - Drone 2: Reached target position
2026-02-13 19:02:22,556 - Drone_3 - INFO - Drone 3: Reached target position
2026-02-13 19:02:23,217 - SwarmManager - ERROR - Drone 1 heartbeat timeout
2026-02-13 19:02:23,218 - SwarmManager - ERROR - Handling failure of drone 1: Heartbeat timeout
2026-02-13 19:02:23,219 - SwarmManager - ERROR - Drone 1 crashed
2026-02-13 19:02:23,219 - SwarmManager - ERROR - Handling failure of drone 1: Crashed
2026-02-13 19:02:23,219 - Drone_2 - INFO - Drone 2: Flying to {'x': 2212.979761670894, 'y': 1730.2658337706996, 'z': 60.0}
2026-02-13 19:02:23,219 - Drone_3 - INFO - Drone 3: Flying to {'x': 2273.510401005411, 'y': 1700.394581675171, 'z': 60.0}
2026-02-13 19:02:23,463 - Drone_2 - INFO - Drone 2: Reached target position
2026-02-13 19:02:23,564 - Drone_3 - INFO - Drone 3: Reached target position
2026-02-13 19:02:24,220 - SwarmManager - ERROR - Drone 1 heartbeat timeout
2026-02-13 19:02:24,221 - SwarmManager - ERROR - Handling failure of drone 1: Heartbeat timeout
2026-02-13 19:02:24,221 - SwarmManager - ERROR - Drone 1 crashed
2026-02-13 19:02:24,221 - SwarmManager - ERROR - Handling failure of drone 1: Crashed
2026-02-13 19:02:24,222 - Drone_2 - INFO - Drone 2: Flying to {'x': 2209.5374049352604, 'y': 1723.0740253174758, 'z': 60.0}
2026-02-13 19:02:24,222 - Drone_3 - INFO - Drone 3: Flying to {'x': 2269.99742830356, 'y': 1693.0601023099011, 'z': 60.0}
2026-02-13 19:02:24,471 - Drone_2 - INFO - Drone 2: Reached target position
2026-02-13 19:02:24,572 - Drone_3 - INFO - Drone 3: Reached target position
2026-02-13 19:02:25,222 - SwarmManager - ERROR - Drone 1 heartbeat timeout
2026-02-13 19:02:25,224 - SwarmManager - ERROR - Handling failure of drone 1: Heartbeat timeout
2026-02-13 19:02:25,225 - SwarmManager - ERROR - Drone 1 crashed
2026-02-13 19:02:25,226 - SwarmManager - ERROR - Handling failure of drone 1: Crashed
2026-02-13 19:02:25,227 - Drone_2 - INFO - Drone 2: Flying to {'x': 2206.0741475079017, 'y': 1715.8922101118094, 'z': 60.0}
2026-02-13 19:02:25,228 - Drone_3 - INFO - Drone 3: Flying to {'x': 2266.466454765535, 'y': 1685.7422644385645, 'z': 60.0}
2026-02-13 19:02:25,477 - Drone_2 - INFO - Drone 2: Reached target position
2026-02-13 19:02:25,578 - Drone_3 - INFO - Drone 3: Reached target position
2026-02-13 19:02:26,229 - SwarmManager - ERROR - Drone 1 heartbeat timeout
2026-02-13 19:02:26,230 - SwarmManager - ERROR - Handling failure of drone 1: Heartbeat timeout
2026-02-13 19:02:26,231 - SwarmManager - ERROR - Drone 1 crashed
2026-02-13 19:02:26,232 - SwarmManager - ERROR - Handling failure of drone 1: Crashed
2026-02-13 19:02:26,233 - Drone_2 - INFO - Drone 2: Flying to {'x': 2202.5888743072082, 'y': 1708.7166890615647, 'z': 60.0}
2026-02-13 19:02:26,234 - Drone_3 - INFO - Drone 3: Flying to {'x': 2262.9165552166232, 'y': 1678.437638282325, 'z': 60.0}
2026-02-13 19:02:26,484 - Drone_2 - INFO - Drone 2: Reached target position
2026-02-13 19:02:26,584 - Drone_3 - INFO - Drone 3: Reached target position
2026-02-13 19:02:27,234 - SwarmManager - ERROR - Drone 1 heartbeat timeout
2026-02-13 19:02:27,235 - SwarmManager - ERROR - Handling failure of drone 1: Heartbeat timeout
2026-02-13 19:02:27,235 - SwarmManager - ERROR - Drone 1 crashed
2026-02-13 19:02:27,235 - SwarmManager - ERROR - Handling failure of drone 1: Crashed
2026-02-13 19:02:27,236 - Drone_2 - INFO - Drone 2: Flying to {'x': 2199.0843731143023, 'y': 1701.5516653848492, 'z': 60.0}
2026-02-13 19:02:27,236 - Drone_3 - INFO - Drone 3: Flying to {'x': 2259.35076834942, 'y': 1671.1508166242536, 'z': 60.0}
2026-02-13 19:02:27,493 - Drone_2 - INFO - Drone 2: Reached target position
2026-02-13 19:02:27,594 - Drone_3 - INFO - Drone 3: Reached target position
2026-02-13 19:02:28,236 - SwarmManager - ERROR - Drone 1 heartbeat timeout
2026-02-13 19:02:28,237 - SwarmManager - ERROR - Handling failure of drone 1: Heartbeat timeout
2026-02-13 19:02:28,238 - SwarmManager - ERROR - Drone 1 crashed
2026-02-13 19:02:28,239 - SwarmManager - ERROR - Handling failure of drone 1: Crashed
2026-02-13 19:02:28,240 - Drone_2 - INFO - Drone 2: Flying to {'x': 2195.554280218974, 'y': 1694.3825653726499, 'z': 60.0}
2026-02-13 19:02:28,240 - Drone_3 - INFO - Drone 3: Flying to {'x': 2255.76281411579, 'y': 1663.8672832013199, 'z': 60.0}
2026-02-13 19:02:28,499 - Drone_2 - INFO - Drone 2: Reached target position
2026-02-13 19:02:28,601 - Drone_3 - INFO - Drone 3: Reached target position
2026-02-13 19:02:29,242 - SwarmManager - ERROR - Drone 1 heartbeat timeout
2026-02-13 19:02:29,244 - SwarmManager - ERROR - Handling failure of drone 1: Heartbeat timeout
2026-02-13 19:02:29,245 - SwarmManager - ERROR - Drone 1 crashed
2026-02-13 19:02:29,246 - SwarmManager - ERROR - Handling failure of drone 1: Crashed
2026-02-13 19:02:29,247 - Drone_2 - INFO - Drone 2: Flying to {'x': 2192.009555765609, 'y': 1687.2298857139524, 'z': 60.0}
2026-02-13 19:02:29,247 - Drone_3 - INFO - Drone 3: Flying to {'x': 2252.1640089424404, 'y': 1656.6081326126625, 'z': 60.0}
2026-02-13 19:02:29,505 - Drone_2 - INFO - Drone 2: Reached target position
2026-02-13 19:02:29,608 - Drone_3 - INFO - Drone 3: Reached target position
2026-02-13 19:02:30,248 - SwarmManager - ERROR - Drone 1 heartbeat timeout
2026-02-13 19:02:30,248 - SwarmManager - ERROR - Handling failure of drone 1: Heartbeat timeout
2026-02-13 19:02:30,249 - SwarmManager - ERROR - Drone 1 crashed
2026-02-13 19:02:30,249 - SwarmManager - ERROR - Handling failure of drone 1: Crashed
2026-02-13 19:02:30,249 - Drone_2 - INFO - Drone 2: Flying to {'x': 2188.440537522195, 'y': 1680.0722593663077, 'z': 60.0}
2026-02-13 19:02:30,250 - Drone_3 - INFO - Drone 3: Flying to {'x': 2248.544706971159, 'y': 1649.351927095152, 'z': 60.0}
2026-02-13 19:02:30,510 - Drone_2 - INFO - Drone 2: Reached target position
2026-02-13 19:02:30,615 - Drone_3 - INFO - Drone 3: Reached target position
2026-02-13 19:02:31,250 - SwarmManager - ERROR - Drone 1 heartbeat timeout
2026-02-13 19:02:31,251 - SwarmManager - ERROR - Handling failure of drone 1: Heartbeat timeout
2026-02-13 19:02:31,252 - SwarmManager - ERROR - Drone 1 crashed
2026-02-13 19:02:31,253 - SwarmManager - ERROR - Handling failure of drone 1: Crashed
2026-02-13 19:02:31,254 - Drone_2 - INFO - Drone 2: Flying to {'x': 2184.847840042033, 'y': 1672.9091216464458, 'z': 60.0}
2026-02-13 19:02:31,255 - Drone_3 - INFO - Drone 3: Flying to {'x': 2244.905700137932, 'y': 1642.098353387582, 'z': 60.0}
2026-02-13 19:02:31,516 - Drone_2 - INFO - Drone 2: Reached target position
2026-02-13 19:02:31,621 - Drone_3 - INFO - Drone 3: Reached target position
2026-02-13 19:02:32,256 - SwarmManager - ERROR - Drone 1 heartbeat timeout
2026-02-13 19:02:32,257 - SwarmManager - ERROR - Handling failure of drone 1: Heartbeat timeout
2026-02-13 19:02:32,258 - SwarmManager - ERROR - Drone 1 crashed
2026-02-13 19:02:32,259 - SwarmManager - ERROR - Handling failure of drone 1: Crashed
2026-02-13 19:02:32,261 - Drone_2 - INFO - Drone 2: Flying to {'x': 2181.2425829481895, 'y': 1665.7605544613841, 'z': 60.0}
2026-02-13 19:02:32,261 - Drone_3 - INFO - Drone 3: Flying to {'x': 2241.2583879493955, 'y': 1634.8679477397557, 'z': 60.0}
2026-02-13 19:02:32,524 - Drone_2 - INFO - Drone 2: Reached target position
2026-02-13 19:02:32,628 - Drone_3 - INFO - Drone 3: Reached target position
2026-02-13 19:02:33,262 - SwarmManager - ERROR - Drone 1 heartbeat timeout
2026-02-13 19:02:33,263 - SwarmManager - ERROR - Handling failure of drone 1: Heartbeat timeout
2026-02-13 19:02:33,264 - SwarmManager - ERROR - Drone 1 crashed
2026-02-13 19:02:33,265 - SwarmManager - ERROR - Handling failure of drone 1: Crashed
2026-02-13 19:02:33,266 - Drone_2 - INFO - Drone 2: Flying to {'x': 2177.623043376302, 'y': 1658.6208412919282, 'z': 60.0}
2026-02-13 19:02:33,266 - Drone_3 - INFO - Drone 3: Flying to {'x': 2237.6011351207662, 'y': 1627.6550777668253, 'z': 60.0}
2026-02-13 19:02:33,532 - Drone_2 - INFO - Drone 2: Reached target position
2026-02-13 19:02:33,636 - Drone_3 - INFO - Drone 3: Reached target position
2026-02-13 19:02:34,267 - SwarmManager - ERROR - Drone 1 heartbeat timeout
2026-02-13 19:02:34,268 - SwarmManager - ERROR - Handling failure of drone 1: Heartbeat timeout
2026-02-13 19:02:34,268 - SwarmManager - ERROR - Drone 1 crashed
2026-02-13 19:02:34,268 - SwarmManager - ERROR - Handling failure of drone 1: Crashed
2026-02-13 19:02:34,268 - Drone_2 - INFO - Drone 2: Flying to {'x': 2173.986878680248, 'y': 1651.4830731510008, 'z': 60.0}
2026-02-13 19:02:34,268 - Drone_3 - INFO - Drone 3: Flying to {'x': 2233.931678081063, 'y': 1620.4529100061502, 'z': 60.0}
2026-02-13 19:02:34,538 - Drone_2 - INFO - Drone 2: Reached target position
2026-02-13 19:02:34,641 - Drone_3 - INFO - Drone 3: Reached target position
2026-02-13 19:02:35,269 - SwarmManager - ERROR - Drone 1 heartbeat timeout
2026-02-13 19:02:35,270 - SwarmManager - ERROR - Handling failure of drone 1: Heartbeat timeout
2026-02-13 19:02:35,271 - SwarmManager - ERROR - Drone 1 crashed
2026-02-13 19:02:35,272 - SwarmManager - ERROR - Handling failure of drone 1: Crashed
2026-02-13 19:02:35,274 - Drone_2 - INFO - Drone 2: Flying to {'x': 2170.338161248076, 'y': 1644.352881426404, 'z': 60.0}
2026-02-13 19:02:35,274 - Drone_3 - INFO - Drone 3: Flying to {'x': 2230.254215154121, 'y': 1613.2672499493392, 'z': 60.0}
2026-02-13 19:02:35,544 - Drone_2 - INFO - Drone 2: Reached target position
2026-02-13 19:02:35,647 - Drone_3 - INFO - Drone 3: Reached target position
2026-02-13 19:02:36,275 - SwarmManager - ERROR - Drone 1 heartbeat timeout
2026-02-13 19:02:36,276 - SwarmManager - ERROR - Handling failure of drone 1: Heartbeat timeout
2026-02-13 19:02:36,278 - SwarmManager - ERROR - Drone 1 crashed
2026-02-13 19:02:36,279 - SwarmManager - ERROR - Handling failure of drone 1: Crashed
2026-02-13 19:02:36,281 - Drone_2 - INFO - Drone 2: Flying to {'x': 2166.6713121533703, 'y': 1637.2169737957836, 'z': 60.0}
2026-02-13 19:02:36,282 - Drone_3 - INFO - Drone 3: Flying to {'x': 2226.563203738121, 'y': 1606.084814821493, 'z': 60.0}
2026-02-13 19:02:36,551 - Drone_2 - INFO - Drone 2: Reached target position
2026-02-13 19:02:36,652 - Drone_3 - INFO - Drone 3: Reached target position
2026-02-13 19:02:37,283 - SwarmManager - ERROR - Drone 1 heartbeat timeout
2026-02-13 19:02:37,284 - SwarmManager - ERROR - Handling failure of drone 1: Heartbeat timeout
2026-02-13 19:02:37,285 - SwarmManager - ERROR - Drone 1 crashed
2026-02-13 19:02:37,286 - SwarmManager - ERROR - Handling failure of drone 1: Crashed
2026-02-13 19:02:37,286 - Drone_2 - INFO - Drone 2: Flying to {'x': 2162.9900011153154, 'y': 1630.0800757465463, 'z': 60.0}
2026-02-13 19:02:37,286 - Drone_3 - INFO - Drone 3: Flying to {'x': 2222.8624106126176, 'y': 1598.9104658518522, 'z': 60.0}
2026-02-13 19:02:37,558 - Drone_2 - INFO - Drone 2: Reached target position
2026-02-13 19:02:37,660 - Drone_3 - INFO - Drone 3: Reached target position
2026-02-13 19:02:38,287 - SwarmManager - ERROR - Drone 1 heartbeat timeout
2026-02-13 19:02:38,289 - SwarmManager - ERROR - Handling failure of drone 1: Heartbeat timeout
2026-02-13 19:02:38,290 - SwarmManager - ERROR - Drone 1 crashed
2026-02-13 19:02:38,291 - SwarmManager - ERROR - Handling failure of drone 1: Crashed
2026-02-13 19:02:38,292 - Drone_2 - INFO - Drone 2: Flying to {'x': 2159.293776814709, 'y': 1622.9388137099263, 'z': 60.0}
2026-02-13 19:02:38,292 - Drone_3 - INFO - Drone 3: Flying to {'x': 2219.151437850212, 'y': 1591.7408904559848, 'z': 60.0}
2026-02-13 19:02:38,566 - Drone_2 - INFO - Drone 2: Reached target position
2026-02-13 19:02:38,666 - Drone_3 - INFO - Drone 3: Reached target position
2026-02-13 19:02:39,292 - SwarmManager - ERROR - Drone 1 heartbeat timeout
2026-02-13 19:02:39,294 - SwarmManager - ERROR - Handling failure of drone 1: Heartbeat timeout
2026-02-13 19:02:39,295 - SwarmManager - ERROR - Drone 1 crashed
2026-02-13 19:02:39,296 - SwarmManager - ERROR - Handling failure of drone 1: Crashed
2026-02-13 19:02:39,297 - Drone_2 - INFO - Drone 2: Flying to {'x': 2155.5898301111706, 'y': 1615.804481165852, 'z': 60.0}
2026-02-13 19:02:39,298 - Drone_3 - INFO - Drone 3: Flying to {'x': 2215.43753695064, 'y': 1584.5874667977723, 'z': 60.0}
2026-02-13 19:02:39,572 - Drone_2 - INFO - Drone 2: Reached target position
2026-02-13 19:02:39,672 - Drone_3 - INFO - Drone 3: Reached target position
2026-02-13 19:02:40,298 - SwarmManager - ERROR - Drone 1 heartbeat timeout
2026-02-13 19:02:40,299 - SwarmManager - ERROR - Handling failure of drone 1: Heartbeat timeout
2026-02-13 19:02:40,299 - SwarmManager - ERROR - Drone 1 crashed
2026-02-13 19:02:40,300 - SwarmManager - ERROR - Handling failure of drone 1: Crashed
2026-02-13 19:02:40,300 - Drone_2 - INFO - Drone 2: Flying to {'x': 2151.868713306747, 'y': 1608.6562681296425, 'z': 60.0}
2026-02-13 19:02:40,300 - Drone_3 - INFO - Drone 3: Flying to {'x': 2211.7112607820036, 'y': 1577.4293644779561, 'z': 60.0}
2026-02-13 19:02:40,579 - Drone_2 - INFO - Drone 2: Reached target position
2026-02-13 19:02:40,678 - Drone_3 - INFO - Drone 3: Reached target position
2026-02-13 19:02:41,301 - SwarmManager - ERROR - Drone 1 heartbeat timeout
2026-02-13 19:02:41,301 - SwarmManager - ERROR - Handling failure of drone 1: Heartbeat timeout
2026-02-13 19:02:41,302 - SwarmManager - ERROR - Drone 1 crashed
2026-02-13 19:02:41,302 - SwarmManager - ERROR - Handling failure of drone 1: Crashed
2026-02-13 19:02:41,302 - Drone_2 - INFO - Drone 2: Flying to {'x': 2148.1468335844847, 'y': 1601.5230074676333, 'z': 60.0}
2026-02-13 19:02:41,303 - Drone_3 - INFO - Drone 3: Flying to {'x': 2207.9890416347826, 'y': 1570.2954533580837, 'z': 60.0}
2026-02-13 19:02:41,418 - PhysicalMLTrainer_Drone5 - INFO - Physical ML model trained drone=5 samples=4501 degree=2 alpha=0.0 val_mse=0.000000
2026-02-13 19:02:41,495 - PhysicalMLTrainer_Drone3 - INFO - Physical ML model trained drone=3 samples=4501 degree=2 alpha=1.0 val_mse=0.010570
2026-02-13 19:02:41,588 - Drone_2 - INFO - Drone 2: Reached target position
2026-02-13 19:02:41,594 - PhysicalMLTrainer_Drone4 - INFO - Physical ML model trained drone=4 samples=4501 degree=2 alpha=1.0 val_mse=0.000613
2026-02-13 19:02:41,601 - PhysicalMLTrainer_Drone2 - INFO - Physical ML model trained drone=2 samples=4501 degree=2 alpha=0.0 val_mse=0.012971
2026-02-13 19:02:41,696 - Drone_3 - INFO - Drone 3: Reached target position
2026-02-13 19:02:42,303 - SwarmManager - ERROR - Drone 1 heartbeat timeout
2026-02-13 19:02:42,304 - SwarmManager - ERROR - Handling failure of drone 1: Heartbeat timeout
2026-02-13 19:02:42,306 - SwarmManager - ERROR - Drone 1 crashed
2026-02-13 19:02:42,306 - SwarmManager - ERROR - Handling failure of drone 1: Crashed
2026-02-13 19:02:42,307 - Drone_2 - INFO - Drone 2: Flying to {'x': 2144.312824192669, 'y': 1594.1890442237263, 'z': 60.0}
2026-02-13 19:02:42,308 - Drone_3 - INFO - Drone 3: Flying to {'x': 2204.1596797811953, 'y': 1562.970397933951, 'z': 60.0}
2026-02-13 19:02:42,607 - Drone_2 - INFO - Drone 2: Reached target position
2026-02-13 19:02:42,703 - Drone_3 - INFO - Drone 3: Reached target position
2026-02-13 19:02:43,309 - SwarmManager - ERROR - Drone 1 heartbeat timeout
2026-02-13 19:02:43,310 - SwarmManager - ERROR - Handling failure of drone 1: Heartbeat timeout
2026-02-13 19:02:43,311 - SwarmManager - ERROR - Drone 1 crashed
2026-02-13 19:02:43,312 - SwarmManager - ERROR - Handling failure of drone 1: Crashed
2026-02-13 19:02:43,314 - Drone_2 - INFO - Drone 2: Flying to {'x': 2140.5712802995863, 'y': 1587.0429773891738, 'z': 60.0}
2026-02-13 19:02:43,315 - Drone_3 - INFO - Drone 3: Flying to {'x': 2200.427508185267, 'y': 1555.8423045871737, 'z': 60.0}
2026-02-13 19:02:43,613 - Drone_2 - INFO - Drone 2: Reached target position
2026-02-13 19:02:43,709 - Drone_3 - INFO - Drone 3: Reached target position
2026-02-13 19:02:44,316 - SwarmManager - ERROR - Drone 1 heartbeat timeout
2026-02-13 19:02:44,317 - SwarmManager - ERROR - Handling failure of drone 1: Heartbeat timeout
2026-02-13 19:02:44,318 - SwarmManager - ERROR - Drone 1 crashed
2026-02-13 19:02:44,320 - SwarmManager - ERROR - Handling failure of drone 1: Crashed
2026-02-13 19:02:44,320 - Drone_2 - INFO - Drone 2: Flying to {'x': 2136.8269044216854, 'y': 1579.8995638074232, 'z': 60.0}
2026-02-13 19:02:44,320 - Drone_3 - INFO - Drone 3: Flying to {'x': 2196.69723438705, 'y': 1548.7259597514533, 'z': 60.0}
2026-02-13 19:02:44,620 - Drone_2 - INFO - Drone 2: Reached target position
2026-02-13 19:02:44,715 - Drone_3 - INFO - Drone 3: Reached target position
2026-02-13 19:02:45,320 - SwarmManager - ERROR - Drone 1 heartbeat timeout
2026-02-13 19:02:45,321 - SwarmManager - ERROR - Handling failure of drone 1: Heartbeat timeout
2026-02-13 19:02:45,321 - SwarmManager - ERROR - Drone 1 crashed
2026-02-13 19:02:45,321 - SwarmManager - ERROR - Handling failure of drone 1: Crashed
2026-02-13 19:02:45,321 - Drone_2 - INFO - Drone 2: Flying to {'x': 2133.0846818069285, 'y': 1572.76552653253, 'z': 60.0}
2026-02-13 19:02:45,322 - Drone_3 - INFO - Drone 3: Flying to {'x': 2192.9737582147236, 'y': 1541.6279523331598, 'z': 60.0}
2026-02-13 19:02:45,525 - Drone_2 - INFO - Drone 2: Reached target position
2026-02-13 19:02:45,722 - Drone_3 - INFO - Drone 3: Reached target position
2026-02-13 19:02:46,322 - SwarmManager - ERROR - Drone 1 heartbeat timeout
2026-02-13 19:02:46,323 - SwarmManager - ERROR - Handling failure of drone 1: Heartbeat timeout
2026-02-13 19:02:46,323 - SwarmManager - ERROR - Drone 1 crashed
2026-02-13 19:02:46,323 - SwarmManager - ERROR - Handling failure of drone 1: Crashed
2026-02-13 19:02:46,323 - Drone_2 - INFO - Drone 2: Flying to {'x': 2129.7032598499604, 'y': 1566.3215252924535, 'z': 60.0}
2026-02-13 19:02:46,324 - Drone_3 - INFO - Drone 3: Flying to {'x': 2189.613212815844, 'y': 1535.2241373695813, 'z': 60.0}
2026-02-13 19:02:46,431 - Drone_2 - INFO - Drone 2: Reached target position
2026-02-13 19:02:46,628 - Drone_3 - INFO - Drone 3: Reached target position
2026-02-13 19:02:47,324 - SwarmManager - ERROR - Drone 1 heartbeat timeout
2026-02-13 19:02:47,325 - SwarmManager - ERROR - Handling failure of drone 1: Heartbeat timeout
2026-02-13 19:02:47,326 - SwarmManager - ERROR - Drone 1 crashed
2026-02-13 19:02:47,326 - SwarmManager - ERROR - Handling failure of drone 1: Crashed
2026-02-13 19:02:47,326 - Drone_2 - INFO - Drone 2: Flying to {'x': 2125.957192208026, 'y': 1559.1825340651721, 'z': 60.0}
2026-02-13 19:02:47,326 - Drone_3 - INFO - Drone 3: Flying to {'x': 2185.8945617980507, 'y': 1528.1380220440642, 'z': 60.0}
2026-02-13 19:02:47,437 - Drone_2 - INFO - Drone 2: Reached target position
2026-02-13 19:02:47,634 - Drone_3 - INFO - Drone 3: Reached target position
2026-02-13 19:02:48,327 - SwarmManager - ERROR - Drone 1 heartbeat timeout
2026-02-13 19:02:48,327 - SwarmManager - ERROR - Handling failure of drone 1: Heartbeat timeout
2026-02-13 19:02:48,328 - SwarmManager - ERROR - Drone 1 crashed
2026-02-13 19:02:48,328 - SwarmManager - ERROR - Handling failure of drone 1: Crashed
2026-02-13 19:02:48,329 - Drone_2 - INFO - Drone 2: Flying to {'x': 2122.205874423829, 'y': 1552.0307762437644, 'z': 60.0}
2026-02-13 19:02:48,329 - Drone_3 - INFO - Drone 3: Flying to {'x': 2182.1751305417824, 'y': 1521.0479048361742, 'z': 60.0}
2026-02-13 19:02:48,443 - Drone_2 - INFO - Drone 2: Reached target position
2026-02-13 19:02:48,640 - Drone_3 - INFO - Drone 3: Reached target position
2026-02-13 19:02:49,329 - SwarmManager - ERROR - Drone 1 heartbeat timeout
2026-02-13 19:02:49,330 - SwarmManager - ERROR - Handling failure of drone 1: Heartbeat timeout
2026-02-13 19:02:49,332 - SwarmManager - ERROR - Drone 1 crashed
2026-02-13 19:02:49,333 - SwarmManager - ERROR - Handling failure of drone 1: Crashed
2026-02-13 19:02:49,334 - Drone_2 - INFO - Drone 2: Flying to {'x': 2118.451320652827, 'y': 1544.8673241632064, 'z': 60.0}
2026-02-13 19:02:49,334 - Drone_3 - INFO - Drone 3: Flying to {'x': 2178.4568355074966, 'y': 1513.9547347047683, 'z': 60.0}
2026-02-13 19:02:49,451 - Drone_2 - INFO - Drone 2: Reached target position
2026-02-13 19:02:49,646 - Drone_3 - INFO - Drone 3: Reached target position
2026-02-13 19:02:50,335 - SwarmManager - ERROR - Drone 1 heartbeat timeout
2026-02-13 19:02:50,336 - SwarmManager - ERROR - Handling failure of drone 1: Heartbeat timeout
2026-02-13 19:02:50,336 - SwarmManager - ERROR - Drone 1 crashed
2026-02-13 19:02:50,336 - SwarmManager - ERROR - Handling failure of drone 1: Crashed
2026-02-13 19:02:50,336 - Drone_2 - INFO - Drone 2: Flying to {'x': 2114.7008352144653, 'y': 1537.7033697755048, 'z': 60.0}
2026-02-13 19:02:50,336 - Drone_3 - INFO - Drone 3: Flying to {'x': 2174.7468073211826, 'y': 1506.8694398644573, 'z': 60.0}
2026-02-13 19:02:50,458 - Drone_2 - INFO - Drone 2: Reached target position
2026-02-13 19:02:50,652 - Drone_3 - INFO - Drone 3: Reached target position
2026-02-13 19:02:51,337 - SwarmManager - ERROR - Drone 1 heartbeat timeout
2026-02-13 19:02:51,338 - SwarmManager - ERROR - Handling failure of drone 1: Heartbeat timeout
2026-02-13 19:02:51,339 - SwarmManager - ERROR - Drone 1 crashed
2026-02-13 19:02:51,339 - SwarmManager - ERROR - Handling failure of drone 1: Crashed
2026-02-13 19:02:51,339 - Drone_2 - INFO - Drone 2: Flying to {'x': 2110.950206859686, 'y': 1530.5281398508869, 'z': 60.0}
2026-02-13 19:02:51,340 - Drone_3 - INFO - Drone 3: Flying to {'x': 2171.0407659423286, 'y': 1499.7811935125037, 'z': 60.0}
2026-02-13 19:02:51,466 - Drone_2 - INFO - Drone 2: Reached target position
2026-02-13 19:02:51,658 - Drone_3 - INFO - Drone 3: Reached target position
2026-02-13 19:02:52,340 - SwarmManager - ERROR - Drone 1 heartbeat timeout
2026-02-13 19:02:52,341 - SwarmManager - ERROR - Handling failure of drone 1: Heartbeat timeout
2026-02-13 19:02:52,341 - SwarmManager - ERROR - Drone 1 crashed
2026-02-13 19:02:52,341 - SwarmManager - ERROR - Handling failure of drone 1: Crashed
2026-02-13 19:02:52,341 - Drone_2 - INFO - Drone 2: Flying to {'x': 2107.20140935712, 'y': 1523.3426840654597, 'z': 60.0}
2026-02-13 19:02:52,342 - Drone_3 - INFO - Drone 3: Flying to {'x': 2167.3405457645636, 'y': 1492.6908607564474, 'z': 60.0}
2026-02-13 19:02:52,473 - Drone_2 - INFO - Drone 2: Reached target position
2026-02-13 19:02:52,665 - Drone_3 - INFO - Drone 3: Reached target position
2026-02-13 19:02:53,342 - SwarmManager - ERROR - Drone 1 heartbeat timeout
2026-02-13 19:02:53,343 - SwarmManager - ERROR - Handling failure of drone 1: Heartbeat timeout
2026-02-13 19:02:53,344 - SwarmManager - ERROR - Drone 1 crashed
2026-02-13 19:02:53,345 - SwarmManager - ERROR - Handling failure of drone 1: Crashed
2026-02-13 19:02:53,347 - Drone_2 - INFO - Drone 2: Flying to {'x': 2103.450684307729, 'y': 1516.1370612211772, 'z': 60.0}
2026-02-13 19:02:53,347 - Drone_3 - INFO - Drone 3: Flying to {'x': 2163.6423185530284, 'y': 1485.5884578671757, 'z': 60.0}
2026-02-13 19:02:53,479 - Drone_2 - INFO - Drone 2: Reached target position
2026-02-13 19:02:53,672 - Drone_3 - INFO - Drone 3: Reached target position
2026-02-13 19:02:54,349 - SwarmManager - ERROR - Drone 1 heartbeat timeout
2026-02-13 19:02:54,350 - SwarmManager - ERROR - Handling failure of drone 1: Heartbeat timeout
2026-02-13 19:02:54,352 - SwarmManager - ERROR - Drone 1 crashed
2026-02-13 19:02:54,353 - SwarmManager - ERROR - Handling failure of drone 1: Crashed
2026-02-13 19:02:54,354 - Drone_2 - INFO - Drone 2: Flying to {'x': 2099.715228413299, 'y': 1508.9416860885442, 'z': 60.0}
2026-02-13 19:02:54,354 - Drone_3 - INFO - Drone 3: Flying to {'x': 2159.962896379513, 'y': 1478.5037409438262, 'z': 60.0}
2026-02-13 19:02:54,485 - Drone_2 - INFO - Drone 2: Reached target position
2026-02-13 19:02:54,678 - Drone_3 - INFO - Drone 3: Reached target position
2026-02-13 19:02:55,355 - SwarmManager - ERROR - Drone 1 heartbeat timeout
2026-02-13 19:02:55,356 - SwarmManager - ERROR - Handling failure of drone 1: Heartbeat timeout
2026-02-13 19:02:55,357 - SwarmManager - ERROR - Drone 1 crashed
2026-02-13 19:02:55,358 - SwarmManager - ERROR - Handling failure of drone 1: Crashed
2026-02-13 19:02:55,359 - Drone_2 - INFO - Drone 2: Flying to {'x': 2095.988793247887, 'y': 1501.7420054075374, 'z': 60.0}
2026-02-13 19:02:55,360 - Drone_3 - INFO - Drone 3: Flying to {'x': 2156.2959606575932, 'y': 1471.4221182207802, 'z': 60.0}
2026-02-13 19:02:55,492 - Drone_2 - INFO - Drone 2: Reached target position
2026-02-13 19:02:55,682 - Drone_3 - INFO - Drone 3: Reached target position
2026-02-13 19:02:56,361 - SwarmManager - ERROR - Drone 1 heartbeat timeout
2026-02-13 19:02:56,362 - SwarmManager - ERROR - Handling failure of drone 1: Heartbeat timeout
2026-02-13 19:02:56,363 - SwarmManager - ERROR - Drone 1 crashed
2026-02-13 19:02:56,364 - SwarmManager - ERROR - Handling failure of drone 1: Crashed
2026-02-13 19:02:56,365 - Drone_2 - INFO - Drone 2: Flying to {'x': 2092.2655290859166, 'y': 1494.5241265662642, 'z': 60.0}
2026-02-13 19:02:56,365 - Drone_3 - INFO - Drone 3: Flying to {'x': 2152.635605633477, 'y': 1464.3296923499777, 'z': 60.0}
2026-02-13 19:02:56,499 - Drone_2 - INFO - Drone 2: Reached target position
2026-02-13 19:02:56,690 - Drone_3 - INFO - Drone 3: Reached target position
2026-02-13 19:02:57,366 - SwarmManager - ERROR - Drone 1 heartbeat timeout
2026-02-13 19:02:57,367 - SwarmManager - ERROR - Handling failure of drone 1: Heartbeat timeout
2026-02-13 19:02:57,368 - SwarmManager - ERROR - Drone 1 crashed
2026-02-13 19:02:57,369 - SwarmManager - ERROR - Handling failure of drone 1: Crashed
2026-02-13 19:02:57,370 - Drone_2 - INFO - Drone 2: Flying to {'x': 2088.5510362505634, 'y': 1487.2963386270692, 'z': 60.0}
2026-02-13 19:02:57,371 - Drone_3 - INFO - Drone 3: Flying to {'x': 2148.9871844231307, 'y': 1457.2343693957707, 'z': 60.0}
2026-02-13 19:02:57,506 - Drone_2 - INFO - Drone 2: Reached target position
2026-02-13 19:02:57,696 - Drone_3 - INFO - Drone 3: Reached target position
2026-02-13 19:02:58,372 - SwarmManager - ERROR - Drone 1 heartbeat timeout
2026-02-13 19:02:58,372 - SwarmManager - ERROR - Handling failure of drone 1: Heartbeat timeout
2026-02-13 19:02:58,372 - SwarmManager - ERROR - Drone 1 crashed
2026-02-13 19:02:58,373 - SwarmManager - ERROR - Handling failure of drone 1: Crashed
2026-02-13 19:02:58,373 - Drone_2 - INFO - Drone 2: Flying to {'x': 2084.83864879365, 'y': 1480.043095776978, 'z': 60.0}
2026-02-13 19:02:58,373 - Drone_3 - INFO - Drone 3: Flying to {'x': 2145.3439947547236, 'y': 1450.1206441706884, 'z': 60.0}
2026-02-13 19:02:58,513 - Drone_2 - INFO - Drone 2: Reached target position
2026-02-13 19:02:58,701 - Drone_3 - INFO - Drone 3: Reached target position
2026-02-13 19:02:59,374 - SwarmManager - ERROR - Drone 1 heartbeat timeout
2026-02-13 19:02:59,374 - SwarmManager - ERROR - Handling failure of drone 1: Heartbeat timeout
2026-02-13 19:02:59,375 - SwarmManager - ERROR - Drone 1 crashed
2026-02-13 19:02:59,375 - SwarmManager - ERROR - Handling failure of drone 1: Crashed
2026-02-13 19:02:59,375 - Drone_2 - INFO - Drone 2: Flying to {'x': 2081.1522996274543, 'y': 1472.8088428384572, 'z': 60.0}
2026-02-13 19:02:59,375 - Drone_3 - INFO - Drone 3: Flying to {'x': 2141.7293443021126, 'y': 1443.0318104395683, 'z': 60.0}
2026-02-13 19:02:59,519 - Drone_2 - INFO - Drone 2: Reached target position
2026-02-13 19:02:59,706 - Drone_3 - INFO - Drone 3: Reached target position
2026-02-13 19:03:00,376 - SwarmManager - ERROR - Drone 1 heartbeat timeout
2026-02-13 19:03:00,377 - SwarmManager - ERROR - Handling failure of drone 1: Heartbeat timeout
2026-02-13 19:03:00,378 - SwarmManager - ERROR - Drone 1 crashed
2026-02-13 19:03:00,379 - SwarmManager - ERROR - Handling failure of drone 1: Crashed
2026-02-13 19:03:00,381 - Drone_2 - INFO - Drone 2: Flying to {'x': 2077.4774277688502, 'y': 1465.5628350687057, 'z': 60.0}
2026-02-13 19:03:00,381 - Drone_3 - INFO - Drone 3: Flying to {'x': 2138.1287635711587, 'y': 1435.9374158244887, 'z': 60.0}
2026-02-13 19:03:00,523 - Drone_2 - INFO - Drone 2: Reached target position
2026-02-13 19:03:00,713 - Drone_3 - INFO - Drone 3: Reached target position
2026-02-13 19:03:01,382 - SwarmManager - ERROR - Drone 1 heartbeat timeout
2026-02-13 19:03:01,383 - SwarmManager - ERROR - Handling failure of drone 1: Heartbeat timeout
2026-02-13 19:03:01,384 - SwarmManager - ERROR - Drone 1 crashed
2026-02-13 19:03:01,386 - SwarmManager - ERROR - Handling failure of drone 1: Crashed
2026-02-13 19:03:01,387 - Drone_2 - INFO - Drone 2: Flying to {'x': 2073.814051583046, 'y': 1458.3027950089456, 'z': 60.0}
2026-02-13 19:03:01,387 - Drone_3 - INFO - Drone 3: Flying to {'x': 2134.5420947748476, 'y': 1428.8349350578967, 'z': 60.0}
2026-02-13 19:03:01,534 - Drone_2 - INFO - Drone 2: Reached target position
2026-02-13 19:03:01,543 - PhysicalMLTrainer_Drone5 - INFO - Physical ML model trained drone=5 samples=4701 degree=2 alpha=0.0 val_mse=0.000000
2026-02-13 19:03:01,634 - PhysicalMLTrainer_Drone3 - INFO - Physical ML model trained drone=3 samples=4701 degree=2 alpha=0.0 val_mse=0.001011
2026-02-13 19:03:01,730 - PhysicalMLTrainer_Drone4 - INFO - Physical ML model trained drone=4 samples=4701 degree=2 alpha=1.0 val_mse=0.000439
2026-02-13 19:03:01,740 - Drone_3 - INFO - Drone 3: Reached target position
2026-02-13 19:03:01,750 - PhysicalMLTrainer_Drone2 - INFO - Physical ML model trained drone=2 samples=4701 degree=2 alpha=0.0 val_mse=0.003468
2026-02-13 19:03:02,389 - SwarmManager - ERROR - Drone 1 heartbeat timeout
2026-02-13 19:03:02,390 - SwarmManager - ERROR - Handling failure of drone 1: Heartbeat timeout
2026-02-13 19:03:02,391 - SwarmManager - ERROR - Drone 1 crashed
2026-02-13 19:03:02,393 - SwarmManager - ERROR - Handling failure of drone 1: Crashed
2026-02-13 19:03:02,394 - Drone_2 - INFO - Drone 2: Flying to {'x': 2070.10232320473, 'y': 1450.906808299746, 'z': 60.0}
2026-02-13 19:03:02,395 - Drone_3 - INFO - Drone 3: Flying to {'x': 2130.91062618074, 'y': 1421.6049262923098, 'z': 60.0}
2026-02-13 19:03:02,555 - Drone_2 - INFO - Drone 2: Reached target position
2026-02-13 19:03:02,746 - Drone_3 - INFO - Drone 3: Reached target position
2026-02-13 19:03:03,396 - SwarmManager - ERROR - Drone 1 heartbeat timeout
2026-02-13 19:03:03,397 - SwarmManager - ERROR - Handling failure of drone 1: Heartbeat timeout
2026-02-13 19:03:03,397 - SwarmManager - ERROR - Drone 1 crashed
2026-02-13 19:03:03,397 - SwarmManager - ERROR - Handling failure of drone 1: Crashed
2026-02-13 19:03:03,397 - Drone_2 - INFO - Drone 2: Flying to {'x': 2066.461125486545, 'y': 1443.6095525356156, 'z': 60.0}
2026-02-13 19:03:03,397 - Drone_3 - INFO - Drone 3: Flying to {'x': 2127.3504886165247, 'y': 1414.476487856021, 'z': 60.0}
2026-02-13 19:03:03,564 - Drone_2 - INFO - Drone 2: Reached target position
2026-02-13 19:03:03,752 - Drone_3 - INFO - Drone 3: Reached target position
2026-02-13 19:03:04,401 - SwarmManager - ERROR - Drone 1 heartbeat timeout
2026-02-13 19:03:04,402 - SwarmManager - ERROR - Handling failure of drone 1: Heartbeat timeout
2026-02-13 19:03:04,403 - SwarmManager - ERROR - Drone 1 crashed
2026-02-13 19:03:04,403 - SwarmManager - ERROR - Handling failure of drone 1: Crashed
2026-02-13 19:03:04,404 - Drone_2 - INFO - Drone 2: Flying to {'x': 2062.8335748944464, 'y': 1436.2958036286266, 'z': 60.0}
2026-02-13 19:03:04,404 - Drone_3 - INFO - Drone 3: Flying to {'x': 2123.805824609988, 'y': 1407.3366122617115, 'z': 60.0}
2026-02-13 19:03:04,568 - Drone_2 - INFO - Drone 2: Reached target position
2026-02-13 19:03:04,759 - Drone_3 - INFO - Drone 3: Reached target position
2026-02-13 19:03:05,405 - SwarmManager - ERROR - Drone 1 heartbeat timeout
2026-02-13 19:03:05,406 - SwarmManager - ERROR - Handling failure of drone 1: Heartbeat timeout
2026-02-13 19:03:05,406 - SwarmManager - ERROR - Drone 1 crashed
2026-02-13 19:03:05,407 - SwarmManager - ERROR - Handling failure of drone 1: Crashed
2026-02-13 19:03:05,407 - Drone_2 - INFO - Drone 2: Flying to {'x': 2059.2365425359894, 'y': 1428.9978089032604, 'z': 60.0}
2026-02-13 19:03:05,408 - Drone_3 - INFO - Drone 3: Flying to {'x': 2120.292919905406, 'y': 1400.2164124374278, 'z': 60.0}
2026-02-13 19:03:05,574 - Drone_2 - INFO - Drone 2: Reached target position
2026-02-13 19:03:05,764 - Drone_3 - INFO - Drone 3: Reached target position
2026-02-13 19:03:06,409 - SwarmManager - ERROR - Drone 1 heartbeat timeout
2026-02-13 19:03:06,410 - SwarmManager - ERROR - Handling failure of drone 1: Heartbeat timeout
2026-02-13 19:03:06,411 - SwarmManager - ERROR - Drone 1 crashed
2026-02-13 19:03:06,412 - SwarmManager - ERROR - Handling failure of drone 1: Crashed
2026-02-13 19:03:06,413 - Drone_2 - INFO - Drone 2: Flying to {'x': 2055.649465259068, 'y': 1421.6720425815297, 'z': 60.0}
2026-02-13 19:03:06,413 - Drone_3 - INFO - Drone 3: Flying to {'x': 2116.791496012027, 'y': 1393.0730552672167, 'z': 60.0}
2026-02-13 19:03:06,581 - Drone_2 - INFO - Drone 2: Reached target position
2026-02-13 19:03:06,771 - Drone_3 - INFO - Drone 3: Reached target position
2026-02-13 19:03:07,414 - SwarmManager - ERROR - Drone 1 heartbeat timeout
2026-02-13 19:03:07,415 - SwarmManager - ERROR - Handling failure of drone 1: Heartbeat timeout
2026-02-13 19:03:07,415 - SwarmManager - ERROR - Drone 1 crashed
2026-02-13 19:03:07,415 - SwarmManager - ERROR - Handling failure of drone 1: Crashed
2026-02-13 19:03:07,416 - Drone_2 - INFO - Drone 2: Flying to {'x': 2052.088813883296, 'y': 1414.3503531513504, 'z': 60.0}
2026-02-13 19:03:07,416 - Drone_3 - INFO - Drone 3: Flying to {'x': 2113.317438168592, 'y': 1385.9372299838767, 'z': 60.0}
2026-02-13 19:03:07,587 - Drone_2 - INFO - Drone 2: Reached target position
2026-02-13 19:03:07,777 - Drone_3 - INFO - Drone 3: Reached target position
2026-02-13 19:03:08,417 - SwarmManager - ERROR - Drone 1 heartbeat timeout
2026-02-13 19:03:08,418 - SwarmManager - ERROR - Handling failure of drone 1: Heartbeat timeout
2026-02-13 19:03:08,418 - SwarmManager - ERROR - Drone 1 crashed
2026-02-13 19:03:08,419 - SwarmManager - ERROR - Handling failure of drone 1: Crashed
2026-02-13 19:03:08,420 - Drone_2 - INFO - Drone 2: Flying to {'x': 2048.5472390702166, 'y': 1407.0160745354692, 'z': 60.0}
2026-02-13 19:03:08,420 - Drone_3 - INFO - Drone 3: Flying to {'x': 2109.863378122212, 'y': 1378.792306329287, 'z': 60.0}
2026-02-13 19:03:08,594 - Drone_2 - INFO - Drone 2: Reached target position
2026-02-13 19:03:08,785 - Drone_3 - INFO - Drone 3: Reached target position
2026-02-13 19:03:09,421 - SwarmManager - ERROR - Drone 1 heartbeat timeout
2026-02-13 19:03:09,421 - SwarmManager - ERROR - Handling failure of drone 1: Heartbeat timeout
2026-02-13 19:03:09,422 - SwarmManager - ERROR - Drone 1 crashed
2026-02-13 19:03:09,422 - SwarmManager - ERROR - Handling failure of drone 1: Crashed
2026-02-13 19:03:09,423 - Drone_2 - INFO - Drone 2: Flying to {'x': 2045.0267135426923, 'y': 1399.6717018912377, 'z': 60.0}
2026-02-13 19:03:09,423 - Drone_3 - INFO - Drone 3: Flying to {'x': 2106.4310467354608, 'y': 1371.6403290181252, 'z': 60.0}
2026-02-13 19:03:09,601 - Drone_2 - INFO - Drone 2: Reached target position
2026-02-13 19:03:09,794 - Drone_3 - INFO - Drone 3: Reached target position
2026-02-13 19:03:10,423 - SwarmManager - ERROR - Drone 1 heartbeat timeout
2026-02-13 19:03:10,424 - SwarmManager - ERROR - Handling failure of drone 1: Heartbeat timeout
2026-02-13 19:03:10,424 - SwarmManager - ERROR - Drone 1 crashed
2026-02-13 19:03:10,424 - SwarmManager - ERROR - Handling failure of drone 1: Crashed
2026-02-13 19:03:10,425 - Drone_2 - INFO - Drone 2: Flying to {'x': 2041.5261455822226, 'y': 1392.3134544025895, 'z': 60.0}
2026-02-13 19:03:10,425 - Drone_3 - INFO - Drone 3: Flying to {'x': 2103.019187000878, 'y': 1364.4772215920323, 'z': 60.0}
2026-02-13 19:03:10,606 - Drone_2 - INFO - Drone 2: Reached target position
2026-02-13 19:03:10,799 - Drone_3 - INFO - Drone 3: Reached target position
2026-02-13 19:03:11,426 - SwarmManager - ERROR - Drone 1 heartbeat timeout
2026-02-13 19:03:11,427 - SwarmManager - ERROR - Handling failure of drone 1: Heartbeat timeout
2026-02-13 19:03:11,428 - SwarmManager - ERROR - Drone 1 crashed
2026-02-13 19:03:11,430 - SwarmManager - ERROR - Handling failure of drone 1: Crashed
2026-02-13 19:03:11,431 - Drone_2 - INFO - Drone 2: Flying to {'x': 2038.0456984612993, 'y': 1384.940223378091, 'z': 60.0}
2026-02-13 19:03:11,431 - Drone_3 - INFO - Drone 3: Flying to {'x': 2099.6277668142575, 'y': 1357.3015031224136, 'z': 60.0}
2026-02-13 19:03:11,612 - Drone_2 - INFO - Drone 2: Reached target position
2026-02-13 19:03:11,805 - Drone_3 - INFO - Drone 3: Reached target position
2026-02-13 19:03:12,432 - SwarmManager - ERROR - Drone 1 heartbeat timeout
2026-02-13 19:03:12,432 - SwarmManager - ERROR - Handling failure of drone 1: Heartbeat timeout
2026-02-13 19:03:12,433 - SwarmManager - ERROR - Drone 1 crashed
2026-02-13 19:03:12,433 - SwarmManager - ERROR - Handling failure of drone 1: Crashed
2026-02-13 19:03:12,433 - Drone_2 - INFO - Drone 2: Flying to {'x': 2034.584131814704, 'y': 1377.5479744820502, 'z': 60.0}
2026-02-13 19:03:12,433 - Drone_3 - INFO - Drone 3: Flying to {'x': 2096.2553875117565, 'y': 1350.1088378201796, 'z': 60.0}
2026-02-13 19:03:12,616 - Drone_2 - INFO - Drone 2: Reached target position
2026-02-13 19:03:12,810 - Drone_3 - INFO - Drone 3: Reached target position
2026-02-13 19:03:13,434 - SwarmManager - ERROR - Drone 1 heartbeat timeout
2026-02-13 19:03:13,435 - SwarmManager - ERROR - Handling failure of drone 1: Heartbeat timeout
2026-02-13 19:03:13,435 - SwarmManager - ERROR - Drone 1 crashed
2026-02-13 19:03:13,435 - SwarmManager - ERROR - Handling failure of drone 1: Crashed
2026-02-13 19:03:13,435 - Drone_2 - INFO - Drone 2: Flying to {'x': 2031.153852939137, 'y': 1370.1621831167943, 'z': 60.0}
2026-02-13 19:03:13,435 - Drone_3 - INFO - Drone 3: Flying to {'x': 2092.9139454018755, 'y': 1342.923589559233, 'z': 60.0}
2026-02-13 19:03:13,622 - Drone_2 - INFO - Drone 2: Reached target position
2026-02-13 19:03:13,816 - Drone_3 - INFO - Drone 3: Reached target position
2026-02-13 19:03:14,436 - SwarmManager - ERROR - Drone 1 heartbeat timeout
2026-02-13 19:03:14,437 - SwarmManager - ERROR - Handling failure of drone 1: Heartbeat timeout
2026-02-13 19:03:14,438 - SwarmManager - ERROR - Drone 1 crashed
2026-02-13 19:03:14,439 - SwarmManager - ERROR - Handling failure of drone 1: Crashed
2026-02-13 19:03:14,439 - Drone_2 - INFO - Drone 2: Flying to {'x': 2027.7358082023918, 'y': 1362.7406866755439, 'z': 60.0}
2026-02-13 19:03:14,440 - Drone_3 - INFO - Drone 3: Flying to {'x': 2089.5846919968517, 'y': 1335.7043116711282, 'z': 60.0}
2026-02-13 19:03:14,627 - Drone_2 - INFO - Drone 2: Reached target position
2026-02-13 19:03:14,822 - Drone_3 - INFO - Drone 3: Reached target position
2026-02-13 19:03:15,440 - SwarmManager - ERROR - Drone 1 heartbeat timeout
2026-02-13 19:03:15,440 - SwarmManager - ERROR - Handling failure of drone 1: Heartbeat timeout
2026-02-13 19:03:15,441 - SwarmManager - ERROR - Drone 1 crashed
2026-02-13 19:03:15,441 - SwarmManager - ERROR - Handling failure of drone 1: Crashed
2026-02-13 19:03:15,441 - Drone_2 - INFO - Drone 2: Flying to {'x': 2024.3522510650846, 'y': 1355.3308934957201, 'z': 60.0}
2026-02-13 19:03:15,441 - Drone_3 - INFO - Drone 3: Flying to {'x': 2086.2891162982614, 'y': 1328.496685382059, 'z': 60.0}
2026-02-13 19:03:15,633 - Drone_2 - INFO - Drone 2: Reached target position
2026-02-13 19:03:15,828 - Drone_3 - INFO - Drone 3: Reached target position
2026-02-13 19:03:16,441 - SwarmManager - ERROR - Drone 1 heartbeat timeout
2026-02-13 19:03:16,442 - SwarmManager - ERROR - Handling failure of drone 1: Heartbeat timeout
2026-02-13 19:03:16,443 - SwarmManager - ERROR - Drone 1 crashed
2026-02-13 19:03:16,444 - SwarmManager - ERROR - Handling failure of drone 1: Crashed
2026-02-13 19:03:16,444 - Drone_2 - INFO - Drone 2: Flying to {'x': 2020.981904050702, 'y': 1347.8853780034049, 'z': 60.0}
2026-02-13 19:03:16,445 - Drone_3 - INFO - Drone 3: Flying to {'x': 2083.006309373969, 'y': 1321.2541342417046, 'z': 60.0}
2026-02-13 19:03:16,639 - Drone_2 - INFO - Drone 2: Reached target position
2026-02-13 19:03:16,835 - Drone_3 - INFO - Drone 3: Reached target position
2026-02-13 19:03:17,445 - SwarmManager - ERROR - Drone 1 heartbeat timeout
2026-02-13 19:03:17,445 - SwarmManager - ERROR - Handling failure of drone 1: Heartbeat timeout
2026-02-13 19:03:17,446 - SwarmManager - ERROR - Drone 1 crashed
2026-02-13 19:03:17,446 - SwarmManager - ERROR - Handling failure of drone 1: Crashed
2026-02-13 19:03:17,446 - Drone_2 - INFO - Drone 2: Flying to {'x': 2017.6435120082763, 'y': 1340.4448001114022, 'z': 60.0}
2026-02-13 19:03:17,446 - Drone_3 - INFO - Drone 3: Flying to {'x': 2079.754346974699, 'y': 1314.0157596488004, 'z': 60.0}
2026-02-13 19:03:17,645 - Drone_2 - INFO - Drone 2: Reached target position
2026-02-13 19:03:17,840 - Drone_3 - INFO - Drone 3: Reached target position
2026-02-13 19:03:18,447 - SwarmManager - ERROR - Drone 1 heartbeat timeout
2026-02-13 19:03:18,448 - SwarmManager - ERROR - Handling failure of drone 1: Heartbeat timeout
2026-02-13 19:03:18,449 - SwarmManager - ERROR - Drone 1 crashed
2026-02-13 19:03:18,450 - SwarmManager - ERROR - Handling failure of drone 1: Crashed
2026-02-13 19:03:18,451 - Drone_2 - INFO - Drone 2: Flying to {'x': 2014.330804487448, 'y': 1332.9948935446623, 'z': 60.0}
2026-02-13 19:03:18,452 - Drone_3 - INFO - Drone 3: Flying to {'x': 2076.526943046808, 'y': 1306.767229746586, 'z': 60.0}
2026-02-13 19:03:18,650 - Drone_2 - INFO - Drone 2: Reached target position
2026-02-13 19:03:18,844 - Drone_3 - INFO - Drone 3: Reached target position
2026-02-13 19:03:19,453 - SwarmManager - ERROR - Drone 1 heartbeat timeout
2026-02-13 19:03:19,455 - SwarmManager - ERROR - Handling failure of drone 1: Heartbeat timeout
2026-02-13 19:03:19,455 - SwarmManager - ERROR - Drone 1 crashed
2026-02-13 19:03:19,455 - SwarmManager - ERROR - Handling failure of drone 1: Crashed
2026-02-13 19:03:19,455 - Drone_2 - INFO - Drone 2: Flying to {'x': 2011.0397095543765, 'y': 1325.5260274893235, 'z': 60.0}
2026-02-13 19:03:19,456 - Drone_3 - INFO - Drone 3: Flying to {'x': 2073.3199537024325, 'y': 1299.4987112838721, 'z': 60.0}
2026-02-13 19:03:19,658 - Drone_2 - INFO - Drone 2: Reached target position
2026-02-13 19:03:19,850 - Drone_3 - INFO - Drone 3: Reached target position
2026-02-13 19:03:20,456 - SwarmManager - ERROR - Drone 1 heartbeat timeout
2026-02-13 19:03:20,458 - SwarmManager - ERROR - Handling failure of drone 1: Heartbeat timeout
2026-02-13 19:03:20,458 - SwarmManager - ERROR - Drone 1 crashed
2026-02-13 19:03:20,459 - SwarmManager - ERROR - Handling failure of drone 1: Crashed
2026-02-13 19:03:20,460 - Drone_2 - INFO - Drone 2: Flying to {'x': 2007.7776636596454, 'y': 1318.054850175108, 'z': 60.0}
2026-02-13 19:03:20,460 - Drone_3 - INFO - Drone 3: Flying to {'x': 2070.14045244937, 'y': 1292.2259405123248, 'z': 60.0}
2026-02-13 19:03:20,665 - Drone_2 - INFO - Drone 2: Reached target position
2026-02-13 19:03:20,857 - Drone_3 - INFO - Drone 3: Reached target position
2026-02-13 19:03:21,461 - SwarmManager - ERROR - Drone 1 heartbeat timeout
2026-02-13 19:03:21,463 - SwarmManager - ERROR - Handling failure of drone 1: Heartbeat timeout
2026-02-13 19:03:21,464 - SwarmManager - ERROR - Drone 1 crashed
2026-02-13 19:03:21,465 - SwarmManager - ERROR - Handling failure of drone 1: Crashed
2026-02-13 19:03:21,466 - Drone_2 - INFO - Drone 2: Flying to {'x': 2004.5404148317095, 'y': 1310.5716209593088, 'z': 60.0}
2026-02-13 19:03:21,467 - Drone_3 - INFO - Drone 3: Flying to {'x': 2066.9841264922966, 'y': 1284.9389684619673, 'z': 60.0}
2026-02-13 19:03:21,670 - PhysicalMLTrainer_Drone5 - INFO - Physical ML model trained drone=5 samples=4901 degree=2 alpha=0.0 val_mse=0.000000
2026-02-13 19:03:21,671 - Drone_2 - INFO - Drone 2: Reached target position
2026-02-13 19:03:21,779 - PhysicalMLTrainer_Drone3 - INFO - Physical ML model trained drone=3 samples=4901 degree=2 alpha=0.0 val_mse=0.000540
2026-02-13 19:03:21,864 - PhysicalMLTrainer_Drone4 - INFO - Physical ML model trained drone=4 samples=4901 degree=2 alpha=1.0 val_mse=0.000368
2026-02-13 19:03:21,880 - Drone_3 - INFO - Drone 3: Reached target position
2026-02-13 19:03:21,887 - PhysicalMLTrainer_Drone2 - INFO - Physical ML model trained drone=2 samples=4901 degree=2 alpha=0.0 val_mse=0.001111
2026-02-13 19:03:22,468 - SwarmManager - ERROR - Drone 1 heartbeat timeout
2026-02-13 19:03:22,469 - SwarmManager - ERROR - Handling failure of drone 1: Heartbeat timeout
2026-02-13 19:03:22,469 - SwarmManager - ERROR - Drone 1 crashed
2026-02-13 19:03:22,470 - SwarmManager - ERROR - Handling failure of drone 1: Crashed
2026-02-13 19:03:22,470 - Drone_2 - INFO - Drone 2: Flying to {'x': 2001.2726986552054, 'y': 1302.9467311126868, 'z': 60.0}
2026-02-13 19:03:22,470 - Drone_3 - INFO - Drone 3: Flying to {'x': 2063.7968949725805, 'y': 1277.5110303189927, 'z': 60.0}
2026-02-13 19:03:22,691 - Drone_2 - INFO - Drone 2: Reached target position
2026-02-13 19:03:22,785 - Drone_3 - INFO - Drone 3: Reached target position
2026-02-13 19:03:23,471 - SwarmManager - ERROR - Drone 1 heartbeat timeout
2026-02-13 19:03:23,471 - SwarmManager - ERROR - Handling failure of drone 1: Heartbeat timeout
2026-02-13 19:03:23,472 - SwarmManager - ERROR - Drone 1 crashed
2026-02-13 19:03:23,472 - SwarmManager - ERROR - Handling failure of drone 1: Crashed
2026-02-13 19:03:23,472 - Drone_2 - INFO - Drone 2: Flying to {'x': 1998.4090963016938, 'y': 1296.2048770241552, 'z': 60.0}
2026-02-13 19:03:23,473 - Drone_3 - INFO - Drone 3: Flying to {'x': 2061.002672746745, 'y': 1270.9403923110729, 'z': 60.0}
2026-02-13 19:03:23,596 - Drone_2 - INFO - Drone 2: Reached target position
2026-02-13 19:03:23,791 - Drone_3 - INFO - Drone 3: Reached target position
2026-02-13 19:03:24,473 - SwarmManager - ERROR - Drone 1 heartbeat timeout
2026-02-13 19:03:24,474 - SwarmManager - ERROR - Handling failure of drone 1: Heartbeat timeout
2026-02-13 19:03:24,475 - SwarmManager - ERROR - Drone 1 crashed
2026-02-13 19:03:24,476 - SwarmManager - ERROR - Handling failure of drone 1: Crashed
2026-02-13 19:03:24,478 - Drone_2 - INFO - Drone 2: Flying to {'x': 1995.244925292206, 'y': 1288.6890141622923, 'z': 60.0}
2026-02-13 19:03:24,478 - Drone_3 - INFO - Drone 3: Flying to {'x': 2057.913737605485, 'y': 1263.611734340848, 'z': 60.0}
2026-02-13 19:03:24,601 - Drone_2 - INFO - Drone 2: Reached target position
2026-02-13 19:03:24,797 - Drone_3 - INFO - Drone 3: Reached target position
2026-02-13 19:03:25,480 - SwarmManager - ERROR - Drone 1 heartbeat timeout
2026-02-13 19:03:25,481 - SwarmManager - ERROR - Handling failure of drone 1: Heartbeat timeout
2026-02-13 19:03:25,482 - SwarmManager - ERROR - Drone 1 crashed
2026-02-13 19:03:25,483 - SwarmManager - ERROR - Handling failure of drone 1: Crashed
2026-02-13 19:03:25,484 - Drone_2 - INFO - Drone 2: Flying to {'x': 1992.10624662123, 'y': 1281.1637497874992, 'z': 60.0}
2026-02-13 19:03:25,485 - Drone_3 - INFO - Drone 3: Flying to {'x': 2054.8480236298465, 'y': 1256.2695854552492, 'z': 60.0}
2026-02-13 19:03:25,609 - Drone_2 - INFO - Drone 2: Reached target position
2026-02-13 19:03:25,802 - Drone_3 - INFO - Drone 3: Reached target position
2026-02-13 19:03:26,487 - SwarmManager - ERROR - Drone 1 heartbeat timeout
2026-02-13 19:03:26,488 - SwarmManager - ERROR - Handling failure of drone 1: Heartbeat timeout
2026-02-13 19:03:26,489 - SwarmManager - ERROR - Drone 1 crashed
2026-02-13 19:03:26,490 - SwarmManager - ERROR - Handling failure of drone 1: Crashed
2026-02-13 19:03:26,491 - Drone_2 - INFO - Drone 2: Flying to {'x': 1988.9960137244964, 'y': 1273.636963801585, 'z': 60.0}
2026-02-13 19:03:26,491 - Drone_3 - INFO - Drone 3: Flying to {'x': 2051.8082664061617, 'y': 1248.9211609003114, 'z': 60.0}
2026-02-13 19:03:26,615 - Drone_2 - INFO - Drone 2: Reached target position
2026-02-13 19:03:26,807 - Drone_3 - INFO - Drone 3: Reached target position
2026-02-13 19:03:27,492 - SwarmManager - ERROR - Drone 1 heartbeat timeout
2026-02-13 19:03:27,494 - SwarmManager - ERROR - Handling failure of drone 1: Heartbeat timeout
2026-02-13 19:03:27,496 - SwarmManager - ERROR - Drone 1 crashed
2026-02-13 19:03:27,497 - SwarmManager - ERROR - Handling failure of drone 1: Crashed
2026-02-13 19:03:27,497 - Drone_2 - INFO - Drone 2: Flying to {'x': 1985.9109355293567, 'y': 1266.1016557558048, 'z': 60.0}
2026-02-13 19:03:27,498 - Drone_3 - INFO - Drone 3: Flying to {'x': 2048.791104529932, 'y': 1241.559154936632, 'z': 60.0}
2026-02-13 19:03:27,620 - Drone_2 - INFO - Drone 2: Reached target position
2026-02-13 19:03:27,812 - Drone_3 - INFO - Drone 3: Reached target position
2026-02-13 19:03:28,498 - SwarmManager - ERROR - Drone 1 heartbeat timeout
2026-02-13 19:03:28,499 - SwarmManager - ERROR - Handling failure of drone 1: Heartbeat timeout
2026-02-13 19:03:28,499 - SwarmManager - ERROR - Drone 1 crashed
2026-02-13 19:03:28,499 - SwarmManager - ERROR - Handling failure of drone 1: Crashed
2026-02-13 19:03:28,500 - Drone_2 - INFO - Drone 2: Flying to {'x': 1982.849594420219, 'y': 1258.555359521916, 'z': 60.0}
2026-02-13 19:03:28,500 - Drone_3 - INFO - Drone 3: Flying to {'x': 2045.7950066423805, 'y': 1234.1806783920595, 'z': 60.0}
2026-02-13 19:03:28,627 - Drone_2 - INFO - Drone 2: Reached target position
2026-02-13 19:03:28,819 - Drone_3 - INFO - Drone 3: Reached target position
2026-02-13 19:03:29,501 - SwarmManager - ERROR - Drone 1 heartbeat timeout
2026-02-13 19:03:29,502 - SwarmManager - ERROR - Handling failure of drone 1: Heartbeat timeout
2026-02-13 19:03:29,502 - SwarmManager - ERROR - Drone 1 crashed
2026-02-13 19:03:29,502 - SwarmManager - ERROR - Handling failure of drone 1: Crashed
2026-02-13 19:03:29,503 - Drone_2 - INFO - Drone 2: Flying to {'x': 1979.8169081703754, 'y': 1251.0115141782337, 'z': 60.0}
2026-02-13 19:03:29,503 - Drone_3 - INFO - Drone 3: Flying to {'x': 2042.82464919748, 'y': 1226.7984067638333, 'z': 60.0}
2026-02-13 19:03:29,631 - Drone_2 - INFO - Drone 2: Reached target position
2026-02-13 19:03:29,827 - Drone_3 - INFO - Drone 3: Reached target position
2026-02-13 19:03:30,504 - SwarmManager - ERROR - Drone 1 heartbeat timeout
2026-02-13 19:03:30,504 - SwarmManager - ERROR - Handling failure of drone 1: Heartbeat timeout
2026-02-13 19:03:30,505 - SwarmManager - ERROR - Drone 1 crashed
2026-02-13 19:03:30,505 - SwarmManager - ERROR - Handling failure of drone 1: Crashed
2026-02-13 19:03:30,506 - Drone_2 - INFO - Drone 2: Flying to {'x': 1976.7992986879124, 'y': 1243.437554630614, 'z': 60.0}
2026-02-13 19:03:30,506 - Drone_3 - INFO - Drone 3: Flying to {'x': 2039.8665909995573, 'y': 1219.3799853336648, 'z': 60.0}
2026-02-13 19:03:30,637 - Drone_2 - INFO - Drone 2: Reached target position
2026-02-13 19:03:30,833 - Drone_3 - INFO - Drone 3: Reached target position
2026-02-13 19:03:31,507 - SwarmManager - ERROR - Drone 1 heartbeat timeout
2026-02-13 19:03:31,508 - SwarmManager - ERROR - Handling failure of drone 1: Heartbeat timeout
2026-02-13 19:03:31,509 - SwarmManager - ERROR - Drone 1 crashed
2026-02-13 19:03:31,511 - SwarmManager - ERROR - Handling failure of drone 1: Crashed
2026-02-13 19:03:31,512 - Drone_2 - INFO - Drone 2: Flying to {'x': 1973.8165380177525, 'y': 1235.8847656572414, 'z': 60.0}
2026-02-13 19:03:31,513 - Drone_3 - INFO - Drone 3: Flying to {'x': 2036.940084502682, 'y': 1211.9751885140774, 'z': 60.0}
2026-02-13 19:03:31,641 - Drone_2 - INFO - Drone 2: Reached target position
2026-02-13 19:03:31,839 - Drone_3 - INFO - Drone 3: Reached target position
2026-02-13 19:03:32,513 - SwarmManager - ERROR - Drone 1 heartbeat timeout
2026-02-13 19:03:32,514 - SwarmManager - ERROR - Handling failure of drone 1: Heartbeat timeout
2026-02-13 19:03:32,514 - SwarmManager - ERROR - Drone 1 crashed
2026-02-13 19:03:32,515 - SwarmManager - ERROR - Handling failure of drone 1: Crashed
2026-02-13 19:03:32,515 - Drone_2 - INFO - Drone 2: Flying to {'x': 1970.8558096729134, 'y': 1228.3227669470461, 'z': 60.0}
2026-02-13 19:03:32,515 - Drone_3 - INFO - Drone 3: Flying to {'x': 2034.0324402776982, 'y': 1204.5538093462897, 'z': 60.0}
2026-02-13 19:03:32,647 - Drone_2 - INFO - Drone 2: Reached target position
2026-02-13 19:03:32,845 - Drone_3 - INFO - Drone 3: Reached target position
2026-02-13 19:03:33,516 - SwarmManager - ERROR - Drone 1 heartbeat timeout
2026-02-13 19:03:33,517 - SwarmManager - ERROR - Handling failure of drone 1: Heartbeat timeout
2026-02-13 19:03:33,519 - SwarmManager - ERROR - Drone 1 crashed
2026-02-13 19:03:33,520 - SwarmManager - ERROR - Handling failure of drone 1: Crashed
2026-02-13 19:03:33,521 - Drone_2 - INFO - Drone 2: Flying to {'x': 1967.9141209087304, 'y': 1220.7456936763572, 'z': 60.0}
2026-02-13 19:03:33,522 - Drone_3 - INFO - Drone 3: Flying to {'x': 2031.140588436568, 'y': 1197.1096236994915, 'z': 60.0}
2026-02-13 19:03:33,653 - Drone_2 - INFO - Drone 2: Reached target position
2026-02-13 19:03:33,851 - Drone_3 - INFO - Drone 3: Reached target position
2026-02-13 19:03:34,523 - SwarmManager - ERROR - Drone 1 heartbeat timeout
2026-02-13 19:03:34,524 - SwarmManager - ERROR - Handling failure of drone 1: Heartbeat timeout
2026-02-13 19:03:34,524 - SwarmManager - ERROR - Drone 1 crashed
2026-02-13 19:03:34,525 - SwarmManager - ERROR - Handling failure of drone 1: Crashed
2026-02-13 19:03:34,526 - Drone_2 - INFO - Drone 2: Flying to {'x': 1965.000000215881, 'y': 1213.1777050817334, 'z': 60.0}
2026-02-13 19:03:34,526 - Drone_3 - INFO - Drone 3: Flying to {'x': 2028.2727959440292, 'y': 1189.6659352473714, 'z': 60.0}
2026-02-13 19:03:34,659 - Drone_2 - INFO - Drone 2: Reached target position
2026-02-13 19:03:34,860 - Drone_3 - INFO - Drone 3: Reached target position
2026-02-13 19:03:35,527 - SwarmManager - ERROR - Drone 1 heartbeat timeout
2026-02-13 19:03:35,527 - SwarmManager - ERROR - Handling failure of drone 1: Heartbeat timeout
2026-02-13 19:03:35,528 - SwarmManager - ERROR - Drone 1 crashed
2026-02-13 19:03:35,528 - SwarmManager - ERROR - Handling failure of drone 1: Crashed
2026-02-13 19:03:35,528 - Drone_2 - INFO - Drone 2: Flying to {'x': 1962.1013116175616, 'y': 1205.5895745252021, 'z': 60.0}
2026-02-13 19:03:35,529 - Drone_3 - INFO - Drone 3: Flying to {'x': 2025.4170027388566, 'y': 1182.1935650827184, 'z': 60.0}
2026-02-13 19:03:35,664 - Drone_2 - INFO - Drone 2: Reached target position
2026-02-13 19:03:35,868 - Drone_3 - INFO - Drone 3: Reached target position
2026-02-13 19:03:36,529 - SwarmManager - ERROR - Drone 1 heartbeat timeout
2026-02-13 19:03:36,530 - SwarmManager - ERROR - Handling failure of drone 1: Heartbeat timeout
2026-02-13 19:03:36,531 - SwarmManager - ERROR - Drone 1 crashed
2026-02-13 19:03:36,531 - SwarmManager - ERROR - Handling failure of drone 1: Crashed
2026-02-13 19:03:36,531 - Drone_2 - INFO - Drone 2: Flying to {'x': 1959.2360459782192, 'y': 1198.0311136847658, 'z': 60.0}
2026-02-13 19:03:36,532 - Drone_3 - INFO - Drone 3: Flying to {'x': 2022.5908333480504, 'y': 1174.741182011971, 'z': 60.0}
2026-02-13 19:03:36,671 - Drone_2 - INFO - Drone 2: Reached target position
2026-02-13 19:03:36,874 - Drone_3 - INFO - Drone 3: Reached target position
2026-02-13 19:03:37,532 - SwarmManager - ERROR - Drone 1 heartbeat timeout
2026-02-13 19:03:37,533 - SwarmManager - ERROR - Handling failure of drone 1: Heartbeat timeout
2026-02-13 19:03:37,533 - SwarmManager - ERROR - Drone 1 crashed
2026-02-13 19:03:37,533 - SwarmManager - ERROR - Handling failure of drone 1: Crashed
2026-02-13 19:03:37,534 - Drone_2 - INFO - Drone 2: Flying to {'x': 1956.3842692976111, 'y': 1190.4525937798815, 'z': 60.0}
2026-02-13 19:03:37,534 - Drone_3 - INFO - Drone 3: Flying to {'x': 2019.7745292741222, 'y': 1167.2593848576487, 'z': 60.0}
2026-02-13 19:03:37,677 - Drone_2 - INFO - Drone 2: Reached target position
2026-02-13 19:03:37,880 - Drone_3 - INFO - Drone 3: Reached target position
2026-02-13 19:03:38,534 - SwarmManager - ERROR - Drone 1 heartbeat timeout
2026-02-13 19:03:38,535 - SwarmManager - ERROR - Handling failure of drone 1: Heartbeat timeout
2026-02-13 19:03:38,536 - SwarmManager - ERROR - Drone 1 crashed
2026-02-13 19:03:38,536 - SwarmManager - ERROR - Handling failure of drone 1: Crashed
2026-02-13 19:03:38,537 - Drone_2 - INFO - Drone 2: Flying to {'x': 1953.5525980030593, 'y': 1182.874307176528, 'z': 60.0}
2026-02-13 19:03:38,537 - Drone_3 - INFO - Drone 3: Flying to {'x': 2016.9745115186956, 'y': 1159.7677954100336, 'z': 60.0}
2026-02-13 19:03:38,685 - Drone_2 - INFO - Drone 2: Reached target position
2026-02-13 19:03:38,887 - Drone_3 - INFO - Drone 3: Reached target position
2026-02-13 19:03:39,538 - SwarmManager - ERROR - Drone 1 heartbeat timeout
2026-02-13 19:03:39,539 - SwarmManager - ERROR - Handling failure of drone 1: Heartbeat timeout
2026-02-13 19:03:39,540 - SwarmManager - ERROR - Drone 1 crashed
2026-02-13 19:03:39,540 - SwarmManager - ERROR - Handling failure of drone 1: Crashed
2026-02-13 19:03:39,541 - Drone_2 - INFO - Drone 2: Flying to {'x': 1950.7362031604803, 'y': 1175.2863250699463, 'z': 60.0}
2026-02-13 19:03:39,541 - Drone_3 - INFO - Drone 3: Flying to {'x': 2014.1859019662002, 'y': 1152.2562203922982, 'z': 60.0}
2026-02-13 19:03:39,692 - Drone_2 - INFO - Drone 2: Reached target position
2026-02-13 19:03:39,995 - Drone_3 - INFO - Drone 3: Reached target position
2026-02-13 19:03:40,542 - SwarmManager - ERROR - Drone 1 heartbeat timeout
2026-02-13 19:03:40,544 - SwarmManager - ERROR - Handling failure of drone 1: Heartbeat timeout
2026-02-13 19:03:40,546 - SwarmManager - ERROR - Drone 1 crashed
2026-02-13 19:03:40,547 - SwarmManager - ERROR - Handling failure of drone 1: Crashed
2026-02-13 19:03:40,548 - Drone_2 - INFO - Drone 2: Flying to {'x': 1947.940659650421, 'y': 1167.7069148107296, 'z': 60.0}
2026-02-13 19:03:40,549 - Drone_3 - INFO - Drone 3: Flying to {'x': 2011.4141267322793, 'y': 1144.7423992136567, 'z': 60.0}
2026-02-13 19:03:40,701 - Drone_2 - INFO - Drone 2: Reached target position
2026-02-13 19:03:41,002 - Drone_3 - INFO - Drone 3: Reached target position
2026-02-13 19:03:41,550 - SwarmManager - ERROR - Drone 1 heartbeat timeout
2026-02-13 19:03:41,552 - SwarmManager - ERROR - Handling failure of drone 1: Heartbeat timeout
2026-02-13 19:03:41,553 - SwarmManager - ERROR - Drone 1 crashed
2026-02-13 19:03:41,553 - SwarmManager - ERROR - Handling failure of drone 1: Crashed
2026-02-13 19:03:41,554 - Drone_2 - INFO - Drone 2: Flying to {'x': 1945.1610412551372, 'y': 1160.1262015407176, 'z': 60.0}
2026-02-13 19:03:41,555 - Drone_3 - INFO - Drone 3: Flying to {'x': 2008.654217502628, 'y': 1137.2162349321627, 'z': 60.0}
2026-02-13 19:03:41,707 - Drone_2 - INFO - Drone 2: Reached target position
2026-02-13 19:03:41,799 - PhysicalMLTrainer_Drone5 - INFO - Physical ML model trained drone=5 samples=5101 degree=2 alpha=0.0 val_mse=0.000000
2026-02-13 19:03:41,925 - PhysicalMLTrainer_Drone3 - INFO - Physical ML model trained drone=3 samples=5101 degree=2 alpha=0.0 val_mse=0.000444
2026-02-13 19:03:42,007 - PhysicalMLTrainer_Drone4 - INFO - Physical ML model trained drone=4 samples=5101 degree=2 alpha=0.0 val_mse=0.000434
2026-02-13 19:03:42,023 - PhysicalMLTrainer_Drone2 - INFO - Physical ML model trained drone=2 samples=5101 degree=2 alpha=0.0 val_mse=0.000468
2026-02-13 19:03:42,027 - Drone_3 - INFO - Drone 3: Reached target position
2026-02-13 19:03:42,555 - SwarmManager - ERROR - Drone 1 heartbeat timeout
2026-02-13 19:03:42,556 - SwarmManager - ERROR - Handling failure of drone 1: Heartbeat timeout
2026-02-13 19:03:42,556 - SwarmManager - ERROR - Drone 1 crashed
2026-02-13 19:03:42,557 - SwarmManager - ERROR - Handling failure of drone 1: Crashed
2026-02-13 19:03:42,557 - Drone_2 - INFO - Drone 2: Flying to {'x': 1942.3339426872697, 'y': 1152.3734166337651, 'z': 60.0}
2026-02-13 19:03:42,558 - Drone_3 - INFO - Drone 3: Flying to {'x': 2005.8429925426328, 'y': 1129.5074903138232, 'z': 60.0}
2026-02-13 19:03:42,729 - Drone_2 - INFO - Drone 2: Reached target position
2026-02-13 19:03:43,033 - Drone_3 - INFO - Drone 3: Reached target position
2026-02-13 19:03:43,558 - SwarmManager - ERROR - Drone 1 heartbeat timeout
2026-02-13 19:03:43,559 - SwarmManager - ERROR - Handling failure of drone 1: Heartbeat timeout
2026-02-13 19:03:43,559 - SwarmManager - ERROR - Drone 1 crashed
2026-02-13 19:03:43,559 - SwarmManager - ERROR - Handling failure of drone 1: Crashed
2026-02-13 19:03:43,559 - Drone_2 - INFO - Drone 2: Flying to {'x': 1939.585119350182, 'y': 1144.7972948487777, 'z': 60.0}
2026-02-13 19:03:43,559 - Drone_3 - INFO - Drone 3: Flying to {'x': 2003.1054211259018, 'y': 1121.9626443736447, 'z': 60.0}
2026-02-13 19:03:43,737 - Drone_2 - INFO - Drone 2: Reached target position
2026-02-13 19:03:44,040 - Drone_3 - INFO - Drone 3: Reached target position
2026-02-13 19:03:44,560 - SwarmManager - ERROR - Drone 1 heartbeat timeout
2026-02-13 19:03:44,561 - SwarmManager - ERROR - Handling failure of drone 1: Heartbeat timeout
2026-02-13 19:03:44,562 - SwarmManager - ERROR - Drone 1 crashed
2026-02-13 19:03:44,564 - SwarmManager - ERROR - Handling failure of drone 1: Crashed
2026-02-13 19:03:44,565 - Drone_2 - INFO - Drone 2: Flying to {'x': 1936.8460166256405, 'y': 1137.2140526155642, 'z': 60.0}
2026-02-13 19:03:44,565 - Drone_3 - INFO - Drone 3: Flying to {'x': 2000.3732907444164, 'y': 1114.3988067690273, 'z': 60.0}
2026-02-13 19:03:44,744 - Drone_2 - INFO - Drone 2: Reached target position
2026-02-13 19:03:45,047 - Drone_3 - INFO - Drone 3: Reached target position
2026-02-13 19:03:45,566 - SwarmManager - ERROR - Drone 1 heartbeat timeout
2026-02-13 19:03:45,567 - SwarmManager - ERROR - Handling failure of drone 1: Heartbeat timeout
2026-02-13 19:03:45,567 - SwarmManager - ERROR - Drone 1 crashed
2026-02-13 19:03:45,567 - SwarmManager - ERROR - Handling failure of drone 1: Crashed
2026-02-13 19:03:45,568 - Drone_2 - INFO - Drone 2: Flying to {'x': 1934.1219043295832, 'y': 1129.6423253025077, 'z': 60.0}
2026-02-13 19:03:45,568 - Drone_3 - INFO - Drone 3: Flying to {'x': 1997.651787269002, 'y': 1106.834344819708, 'z': 60.0}
2026-02-13 19:03:45,749 - Drone_2 - INFO - Drone 2: Reached target position
2026-02-13 19:03:46,052 - Drone_3 - INFO - Drone 3: Reached target position
2026-02-13 19:03:46,569 - SwarmManager - ERROR - Drone 1 heartbeat timeout
2026-02-13 19:03:46,570 - SwarmManager - ERROR - Handling failure of drone 1: Heartbeat timeout
2026-02-13 19:03:46,570 - SwarmManager - ERROR - Drone 1 crashed
2026-02-13 19:03:46,570 - SwarmManager - ERROR - Handling failure of drone 1: Crashed
2026-02-13 19:03:46,571 - Drone_2 - INFO - Drone 2: Flying to {'x': 1931.4038934576606, 'y': 1122.0615812021604, 'z': 60.0}
2026-02-13 19:03:46,571 - Drone_3 - INFO - Drone 3: Flying to {'x': 1994.9319624219784, 'y': 1099.2485486622966, 'z': 60.0}
2026-02-13 19:03:46,755 - Drone_2 - INFO - Drone 2: Reached target position
2026-02-13 19:03:47,059 - Drone_3 - INFO - Drone 3: Reached target position
2026-02-13 19:03:47,571 - SwarmManager - ERROR - Drone 1 heartbeat timeout
2026-02-13 19:03:47,572 - SwarmManager - ERROR - Handling failure of drone 1: Heartbeat timeout
2026-02-13 19:03:47,572 - SwarmManager - ERROR - Drone 1 crashed
2026-02-13 19:03:47,573 - SwarmManager - ERROR - Handling failure of drone 1: Crashed
2026-02-13 19:03:47,576 - Drone_2 - INFO - Drone 2: Flying to {'x': 1928.7019668634387, 'y': 1114.5040092602278, 'z': 60.0}
2026-02-13 19:03:47,576 - Drone_3 - INFO - Drone 3: Flying to {'x': 1992.2237533063205, 'y': 1091.6734891806302, 'z': 60.0}
2026-02-13 19:03:47,761 - Drone_2 - INFO - Drone 2: Reached target position
2026-02-13 19:03:48,066 - Drone_3 - INFO - Drone 3: Reached target position
2026-02-13 19:03:48,577 - SwarmManager - ERROR - Drone 1 heartbeat timeout
2026-02-13 19:03:48,578 - SwarmManager - ERROR - Handling failure of drone 1: Heartbeat timeout
2026-02-13 19:03:48,579 - SwarmManager - ERROR - Drone 1 crashed
2026-02-13 19:03:48,580 - SwarmManager - ERROR - Handling failure of drone 1: Crashed
2026-02-13 19:03:48,580 - Drone_2 - INFO - Drone 2: Flying to {'x': 1926.0051284608567, 'y': 1106.9433348826426, 'z': 60.0}
2026-02-13 19:03:48,580 - Drone_3 - INFO - Drone 3: Flying to {'x': 1989.5160966599246, 'y': 1084.0827373747695, 'z': 60.0}
2026-02-13 19:03:48,767 - Drone_2 - INFO - Drone 2: Reached target position
2026-02-13 19:03:49,072 - Drone_3 - INFO - Drone 3: Reached target position
2026-02-13 19:03:49,581 - SwarmManager - ERROR - Drone 1 heartbeat timeout
2026-02-13 19:03:49,582 - SwarmManager - ERROR - Handling failure of drone 1: Heartbeat timeout
2026-02-13 19:03:49,583 - SwarmManager - ERROR - Drone 1 crashed
2026-02-13 19:03:49,583 - SwarmManager - ERROR - Handling failure of drone 1: Crashed
2026-02-13 19:03:49,584 - Drone_2 - INFO - Drone 2: Flying to {'x': 1923.3138416713023, 'y': 1099.3853645611362, 'z': 60.0}
2026-02-13 19:03:49,584 - Drone_3 - INFO - Drone 3: Flying to {'x': 1986.8094037511469, 'y': 1076.4820111786157, 'z': 60.0}
2026-02-13 19:03:49,773 - Drone_2 - INFO - Drone 2: Reached target position
2026-02-13 19:03:50,079 - Drone_3 - INFO - Drone 3: Reached target position
2026-02-13 19:03:50,585 - SwarmManager - ERROR - Drone 1 heartbeat timeout
2026-02-13 19:03:50,585 - SwarmManager - ERROR - Handling failure of drone 1: Heartbeat timeout
2026-02-13 19:03:50,586 - SwarmManager - ERROR - Drone 1 crashed
2026-02-13 19:03:50,586 - SwarmManager - ERROR - Handling failure of drone 1: Crashed
2026-02-13 19:03:50,586 - Drone_2 - INFO - Drone 2: Flying to {'x': 1920.6242773896647, 'y': 1091.8239676788105, 'z': 60.0}
2026-02-13 19:03:50,586 - Drone_3 - INFO - Drone 3: Flying to {'x': 1984.0997756205547, 'y': 1068.865066913742, 'z': 60.0}
2026-02-13 19:03:50,782 - Drone_2 - INFO - Drone 2: Reached target position
2026-02-13 19:03:51,085 - Drone_3 - INFO - Drone 3: Reached target position
2026-02-13 19:03:51,587 - SwarmManager - ERROR - Drone 1 heartbeat timeout
2026-02-13 19:03:51,588 - SwarmManager - ERROR - Handling failure of drone 1: Heartbeat timeout
2026-02-13 19:03:51,590 - SwarmManager - ERROR - Drone 1 crashed
2026-02-13 19:03:51,591 - SwarmManager - ERROR - Handling failure of drone 1: Crashed
2026-02-13 19:03:51,592 - Drone_2 - INFO - Drone 2: Flying to {'x': 1917.930140768196, 'y': 1084.2461639710875, 'z': 60.0}
2026-02-13 19:03:51,592 - Drone_3 - INFO - Drone 3: Flying to {'x': 1981.3808117687277, 'y': 1061.218737940758, 'z': 60.0}
2026-02-13 19:03:51,788 - Drone_2 - INFO - Drone 2: Reached target position
2026-02-13 19:03:52,092 - Drone_3 - INFO - Drone 3: Reached target position
2026-02-13 19:03:52,593 - SwarmManager - ERROR - Drone 1 heartbeat timeout
2026-02-13 19:03:52,594 - SwarmManager - ERROR - Handling failure of drone 1: Heartbeat timeout
2026-02-13 19:03:52,595 - SwarmManager - ERROR - Drone 1 crashed
2026-02-13 19:03:52,595 - SwarmManager - ERROR - Handling failure of drone 1: Crashed
2026-02-13 19:03:52,595 - Drone_2 - INFO - Drone 2: Flying to {'x': 1915.2494470257493, 'y': 1076.7074344922253, 'z': 60.0}
2026-02-13 19:03:52,596 - Drone_3 - INFO - Drone 3: Flying to {'x': 1978.6706824908524, 'y': 1053.5990617221678, 'z': 60.0}
2026-02-13 19:03:52,793 - Drone_2 - INFO - Drone 2: Reached target position
2026-02-13 19:03:52,997 - Drone_3 - INFO - Drone 3: Reached target position
2026-02-13 19:03:53,596 - SwarmManager - ERROR - Drone 1 heartbeat timeout
2026-02-13 19:03:53,597 - SwarmManager - ERROR - Handling failure of drone 1: Heartbeat timeout
2026-02-13 19:03:53,597 - SwarmManager - ERROR - Drone 1 crashed
2026-02-13 19:03:53,597 - SwarmManager - ERROR - Handling failure of drone 1: Crashed
2026-02-13 19:03:53,597 - Drone_2 - INFO - Drone 2: Flying to {'x': 1912.568717686266, 'y': 1069.1747301510268, 'z': 60.0}
2026-02-13 19:03:53,598 - Drone_3 - INFO - Drone 3: Flying to {'x': 1975.9557805966735, 'y': 1045.9727850689437, 'z': 60.0}
2026-02-13 19:03:53,798 - Drone_2 - INFO - Drone 2: Reached target position
2026-02-13 19:03:54,002 - Drone_3 - INFO - Drone 3: Reached target position
2026-02-13 19:03:54,598 - SwarmManager - ERROR - Drone 1 heartbeat timeout
2026-02-13 19:03:54,599 - SwarmManager - ERROR - Handling failure of drone 1: Heartbeat timeout
2026-02-13 19:03:54,599 - SwarmManager - ERROR - Drone 1 crashed
2026-02-13 19:03:54,600 - SwarmManager - ERROR - Handling failure of drone 1: Crashed
2026-02-13 19:03:54,600 - Drone_2 - INFO - Drone 2: Flying to {'x': 1909.8869995473092, 'y': 1061.6502636596988, 'z': 60.0}
2026-02-13 19:03:54,600 - Drone_3 - INFO - Drone 3: Flying to {'x': 1973.2351407715373, 'y': 1038.3422606685535, 'z': 60.0}
2026-02-13 19:03:54,803 - Drone_2 - INFO - Drone 2: Reached target position
2026-02-13 19:03:55,011 - Drone_3 - INFO - Drone 3: Reached target position
2026-02-13 19:03:55,601 - SwarmManager - ERROR - Drone 1 heartbeat timeout
2026-02-13 19:03:55,602 - SwarmManager - ERROR - Handling failure of drone 1: Heartbeat timeout
2026-02-13 19:03:55,604 - SwarmManager - ERROR - Drone 1 crashed
2026-02-13 19:03:55,605 - SwarmManager - ERROR - Handling failure of drone 1: Crashed
2026-02-13 19:03:55,606 - Drone_2 - INFO - Drone 2: Flying to {'x': 1907.196579118911, 'y': 1054.117368581598, 'z': 60.0}
2026-02-13 19:03:55,606 - Drone_3 - INFO - Drone 3: Flying to {'x': 1970.5009347223117, 'y': 1030.6907051051617, 'z': 60.0}
2026-02-13 19:03:55,808 - Drone_2 - INFO - Drone 2: Reached target position
2026-02-13 19:03:56,017 - Drone_3 - INFO - Drone 3: Reached target position
2026-02-13 19:03:56,608 - SwarmManager - ERROR - Drone 1 heartbeat timeout
2026-02-13 19:03:56,608 - SwarmManager - ERROR - Handling failure of drone 1: Heartbeat timeout
2026-02-13 19:03:56,609 - SwarmManager - ERROR - Drone 1 crashed
2026-02-13 19:03:56,610 - SwarmManager - ERROR - Handling failure of drone 1: Crashed
2026-02-13 19:03:56,611 - Drone_2 - INFO - Drone 2: Flying to {'x': 1904.5063392265542, 'y': 1046.6058577075319, 'z': 60.0}
2026-02-13 19:03:56,611 - Drone_3 - INFO - Drone 3: Flying to {'x': 1967.7622109847184, 'y': 1023.0485936873893, 'z': 60.0}
2026-02-13 19:03:56,814 - Drone_2 - INFO - Drone 2: Reached target position
2026-02-13 19:03:57,022 - Drone_3 - INFO - Drone 3: Reached target position
2026-02-13 19:03:57,612 - SwarmManager - ERROR - Drone 1 heartbeat timeout
2026-02-13 19:03:57,613 - SwarmManager - ERROR - Handling failure of drone 1: Heartbeat timeout
2026-02-13 19:03:57,614 - SwarmManager - ERROR - Drone 1 crashed
2026-02-13 19:03:57,615 - SwarmManager - ERROR - Handling failure of drone 1: Crashed
2026-02-13 19:03:57,616 - Drone_2 - INFO - Drone 2: Flying to {'x': 1901.8111377912244, 'y': 1039.1062357477797, 'z': 60.0}
2026-02-13 19:03:57,616 - Drone_3 - INFO - Drone 3: Flying to {'x': 1965.0137877351942, 'y': 1015.40655136043, 'z': 60.0}
2026-02-13 19:03:57,823 - Drone_2 - INFO - Drone 2: Reached target position
2026-02-13 19:03:58,027 - Drone_3 - INFO - Drone 3: Reached target position
2026-02-13 19:03:58,617 - SwarmManager - ERROR - Drone 1 heartbeat timeout
2026-02-13 19:03:58,619 - SwarmManager - ERROR - Handling failure of drone 1: Heartbeat timeout
2026-02-13 19:03:58,621 - SwarmManager - ERROR - Drone 1 crashed
2026-02-13 19:03:58,622 - SwarmManager - ERROR - Handling failure of drone 1: Crashed
2026-02-13 19:03:58,624 - Drone_2 - INFO - Drone 2: Flying to {'x': 1899.109465865201, 'y': 1031.6191646743744, 'z': 60.0}
2026-02-13 19:03:58,625 - Drone_3 - INFO - Drone 3: Flying to {'x': 1962.2541844027455, 'y': 1007.7655586406051, 'z': 60.0}
2026-02-13 19:03:58,828 - Drone_2 - INFO - Drone 2: Reached target position
2026-02-13 19:03:59,032 - Drone_3 - INFO - Drone 3: Reached target position
2026-02-13 19:03:59,626 - SwarmManager - ERROR - Drone 1 heartbeat timeout
2026-02-13 19:03:59,627 - SwarmManager - ERROR - Handling failure of drone 1: Heartbeat timeout
2026-02-13 19:03:59,627 - SwarmManager - ERROR - Drone 1 crashed
2026-02-13 19:03:59,628 - SwarmManager - ERROR - Handling failure of drone 1: Crashed
2026-02-13 19:03:59,628 - Drone_2 - INFO - Drone 2: Flying to {'x': 1896.398976085642, 'y': 1024.142961315096, 'z': 60.0}
2026-02-13 19:03:59,628 - Drone_3 - INFO - Drone 3: Flying to {'x': 1959.4810750647862, 'y': 1000.1242438558838, 'z': 60.0}
2026-02-13 19:03:59,835 - Drone_2 - INFO - Drone 2: Reached target position
2026-02-13 19:04:00,038 - Drone_3 - INFO - Drone 3: Reached target position
2026-02-13 19:04:00,629 - SwarmManager - ERROR - Drone 1 heartbeat timeout
2026-02-13 19:04:00,630 - SwarmManager - ERROR - Handling failure of drone 1: Heartbeat timeout
2026-02-13 19:04:00,630 - SwarmManager - ERROR - Drone 1 crashed
2026-02-13 19:04:00,631 - SwarmManager - ERROR - Handling failure of drone 1: Crashed
2026-02-13 19:04:00,632 - Drone_2 - INFO - Drone 2: Flying to {'x': 1893.6723094217593, 'y': 1016.6622355666627, 'z': 60.0}
2026-02-13 19:04:00,632 - Drone_3 - INFO - Drone 3: Flying to {'x': 1956.6870029544436, 'y': 992.4672278381686, 'z': 60.0}
2026-02-13 19:04:00,842 - Drone_2 - INFO - Drone 2: Reached target position
2026-02-13 19:04:01,044 - Drone_3 - INFO - Drone 3: Reached target position
2026-02-13 19:04:01,633 - SwarmManager - ERROR - Drone 1 heartbeat timeout
2026-02-13 19:04:01,634 - SwarmManager - ERROR - Handling failure of drone 1: Heartbeat timeout
2026-02-13 19:04:01,635 - SwarmManager - ERROR - Drone 1 crashed
2026-02-13 19:04:01,636 - SwarmManager - ERROR - Handling failure of drone 1: Crashed
2026-02-13 19:04:01,637 - Drone_2 - INFO - Drone 2: Flying to {'x': 1890.9324182794933, 'y': 1009.1899555949846, 'z': 60.0}
2026-02-13 19:04:01,638 - Drone_3 - INFO - Drone 3: Flying to {'x': 1953.8750805348384, 'y': 984.8081741135269, 'z': 60.0}
2026-02-13 19:04:01,849 - Drone_2 - INFO - Drone 2: Reached target position
2026-02-13 19:04:01,930 - PhysicalMLTrainer_Drone5 - INFO - Physical ML model trained drone=5 samples=5301 degree=2 alpha=0.0 val_mse=0.000000
2026-02-13 19:04:02,050 - Drone_3 - INFO - Drone 3: Reached target position
2026-02-13 19:04:02,068 - PhysicalMLTrainer_Drone3 - INFO - Physical ML model trained drone=3 samples=5301 degree=2 alpha=0.0 val_mse=0.000432
2026-02-13 19:04:02,166 - PhysicalMLTrainer_Drone4 - INFO - Physical ML model trained drone=4 samples=5301 degree=2 alpha=0.0 val_mse=0.000479
2026-02-13 19:04:02,172 - PhysicalMLTrainer_Drone2 - INFO - Physical ML model trained drone=2 samples=5301 degree=2 alpha=0.0 val_mse=0.000321
2026-02-13 19:04:02,639 - SwarmManager - ERROR - Drone 1 heartbeat timeout
2026-02-13 19:04:02,640 - SwarmManager - ERROR - Handling failure of drone 1: Heartbeat timeout
2026-02-13 19:04:02,641 - SwarmManager - ERROR - Drone 1 crashed
2026-02-13 19:04:02,642 - SwarmManager - ERROR - Handling failure of drone 1: Crashed
2026-02-13 19:04:02,643 - Drone_2 - INFO - Drone 2: Flying to {'x': 1888.3547407303042, 'y': 1002.2047319336326, 'z': 60.0}
2026-02-13 19:04:02,644 - Drone_3 - INFO - Drone 3: Flying to {'x': 1951.225866066298, 'y': 977.6390729971064, 'z': 60.0}
2026-02-13 19:04:02,777 - Drone_2 - INFO - Drone 2: Reached target position
2026-02-13 19:04:03,075 - Drone_3 - INFO - Drone 3: Reached target position
2026-02-13 19:04:03,646 - SwarmManager - ERROR - Drone 1 heartbeat timeout
2026-02-13 19:04:03,646 - SwarmManager - ERROR - Handling failure of drone 1: Heartbeat timeout
2026-02-13 19:04:03,646 - SwarmManager - ERROR - Drone 1 crashed
2026-02-13 19:04:03,646 - SwarmManager - ERROR - Handling failure of drone 1: Crashed
2026-02-13 19:04:03,647 - Drone_2 - INFO - Drone 2: Flying to {'x': 1885.586378464548, 'y': 994.7541553345753, 'z': 60.0}
2026-02-13 19:04:03,647 - Drone_3 - INFO - Drone 3: Flying to {'x': 1948.3767940681882, 'y': 969.982927905921, 'z': 60.0}
2026-02-13 19:04:03,782 - Drone_2 - INFO - Drone 2: Reached target position
2026-02-13 19:04:04,081 - Drone_3 - INFO - Drone 3: Reached target position
2026-02-13 19:04:04,647 - SwarmManager - ERROR - Drone 1 heartbeat timeout
2026-02-13 19:04:04,648 - SwarmManager - ERROR - Handling failure of drone 1: Heartbeat timeout
2026-02-13 19:04:04,648 - SwarmManager - ERROR - Drone 1 crashed
2026-02-13 19:04:04,648 - SwarmManager - ERROR - Handling failure of drone 1: Crashed
2026-02-13 19:04:04,649 - Drone_2 - INFO - Drone 2: Flying to {'x': 1882.809573551559, 'y': 987.337890280669, 'z': 60.0}
2026-02-13 19:04:04,649 - Drone_3 - INFO - Drone 3: Flying to {'x': 1945.5152203871253, 'y': 962.3528576624549, 'z': 60.0}
2026-02-13 19:04:04,788 - Drone_2 - INFO - Drone 2: Reached target position
2026-02-13 19:04:05,087 - Drone_3 - INFO - Drone 3: Reached target position
2026-02-13 19:04:05,651 - SwarmManager - ERROR - Drone 1 heartbeat timeout
2026-02-13 19:04:05,651 - SwarmManager - ERROR - Handling failure of drone 1: Heartbeat timeout
2026-02-13 19:04:05,652 - SwarmManager - ERROR - Drone 1 crashed
2026-02-13 19:04:05,653 - SwarmManager - ERROR - Handling failure of drone 1: Crashed
2026-02-13 19:04:05,653 - Drone_2 - INFO - Drone 2: Flying to {'x': 1880.007261660731, 'y': 979.9145974234859, 'z': 60.0}
2026-02-13 19:04:05,653 - Drone_3 - INFO - Drone 3: Flying to {'x': 1942.6237399580934, 'y': 954.7069270504435, 'z': 60.0}
2026-02-13 19:04:05,793 - Drone_2 - INFO - Drone 2: Reached target position
2026-02-13 19:04:06,093 - Drone_3 - INFO - Drone 3: Reached target position
2026-02-13 19:04:06,654 - SwarmManager - ERROR - Drone 1 heartbeat timeout
2026-02-13 19:04:06,655 - SwarmManager - ERROR - Handling failure of drone 1: Heartbeat timeout
2026-02-13 19:04:06,655 - SwarmManager - ERROR - Drone 1 crashed
2026-02-13 19:04:06,656 - SwarmManager - ERROR - Handling failure of drone 1: Crashed
2026-02-13 19:04:06,656 - Drone_2 - INFO - Drone 2: Flying to {'x': 1877.186705095731, 'y': 972.507778756905, 'z': 60.0}
2026-02-13 19:04:06,657 - Drone_3 - INFO - Drone 3: Flying to {'x': 1939.710032746564, 'y': 947.0699427745228, 'z': 60.0}
2026-02-13 19:04:06,801 - Drone_2 - INFO - Drone 2: Reached target position
2026-02-13 19:04:07,100 - Drone_3 - INFO - Drone 3: Reached target position
2026-02-13 19:04:07,658 - SwarmManager - ERROR - Drone 1 heartbeat timeout
2026-02-13 19:04:07,659 - SwarmManager - ERROR - Handling failure of drone 1: Heartbeat timeout
2026-02-13 19:04:07,660 - SwarmManager - ERROR - Drone 1 crashed
2026-02-13 19:04:07,661 - SwarmManager - ERROR - Handling failure of drone 1: Crashed
2026-02-13 19:04:07,662 - Drone_2 - INFO - Drone 2: Flying to {'x': 1874.3463723456707, 'y': 965.1172272911828, 'z': 60.0}
2026-02-13 19:04:07,662 - Drone_3 - INFO - Drone 3: Flying to {'x': 1936.7727400415888, 'y': 939.442363780464, 'z': 60.0}
2026-02-13 19:04:07,806 - Drone_2 - INFO - Drone 2: Reached target position
2026-02-13 19:04:08,107 - Drone_3 - INFO - Drone 3: Reached target position
2026-02-13 19:04:08,663 - SwarmManager - ERROR - Drone 1 heartbeat timeout
2026-02-13 19:04:08,664 - SwarmManager - ERROR - Handling failure of drone 1: Heartbeat timeout
2026-02-13 19:04:08,665 - SwarmManager - ERROR - Drone 1 crashed
2026-02-13 19:04:08,666 - SwarmManager - ERROR - Handling failure of drone 1: Crashed
2026-02-13 19:04:08,667 - Drone_2 - INFO - Drone 2: Flying to {'x': 1871.4830316912676, 'y': 957.7382298695271, 'z': 60.0}
2026-02-13 19:04:08,668 - Drone_3 - INFO - Drone 3: Flying to {'x': 1933.8087599350915, 'y': 931.820020076468, 'z': 60.0}
2026-02-13 19:04:08,813 - Drone_2 - INFO - Drone 2: Reached target position
2026-02-13 19:04:09,112 - Drone_3 - INFO - Drone 3: Reached target position
2026-02-13 19:04:09,669 - SwarmManager - ERROR - Drone 1 heartbeat timeout
2026-02-13 19:04:09,670 - SwarmManager - ERROR - Handling failure of drone 1: Heartbeat timeout
2026-02-13 19:04:09,671 - SwarmManager - ERROR - Drone 1 crashed
2026-02-13 19:04:09,671 - SwarmManager - ERROR - Handling failure of drone 1: Crashed
2026-02-13 19:04:09,672 - Drone_2 - INFO - Drone 2: Flying to {'x': 1868.5970763029384, 'y': 950.3752918852568, 'z': 60.0}
2026-02-13 19:04:09,673 - Drone_3 - INFO - Drone 3: Flying to {'x': 1930.8187591816006, 'y': 924.2082863296497, 'z': 60.0}
2026-02-13 19:04:09,820 - Drone_2 - INFO - Drone 2: Reached target position
2026-02-13 19:04:10,118 - Drone_3 - INFO - Drone 3: Reached target position
2026-02-13 19:04:10,674 - SwarmManager - ERROR - Drone 1 heartbeat timeout
2026-02-13 19:04:10,675 - SwarmManager - ERROR - Handling failure of drone 1: Heartbeat timeout
2026-02-13 19:04:10,676 - SwarmManager - ERROR - Drone 1 crashed
2026-02-13 19:04:10,677 - SwarmManager - ERROR - Handling failure of drone 1: Crashed
2026-02-13 19:04:10,678 - Drone_2 - INFO - Drone 2: Flying to {'x': 1865.6816888926926, 'y': 943.0144640325537, 'z': 60.0}
2026-02-13 19:04:10,679 - Drone_3 - INFO - Drone 3: Flying to {'x': 1927.7959500911654, 'y': 916.593477000123, 'z': 60.0}
2026-02-13 19:04:10,824 - Drone_2 - INFO - Drone 2: Reached target position
2026-02-13 19:04:11,124 - Drone_3 - INFO - Drone 3: Reached target position
2026-02-13 19:04:11,680 - SwarmManager - ERROR - Drone 1 heartbeat timeout
2026-02-13 19:04:11,681 - SwarmManager - ERROR - Handling failure of drone 1: Heartbeat timeout
2026-02-13 19:04:11,682 - SwarmManager - ERROR - Drone 1 crashed
2026-02-13 19:04:11,684 - SwarmManager - ERROR - Handling failure of drone 1: Crashed
2026-02-13 19:04:11,685 - Drone_2 - INFO - Drone 2: Flying to {'x': 1862.7420082682097, 'y': 935.671894242036, 'z': 60.0}
2026-02-13 19:04:11,685 - Drone_3 - INFO - Drone 3: Flying to {'x': 1924.7459567512255, 'y': 908.9930567014777, 'z': 60.0}
2026-02-13 19:04:11,931 - Drone_2 - INFO - Drone 2: Reached target position
2026-02-13 19:04:12,129 - Drone_3 - INFO - Drone 3: Reached target position
2026-02-13 19:04:12,686 - SwarmManager - ERROR - Drone 1 heartbeat timeout
2026-02-13 19:04:12,686 - SwarmManager - ERROR - Handling failure of drone 1: Heartbeat timeout
2026-02-13 19:04:12,687 - SwarmManager - ERROR - Drone 1 crashed
2026-02-13 19:04:12,687 - SwarmManager - ERROR - Handling failure of drone 1: Crashed
2026-02-13 19:04:12,687 - Drone_2 - INFO - Drone 2: Flying to {'x': 1859.7733903981566, 'y': 928.3388263691742, 'z': 60.0}
2026-02-13 19:04:12,687 - Drone_3 - INFO - Drone 3: Flying to {'x': 1921.6642793554715, 'y': 901.3987472291032, 'z': 60.0}
2026-02-13 19:04:12,940 - Drone_2 - INFO - Drone 2: Reached target position
2026-02-13 19:04:13,135 - Drone_3 - INFO - Drone 3: Reached target position
2026-02-13 19:04:13,688 - SwarmManager - ERROR - Drone 1 heartbeat timeout
2026-02-13 19:04:13,689 - SwarmManager - ERROR - Handling failure of drone 1: Heartbeat timeout
2026-02-13 19:04:13,689 - SwarmManager - ERROR - Drone 1 crashed
2026-02-13 19:04:13,689 - SwarmManager - ERROR - Handling failure of drone 1: Crashed
2026-02-13 19:04:13,690 - Drone_2 - INFO - Drone 2: Flying to {'x': 1856.7785919365679, 'y': 921.0246453484169, 'z': 60.0}
2026-02-13 19:04:13,690 - Drone_3 - INFO - Drone 3: Flying to {'x': 1918.5541153339568, 'y': 893.8210663747116, 'z': 60.0}
2026-02-13 19:04:13,946 - Drone_2 - INFO - Drone 2: Reached target position
2026-02-13 19:04:14,142 - Drone_3 - INFO - Drone 3: Reached target position
2026-02-13 19:04:14,691 - SwarmManager - ERROR - Drone 1 heartbeat timeout
2026-02-13 19:04:14,692 - SwarmManager - ERROR - Handling failure of drone 1: Heartbeat timeout
2026-02-13 19:04:14,692 - SwarmManager - ERROR - Drone 1 crashed
2026-02-13 19:04:14,693 - SwarmManager - ERROR - Handling failure of drone 1: Crashed
2026-02-13 19:04:14,694 - Drone_2 - INFO - Drone 2: Flying to {'x': 1853.7522279747718, 'y': 913.7185629908563, 'z': 60.0}
2026-02-13 19:04:14,694 - Drone_3 - INFO - Drone 3: Flying to {'x': 1915.4102247273095, 'y': 886.2496453481083, 'z': 60.0}
2026-02-13 19:04:14,953 - Drone_2 - INFO - Drone 2: Reached target position
2026-02-13 19:04:15,148 - Drone_3 - INFO - Drone 3: Reached target position
2026-02-13 19:04:15,695 - SwarmManager - ERROR - Drone 1 heartbeat timeout
2026-02-13 19:04:15,696 - SwarmManager - ERROR - Handling failure of drone 1: Heartbeat timeout
2026-02-13 19:04:15,696 - SwarmManager - ERROR - Drone 1 crashed
2026-02-13 19:04:15,697 - SwarmManager - ERROR - Handling failure of drone 1: Crashed
2026-02-13 19:04:15,697 - Drone_2 - INFO - Drone 2: Flying to {'x': 1850.6962533241654, 'y': 906.4274599692903, 'z': 60.0}
2026-02-13 19:04:15,697 - Drone_3 - INFO - Drone 3: Flying to {'x': 1912.2350048776052, 'y': 878.6924269380497, 'z': 60.0}
2026-02-13 19:04:15,961 - Drone_2 - INFO - Drone 2: Reached target position
2026-02-13 19:04:16,156 - Drone_3 - INFO - Drone 3: Reached target position
2026-02-13 19:04:16,698 - SwarmManager - ERROR - Drone 1 heartbeat timeout
2026-02-13 19:04:16,699 - SwarmManager - ERROR - Handling failure of drone 1: Heartbeat timeout
2026-02-13 19:04:16,699 - SwarmManager - ERROR - Drone 1 crashed
2026-02-13 19:04:16,700 - SwarmManager - ERROR - Handling failure of drone 1: Crashed
2026-02-13 19:04:16,701 - Drone_2 - INFO - Drone 2: Flying to {'x': 1847.6113883933742, 'y': 899.1547721121859, 'z': 60.0}
2026-02-13 19:04:16,701 - Drone_3 - INFO - Drone 3: Flying to {'x': 1909.029585618374, 'y': 871.1537891003167, 'z': 60.0}
2026-02-13 19:04:16,966 - Drone_2 - INFO - Drone 2: Reached target position
2026-02-13 19:04:17,161 - Drone_3 - INFO - Drone 3: Reached target position
2026-02-13 19:04:17,702 - SwarmManager - ERROR - Drone 1 heartbeat timeout
2026-02-13 19:04:17,702 - SwarmManager - ERROR - Handling failure of drone 1: Heartbeat timeout
2026-02-13 19:04:17,703 - SwarmManager - ERROR - Drone 1 crashed
2026-02-13 19:04:17,704 - SwarmManager - ERROR - Handling failure of drone 1: Crashed
2026-02-13 19:04:17,704 - Drone_2 - INFO - Drone 2: Flying to {'x': 1844.4871724590814, 'y': 891.8776545068312, 'z': 60.0}
2026-02-13 19:04:17,705 - Drone_3 - INFO - Drone 3: Flying to {'x': 1905.7834911883936, 'y': 863.6108663936658, 'z': 60.0}
2026-02-13 19:04:17,975 - Drone_2 - INFO - Drone 2: Reached target position
2026-02-13 19:04:18,167 - Drone_3 - INFO - Drone 3: Reached target position
2026-02-13 19:04:18,706 - SwarmManager - ERROR - Drone 1 heartbeat timeout
2026-02-13 19:04:18,707 - SwarmManager - ERROR - Handling failure of drone 1: Heartbeat timeout
2026-02-13 19:04:18,708 - SwarmManager - ERROR - Drone 1 crashed
2026-02-13 19:04:18,709 - SwarmManager - ERROR - Handling failure of drone 1: Crashed
2026-02-13 19:04:18,710 - Drone_2 - INFO - Drone 2: Flying to {'x': 1841.3391674396994, 'y': 884.6335945905043, 'z': 60.0}
2026-02-13 19:04:18,711 - Drone_3 - INFO - Drone 3: Flying to {'x': 1902.5132927497225, 'y': 856.1033230784142, 'z': 60.0}
2026-02-13 19:04:18,982 - Drone_2 - INFO - Drone 2: Reached target position
2026-02-13 19:04:19,174 - Drone_3 - INFO - Drone 3: Reached target position
2026-02-13 19:04:19,712 - SwarmManager - ERROR - Drone 1 heartbeat timeout
2026-02-13 19:04:19,713 - SwarmManager - ERROR - Handling failure of drone 1: Heartbeat timeout
2026-02-13 19:04:19,714 - SwarmManager - ERROR - Drone 1 crashed
2026-02-13 19:04:19,715 - SwarmManager - ERROR - Handling failure of drone 1: Crashed
2026-02-13 19:04:19,716 - Drone_2 - INFO - Drone 2: Flying to {'x': 1838.1568098015678, 'y': 877.3990342935833, 'z': 60.0}
2026-02-13 19:04:19,717 - Drone_3 - INFO - Drone 3: Flying to {'x': 1899.2084253546504, 'y': 848.6075383553971, 'z': 60.0}
2026-02-13 19:04:19,988 - Drone_2 - INFO - Drone 2: Reached target position
2026-02-13 19:04:20,182 - Drone_3 - INFO - Drone 3: Reached target position
2026-02-13 19:04:20,718 - SwarmManager - ERROR - Drone 1 heartbeat timeout
2026-02-13 19:04:20,719 - SwarmManager - ERROR - Handling failure of drone 1: Heartbeat timeout
2026-02-13 19:04:20,721 - SwarmManager - ERROR - Drone 1 crashed
2026-02-13 19:04:20,723 - SwarmManager - ERROR - Handling failure of drone 1: Crashed
2026-02-13 19:04:20,723 - Drone_2 - INFO - Drone 2: Flying to {'x': 1834.9456039172223, 'y': 870.1871248470964, 'z': 60.0}
2026-02-13 19:04:20,724 - Drone_3 - INFO - Drone 3: Flying to {'x': 1895.8750187792039, 'y': 841.1379182387132, 'z': 60.0}
2026-02-13 19:04:20,995 - Drone_2 - INFO - Drone 2: Reached target position
2026-02-13 19:04:21,187 - Drone_3 - INFO - Drone 3: Reached target position
2026-02-13 19:04:21,725 - SwarmManager - ERROR - Drone 1 heartbeat timeout
2026-02-13 19:04:21,725 - SwarmManager - ERROR - Handling failure of drone 1: Heartbeat timeout
2026-02-13 19:04:21,726 - SwarmManager - ERROR - Drone 1 crashed
2026-02-13 19:04:21,726 - SwarmManager - ERROR - Handling failure of drone 1: Crashed
2026-02-13 19:04:21,726 - Drone_2 - INFO - Drone 2: Flying to {'x': 1831.696727777783, 'y': 862.9785498294343, 'z': 60.0}
2026-02-13 19:04:21,726 - Drone_3 - INFO - Drone 3: Flying to {'x': 1892.5043344980645, 'y': 833.6752229713527, 'z': 60.0}
2026-02-13 19:04:22,001 - Drone_2 - INFO - Drone 2: Reached target position
2026-02-13 19:04:22,073 - PhysicalMLTrainer_Drone5 - INFO - Physical ML model trained drone=5 samples=5501 degree=2 alpha=0.0 val_mse=0.000000
2026-02-13 19:04:22,194 - Drone_3 - INFO - Drone 3: Reached target position
2026-02-13 19:04:22,213 - PhysicalMLTrainer_Drone3 - INFO - Physical ML model trained drone=3 samples=5501 degree=2 alpha=0.0 val_mse=0.000479
2026-02-13 19:04:22,302 - PhysicalMLTrainer_Drone4 - INFO - Physical ML model trained drone=4 samples=5501 degree=2 alpha=0.0 val_mse=0.000371
2026-02-13 19:04:22,319 - PhysicalMLTrainer_Drone2 - INFO - Physical ML model trained drone=2 samples=5501 degree=2 alpha=0.0 val_mse=0.000304
2026-02-13 19:04:22,727 - SwarmManager - ERROR - Drone 1 heartbeat timeout
2026-02-13 19:04:22,728 - SwarmManager - ERROR - Handling failure of drone 1: Heartbeat timeout
2026-02-13 19:04:22,728 - SwarmManager - ERROR - Drone 1 crashed
2026-02-13 19:04:22,729 - SwarmManager - ERROR - Handling failure of drone 1: Crashed
2026-02-13 19:04:22,730 - Drone_2 - INFO - Drone 2: Flying to {'x': 1828.3539701235895, 'y': 855.6514677658628, 'z': 60.0}
2026-02-13 19:04:22,730 - Drone_3 - INFO - Drone 3: Flying to {'x': 1889.0385433904576, 'y': 826.0941917171789, 'z': 60.0}
2026-02-13 19:04:23,023 - Drone_2 - INFO - Drone 2: Reached target position
2026-02-13 19:04:23,219 - Drone_3 - INFO - Drone 3: Reached target position
2026-02-13 19:04:23,731 - SwarmManager - ERROR - Drone 1 heartbeat timeout
2026-02-13 19:04:23,731 - SwarmManager - ERROR - Handling failure of drone 1: Heartbeat timeout
2026-02-13 19:04:23,732 - SwarmManager - ERROR - Drone 1 crashed
2026-02-13 19:04:23,732 - SwarmManager - ERROR - Handling failure of drone 1: Crashed
2026-02-13 19:04:23,732 - Drone_2 - INFO - Drone 2: Flying to {'x': 1825.0386399338265, 'y': 848.4715035340853, 'z': 60.0}
2026-02-13 19:04:23,732 - Drone_3 - INFO - Drone 3: Flying to {'x': 1885.6038401820113, 'y': 818.6703874661039, 'z': 60.0}
2026-02-13 19:04:24,029 - Drone_2 - INFO - Drone 2: Reached target position
2026-02-13 19:04:24,225 - Drone_3 - INFO - Drone 3: Reached target position
2026-02-13 19:04:24,733 - SwarmManager - ERROR - Drone 1 heartbeat timeout
2026-02-13 19:04:24,734 - SwarmManager - ERROR - Handling failure of drone 1: Heartbeat timeout
2026-02-13 19:04:24,735 - SwarmManager - ERROR - Drone 1 crashed
2026-02-13 19:04:24,736 - SwarmManager - ERROR - Handling failure of drone 1: Crashed
2026-02-13 19:04:24,737 - Drone_2 - INFO - Drone 2: Flying to {'x': 1821.6871892818535, 'y': 841.2984995019528, 'z': 60.0}
2026-02-13 19:04:24,737 - Drone_3 - INFO - Drone 3: Flying to {'x': 1882.134738552044, 'y': 811.2594617805489, 'z': 60.0}
2026-02-13 19:04:25,036 - Drone_2 - INFO - Drone 2: Reached target position
2026-02-13 19:04:25,232 - Drone_3 - INFO - Drone 3: Reached target position
2026-02-13 19:04:25,738 - SwarmManager - ERROR - Drone 1 heartbeat timeout
2026-02-13 19:04:25,739 - SwarmManager - ERROR - Handling failure of drone 1: Heartbeat timeout
2026-02-13 19:04:25,740 - SwarmManager - ERROR - Drone 1 crashed
2026-02-13 19:04:25,741 - SwarmManager - ERROR - Handling failure of drone 1: Crashed
2026-02-13 19:04:25,743 - Drone_2 - INFO - Drone 2: Flying to {'x': 1818.302064704101, 'y': 834.1372276657572, 'z': 60.0}
2026-02-13 19:04:25,743 - Drone_3 - INFO - Drone 3: Flying to {'x': 1878.6341847972, 'y': 803.8670230897741, 'z': 60.0}
2026-02-13 19:04:26,043 - Drone_2 - INFO - Drone 2: Reached target position
2026-02-13 19:04:26,239 - Drone_3 - INFO - Drone 3: Reached target position
2026-02-13 19:04:26,745 - SwarmManager - ERROR - Drone 1 heartbeat timeout
2026-02-13 19:04:26,746 - SwarmManager - ERROR - Handling failure of drone 1: Heartbeat timeout
2026-02-13 19:04:26,747 - SwarmManager - ERROR - Drone 1 crashed
2026-02-13 19:04:26,749 - SwarmManager - ERROR - Handling failure of drone 1: Crashed
2026-02-13 19:04:26,750 - Drone_2 - INFO - Drone 2: Flying to {'x': 1814.883339370895, 'y': 826.987051904206, 'z': 60.0}
2026-02-13 19:04:26,751 - Drone_3 - INFO - Drone 3: Flying to {'x': 1875.1026577528924, 'y': 796.4930575183002, 'z': 60.0}
2026-02-13 19:04:27,050 - Drone_2 - INFO - Drone 2: Reached target position
2026-02-13 19:04:27,246 - Drone_3 - INFO - Drone 3: Reached target position
2026-02-13 19:04:27,752 - SwarmManager - ERROR - Drone 1 heartbeat timeout
2026-02-13 19:04:27,753 - SwarmManager - ERROR - Handling failure of drone 1: Heartbeat timeout
2026-02-13 19:04:27,754 - SwarmManager - ERROR - Drone 1 crashed
2026-02-13 19:04:27,755 - SwarmManager - ERROR - Handling failure of drone 1: Crashed
2026-02-13 19:04:27,756 - Drone_2 - INFO - Drone 2: Flying to {'x': 1811.4249442074681, 'y': 819.8344824966025, 'z': 60.0}
2026-02-13 19:04:27,757 - Drone_3 - INFO - Drone 3: Flying to {'x': 1871.5342932367637, 'y': 789.1242861560661, 'z': 60.0}
2026-02-13 19:04:28,057 - Drone_2 - INFO - Drone 2: Reached target position
2026-02-13 19:04:28,255 - Drone_3 - INFO - Drone 3: Reached target position
2026-02-13 19:04:28,758 - SwarmManager - ERROR - Drone 1 heartbeat timeout
2026-02-13 19:04:28,759 - SwarmManager - ERROR - Handling failure of drone 1: Heartbeat timeout
2026-02-13 19:04:28,761 - SwarmManager - ERROR - Drone 1 crashed
2026-02-13 19:04:28,763 - SwarmManager - ERROR - Handling failure of drone 1: Crashed
2026-02-13 19:04:28,764 - Drone_2 - INFO - Drone 2: Flying to {'x': 1807.9369317849812, 'y': 812.699146473672, 'z': 60.0}
2026-02-13 19:04:28,764 - Drone_3 - INFO - Drone 3: Flying to {'x': 1867.9398512007363, 'y': 781.7815194368764, 'z': 60.0}
2026-02-13 19:04:29,064 - Drone_2 - INFO - Drone 2: Reached target position
2026-02-13 19:04:29,263 - Drone_3 - INFO - Drone 3: Reached target position
2026-02-13 19:04:29,765 - SwarmManager - ERROR - Drone 1 heartbeat timeout
2026-02-13 19:04:29,765 - SwarmManager - ERROR - Handling failure of drone 1: Heartbeat timeout
2026-02-13 19:04:29,766 - SwarmManager - ERROR - Drone 1 crashed
2026-02-13 19:04:29,767 - SwarmManager - ERROR - Handling failure of drone 1: Crashed
2026-02-13 19:04:29,768 - Drone_2 - INFO - Drone 2: Flying to {'x': 1804.421181339275, 'y': 805.5831447657366, 'z': 60.0}
2026-02-13 19:04:29,768 - Drone_3 - INFO - Drone 3: Flying to {'x': 1864.3216205444726, 'y': 774.467435179991, 'z': 60.0}
2026-02-13 19:04:30,073 - Drone_2 - INFO - Drone 2: Reached target position
2026-02-13 19:04:30,273 - Drone_3 - INFO - Drone 3: Reached target position
2026-02-13 19:04:30,769 - SwarmManager - ERROR - Drone 1 heartbeat timeout
2026-02-13 19:04:30,769 - SwarmManager - ERROR - Handling failure of drone 1: Heartbeat timeout
2026-02-13 19:04:30,769 - SwarmManager - ERROR - Drone 1 crashed
2026-02-13 19:04:30,770 - SwarmManager - ERROR - Handling failure of drone 1: Crashed
2026-02-13 19:04:30,770 - Drone_2 - INFO - Drone 2: Flying to {'x': 1800.8726088477201, 'y': 798.4743903098844, 'z': 60.0}
2026-02-13 19:04:30,770 - Drone_3 - INFO - Drone 3: Flying to {'x': 1860.6747133558401, 'y': 767.1701047182934, 'z': 60.0}
2026-02-13 19:04:31,079 - Drone_2 - INFO - Drone 2: Reached target position
2026-02-13 19:04:31,179 - Drone_3 - INFO - Drone 3: Reached target position
2026-02-13 19:04:31,771 - SwarmManager - ERROR - Drone 1 heartbeat timeout
2026-02-13 19:04:31,772 - SwarmManager - ERROR - Handling failure of drone 1: Heartbeat timeout
2026-02-13 19:04:31,772 - SwarmManager - ERROR - Drone 1 crashed
2026-02-13 19:04:31,772 - SwarmManager - ERROR - Handling failure of drone 1: Crashed
2026-02-13 19:04:31,773 - Drone_2 - INFO - Drone 2: Flying to {'x': 1797.2983555594826, 'y': 791.3851710107377, 'z': 60.0}
2026-02-13 19:04:31,773 - Drone_3 - INFO - Drone 3: Flying to {'x': 1857.0067928134588, 'y': 759.902596136881, 'z': 60.0}
2026-02-13 19:04:32,086 - Drone_2 - INFO - Drone 2: Reached target position
2026-02-13 19:04:32,184 - Drone_3 - INFO - Drone 3: Reached target position
2026-02-13 19:04:32,773 - SwarmManager - ERROR - Drone 1 heartbeat timeout
2026-02-13 19:04:32,775 - SwarmManager - ERROR - Handling failure of drone 1: Heartbeat timeout
2026-02-13 19:04:32,776 - SwarmManager - ERROR - Drone 1 crashed
2026-02-13 19:04:32,776 - SwarmManager - ERROR - Handling failure of drone 1: Crashed
2026-02-13 19:04:32,777 - Drone_2 - INFO - Drone 2: Flying to {'x': 1793.6872156202587, 'y': 784.2912291249127, 'z': 60.0}
2026-02-13 19:04:32,778 - Drone_3 - INFO - Drone 3: Flying to {'x': 1853.306677453609, 'y': 752.640482361184, 'z': 60.0}
2026-02-13 19:04:33,094 - Drone_2 - INFO - Drone 2: Reached target position
2026-02-13 19:04:33,190 - Drone_3 - INFO - Drone 3: Reached target position
2026-02-13 19:04:33,778 - SwarmManager - ERROR - Drone 1 heartbeat timeout
2026-02-13 19:04:33,779 - SwarmManager - ERROR - Handling failure of drone 1: Heartbeat timeout
2026-02-13 19:04:33,780 - SwarmManager - ERROR - Drone 1 crashed
2026-02-13 19:04:33,781 - SwarmManager - ERROR - Handling failure of drone 1: Crashed
2026-02-13 19:04:33,782 - Drone_2 - INFO - Drone 2: Flying to {'x': 1790.0534299407152, 'y': 777.2182766463405, 'z': 60.0}
2026-02-13 19:04:33,782 - Drone_3 - INFO - Drone 3: Flying to {'x': 1849.589253145736, 'y': 745.4104827067962, 'z': 60.0}
2026-02-13 19:04:34,099 - Drone_2 - INFO - Drone 2: Reached target position
2026-02-13 19:04:34,196 - Drone_3 - INFO - Drone 3: Reached target position
2026-02-13 19:04:34,783 - SwarmManager - ERROR - Drone 1 heartbeat timeout
2026-02-13 19:04:34,785 - SwarmManager - ERROR - Handling failure of drone 1: Heartbeat timeout
2026-02-13 19:04:34,786 - SwarmManager - ERROR - Drone 1 crashed
2026-02-13 19:04:34,787 - SwarmManager - ERROR - Handling failure of drone 1: Crashed
2026-02-13 19:04:34,789 - Drone_2 - INFO - Drone 2: Flying to {'x': 1786.3866230788433, 'y': 770.1436412224177, 'z': 60.0}
2026-02-13 19:04:34,789 - Drone_3 - INFO - Drone 3: Flying to {'x': 1845.8441740464807, 'y': 738.1897739614617, 'z': 60.0}
2026-02-13 19:04:35,104 - Drone_2 - INFO - Drone 2: Reached target position
2026-02-13 19:04:35,201 - Drone_3 - INFO - Drone 3: Reached target position
2026-02-13 19:04:35,791 - SwarmManager - ERROR - Drone 1 heartbeat timeout
2026-02-13 19:04:35,791 - SwarmManager - ERROR - Handling failure of drone 1: Heartbeat timeout
2026-02-13 19:04:35,792 - SwarmManager - ERROR - Drone 1 crashed
2026-02-13 19:04:35,792 - SwarmManager - ERROR - Handling failure of drone 1: Crashed
2026-02-13 19:04:35,792 - Drone_2 - INFO - Drone 2: Flying to {'x': 1782.6974945346926, 'y': 763.0853701177044, 'z': 60.0}
2026-02-13 19:04:35,792 - Drone_3 - INFO - Drone 3: Flying to {'x': 1842.0826178287987, 'y': 730.9970991866647, 'z': 60.0}
2026-02-13 19:04:36,110 - Drone_2 - INFO - Drone 2: Reached target position
2026-02-13 19:04:36,207 - Drone_3 - INFO - Drone 3: Reached target position
2026-02-13 19:04:36,793 - SwarmManager - ERROR - Drone 1 heartbeat timeout
2026-02-13 19:04:36,793 - SwarmManager - ERROR - Handling failure of drone 1: Heartbeat timeout
2026-02-13 19:04:36,794 - SwarmManager - ERROR - Drone 1 crashed
2026-02-13 19:04:36,794 - SwarmManager - ERROR - Handling failure of drone 1: Crashed
2026-02-13 19:04:36,794 - Drone_2 - INFO - Drone 2: Flying to {'x': 1778.979002489731, 'y': 756.027217363659, 'z': 60.0}
2026-02-13 19:04:36,795 - Drone_3 - INFO - Drone 3: Flying to {'x': 1838.2976276687891, 'y': 723.8161834332429, 'z': 60.0}
2026-02-13 19:04:37,116 - Drone_2 - INFO - Drone 2: Reached target position
2026-02-13 19:04:37,213 - Drone_3 - INFO - Drone 3: Reached target position
2026-02-13 19:04:37,796 - SwarmManager - ERROR - Drone 1 heartbeat timeout
2026-02-13 19:04:37,797 - SwarmManager - ERROR - Handling failure of drone 1: Heartbeat timeout
2026-02-13 19:04:37,799 - SwarmManager - ERROR - Drone 1 crashed
2026-02-13 19:04:37,800 - SwarmManager - ERROR - Handling failure of drone 1: Crashed
2026-02-13 19:04:37,801 - Drone_2 - INFO - Drone 2: Flying to {'x': 1775.2286550923397, 'y': 748.9617980389532, 'z': 60.0}
2026-02-13 19:04:37,802 - Drone_3 - INFO - Drone 3: Flying to {'x': 1834.4868982349046, 'y': 716.639814503646, 'z': 60.0}
2026-02-13 19:04:38,123 - Drone_2 - INFO - Drone 2: Reached target position
2026-02-13 19:04:38,219 - Drone_3 - INFO - Drone 3: Reached target position
2026-02-13 19:04:38,803 - SwarmManager - ERROR - Drone 1 heartbeat timeout
2026-02-13 19:04:38,804 - SwarmManager - ERROR - Handling failure of drone 1: Heartbeat timeout
2026-02-13 19:04:38,805 - SwarmManager - ERROR - Drone 1 crashed
2026-02-13 19:04:38,807 - SwarmManager - ERROR - Handling failure of drone 1: Crashed
2026-02-13 19:04:38,808 - Drone_2 - INFO - Drone 2: Flying to {'x': 1771.451409228375, 'y': 741.8956389186897, 'z': 60.0}
2026-02-13 19:04:38,808 - Drone_3 - INFO - Drone 3: Flying to {'x': 1830.6556739979667, 'y': 709.4748888796776, 'z': 60.0}
2026-02-13 19:04:39,135 - Drone_2 - INFO - Drone 2: Reached target position
2026-02-13 19:04:39,224 - Drone_3 - INFO - Drone 3: Reached target position
2026-02-13 19:04:39,809 - SwarmManager - ERROR - Drone 1 heartbeat timeout
2026-02-13 19:04:39,810 - SwarmManager - ERROR - Handling failure of drone 1: Heartbeat timeout
2026-02-13 19:04:39,811 - SwarmManager - ERROR - Drone 1 crashed
2026-02-13 19:04:39,812 - SwarmManager - ERROR - Handling failure of drone 1: Crashed
2026-02-13 19:04:39,813 - Drone_2 - INFO - Drone 2: Flying to {'x': 1767.6681709791867, 'y': 734.8644666175961, 'z': 60.0}
2026-02-13 19:04:39,814 - Drone_3 - INFO - Drone 3: Flying to {'x': 1826.8252799449285, 'y': 702.3577525601073, 'z': 60.0}
2026-02-13 19:04:40,140 - Drone_2 - INFO - Drone 2: Reached target position
2026-02-13 19:04:40,232 - Drone_3 - INFO - Drone 3: Reached target position
2026-02-13 19:04:40,815 - SwarmManager - ERROR - Drone 1 heartbeat timeout
2026-02-13 19:04:40,816 - SwarmManager - ERROR - Handling failure of drone 1: Heartbeat timeout
2026-02-13 19:04:40,818 - SwarmManager - ERROR - Drone 1 crashed
2026-02-13 19:04:40,819 - SwarmManager - ERROR - Handling failure of drone 1: Crashed
2026-02-13 19:04:40,820 - Drone_2 - INFO - Drone 2: Flying to {'x': 1763.8581794979802, 'y': 727.8262932282175, 'z': 60.0}
2026-02-13 19:04:40,820 - Drone_3 - INFO - Drone 3: Flying to {'x': 1822.9747990722278, 'y': 695.246003325982, 'z': 60.0}
2026-02-13 19:04:41,146 - Drone_2 - INFO - Drone 2: Reached target position
2026-02-13 19:04:41,238 - Drone_3 - INFO - Drone 3: Reached target position
2026-02-13 19:04:41,822 - SwarmManager - ERROR - Drone 1 heartbeat timeout
2026-02-13 19:04:41,823 - SwarmManager - ERROR - Handling failure of drone 1: Heartbeat timeout
2026-02-13 19:04:41,823 - SwarmManager - ERROR - Drone 1 crashed
2026-02-13 19:04:41,823 - SwarmManager - ERROR - Handling failure of drone 1: Crashed
2026-02-13 19:04:41,824 - Drone_2 - INFO - Drone 2: Flying to {'x': 1760.025469684142, 'y': 720.7854056693492, 'z': 60.0}
2026-02-13 19:04:41,824 - Drone_3 - INFO - Drone 3: Flying to {'x': 1819.1084411921302, 'y': 688.1441361201072, 'z': 60.0}
2026-02-13 19:04:42,151 - Drone_2 - INFO - Drone 2: Reached target position
2026-02-13 19:04:42,197 - PhysicalMLTrainer_Drone5 - INFO - Physical ML model trained drone=5 samples=5701 degree=2 alpha=0.0 val_mse=0.000000
2026-02-13 19:04:42,243 - Drone_3 - INFO - Drone 3: Reached target position
2026-02-13 19:04:42,372 - PhysicalMLTrainer_Drone3 - INFO - Physical ML model trained drone=3 samples=5701 degree=2 alpha=0.0 val_mse=0.000583
2026-02-13 19:04:42,444 - PhysicalMLTrainer_Drone4 - INFO - Physical ML model trained drone=4 samples=5701 degree=2 alpha=0.0 val_mse=0.000358
2026-02-13 19:04:42,478 - PhysicalMLTrainer_Drone2 - INFO - Physical ML model trained drone=2 samples=5701 degree=2 alpha=0.0 val_mse=0.000342
2026-02-13 19:04:42,825 - SwarmManager - ERROR - Drone 1 heartbeat timeout
2026-02-13 19:04:42,825 - SwarmManager - ERROR - Handling failure of drone 1: Heartbeat timeout
2026-02-13 19:04:42,826 - SwarmManager - ERROR - Drone 1 crashed
2026-02-13 19:04:42,826 - SwarmManager - ERROR - Handling failure of drone 1: Crashed
2026-02-13 19:04:42,827 - Drone_2 - INFO - Drone 2: Flying to {'x': 1756.489498126881, 'y': 714.321158613221, 'z': 60.0}
2026-02-13 19:04:42,827 - Drone_3 - INFO - Drone 3: Flying to {'x': 1815.547709061773, 'y': 681.6351108073173, 'z': 60.0}
2026-02-13 19:04:43,179 - Drone_3 - INFO - Drone 3: Reached target position
2026-02-13 19:04:43,183 - Drone_2 - INFO - Drone 2: Reached target position
2026-02-13 19:04:43,827 - SwarmManager - ERROR - Drone 1 heartbeat timeout
2026-02-13 19:04:43,827 - SwarmManager - ERROR - Handling failure of drone 1: Heartbeat timeout
2026-02-13 19:04:43,828 - SwarmManager - ERROR - Drone 1 crashed
2026-02-13 19:04:43,828 - SwarmManager - ERROR - Handling failure of drone 1: Crashed
2026-02-13 19:04:43,828 - Drone_2 - INFO - Drone 2: Flying to {'x': 1752.6240770626318, 'y': 707.2855135002078, 'z': 60.0}
2026-02-13 19:04:43,828 - Drone_3 - INFO - Drone 3: Flying to {'x': 1811.6620846942374, 'y': 674.5629883089807, 'z': 60.0}
2026-02-13 19:04:44,187 - Drone_2 - INFO - Drone 2: Reached target position
2026-02-13 19:04:44,285 - Drone_3 - INFO - Drone 3: Reached target position
2026-02-13 19:04:44,829 - SwarmManager - ERROR - Drone 1 heartbeat timeout
2026-02-13 19:04:44,830 - SwarmManager - ERROR - Handling failure of drone 1: Heartbeat timeout
2026-02-13 19:04:44,831 - SwarmManager - ERROR - Drone 1 crashed
2026-02-13 19:04:44,832 - SwarmManager - ERROR - Handling failure of drone 1: Crashed
2026-02-13 19:04:44,833 - Drone_2 - INFO - Drone 2: Flying to {'x': 1748.741728632386, 'y': 700.2477158579047, 'z': 60.0}
2026-02-13 19:04:44,834 - Drone_3 - INFO - Drone 3: Flying to {'x': 1807.7666125079106, 'y': 667.5015239650932, 'z': 60.0}
2026-02-13 19:04:45,193 - Drone_2 - INFO - Drone 2: Reached target position
2026-02-13 19:04:45,290 - Drone_3 - INFO - Drone 3: Reached target position
2026-02-13 19:04:45,835 - SwarmManager - ERROR - Drone 1 heartbeat timeout
2026-02-13 19:04:45,836 - SwarmManager - ERROR - Handling failure of drone 1: Heartbeat timeout
2026-02-13 19:04:45,837 - SwarmManager - ERROR - Drone 1 crashed
2026-02-13 19:04:45,838 - SwarmManager - ERROR - Handling failure of drone 1: Crashed
2026-02-13 19:04:45,839 - Drone_2 - INFO - Drone 2: Flying to {'x': 1744.8523414147644, 'y': 693.222060646853, 'z': 60.0}
2026-02-13 19:04:45,840 - Drone_3 - INFO - Drone 3: Flying to {'x': 1803.8712172370651, 'y': 660.4650416025041, 'z': 60.0}
2026-02-13 19:04:46,199 - Drone_2 - INFO - Drone 2: Reached target position
2026-02-13 19:04:46,296 - Drone_3 - INFO - Drone 3: Reached target position
2026-02-13 19:04:46,840 - SwarmManager - ERROR - Drone 1 heartbeat timeout
2026-02-13 19:04:46,841 - SwarmManager - ERROR - Handling failure of drone 1: Heartbeat timeout
2026-02-13 19:04:46,841 - SwarmManager - ERROR - Drone 1 crashed
2026-02-13 19:04:46,842 - SwarmManager - ERROR - Handling failure of drone 1: Crashed
2026-02-13 19:04:46,843 - Drone_2 - INFO - Drone 2: Flying to {'x': 1740.9473603873496, 'y': 686.1894435452942, 'z': 60.0}
2026-02-13 19:04:46,843 - Drone_3 - INFO - Drone 3: Flying to {'x': 1799.9673165175366, 'y': 653.4343709856006, 'z': 60.0}
2026-02-13 19:04:47,205 - Drone_2 - INFO - Drone 2: Reached target position
2026-02-13 19:04:47,300 - Drone_3 - INFO - Drone 3: Reached target position
2026-02-13 19:04:47,844 - SwarmManager - ERROR - Drone 1 heartbeat timeout
2026-02-13 19:04:47,846 - SwarmManager - ERROR - Handling failure of drone 1: Heartbeat timeout
2026-02-13 19:04:47,846 - SwarmManager - ERROR - Drone 1 crashed
2026-02-13 19:04:47,847 - SwarmManager - ERROR - Handling failure of drone 1: Crashed
2026-02-13 19:04:47,847 - Drone_2 - INFO - Drone 2: Flying to {'x': 1737.0273184504163, 'y': 679.1472248872681, 'z': 60.0}
2026-02-13 19:04:47,848 - Drone_3 - INFO - Drone 3: Flying to {'x': 1796.0554383605554, 'y': 646.4068666138121, 'z': 60.0}
2026-02-13 19:04:48,212 - Drone_2 - INFO - Drone 2: Reached target position
2026-02-13 19:04:48,307 - Drone_3 - INFO - Drone 3: Reached target position
2026-02-13 19:04:48,849 - SwarmManager - ERROR - Drone 1 heartbeat timeout
2026-02-13 19:04:48,850 - SwarmManager - ERROR - Handling failure of drone 1: Heartbeat timeout
2026-02-13 19:04:48,850 - SwarmManager - ERROR - Drone 1 crashed
2026-02-13 19:04:48,851 - SwarmManager - ERROR - Handling failure of drone 1: Crashed
2026-02-13 19:04:48,851 - Drone_2 - INFO - Drone 2: Flying to {'x': 1733.100689631247, 'y': 672.1069514747992, 'z': 60.0}
2026-02-13 19:04:48,851 - Drone_3 - INFO - Drone 3: Flying to {'x': 1792.1439981321714, 'y': 639.3939919439854, 'z': 60.0}
2026-02-13 19:04:49,217 - Drone_2 - INFO - Drone 2: Reached target position
2026-02-13 19:04:49,312 - Drone_3 - INFO - Drone 3: Reached target position
2026-02-13 19:04:49,851 - SwarmManager - ERROR - Drone 1 heartbeat timeout
2026-02-13 19:04:49,852 - SwarmManager - ERROR - Handling failure of drone 1: Heartbeat timeout
2026-02-13 19:04:49,852 - SwarmManager - ERROR - Drone 1 crashed
2026-02-13 19:04:49,852 - SwarmManager - ERROR - Handling failure of drone 1: Crashed
2026-02-13 19:04:49,853 - Drone_2 - INFO - Drone 2: Flying to {'x': 1729.1666034959449, 'y': 665.0633414260258, 'z': 60.0}
2026-02-13 19:04:49,853 - Drone_3 - INFO - Drone 3: Flying to {'x': 1788.2320564683782, 'y': 632.3903821911895, 'z': 60.0}
2026-02-13 19:04:50,226 - Drone_2 - INFO - Drone 2: Reached target position
2026-02-13 19:04:50,319 - Drone_3 - INFO - Drone 3: Reached target position
2026-02-13 19:04:50,854 - SwarmManager - ERROR - Drone 1 heartbeat timeout
2026-02-13 19:04:50,855 - SwarmManager - ERROR - Handling failure of drone 1: Heartbeat timeout
2026-02-13 19:04:50,856 - SwarmManager - ERROR - Drone 1 crashed
2026-02-13 19:04:50,856 - SwarmManager - ERROR - Handling failure of drone 1: Crashed
2026-02-13 19:04:50,857 - Drone_2 - INFO - Drone 2: Flying to {'x': 1725.2308187051558, 'y': 658.0229783168502, 'z': 60.0}
2026-02-13 19:04:50,858 - Drone_3 - INFO - Drone 3: Flying to {'x': 1784.325244684212, 'y': 625.4024507581823, 'z': 60.0}
2026-02-13 19:04:51,232 - Drone_2 - INFO - Drone 2: Reached target position
2026-02-13 19:04:51,323 - Drone_3 - INFO - Drone 3: Reached target position
2026-02-13 19:04:51,859 - SwarmManager - ERROR - Drone 1 heartbeat timeout
2026-02-13 19:04:51,860 - SwarmManager - ERROR - Handling failure of drone 1: Heartbeat timeout
2026-02-13 19:04:51,861 - SwarmManager - ERROR - Drone 1 crashed
2026-02-13 19:04:51,862 - SwarmManager - ERROR - Handling failure of drone 1: Crashed
2026-02-13 19:04:51,863 - Drone_2 - INFO - Drone 2: Flying to {'x': 1721.29015214438, 'y': 650.9764457175593, 'z': 60.0}
2026-02-13 19:04:51,864 - Drone_3 - INFO - Drone 3: Flying to {'x': 1780.4202924901401, 'y': 618.4207011754554, 'z': 60.0}
2026-02-13 19:04:52,238 - Drone_2 - INFO - Drone 2: Reached target position
2026-02-13 19:04:52,331 - Drone_3 - INFO - Drone 3: Reached target position
2026-02-13 19:04:52,864 - SwarmManager - ERROR - Drone 1 heartbeat timeout
2026-02-13 19:04:52,865 - SwarmManager - ERROR - Handling failure of drone 1: Heartbeat timeout
2026-02-13 19:04:52,865 - SwarmManager - ERROR - Drone 1 crashed
2026-02-13 19:04:52,865 - SwarmManager - ERROR - Handling failure of drone 1: Crashed
2026-02-13 19:04:52,865 - Drone_2 - INFO - Drone 2: Flying to {'x': 1717.339327854157, 'y': 643.9105921559427, 'z': 60.0}
2026-02-13 19:04:52,865 - Drone_3 - INFO - Drone 3: Flying to {'x': 1776.511874051649, 'y': 611.431987252011, 'z': 60.0}
2026-02-13 19:04:53,243 - Drone_2 - INFO - Drone 2: Reached target position
2026-02-13 19:04:53,336 - Drone_3 - INFO - Drone 3: Reached target position
2026-02-13 19:04:53,866 - SwarmManager - ERROR - Drone 1 heartbeat timeout
2026-02-13 19:04:53,867 - SwarmManager - ERROR - Handling failure of drone 1: Heartbeat timeout
2026-02-13 19:04:53,867 - SwarmManager - ERROR - Drone 1 crashed
2026-02-13 19:04:53,868 - SwarmManager - ERROR - Handling failure of drone 1: Crashed
2026-02-13 19:04:53,868 - Drone_2 - INFO - Drone 2: Flying to {'x': 1713.3875540873003, 'y': 636.8381649520666, 'z': 60.0}
2026-02-13 19:04:53,868 - Drone_3 - INFO - Drone 3: Flying to {'x': 1772.6089829661762, 'y': 604.4487783949819, 'z': 60.0}
2026-02-13 19:04:54,249 - Drone_2 - INFO - Drone 2: Reached target position
2026-02-13 19:04:54,344 - Drone_3 - INFO - Drone 3: Reached target position
2026-02-13 19:04:54,869 - SwarmManager - ERROR - Drone 1 heartbeat timeout
2026-02-13 19:04:54,870 - SwarmManager - ERROR - Handling failure of drone 1: Heartbeat timeout
2026-02-13 19:04:54,870 - SwarmManager - ERROR - Drone 1 crashed
2026-02-13 19:04:54,870 - SwarmManager - ERROR - Handling failure of drone 1: Crashed
2026-02-13 19:04:54,870 - Drone_2 - INFO - Drone 2: Flying to {'x': 1709.4398186924286, 'y': 629.7643977472552, 'z': 60.0}
2026-02-13 19:04:54,871 - Drone_3 - INFO - Drone 3: Flying to {'x': 1768.71638755715, 'y': 597.476034771936, 'z': 60.0}
2026-02-13 19:04:55,254 - Drone_2 - INFO - Drone 2: Reached target position
2026-02-13 19:04:55,352 - Drone_3 - INFO - Drone 3: Reached target position
2026-02-13 19:04:55,871 - SwarmManager - ERROR - Drone 1 heartbeat timeout
2026-02-13 19:04:55,872 - SwarmManager - ERROR - Handling failure of drone 1: Heartbeat timeout
2026-02-13 19:04:55,872 - SwarmManager - ERROR - Drone 1 crashed
2026-02-13 19:04:55,873 - SwarmManager - ERROR - Handling failure of drone 1: Crashed
2026-02-13 19:04:55,873 - Drone_2 - INFO - Drone 2: Flying to {'x': 1705.4949209882116, 'y': 622.6834760765669, 'z': 60.0}
2026-02-13 19:04:55,874 - Drone_3 - INFO - Drone 3: Flying to {'x': 1764.8327311971439, 'y': 590.5077976904208, 'z': 60.0}
2026-02-13 19:04:56,358 - Drone_3 - INFO - Drone 3: Reached target position
2026-02-13 19:04:56,361 - Drone_2 - INFO - Drone 2: Reached target position
2026-02-13 19:04:56,874 - SwarmManager - ERROR - Drone 1 heartbeat timeout
2026-02-13 19:04:56,874 - SwarmManager - ERROR - Handling failure of drone 1: Heartbeat timeout
2026-02-13 19:04:56,875 - SwarmManager - ERROR - Drone 1 crashed
2026-02-13 19:04:56,875 - SwarmManager - ERROR - Handling failure of drone 1: Crashed
2026-02-13 19:04:56,875 - Drone_2 - INFO - Drone 2: Flying to {'x': 1701.5441242917877, 'y': 615.5760078845182, 'z': 60.0}
2026-02-13 19:04:56,876 - Drone_3 - INFO - Drone 3: Flying to {'x': 1760.9492574461888, 'y': 583.5247964423921, 'z': 60.0}
2026-02-13 19:04:57,364 - Drone_3 - INFO - Drone 3: Reached target position
2026-02-13 19:04:57,367 - Drone_2 - INFO - Drone 2: Reached target position
2026-02-13 19:04:57,876 - SwarmManager - ERROR - Drone 1 heartbeat timeout
2026-02-13 19:04:57,878 - SwarmManager - ERROR - Handling failure of drone 1: Heartbeat timeout
2026-02-13 19:04:57,878 - SwarmManager - ERROR - Drone 1 crashed
2026-02-13 19:04:57,879 - SwarmManager - ERROR - Handling failure of drone 1: Crashed
2026-02-13 19:04:57,880 - Drone_2 - INFO - Drone 2: Flying to {'x': 1697.6075581681055, 'y': 608.4745866985261, 'z': 60.0}
2026-02-13 19:04:57,880 - Drone_3 - INFO - Drone 3: Flying to {'x': 1757.0855665356855, 'y': 576.5588144123026, 'z': 60.0}
2026-02-13 19:04:58,371 - Drone_3 - INFO - Drone 3: Reached target position
2026-02-13 19:04:58,373 - Drone_2 - INFO - Drone 2: Reached target position
2026-02-13 19:04:58,881 - SwarmManager - ERROR - Drone 1 heartbeat timeout
2026-02-13 19:04:58,883 - SwarmManager - ERROR - Handling failure of drone 1: Heartbeat timeout
2026-02-13 19:04:58,884 - SwarmManager - ERROR - Drone 1 crashed
2026-02-13 19:04:58,885 - SwarmManager - ERROR - Handling failure of drone 1: Crashed
2026-02-13 19:04:58,886 - Drone_2 - INFO - Drone 2: Flying to {'x': 1693.6800159039212, 'y': 601.366320467854, 'z': 60.0}
2026-02-13 19:04:58,886 - Drone_3 - INFO - Drone 3: Flying to {'x': 1753.2363250674166, 'y': 569.5969005987068, 'z': 60.0}
2026-02-13 19:04:59,377 - Drone_3 - INFO - Drone 3: Reached target position
2026-02-13 19:04:59,380 - Drone_2 - INFO - Drone 2: Reached target position
2026-02-13 19:04:59,887 - SwarmManager - ERROR - Drone 1 heartbeat timeout
2026-02-13 19:04:59,888 - SwarmManager - ERROR - Handling failure of drone 1: Heartbeat timeout
2026-02-13 19:04:59,889 - SwarmManager - ERROR - Drone 1 crashed
2026-02-13 19:04:59,890 - SwarmManager - ERROR - Handling failure of drone 1: Crashed
2026-02-13 19:04:59,891 - Drone_2 - INFO - Drone 2: Flying to {'x': 1689.7497148204893, 'y': 594.2262460982096, 'z': 60.0}
2026-02-13 19:04:59,892 - Drone_3 - INFO - Drone 3: Flying to {'x': 1749.389795011712, 'y': 562.6143680333979, 'z': 60.0}
2026-02-13 19:05:00,383 - Drone_3 - INFO - Drone 3: Reached target position
2026-02-13 19:05:00,386 - Drone_2 - INFO - Drone 2: Reached target position
2026-02-13 19:05:00,893 - SwarmManager - ERROR - Drone 1 heartbeat timeout
2026-02-13 19:05:00,894 - SwarmManager - ERROR - Handling failure of drone 1: Heartbeat timeout
2026-02-13 19:05:00,895 - SwarmManager - ERROR - Drone 1 crashed
2026-02-13 19:05:00,895 - SwarmManager - ERROR - Handling failure of drone 1: Crashed
2026-02-13 19:05:00,896 - Drone_2 - INFO - Drone 2: Flying to {'x': 1685.8375510164399, 'y': 587.088807466791, 'z': 60.0}
2026-02-13 19:05:00,896 - Drone_3 - INFO - Drone 3: Flying to {'x': 1745.5662146411262, 'y': 555.644622923237, 'z': 60.0}
2026-02-13 19:05:01,393 - Drone_2 - INFO - Drone 2: Reached target position
2026-02-13 19:05:01,394 - Drone_3 - INFO - Drone 3: Reached target position
2026-02-13 19:05:01,896 - SwarmManager - ERROR - Drone 1 heartbeat timeout
2026-02-13 19:05:01,897 - SwarmManager - ERROR - Handling failure of drone 1: Heartbeat timeout
2026-02-13 19:05:01,898 - SwarmManager - ERROR - Drone 1 crashed
2026-02-13 19:05:01,898 - SwarmManager - ERROR - Handling failure of drone 1: Crashed
2026-02-13 19:05:01,899 - Drone_2 - INFO - Drone 2: Flying to {'x': 1681.9410165599134, 'y': 579.9461347766054, 'z': 60.0}
2026-02-13 19:05:01,899 - Drone_3 - INFO - Drone 3: Flying to {'x': 1741.762881693302, 'y': 548.679627904832, 'z': 60.0}
2026-02-13 19:05:02,334 - PhysicalMLTrainer_Drone5 - INFO - Physical ML model trained drone=5 samples=5901 degree=2 alpha=0.0 val_mse=0.000000
2026-02-13 19:05:02,401 - Drone_2 - INFO - Drone 2: Reached target position
2026-02-13 19:05:02,401 - Drone_3 - INFO - Drone 3: Reached target position
2026-02-13 19:05:02,520 - PhysicalMLTrainer_Drone3 - INFO - Physical ML model trained drone=3 samples=5901 degree=2 alpha=0.0 val_mse=0.000731
2026-02-13 19:05:02,574 - PhysicalMLTrainer_Drone4 - INFO - Physical ML model trained drone=4 samples=5901 degree=2 alpha=0.0 val_mse=0.000413
2026-02-13 19:05:02,629 - PhysicalMLTrainer_Drone2 - INFO - Physical ML model trained drone=2 samples=5901 degree=2 alpha=0.0 val_mse=0.000400
2026-02-13 19:05:02,900 - SwarmManager - ERROR - Drone 1 heartbeat timeout
2026-02-13 19:05:02,900 - SwarmManager - ERROR - Handling failure of drone 1: Heartbeat timeout
2026-02-13 19:05:02,901 - SwarmManager - ERROR - Drone 1 crashed
2026-02-13 19:05:02,901 - SwarmManager - ERROR - Handling failure of drone 1: Crashed
2026-02-13 19:05:02,901 - Drone_2 - INFO - Drone 2: Flying to {'x': 1677.985530137672, 'y': 572.6570711580497, 'z': 60.0}
2026-02-13 19:05:02,902 - Drone_3 - INFO - Drone 3: Flying to {'x': 1737.9068887396916, 'y': 541.581666361198, 'z': 60.0}
2026-02-13 19:05:03,327 - Drone_3 - INFO - Drone 3: Reached target position
2026-02-13 19:05:03,333 - Drone_2 - INFO - Drone 2: Reached target position
2026-02-13 19:05:03,903 - SwarmManager - ERROR - Drone 1 heartbeat timeout
2026-02-13 19:05:03,903 - SwarmManager - ERROR - Handling failure of drone 1: Heartbeat timeout
2026-02-13 19:05:03,904 - SwarmManager - ERROR - Drone 1 crashed
2026-02-13 19:05:03,904 - SwarmManager - ERROR - Handling failure of drone 1: Crashed
2026-02-13 19:05:03,905 - Drone_2 - INFO - Drone 2: Flying to {'x': 1674.112341398428, 'y': 565.4785883049403, 'z': 60.0}
2026-02-13 19:05:03,905 - Drone_3 - INFO - Drone 3: Flying to {'x': 1734.1356952524955, 'y': 534.6006513254495, 'z': 60.0}
2026-02-13 19:05:04,334 - Drone_3 - INFO - Drone 3: Reached target position
2026-02-13 19:05:04,339 - Drone_2 - INFO - Drone 2: Reached target position
2026-02-13 19:05:04,906 - SwarmManager - ERROR - Drone 1 heartbeat timeout
2026-02-13 19:05:04,907 - SwarmManager - ERROR - Handling failure of drone 1: Heartbeat timeout
2026-02-13 19:05:04,908 - SwarmManager - ERROR - Drone 1 crashed
2026-02-13 19:05:04,908 - SwarmManager - ERROR - Handling failure of drone 1: Crashed
2026-02-13 19:05:04,909 - Drone_2 - INFO - Drone 2: Flying to {'x': 1670.2572541950942, 'y': 558.2894922826441, 'z': 60.0}
2026-02-13 19:05:04,909 - Drone_3 - INFO - Drone 3: Flying to {'x': 1730.3864238588724, 'y': 527.6181219913677, 'z': 60.0}
2026-02-13 19:05:05,339 - Drone_3 - INFO - Drone 3: Reached target position
2026-02-13 19:05:05,345 - Drone_2 - INFO - Drone 2: Reached target position
2026-02-13 19:05:05,909 - SwarmManager - ERROR - Drone 1 heartbeat timeout
2026-02-13 19:05:05,910 - SwarmManager - ERROR - Handling failure of drone 1: Heartbeat timeout
2026-02-13 19:05:05,910 - SwarmManager - ERROR - Drone 1 crashed
2026-02-13 19:05:05,910 - SwarmManager - ERROR - Handling failure of drone 1: Crashed
2026-02-13 19:05:05,910 - Drone_2 - INFO - Drone 2: Flying to {'x': 1666.4170740999525, 'y': 551.0806358691771, 'z': 60.0}
2026-02-13 19:05:05,911 - Drone_3 - INFO - Drone 3: Flying to {'x': 1726.6557156804884, 'y': 520.6248308308643, 'z': 60.0}
2026-02-13 19:05:06,346 - Drone_3 - INFO - Drone 3: Reached target position
2026-02-13 19:05:06,349 - Drone_2 - INFO - Drone 2: Reached target position
2026-02-13 19:05:06,912 - SwarmManager - ERROR - Drone 1 heartbeat timeout
2026-02-13 19:05:06,913 - SwarmManager - ERROR - Handling failure of drone 1: Heartbeat timeout
2026-02-13 19:05:06,914 - SwarmManager - ERROR - Drone 1 crashed
2026-02-13 19:05:06,915 - SwarmManager - ERROR - Handling failure of drone 1: Crashed
2026-02-13 19:05:06,916 - Drone_2 - INFO - Drone 2: Flying to {'x': 1662.5964719310464, 'y': 543.8576539100765, 'z': 60.0}
2026-02-13 19:05:06,917 - Drone_3 - INFO - Drone 3: Flying to {'x': 1722.9478538529897, 'y': 513.6258709637845, 'z': 60.0}
2026-02-13 19:05:07,352 - Drone_3 - INFO - Drone 3: Reached target position
2026-02-13 19:05:07,356 - Drone_2 - INFO - Drone 2: Reached target position
2026-02-13 19:05:07,918 - SwarmManager - ERROR - Drone 1 heartbeat timeout
2026-02-13 19:05:07,919 - SwarmManager - ERROR - Handling failure of drone 1: Heartbeat timeout
2026-02-13 19:05:07,922 - SwarmManager - ERROR - Drone 1 crashed
2026-02-13 19:05:07,923 - SwarmManager - ERROR - Handling failure of drone 1: Crashed
2026-02-13 19:05:07,923 - Drone_2 - INFO - Drone 2: Flying to {'x': 1658.789590767977, 'y': 536.6063195853891, 'z': 60.0}
2026-02-13 19:05:07,924 - Drone_3 - INFO - Drone 3: Flying to {'x': 1719.2569011718522, 'y': 506.60708005300387, 'z': 60.0}
2026-02-13 19:05:08,360 - Drone_3 - INFO - Drone 3: Reached target position
2026-02-13 19:05:08,363 - Drone_2 - INFO - Drone 2: Reached target position
2026-02-13 19:05:08,924 - SwarmManager - ERROR - Drone 1 heartbeat timeout
2026-02-13 19:05:08,925 - SwarmManager - ERROR - Handling failure of drone 1: Heartbeat timeout
2026-02-13 19:05:08,926 - SwarmManager - ERROR - Drone 1 crashed
2026-02-13 19:05:08,926 - SwarmManager - ERROR - Handling failure of drone 1: Crashed
2026-02-13 19:05:08,926 - Drone_2 - INFO - Drone 2: Flying to {'x': 1655.010917915027, 'y': 529.3513045732906, 'z': 60.0}
2026-02-13 19:05:08,927 - Drone_3 - INFO - Drone 3: Flying to {'x': 1715.5966390231645, 'y': 499.59192961669976, 'z': 60.0}
2026-02-13 19:05:09,366 - Drone_3 - INFO - Drone 3: Reached target position
2026-02-13 19:05:09,369 - Drone_2 - INFO - Drone 2: Reached target position
2026-02-13 19:05:09,927 - SwarmManager - ERROR - Drone 1 heartbeat timeout
2026-02-13 19:05:09,929 - SwarmManager - ERROR - Handling failure of drone 1: Heartbeat timeout
2026-02-13 19:05:09,929 - SwarmManager - ERROR - Drone 1 crashed
2026-02-13 19:05:09,930 - SwarmManager - ERROR - Handling failure of drone 1: Crashed
2026-02-13 19:05:09,931 - Drone_2 - INFO - Drone 2: Flying to {'x': 1651.2571230896517, 'y': 522.0835666842406, 'z': 60.0}
2026-02-13 19:05:09,931 - Drone_3 - INFO - Drone 3: Flying to {'x': 1711.9635636915234, 'y': 492.57122910397703, 'z': 60.0}
2026-02-13 19:05:10,374 - Drone_3 - INFO - Drone 3: Reached target position
2026-02-13 19:05:10,375 - Drone_2 - INFO - Drone 2: Reached target position
2026-02-13 19:05:10,932 - SwarmManager - ERROR - Drone 1 heartbeat timeout
2026-02-13 19:05:10,934 - SwarmManager - ERROR - Handling failure of drone 1: Heartbeat timeout
2026-02-13 19:05:10,935 - SwarmManager - ERROR - Drone 1 crashed
2026-02-13 19:05:10,936 - SwarmManager - ERROR - Handling failure of drone 1: Crashed
2026-02-13 19:05:10,937 - Drone_2 - INFO - Drone 2: Flying to {'x': 1647.5212024702298, 'y': 514.7866829126434, 'z': 60.0}
2026-02-13 19:05:10,938 - Drone_3 - INFO - Drone 3: Flying to {'x': 1708.3506334665547, 'y': 485.52868700275, 'z': 60.0}
2026-02-13 19:05:11,381 - Drone_3 - INFO - Drone 3: Reached target position
2026-02-13 19:05:11,382 - Drone_2 - INFO - Drone 2: Reached target position
2026-02-13 19:05:11,939 - SwarmManager - ERROR - Drone 1 heartbeat timeout
2026-02-13 19:05:11,941 - SwarmManager - ERROR - Handling failure of drone 1: Heartbeat timeout
2026-02-13 19:05:11,941 - SwarmManager - ERROR - Drone 1 crashed
2026-02-13 19:05:11,942 - SwarmManager - ERROR - Handling failure of drone 1: Crashed
2026-02-13 19:05:11,944 - Drone_2 - INFO - Drone 2: Flying to {'x': 1643.8103656766443, 'y': 507.4719185580039, 'z': 60.0}
2026-02-13 19:05:11,944 - Drone_3 - INFO - Drone 3: Flying to {'x': 1704.7645583121216, 'y': 478.4747393821405, 'z': 60.0}
2026-02-13 19:05:12,388 - Drone_2 - INFO - Drone 2: Reached target position
2026-02-13 19:05:12,389 - Drone_3 - INFO - Drone 3: Reached target position
2026-02-13 19:05:12,945 - SwarmManager - ERROR - Drone 1 heartbeat timeout
2026-02-13 19:05:12,946 - SwarmManager - ERROR - Handling failure of drone 1: Heartbeat timeout
2026-02-13 19:05:12,947 - SwarmManager - ERROR - Drone 1 crashed
2026-02-13 19:05:12,947 - SwarmManager - ERROR - Handling failure of drone 1: Crashed
2026-02-13 19:05:12,947 - Drone_2 - INFO - Drone 2: Flying to {'x': 1640.126680487815, 'y': 500.1408104096532, 'z': 60.0}
2026-02-13 19:05:12,948 - Drone_3 - INFO - Drone 3: Flying to {'x': 1701.2070659846108, 'y': 471.410399560471, 'z': 60.0}
2026-02-13 19:05:13,394 - Drone_2 - INFO - Drone 2: Reached target position
2026-02-13 19:05:13,395 - Drone_3 - INFO - Drone 3: Reached target position
2026-02-13 19:05:13,949 - SwarmManager - ERROR - Drone 1 heartbeat timeout
2026-02-13 19:05:13,949 - SwarmManager - ERROR - Handling failure of drone 1: Heartbeat timeout
2026-02-13 19:05:13,952 - SwarmManager - ERROR - Drone 1 crashed
2026-02-13 19:05:13,952 - SwarmManager - ERROR - Handling failure of drone 1: Crashed
2026-02-13 19:05:13,953 - Drone_2 - INFO - Drone 2: Flying to {'x': 1636.4725944616287, 'y': 492.7958700712987, 'z': 60.0}
2026-02-13 19:05:13,954 - Drone_3 - INFO - Drone 3: Flying to {'x': 1697.6802481574798, 'y': 464.3376001124846, 'z': 60.0}
2026-02-13 19:05:14,400 - Drone_2 - INFO - Drone 2: Reached target position
2026-02-13 19:05:14,402 - Drone_3 - INFO - Drone 3: Reached target position
2026-02-13 19:05:14,955 - SwarmManager - ERROR - Drone 1 heartbeat timeout
2026-02-13 19:05:14,955 - SwarmManager - ERROR - Handling failure of drone 1: Heartbeat timeout
2026-02-13 19:05:14,956 - SwarmManager - ERROR - Drone 1 crashed
2026-02-13 19:05:14,957 - SwarmManager - ERROR - Handling failure of drone 1: Crashed
2026-02-13 19:05:14,957 - Drone_2 - INFO - Drone 2: Flying to {'x': 1632.8511785788212, 'y': 485.44113995725155, 'z': 60.0}
2026-02-13 19:05:14,957 - Drone_3 - INFO - Drone 3: Flying to {'x': 1694.1867956972808, 'y': 457.2597263536416, 'z': 60.0}
2026-02-13 19:05:15,407 - Drone_2 - INFO - Drone 2: Reached target position
2026-02-13 19:05:15,408 - Drone_3 - INFO - Drone 3: Reached target position
2026-02-13 19:05:15,958 - SwarmManager - ERROR - Drone 1 heartbeat timeout
2026-02-13 19:05:15,958 - SwarmManager - ERROR - Handling failure of drone 1: Heartbeat timeout
2026-02-13 19:05:15,959 - SwarmManager - ERROR - Drone 1 crashed
2026-02-13 19:05:15,959 - SwarmManager - ERROR - Handling failure of drone 1: Crashed
2026-02-13 19:05:15,960 - Drone_2 - INFO - Drone 2: Flying to {'x': 1629.2606230284352, 'y': 478.07091860209493, 'z': 60.0}
2026-02-13 19:05:15,960 - Drone_3 - INFO - Drone 3: Flying to {'x': 1690.7246927205008, 'y': 450.1707727800941, 'z': 60.0}
2026-02-13 19:05:16,413 - Drone_2 - INFO - Drone 2: Reached target position
2026-02-13 19:05:16,415 - Drone_3 - INFO - Drone 3: Reached target position
2026-02-13 19:05:16,961 - SwarmManager - ERROR - Drone 1 heartbeat timeout
2026-02-13 19:05:16,962 - SwarmManager - ERROR - Handling failure of drone 1: Heartbeat timeout
2026-02-13 19:05:16,962 - SwarmManager - ERROR - Drone 1 crashed
2026-02-13 19:05:16,962 - SwarmManager - ERROR - Handling failure of drone 1: Crashed
2026-02-13 19:05:16,963 - Drone_2 - INFO - Drone 2: Flying to {'x': 1625.6991225637857, 'y': 470.67942578100343, 'z': 60.0}
2026-02-13 19:05:16,963 - Drone_3 - INFO - Drone 3: Flying to {'x': 1687.2919347099405, 'y': 443.06465632825456, 'z': 60.0}
2026-02-13 19:05:17,420 - Drone_2 - INFO - Drone 2: Reached target position
2026-02-13 19:05:17,421 - Drone_3 - INFO - Drone 3: Reached target position
2026-02-13 19:05:17,963 - SwarmManager - ERROR - Drone 1 heartbeat timeout
2026-02-13 19:05:17,965 - SwarmManager - ERROR - Handling failure of drone 1: Heartbeat timeout
2026-02-13 19:05:17,965 - SwarmManager - ERROR - Drone 1 crashed
2026-02-13 19:05:17,967 - SwarmManager - ERROR - Handling failure of drone 1: Crashed
2026-02-13 19:05:17,968 - Drone_2 - INFO - Drone 2: Flying to {'x': 1622.1636282576264, 'y': 463.25815001423433, 'z': 60.0}
2026-02-13 19:05:17,969 - Drone_3 - INFO - Drone 3: Flying to {'x': 1683.8853245993305, 'y': 435.93266372940303, 'z': 60.0}
2026-02-13 19:05:18,427 - Drone_2 - INFO - Drone 2: Reached target position
2026-02-13 19:05:18,429 - Drone_3 - INFO - Drone 3: Reached target position
2026-02-13 19:05:18,970 - SwarmManager - ERROR - Drone 1 heartbeat timeout
2026-02-13 19:05:18,970 - SwarmManager - ERROR - Handling failure of drone 1: Heartbeat timeout
2026-02-13 19:05:18,970 - SwarmManager - ERROR - Drone 1 crashed
2026-02-13 19:05:18,971 - SwarmManager - ERROR - Handling failure of drone 1: Crashed
2026-02-13 19:05:18,971 - Drone_2 - INFO - Drone 2: Flying to {'x': 1619.014222407295, 'y': 456.5736866004692, 'z': 60.0}
2026-02-13 19:05:18,971 - Drone_3 - INFO - Drone 3: Flying to {'x': 1680.8514458551233, 'y': 429.5106528410524, 'z': 60.0}
2026-02-13 19:05:19,336 - Drone_3 - INFO - Drone 3: Reached target position
2026-02-13 19:05:19,434 - Drone_2 - INFO - Drone 2: Reached target position
2026-02-13 19:05:19,972 - SwarmManager - ERROR - Drone 1 heartbeat timeout
2026-02-13 19:05:19,973 - SwarmManager - ERROR - Handling failure of drone 1: Heartbeat timeout
2026-02-13 19:05:19,974 - SwarmManager - ERROR - Drone 1 crashed
2026-02-13 19:05:19,975 - SwarmManager - ERROR - Handling failure of drone 1: Crashed
2026-02-13 19:05:19,975 - Drone_2 - INFO - Drone 2: Flying to {'x': 1615.5475750873875, 'y': 449.13196764239734, 'z': 60.0}
2026-02-13 19:05:19,976 - Drone_3 - INFO - Drone 3: Flying to {'x': 1677.512531328257, 'y': 422.3626905123154, 'z': 60.0}
2026-02-13 19:05:20,441 - Drone_2 - INFO - Drone 2: Reached target position
2026-02-13 19:05:20,444 - Drone_3 - INFO - Drone 3: Reached target position
2026-02-13 19:05:20,977 - SwarmManager - ERROR - Drone 1 heartbeat timeout
2026-02-13 19:05:20,978 - SwarmManager - ERROR - Handling failure of drone 1: Heartbeat timeout
2026-02-13 19:05:20,980 - SwarmManager - ERROR - Drone 1 crashed
2026-02-13 19:05:20,981 - SwarmManager - ERROR - Handling failure of drone 1: Crashed
2026-02-13 19:05:20,982 - Drone_2 - INFO - Drone 2: Flying to {'x': 1612.1172571257052, 'y': 441.6777578750137, 'z': 60.0}
2026-02-13 19:05:20,983 - Drone_3 - INFO - Drone 3: Flying to {'x': 1674.2089678276175, 'y': 415.2038185740699, 'z': 60.0}
2026-02-13 19:05:21,451 - Drone_3 - INFO - Drone 3: Reached target position
2026-02-13 19:05:21,552 - Drone_2 - INFO - Drone 2: Reached target position
2026-02-13 19:05:21,984 - SwarmManager - ERROR - Drone 1 heartbeat timeout
2026-02-13 19:05:21,985 - SwarmManager - ERROR - Handling failure of drone 1: Heartbeat timeout
2026-02-13 19:05:21,987 - SwarmManager - ERROR - Drone 1 crashed
2026-02-13 19:05:21,988 - SwarmManager - ERROR - Handling failure of drone 1: Crashed
2026-02-13 19:05:21,989 - Drone_2 - INFO - Drone 2: Flying to {'x': 1608.7179814930391, 'y': 434.1981771810949, 'z': 60.0}
2026-02-13 19:05:21,989 - Drone_3 - INFO - Drone 3: Flying to {'x': 1670.9354164502665, 'y': 408.0210729229237, 'z': 60.0}
2026-02-13 19:05:22,463 - Drone_3 - INFO - Drone 3: Reached target position
2026-02-13 19:05:22,476 - PhysicalMLTrainer_Drone5 - INFO - Physical ML model trained drone=5 samples=6101 degree=2 alpha=0.0 val_mse=0.000000
2026-02-13 19:05:22,558 - Drone_2 - INFO - Drone 2: Reached target position
2026-02-13 19:05:22,692 - PhysicalMLTrainer_Drone3 - INFO - Physical ML model trained drone=3 samples=6101 degree=2 alpha=0.0 val_mse=0.000879
2026-02-13 19:05:22,711 - PhysicalMLTrainer_Drone4 - INFO - Physical ML model trained drone=4 samples=6101 degree=2 alpha=0.0 val_mse=0.000413
2026-02-13 19:05:22,780 - PhysicalMLTrainer_Drone2 - INFO - Physical ML model trained drone=2 samples=6101 degree=2 alpha=0.0 val_mse=0.000490
2026-02-13 19:05:22,990 - SwarmManager - ERROR - Drone 1 heartbeat timeout
2026-02-13 19:05:22,992 - SwarmManager - ERROR - Handling failure of drone 1: Heartbeat timeout
2026-02-13 19:05:22,993 - SwarmManager - ERROR - Drone 1 crashed
2026-02-13 19:05:22,994 - SwarmManager - ERROR - Handling failure of drone 1: Crashed
2026-02-13 19:05:22,996 - Drone_2 - INFO - Drone 2: Flying to {'x': 1605.3043121854441, 'y': 426.5897241731694, 'z': 60.0}
2026-02-13 19:05:22,996 - Drone_3 - INFO - Drone 3: Flying to {'x': 1667.6478755011942, 'y': 400.7144442114948, 'z': 60.0}
2026-02-13 19:05:23,497 - Drone_3 - INFO - Drone 3: Reached target position
2026-02-13 19:05:23,585 - Drone_2 - INFO - Drone 2: Reached target position
2026-02-13 19:05:23,996 - SwarmManager - ERROR - Drone 1 heartbeat timeout
2026-02-13 19:05:23,997 - SwarmManager - ERROR - Handling failure of drone 1: Heartbeat timeout
2026-02-13 19:05:23,998 - SwarmManager - ERROR - Drone 1 crashed
2026-02-13 19:05:23,999 - SwarmManager - ERROR - Handling failure of drone 1: Crashed
2026-02-13 19:05:23,999 - Drone_2 - INFO - Drone 2: Flying to {'x': 1601.9820986769678, 'y': 419.08772693204435, 'z': 60.0}
2026-02-13 19:05:23,999 - Drone_3 - INFO - Drone 3: Flying to {'x': 1664.4480417573322, 'y': 393.50929939865887, 'z': 60.0}
2026-02-13 19:05:24,402 - Drone_3 - INFO - Drone 3: Reached target position
2026-02-13 19:05:24,590 - Drone_2 - INFO - Drone 2: Reached target position
2026-02-13 19:05:25,000 - SwarmManager - ERROR - Drone 1 heartbeat timeout
2026-02-13 19:05:25,001 - SwarmManager - ERROR - Handling failure of drone 1: Heartbeat timeout
2026-02-13 19:05:25,002 - SwarmManager - ERROR - Drone 1 crashed
2026-02-13 19:05:25,002 - SwarmManager - ERROR - Handling failure of drone 1: Crashed
2026-02-13 19:05:25,003 - Drone_2 - INFO - Drone 2: Flying to {'x': 1598.6995962135384, 'y': 411.57703363883985, 'z': 60.0}
2026-02-13 19:05:25,003 - Drone_3 - INFO - Drone 3: Flying to {'x': 1661.2858544842506, 'y': 386.29442547291495, 'z': 60.0}
2026-02-13 19:05:25,406 - Drone_3 - INFO - Drone 3: Reached target position
2026-02-13 19:05:25,603 - Drone_2 - INFO - Drone 2: Reached target position
2026-02-13 19:05:26,004 - SwarmManager - ERROR - Drone 1 heartbeat timeout
2026-02-13 19:05:26,005 - SwarmManager - ERROR - Handling failure of drone 1: Heartbeat timeout
2026-02-13 19:05:26,006 - SwarmManager - ERROR - Drone 1 crashed
2026-02-13 19:05:26,006 - SwarmManager - ERROR - Handling failure of drone 1: Crashed
2026-02-13 19:05:26,006 - Drone_2 - INFO - Drone 2: Flying to {'x': 1595.4515244631764, 'y': 404.04500191425853, 'z': 60.0}
2026-02-13 19:05:26,007 - Drone_3 - INFO - Drone 3: Flying to {'x': 1658.1560012543507, 'y': 379.05703300229806, 'z': 60.0}
2026-02-13 19:05:26,412 - Drone_3 - INFO - Drone 3: Reached target position
2026-02-13 19:05:26,609 - Drone_2 - INFO - Drone 2: Reached target position
2026-02-13 19:05:27,007 - SwarmManager - ERROR - Drone 1 heartbeat timeout
2026-02-13 19:05:27,008 - SwarmManager - ERROR - Handling failure of drone 1: Heartbeat timeout
2026-02-13 19:05:27,009 - SwarmManager - ERROR - Drone 1 crashed
2026-02-13 19:05:27,010 - SwarmManager - ERROR - Handling failure of drone 1: Crashed
2026-02-13 19:05:27,011 - Drone_2 - INFO - Drone 2: Flying to {'x': 1592.2340164169782, 'y': 396.4818367436272, 'z': 60.0}
2026-02-13 19:05:27,011 - Drone_3 - INFO - Drone 3: Flying to {'x': 1655.0545311325936, 'y': 371.7870411205585, 'z': 60.0}
2026-02-13 19:05:27,419 - Drone_3 - INFO - Drone 3: Reached target position
2026-02-13 19:05:27,515 - Drone_2 - INFO - Drone 2: Reached target position
2026-02-13 19:05:28,012 - SwarmManager - ERROR - Drone 1 heartbeat timeout
2026-02-13 19:05:28,014 - SwarmManager - ERROR - Handling failure of drone 1: Heartbeat timeout
2026-02-13 19:05:28,015 - SwarmManager - ERROR - Drone 1 crashed
2026-02-13 19:05:28,016 - SwarmManager - ERROR - Handling failure of drone 1: Crashed
2026-02-13 19:05:28,017 - Drone_2 - INFO - Drone 2: Flying to {'x': 1589.058996205779, 'y': 388.9153169663157, 'z': 60.0}
2026-02-13 19:05:28,017 - Drone_3 - INFO - Drone 3: Flying to {'x': 1651.992722076974, 'y': 364.5104783483429, 'z': 60.0}
2026-02-13 19:05:28,426 - Drone_3 - INFO - Drone 3: Reached target position
2026-02-13 19:05:28,521 - Drone_2 - INFO - Drone 2: Reached target position
2026-02-13 19:05:29,018 - SwarmManager - ERROR - Drone 1 heartbeat timeout
2026-02-13 19:05:29,019 - SwarmManager - ERROR - Handling failure of drone 1: Heartbeat timeout
2026-02-13 19:05:29,020 - SwarmManager - ERROR - Drone 1 crashed
2026-02-13 19:05:29,022 - SwarmManager - ERROR - Handling failure of drone 1: Crashed
2026-02-13 19:05:29,023 - Drone_2 - INFO - Drone 2: Flying to {'x': 1585.9226355735016, 'y': 381.33663450790044, 'z': 60.0}
2026-02-13 19:05:29,023 - Drone_3 - INFO - Drone 3: Flying to {'x': 1648.9666771199802, 'y': 357.21820119464707, 'z': 60.0}
2026-02-13 19:05:29,432 - Drone_3 - INFO - Drone 3: Reached target position
2026-02-13 19:05:29,528 - Drone_2 - INFO - Drone 2: Reached target position
2026-02-13 19:05:30,027 - SwarmManager - ERROR - Drone 1 heartbeat timeout
2026-02-13 19:05:30,027 - SwarmManager - ERROR - Handling failure of drone 1: Heartbeat timeout
2026-02-13 19:05:30,028 - SwarmManager - ERROR - Drone 1 crashed
2026-02-13 19:05:30,029 - SwarmManager - ERROR - Handling failure of drone 1: Crashed
2026-02-13 19:05:30,029 - Drone_2 - INFO - Drone 2: Flying to {'x': 1582.822851685414, 'y': 373.74099633529636, 'z': 60.0}
2026-02-13 19:05:30,029 - Drone_3 - INFO - Drone 3: Flying to {'x': 1645.9741836458586, 'y': 349.90490454948235, 'z': 60.0}
2026-02-13 19:05:30,437 - Drone_3 - INFO - Drone 3: Reached target position
2026-02-13 19:05:30,535 - Drone_2 - INFO - Drone 2: Reached target position
2026-02-13 19:05:31,030 - SwarmManager - ERROR - Drone 1 heartbeat timeout
2026-02-13 19:05:31,030 - SwarmManager - ERROR - Handling failure of drone 1: Heartbeat timeout
2026-02-13 19:05:31,031 - SwarmManager - ERROR - Drone 1 crashed
2026-02-13 19:05:31,031 - SwarmManager - ERROR - Handling failure of drone 1: Crashed
2026-02-13 19:05:31,032 - Drone_2 - INFO - Drone 2: Flying to {'x': 1579.7603651351708, 'y': 366.13056833544795, 'z': 60.0}
2026-02-13 19:05:31,032 - Drone_3 - INFO - Drone 3: Flying to {'x': 1643.015738818339, 'y': 342.57196692953346, 'z': 60.0}
2026-02-13 19:05:31,444 - Drone_3 - INFO - Drone 3: Reached target position
2026-02-13 19:05:31,545 - Drone_2 - INFO - Drone 2: Reached target position
2026-02-13 19:05:32,033 - SwarmManager - ERROR - Drone 1 heartbeat timeout
2026-02-13 19:05:32,035 - SwarmManager - ERROR - Handling failure of drone 1: Heartbeat timeout
2026-02-13 19:05:32,036 - SwarmManager - ERROR - Drone 1 crashed
2026-02-13 19:05:32,036 - SwarmManager - ERROR - Handling failure of drone 1: Crashed
2026-02-13 19:05:32,037 - Drone_2 - INFO - Drone 2: Flying to {'x': 1576.7339823679145, 'y': 358.50299749829924, 'z': 60.0}
2026-02-13 19:05:32,037 - Drone_3 - INFO - Drone 3: Flying to {'x': 1640.0899961727919, 'y': 335.2164023251919, 'z': 60.0}
2026-02-13 19:05:32,449 - Drone_3 - INFO - Drone 3: Reached target position
2026-02-13 19:05:32,552 - Drone_2 - INFO - Drone 2: Reached target position
2026-02-13 19:05:33,038 - SwarmManager - ERROR - Drone 1 heartbeat timeout
2026-02-13 19:05:33,040 - SwarmManager - ERROR - Handling failure of drone 1: Heartbeat timeout
2026-02-13 19:05:33,041 - SwarmManager - ERROR - Drone 1 crashed
2026-02-13 19:05:33,042 - SwarmManager - ERROR - Handling failure of drone 1: Crashed
2026-02-13 19:05:33,043 - Drone_2 - INFO - Drone 2: Flying to {'x': 1573.7518136857802, 'y': 350.8799852021699, 'z': 60.0}
2026-02-13 19:05:33,043 - Drone_3 - INFO - Drone 3: Flying to {'x': 1637.204616846364, 'y': 327.8584350574848, 'z': 60.0}
2026-02-13 19:05:33,455 - Drone_3 - INFO - Drone 3: Reached target position
2026-02-13 19:05:33,559 - Drone_2 - INFO - Drone 2: Reached target position
2026-02-13 19:05:34,044 - SwarmManager - ERROR - Drone 1 heartbeat timeout
2026-02-13 19:05:34,046 - SwarmManager - ERROR - Handling failure of drone 1: Heartbeat timeout
2026-02-13 19:05:34,047 - SwarmManager - ERROR - Drone 1 crashed
2026-02-13 19:05:34,048 - SwarmManager - ERROR - Handling failure of drone 1: Crashed
2026-02-13 19:05:34,049 - Drone_2 - INFO - Drone 2: Flying to {'x': 1570.8082503735484, 'y': 343.24885460112563, 'z': 60.0}
2026-02-13 19:05:34,050 - Drone_3 - INFO - Drone 3: Flying to {'x': 1634.3540051498424, 'y': 320.48513236790706, 'z': 60.0}
2026-02-13 19:05:34,461 - Drone_3 - INFO - Drone 3: Reached target position
2026-02-13 19:05:34,564 - Drone_2 - INFO - Drone 2: Reached target position
2026-02-13 19:05:35,051 - SwarmManager - ERROR - Drone 1 heartbeat timeout
2026-02-13 19:05:35,052 - SwarmManager - ERROR - Handling failure of drone 1: Heartbeat timeout
2026-02-13 19:05:35,055 - SwarmManager - ERROR - Drone 1 crashed
2026-02-13 19:05:35,056 - SwarmManager - ERROR - Handling failure of drone 1: Crashed
2026-02-13 19:05:35,057 - Drone_2 - INFO - Drone 2: Flying to {'x': 1567.8962770904254, 'y': 335.59269007530906, 'z': 60.0}
2026-02-13 19:05:35,058 - Drone_3 - INFO - Drone 3: Flying to {'x': 1631.5311882161368, 'y': 313.0794031979376, 'z': 60.0}
2026-02-13 19:05:35,469 - Drone_3 - INFO - Drone 3: Reached target position
2026-02-13 19:05:35,571 - Drone_2 - INFO - Drone 2: Reached target position
2026-02-13 19:05:36,059 - SwarmManager - ERROR - Drone 1 heartbeat timeout
2026-02-13 19:05:36,059 - SwarmManager - ERROR - Handling failure of drone 1: Heartbeat timeout
2026-02-13 19:05:36,060 - SwarmManager - ERROR - Drone 1 crashed
2026-02-13 19:05:36,061 - SwarmManager - ERROR - Handling failure of drone 1: Crashed
2026-02-13 19:05:36,061 - Drone_2 - INFO - Drone 2: Flying to {'x': 1565.0223953903849, 'y': 327.9301647873915, 'z': 60.0}
2026-02-13 19:05:36,061 - Drone_3 - INFO - Drone 3: Flying to {'x': 1628.7422942250257, 'y': 305.658557469932, 'z': 60.0}
2026-02-13 19:05:36,477 - Drone_3 - INFO - Drone 3: Reached target position
2026-02-13 19:05:36,578 - Drone_2 - INFO - Drone 2: Reached target position
2026-02-13 19:05:37,062 - SwarmManager - ERROR - Drone 1 heartbeat timeout
2026-02-13 19:05:37,062 - SwarmManager - ERROR - Handling failure of drone 1: Heartbeat timeout
2026-02-13 19:05:37,063 - SwarmManager - ERROR - Drone 1 crashed
2026-02-13 19:05:37,063 - SwarmManager - ERROR - Handling failure of drone 1: Crashed
2026-02-13 19:05:37,063 - Drone_2 - INFO - Drone 2: Flying to {'x': 1562.1891768886971, 'y': 320.2705487887745, 'z': 60.0}
2026-02-13 19:05:37,063 - Drone_3 - INFO - Drone 3: Flying to {'x': 1625.9896651471386, 'y': 298.2308641725082, 'z': 60.0}
2026-02-13 19:05:37,485 - Drone_3 - INFO - Drone 3: Reached target position
2026-02-13 19:05:37,584 - Drone_2 - INFO - Drone 2: Reached target position
2026-02-13 19:05:38,064 - SwarmManager - ERROR - Drone 1 heartbeat timeout
2026-02-13 19:05:38,064 - SwarmManager - ERROR - Handling failure of drone 1: Heartbeat timeout
2026-02-13 19:05:38,065 - SwarmManager - ERROR - Drone 1 crashed
2026-02-13 19:05:38,065 - SwarmManager - ERROR - Handling failure of drone 1: Crashed
2026-02-13 19:05:38,065 - Drone_2 - INFO - Drone 2: Flying to {'x': 1559.3906070916892, 'y': 312.6001463976681, 'z': 60.0}
2026-02-13 19:05:38,066 - Drone_3 - INFO - Drone 3: Flying to {'x': 1623.2673055703049, 'y': 290.78232360363114, 'z': 60.0}
2026-02-13 19:05:38,492 - Drone_3 - INFO - Drone 3: Reached target position
2026-02-13 19:05:38,590 - Drone_2 - INFO - Drone 2: Reached target position
2026-02-13 19:05:39,066 - SwarmManager - ERROR - Drone 1 heartbeat timeout
2026-02-13 19:05:39,066 - SwarmManager - ERROR - Handling failure of drone 1: Heartbeat timeout
2026-02-13 19:05:39,067 - SwarmManager - ERROR - Drone 1 crashed
2026-02-13 19:05:39,067 - SwarmManager - ERROR - Handling failure of drone 1: Crashed
2026-02-13 19:05:39,068 - Drone_2 - INFO - Drone 2: Flying to {'x': 1556.6282921952893, 'y': 304.92606214389815, 'z': 60.0}
2026-02-13 19:05:39,068 - Drone_3 - INFO - Drone 3: Flying to {'x': 1620.5766250957981, 'y': 283.31910217157207, 'z': 60.0}
2026-02-13 19:05:39,499 - Drone_3 - INFO - Drone 3: Reached target position
2026-02-13 19:05:39,596 - Drone_2 - INFO - Drone 2: Reached target position
2026-02-13 19:05:40,069 - SwarmManager - ERROR - Drone 1 heartbeat timeout
2026-02-13 19:05:40,070 - SwarmManager - ERROR - Handling failure of drone 1: Heartbeat timeout
2026-02-13 19:05:40,071 - SwarmManager - ERROR - Drone 1 crashed
2026-02-13 19:05:40,071 - SwarmManager - ERROR - Handling failure of drone 1: Crashed
2026-02-13 19:05:40,072 - Drone_2 - INFO - Drone 2: Flying to {'x': 1553.9020034144914, 'y': 297.2508260767702, 'z': 60.0}
2026-02-13 19:05:40,072 - Drone_3 - INFO - Drone 3: Flying to {'x': 1617.9172577355907, 'y': 275.842948690047, 'z': 60.0}
2026-02-13 19:05:40,505 - Drone_3 - INFO - Drone 3: Reached target position
2026-02-13 19:05:40,601 - Drone_2 - INFO - Drone 2: Reached target position
2026-02-13 19:05:41,073 - SwarmManager - ERROR - Drone 1 heartbeat timeout
2026-02-13 19:05:41,074 - SwarmManager - ERROR - Handling failure of drone 1: Heartbeat timeout
2026-02-13 19:05:41,075 - SwarmManager - ERROR - Drone 1 crashed
2026-02-13 19:05:41,076 - SwarmManager - ERROR - Handling failure of drone 1: Crashed
2026-02-13 19:05:41,077 - Drone_2 - INFO - Drone 2: Flying to {'x': 1551.209991937413, 'y': 289.5729715444449, 'z': 60.0}
2026-02-13 19:05:41,078 - Drone_3 - INFO - Drone 3: Flying to {'x': 1615.2873578560805, 'y': 268.3517280152549, 'z': 60.0}
2026-02-13 19:05:41,512 - Drone_3 - INFO - Drone 3: Reached target position
2026-02-13 19:05:41,607 - Drone_2 - INFO - Drone 2: Reached target position
2026-02-13 19:05:42,079 - SwarmManager - ERROR - Drone 1 heartbeat timeout
2026-02-13 19:05:42,080 - SwarmManager - ERROR - Handling failure of drone 1: Heartbeat timeout
2026-02-13 19:05:42,081 - SwarmManager - ERROR - Drone 1 crashed
2026-02-13 19:05:42,082 - SwarmManager - ERROR - Handling failure of drone 1: Crashed
2026-02-13 19:05:42,083 - Drone_2 - INFO - Drone 2: Flying to {'x': 1548.550913929748, 'y': 281.8923708222603, 'z': 60.0}
2026-02-13 19:05:42,084 - Drone_3 - INFO - Drone 3: Flying to {'x': 1612.6854735410604, 'y': 260.8446093388385, 'z': 60.0}
2026-02-13 19:05:42,516 - Drone_3 - INFO - Drone 3: Reached target position
2026-02-13 19:05:42,613 - Drone_2 - INFO - Drone 2: Reached target position
2026-02-13 19:05:42,620 - PhysicalMLTrainer_Drone5 - INFO - Physical ML model trained drone=5 samples=6301 degree=2 alpha=0.0 val_mse=0.000000
2026-02-13 19:05:42,848 - PhysicalMLTrainer_Drone3 - INFO - Physical ML model trained drone=3 samples=6301 degree=2 alpha=0.0 val_mse=0.000937
2026-02-13 19:05:42,849 - PhysicalMLTrainer_Drone4 - INFO - Physical ML model trained drone=4 samples=6301 degree=2 alpha=0.0 val_mse=0.000420
2026-02-13 19:05:42,934 - PhysicalMLTrainer_Drone2 - INFO - Physical ML model trained drone=2 samples=6301 degree=2 alpha=0.0 val_mse=0.000592
2026-02-13 19:05:43,086 - SwarmManager - ERROR - Drone 1 heartbeat timeout
2026-02-13 19:05:43,087 - SwarmManager - ERROR - Handling failure of drone 1: Heartbeat timeout
2026-02-13 19:05:43,088 - SwarmManager - ERROR - Drone 1 crashed
2026-02-13 19:05:43,089 - SwarmManager - ERROR - Handling failure of drone 1: Crashed
2026-02-13 19:05:43,090 - Drone_2 - INFO - Drone 2: Flying to {'x': 1545.8571746028294, 'y': 274.01410896199604, 'z': 60.0}
2026-02-13 19:05:43,091 - Drone_3 - INFO - Drone 3: Flying to {'x': 1610.0451581311042, 'y': 253.12983807278601, 'z': 60.0}
2026-02-13 19:05:43,553 - Drone_3 - INFO - Drone 3: Reached target position
2026-02-13 19:05:43,638 - Drone_2 - INFO - Drone 2: Reached target position
2026-02-13 19:05:44,092 - SwarmManager - ERROR - Drone 1 heartbeat timeout
2026-02-13 19:05:44,093 - SwarmManager - ERROR - Handling failure of drone 1: Heartbeat timeout
2026-02-13 19:05:44,095 - SwarmManager - ERROR - Drone 1 crashed
2026-02-13 19:05:44,097 - SwarmManager - ERROR - Handling failure of drone 1: Crashed
2026-02-13 19:05:44,098 - Drone_2 - INFO - Drone 2: Flying to {'x': 1543.2519611677683, 'y': 266.3025698208977, 'z': 60.0}
2026-02-13 19:05:44,098 - Drone_3 - INFO - Drone 3: Flying to {'x': 1607.4869918872685, 'y': 245.56345632815442, 'z': 60.0}
2026-02-13 19:05:44,558 - Drone_3 - INFO - Drone 3: Reached target position
2026-02-13 19:05:44,645 - Drone_2 - INFO - Drone 2: Reached target position
2026-02-13 19:05:45,100 - SwarmManager - ERROR - Drone 1 heartbeat timeout
2026-02-13 19:05:45,100 - SwarmManager - ERROR - Handling failure of drone 1: Heartbeat timeout
2026-02-13 19:05:45,101 - SwarmManager - ERROR - Drone 1 crashed
2026-02-13 19:05:45,102 - SwarmManager - ERROR - Handling failure of drone 1: Crashed
2026-02-13 19:05:45,103 - Drone_2 - INFO - Drone 2: Flying to {'x': 1540.6829311816239, 'y': 258.61085306142763, 'z': 60.0}
2026-02-13 19:05:45,104 - Drone_3 - INFO - Drone 3: Flying to {'x': 1604.959612272787, 'y': 238.0011886317253, 'z': 60.0}
2026-02-13 19:05:45,565 - Drone_3 - INFO - Drone 3: Reached target position
2026-02-13 19:05:45,650 - Drone_2 - INFO - Drone 2: Reached target position
2026-02-13 19:05:46,104 - SwarmManager - ERROR - Drone 1 heartbeat timeout
2026-02-13 19:05:46,106 - SwarmManager - ERROR - Handling failure of drone 1: Heartbeat timeout
2026-02-13 19:05:46,106 - SwarmManager - ERROR - Drone 1 crashed
2026-02-13 19:05:46,107 - SwarmManager - ERROR - Handling failure of drone 1: Crashed
2026-02-13 19:05:46,108 - Drone_2 - INFO - Drone 2: Flying to {'x': 1538.1381920306083, 'y': 250.90850560983895, 'z': 60.0}
2026-02-13 19:05:46,108 - Drone_3 - INFO - Drone 3: Flying to {'x': 1602.4511940177701, 'y': 230.41246268933045, 'z': 60.0}
2026-02-13 19:05:46,571 - Drone_3 - INFO - Drone 3: Reached target position
2026-02-13 19:05:46,655 - Drone_2 - INFO - Drone 2: Reached target position
2026-02-13 19:05:47,109 - SwarmManager - ERROR - Drone 1 heartbeat timeout
2026-02-13 19:05:47,111 - SwarmManager - ERROR - Handling failure of drone 1: Heartbeat timeout
2026-02-13 19:05:47,112 - SwarmManager - ERROR - Drone 1 crashed
2026-02-13 19:05:47,114 - SwarmManager - ERROR - Handling failure of drone 1: Crashed
2026-02-13 19:05:47,115 - Drone_2 - INFO - Drone 2: Flying to {'x': 1535.620526674271, 'y': 243.20913524214936, 'z': 60.0}
2026-02-13 19:05:47,116 - Drone_3 - INFO - Drone 3: Flying to {'x': 1599.9643377605996, 'y': 222.81001822971817, 'z': 60.0}
2026-02-13 19:05:47,577 - Drone_3 - INFO - Drone 3: Reached target position
2026-02-13 19:05:47,662 - Drone_2 - INFO - Drone 2: Reached target position
2026-02-13 19:05:48,117 - SwarmManager - ERROR - Drone 1 heartbeat timeout
2026-02-13 19:05:48,119 - SwarmManager - ERROR - Handling failure of drone 1: Heartbeat timeout
2026-02-13 19:05:48,120 - SwarmManager - ERROR - Drone 1 crashed
2026-02-13 19:05:48,122 - SwarmManager - ERROR - Handling failure of drone 1: Crashed
2026-02-13 19:05:48,123 - Drone_2 - INFO - Drone 2: Flying to {'x': 1533.124551486734, 'y': 235.50182017742304, 'z': 60.0}
2026-02-13 19:05:48,123 - Drone_3 - INFO - Drone 3: Flying to {'x': 1597.4935836455077, 'y': 215.18242798811872, 'z': 60.0}
2026-02-13 19:05:48,582 - Drone_3 - INFO - Drone 3: Reached target position
2026-02-13 19:05:48,671 - Drone_2 - INFO - Drone 2: Reached target position
2026-02-13 19:05:49,124 - SwarmManager - ERROR - Drone 1 heartbeat timeout
2026-02-13 19:05:49,126 - SwarmManager - ERROR - Handling failure of drone 1: Heartbeat timeout
2026-02-13 19:05:49,127 - SwarmManager - ERROR - Drone 1 crashed
2026-02-13 19:05:49,128 - SwarmManager - ERROR - Handling failure of drone 1: Crashed
2026-02-13 19:05:49,129 - Drone_2 - INFO - Drone 2: Flying to {'x': 1530.656686453784, 'y': 227.81244454499367, 'z': 60.0}
2026-02-13 19:05:49,129 - Drone_3 - INFO - Drone 3: Flying to {'x': 1595.0451585216674, 'y': 207.55473823940773, 'z': 60.0}
2026-02-13 19:05:49,587 - Drone_3 - INFO - Drone 3: Reached target position
2026-02-13 19:05:49,679 - Drone_2 - INFO - Drone 2: Reached target position
2026-02-13 19:05:50,130 - SwarmManager - ERROR - Drone 1 heartbeat timeout
2026-02-13 19:05:50,131 - SwarmManager - ERROR - Handling failure of drone 1: Heartbeat timeout
2026-02-13 19:05:50,132 - SwarmManager - ERROR - Drone 1 crashed
2026-02-13 19:05:50,132 - SwarmManager - ERROR - Handling failure of drone 1: Crashed
2026-02-13 19:05:50,133 - Drone_2 - INFO - Drone 2: Flying to {'x': 1528.2069814789936, 'y': 220.11637197387373, 'z': 60.0}
2026-02-13 19:05:50,133 - Drone_3 - INFO - Drone 3: Flying to {'x': 1592.60906167882, 'y': 199.90196953563267, 'z': 60.0}
2026-02-13 19:05:50,593 - Drone_3 - INFO - Drone 3: Reached target position
2026-02-13 19:05:50,685 - Drone_2 - INFO - Drone 2: Reached target position
2026-02-13 19:05:51,134 - SwarmManager - ERROR - Drone 1 heartbeat timeout
2026-02-13 19:05:51,135 - SwarmManager - ERROR - Handling failure of drone 1: Heartbeat timeout
2026-02-13 19:05:51,136 - SwarmManager - ERROR - Drone 1 crashed
2026-02-13 19:05:51,137 - SwarmManager - ERROR - Handling failure of drone 1: Crashed
2026-02-13 19:05:51,137 - Drone_2 - INFO - Drone 2: Flying to {'x': 1525.7806395714138, 'y': 212.43657218938586, 'z': 60.0}
2026-02-13 19:05:51,137 - Drone_3 - INFO - Drone 3: Flying to {'x': 1590.1903346978124, 'y': 192.24644654033688, 'z': 60.0}
2026-02-13 19:05:51,600 - Drone_3 - INFO - Drone 3: Reached target position
2026-02-13 19:05:51,692 - Drone_2 - INFO - Drone 2: Reached target position
2026-02-13 19:05:52,138 - SwarmManager - ERROR - Drone 1 heartbeat timeout
2026-02-13 19:05:52,139 - SwarmManager - ERROR - Handling failure of drone 1: Heartbeat timeout
2026-02-13 19:05:52,140 - SwarmManager - ERROR - Drone 1 crashed
2026-02-13 19:05:52,141 - SwarmManager - ERROR - Handling failure of drone 1: Crashed
2026-02-13 19:05:52,142 - Drone_2 - INFO - Drone 2: Flying to {'x': 1523.3720948992752, 'y': 204.76246420582794, 'z': 60.0}
2026-02-13 19:05:52,142 - Drone_3 - INFO - Drone 3: Flying to {'x': 1587.7833090486195, 'y': 184.57718511914453, 'z': 60.0}
2026-02-13 19:05:52,606 - Drone_3 - INFO - Drone 3: Reached target position
2026-02-13 19:05:52,698 - Drone_2 - INFO - Drone 2: Reached target position
2026-02-13 19:05:53,143 - SwarmManager - ERROR - Drone 1 heartbeat timeout
2026-02-13 19:05:53,144 - SwarmManager - ERROR - Handling failure of drone 1: Heartbeat timeout
2026-02-13 19:05:53,144 - SwarmManager - ERROR - Drone 1 crashed
2026-02-13 19:05:53,145 - SwarmManager - ERROR - Handling failure of drone 1: Crashed
2026-02-13 19:05:53,145 - Drone_2 - INFO - Drone 2: Flying to {'x': 1520.9777420025334, 'y': 197.0897145290722, 'z': 60.0}
2026-02-13 19:05:53,145 - Drone_3 - INFO - Drone 3: Flying to {'x': 1585.384242141119, 'y': 176.889399187514, 'z': 60.0}
2026-02-13 19:05:53,613 - Drone_3 - INFO - Drone 3: Reached target position
2026-02-13 19:05:53,704 - Drone_2 - INFO - Drone 2: Reached target position
2026-02-13 19:05:54,146 - SwarmManager - ERROR - Drone 1 heartbeat timeout
2026-02-13 19:05:54,147 - SwarmManager - ERROR - Handling failure of drone 1: Heartbeat timeout
2026-02-13 19:05:54,147 - SwarmManager - ERROR - Drone 1 crashed
2026-02-13 19:05:54,148 - SwarmManager - ERROR - Handling failure of drone 1: Crashed
2026-02-13 19:05:54,148 - Drone_2 - INFO - Drone 2: Flying to {'x': 1518.5943071760635, 'y': 189.41521418188503, 'z': 60.0}
2026-02-13 19:05:54,149 - Drone_3 - INFO - Drone 3: Flying to {'x': 1582.9897033757375, 'y': 169.17952916044342, 'z': 60.0}
2026-02-13 19:05:54,620 - Drone_3 - INFO - Drone 3: Reached target position
2026-02-13 19:05:54,710 - Drone_2 - INFO - Drone 2: Reached target position
2026-02-13 19:05:55,150 - SwarmManager - ERROR - Drone 1 heartbeat timeout
2026-02-13 19:05:55,150 - SwarmManager - ERROR - Handling failure of drone 1: Heartbeat timeout
2026-02-13 19:05:55,151 - SwarmManager - ERROR - Drone 1 crashed
2026-02-13 19:05:55,151 - SwarmManager - ERROR - Handling failure of drone 1: Crashed
2026-02-13 19:05:55,152 - Drone_2 - INFO - Drone 2: Flying to {'x': 1516.225470384273, 'y': 181.75857467316646, 'z': 60.0}
2026-02-13 19:05:55,152 - Drone_3 - INFO - Drone 3: Flying to {'x': 1580.6032591792093, 'y': 161.4669431499353, 'z': 60.0}
2026-02-13 19:05:55,625 - Drone_3 - INFO - Drone 3: Reached target position
2026-02-13 19:05:55,715 - Drone_2 - INFO - Drone 2: Reached target position
2026-02-13 19:05:56,153 - SwarmManager - ERROR - Drone 1 heartbeat timeout
2026-02-13 19:05:56,154 - SwarmManager - ERROR - Handling failure of drone 1: Heartbeat timeout
2026-02-13 19:05:56,156 - SwarmManager - ERROR - Drone 1 crashed
2026-02-13 19:05:56,157 - SwarmManager - ERROR - Handling failure of drone 1: Crashed
2026-02-13 19:05:56,158 - Drone_2 - INFO - Drone 2: Flying to {'x': 1513.8670186555573, 'y': 174.11424842440903, 'z': 60.0}
2026-02-13 19:05:56,159 - Drone_3 - INFO - Drone 3: Flying to {'x': 1578.2205532651792, 'y': 153.74582719820177, 'z': 60.0}
2026-02-13 19:05:56,630 - Drone_3 - INFO - Drone 3: Reached target position
2026-02-13 19:05:56,721 - Drone_2 - INFO - Drone 2: Reached target position
2026-02-13 19:05:57,159 - SwarmManager - ERROR - Drone 1 heartbeat timeout
2026-02-13 19:05:57,160 - SwarmManager - ERROR - Handling failure of drone 1: Heartbeat timeout
2026-02-13 19:05:57,160 - SwarmManager - ERROR - Drone 1 crashed
2026-02-13 19:05:57,160 - SwarmManager - ERROR - Handling failure of drone 1: Crashed
2026-02-13 19:05:57,161 - Drone_2 - INFO - Drone 2: Flying to {'x': 1511.5122613253552, 'y': 166.46875655046938, 'z': 60.0}
2026-02-13 19:05:57,161 - Drone_3 - INFO - Drone 3: Flying to {'x': 1575.8346906259171, 'y': 146.00231844135442, 'z': 60.0}
2026-02-13 19:05:57,638 - Drone_3 - INFO - Drone 3: Reached target position
2026-02-13 19:05:57,727 - Drone_2 - INFO - Drone 2: Reached target position
2026-02-13 19:05:58,162 - SwarmManager - ERROR - Drone 1 heartbeat timeout
2026-02-13 19:05:58,162 - SwarmManager - ERROR - Handling failure of drone 1: Heartbeat timeout
2026-02-13 19:05:58,163 - SwarmManager - ERROR - Drone 1 crashed
2026-02-13 19:05:58,163 - SwarmManager - ERROR - Handling failure of drone 1: Crashed
2026-02-13 19:05:58,164 - Drone_2 - INFO - Drone 2: Flying to {'x': 1509.1575646421973, 'y': 158.81871651310982, 'z': 60.0}
2026-02-13 19:05:58,164 - Drone_3 - INFO - Drone 3: Flying to {'x': 1573.441833220051, 'y': 138.2327306632557, 'z': 60.0}
2026-02-13 19:05:58,648 - Drone_3 - INFO - Drone 3: Reached target position
2026-02-13 19:05:58,735 - Drone_2 - INFO - Drone 2: Reached target position
2026-02-13 19:05:59,165 - SwarmManager - ERROR - Drone 1 heartbeat timeout
2026-02-13 19:05:59,166 - SwarmManager - ERROR - Handling failure of drone 1: Heartbeat timeout
2026-02-13 19:05:59,167 - SwarmManager - ERROR - Drone 1 crashed
2026-02-13 19:05:59,168 - SwarmManager - ERROR - Handling failure of drone 1: Crashed
2026-02-13 19:05:59,168 - Drone_2 - INFO - Drone 2: Flying to {'x': 1506.8065762206454, 'y': 151.18463097644312, 'z': 60.0}
2026-02-13 19:05:59,169 - Drone_3 - INFO - Drone 3: Flying to {'x': 1571.045559026347, 'y': 130.45776222863756, 'z': 60.0}
2026-02-13 19:05:59,656 - Drone_3 - INFO - Drone 3: Reached target position
2026-02-13 19:05:59,742 - Drone_2 - INFO - Drone 2: Reached target position
2026-02-13 19:06:00,169 - SwarmManager - ERROR - Drone 1 heartbeat timeout
2026-02-13 19:06:00,170 - SwarmManager - ERROR - Handling failure of drone 1: Heartbeat timeout
2026-02-13 19:06:00,171 - SwarmManager - ERROR - Drone 1 crashed
2026-02-13 19:06:00,172 - SwarmManager - ERROR - Handling failure of drone 1: Crashed
2026-02-13 19:06:00,172 - Drone_2 - INFO - Drone 2: Flying to {'x': 1504.4620244119974, 'y': 143.5841112322266, 'z': 60.0}
2026-02-13 19:06:00,173 - Drone_3 - INFO - Drone 3: Flying to {'x': 1568.6485812558262, 'y': 122.69545592524392, 'z': 60.0}
2026-02-13 19:06:00,749 - Drone_2 - INFO - Drone 2: Reached target position
2026-02-13 19:06:00,762 - Drone_3 - INFO - Drone 3: Reached target position
2026-02-13 19:06:01,174 - SwarmManager - ERROR - Drone 1 heartbeat timeout
2026-02-13 19:06:01,175 - SwarmManager - ERROR - Handling failure of drone 1: Heartbeat timeout
2026-02-13 19:06:01,176 - SwarmManager - ERROR - Drone 1 crashed
2026-02-13 19:06:01,176 - SwarmManager - ERROR - Handling failure of drone 1: Crashed
2026-02-13 19:06:01,177 - Drone_2 - INFO - Drone 2: Flying to {'x': 1502.1157617039094, 'y': 135.99956395000245, 'z': 60.0}
2026-02-13 19:06:01,177 - Drone_3 - INFO - Drone 3: Flying to {'x': 1566.242512944445, 'y': 114.92802448715176, 'z': 60.0}
2026-02-13 19:06:01,755 - Drone_2 - INFO - Drone 2: Reached target position
2026-02-13 19:06:01,767 - Drone_3 - INFO - Drone 3: Reached target position
2026-02-13 19:06:02,178 - SwarmManager - ERROR - Drone 1 heartbeat timeout
2026-02-13 19:06:02,179 - SwarmManager - ERROR - Handling failure of drone 1: Heartbeat timeout
2026-02-13 19:06:02,180 - SwarmManager - ERROR - Drone 1 crashed
2026-02-13 19:06:02,182 - SwarmManager - ERROR - Handling failure of drone 1: Crashed
2026-02-13 19:06:02,183 - Drone_2 - INFO - Drone 2: Flying to {'x': 1499.7599567031227, 'y': 128.41471249243972, 'z': 60.0}
2026-02-13 19:06:02,183 - Drone_3 - INFO - Drone 3: Flying to {'x': 1563.8192290284549, 'y': 107.13891335001175, 'z': 60.0}
2026-02-13 19:06:02,762 - Drone_2 - INFO - Drone 2: Reached target position
2026-02-13 19:06:02,772 - Drone_3 - INFO - Drone 3: Reached target position
2026-02-13 19:06:02,777 - PhysicalMLTrainer_Drone5 - INFO - Physical ML model trained drone=5 samples=6501 degree=2 alpha=0.0 val_mse=0.000000
2026-02-13 19:06:03,010 - PhysicalMLTrainer_Drone3 - INFO - Physical ML model trained drone=3 samples=6501 degree=2 alpha=0.0 val_mse=0.000935
2026-02-13 19:06:03,012 - PhysicalMLTrainer_Drone4 - INFO - Physical ML model trained drone=4 samples=6501 degree=2 alpha=0.0 val_mse=0.000438
2026-02-13 19:06:03,093 - PhysicalMLTrainer_Drone2 - INFO - Physical ML model trained drone=2 samples=6501 degree=2 alpha=0.01 val_mse=0.000720
2026-02-13 19:06:03,184 - SwarmManager - ERROR - Drone 1 heartbeat timeout
2026-02-13 19:06:03,185 - SwarmManager - ERROR - Handling failure of drone 1: Heartbeat timeout
2026-02-13 19:06:03,185 - SwarmManager - ERROR - Drone 1 crashed
2026-02-13 19:06:03,185 - SwarmManager - ERROR - Handling failure of drone 1: Crashed
2026-02-13 19:06:03,186 - Drone_2 - INFO - Drone 2: Flying to {'x': 1497.5348015987047, 'y': 121.28678904284592, 'z': 60.0}
2026-02-13 19:06:03,186 - Drone_3 - INFO - Drone 3: Flying to {'x': 1561.523503828676, 'y': 99.79967693060428, 'z': 60.0}
2026-02-13 19:06:03,613 - Drone_3 - INFO - Drone 3: Reached target position
2026-02-13 19:06:03,698 - Drone_2 - INFO - Drone 2: Reached target position
2026-02-13 19:06:04,188 - SwarmManager - ERROR - Drone 1 heartbeat timeout
2026-02-13 19:06:04,189 - SwarmManager - ERROR - Handling failure of drone 1: Heartbeat timeout
2026-02-13 19:06:04,189 - SwarmManager - ERROR - Drone 1 crashed
2026-02-13 19:06:04,190 - SwarmManager - ERROR - Handling failure of drone 1: Crashed
2026-02-13 19:06:04,190 - Drone_2 - INFO - Drone 2: Flying to {'x': 1495.159068715702, 'y': 113.72302045793987, 'z': 60.0}
2026-02-13 19:06:04,190 - Drone_3 - INFO - Drone 3: Flying to {'x': 1559.0651320986087, 'y': 91.99136007728947, 'z': 60.0}
2026-02-13 19:06:04,703 - Drone_2 - INFO - Drone 2: Reached target position
2026-02-13 19:06:04,719 - Drone_3 - INFO - Drone 3: Reached target position
2026-02-13 19:06:05,191 - SwarmManager - ERROR - Drone 1 heartbeat timeout
2026-02-13 19:06:05,192 - SwarmManager - ERROR - Handling failure of drone 1: Heartbeat timeout
2026-02-13 19:06:05,194 - SwarmManager - ERROR - Drone 1 crashed
2026-02-13 19:06:05,196 - SwarmManager - ERROR - Handling failure of drone 1: Crashed
2026-02-13 19:06:05,197 - Drone_2 - INFO - Drone 2: Flying to {'x': 1492.7720016221083, 'y': 106.18007322486108, 'z': 60.0}
2026-02-13 19:06:05,197 - Drone_3 - INFO - Drone 3: Flying to {'x': 1556.5875407974313, 'y': 84.18400630909645, 'z': 60.0}
2026-02-13 19:06:05,710 - Drone_2 - INFO - Drone 2: Reached target position
2026-02-13 19:06:05,727 - Drone_3 - INFO - Drone 3: Reached target position
2026-02-13 19:06:06,198 - SwarmManager - ERROR - Drone 1 heartbeat timeout
2026-02-13 19:06:06,200 - SwarmManager - ERROR - Handling failure of drone 1: Heartbeat timeout
2026-02-13 19:06:06,201 - SwarmManager - ERROR - Drone 1 crashed
2026-02-13 19:06:06,202 - SwarmManager - ERROR - Handling failure of drone 1: Crashed
2026-02-13 19:06:06,203 - Drone_2 - INFO - Drone 2: Flying to {'x': 1490.3615069788377, 'y': 98.62906691731851, 'z': 60.0}
2026-02-13 19:06:06,204 - Drone_3 - INFO - Drone 3: Flying to {'x': 1554.078158398617, 'y': 76.34817079866255, 'z': 60.0}
2026-02-13 19:06:06,718 - Drone_2 - INFO - Drone 2: Reached target position
2026-02-13 19:06:06,733 - Drone_3 - INFO - Drone 3: Reached target position
2026-02-13 19:06:07,205 - SwarmManager - ERROR - Drone 1 heartbeat timeout
2026-02-13 19:06:07,206 - SwarmManager - ERROR - Handling failure of drone 1: Heartbeat timeout
2026-02-13 19:06:07,207 - SwarmManager - ERROR - Drone 1 crashed
2026-02-13 19:06:07,207 - SwarmManager - ERROR - Handling failure of drone 1: Crashed
2026-02-13 19:06:07,207 - Drone_2 - INFO - Drone 2: Flying to {'x': 1487.9464063364358, 'y': 91.13760488512676, 'z': 60.0}
2026-02-13 19:06:07,207 - Drone_3 - INFO - Drone 3: Flying to {'x': 1551.5566441832216, 'y': 68.55469893670349, 'z': 60.0}
2026-02-13 19:06:07,725 - Drone_2 - INFO - Drone 2: Reached target position
2026-02-13 19:06:07,739 - Drone_3 - INFO - Drone 3: Reached target position
2026-02-13 19:06:08,208 - SwarmManager - ERROR - Drone 1 heartbeat timeout
2026-02-13 19:06:08,208 - SwarmManager - ERROR - Handling failure of drone 1: Heartbeat timeout
2026-02-13 19:06:08,209 - SwarmManager - ERROR - Drone 1 crashed
2026-02-13 19:06:08,210 - SwarmManager - ERROR - Handling failure of drone 1: Crashed
2026-02-13 19:06:08,210 - Drone_2 - INFO - Drone 2: Flying to {'x': 1485.50654891004, 'y': 83.65158490069486, 'z': 60.0}
2026-02-13 19:06:08,210 - Drone_3 - INFO - Drone 3: Flying to {'x': 1549.0020789302741, 'y': 60.7481426386784, 'z': 60.0}
2026-02-13 19:06:08,745 - Drone_3 - INFO - Drone 3: Reached target position
2026-02-13 19:06:08,833 - Drone_2 - INFO - Drone 2: Reached target position
2026-02-13 19:06:09,211 - SwarmManager - ERROR - Drone 1 heartbeat timeout
2026-02-13 19:06:09,212 - SwarmManager - ERROR - Handling failure of drone 1: Heartbeat timeout
2026-02-13 19:06:09,212 - SwarmManager - ERROR - Drone 1 crashed
2026-02-13 19:06:09,213 - SwarmManager - ERROR - Handling failure of drone 1: Crashed
2026-02-13 19:06:09,213 - Drone_2 - INFO - Drone 2: Flying to {'x': 1483.0442647162215, 'y': 76.18691862514335, 'z': 60.0}
2026-02-13 19:06:09,214 - Drone_3 - INFO - Drone 3: Flying to {'x': 1546.4170018227458, 'y': 52.94587321777449, 'z': 60.0}
2026-02-13 19:06:09,739 - Drone_2 - INFO - Drone 2: Reached target position
2026-02-13 19:06:09,751 - Drone_3 - INFO - Drone 3: Reached target position
2026-02-13 19:06:10,214 - SwarmManager - ERROR - Drone 1 heartbeat timeout
2026-02-13 19:06:10,216 - SwarmManager - ERROR - Handling failure of drone 1: Heartbeat timeout
2026-02-13 19:06:10,218 - SwarmManager - ERROR - Drone 1 crashed
2026-02-13 19:06:10,219 - SwarmManager - ERROR - Handling failure of drone 1: Crashed
2026-02-13 19:06:10,220 - Drone_2 - INFO - Drone 2: Flying to {'x': 1480.5551012158894, 'y': 68.73853672026543, 'z': 60.0}
2026-02-13 19:06:10,220 - Drone_3 - INFO - Drone 3: Flying to {'x': 1543.796893965075, 'y': 45.1435022878032, 'z': 60.0}
2026-02-13 19:06:10,757 - Drone_3 - INFO - Drone 3: Reached target position
2026-02-13 19:06:10,845 - Drone_2 - INFO - Drone 2: Reached target position
2026-02-13 19:06:11,221 - SwarmManager - ERROR - Drone 1 heartbeat timeout
2026-02-13 19:06:11,223 - SwarmManager - ERROR - Handling failure of drone 1: Heartbeat timeout
2026-02-13 19:06:11,225 - SwarmManager - ERROR - Drone 1 crashed
2026-02-13 19:06:11,227 - SwarmManager - ERROR - Handling failure of drone 1: Crashed
2026-02-13 19:06:11,228 - Drone_2 - INFO - Drone 2: Flying to {'x': 1478.0333036330007, 'y': 61.297728238909556, 'z': 60.0}
2026-02-13 19:06:11,229 - Drone_3 - INFO - Drone 3: Flying to {'x': 1541.1358791214548, 'y': 37.33285881043197, 'z': 60.0}
2026-02-13 19:06:11,752 - Drone_2 - INFO - Drone 2: Reached target position
2026-02-13 19:06:11,763 - Drone_3 - INFO - Drone 3: Reached target position
2026-02-13 19:06:12,230 - SwarmManager - ERROR - Drone 1 heartbeat timeout
2026-02-13 19:06:12,231 - SwarmManager - ERROR - Handling failure of drone 1: Heartbeat timeout
2026-02-13 19:06:12,232 - SwarmManager - ERROR - Drone 1 crashed
2026-02-13 19:06:12,233 - SwarmManager - ERROR - Handling failure of drone 1: Crashed
2026-02-13 19:06:12,233 - Drone_2 - INFO - Drone 2: Flying to {'x': 1475.4803762313047, 'y': 53.877115604926246, 'z': 60.0}
2026-02-13 19:06:12,233 - Drone_3 - INFO - Drone 3: Flying to {'x': 1538.4357785137129, 'y': 29.528248619784392, 'z': 60.0}
2026-02-13 19:06:12,770 - Drone_3 - INFO - Drone 3: Reached target position
2026-02-13 19:06:12,858 - Drone_2 - INFO - Drone 2: Reached target position
2026-02-13 19:06:13,233 - SwarmManager - ERROR - Drone 1 heartbeat timeout
2026-02-13 19:06:13,234 - SwarmManager - ERROR - Handling failure of drone 1: Heartbeat timeout
2026-02-13 19:06:13,234 - SwarmManager - ERROR - Drone 1 crashed
2026-02-13 19:06:13,235 - SwarmManager - ERROR - Handling failure of drone 1: Crashed
2026-02-13 19:06:13,235 - Drone_2 - INFO - Drone 2: Flying to {'x': 1472.891024970267, 'y': 46.46914727901094, 'z': 60.0}
2026-02-13 19:06:13,236 - Drone_3 - INFO - Drone 3: Flying to {'x': 1535.6912846920357, 'y': 21.72288738224303, 'z': 60.0}
2026-02-13 19:06:13,765 - Drone_2 - INFO - Drone 2: Reached target position
2026-02-13 19:06:13,776 - Drone_3 - INFO - Drone 3: Reached target position
2026-02-13 19:06:14,236 - SwarmManager - ERROR - Drone 1 heartbeat timeout
2026-02-13 19:06:14,238 - SwarmManager - ERROR - Handling failure of drone 1: Heartbeat timeout
2026-02-13 19:06:14,239 - SwarmManager - ERROR - Drone 1 crashed
2026-02-13 19:06:14,240 - SwarmManager - ERROR - Handling failure of drone 1: Crashed
2026-02-13 19:06:14,241 - Drone_2 - INFO - Drone 2: Flying to {'x': 1470.2691889706152, 'y': 39.092313300907506, 'z': 60.0}
2026-02-13 19:06:14,241 - Drone_3 - INFO - Drone 3: Flying to {'x': 1532.9069288197734, 'y': 13.937521578669521, 'z': 60.0}
2026-02-13 19:06:14,782 - Drone_3 - INFO - Drone 3: Reached target position
2026-02-13 19:06:14,871 - Drone_2 - INFO - Drone 2: Reached target position
2026-02-13 19:06:15,242 - SwarmManager - ERROR - Drone 1 heartbeat timeout
2026-02-13 19:06:15,243 - SwarmManager - ERROR - Handling failure of drone 1: Heartbeat timeout
2026-02-13 19:06:15,243 - SwarmManager - ERROR - Drone 1 crashed
2026-02-13 19:06:15,243 - SwarmManager - ERROR - Handling failure of drone 1: Crashed
2026-02-13 19:06:15,243 - Drone_2 - INFO - Drone 2: Flying to {'x': 1467.6042169956113, 'y': 31.72368064951109, 'z': 60.0}
2026-02-13 19:06:15,244 - Drone_3 - INFO - Drone 3: Flying to {'x': 1530.071806078492, 'y': 6.149273243426753, 'z': 60.0}
2026-02-13 19:06:15,775 - Drone_2 - INFO - Drone 2: Reached target position
2026-02-13 19:06:15,789 - Drone_3 - INFO - Drone 3: Reached target position
2026-02-13 19:06:16,244 - SwarmManager - ERROR - Drone 1 heartbeat timeout
2026-02-13 19:06:16,245 - SwarmManager - ERROR - Handling failure of drone 1: Heartbeat timeout
2026-02-13 19:06:16,246 - SwarmManager - ERROR - Drone 1 crashed
2026-02-13 19:06:16,247 - SwarmManager - ERROR - Handling failure of drone 1: Crashed
2026-02-13 19:06:16,247 - Drone_2 - INFO - Drone 2: Flying to {'x': 1464.9018826264721, 'y': 24.385812994403675, 'z': 60.0}
2026-02-13 19:06:16,247 - Drone_3 - INFO - Drone 3: Flying to {'x': 1527.1925180546489, 'y': -1.6166241597162703, 'z': 60.0}
2026-02-13 19:06:16,794 - Drone_3 - INFO - Drone 3: Reached target position
2026-02-13 19:06:16,880 - Drone_2 - INFO - Drone 2: Reached target position
2026-02-13 19:06:17,248 - SwarmManager - ERROR - Drone 1 heartbeat timeout
2026-02-13 19:06:17,250 - SwarmManager - ERROR - Handling failure of drone 1: Heartbeat timeout
2026-02-13 19:06:17,251 - SwarmManager - ERROR - Drone 1 crashed
2026-02-13 19:06:17,253 - SwarmManager - ERROR - Handling failure of drone 1: Crashed
2026-02-13 19:06:17,254 - Drone_2 - INFO - Drone 2: Flying to {'x': 1462.156513142491, 'y': 17.06917934624346, 'z': 60.0}
2026-02-13 19:06:17,255 - Drone_3 - INFO - Drone 3: Flying to {'x': 1524.2635474484837, 'y': -9.368791258820224, 'z': 60.0}
2026-02-13 19:06:17,784 - Drone_2 - INFO - Drone 2: Reached target position
2026-02-13 19:06:17,801 - Drone_3 - INFO - Drone 3: Reached target position
2026-02-13 19:06:18,255 - SwarmManager - ERROR - Drone 1 heartbeat timeout
2026-02-13 19:06:18,257 - SwarmManager - ERROR - Handling failure of drone 1: Heartbeat timeout
2026-02-13 19:06:18,258 - SwarmManager - ERROR - Drone 1 crashed
2026-02-13 19:06:18,260 - SwarmManager - ERROR - Handling failure of drone 1: Crashed
2026-02-13 19:06:18,261 - Drone_2 - INFO - Drone 2: Flying to {'x': 1459.362471896858, 'y': 9.764713893473461, 'z': 60.0}
2026-02-13 19:06:18,261 - Drone_3 - INFO - Drone 3: Flying to {'x': 1521.2794474833559, 'y': -17.11535556739353, 'z': 60.0}
2026-02-13 19:06:18,807 - Drone_3 - INFO - Drone 3: Reached target position
2026-02-13 19:06:18,891 - Drone_2 - INFO - Drone 2: Reached target position
2026-02-13 19:06:19,263 - SwarmManager - ERROR - Drone 1 heartbeat timeout
2026-02-13 19:06:19,264 - SwarmManager - ERROR - Handling failure of drone 1: Heartbeat timeout
2026-02-13 19:06:19,265 - SwarmManager - ERROR - Drone 1 crashed
2026-02-13 19:06:19,265 - SwarmManager - ERROR - Handling failure of drone 1: Crashed
2026-02-13 19:06:19,266 - Drone_2 - INFO - Drone 2: Flying to {'x': 1456.5269118134595, 'y': 2.496148817802009, 'z': 60.0}
2026-02-13 19:06:19,266 - Drone_3 - INFO - Drone 3: Flying to {'x': 1518.2484855124378, 'y': -24.82961448574656, 'z': 60.0}
2026-02-13 19:06:19,797 - Drone_2 - INFO - Drone 2: Reached target position
2026-02-13 19:06:19,812 - Drone_3 - INFO - Drone 3: Reached target position
2026-02-13 19:06:20,266 - SwarmManager - ERROR - Drone 1 heartbeat timeout
2026-02-13 19:06:20,266 - SwarmManager - ERROR - Handling failure of drone 1: Heartbeat timeout
2026-02-13 19:06:20,267 - SwarmManager - ERROR - Drone 1 crashed
2026-02-13 19:06:20,267 - SwarmManager - ERROR - Handling failure of drone 1: Crashed
2026-02-13 19:06:20,267 - Drone_2 - INFO - Drone 2: Flying to {'x': 1453.6397838850721, 'y': -4.757742148581626, 'z': 60.0}
2026-02-13 19:06:20,267 - Drone_3 - INFO - Drone 3: Flying to {'x': 1515.1606009667985, 'y': -32.53253405773536, 'z': 60.0}
2026-02-13 19:06:20,818 - Drone_3 - INFO - Drone 3: Reached target position
2026-02-13 19:06:20,906 - Drone_2 - INFO - Drone 2: Reached target position
2026-02-13 19:06:21,268 - SwarmManager - ERROR - Drone 1 heartbeat timeout
2026-02-13 19:06:21,269 - SwarmManager - ERROR - Handling failure of drone 1: Heartbeat timeout
2026-02-13 19:06:21,269 - SwarmManager - ERROR - Drone 1 crashed
2026-02-13 19:06:21,270 - SwarmManager - ERROR - Handling failure of drone 1: Crashed
2026-02-13 19:06:21,270 - Drone_2 - INFO - Drone 2: Flying to {'x': 1450.705033351, 'y': -11.982847602735388, 'z': 60.0}
2026-02-13 19:06:21,271 - Drone_3 - INFO - Drone 3: Flying to {'x': 1512.020735825654, 'y': -40.20756425392182, 'z': 60.0}
2026-02-13 19:06:21,811 - Drone_2 - INFO - Drone 2: Reached target position
2026-02-13 19:06:21,824 - Drone_3 - INFO - Drone 3: Reached target position
2026-02-13 19:06:22,272 - SwarmManager - ERROR - Drone 1 heartbeat timeout
2026-02-13 19:06:22,273 - SwarmManager - ERROR - Handling failure of drone 1: Heartbeat timeout
2026-02-13 19:06:22,274 - SwarmManager - ERROR - Drone 1 crashed
2026-02-13 19:06:22,275 - SwarmManager - ERROR - Handling failure of drone 1: Crashed
2026-02-13 19:06:22,276 - Drone_2 - INFO - Drone 2: Flying to {'x': 1447.7136342742917, 'y': -19.197519255333724, 'z': 60.0}
2026-02-13 19:06:22,276 - Drone_3 - INFO - Drone 3: Flying to {'x': 1508.820001245019, 'y': -47.87262894368201, 'z': 60.0}
2026-02-13 19:06:22,827 - Drone_3 - INFO - Drone 3: Reached target position
2026-02-13 19:06:22,918 - Drone_2 - INFO - Drone 2: Reached target position
2026-02-13 19:06:22,926 - PhysicalMLTrainer_Drone5 - INFO - Physical ML model trained drone=5 samples=6701 degree=2 alpha=0.0 val_mse=0.000000
2026-02-13 19:06:23,169 - PhysicalMLTrainer_Drone4 - INFO - Physical ML model trained drone=4 samples=6701 degree=2 alpha=0.0 val_mse=0.000411
2026-02-13 19:06:23,169 - PhysicalMLTrainer_Drone3 - INFO - Physical ML model trained drone=3 samples=6701 degree=2 alpha=0.0 val_mse=0.000963
2026-02-13 19:06:23,238 - PhysicalMLTrainer_Drone2 - INFO - Physical ML model trained drone=2 samples=6701 degree=2 alpha=1.0 val_mse=0.000820
2026-02-13 19:06:23,277 - SwarmManager - ERROR - Drone 1 heartbeat timeout
2026-02-13 19:06:23,277 - SwarmManager - ERROR - Handling failure of drone 1: Heartbeat timeout
2026-02-13 19:06:23,278 - SwarmManager - ERROR - Drone 1 crashed
2026-02-13 19:06:23,278 - SwarmManager - ERROR - Handling failure of drone 1: Crashed
2026-02-13 19:06:23,278 - Drone_2 - INFO - Drone 2: Flying to {'x': 1444.552529142092, 'y': -26.66183007100375, 'z': 60.0}
2026-02-13 19:06:23,278 - Drone_3 - INFO - Drone 3: Flying to {'x': 1505.4382897138428, 'y': -55.80242305741122, 'z': 60.0}
2026-02-13 19:06:23,843 - Drone_2 - INFO - Drone 2: Reached target position
2026-02-13 19:06:23,875 - Drone_3 - INFO - Drone 3: Reached target position
2026-02-13 19:06:24,279 - SwarmManager - ERROR - Drone 1 heartbeat timeout
2026-02-13 19:06:24,281 - SwarmManager - ERROR - Handling failure of drone 1: Heartbeat timeout
2026-02-13 19:06:24,282 - SwarmManager - ERROR - Drone 1 crashed
2026-02-13 19:06:24,284 - SwarmManager - ERROR - Handling failure of drone 1: Crashed
2026-02-13 19:06:24,285 - Drone_2 - INFO - Drone 2: Flying to {'x': 1441.446288035781, 'y': -33.84309514736114, 'z': 60.0}
2026-02-13 19:06:24,285 - Drone_3 - INFO - Drone 3: Flying to {'x': 1502.1166936027348, 'y': -63.42944146354783, 'z': 60.0}
2026-02-13 19:06:24,782 - Drone_3 - INFO - Drone 3: Reached target position
2026-02-13 19:06:24,949 - Drone_2 - INFO - Drone 2: Reached target position
2026-02-13 19:06:25,286 - SwarmManager - ERROR - Drone 1 heartbeat timeout
2026-02-13 19:06:25,287 - SwarmManager - ERROR - Handling failure of drone 1: Heartbeat timeout
2026-02-13 19:06:25,287 - SwarmManager - ERROR - Drone 1 crashed
2026-02-13 19:06:25,287 - SwarmManager - ERROR - Handling failure of drone 1: Crashed
2026-02-13 19:06:25,291 - Drone_2 - INFO - Drone 2: Flying to {'x': 1438.294462091514, 'y': -40.979911915108104, 'z': 60.0}
2026-02-13 19:06:25,292 - Drone_3 - INFO - Drone 3: Flying to {'x': 1498.7486075790025, 'y': -71.00567241134846, 'z': 60.0}
2026-02-13 19:06:25,786 - Drone_3 - INFO - Drone 3: Reached target position
2026-02-13 19:06:25,853 - Drone_2 - INFO - Drone 2: Reached target position
2026-02-13 19:06:26,293 - SwarmManager - ERROR - Drone 1 heartbeat timeout
2026-02-13 19:06:26,294 - SwarmManager - ERROR - Handling failure of drone 1: Heartbeat timeout
2026-02-13 19:06:26,297 - SwarmManager - ERROR - Drone 1 crashed
2026-02-13 19:06:26,299 - SwarmManager - ERROR - Handling failure of drone 1: Crashed
2026-02-13 19:06:26,300 - Drone_2 - INFO - Drone 2: Flying to {'x': 1435.0746764547512, 'y': -48.121170457373495, 'z': 60.0}
2026-02-13 19:06:26,300 - Drone_3 - INFO - Drone 3: Flying to {'x': 1495.311018426998, 'y': -78.58152347244113, 'z': 60.0}
2026-02-13 19:06:26,795 - Drone_3 - INFO - Drone 3: Reached target position
2026-02-13 19:06:26,960 - Drone_2 - INFO - Drone 2: Reached target position
2026-02-13 19:06:27,301 - SwarmManager - ERROR - Drone 1 heartbeat timeout
2026-02-13 19:06:27,301 - SwarmManager - ERROR - Handling failure of drone 1: Heartbeat timeout
2026-02-13 19:06:27,302 - SwarmManager - ERROR - Drone 1 crashed
2026-02-13 19:06:27,302 - SwarmManager - ERROR - Handling failure of drone 1: Crashed
2026-02-13 19:06:27,303 - Drone_2 - INFO - Drone 2: Flying to {'x': 1431.8042972087405, 'y': -55.22692930514705, 'z': 60.0}
2026-02-13 19:06:27,303 - Drone_3 - INFO - Drone 3: Flying to {'x': 1491.8233793097897, 'y': -86.11316869662215, 'z': 60.0}
2026-02-13 19:06:27,802 - Drone_3 - INFO - Drone 3: Reached target position
2026-02-13 19:06:27,866 - Drone_2 - INFO - Drone 2: Reached target position
2026-02-13 19:06:28,303 - SwarmManager - ERROR - Drone 1 heartbeat timeout
2026-02-13 19:06:28,304 - SwarmManager - ERROR - Handling failure of drone 1: Heartbeat timeout
2026-02-13 19:06:28,304 - SwarmManager - ERROR - Drone 1 crashed
2026-02-13 19:06:28,305 - SwarmManager - ERROR - Handling failure of drone 1: Crashed
2026-02-13 19:06:28,305 - Drone_2 - INFO - Drone 2: Flying to {'x': 1428.4806267881106, 'y': -62.30314246153188, 'z': 60.0}
2026-02-13 19:06:28,305 - Drone_3 - INFO - Drone 3: Flying to {'x': 1488.2837057684576, 'y': -93.60556640074714, 'z': 60.0}
2026-02-13 19:06:28,708 - Drone_3 - INFO - Drone 3: Reached target position
2026-02-13 19:06:28,972 - Drone_2 - INFO - Drone 2: Reached target position
2026-02-13 19:06:29,306 - SwarmManager - ERROR - Drone 1 heartbeat timeout
2026-02-13 19:06:29,307 - SwarmManager - ERROR - Handling failure of drone 1: Heartbeat timeout
2026-02-13 19:06:29,307 - SwarmManager - ERROR - Drone 1 crashed
2026-02-13 19:06:29,308 - SwarmManager - ERROR - Handling failure of drone 1: Crashed
2026-02-13 19:06:29,308 - Drone_2 - INFO - Drone 2: Flying to {'x': 1425.4428086968012, 'y': -68.64877159457143, 'z': 60.0}
2026-02-13 19:06:29,308 - Drone_3 - INFO - Drone 3: Flying to {'x': 1485.0532358666935, 'y': -100.31653079257836, 'z': 60.0}
2026-02-13 19:06:29,714 - Drone_3 - INFO - Drone 3: Reached target position
2026-02-13 19:06:29,878 - Drone_2 - INFO - Drone 2: Reached target position
2026-02-13 19:06:30,309 - SwarmManager - ERROR - Drone 1 heartbeat timeout
2026-02-13 19:06:30,309 - SwarmManager - ERROR - Handling failure of drone 1: Heartbeat timeout
2026-02-13 19:06:30,310 - SwarmManager - ERROR - Drone 1 crashed
2026-02-13 19:06:30,310 - SwarmManager - ERROR - Handling failure of drone 1: Crashed
2026-02-13 19:06:30,311 - Drone_2 - INFO - Drone 2: Flying to {'x': 1422.010362366229, 'y': -75.68558539616896, 'z': 60.0}
2026-02-13 19:06:30,311 - Drone_3 - INFO - Drone 3: Flying to {'x': 1481.4091622072883, 'y': -107.74853250715296, 'z': 60.0}
2026-02-13 19:06:30,721 - Drone_3 - INFO - Drone 3: Reached target position
2026-02-13 19:06:30,983 - Drone_2 - INFO - Drone 2: Reached target position
2026-02-13 19:06:31,311 - SwarmManager - ERROR - Drone 1 heartbeat timeout
2026-02-13 19:06:31,313 - SwarmManager - ERROR - Handling failure of drone 1: Heartbeat timeout
2026-02-13 19:06:31,314 - SwarmManager - ERROR - Drone 1 crashed
2026-02-13 19:06:31,315 - SwarmManager - ERROR - Handling failure of drone 1: Crashed
2026-02-13 19:06:31,316 - Drone_2 - INFO - Drone 2: Flying to {'x': 1418.5220287304576, 'y': -82.69986077330987, 'z': 60.0}
2026-02-13 19:06:31,316 - Drone_3 - INFO - Drone 3: Flying to {'x': 1477.7128807367314, 'y': -115.14509214513674, 'z': 60.0}
2026-02-13 19:06:31,726 - Drone_3 - INFO - Drone 3: Reached target position
2026-02-13 19:06:31,989 - Drone_2 - INFO - Drone 2: Reached target position
2026-02-13 19:06:32,317 - SwarmManager - ERROR - Drone 1 heartbeat timeout
2026-02-13 19:06:32,318 - SwarmManager - ERROR - Handling failure of drone 1: Heartbeat timeout
2026-02-13 19:06:32,320 - SwarmManager - ERROR - Drone 1 crashed
2026-02-13 19:06:32,321 - SwarmManager - ERROR - Handling failure of drone 1: Crashed
2026-02-13 19:06:32,322 - Drone_2 - INFO - Drone 2: Flying to {'x': 1414.9778051753615, 'y': -89.6929713909098, 'z': 60.0}
2026-02-13 19:06:32,322 - Drone_3 - INFO - Drone 3: Flying to {'x': 1473.965250268173, 'y': -122.5065557946682, 'z': 60.0}
2026-02-13 19:06:32,733 - Drone_3 - INFO - Drone 3: Reached target position
2026-02-13 19:06:32,997 - Drone_2 - INFO - Drone 2: Reached target position
2026-02-13 19:06:33,323 - SwarmManager - ERROR - Drone 1 heartbeat timeout
2026-02-13 19:06:33,324 - SwarmManager - ERROR - Handling failure of drone 1: Heartbeat timeout
2026-02-13 19:06:33,326 - SwarmManager - ERROR - Drone 1 crashed
2026-02-13 19:06:33,327 - SwarmManager - ERROR - Handling failure of drone 1: Crashed
2026-02-13 19:06:33,328 - Drone_2 - INFO - Drone 2: Flying to {'x': 1411.370664008756, 'y': -96.68013203818496, 'z': 60.0}
2026-02-13 19:06:33,329 - Drone_3 - INFO - Drone 3: Flying to {'x': 1470.1597035256002, 'y': -129.8478698670895, 'z': 60.0}
2026-02-13 19:06:33,742 - Drone_3 - INFO - Drone 3: Reached target position
2026-02-13 19:06:34,004 - Drone_2 - INFO - Drone 2: Reached target position
2026-02-13 19:06:34,330 - SwarmManager - ERROR - Drone 1 heartbeat timeout
2026-02-13 19:06:34,331 - SwarmManager - ERROR - Handling failure of drone 1: Heartbeat timeout
2026-02-13 19:06:34,331 - SwarmManager - ERROR - Drone 1 crashed
2026-02-13 19:06:34,331 - SwarmManager - ERROR - Handling failure of drone 1: Crashed
2026-02-13 19:06:34,332 - Drone_2 - INFO - Drone 2: Flying to {'x': 1407.7135838333547, 'y': -103.6382449264535, 'z': 60.0}
2026-02-13 19:06:34,332 - Drone_3 - INFO - Drone 3: Flying to {'x': 1466.31074808323, 'y': -137.14380180696386, 'z': 60.0}
2026-02-13 19:06:34,748 - Drone_3 - INFO - Drone 3: Reached target position
2026-02-13 19:06:35,011 - Drone_2 - INFO - Drone 2: Reached target position
2026-02-13 19:06:35,333 - SwarmManager - ERROR - Drone 1 heartbeat timeout
2026-02-13 19:06:35,333 - SwarmManager - ERROR - Handling failure of drone 1: Heartbeat timeout
2026-02-13 19:06:35,333 - SwarmManager - ERROR - Drone 1 crashed
2026-02-13 19:06:35,334 - SwarmManager - ERROR - Handling failure of drone 1: Crashed
2026-02-13 19:06:35,334 - Drone_2 - INFO - Drone 2: Flying to {'x': 1404.0065826260259, 'y': -110.57025113026982, 'z': 60.0}
2026-02-13 19:06:35,334 - Drone_3 - INFO - Drone 3: Flying to {'x': 1462.4191375537546, 'y': -144.39662289572908, 'z': 60.0}
2026-02-13 19:06:35,756 - Drone_3 - INFO - Drone 3: Reached target position
2026-02-13 19:06:36,016 - Drone_2 - INFO - Drone 2: Reached target position
2026-02-13 19:06:36,335 - SwarmManager - ERROR - Drone 1 heartbeat timeout
2026-02-13 19:06:36,335 - SwarmManager - ERROR - Handling failure of drone 1: Heartbeat timeout
2026-02-13 19:06:36,336 - SwarmManager - ERROR - Drone 1 crashed
2026-02-13 19:06:36,336 - SwarmManager - ERROR - Handling failure of drone 1: Crashed
2026-02-13 19:06:36,336 - Drone_2 - INFO - Drone 2: Flying to {'x': 1400.240689197544, 'y': -117.4956974876244, 'z': 60.0}
2026-02-13 19:06:36,337 - Drone_3 - INFO - Drone 3: Flying to {'x': 1458.4761901779195, 'y': -151.62598353337387, 'z': 60.0}
2026-02-13 19:06:36,761 - Drone_3 - INFO - Drone 3: Reached target position
2026-02-13 19:06:37,022 - Drone_2 - INFO - Drone 2: Reached target position
2026-02-13 19:06:37,337 - SwarmManager - ERROR - Drone 1 heartbeat timeout
2026-02-13 19:06:37,338 - SwarmManager - ERROR - Handling failure of drone 1: Heartbeat timeout
2026-02-13 19:06:37,339 - SwarmManager - ERROR - Drone 1 crashed
2026-02-13 19:06:37,340 - SwarmManager - ERROR - Handling failure of drone 1: Crashed
2026-02-13 19:06:37,340 - Drone_2 - INFO - Drone 2: Flying to {'x': 1396.4273716765936, 'y': -124.39662766505433, 'z': 60.0}
2026-02-13 19:06:37,341 - Drone_3 - INFO - Drone 3: Flying to {'x': 1454.4946026132795, 'y': -158.81241897290562, 'z': 60.0}
2026-02-13 19:06:37,767 - Drone_3 - INFO - Drone 3: Reached target position
2026-02-13 19:06:38,028 - Drone_2 - INFO - Drone 2: Reached target position
2026-02-13 19:06:38,341 - SwarmManager - ERROR - Drone 1 heartbeat timeout
2026-02-13 19:06:38,342 - SwarmManager - ERROR - Handling failure of drone 1: Heartbeat timeout
2026-02-13 19:06:38,344 - SwarmManager - ERROR - Drone 1 crashed
2026-02-13 19:06:38,345 - SwarmManager - ERROR - Handling failure of drone 1: Crashed
2026-02-13 19:06:38,346 - Drone_2 - INFO - Drone 2: Flying to {'x': 1392.566513145085, 'y': -131.27705674144744, 'z': 60.0}
2026-02-13 19:06:38,346 - Drone_3 - INFO - Drone 3: Flying to {'x': 1450.4748562135173, 'y': -165.95952786258806, 'z': 60.0}
2026-02-13 19:06:38,775 - Drone_3 - INFO - Drone 3: Reached target position
2026-02-13 19:06:39,034 - Drone_2 - INFO - Drone 2: Reached target position
2026-02-13 19:06:39,347 - SwarmManager - ERROR - Drone 1 heartbeat timeout
2026-02-13 19:06:39,348 - SwarmManager - ERROR - Handling failure of drone 1: Heartbeat timeout
2026-02-13 19:06:39,349 - SwarmManager - ERROR - Drone 1 crashed
2026-02-13 19:06:39,351 - SwarmManager - ERROR - Handling failure of drone 1: Crashed
2026-02-13 19:06:39,352 - Drone_2 - INFO - Drone 2: Flying to {'x': 1388.65774980821, 'y': -138.14155413793466, 'z': 60.0}
2026-02-13 19:06:39,352 - Drone_3 - INFO - Drone 3: Flying to {'x': 1446.4171388996194, 'y': -173.0715265368236, 'z': 60.0}
2026-02-13 19:06:39,781 - Drone_3 - INFO - Drone 3: Reached target position
2026-02-13 19:06:40,042 - Drone_2 - INFO - Drone 2: Reached target position
2026-02-13 19:06:40,354 - SwarmManager - ERROR - Drone 1 heartbeat timeout
2026-02-13 19:06:40,355 - SwarmManager - ERROR - Handling failure of drone 1: Heartbeat timeout
2026-02-13 19:06:40,356 - SwarmManager - ERROR - Drone 1 crashed
2026-02-13 19:06:40,357 - SwarmManager - ERROR - Handling failure of drone 1: Crashed
2026-02-13 19:06:40,358 - Drone_2 - INFO - Drone 2: Flying to {'x': 1384.7006482181446, 'y': -144.9949010346705, 'z': 60.0}
2026-02-13 19:06:40,358 - Drone_3 - INFO - Drone 3: Flying to {'x': 1442.3215329493587, 'y': -180.15288224508865, 'z': 60.0}
2026-02-13 19:06:40,787 - Drone_3 - INFO - Drone 3: Reached target position
2026-02-13 19:06:41,048 - Drone_2 - INFO - Drone 2: Reached target position
2026-02-13 19:06:41,361 - SwarmManager - ERROR - Drone 1 heartbeat timeout
2026-02-13 19:06:41,362 - SwarmManager - ERROR - Handling failure of drone 1: Heartbeat timeout
2026-02-13 19:06:41,362 - SwarmManager - ERROR - Drone 1 crashed
2026-02-13 19:06:41,363 - SwarmManager - ERROR - Handling failure of drone 1: Crashed
2026-02-13 19:06:41,363 - Drone_2 - INFO - Drone 2: Flying to {'x': 1380.691987995888, 'y': -151.84669383351206, 'z': 60.0}
2026-02-13 19:06:41,363 - Drone_3 - INFO - Drone 3: Flying to {'x': 1438.1852177588419, 'y': -187.21304127602008, 'z': 60.0}
2026-02-13 19:06:41,794 - Drone_3 - INFO - Drone 3: Reached target position
2026-02-13 19:06:42,053 - Drone_2 - INFO - Drone 2: Reached target position
2026-02-13 19:06:42,364 - SwarmManager - ERROR - Drone 1 heartbeat timeout
2026-02-13 19:06:42,365 - SwarmManager - ERROR - Handling failure of drone 1: Heartbeat timeout
2026-02-13 19:06:42,365 - SwarmManager - ERROR - Drone 1 crashed
2026-02-13 19:06:42,365 - SwarmManager - ERROR - Handling failure of drone 1: Crashed
2026-02-13 19:06:42,366 - Drone_2 - INFO - Drone 2: Flying to {'x': 1376.6399678484322, 'y': -158.68723370689838, 'z': 60.0}
2026-02-13 19:06:42,366 - Drone_3 - INFO - Drone 3: Flying to {'x': 1434.0171057509715, 'y': -194.2416152387571, 'z': 60.0}
2026-02-13 19:06:42,799 - Drone_3 - INFO - Drone 3: Reached target position
2026-02-13 19:06:43,059 - Drone_2 - INFO - Drone 2: Reached target position
2026-02-13 19:06:43,066 - PhysicalMLTrainer_Drone5 - INFO - Physical ML model trained drone=5 samples=6901 degree=2 alpha=0.0 val_mse=0.000000
2026-02-13 19:06:43,330 - PhysicalMLTrainer_Drone3 - INFO - Physical ML model trained drone=3 samples=6901 degree=2 alpha=0.0 val_mse=0.000938
2026-02-13 19:06:43,331 - PhysicalMLTrainer_Drone4 - INFO - Physical ML model trained drone=4 samples=6901 degree=2 alpha=0.0 val_mse=0.000512
2026-02-13 19:06:43,368 - SwarmManager - ERROR - Drone 1 heartbeat timeout
2026-02-13 19:06:43,369 - SwarmManager - ERROR - Handling failure of drone 1: Heartbeat timeout
2026-02-13 19:06:43,369 - SwarmManager - ERROR - Drone 1 crashed
2026-02-13 19:06:43,369 - SwarmManager - ERROR - Handling failure of drone 1: Crashed
2026-02-13 19:06:43,370 - Drone_2 - INFO - Drone 2: Flying to {'x': 1372.55590524082, 'y': -165.50240779512788, 'z': 60.0}
2026-02-13 19:06:43,370 - Drone_3 - INFO - Drone 3: Flying to {'x': 1429.8291620878133, 'y': -201.2238866298334, 'z': 60.0}
2026-02-13 19:06:43,381 - PhysicalMLTrainer_Drone2 - INFO - Physical ML model trained drone=2 samples=6901 degree=2 alpha=1.0 val_mse=0.000884
2026-02-13 19:06:43,833 - Drone_3 - INFO - Drone 3: Reached target position
2026-02-13 19:06:44,086 - Drone_2 - INFO - Drone 2: Reached target position
2026-02-13 19:06:44,370 - SwarmManager - ERROR - Drone 1 heartbeat timeout
2026-02-13 19:06:44,371 - SwarmManager - ERROR - Handling failure of drone 1: Heartbeat timeout
2026-02-13 19:06:44,373 - SwarmManager - ERROR - Drone 1 crashed
2026-02-13 19:06:44,374 - SwarmManager - ERROR - Handling failure of drone 1: Crashed
2026-02-13 19:06:44,374 - Drone_2 - INFO - Drone 2: Flying to {'x': 1368.2782443754286, 'y': -172.5627149807337, 'z': 60.0}
2026-02-13 19:06:44,375 - Drone_3 - INFO - Drone 3: Flying to {'x': 1425.4567492221645, 'y': -208.43566556319615, 'z': 60.0}
2026-02-13 19:06:44,840 - Drone_3 - INFO - Drone 3: Reached target position
2026-02-13 19:06:44,990 - Drone_2 - INFO - Drone 2: Reached target position
2026-02-13 19:06:45,376 - SwarmManager - ERROR - Drone 1 heartbeat timeout
2026-02-13 19:06:45,377 - SwarmManager - ERROR - Handling failure of drone 1: Heartbeat timeout
2026-02-13 19:06:45,378 - SwarmManager - ERROR - Drone 1 crashed
2026-02-13 19:06:45,379 - SwarmManager - ERROR - Handling failure of drone 1: Crashed
2026-02-13 19:06:45,379 - Drone_2 - INFO - Drone 2: Flying to {'x': 1364.1058521532984, 'y': -179.3799864099958, 'z': 60.0}
2026-02-13 19:06:45,380 - Drone_3 - INFO - Drone 3: Flying to {'x': 1421.2056699705333, 'y': -215.37805309750803, 'z': 60.0}
2026-02-13 19:06:45,846 - Drone_3 - INFO - Drone 3: Reached target position
2026-02-13 19:06:45,995 - Drone_2 - INFO - Drone 2: Reached target position
2026-02-13 19:06:46,380 - SwarmManager - ERROR - Drone 1 heartbeat timeout
2026-02-13 19:06:46,382 - SwarmManager - ERROR - Handling failure of drone 1: Heartbeat timeout
2026-02-13 19:06:46,382 - SwarmManager - ERROR - Drone 1 crashed
2026-02-13 19:06:46,383 - SwarmManager - ERROR - Handling failure of drone 1: Crashed
2026-02-13 19:06:46,384 - Drone_2 - INFO - Drone 2: Flying to {'x': 1359.9053300216133, 'y': -186.18101945471935, 'z': 60.0}
2026-02-13 19:06:46,385 - Drone_3 - INFO - Drone 3: Flying to {'x': 1416.939488999149, 'y': -222.2830236889055, 'z': 60.0}
2026-02-13 19:06:46,852 - Drone_3 - INFO - Drone 3: Reached target position
2026-02-13 19:06:47,003 - Drone_2 - INFO - Drone 2: Reached target position
2026-02-13 19:06:47,386 - SwarmManager - ERROR - Drone 1 heartbeat timeout
2026-02-13 19:06:47,387 - SwarmManager - ERROR - Handling failure of drone 1: Heartbeat timeout
2026-02-13 19:06:47,388 - SwarmManager - ERROR - Drone 1 crashed
2026-02-13 19:06:47,390 - SwarmManager - ERROR - Handling failure of drone 1: Crashed
2026-02-13 19:06:47,391 - Drone_2 - INFO - Drone 2: Flying to {'x': 1355.6769836437607, 'y': -192.9708361308005, 'z': 60.0}
2026-02-13 19:06:47,391 - Drone_3 - INFO - Drone 3: Flying to {'x': 1412.658619958369, 'y': -229.15568272312012, 'z': 60.0}
2026-02-13 19:06:47,859 - Drone_3 - INFO - Drone 3: Reached target position
2026-02-13 19:06:48,008 - Drone_2 - INFO - Drone 2: Reached target position
2026-02-13 19:06:48,392 - SwarmManager - ERROR - Drone 1 heartbeat timeout
2026-02-13 19:06:48,394 - SwarmManager - ERROR - Handling failure of drone 1: Heartbeat timeout
2026-02-13 19:06:48,395 - SwarmManager - ERROR - Drone 1 crashed
2026-02-13 19:06:48,396 - SwarmManager - ERROR - Handling failure of drone 1: Crashed
2026-02-13 19:06:48,397 - Drone_2 - INFO - Drone 2: Flying to {'x': 1351.4180238234433, 'y': -199.75935675953977, 'z': 60.0}
2026-02-13 19:06:48,398 - Drone_3 - INFO - Drone 3: Flying to {'x': 1408.3603287392032, 'y': -236.00606572574262, 'z': 60.0}
2026-02-13 19:06:48,866 - Drone_3 - INFO - Drone 3: Reached target position
2026-02-13 19:06:49,017 - Drone_2 - INFO - Drone 2: Reached target position
2026-02-13 19:06:49,398 - SwarmManager - ERROR - Drone 1 heartbeat timeout
2026-02-13 19:06:49,399 - SwarmManager - ERROR - Handling failure of drone 1: Heartbeat timeout
2026-02-13 19:06:49,400 - SwarmManager - ERROR - Drone 1 crashed
2026-02-13 19:06:49,400 - SwarmManager - ERROR - Handling failure of drone 1: Crashed
2026-02-13 19:06:49,401 - Drone_2 - INFO - Drone 2: Flying to {'x': 1347.1331722498069, 'y': -206.54451788690616, 'z': 60.0}
2026-02-13 19:06:49,401 - Drone_3 - INFO - Drone 3: Flying to {'x': 1404.04943792389, 'y': -242.83210118639258, 'z': 60.0}
2026-02-13 19:06:49,873 - Drone_3 - INFO - Drone 3: Reached target position
2026-02-13 19:06:50,024 - Drone_2 - INFO - Drone 2: Reached target position
2026-02-13 19:06:50,402 - SwarmManager - ERROR - Drone 1 heartbeat timeout
2026-02-13 19:06:50,403 - SwarmManager - ERROR - Handling failure of drone 1: Heartbeat timeout
2026-02-13 19:06:50,403 - SwarmManager - ERROR - Drone 1 crashed
2026-02-13 19:06:50,404 - SwarmManager - ERROR - Handling failure of drone 1: Crashed
2026-02-13 19:06:50,405 - Drone_2 - INFO - Drone 2: Flying to {'x': 1342.819387610496, 'y': -213.33662324866148, 'z': 60.0}
2026-02-13 19:06:50,405 - Drone_3 - INFO - Drone 3: Flying to {'x': 1399.722915834573, 'y': -249.64417722371823, 'z': 60.0}
2026-02-13 19:06:50,880 - Drone_3 - INFO - Drone 3: Reached target position
2026-02-13 19:06:51,032 - Drone_2 - INFO - Drone 2: Reached target position
2026-02-13 19:06:51,406 - SwarmManager - ERROR - Drone 1 heartbeat timeout
2026-02-13 19:06:51,407 - SwarmManager - ERROR - Handling failure of drone 1: Heartbeat timeout
2026-02-13 19:06:51,408 - SwarmManager - ERROR - Drone 1 crashed
2026-02-13 19:06:51,409 - SwarmManager - ERROR - Handling failure of drone 1: Crashed
2026-02-13 19:06:51,410 - Drone_2 - INFO - Drone 2: Flying to {'x': 1338.483957818263, 'y': -220.12974013200235, 'z': 60.0}
2026-02-13 19:06:51,410 - Drone_3 - INFO - Drone 3: Flying to {'x': 1395.3880612027358, 'y': -256.436392663036, 'z': 60.0}
2026-02-13 19:06:51,888 - Drone_3 - INFO - Drone 3: Reached target position
2026-02-13 19:06:52,037 - Drone_2 - INFO - Drone 2: Reached target position
2026-02-13 19:06:52,410 - SwarmManager - ERROR - Drone 1 heartbeat timeout
2026-02-13 19:06:52,411 - SwarmManager - ERROR - Handling failure of drone 1: Heartbeat timeout
2026-02-13 19:06:52,411 - SwarmManager - ERROR - Drone 1 crashed
2026-02-13 19:06:52,411 - SwarmManager - ERROR - Handling failure of drone 1: Crashed
2026-02-13 19:06:52,412 - Drone_2 - INFO - Drone 2: Flying to {'x': 1334.1373183091841, 'y': -226.9132322942226, 'z': 60.0}
2026-02-13 19:06:52,412 - Drone_3 - INFO - Drone 3: Flying to {'x': 1391.0551994860293, 'y': -263.1982815891942, 'z': 60.0}
2026-02-13 19:06:52,893 - Drone_3 - INFO - Drone 3: Reached target position
2026-02-13 19:06:53,041 - Drone_2 - INFO - Drone 2: Reached target position
2026-02-13 19:06:53,413 - Drone_1 - INFO - Drone 1 stopped
2026-02-13 19:06:53,443 - Drone_2 - INFO - Drone 2 stopped
2026-02-13 19:06:53,497 - Drone_3 - INFO - Drone 3 stopped
2026-02-13 19:06:53,596 - Drone_4 - INFO - Drone 4 stopped
2026-02-13 19:06:53,627 - Drone_5 - INFO - Drone 5 stopped
2026-02-13 19:06:53,627 - SwarmManager - INFO - Swarm monitoring stopped
2026-02-13 19:06:53,627 - Main - INFO - System shutdown complete
