2026-02-13 18:00:48,880 - Main - INFO - Starting Drone Swarm Management System
2026-02-13 18:00:48,881 - SwarmManager - INFO - Swarm Manager initialized
2026-02-13 18:00:48,882 - MLDecisionSupport_Drone1 - INFO - ML Decision Support initialized
2026-02-13 18:00:48,895 - PhysicalMLTrainer_Drone1 - INFO - Physical ML model trained drone=1 samples=250 degree=2 alpha=0.0 val_mse=0.000155
2026-02-13 18:00:48,895 - Drone_1 - INFO - Drone 1: bootstrap personal trainer loaded 250 rows from datasets/personal_drone_1.csv
2026-02-13 18:00:48,895 - Drone_1 - INFO - Drone 1: Personal ML system initialized
2026-02-13 18:00:48,897 - Drone_1 - INFO - Drone 1 initialized at {'x': 0, 'y': 0, 'z': 0}
2026-02-13 18:00:48,898 - Drone_1 - INFO - Drone 1 started
2026-02-13 18:00:48,898 - SwarmManager - INFO - Drone 1 added to swarm
2026-02-13 18:00:48,899 - SwarmManager - INFO - Starting leader election...
2026-02-13 18:00:48,899 - SwarmManager - INFO -   Drone 1: suitability score = 100.00
2026-02-13 18:00:48,900 - Drone_1 - INFO - Drone 1: Role changed from follower to leader
2026-02-13 18:00:48,904 - PhysicalMLTrainer_Drone1 - INFO - Physical ML model trained drone=1 samples=251 degree=2 alpha=0.0 val_mse=0.000157
2026-02-13 18:00:48,907 - MLDecisionSupport_Drone2 - INFO - ML Decision Support initialized
2026-02-13 18:00:48,913 - PhysicalMLTrainer_Drone2 - INFO - Physical ML model trained drone=2 samples=300 degree=2 alpha=0.1 val_mse=0.000128
2026-02-13 18:00:48,913 - Drone_2 - INFO - Drone 2: bootstrap personal trainer loaded 300 rows from datasets/personal_training.csv
2026-02-13 18:00:48,913 - Drone_2 - INFO - Drone 2: Personal ML system initialized
2026-02-13 18:00:48,913 - Drone_2 - INFO - Drone 2 initialized at {'x': 1200, 'y': 300, 'z': 0}
2026-02-13 18:00:48,914 - Drone_2 - INFO - Drone 2 started
2026-02-13 18:00:48,915 - SwarmManager - INFO - Drone 2 added to swarm
2026-02-13 18:00:48,916 - MLDecisionSupport_Drone3 - INFO - ML Decision Support initialized
2026-02-13 18:00:48,917 - PhysicalMLTrainer_Drone2 - INFO - Physical ML model trained drone=2 samples=301 degree=2 alpha=0.1 val_mse=0.000128
2026-02-13 18:00:48,922 - PhysicalMLTrainer_Drone3 - INFO - Physical ML model trained drone=3 samples=300 degree=2 alpha=0.1 val_mse=0.000128
2026-02-13 18:00:48,923 - Drone_3 - INFO - Drone 3: bootstrap personal trainer loaded 300 rows from datasets/personal_training.csv
2026-02-13 18:00:48,923 - Drone_3 - INFO - Drone 3: Personal ML system initialized
2026-02-13 18:00:48,923 - Drone_3 - INFO - Drone 3 initialized at {'x': -1400, 'y': -500, 'z': 0}
2026-02-13 18:00:48,924 - Drone_3 - INFO - Drone 3 started
2026-02-13 18:00:48,924 - SwarmManager - INFO - Drone 3 added to swarm
2026-02-13 18:00:48,925 - MLDecisionSupport_Drone4 - INFO - ML Decision Support initialized
2026-02-13 18:00:48,927 - PhysicalMLTrainer_Drone3 - INFO - Physical ML model trained drone=3 samples=301 degree=2 alpha=0.1 val_mse=0.000128
2026-02-13 18:00:48,932 - PhysicalMLTrainer_Drone4 - INFO - Physical ML model trained drone=4 samples=300 degree=2 alpha=0.1 val_mse=0.000128
2026-02-13 18:00:48,932 - Drone_4 - INFO - Drone 4: bootstrap personal trainer loaded 300 rows from datasets/personal_training.csv
2026-02-13 18:00:48,932 - Drone_4 - INFO - Drone 4: Personal ML system initialized
2026-02-13 18:00:48,933 - Drone_4 - INFO - Drone 4 initialized at {'x': 800, 'y': -1500, 'z': 0}
2026-02-13 18:00:48,933 - Drone_4 - INFO - Drone 4 started
2026-02-13 18:00:48,933 - SwarmManager - INFO - Drone 4 added to swarm
2026-02-13 18:00:48,935 - MLDecisionSupport_Drone5 - INFO - ML Decision Support initialized
2026-02-13 18:00:48,936 - PhysicalMLTrainer_Drone4 - INFO - Physical ML model trained drone=4 samples=301 degree=2 alpha=0.1 val_mse=0.000128
2026-02-13 18:00:48,941 - PhysicalMLTrainer_Drone5 - INFO - Physical ML model trained drone=5 samples=300 degree=2 alpha=0.1 val_mse=0.000128
2026-02-13 18:00:48,941 - Drone_5 - INFO - Drone 5: bootstrap personal trainer loaded 300 rows from datasets/personal_training.csv
2026-02-13 18:00:48,942 - Drone_5 - INFO - Drone 5: Personal ML system initialized
2026-02-13 18:00:48,942 - Drone_5 - INFO - Drone 5 initialized at {'x': -900, 'y': 1600, 'z': 0}
2026-02-13 18:00:48,943 - Drone_5 - INFO - Drone 5 started
2026-02-13 18:00:48,943 - SwarmManager - INFO - Drone 5 added to swarm
2026-02-13 18:00:48,944 - SwarmManager - INFO - Swarm monitoring started
2026-02-13 18:00:48,945 - Main - INFO - Swarm created with 5 drones
2026-02-13 18:00:48,945 - Main - INFO - Leader elected: Drone 1
2026-02-13 18:00:48,945 - Main - INFO - Starting GUI...
2026-02-13 18:00:48,946 - PhysicalMLTrainer_Drone5 - INFO - Physical ML model trained drone=5 samples=301 degree=2 alpha=0.1 val_mse=0.000128
2026-02-13 18:00:52,101 - Drone_1 - INFO - Drone 1: Armed
2026-02-13 18:00:52,103 - Drone_2 - INFO - Drone 2: Armed
2026-02-13 18:00:52,104 - Drone_3 - INFO - Drone 3: Armed
2026-02-13 18:00:52,104 - Drone_4 - INFO - Drone 4: Armed
2026-02-13 18:00:52,105 - Drone_5 - INFO - Drone 5: Armed
2026-02-13 18:00:54,602 - Drone_1 - INFO - Drone 1: Taking off
2026-02-13 18:00:54,603 - Drone_2 - INFO - Drone 2: Taking off
2026-02-13 18:00:54,603 - Drone_3 - INFO - Drone 3: Taking off
2026-02-13 18:00:54,604 - Drone_4 - INFO - Drone 4: Taking off
2026-02-13 18:00:54,604 - Drone_5 - INFO - Drone 5: Taking off
2026-02-13 18:00:55,948 - Drone_2 - INFO - Drone 2: Flying to {'x': 0.0, 'y': 0.0, 'z': 2.8159875869750977}
2026-02-13 18:00:55,949 - Drone_3 - INFO - Drone 3: Flying to {'x': 0.0, 'y': 0.0, 'z': 2.8159875869750977}
2026-02-13 18:00:55,949 - Drone_4 - INFO - Drone 4: Flying to {'x': 0.0, 'y': 0.0, 'z': 2.8159875869750977}
2026-02-13 18:00:55,950 - Drone_5 - INFO - Drone 5: Flying to {'x': 0.0, 'y': 0.0, 'z': 2.8159875869750977}
2026-02-13 18:00:55,988 - Drone_1 - INFO - Drone 1: Flying to {'x': 0, 'y': 100, 'z': 2.8159875869750977}
2026-02-13 18:00:56,011 - Drone_1 - INFO - Drone 1: Flying to {'x': 1785.0, 'y': 1180.0, 'z': 60.0}
2026-02-13 18:00:56,013 - Drone_2 - INFO - Drone 2: Flying to {'x': 1753.9057647468726, 'y': 1222.7975432332819, 'z': 60.0}
2026-02-13 18:00:56,013 - Drone_3 - INFO - Drone 3: Flying to {'x': 1703.5942352531274, 'y': 1206.4503363531612, 'z': 60.0}
2026-02-13 18:00:56,014 - Drone_4 - INFO - Drone 4: Flying to {'x': 1703.5942352531274, 'y': 1153.5496636468388, 'z': 60.0}
2026-02-13 18:00:56,015 - Drone_5 - INFO - Drone 5: Flying to {'x': 1753.9057647468726, 'y': 1137.2024567667181, 'z': 60.0}
2026-02-13 18:00:56,950 - Drone_2 - INFO - Drone 2: Flying to {'x': 1766.591498248252, 'y': 1153.4457712735639, 'z': 60.0}
2026-02-13 18:00:56,951 - Drone_3 - INFO - Drone 3: Flying to {'x': 1743.346032974529, 'y': 1166.849067293877, 'z': 60.0}
2026-02-13 18:00:56,951 - Drone_4 - INFO - Drone 4: Flying to {'x': 1753.1882022279387, 'y': 1130.200305999841, 'z': 60.0}
2026-02-13 18:00:56,952 - Drone_5 - INFO - Drone 5: Flying to {'x': 1716.7076831433628, 'y': 1163.6244249458935, 'z': 60.0}
2026-02-13 18:00:57,952 - Drone_2 - INFO - Drone 2: Flying to {'x': 1766.591498248252, 'y': 1153.4457712735639, 'z': 60.0}
2026-02-13 18:00:57,953 - Drone_3 - INFO - Drone 3: Flying to {'x': 1743.346032974529, 'y': 1166.849067293877, 'z': 60.0}
2026-02-13 18:00:57,954 - Drone_4 - INFO - Drone 4: Flying to {'x': 1753.1882022279387, 'y': 1130.200305999841, 'z': 60.0}
2026-02-13 18:00:57,954 - Drone_5 - INFO - Drone 5: Flying to {'x': 1716.7076831433628, 'y': 1163.6244249458935, 'z': 60.0}
2026-02-13 18:00:58,955 - Drone_2 - INFO - Drone 2: Flying to {'x': 1766.591498248252, 'y': 1153.4457712735639, 'z': 60.0}
2026-02-13 18:00:58,956 - Drone_3 - INFO - Drone 3: Flying to {'x': 1743.346032974529, 'y': 1166.849067293877, 'z': 60.0}
2026-02-13 18:00:58,956 - Drone_4 - INFO - Drone 4: Flying to {'x': 1753.1882022279387, 'y': 1130.200305999841, 'z': 60.0}
2026-02-13 18:00:58,957 - Drone_5 - INFO - Drone 5: Flying to {'x': 1716.7076831433628, 'y': 1163.6244249458935, 'z': 60.0}
2026-02-13 18:00:59,957 - Drone_2 - INFO - Drone 2: Flying to {'x': 1766.591498248252, 'y': 1153.4457712735639, 'z': 60.0}
2026-02-13 18:00:59,958 - Drone_3 - INFO - Drone 3: Flying to {'x': 1743.346032974529, 'y': 1166.849067293877, 'z': 60.0}
2026-02-13 18:00:59,958 - Drone_4 - INFO - Drone 4: Flying to {'x': 1753.1882022279387, 'y': 1130.200305999841, 'z': 60.0}
2026-02-13 18:00:59,958 - Drone_5 - INFO - Drone 5: Flying to {'x': 1716.7076831433628, 'y': 1163.6244249458935, 'z': 60.0}
2026-02-13 18:01:00,959 - Drone_2 - INFO - Drone 2: Flying to {'x': 1766.591498248252, 'y': 1153.4457712735639, 'z': 60.0}
2026-02-13 18:01:00,960 - Drone_3 - INFO - Drone 3: Flying to {'x': 1743.346032974529, 'y': 1166.849067293877, 'z': 60.0}
2026-02-13 18:01:00,960 - Drone_4 - INFO - Drone 4: Flying to {'x': 1753.1882022279387, 'y': 1130.200305999841, 'z': 60.0}
2026-02-13 18:01:00,961 - Drone_5 - INFO - Drone 5: Flying to {'x': 1716.7076831433628, 'y': 1163.6244249458935, 'z': 60.0}
2026-02-13 18:01:01,961 - Drone_2 - INFO - Drone 2: Flying to {'x': 1766.591498248252, 'y': 1153.4457712735639, 'z': 60.0}
2026-02-13 18:01:01,962 - Drone_3 - INFO - Drone 3: Flying to {'x': 1743.346032974529, 'y': 1166.849067293877, 'z': 60.0}
2026-02-13 18:01:01,962 - Drone_4 - INFO - Drone 4: Flying to {'x': 1753.1882022279387, 'y': 1130.200305999841, 'z': 60.0}
2026-02-13 18:01:01,962 - Drone_5 - INFO - Drone 5: Flying to {'x': 1716.7076831433628, 'y': 1163.6244249458935, 'z': 60.0}
2026-02-13 18:01:02,963 - Drone_2 - INFO - Drone 2: Flying to {'x': 1766.591498248252, 'y': 1153.4457712735639, 'z': 60.0}
2026-02-13 18:01:02,964 - Drone_3 - INFO - Drone 3: Flying to {'x': 1743.346032974529, 'y': 1166.849067293877, 'z': 60.0}
2026-02-13 18:01:02,965 - Drone_4 - INFO - Drone 4: Flying to {'x': 1753.1882022279387, 'y': 1130.200305999841, 'z': 60.0}
2026-02-13 18:01:02,965 - Drone_5 - INFO - Drone 5: Flying to {'x': 1716.7076831433628, 'y': 1163.6244249458935, 'z': 60.0}
2026-02-13 18:01:03,966 - Drone_2 - INFO - Drone 2: Flying to {'x': 1766.591498248252, 'y': 1153.4457712735639, 'z': 60.0}
2026-02-13 18:01:03,967 - Drone_3 - INFO - Drone 3: Flying to {'x': 1743.346032974529, 'y': 1166.849067293877, 'z': 60.0}
2026-02-13 18:01:03,967 - Drone_4 - INFO - Drone 4: Flying to {'x': 1753.1882022279387, 'y': 1130.200305999841, 'z': 60.0}
2026-02-13 18:01:03,968 - Drone_5 - INFO - Drone 5: Flying to {'x': 1716.7076831433628, 'y': 1163.6244249458935, 'z': 60.0}
2026-02-13 18:01:04,969 - Drone_2 - INFO - Drone 2: Flying to {'x': 1766.591498248252, 'y': 1153.4457712735639, 'z': 60.0}
2026-02-13 18:01:04,970 - Drone_3 - INFO - Drone 3: Flying to {'x': 1743.346032974529, 'y': 1166.849067293877, 'z': 60.0}
2026-02-13 18:01:04,971 - Drone_4 - INFO - Drone 4: Flying to {'x': 1753.1882022279387, 'y': 1130.200305999841, 'z': 60.0}
2026-02-13 18:01:04,972 - Drone_5 - INFO - Drone 5: Flying to {'x': 1716.7076831433628, 'y': 1163.6244249458935, 'z': 60.0}
2026-02-13 18:01:05,973 - Drone_2 - INFO - Drone 2: Flying to {'x': 1766.591498248252, 'y': 1153.4457712735639, 'z': 60.0}
2026-02-13 18:01:05,974 - Drone_3 - INFO - Drone 3: Flying to {'x': 1743.346032974529, 'y': 1166.849067293877, 'z': 60.0}
2026-02-13 18:01:05,974 - Drone_4 - INFO - Drone 4: Flying to {'x': 1753.1882022279387, 'y': 1130.200305999841, 'z': 60.0}
2026-02-13 18:01:05,975 - Drone_5 - INFO - Drone 5: Flying to {'x': 1716.7076831433628, 'y': 1163.6244249458935, 'z': 60.0}
2026-02-13 18:01:06,976 - Drone_2 - INFO - Drone 2: Flying to {'x': 1766.591498248252, 'y': 1153.4457712735639, 'z': 60.0}
2026-02-13 18:01:06,976 - Drone_3 - INFO - Drone 3: Flying to {'x': 1743.346032974529, 'y': 1166.849067293877, 'z': 60.0}
2026-02-13 18:01:06,977 - Drone_4 - INFO - Drone 4: Flying to {'x': 1753.1882022279387, 'y': 1130.200305999841, 'z': 60.0}
2026-02-13 18:01:06,977 - Drone_5 - INFO - Drone 5: Flying to {'x': 1716.7076831433628, 'y': 1163.6244249458935, 'z': 60.0}
2026-02-13 18:01:07,978 - Drone_2 - INFO - Drone 2: Flying to {'x': 1766.591498248252, 'y': 1153.4457712735639, 'z': 60.0}
2026-02-13 18:01:07,978 - Drone_3 - INFO - Drone 3: Flying to {'x': 1743.346032974529, 'y': 1166.849067293877, 'z': 60.0}
2026-02-13 18:01:07,978 - Drone_4 - INFO - Drone 4: Flying to {'x': 1753.1882022279387, 'y': 1130.200305999841, 'z': 60.0}
2026-02-13 18:01:07,978 - Drone_5 - INFO - Drone 5: Flying to {'x': 1716.7076831433628, 'y': 1163.6244249458935, 'z': 60.0}
2026-02-13 18:01:08,979 - Drone_2 - INFO - Drone 2: Flying to {'x': 1766.591498248252, 'y': 1153.4457712735639, 'z': 60.0}
2026-02-13 18:01:08,980 - Drone_3 - INFO - Drone 3: Flying to {'x': 1743.346032974529, 'y': 1166.849067293877, 'z': 60.0}
2026-02-13 18:01:08,981 - Drone_4 - INFO - Drone 4: Flying to {'x': 1753.1882022279387, 'y': 1130.200305999841, 'z': 60.0}
2026-02-13 18:01:08,981 - Drone_5 - INFO - Drone 5: Flying to {'x': 1716.7076831433628, 'y': 1163.6244249458935, 'z': 60.0}
2026-02-13 18:01:09,113 - PhysicalMLTrainer_Drone5 - INFO - Physical ML model trained drone=5 samples=501 degree=2 alpha=0.0 val_mse=0.000856
2026-02-13 18:01:09,115 - PhysicalMLTrainer_Drone2 - INFO - Physical ML model trained drone=2 samples=501 degree=2 alpha=0.0 val_mse=0.003628
2026-02-13 18:01:09,116 - PhysicalMLTrainer_Drone3 - INFO - Physical ML model trained drone=3 samples=501 degree=2 alpha=0.0 val_mse=0.000605
2026-02-13 18:01:09,116 - PhysicalMLTrainer_Drone1 - INFO - Physical ML model trained drone=1 samples=451 degree=2 alpha=0.0 val_mse=0.000944
2026-02-13 18:01:09,116 - PhysicalMLTrainer_Drone4 - INFO - Physical ML model trained drone=4 samples=501 degree=2 alpha=0.0 val_mse=0.001010
2026-02-13 18:01:09,982 - Drone_2 - INFO - Drone 2: Flying to {'x': 1766.591498248252, 'y': 1153.4457712735639, 'z': 60.0}
2026-02-13 18:01:09,983 - Drone_3 - INFO - Drone 3: Flying to {'x': 1743.346032974529, 'y': 1166.849067293877, 'z': 60.0}
2026-02-13 18:01:09,984 - Drone_4 - INFO - Drone 4: Flying to {'x': 1753.1882022279387, 'y': 1130.200305999841, 'z': 60.0}
2026-02-13 18:01:09,984 - Drone_5 - INFO - Drone 5: Flying to {'x': 1716.7076831433628, 'y': 1163.6244249458935, 'z': 60.0}
2026-02-13 18:01:10,985 - Drone_2 - INFO - Drone 2: Flying to {'x': 1766.591498248252, 'y': 1153.4457712735639, 'z': 60.0}
2026-02-13 18:01:10,986 - Drone_3 - INFO - Drone 3: Flying to {'x': 1743.346032974529, 'y': 1166.849067293877, 'z': 60.0}
2026-02-13 18:01:10,987 - Drone_4 - INFO - Drone 4: Flying to {'x': 1753.1882022279387, 'y': 1130.200305999841, 'z': 60.0}
2026-02-13 18:01:10,988 - Drone_5 - INFO - Drone 5: Flying to {'x': 1716.7076831433628, 'y': 1163.6244249458935, 'z': 60.0}
2026-02-13 18:01:11,989 - Drone_2 - INFO - Drone 2: Flying to {'x': 1766.591498248252, 'y': 1153.4457712735639, 'z': 60.0}
2026-02-13 18:01:11,990 - Drone_3 - INFO - Drone 3: Flying to {'x': 1743.3460329745292, 'y': 1166.849067293877, 'z': 60.0}
2026-02-13 18:01:11,990 - Drone_4 - INFO - Drone 4: Flying to {'x': 1753.1882022279387, 'y': 1130.200305999841, 'z': 60.0}
2026-02-13 18:01:11,991 - Drone_5 - INFO - Drone 5: Flying to {'x': 1716.7076831433628, 'y': 1163.6244249458935, 'z': 60.0}
2026-02-13 18:01:12,991 - Drone_2 - INFO - Drone 2: Flying to {'x': 1766.591498248252, 'y': 1153.4457712735639, 'z': 60.0}
2026-02-13 18:01:12,991 - Drone_3 - INFO - Drone 3: Flying to {'x': 1743.346032974529, 'y': 1166.849067293877, 'z': 60.0}
2026-02-13 18:01:12,992 - Drone_4 - INFO - Drone 4: Flying to {'x': 1753.1882022279387, 'y': 1130.200305999841, 'z': 60.0}
2026-02-13 18:01:12,992 - Drone_5 - INFO - Drone 5: Flying to {'x': 1716.7076831433628, 'y': 1163.6244249458935, 'z': 60.0}
2026-02-13 18:01:13,992 - Drone_2 - INFO - Drone 2: Flying to {'x': 1766.591498248252, 'y': 1153.4457712735639, 'z': 60.0}
2026-02-13 18:01:13,992 - Drone_3 - INFO - Drone 3: Flying to {'x': 1743.346032974529, 'y': 1166.849067293877, 'z': 60.0}
2026-02-13 18:01:13,993 - Drone_4 - INFO - Drone 4: Flying to {'x': 1753.1882022279387, 'y': 1130.200305999841, 'z': 60.0}
2026-02-13 18:01:13,993 - Drone_5 - INFO - Drone 5: Flying to {'x': 1716.7076831433628, 'y': 1163.6244249458935, 'z': 60.0}
2026-02-13 18:01:14,994 - Drone_2 - INFO - Drone 2: Flying to {'x': 1766.591498248252, 'y': 1153.4457712735639, 'z': 60.0}
2026-02-13 18:01:14,994 - Drone_3 - INFO - Drone 3: Flying to {'x': 1743.346032974529, 'y': 1166.849067293877, 'z': 60.0}
2026-02-13 18:01:14,994 - Drone_4 - INFO - Drone 4: Flying to {'x': 1753.1882022279387, 'y': 1130.200305999841, 'z': 60.0}
2026-02-13 18:01:14,994 - Drone_5 - INFO - Drone 5: Flying to {'x': 1716.7076831433628, 'y': 1163.6244249458935, 'z': 60.0}
2026-02-13 18:01:15,995 - Drone_2 - INFO - Drone 2: Flying to {'x': 1766.591498248252, 'y': 1153.4457712735639, 'z': 60.0}
2026-02-13 18:01:15,995 - Drone_3 - INFO - Drone 3: Flying to {'x': 1743.346032974529, 'y': 1166.849067293877, 'z': 60.0}
2026-02-13 18:01:15,996 - Drone_4 - INFO - Drone 4: Flying to {'x': 1753.1882022279387, 'y': 1130.200305999841, 'z': 60.0}
2026-02-13 18:01:15,996 - Drone_5 - INFO - Drone 5: Flying to {'x': 1716.7076831433628, 'y': 1163.6244249458935, 'z': 60.0}
2026-02-13 18:01:16,997 - Drone_2 - INFO - Drone 2: Flying to {'x': 1766.591498248252, 'y': 1153.4457712735639, 'z': 60.0}
2026-02-13 18:01:16,997 - Drone_3 - INFO - Drone 3: Flying to {'x': 1743.346032974529, 'y': 1166.849067293877, 'z': 60.0}
2026-02-13 18:01:16,998 - Drone_4 - INFO - Drone 4: Flying to {'x': 1753.1882022279387, 'y': 1130.200305999841, 'z': 60.0}
2026-02-13 18:01:16,998 - Drone_5 - INFO - Drone 5: Flying to {'x': 1716.7076831433628, 'y': 1163.6244249458935, 'z': 60.0}
2026-02-13 18:01:17,999 - Drone_2 - INFO - Drone 2: Flying to {'x': 1766.591498248252, 'y': 1153.4457712735639, 'z': 60.0}
2026-02-13 18:01:18,000 - Drone_3 - INFO - Drone 3: Flying to {'x': 1743.346032974529, 'y': 1166.849067293877, 'z': 60.0}
2026-02-13 18:01:18,001 - Drone_4 - INFO - Drone 4: Flying to {'x': 1753.1882022279387, 'y': 1130.200305999841, 'z': 60.0}
2026-02-13 18:01:18,001 - Drone_5 - INFO - Drone 5: Flying to {'x': 1716.7076831433628, 'y': 1163.6244249458935, 'z': 60.0}
2026-02-13 18:01:19,002 - Drone_2 - INFO - Drone 2: Flying to {'x': 1766.591498248252, 'y': 1153.4457712735639, 'z': 60.0}
2026-02-13 18:01:19,002 - Drone_3 - INFO - Drone 3: Flying to {'x': 1743.346032974529, 'y': 1166.849067293877, 'z': 60.0}
2026-02-13 18:01:19,003 - Drone_4 - INFO - Drone 4: Flying to {'x': 1753.1882022279387, 'y': 1130.200305999841, 'z': 60.0}
2026-02-13 18:01:19,003 - Drone_5 - INFO - Drone 5: Flying to {'x': 1716.7076831433628, 'y': 1163.6244249458935, 'z': 60.0}
2026-02-13 18:01:20,004 - Drone_2 - INFO - Drone 2: Flying to {'x': 1766.591498248252, 'y': 1153.4457712735639, 'z': 60.0}
2026-02-13 18:01:20,005 - Drone_3 - INFO - Drone 3: Flying to {'x': 1743.346032974529, 'y': 1166.849067293877, 'z': 60.0}
2026-02-13 18:01:20,006 - Drone_4 - INFO - Drone 4: Flying to {'x': 1753.1882022279387, 'y': 1130.200305999841, 'z': 60.0}
2026-02-13 18:01:20,006 - Drone_5 - INFO - Drone 5: Flying to {'x': 1716.7076831433628, 'y': 1163.6244249458935, 'z': 60.0}
2026-02-13 18:01:21,007 - Drone_2 - INFO - Drone 2: Flying to {'x': 1766.591498248252, 'y': 1153.4457712735639, 'z': 60.0}
2026-02-13 18:01:21,008 - Drone_3 - INFO - Drone 3: Flying to {'x': 1743.346032974529, 'y': 1166.849067293877, 'z': 60.0}
2026-02-13 18:01:21,008 - Drone_4 - INFO - Drone 4: Flying to {'x': 1753.1882022279387, 'y': 1130.200305999841, 'z': 60.0}
2026-02-13 18:01:21,009 - Drone_5 - INFO - Drone 5: Flying to {'x': 1716.7076831433628, 'y': 1163.6244249458935, 'z': 60.0}
2026-02-13 18:01:22,010 - Drone_2 - INFO - Drone 2: Flying to {'x': 1766.591498248252, 'y': 1153.4457712735639, 'z': 60.0}
2026-02-13 18:01:22,011 - Drone_3 - INFO - Drone 3: Flying to {'x': 1743.346032974529, 'y': 1166.849067293877, 'z': 60.0}
2026-02-13 18:01:22,012 - Drone_4 - INFO - Drone 4: Flying to {'x': 1753.1882022279387, 'y': 1130.200305999841, 'z': 60.0}
2026-02-13 18:01:22,013 - Drone_5 - INFO - Drone 5: Flying to {'x': 1716.7076831433628, 'y': 1163.6244249458935, 'z': 60.0}
2026-02-13 18:01:23,014 - Drone_2 - INFO - Drone 2: Flying to {'x': 1766.591498248252, 'y': 1153.4457712735639, 'z': 60.0}
2026-02-13 18:01:23,014 - Drone_3 - INFO - Drone 3: Flying to {'x': 1743.346032974529, 'y': 1166.849067293877, 'z': 60.0}
2026-02-13 18:01:23,015 - Drone_4 - INFO - Drone 4: Flying to {'x': 1753.1882022279387, 'y': 1130.200305999841, 'z': 60.0}
2026-02-13 18:01:23,015 - Drone_5 - INFO - Drone 5: Flying to {'x': 1716.7076831433628, 'y': 1163.6244249458935, 'z': 60.0}
2026-02-13 18:01:24,016 - Drone_2 - INFO - Drone 2: Flying to {'x': 1766.591498248252, 'y': 1153.4457712735639, 'z': 60.0}
2026-02-13 18:01:24,016 - Drone_3 - INFO - Drone 3: Flying to {'x': 1743.346032974529, 'y': 1166.849067293877, 'z': 60.0}
2026-02-13 18:01:24,017 - Drone_4 - INFO - Drone 4: Flying to {'x': 1753.1882022279387, 'y': 1130.200305999841, 'z': 60.0}
2026-02-13 18:01:24,017 - Drone_5 - INFO - Drone 5: Flying to {'x': 1716.7076831433628, 'y': 1163.6244249458935, 'z': 60.0}
2026-02-13 18:01:25,018 - Drone_2 - INFO - Drone 2: Flying to {'x': 1766.591498248252, 'y': 1153.4457712735639, 'z': 60.0}
2026-02-13 18:01:25,018 - Drone_3 - INFO - Drone 3: Flying to {'x': 1743.346032974529, 'y': 1166.849067293877, 'z': 60.0}
2026-02-13 18:01:25,019 - Drone_4 - INFO - Drone 4: Flying to {'x': 1753.1882022279387, 'y': 1130.200305999841, 'z': 60.0}
2026-02-13 18:01:25,019 - Drone_5 - INFO - Drone 5: Flying to {'x': 1716.7076831433628, 'y': 1163.6244249458935, 'z': 60.0}
2026-02-13 18:01:26,020 - Drone_2 - INFO - Drone 2: Flying to {'x': 1766.591498248252, 'y': 1153.4457712735639, 'z': 60.0}
2026-02-13 18:01:26,020 - Drone_3 - INFO - Drone 3: Flying to {'x': 1743.346032974529, 'y': 1166.849067293877, 'z': 60.0}
2026-02-13 18:01:26,020 - Drone_4 - INFO - Drone 4: Flying to {'x': 1753.1882022279387, 'y': 1130.200305999841, 'z': 60.0}
2026-02-13 18:01:26,021 - Drone_5 - INFO - Drone 5: Flying to {'x': 1716.7076831433628, 'y': 1163.6244249458935, 'z': 60.0}
2026-02-13 18:01:27,021 - Drone_2 - INFO - Drone 2: Flying to {'x': 1766.591498248252, 'y': 1153.4457712735639, 'z': 60.0}
2026-02-13 18:01:27,022 - Drone_3 - INFO - Drone 3: Flying to {'x': 1743.346032974529, 'y': 1166.849067293877, 'z': 60.0}
2026-02-13 18:01:27,023 - Drone_4 - INFO - Drone 4: Flying to {'x': 1753.1882022279387, 'y': 1130.200305999841, 'z': 60.0}
2026-02-13 18:01:27,023 - Drone_5 - INFO - Drone 5: Flying to {'x': 1716.7076831433628, 'y': 1163.6244249458935, 'z': 60.0}
2026-02-13 18:01:28,024 - Drone_2 - INFO - Drone 2: Flying to {'x': 1766.591498248252, 'y': 1153.4457712735639, 'z': 60.0}
2026-02-13 18:01:28,025 - Drone_3 - INFO - Drone 3: Flying to {'x': 1743.346032974529, 'y': 1166.849067293877, 'z': 60.0}
2026-02-13 18:01:28,026 - Drone_4 - INFO - Drone 4: Flying to {'x': 1753.1882022279387, 'y': 1130.200305999841, 'z': 60.0}
2026-02-13 18:01:28,027 - Drone_5 - INFO - Drone 5: Flying to {'x': 1716.7076831433628, 'y': 1163.6244249458935, 'z': 60.0}
2026-02-13 18:01:29,028 - Drone_2 - INFO - Drone 2: Flying to {'x': 1766.591498248252, 'y': 1153.4457712735639, 'z': 60.0}
2026-02-13 18:01:29,028 - Drone_3 - INFO - Drone 3: Flying to {'x': 1743.346032974529, 'y': 1166.849067293877, 'z': 60.0}
2026-02-13 18:01:29,028 - Drone_4 - INFO - Drone 4: Flying to {'x': 1753.1882022279387, 'y': 1130.200305999841, 'z': 60.0}
2026-02-13 18:01:29,028 - Drone_5 - INFO - Drone 5: Flying to {'x': 1716.7076831433628, 'y': 1163.6244249458935, 'z': 60.0}
2026-02-13 18:01:29,257 - PhysicalMLTrainer_Drone3 - INFO - Physical ML model trained drone=3 samples=701 degree=2 alpha=0.0 val_mse=0.001247
2026-02-13 18:01:29,259 - PhysicalMLTrainer_Drone5 - INFO - Physical ML model trained drone=5 samples=701 degree=2 alpha=0.0 val_mse=0.002130
2026-02-13 18:01:29,259 - PhysicalMLTrainer_Drone2 - INFO - Physical ML model trained drone=2 samples=701 degree=2 alpha=0.0 val_mse=0.007356
2026-02-13 18:01:29,261 - PhysicalMLTrainer_Drone1 - INFO - Physical ML model trained drone=1 samples=651 degree=2 alpha=0.0 val_mse=0.002729
2026-02-13 18:01:29,262 - PhysicalMLTrainer_Drone4 - INFO - Physical ML model trained drone=4 samples=701 degree=2 alpha=0.0 val_mse=0.001962
2026-02-13 18:01:30,029 - Drone_2 - INFO - Drone 2: Flying to {'x': 1766.591498248252, 'y': 1153.4457712735639, 'z': 60.0}
2026-02-13 18:01:30,030 - Drone_3 - INFO - Drone 3: Flying to {'x': 1743.346032974529, 'y': 1166.849067293877, 'z': 60.0}
2026-02-13 18:01:30,030 - Drone_4 - INFO - Drone 4: Flying to {'x': 1753.1882022279387, 'y': 1130.200305999841, 'z': 60.0}
2026-02-13 18:01:30,030 - Drone_5 - INFO - Drone 5: Flying to {'x': 1716.7076831433628, 'y': 1163.6244249458935, 'z': 60.0}
2026-02-13 18:01:31,031 - Drone_2 - INFO - Drone 2: Flying to {'x': 1766.591498248252, 'y': 1153.4457712735639, 'z': 60.0}
2026-02-13 18:01:31,031 - Drone_3 - INFO - Drone 3: Flying to {'x': 1743.346032974529, 'y': 1166.849067293877, 'z': 60.0}
2026-02-13 18:01:31,031 - Drone_4 - INFO - Drone 4: Flying to {'x': 1753.1882022279387, 'y': 1130.200305999841, 'z': 60.0}
2026-02-13 18:01:31,032 - Drone_5 - INFO - Drone 5: Flying to {'x': 1716.7076831433628, 'y': 1163.6244249458935, 'z': 60.0}
2026-02-13 18:01:32,032 - Drone_2 - INFO - Drone 2: Flying to {'x': 1766.591498248252, 'y': 1153.4457712735639, 'z': 60.0}
2026-02-13 18:01:32,032 - Drone_3 - INFO - Drone 3: Flying to {'x': 1743.346032974529, 'y': 1166.849067293877, 'z': 60.0}
2026-02-13 18:01:32,033 - Drone_4 - INFO - Drone 4: Flying to {'x': 1753.1882022279387, 'y': 1130.200305999841, 'z': 60.0}
2026-02-13 18:01:32,033 - Drone_5 - INFO - Drone 5: Flying to {'x': 1716.7076831433628, 'y': 1163.6244249458935, 'z': 60.0}
2026-02-13 18:01:33,034 - Drone_2 - INFO - Drone 2: Flying to {'x': 1766.591498248252, 'y': 1153.4457712735639, 'z': 60.0}
2026-02-13 18:01:33,035 - Drone_3 - INFO - Drone 3: Flying to {'x': 1743.346032974529, 'y': 1166.849067293877, 'z': 60.0}
2026-02-13 18:01:33,035 - Drone_4 - INFO - Drone 4: Flying to {'x': 1753.1882022279387, 'y': 1130.200305999841, 'z': 60.0}
2026-02-13 18:01:33,036 - Drone_5 - INFO - Drone 5: Flying to {'x': 1716.7076831433628, 'y': 1163.6244249458935, 'z': 60.0}
2026-02-13 18:01:34,037 - Drone_2 - INFO - Drone 2: Flying to {'x': 1766.591498248252, 'y': 1153.4457712735639, 'z': 60.0}
2026-02-13 18:01:34,038 - Drone_3 - INFO - Drone 3: Flying to {'x': 1743.346032974529, 'y': 1166.849067293877, 'z': 60.0}
2026-02-13 18:01:34,038 - Drone_4 - INFO - Drone 4: Flying to {'x': 1753.1882022279387, 'y': 1130.200305999841, 'z': 60.0}
2026-02-13 18:01:34,038 - Drone_5 - INFO - Drone 5: Flying to {'x': 1716.7076831433628, 'y': 1163.6244249458935, 'z': 60.0}
2026-02-13 18:01:35,039 - Drone_2 - INFO - Drone 2: Flying to {'x': 1766.591498248252, 'y': 1153.4457712735639, 'z': 60.0}
2026-02-13 18:01:35,040 - Drone_3 - INFO - Drone 3: Flying to {'x': 1743.346032974529, 'y': 1166.849067293877, 'z': 60.0}
2026-02-13 18:01:35,040 - Drone_4 - INFO - Drone 4: Flying to {'x': 1753.1882022279387, 'y': 1130.200305999841, 'z': 60.0}
2026-02-13 18:01:35,041 - Drone_5 - INFO - Drone 5: Flying to {'x': 1716.7076831433628, 'y': 1163.6244249458935, 'z': 60.0}
2026-02-13 18:01:35,987 - Drone_5 - ERROR - Drone 5: Motor 0 failed!
2026-02-13 18:01:35,987 - Drone_5 - WARNING - Drone 5: Degraded return active - Motor failure simulation: return to home with degraded control
2026-02-13 18:01:36,042 - Drone_2 - INFO - Drone 2: Flying to {'x': 1766.591498248252, 'y': 1153.4457712735639, 'z': 60.0}
2026-02-13 18:01:36,042 - Drone_3 - INFO - Drone 3: Flying to {'x': 1743.346032974529, 'y': 1166.849067293877, 'z': 60.0}
2026-02-13 18:01:36,043 - Drone_4 - INFO - Drone 4: Flying to {'x': 1753.1882022279387, 'y': 1130.200305999841, 'z': 60.0}
2026-02-13 18:01:37,044 - Drone_2 - INFO - Drone 2: Flying to {'x': 1766.591498248252, 'y': 1153.4457712735639, 'z': 60.0}
2026-02-13 18:01:37,045 - Drone_3 - INFO - Drone 3: Flying to {'x': 1743.346032974529, 'y': 1166.849067293877, 'z': 60.0}
2026-02-13 18:01:37,046 - Drone_4 - INFO - Drone 4: Flying to {'x': 1753.1882022279387, 'y': 1130.200305999841, 'z': 60.0}
2026-02-13 18:01:38,047 - Drone_2 - INFO - Drone 2: Flying to {'x': 1766.591498248252, 'y': 1153.4457712735639, 'z': 60.0}
2026-02-13 18:01:38,048 - Drone_3 - INFO - Drone 3: Flying to {'x': 1743.346032974529, 'y': 1166.849067293877, 'z': 60.0}
2026-02-13 18:01:38,049 - Drone_4 - INFO - Drone 4: Flying to {'x': 1753.1882022279387, 'y': 1130.200305999841, 'z': 60.0}
2026-02-13 18:01:39,050 - Drone_2 - INFO - Drone 2: Flying to {'x': 1766.591498248252, 'y': 1153.4457712735639, 'z': 60.0}
2026-02-13 18:01:39,051 - Drone_3 - INFO - Drone 3: Flying to {'x': 1743.346032974529, 'y': 1166.849067293877, 'z': 60.0}
2026-02-13 18:01:39,052 - Drone_4 - INFO - Drone 4: Flying to {'x': 1753.1882022279387, 'y': 1130.200305999841, 'z': 60.0}
2026-02-13 18:01:40,053 - Drone_2 - INFO - Drone 2: Flying to {'x': 1766.591498248252, 'y': 1153.4457712735639, 'z': 60.0}
2026-02-13 18:01:40,054 - Drone_3 - INFO - Drone 3: Flying to {'x': 1743.346032974529, 'y': 1166.849067293877, 'z': 60.0}
2026-02-13 18:01:40,055 - Drone_4 - INFO - Drone 4: Flying to {'x': 1753.1882022279387, 'y': 1130.200305999841, 'z': 60.0}
2026-02-13 18:01:41,057 - Drone_2 - INFO - Drone 2: Flying to {'x': 1766.591498248252, 'y': 1153.4457712735639, 'z': 60.0}
2026-02-13 18:01:41,058 - Drone_3 - INFO - Drone 3: Flying to {'x': 1743.346032974529, 'y': 1166.849067293877, 'z': 60.0}
2026-02-13 18:01:41,058 - Drone_4 - INFO - Drone 4: Flying to {'x': 1753.1882022279387, 'y': 1130.200305999841, 'z': 60.0}
2026-02-13 18:01:42,058 - Drone_2 - INFO - Drone 2: Flying to {'x': 1766.591498248252, 'y': 1153.4457712735639, 'z': 60.0}
2026-02-13 18:01:42,059 - Drone_3 - INFO - Drone 3: Flying to {'x': 1743.346032974529, 'y': 1166.849067293877, 'z': 60.0}
2026-02-13 18:01:42,059 - Drone_4 - INFO - Drone 4: Flying to {'x': 1753.1882022279387, 'y': 1130.200305999841, 'z': 60.0}
2026-02-13 18:01:43,060 - Drone_2 - INFO - Drone 2: Flying to {'x': 1766.591498248252, 'y': 1153.4457712735639, 'z': 60.0}
2026-02-13 18:01:43,060 - Drone_3 - INFO - Drone 3: Flying to {'x': 1743.346032974529, 'y': 1166.849067293877, 'z': 60.0}
2026-02-13 18:01:43,061 - Drone_4 - INFO - Drone 4: Flying to {'x': 1753.1882022279387, 'y': 1130.200305999841, 'z': 60.0}
2026-02-13 18:01:44,061 - Drone_2 - INFO - Drone 2: Flying to {'x': 1766.591498248252, 'y': 1153.4457712735639, 'z': 60.0}
2026-02-13 18:01:44,062 - Drone_3 - INFO - Drone 3: Flying to {'x': 1743.346032974529, 'y': 1166.849067293877, 'z': 60.0}
2026-02-13 18:01:44,063 - Drone_4 - INFO - Drone 4: Flying to {'x': 1753.1882022279387, 'y': 1130.200305999841, 'z': 60.0}
2026-02-13 18:01:45,064 - Drone_2 - INFO - Drone 2: Flying to {'x': 1766.591498248252, 'y': 1153.4457712735639, 'z': 60.0}
2026-02-13 18:01:45,065 - Drone_3 - INFO - Drone 3: Flying to {'x': 1743.346032974529, 'y': 1166.849067293877, 'z': 60.0}
2026-02-13 18:01:45,065 - Drone_4 - INFO - Drone 4: Flying to {'x': 1753.1882022279387, 'y': 1130.200305999841, 'z': 60.0}
2026-02-13 18:01:46,066 - Drone_2 - INFO - Drone 2: Flying to {'x': 1766.591498248252, 'y': 1153.4457712735639, 'z': 60.0}
2026-02-13 18:01:46,067 - Drone_3 - INFO - Drone 3: Flying to {'x': 1743.346032974529, 'y': 1166.849067293877, 'z': 60.0}
2026-02-13 18:01:46,067 - Drone_4 - INFO - Drone 4: Flying to {'x': 1753.1882022279387, 'y': 1130.200305999841, 'z': 60.0}
2026-02-13 18:01:47,068 - Drone_2 - INFO - Drone 2: Flying to {'x': 1766.591498248252, 'y': 1153.4457712735639, 'z': 60.0}
2026-02-13 18:01:47,070 - Drone_3 - INFO - Drone 3: Flying to {'x': 1743.346032974529, 'y': 1166.849067293877, 'z': 60.0}
2026-02-13 18:01:47,071 - Drone_4 - INFO - Drone 4: Flying to {'x': 1753.1882022279387, 'y': 1130.200305999841, 'z': 60.0}
2026-02-13 18:01:48,072 - Drone_2 - INFO - Drone 2: Flying to {'x': 1766.591498248252, 'y': 1153.4457712735639, 'z': 60.0}
2026-02-13 18:01:48,073 - Drone_3 - INFO - Drone 3: Flying to {'x': 1743.346032974529, 'y': 1166.849067293877, 'z': 60.0}
2026-02-13 18:01:48,074 - Drone_4 - INFO - Drone 4: Flying to {'x': 1753.1882022279387, 'y': 1130.200305999841, 'z': 60.0}
2026-02-13 18:01:49,077 - Drone_2 - INFO - Drone 2: Flying to {'x': 1766.591498248252, 'y': 1153.4457712735639, 'z': 60.0}
2026-02-13 18:01:49,077 - Drone_3 - INFO - Drone 3: Flying to {'x': 1743.346032974529, 'y': 1166.849067293877, 'z': 60.0}
2026-02-13 18:01:49,078 - Drone_4 - INFO - Drone 4: Flying to {'x': 1753.1882022279387, 'y': 1130.200305999841, 'z': 60.0}
2026-02-13 18:01:49,406 - PhysicalMLTrainer_Drone3 - INFO - Physical ML model trained drone=3 samples=901 degree=2 alpha=0.0 val_mse=0.002192
2026-02-13 18:01:49,407 - PhysicalMLTrainer_Drone1 - INFO - Physical ML model trained drone=1 samples=851 degree=2 alpha=0.0 val_mse=0.003057
2026-02-13 18:01:49,408 - PhysicalMLTrainer_Drone2 - INFO - Physical ML model trained drone=2 samples=901 degree=2 alpha=0.0 val_mse=0.003876
2026-02-13 18:01:49,408 - PhysicalMLTrainer_Drone4 - INFO - Physical ML model trained drone=4 samples=901 degree=2 alpha=0.0 val_mse=0.002898
2026-02-13 18:01:49,409 - PhysicalMLTrainer_Drone5 - INFO - Physical ML model trained drone=5 samples=901 degree=2 alpha=1.0 val_mse=0.010172
2026-02-13 18:01:50,079 - Drone_2 - INFO - Drone 2: Flying to {'x': 1766.591498248252, 'y': 1153.4457712735639, 'z': 60.0}
2026-02-13 18:01:50,080 - Drone_3 - INFO - Drone 3: Flying to {'x': 1743.346032974529, 'y': 1166.849067293877, 'z': 60.0}
2026-02-13 18:01:50,081 - Drone_4 - INFO - Drone 4: Flying to {'x': 1753.1882022279387, 'y': 1130.200305999841, 'z': 60.0}
2026-02-13 18:01:51,082 - Drone_2 - INFO - Drone 2: Flying to {'x': 1766.591498248252, 'y': 1153.4457712735639, 'z': 60.0}
2026-02-13 18:01:51,082 - Drone_3 - INFO - Drone 3: Flying to {'x': 1743.346032974529, 'y': 1166.849067293877, 'z': 60.0}
2026-02-13 18:01:51,083 - Drone_4 - INFO - Drone 4: Flying to {'x': 1753.1882022279387, 'y': 1130.200305999841, 'z': 60.0}
2026-02-13 18:01:52,083 - Drone_2 - INFO - Drone 2: Flying to {'x': 1766.591498248252, 'y': 1153.4457712735639, 'z': 60.0}
2026-02-13 18:01:52,084 - Drone_3 - INFO - Drone 3: Flying to {'x': 1743.346032974529, 'y': 1166.849067293877, 'z': 60.0}
2026-02-13 18:01:52,085 - Drone_4 - INFO - Drone 4: Flying to {'x': 1753.1882022279387, 'y': 1130.200305999841, 'z': 60.0}
2026-02-13 18:01:53,087 - Drone_2 - INFO - Drone 2: Flying to {'x': 1766.591498248252, 'y': 1153.4457712735639, 'z': 60.0}
2026-02-13 18:01:53,088 - Drone_3 - INFO - Drone 3: Flying to {'x': 1743.346032974529, 'y': 1166.849067293877, 'z': 60.0}
2026-02-13 18:01:53,088 - Drone_4 - INFO - Drone 4: Flying to {'x': 1753.1882022279387, 'y': 1130.200305999841, 'z': 60.0}
2026-02-13 18:01:54,089 - Drone_2 - INFO - Drone 2: Flying to {'x': 1766.591498248252, 'y': 1153.4457712735639, 'z': 60.0}
2026-02-13 18:01:54,090 - Drone_3 - INFO - Drone 3: Flying to {'x': 1743.346032974529, 'y': 1166.849067293877, 'z': 60.0}
2026-02-13 18:01:54,091 - Drone_4 - INFO - Drone 4: Flying to {'x': 1753.1882022279387, 'y': 1130.200305999841, 'z': 60.0}
2026-02-13 18:01:55,092 - Drone_2 - INFO - Drone 2: Flying to {'x': 1766.591498248252, 'y': 1153.4457712735639, 'z': 60.0}
2026-02-13 18:01:55,093 - Drone_3 - INFO - Drone 3: Flying to {'x': 1743.346032974529, 'y': 1166.849067293877, 'z': 60.0}
2026-02-13 18:01:55,094 - Drone_4 - INFO - Drone 4: Flying to {'x': 1753.1882022279387, 'y': 1130.200305999841, 'z': 60.0}
2026-02-13 18:01:56,095 - Drone_2 - INFO - Drone 2: Flying to {'x': 1766.591498248252, 'y': 1153.4457712735639, 'z': 60.0}
2026-02-13 18:01:56,096 - Drone_3 - INFO - Drone 3: Flying to {'x': 1743.346032974529, 'y': 1166.849067293877, 'z': 60.0}
2026-02-13 18:01:56,098 - Drone_4 - INFO - Drone 4: Flying to {'x': 1753.1882022279387, 'y': 1130.200305999841, 'z': 60.0}
2026-02-13 18:01:57,099 - Drone_2 - INFO - Drone 2: Flying to {'x': 1766.591498248252, 'y': 1153.4457712735639, 'z': 60.0}
2026-02-13 18:01:57,100 - Drone_3 - INFO - Drone 3: Flying to {'x': 1743.346032974529, 'y': 1166.849067293877, 'z': 60.0}
2026-02-13 18:01:57,100 - Drone_4 - INFO - Drone 4: Flying to {'x': 1753.1882022279387, 'y': 1130.200305999841, 'z': 60.0}
2026-02-13 18:01:58,101 - Drone_2 - INFO - Drone 2: Flying to {'x': 1766.591498248252, 'y': 1153.4457712735639, 'z': 60.0}
2026-02-13 18:01:58,101 - Drone_3 - INFO - Drone 3: Flying to {'x': 1743.346032974529, 'y': 1166.849067293877, 'z': 60.0}
2026-02-13 18:01:58,102 - Drone_4 - INFO - Drone 4: Flying to {'x': 1753.1882022279387, 'y': 1130.200305999841, 'z': 60.0}
2026-02-13 18:01:59,103 - Drone_2 - INFO - Drone 2: Flying to {'x': 1766.591498248252, 'y': 1153.4457712735639, 'z': 60.0}
2026-02-13 18:01:59,103 - Drone_3 - INFO - Drone 3: Flying to {'x': 1743.346032974529, 'y': 1166.849067293877, 'z': 60.0}
2026-02-13 18:01:59,104 - Drone_4 - INFO - Drone 4: Flying to {'x': 1753.1882022279387, 'y': 1130.200305999841, 'z': 60.0}
2026-02-13 18:02:00,105 - Drone_2 - INFO - Drone 2: Flying to {'x': 1766.591498248252, 'y': 1153.4457712735639, 'z': 60.0}
2026-02-13 18:02:00,105 - Drone_3 - INFO - Drone 3: Flying to {'x': 1743.346032974529, 'y': 1166.849067293877, 'z': 60.0}
2026-02-13 18:02:00,105 - Drone_4 - INFO - Drone 4: Flying to {'x': 1753.1882022279387, 'y': 1130.200305999841, 'z': 60.0}
2026-02-13 18:02:01,106 - Drone_2 - INFO - Drone 2: Flying to {'x': 1766.591498248252, 'y': 1153.4457712735639, 'z': 60.0}
2026-02-13 18:02:01,106 - Drone_3 - INFO - Drone 3: Flying to {'x': 1743.346032974529, 'y': 1166.849067293877, 'z': 60.0}
2026-02-13 18:02:01,106 - Drone_4 - INFO - Drone 4: Flying to {'x': 1753.1882022279387, 'y': 1130.200305999841, 'z': 60.0}
2026-02-13 18:02:02,107 - Drone_2 - INFO - Drone 2: Flying to {'x': 1766.591498248252, 'y': 1153.4457712735639, 'z': 60.0}
2026-02-13 18:02:02,108 - Drone_3 - INFO - Drone 3: Flying to {'x': 1743.346032974529, 'y': 1166.849067293877, 'z': 60.0}
2026-02-13 18:02:02,108 - Drone_4 - INFO - Drone 4: Flying to {'x': 1753.1882022279387, 'y': 1130.200305999841, 'z': 60.0}
2026-02-13 18:02:03,109 - Drone_2 - INFO - Drone 2: Flying to {'x': 1766.591498248252, 'y': 1153.4457712735639, 'z': 60.0}
2026-02-13 18:02:03,110 - Drone_3 - INFO - Drone 3: Flying to {'x': 1743.346032974529, 'y': 1166.849067293877, 'z': 60.0}
2026-02-13 18:02:03,110 - Drone_4 - INFO - Drone 4: Flying to {'x': 1753.1882022279387, 'y': 1130.200305999841, 'z': 60.0}
2026-02-13 18:02:04,112 - Drone_2 - INFO - Drone 2: Flying to {'x': 1766.591498248252, 'y': 1153.4457712735639, 'z': 60.0}
2026-02-13 18:02:04,114 - Drone_3 - INFO - Drone 3: Flying to {'x': 1743.346032974529, 'y': 1166.849067293877, 'z': 60.0}
2026-02-13 18:02:04,116 - Drone_4 - INFO - Drone 4: Flying to {'x': 1753.1882022279387, 'y': 1130.200305999841, 'z': 60.0}
2026-02-13 18:02:04,392 - Drone_2 - INFO - Drone 2: Reached target position
2026-02-13 18:02:05,119 - Drone_2 - INFO - Drone 2: Flying to {'x': 1766.591498248252, 'y': 1153.4457712735639, 'z': 60.0}
2026-02-13 18:02:05,120 - Drone_3 - INFO - Drone 3: Flying to {'x': 1743.346032974529, 'y': 1166.849067293877, 'z': 60.0}
2026-02-13 18:02:05,120 - Drone_4 - INFO - Drone 4: Flying to {'x': 1753.1882022279387, 'y': 1130.200305999841, 'z': 60.0}
2026-02-13 18:02:05,599 - Drone_2 - INFO - Drone 2: Reached target position
2026-02-13 18:02:06,121 - Drone_2 - INFO - Drone 2: Flying to {'x': 1766.591498248252, 'y': 1153.4457712735639, 'z': 60.0}
2026-02-13 18:02:06,123 - Drone_3 - INFO - Drone 3: Flying to {'x': 1743.346032974529, 'y': 1166.849067293877, 'z': 60.0}
2026-02-13 18:02:06,124 - Drone_4 - INFO - Drone 4: Flying to {'x': 1753.1882022279387, 'y': 1130.200305999841, 'z': 60.0}
2026-02-13 18:02:06,505 - Drone_2 - INFO - Drone 2: Reached target position
2026-02-13 18:02:07,125 - Drone_2 - INFO - Drone 2: Flying to {'x': 1766.591498248252, 'y': 1153.4457712735639, 'z': 60.0}
2026-02-13 18:02:07,125 - Drone_3 - INFO - Drone 3: Flying to {'x': 1743.346032974529, 'y': 1166.849067293877, 'z': 60.0}
2026-02-13 18:02:07,126 - Drone_4 - INFO - Drone 4: Flying to {'x': 1753.1882022279387, 'y': 1130.200305999841, 'z': 60.0}
2026-02-13 18:02:07,511 - Drone_2 - INFO - Drone 2: Reached target position
2026-02-13 18:02:08,127 - Drone_2 - INFO - Drone 2: Flying to {'x': 1766.591498248252, 'y': 1153.4457712735639, 'z': 60.0}
2026-02-13 18:02:08,127 - Drone_3 - INFO - Drone 3: Flying to {'x': 1743.346032974529, 'y': 1166.849067293877, 'z': 60.0}
2026-02-13 18:02:08,127 - Drone_4 - INFO - Drone 4: Flying to {'x': 1753.1882022279387, 'y': 1130.200305999841, 'z': 60.0}
2026-02-13 18:02:08,519 - Drone_2 - INFO - Drone 2: Reached target position
2026-02-13 18:02:09,128 - Drone_2 - INFO - Drone 2: Flying to {'x': 1766.591498248252, 'y': 1153.4457712735639, 'z': 60.0}
2026-02-13 18:02:09,129 - Drone_3 - INFO - Drone 3: Flying to {'x': 1743.346032974529, 'y': 1166.849067293877, 'z': 60.0}
2026-02-13 18:02:09,129 - Drone_4 - INFO - Drone 4: Flying to {'x': 1753.1882022279387, 'y': 1130.200305999841, 'z': 60.0}
2026-02-13 18:02:09,520 - PhysicalMLTrainer_Drone3 - INFO - Physical ML model trained drone=3 samples=1101 degree=2 alpha=0.0 val_mse=0.002281
2026-02-13 18:02:09,528 - Drone_2 - INFO - Drone 2: Reached target position
2026-02-13 18:02:09,546 - PhysicalMLTrainer_Drone1 - INFO - Physical ML model trained drone=1 samples=1051 degree=2 alpha=0.0 val_mse=0.002005
2026-02-13 18:02:09,546 - PhysicalMLTrainer_Drone5 - INFO - Physical ML model trained drone=5 samples=1101 degree=2 alpha=0.0 val_mse=0.000361
2026-02-13 18:02:09,549 - PhysicalMLTrainer_Drone4 - INFO - Physical ML model trained drone=4 samples=1101 degree=2 alpha=0.0 val_mse=0.002400
2026-02-13 18:02:09,549 - PhysicalMLTrainer_Drone2 - INFO - Physical ML model trained drone=2 samples=1101 degree=2 alpha=1.0 val_mse=0.036594
2026-02-13 18:02:10,131 - Drone_2 - INFO - Drone 2: Flying to {'x': 1766.591498248252, 'y': 1153.4457712735639, 'z': 60.0}
2026-02-13 18:02:10,132 - Drone_3 - INFO - Drone 3: Flying to {'x': 1743.346032974529, 'y': 1166.849067293877, 'z': 60.0}
2026-02-13 18:02:10,134 - Drone_4 - INFO - Drone 4: Flying to {'x': 1753.1882022279387, 'y': 1130.200305999841, 'z': 60.0}
2026-02-13 18:02:10,455 - Drone_2 - INFO - Drone 2: Reached target position
2026-02-13 18:02:11,135 - Drone_2 - INFO - Drone 2: Flying to {'x': 1766.591498248252, 'y': 1153.4457712735639, 'z': 60.0}
2026-02-13 18:02:11,136 - Drone_3 - INFO - Drone 3: Flying to {'x': 1743.346032974529, 'y': 1166.849067293877, 'z': 60.0}
2026-02-13 18:02:11,136 - Drone_4 - INFO - Drone 4: Flying to {'x': 1753.1882022279387, 'y': 1130.200305999841, 'z': 60.0}
2026-02-13 18:02:11,461 - Drone_2 - INFO - Drone 2: Reached target position
2026-02-13 18:02:12,138 - Drone_2 - INFO - Drone 2: Flying to {'x': 1766.591498248252, 'y': 1153.4457712735639, 'z': 60.0}
2026-02-13 18:02:12,139 - Drone_3 - INFO - Drone 3: Flying to {'x': 1743.346032974529, 'y': 1166.849067293877, 'z': 60.0}
2026-02-13 18:02:12,140 - Drone_4 - INFO - Drone 4: Flying to {'x': 1753.1882022279387, 'y': 1130.200305999841, 'z': 60.0}
2026-02-13 18:02:12,468 - Drone_2 - INFO - Drone 2: Reached target position
2026-02-13 18:02:13,142 - Drone_2 - INFO - Drone 2: Flying to {'x': 1766.591498248252, 'y': 1153.4457712735639, 'z': 60.0}
2026-02-13 18:02:13,143 - Drone_3 - INFO - Drone 3: Flying to {'x': 1743.346032974529, 'y': 1166.849067293877, 'z': 60.0}
2026-02-13 18:02:13,144 - Drone_4 - INFO - Drone 4: Flying to {'x': 1753.1882022279387, 'y': 1130.200305999841, 'z': 60.0}
2026-02-13 18:02:13,473 - Drone_2 - INFO - Drone 2: Reached target position
2026-02-13 18:02:14,145 - Drone_2 - INFO - Drone 2: Flying to {'x': 1766.591498248252, 'y': 1153.4457712735639, 'z': 60.0}
2026-02-13 18:02:14,147 - Drone_3 - INFO - Drone 3: Flying to {'x': 1743.346032974529, 'y': 1166.849067293877, 'z': 60.0}
2026-02-13 18:02:14,148 - Drone_4 - INFO - Drone 4: Flying to {'x': 1753.1882022279387, 'y': 1130.200305999841, 'z': 60.0}
2026-02-13 18:02:14,479 - Drone_2 - INFO - Drone 2: Reached target position
2026-02-13 18:02:15,150 - Drone_2 - INFO - Drone 2: Flying to {'x': 1766.591498248252, 'y': 1153.4457712735639, 'z': 60.0}
2026-02-13 18:02:15,152 - Drone_3 - INFO - Drone 3: Flying to {'x': 1743.346032974529, 'y': 1166.849067293877, 'z': 60.0}
2026-02-13 18:02:15,153 - Drone_4 - INFO - Drone 4: Flying to {'x': 1753.1882022279387, 'y': 1130.200305999841, 'z': 60.0}
2026-02-13 18:02:15,485 - Drone_2 - INFO - Drone 2: Reached target position
2026-02-13 18:02:16,155 - Drone_2 - INFO - Drone 2: Flying to {'x': 1766.591498248252, 'y': 1153.4457712735639, 'z': 60.0}
2026-02-13 18:02:16,155 - Drone_3 - INFO - Drone 3: Flying to {'x': 1743.346032974529, 'y': 1166.849067293877, 'z': 60.0}
2026-02-13 18:02:16,156 - Drone_4 - INFO - Drone 4: Flying to {'x': 1753.1882022279387, 'y': 1130.200305999841, 'z': 60.0}
2026-02-13 18:02:16,492 - Drone_2 - INFO - Drone 2: Reached target position
2026-02-13 18:02:17,157 - Drone_2 - INFO - Drone 2: Flying to {'x': 1766.591498248252, 'y': 1153.4457712735639, 'z': 60.0}
2026-02-13 18:02:17,157 - Drone_3 - INFO - Drone 3: Flying to {'x': 1743.346032974529, 'y': 1166.849067293877, 'z': 60.0}
2026-02-13 18:02:17,158 - Drone_4 - INFO - Drone 4: Flying to {'x': 1753.1882022279387, 'y': 1130.200305999841, 'z': 60.0}
2026-02-13 18:02:17,498 - Drone_2 - INFO - Drone 2: Reached target position
2026-02-13 18:02:18,159 - Drone_2 - INFO - Drone 2: Flying to {'x': 1766.591498248252, 'y': 1153.4457712735639, 'z': 60.0}
2026-02-13 18:02:18,159 - Drone_3 - INFO - Drone 3: Flying to {'x': 1743.346032974529, 'y': 1166.849067293877, 'z': 60.0}
2026-02-13 18:02:18,159 - Drone_4 - INFO - Drone 4: Flying to {'x': 1753.1882022279387, 'y': 1130.200305999841, 'z': 60.0}
2026-02-13 18:02:18,504 - Drone_2 - INFO - Drone 2: Reached target position
2026-02-13 18:02:19,160 - Drone_2 - INFO - Drone 2: Flying to {'x': 1766.591498248252, 'y': 1153.4457712735639, 'z': 60.0}
2026-02-13 18:02:19,161 - Drone_3 - INFO - Drone 3: Flying to {'x': 1743.346032974529, 'y': 1166.849067293877, 'z': 60.0}
2026-02-13 18:02:19,161 - Drone_4 - INFO - Drone 4: Flying to {'x': 1753.1882022279387, 'y': 1130.200305999841, 'z': 60.0}
2026-02-13 18:02:19,509 - Drone_2 - INFO - Drone 2: Reached target position
2026-02-13 18:02:20,162 - Drone_2 - INFO - Drone 2: Flying to {'x': 1766.591498248252, 'y': 1153.4457712735639, 'z': 60.0}
2026-02-13 18:02:20,162 - Drone_3 - INFO - Drone 3: Flying to {'x': 1743.346032974529, 'y': 1166.849067293877, 'z': 60.0}
2026-02-13 18:02:20,162 - Drone_4 - INFO - Drone 4: Flying to {'x': 1753.1882022279387, 'y': 1130.200305999841, 'z': 60.0}
2026-02-13 18:02:20,515 - Drone_2 - INFO - Drone 2: Reached target position
2026-02-13 18:02:21,163 - Drone_2 - INFO - Drone 2: Flying to {'x': 1766.591498248252, 'y': 1153.4457712735639, 'z': 60.0}
2026-02-13 18:02:21,164 - Drone_3 - INFO - Drone 3: Flying to {'x': 1743.346032974529, 'y': 1166.849067293877, 'z': 60.0}
2026-02-13 18:02:21,164 - Drone_4 - INFO - Drone 4: Flying to {'x': 1753.1882022279387, 'y': 1130.200305999841, 'z': 60.0}
2026-02-13 18:02:21,521 - Drone_2 - INFO - Drone 2: Reached target position
2026-02-13 18:02:22,165 - Drone_2 - INFO - Drone 2: Flying to {'x': 1766.591498248252, 'y': 1153.4457712735639, 'z': 60.0}
2026-02-13 18:02:22,165 - Drone_3 - INFO - Drone 3: Flying to {'x': 1743.346032974529, 'y': 1166.849067293877, 'z': 60.0}
2026-02-13 18:02:22,166 - Drone_4 - INFO - Drone 4: Flying to {'x': 1753.1882022279387, 'y': 1130.200305999841, 'z': 60.0}
2026-02-13 18:02:22,527 - Drone_2 - INFO - Drone 2: Reached target position
2026-02-13 18:02:23,166 - Drone_2 - INFO - Drone 2: Flying to {'x': 1766.591498248252, 'y': 1153.4457712735639, 'z': 60.0}
2026-02-13 18:02:23,167 - Drone_3 - INFO - Drone 3: Flying to {'x': 1743.346032974529, 'y': 1166.849067293877, 'z': 60.0}
2026-02-13 18:02:23,167 - Drone_4 - INFO - Drone 4: Flying to {'x': 1753.1882022279387, 'y': 1130.200305999841, 'z': 60.0}
2026-02-13 18:02:23,533 - Drone_2 - INFO - Drone 2: Reached target position
2026-02-13 18:02:24,168 - Drone_2 - INFO - Drone 2: Flying to {'x': 1766.591498248252, 'y': 1153.4457712735639, 'z': 60.0}
2026-02-13 18:02:24,169 - Drone_3 - INFO - Drone 3: Flying to {'x': 1743.346032974529, 'y': 1166.849067293877, 'z': 60.0}
2026-02-13 18:02:24,169 - Drone_4 - INFO - Drone 4: Flying to {'x': 1753.1882022279387, 'y': 1130.200305999841, 'z': 60.0}
2026-02-13 18:02:24,539 - Drone_2 - INFO - Drone 2: Reached target position
2026-02-13 18:02:25,171 - Drone_2 - INFO - Drone 2: Flying to {'x': 1766.591498248252, 'y': 1153.4457712735639, 'z': 60.0}
2026-02-13 18:02:25,173 - Drone_3 - INFO - Drone 3: Flying to {'x': 1743.346032974529, 'y': 1166.849067293877, 'z': 60.0}
2026-02-13 18:02:25,173 - Drone_4 - INFO - Drone 4: Flying to {'x': 1753.1882022279387, 'y': 1130.200305999841, 'z': 60.0}
2026-02-13 18:02:25,545 - Drone_2 - INFO - Drone 2: Reached target position
2026-02-13 18:02:26,175 - Drone_2 - INFO - Drone 2: Flying to {'x': 1766.591498248252, 'y': 1153.4457712735639, 'z': 60.0}
2026-02-13 18:02:26,175 - Drone_3 - INFO - Drone 3: Flying to {'x': 1743.346032974529, 'y': 1166.849067293877, 'z': 60.0}
2026-02-13 18:02:26,176 - Drone_4 - INFO - Drone 4: Flying to {'x': 1753.1882022279387, 'y': 1130.200305999841, 'z': 60.0}
2026-02-13 18:02:26,551 - Drone_2 - INFO - Drone 2: Reached target position
2026-02-13 18:02:27,176 - Drone_2 - INFO - Drone 2: Flying to {'x': 1766.591498248252, 'y': 1153.4457712735639, 'z': 60.0}
2026-02-13 18:02:27,177 - Drone_3 - INFO - Drone 3: Flying to {'x': 1743.346032974529, 'y': 1166.849067293877, 'z': 60.0}
2026-02-13 18:02:27,177 - Drone_4 - INFO - Drone 4: Flying to {'x': 1753.1882022279387, 'y': 1130.200305999841, 'z': 60.0}
2026-02-13 18:02:27,557 - Drone_2 - INFO - Drone 2: Reached target position
2026-02-13 18:02:28,178 - Drone_2 - INFO - Drone 2: Flying to {'x': 1766.591498248252, 'y': 1153.4457712735639, 'z': 60.0}
2026-02-13 18:02:28,179 - Drone_3 - INFO - Drone 3: Flying to {'x': 1743.346032974529, 'y': 1166.849067293877, 'z': 60.0}
2026-02-13 18:02:28,180 - Drone_4 - INFO - Drone 4: Flying to {'x': 1753.1882022279387, 'y': 1130.200305999841, 'z': 60.0}
2026-02-13 18:02:28,564 - Drone_2 - INFO - Drone 2: Reached target position
2026-02-13 18:02:29,181 - Drone_2 - INFO - Drone 2: Flying to {'x': 1766.591498248252, 'y': 1153.4457712735639, 'z': 60.0}
2026-02-13 18:02:29,183 - Drone_3 - INFO - Drone 3: Flying to {'x': 1743.346032974529, 'y': 1166.849067293877, 'z': 60.0}
2026-02-13 18:02:29,183 - Drone_4 - INFO - Drone 4: Flying to {'x': 1753.1882022279387, 'y': 1130.200305999841, 'z': 60.0}
2026-02-13 18:02:29,569 - Drone_2 - INFO - Drone 2: Reached target position
2026-02-13 18:02:29,645 - PhysicalMLTrainer_Drone3 - INFO - Physical ML model trained drone=3 samples=1301 degree=2 alpha=0.0 val_mse=0.001775
2026-02-13 18:02:29,675 - PhysicalMLTrainer_Drone1 - INFO - Physical ML model trained drone=1 samples=1251 degree=2 alpha=0.0 val_mse=0.001282
2026-02-13 18:02:29,680 - PhysicalMLTrainer_Drone4 - INFO - Physical ML model trained drone=4 samples=1301 degree=2 alpha=0.0 val_mse=0.001578
2026-02-13 18:02:29,682 - PhysicalMLTrainer_Drone2 - INFO - Physical ML model trained drone=2 samples=1301 degree=2 alpha=1.0 val_mse=0.160151
2026-02-13 18:02:29,683 - PhysicalMLTrainer_Drone5 - INFO - Physical ML model trained drone=5 samples=1301 degree=2 alpha=1.0 val_mse=0.001021
2026-02-13 18:02:30,187 - Drone_2 - INFO - Drone 2: Flying to {'x': 1766.591498248252, 'y': 1153.4457712735639, 'z': 60.0}
2026-02-13 18:02:30,187 - Drone_3 - INFO - Drone 3: Flying to {'x': 1743.346032974529, 'y': 1166.849067293877, 'z': 60.0}
2026-02-13 18:02:30,188 - Drone_4 - INFO - Drone 4: Flying to {'x': 1753.1882022279387, 'y': 1130.200305999841, 'z': 60.0}
2026-02-13 18:02:30,490 - Drone_2 - INFO - Drone 2: Reached target position
2026-02-13 18:02:31,189 - Drone_2 - INFO - Drone 2: Flying to {'x': 1766.591498248252, 'y': 1153.4457712735639, 'z': 60.0}
2026-02-13 18:02:31,190 - Drone_3 - INFO - Drone 3: Flying to {'x': 1743.346032974529, 'y': 1166.849067293877, 'z': 60.0}
2026-02-13 18:02:31,190 - Drone_4 - INFO - Drone 4: Flying to {'x': 1753.1882022279387, 'y': 1130.200305999841, 'z': 60.0}
2026-02-13 18:02:31,496 - Drone_2 - INFO - Drone 2: Reached target position
2026-02-13 18:02:32,191 - Drone_2 - INFO - Drone 2: Flying to {'x': 1766.591498248252, 'y': 1153.4457712735639, 'z': 60.0}
2026-02-13 18:02:32,191 - Drone_3 - INFO - Drone 3: Flying to {'x': 1743.346032974529, 'y': 1166.849067293877, 'z': 60.0}
2026-02-13 18:02:32,192 - Drone_4 - INFO - Drone 4: Flying to {'x': 1753.1882022279387, 'y': 1130.200305999841, 'z': 60.0}
2026-02-13 18:02:32,504 - Drone_2 - INFO - Drone 2: Reached target position
2026-02-13 18:02:33,192 - Drone_2 - INFO - Drone 2: Flying to {'x': 1766.591498248252, 'y': 1153.4457712735639, 'z': 60.0}
2026-02-13 18:02:33,193 - Drone_3 - INFO - Drone 3: Flying to {'x': 1743.346032974529, 'y': 1166.849067293877, 'z': 60.0}
2026-02-13 18:02:33,193 - Drone_4 - INFO - Drone 4: Flying to {'x': 1753.1882022279387, 'y': 1130.200305999841, 'z': 60.0}
2026-02-13 18:02:33,511 - Drone_2 - INFO - Drone 2: Reached target position
2026-02-13 18:02:34,194 - Drone_2 - INFO - Drone 2: Flying to {'x': 1766.591498248252, 'y': 1153.4457712735639, 'z': 60.0}
2026-02-13 18:02:34,195 - Drone_3 - INFO - Drone 3: Flying to {'x': 1743.346032974529, 'y': 1166.849067293877, 'z': 60.0}
2026-02-13 18:02:34,195 - Drone_4 - INFO - Drone 4: Flying to {'x': 1753.1882022279387, 'y': 1130.200305999841, 'z': 60.0}
2026-02-13 18:02:34,518 - Drone_2 - INFO - Drone 2: Reached target position
2026-02-13 18:02:35,197 - Drone_2 - INFO - Drone 2: Flying to {'x': 1766.591498248252, 'y': 1153.4457712735639, 'z': 60.0}
2026-02-13 18:02:35,197 - Drone_3 - INFO - Drone 3: Flying to {'x': 1743.346032974529, 'y': 1166.849067293877, 'z': 60.0}
2026-02-13 18:02:35,197 - Drone_4 - INFO - Drone 4: Flying to {'x': 1753.1882022279387, 'y': 1130.200305999841, 'z': 60.0}
2026-02-13 18:02:35,524 - Drone_2 - INFO - Drone 2: Reached target position
2026-02-13 18:02:36,198 - Drone_2 - INFO - Drone 2: Flying to {'x': 1766.591498248252, 'y': 1153.4457712735639, 'z': 60.0}
2026-02-13 18:02:36,199 - Drone_3 - INFO - Drone 3: Flying to {'x': 1743.346032974529, 'y': 1166.849067293877, 'z': 60.0}
2026-02-13 18:02:36,200 - Drone_4 - INFO - Drone 4: Flying to {'x': 1753.1882022279387, 'y': 1130.200305999841, 'z': 60.0}
2026-02-13 18:02:36,532 - Drone_2 - INFO - Drone 2: Reached target position
2026-02-13 18:02:37,201 - Drone_2 - INFO - Drone 2: Flying to {'x': 1766.591498248252, 'y': 1153.4457712735639, 'z': 60.0}
2026-02-13 18:02:37,201 - Drone_3 - INFO - Drone 3: Flying to {'x': 1743.346032974529, 'y': 1166.849067293877, 'z': 60.0}
2026-02-13 18:02:37,202 - Drone_4 - INFO - Drone 4: Flying to {'x': 1753.1882022279387, 'y': 1130.200305999841, 'z': 60.0}
2026-02-13 18:02:37,538 - Drone_2 - INFO - Drone 2: Reached target position
2026-02-13 18:02:38,203 - Drone_2 - INFO - Drone 2: Flying to {'x': 1766.591498248252, 'y': 1153.4457712735639, 'z': 60.0}
2026-02-13 18:02:38,204 - Drone_3 - INFO - Drone 3: Flying to {'x': 1743.346032974529, 'y': 1166.849067293877, 'z': 60.0}
2026-02-13 18:02:38,204 - Drone_4 - INFO - Drone 4: Flying to {'x': 1753.1882022279387, 'y': 1130.200305999841, 'z': 60.0}
2026-02-13 18:02:38,543 - Drone_2 - INFO - Drone 2: Reached target position
2026-02-13 18:02:39,205 - Drone_2 - INFO - Drone 2: Flying to {'x': 1766.591498248252, 'y': 1153.4457712735639, 'z': 60.0}
2026-02-13 18:02:39,206 - Drone_3 - INFO - Drone 3: Flying to {'x': 1743.346032974529, 'y': 1166.849067293877, 'z': 60.0}
2026-02-13 18:02:39,207 - Drone_4 - INFO - Drone 4: Flying to {'x': 1753.1882022279387, 'y': 1130.200305999841, 'z': 60.0}
2026-02-13 18:02:39,549 - Drone_2 - INFO - Drone 2: Reached target position
2026-02-13 18:02:40,208 - Drone_2 - INFO - Drone 2: Flying to {'x': 1766.591498248252, 'y': 1153.4457712735639, 'z': 60.0}
2026-02-13 18:02:40,208 - Drone_3 - INFO - Drone 3: Flying to {'x': 1743.346032974529, 'y': 1166.849067293877, 'z': 60.0}
2026-02-13 18:02:40,209 - Drone_4 - INFO - Drone 4: Flying to {'x': 1753.1882022279387, 'y': 1130.200305999841, 'z': 60.0}
2026-02-13 18:02:40,556 - Drone_2 - INFO - Drone 2: Reached target position
2026-02-13 18:02:41,209 - Drone_2 - INFO - Drone 2: Flying to {'x': 1766.591498248252, 'y': 1153.4457712735639, 'z': 60.0}
2026-02-13 18:02:41,209 - Drone_3 - INFO - Drone 3: Flying to {'x': 1743.346032974529, 'y': 1166.849067293877, 'z': 60.0}
2026-02-13 18:02:41,210 - Drone_4 - INFO - Drone 4: Flying to {'x': 1753.1882022279387, 'y': 1130.200305999841, 'z': 60.0}
2026-02-13 18:02:41,562 - Drone_2 - INFO - Drone 2: Reached target position
2026-02-13 18:02:42,210 - Drone_2 - INFO - Drone 2: Flying to {'x': 1766.591498248252, 'y': 1153.4457712735639, 'z': 60.0}
2026-02-13 18:02:42,211 - Drone_3 - INFO - Drone 3: Flying to {'x': 1743.346032974529, 'y': 1166.849067293877, 'z': 60.0}
2026-02-13 18:02:42,211 - Drone_4 - INFO - Drone 4: Flying to {'x': 1753.1882022279387, 'y': 1130.200305999841, 'z': 60.0}
2026-02-13 18:02:42,568 - Drone_2 - INFO - Drone 2: Reached target position
2026-02-13 18:02:43,212 - Drone_2 - INFO - Drone 2: Flying to {'x': 1766.591498248252, 'y': 1153.4457712735639, 'z': 60.0}
2026-02-13 18:02:43,213 - Drone_3 - INFO - Drone 3: Flying to {'x': 1743.346032974529, 'y': 1166.849067293877, 'z': 60.0}
2026-02-13 18:02:43,214 - Drone_4 - INFO - Drone 4: Flying to {'x': 1753.1882022279387, 'y': 1130.200305999841, 'z': 60.0}
2026-02-13 18:02:43,573 - Drone_2 - INFO - Drone 2: Reached target position
2026-02-13 18:02:44,215 - Drone_2 - INFO - Drone 2: Flying to {'x': 1766.591498248252, 'y': 1153.4457712735639, 'z': 60.0}
2026-02-13 18:02:44,216 - Drone_3 - INFO - Drone 3: Flying to {'x': 1743.3460329745292, 'y': 1166.849067293877, 'z': 60.0}
2026-02-13 18:02:44,216 - Drone_4 - INFO - Drone 4: Flying to {'x': 1753.1882022279387, 'y': 1130.2003059998408, 'z': 60.0}
2026-02-13 18:02:44,579 - Drone_2 - INFO - Drone 2: Reached target position
2026-02-13 18:02:45,217 - Drone_2 - INFO - Drone 2: Flying to {'x': 1766.591498248252, 'y': 1153.4457712735639, 'z': 60.0}
2026-02-13 18:02:45,218 - Drone_3 - INFO - Drone 3: Flying to {'x': 1743.3460329745292, 'y': 1166.849067293877, 'z': 60.0}
2026-02-13 18:02:45,219 - Drone_4 - INFO - Drone 4: Flying to {'x': 1753.1882022279387, 'y': 1130.2003059998408, 'z': 60.0}
2026-02-13 18:02:45,585 - Drone_2 - INFO - Drone 2: Reached target position
2026-02-13 18:02:46,220 - Drone_2 - INFO - Drone 2: Flying to {'x': 1766.591498248252, 'y': 1153.4457712735639, 'z': 60.0}
2026-02-13 18:02:46,221 - Drone_3 - INFO - Drone 3: Flying to {'x': 1743.3460329745292, 'y': 1166.849067293877, 'z': 60.0}
2026-02-13 18:02:46,221 - Drone_4 - INFO - Drone 4: Flying to {'x': 1753.1882022279387, 'y': 1130.200305999841, 'z': 60.0}
2026-02-13 18:02:46,592 - Drone_2 - INFO - Drone 2: Reached target position
2026-02-13 18:02:47,222 - Drone_2 - INFO - Drone 2: Flying to {'x': 1766.591498248252, 'y': 1153.4457712735639, 'z': 60.0}
2026-02-13 18:02:47,222 - Drone_3 - INFO - Drone 3: Flying to {'x': 1743.3460329745292, 'y': 1166.849067293877, 'z': 60.0}
2026-02-13 18:02:47,222 - Drone_4 - INFO - Drone 4: Flying to {'x': 1753.1882022279387, 'y': 1130.2003059998408, 'z': 60.0}
2026-02-13 18:02:47,598 - Drone_2 - INFO - Drone 2: Reached target position
2026-02-13 18:02:48,223 - Drone_2 - INFO - Drone 2: Flying to {'x': 1766.591498248252, 'y': 1153.4457712735639, 'z': 60.0}
2026-02-13 18:02:48,224 - Drone_3 - INFO - Drone 3: Flying to {'x': 1743.346032974529, 'y': 1166.849067293877, 'z': 60.0}
2026-02-13 18:02:48,224 - Drone_4 - INFO - Drone 4: Flying to {'x': 1753.1882022279387, 'y': 1130.200305999841, 'z': 60.0}
2026-02-13 18:02:48,606 - Drone_2 - INFO - Drone 2: Reached target position
2026-02-13 18:02:49,225 - Drone_2 - INFO - Drone 2: Flying to {'x': 1766.591498248252, 'y': 1153.4457712735639, 'z': 60.0}
2026-02-13 18:02:49,225 - Drone_3 - INFO - Drone 3: Flying to {'x': 1743.346032974529, 'y': 1166.849067293877, 'z': 60.0}
2026-02-13 18:02:49,226 - Drone_4 - INFO - Drone 4: Flying to {'x': 1753.1882022279387, 'y': 1130.200305999841, 'z': 60.0}
2026-02-13 18:02:49,612 - Drone_2 - INFO - Drone 2: Reached target position
2026-02-13 18:02:49,764 - PhysicalMLTrainer_Drone3 - INFO - Physical ML model trained drone=3 samples=1501 degree=2 alpha=0.0 val_mse=0.001262
2026-02-13 18:02:49,797 - PhysicalMLTrainer_Drone1 - INFO - Physical ML model trained drone=1 samples=1451 degree=2 alpha=0.0 val_mse=0.000960
2026-02-13 18:02:49,820 - PhysicalMLTrainer_Drone5 - INFO - Physical ML model trained drone=5 samples=1501 degree=2 alpha=0.1 val_mse=0.000658
2026-02-13 18:02:49,820 - PhysicalMLTrainer_Drone4 - INFO - Physical ML model trained drone=4 samples=1501 degree=2 alpha=0.0 val_mse=0.001036
2026-02-13 18:02:49,822 - PhysicalMLTrainer_Drone2 - INFO - Physical ML model trained drone=2 samples=1501 degree=2 alpha=0.0 val_mse=0.003393
2026-02-13 18:02:50,227 - Drone_2 - INFO - Drone 2: Flying to {'x': 1766.591498248252, 'y': 1153.4457712735639, 'z': 60.0}
2026-02-13 18:02:50,228 - Drone_3 - INFO - Drone 3: Flying to {'x': 1743.3460329745292, 'y': 1166.849067293877, 'z': 60.0}
2026-02-13 18:02:50,229 - Drone_4 - INFO - Drone 4: Flying to {'x': 1753.1882022279387, 'y': 1130.2003059998408, 'z': 60.0}
2026-02-13 18:02:50,627 - Drone_2 - INFO - Drone 2: Reached target position
2026-02-13 18:02:51,229 - Drone_2 - INFO - Drone 2: Flying to {'x': 1766.591498248252, 'y': 1153.4457712735639, 'z': 60.0}
2026-02-13 18:02:51,230 - Drone_3 - INFO - Drone 3: Flying to {'x': 1743.3460329745292, 'y': 1166.849067293877, 'z': 60.0}
2026-02-13 18:02:51,231 - Drone_4 - INFO - Drone 4: Flying to {'x': 1753.1882022279387, 'y': 1130.2003059998408, 'z': 60.0}
2026-02-13 18:02:51,535 - Drone_2 - INFO - Drone 2: Reached target position
2026-02-13 18:02:52,232 - Drone_2 - INFO - Drone 2: Flying to {'x': 1766.591498248252, 'y': 1153.4457712735639, 'z': 60.0}
2026-02-13 18:02:52,232 - Drone_3 - INFO - Drone 3: Flying to {'x': 1743.3460329745292, 'y': 1166.849067293877, 'z': 60.0}
2026-02-13 18:02:52,232 - Drone_4 - INFO - Drone 4: Flying to {'x': 1753.1882022279387, 'y': 1130.2003059998408, 'z': 60.0}
2026-02-13 18:02:52,540 - Drone_2 - INFO - Drone 2: Reached target position
2026-02-13 18:02:53,233 - Drone_2 - INFO - Drone 2: Flying to {'x': 1766.591498248252, 'y': 1153.4457712735639, 'z': 60.0}
2026-02-13 18:02:53,234 - Drone_3 - INFO - Drone 3: Flying to {'x': 1743.346032974529, 'y': 1166.849067293877, 'z': 60.0}
2026-02-13 18:02:53,235 - Drone_4 - INFO - Drone 4: Flying to {'x': 1753.1882022279387, 'y': 1130.200305999841, 'z': 60.0}
2026-02-13 18:02:53,546 - Drone_2 - INFO - Drone 2: Reached target position
2026-02-13 18:02:54,237 - Drone_2 - INFO - Drone 2: Flying to {'x': 1766.591498248252, 'y': 1153.4457712735639, 'z': 60.0}
2026-02-13 18:02:54,238 - Drone_3 - INFO - Drone 3: Flying to {'x': 1743.3460329745292, 'y': 1166.849067293877, 'z': 60.0}
2026-02-13 18:02:54,239 - Drone_4 - INFO - Drone 4: Flying to {'x': 1753.1882022279387, 'y': 1130.2003059998408, 'z': 60.0}
2026-02-13 18:02:54,552 - Drone_2 - INFO - Drone 2: Reached target position
2026-02-13 18:02:55,240 - Drone_2 - INFO - Drone 2: Flying to {'x': 1766.591498248252, 'y': 1153.4457712735639, 'z': 60.0}
2026-02-13 18:02:55,241 - Drone_3 - INFO - Drone 3: Flying to {'x': 1743.3460329745292, 'y': 1166.8490672938767, 'z': 60.0}
2026-02-13 18:02:55,241 - Drone_4 - INFO - Drone 4: Flying to {'x': 1753.188202227939, 'y': 1130.2003059998408, 'z': 60.0}
2026-02-13 18:02:55,559 - Drone_2 - INFO - Drone 2: Reached target position
2026-02-13 18:02:56,243 - Drone_2 - INFO - Drone 2: Flying to {'x': 1766.591498248252, 'y': 1153.4457712735639, 'z': 60.0}
2026-02-13 18:02:56,244 - Drone_3 - INFO - Drone 3: Flying to {'x': 1743.3460329745292, 'y': 1166.8490672938767, 'z': 60.0}
2026-02-13 18:02:56,245 - Drone_4 - INFO - Drone 4: Flying to {'x': 1753.1882022279387, 'y': 1130.2003059998408, 'z': 60.0}
2026-02-13 18:02:56,566 - Drone_2 - INFO - Drone 2: Reached target position
2026-02-13 18:02:57,246 - Drone_2 - INFO - Drone 2: Flying to {'x': 1766.591498248252, 'y': 1153.4457712735639, 'z': 60.0}
2026-02-13 18:02:57,246 - Drone_3 - INFO - Drone 3: Flying to {'x': 1743.3460329745292, 'y': 1166.8490672938767, 'z': 60.0}
2026-02-13 18:02:57,246 - Drone_4 - INFO - Drone 4: Flying to {'x': 1753.1882022279387, 'y': 1130.2003059998408, 'z': 60.0}
2026-02-13 18:02:57,571 - Drone_2 - INFO - Drone 2: Reached target position
2026-02-13 18:02:58,247 - Drone_2 - INFO - Drone 2: Flying to {'x': 1766.591498248252, 'y': 1153.4457712735639, 'z': 60.0}
2026-02-13 18:02:58,247 - Drone_3 - INFO - Drone 3: Flying to {'x': 1743.3460329745292, 'y': 1166.8490672938767, 'z': 60.0}
2026-02-13 18:02:58,247 - Drone_4 - INFO - Drone 4: Flying to {'x': 1753.188202227939, 'y': 1130.2003059998408, 'z': 60.0}
2026-02-13 18:02:58,576 - Drone_2 - INFO - Drone 2: Reached target position
2026-02-13 18:02:59,248 - Drone_2 - INFO - Drone 2: Flying to {'x': 1766.591498248252, 'y': 1153.4457712735639, 'z': 60.0}
2026-02-13 18:02:59,249 - Drone_3 - INFO - Drone 3: Flying to {'x': 1743.3460329745292, 'y': 1166.8490672938767, 'z': 60.0}
2026-02-13 18:02:59,249 - Drone_4 - INFO - Drone 4: Flying to {'x': 1753.188202227939, 'y': 1130.2003059998408, 'z': 60.0}
2026-02-13 18:02:59,581 - Drone_2 - INFO - Drone 2: Reached target position
2026-02-13 18:03:00,250 - Drone_2 - INFO - Drone 2: Flying to {'x': 1766.591498248252, 'y': 1153.4457712735637, 'z': 60.0}
2026-02-13 18:03:00,250 - Drone_3 - INFO - Drone 3: Flying to {'x': 1743.3460329745292, 'y': 1166.8490672938767, 'z': 60.0}
2026-02-13 18:03:00,250 - Drone_4 - INFO - Drone 4: Flying to {'x': 1753.188202227939, 'y': 1130.2003059998408, 'z': 60.0}
2026-02-13 18:03:00,587 - Drone_2 - INFO - Drone 2: Reached target position
2026-02-13 18:03:01,251 - Drone_2 - INFO - Drone 2: Flying to {'x': 1766.591498248252, 'y': 1153.4457712735639, 'z': 60.0}
2026-02-13 18:03:01,251 - Drone_3 - INFO - Drone 3: Flying to {'x': 1743.3460329745292, 'y': 1166.8490672938767, 'z': 60.0}
2026-02-13 18:03:01,251 - Drone_4 - INFO - Drone 4: Flying to {'x': 1753.188202227939, 'y': 1130.2003059998408, 'z': 60.0}
2026-02-13 18:03:01,592 - Drone_2 - INFO - Drone 2: Reached target position
2026-02-13 18:03:02,252 - Drone_2 - INFO - Drone 2: Flying to {'x': 1766.591498248252, 'y': 1153.4457712735639, 'z': 60.0}
2026-02-13 18:03:02,252 - Drone_3 - INFO - Drone 3: Flying to {'x': 1743.3460329745292, 'y': 1166.8490672938767, 'z': 60.0}
2026-02-13 18:03:02,252 - Drone_4 - INFO - Drone 4: Flying to {'x': 1753.188202227939, 'y': 1130.2003059998408, 'z': 60.0}
2026-02-13 18:03:02,597 - Drone_2 - INFO - Drone 2: Reached target position
2026-02-13 18:03:03,253 - Drone_2 - INFO - Drone 2: Flying to {'x': 1766.591498248252, 'y': 1153.4457712735639, 'z': 60.0}
2026-02-13 18:03:03,253 - Drone_3 - INFO - Drone 3: Flying to {'x': 1743.346032974529, 'y': 1166.849067293877, 'z': 60.0}
2026-02-13 18:03:03,253 - Drone_4 - INFO - Drone 4: Flying to {'x': 1753.1882022279387, 'y': 1130.200305999841, 'z': 60.0}
2026-02-13 18:03:03,601 - Drone_2 - INFO - Drone 2: Reached target position
2026-02-13 18:03:04,254 - Drone_2 - INFO - Drone 2: Flying to {'x': 1766.591498248252, 'y': 1153.4457712735639, 'z': 60.0}
2026-02-13 18:03:04,254 - Drone_3 - INFO - Drone 3: Flying to {'x': 1743.346032974529, 'y': 1166.849067293877, 'z': 60.0}
2026-02-13 18:03:04,254 - Drone_4 - INFO - Drone 4: Flying to {'x': 1753.1882022279387, 'y': 1130.200305999841, 'z': 60.0}
2026-02-13 18:03:04,606 - Drone_2 - INFO - Drone 2: Reached target position
2026-02-13 18:03:05,255 - Drone_2 - INFO - Drone 2: Flying to {'x': 1766.591498248252, 'y': 1153.4457712735639, 'z': 60.0}
2026-02-13 18:03:05,255 - Drone_3 - INFO - Drone 3: Flying to {'x': 1743.346032974529, 'y': 1166.849067293877, 'z': 60.0}
2026-02-13 18:03:05,255 - Drone_4 - INFO - Drone 4: Flying to {'x': 1753.1882022279387, 'y': 1130.200305999841, 'z': 60.0}
2026-02-13 18:03:05,609 - Drone_2 - INFO - Drone 2: Reached target position
2026-02-13 18:03:06,255 - Drone_2 - INFO - Drone 2: Flying to {'x': 1766.591498248252, 'y': 1153.4457712735639, 'z': 60.0}
2026-02-13 18:03:06,256 - Drone_3 - INFO - Drone 3: Flying to {'x': 1743.346032974529, 'y': 1166.849067293877, 'z': 60.0}
2026-02-13 18:03:06,256 - Drone_4 - INFO - Drone 4: Flying to {'x': 1753.1882022279387, 'y': 1130.200305999841, 'z': 60.0}
2026-02-13 18:03:06,615 - Drone_2 - INFO - Drone 2: Reached target position
2026-02-13 18:03:07,257 - Drone_2 - INFO - Drone 2: Flying to {'x': 1766.591498248252, 'y': 1153.4457712735639, 'z': 60.0}
2026-02-13 18:03:07,258 - Drone_3 - INFO - Drone 3: Flying to {'x': 1743.346032974529, 'y': 1166.849067293877, 'z': 60.0}
2026-02-13 18:03:07,258 - Drone_4 - INFO - Drone 4: Flying to {'x': 1753.1882022279387, 'y': 1130.200305999841, 'z': 60.0}
2026-02-13 18:03:07,619 - Drone_2 - INFO - Drone 2: Reached target position
2026-02-13 18:03:08,259 - Drone_2 - INFO - Drone 2: Flying to {'x': 1766.5914982482518, 'y': 1153.4457712735639, 'z': 60.0}
2026-02-13 18:03:08,259 - Drone_3 - INFO - Drone 3: Flying to {'x': 1743.346032974529, 'y': 1166.849067293877, 'z': 60.0}
2026-02-13 18:03:08,259 - Drone_4 - INFO - Drone 4: Flying to {'x': 1753.1882022279387, 'y': 1130.200305999841, 'z': 60.0}
2026-02-13 18:03:08,624 - Drone_2 - INFO - Drone 2: Reached target position
2026-02-13 18:03:09,260 - Drone_2 - INFO - Drone 2: Flying to {'x': 1766.591498248252, 'y': 1153.4457712735639, 'z': 60.0}
2026-02-13 18:03:09,260 - Drone_3 - INFO - Drone 3: Flying to {'x': 1743.346032974529, 'y': 1166.849067293877, 'z': 60.0}
2026-02-13 18:03:09,260 - Drone_4 - INFO - Drone 4: Flying to {'x': 1753.1882022279387, 'y': 1130.200305999841, 'z': 60.0}
2026-02-13 18:03:09,628 - Drone_2 - INFO - Drone 2: Reached target position
2026-02-13 18:03:09,869 - PhysicalMLTrainer_Drone3 - INFO - Physical ML model trained drone=3 samples=1701 degree=2 alpha=0.0 val_mse=0.000919
2026-02-13 18:03:09,895 - PhysicalMLTrainer_Drone1 - INFO - Physical ML model trained drone=1 samples=1651 degree=2 alpha=0.0 val_mse=0.000838
2026-02-13 18:03:09,927 - PhysicalMLTrainer_Drone5 - INFO - Physical ML model trained drone=5 samples=1701 degree=2 alpha=0.0 val_mse=0.000425
2026-02-13 18:03:09,927 - PhysicalMLTrainer_Drone4 - INFO - Physical ML model trained drone=4 samples=1701 degree=2 alpha=0.0 val_mse=0.000744
2026-02-13 18:03:09,934 - PhysicalMLTrainer_Drone2 - INFO - Physical ML model trained drone=2 samples=1701 degree=2 alpha=0.0 val_mse=0.000879
2026-02-13 18:03:10,261 - Drone_2 - INFO - Drone 2: Flying to {'x': 1766.5914982482518, 'y': 1153.4457712735639, 'z': 60.0}
2026-02-13 18:03:10,261 - Drone_3 - INFO - Drone 3: Flying to {'x': 1743.346032974529, 'y': 1166.849067293877, 'z': 60.0}
2026-02-13 18:03:10,261 - Drone_4 - INFO - Drone 4: Flying to {'x': 1753.1882022279387, 'y': 1130.200305999841, 'z': 60.0}
2026-02-13 18:03:10,637 - Drone_2 - INFO - Drone 2: Reached target position
2026-02-13 18:03:11,262 - Drone_2 - INFO - Drone 2: Flying to {'x': 1766.591498248252, 'y': 1153.4457712735639, 'z': 60.0}
2026-02-13 18:03:11,262 - Drone_3 - INFO - Drone 3: Flying to {'x': 1743.346032974529, 'y': 1166.849067293877, 'z': 60.0}
2026-02-13 18:03:11,262 - Drone_4 - INFO - Drone 4: Flying to {'x': 1753.1882022279387, 'y': 1130.200305999841, 'z': 60.0}
2026-02-13 18:03:11,642 - Drone_2 - INFO - Drone 2: Reached target position
2026-02-13 18:03:12,262 - Drone_2 - INFO - Drone 2: Flying to {'x': 1766.591498248252, 'y': 1153.4457712735639, 'z': 60.0}
2026-02-13 18:03:12,263 - Drone_3 - INFO - Drone 3: Flying to {'x': 1743.346032974529, 'y': 1166.849067293877, 'z': 60.0}
2026-02-13 18:03:12,263 - Drone_4 - INFO - Drone 4: Flying to {'x': 1753.1882022279387, 'y': 1130.200305999841, 'z': 60.0}
2026-02-13 18:03:12,647 - Drone_2 - INFO - Drone 2: Reached target position
2026-02-13 18:03:13,264 - Drone_2 - INFO - Drone 2: Flying to {'x': 1766.5914982482518, 'y': 1153.4457712735639, 'z': 60.0}
2026-02-13 18:03:13,264 - Drone_3 - INFO - Drone 3: Flying to {'x': 1743.346032974529, 'y': 1166.849067293877, 'z': 60.0}
2026-02-13 18:03:13,265 - Drone_4 - INFO - Drone 4: Flying to {'x': 1753.1882022279387, 'y': 1130.2003059998408, 'z': 60.0}
2026-02-13 18:03:13,651 - Drone_2 - INFO - Drone 2: Reached target position
2026-02-13 18:03:14,265 - Drone_2 - INFO - Drone 2: Flying to {'x': 1766.5914982482518, 'y': 1153.445771273564, 'z': 60.0}
2026-02-13 18:03:14,265 - Drone_3 - INFO - Drone 3: Flying to {'x': 1743.346032974529, 'y': 1166.8490672938772, 'z': 60.0}
2026-02-13 18:03:14,266 - Drone_4 - INFO - Drone 4: Flying to {'x': 1753.1882022279383, 'y': 1130.200305999841, 'z': 60.0}
2026-02-13 18:03:14,657 - Drone_2 - INFO - Drone 2: Reached target position
2026-02-13 18:03:15,266 - Drone_2 - INFO - Drone 2: Flying to {'x': 1766.5914982482518, 'y': 1153.445771273564, 'z': 60.0}
2026-02-13 18:03:15,267 - Drone_3 - INFO - Drone 3: Flying to {'x': 1743.3460329745287, 'y': 1166.8490672938772, 'z': 60.0}
2026-02-13 18:03:15,267 - Drone_4 - INFO - Drone 4: Flying to {'x': 1753.1882022279383, 'y': 1130.2003059998412, 'z': 60.0}
2026-02-13 18:03:15,662 - Drone_2 - INFO - Drone 2: Reached target position
2026-02-13 18:03:16,268 - Drone_2 - INFO - Drone 2: Flying to {'x': 1766.5914982482516, 'y': 1153.4457712735639, 'z': 60.0}
2026-02-13 18:03:16,269 - Drone_3 - INFO - Drone 3: Flying to {'x': 1743.346032974529, 'y': 1166.8490672938776, 'z': 60.0}
2026-02-13 18:03:16,270 - Drone_4 - INFO - Drone 4: Flying to {'x': 1753.1882022279383, 'y': 1130.2003059998412, 'z': 60.0}
2026-02-13 18:03:16,667 - Drone_2 - INFO - Drone 2: Reached target position
2026-02-13 18:03:17,271 - Drone_2 - INFO - Drone 2: Flying to {'x': 1766.5914982482514, 'y': 1153.445771273564, 'z': 60.0}
2026-02-13 18:03:17,271 - Drone_3 - INFO - Drone 3: Flying to {'x': 1743.346032974529, 'y': 1166.8490672938776, 'z': 60.0}
2026-02-13 18:03:17,272 - Drone_4 - INFO - Drone 4: Flying to {'x': 1753.188202227938, 'y': 1130.2003059998415, 'z': 60.0}
2026-02-13 18:03:17,672 - Drone_2 - INFO - Drone 2: Reached target position
2026-02-13 18:03:18,272 - Drone_2 - INFO - Drone 2: Flying to {'x': 1766.591498248251, 'y': 1153.4457712735646, 'z': 60.0}
2026-02-13 18:03:18,273 - Drone_3 - INFO - Drone 3: Flying to {'x': 1743.3460329745285, 'y': 1166.8490672938785, 'z': 60.0}
2026-02-13 18:03:18,273 - Drone_4 - INFO - Drone 4: Flying to {'x': 1753.1882022279367, 'y': 1130.2003059998422, 'z': 60.0}
2026-02-13 18:03:18,575 - Drone_2 - INFO - Drone 2: Reached target position
2026-02-13 18:03:18,732 - Drone_1 - INFO - Drone 1: Reached target position
2026-02-13 18:03:19,274 - Drone_2 - INFO - Drone 2: Flying to {'x': 1799.8984838236327, 'y': 1204.415492460585, 'z': 60.0}
2026-02-13 18:03:19,275 - Drone_3 - INFO - Drone 3: Flying to {'x': 1823.2236857476935, 'y': 1191.1514449937756, 'z': 60.0}
2026-02-13 18:03:19,276 - Drone_4 - INFO - Drone 4: Flying to {'x': 1813.162531290442, 'y': 1227.740694384646, 'z': 60.0}
2026-02-13 18:03:20,277 - Drone_2 - INFO - Drone 2: Flying to {'x': 1793.3224454158494, 'y': 1199.875951486388, 'z': 60.0}
2026-02-13 18:03:20,278 - Drone_3 - INFO - Drone 3: Flying to {'x': 1816.5890477101277, 'y': 1186.5093805843244, 'z': 60.0}
2026-02-13 18:03:20,278 - Drone_4 - INFO - Drone 4: Flying to {'x': 1806.6890163179128, 'y': 1223.142553780666, 'z': 60.0}
2026-02-13 18:03:21,279 - Drone_2 - INFO - Drone 2: Flying to {'x': 1786.7254134987304, 'y': 1195.3644763538148, 'z': 60.0}
2026-02-13 18:03:21,280 - Drone_3 - INFO - Drone 3: Flying to {'x': 1809.932869779557, 'y': 1181.8954759093308, 'z': 60.0}
2026-02-13 18:03:21,281 - Drone_4 - INFO - Drone 4: Flying to {'x': 1800.1944139432142, 'y': 1218.5719326346416, 'z': 60.0}
2026-02-13 18:03:22,282 - Drone_2 - INFO - Drone 2: Flying to {'x': 1780.096249323837, 'y': 1190.8740967368997, 'z': 60.0}
2026-02-13 18:03:22,282 - Drone_3 - INFO - Drone 3: Flying to {'x': 1803.2441109625458, 'y': 1177.3029323964613, 'z': 60.0}
2026-02-13 18:03:22,282 - Drone_4 - INFO - Drone 4: Flying to {'x': 1793.6674136642753, 'y': 1214.0219583756086, 'z': 60.0}
2026-02-13 18:03:22,599 - Drone_2 - INFO - Drone 2: Reached target position
2026-02-13 18:03:23,283 - Drone_2 - INFO - Drone 2: Flying to {'x': 1773.4585083387303, 'y': 1186.421136925841, 'z': 60.0}
2026-02-13 18:03:23,283 - Drone_3 - INFO - Drone 3: Flying to {'x': 1796.5467410362367, 'y': 1172.748773892853, 'z': 60.0}
2026-02-13 18:03:23,283 - Drone_4 - INFO - Drone 4: Flying to {'x': 1787.1308713717183, 'y': 1209.5093696233469, 'z': 60.0}
2026-02-13 18:03:23,509 - Drone_2 - INFO - Drone 2: Reached target position
2026-02-13 18:03:24,284 - Drone_2 - INFO - Drone 2: Flying to {'x': 1766.809998515817, 'y': 1182.0041494078746, 'z': 60.0}
2026-02-13 18:03:24,284 - Drone_3 - INFO - Drone 3: Flying to {'x': 1789.8387531275596, 'y': 1168.2318416480211, 'z': 60.0}
2026-02-13 18:03:24,285 - Drone_4 - INFO - Drone 4: Flying to {'x': 1780.5823062756706, 'y': 1205.0329040196177, 'z': 60.0}
2026-02-13 18:03:24,522 - Drone_2 - INFO - Drone 2: Reached target position
2026-02-13 18:03:25,286 - Drone_2 - INFO - Drone 2: Flying to {'x': 1760.1315412603901, 'y': 1177.6104852048954, 'z': 60.0}
2026-02-13 18:03:25,286 - Drone_3 - INFO - Drone 3: Flying to {'x': 1783.101004163575, 'y': 1163.7395164593747, 'z': 60.0}
2026-02-13 18:03:25,286 - Drone_4 - INFO - Drone 4: Flying to {'x': 1774.0025100059106, 'y': 1200.5799481080805, 'z': 60.0}
2026-02-13 18:03:25,527 - Drone_2 - INFO - Drone 2: Reached target position
2026-02-13 18:03:26,287 - Drone_2 - INFO - Drone 2: Flying to {'x': 1753.421052182739, 'y': 1173.2389228370673, 'z': 60.0}
2026-02-13 18:03:26,288 - Drone_3 - INFO - Drone 3: Flying to {'x': 1776.3316017755683, 'y': 1159.2708622217021, 'z': 60.0}
2026-02-13 18:03:26,288 - Drone_4 - INFO - Drone 4: Flying to {'x': 1767.3891127981037, 'y': 1196.1494724298964, 'z': 60.0}
2026-02-13 18:03:26,533 - Drone_2 - INFO - Drone 2: Reached target position
2026-02-13 18:03:27,289 - Drone_2 - INFO - Drone 2: Flying to {'x': 1746.7102751480454, 'y': 1168.9098555591188, 'z': 60.0}
2026-02-13 18:03:27,289 - Drone_3 - INFO - Drone 3: Flying to {'x': 1769.562774027194, 'y': 1154.8470217416227, 'z': 60.0}
2026-02-13 18:03:27,290 - Drone_4 - INFO - Drone 4: Flying to {'x': 1760.7731089655417, 'y': 1191.7623544382675, 'z': 60.0}
2026-02-13 18:03:27,539 - Drone_2 - INFO - Drone 2: Reached target position
2026-02-13 18:03:28,290 - Drone_2 - INFO - Drone 2: Flying to {'x': 1739.978056568477, 'y': 1164.6091317417545, 'z': 60.0}
2026-02-13 18:03:28,290 - Drone_3 - INFO - Drone 3: Flying to {'x': 1762.7733852437461, 'y': 1150.4538150520273, 'z': 60.0}
2026-02-13 18:03:28,290 - Drone_4 - INFO - Drone 4: Flying to {'x': 1754.1333732582045, 'y': 1187.404460417023, 'z': 60.0}
2026-02-13 18:03:28,545 - Drone_2 - INFO - Drone 2: Reached target position
2026-02-13 18:03:29,291 - Drone_2 - INFO - Drone 2: Flying to {'x': 1733.222760974052, 'y': 1160.3352797566813, 'z': 60.0}
2026-02-13 18:03:29,292 - Drone_3 - INFO - Drone 3: Flying to {'x': 1755.961988242652, 'y': 1146.0900158690952, 'z': 60.0}
2026-02-13 18:03:29,293 - Drone_4 - INFO - Drone 4: Flying to {'x': 1747.468024861638, 'y': 1183.0745070252813, 'z': 60.0}
2026-02-13 18:03:29,552 - Drone_2 - INFO - Drone 2: Reached target position
2026-02-13 18:03:29,971 - PhysicalMLTrainer_Drone3 - INFO - Physical ML model trained drone=3 samples=1901 degree=2 alpha=0.0 val_mse=0.000731
2026-02-13 18:03:29,999 - PhysicalMLTrainer_Drone1 - INFO - Physical ML model trained drone=1 samples=1851 degree=2 alpha=1.0 val_mse=0.076725
2026-02-13 18:03:30,046 - PhysicalMLTrainer_Drone4 - INFO - Physical ML model trained drone=4 samples=1901 degree=2 alpha=0.0 val_mse=0.000683
2026-02-13 18:03:30,048 - PhysicalMLTrainer_Drone5 - INFO - Physical ML model trained drone=5 samples=1901 degree=2 alpha=0.0 val_mse=0.000440
2026-02-13 18:03:30,060 - PhysicalMLTrainer_Drone2 - INFO - Physical ML model trained drone=2 samples=1901 degree=2 alpha=0.0 val_mse=0.023741
2026-02-13 18:03:30,294 - Drone_2 - INFO - Drone 2: Flying to {'x': 1727.094235062806, 'y': 1156.4932309511014, 'z': 60.0}
2026-02-13 18:03:30,294 - Drone_3 - INFO - Drone 3: Flying to {'x': 1749.7838171303165, 'y': 1142.1690253674853, 'z': 60.0}
2026-02-13 18:03:30,294 - Drone_4 - INFO - Drone 4: Flying to {'x': 1741.418440646422, 'y': 1179.1828130186123, 'z': 60.0}
2026-02-13 18:03:30,563 - Drone_2 - INFO - Drone 2: Reached target position
2026-02-13 18:03:31,295 - Drone_2 - INFO - Drone 2: Flying to {'x': 1720.306895353521, 'y': 1152.2763053889016, 'z': 60.0}
2026-02-13 18:03:31,296 - Drone_3 - INFO - Drone 3: Flying to {'x': 1742.943048657704, 'y': 1137.8678160999605, 'z': 60.0}
2026-02-13 18:03:31,297 - Drone_4 - INFO - Drone 4: Flying to {'x': 1734.7153846424624, 'y': 1174.9124586930843, 'z': 60.0}
2026-02-13 18:03:31,571 - Drone_2 - INFO - Drone 2: Reached target position
2026-02-13 18:03:32,298 - Drone_2 - INFO - Drone 2: Flying to {'x': 1713.4939367271536, 'y': 1148.0826461144159, 'z': 60.0}
2026-02-13 18:03:32,299 - Drone_3 - INFO - Drone 3: Flying to {'x': 1736.0782668767245, 'y': 1133.5930625560397, 'z': 60.0}
2026-02-13 18:03:32,299 - Drone_4 - INFO - Drone 4: Flying to {'x': 1727.9835202855297, 'y': 1170.6669762639872, 'z': 60.0}
2026-02-13 18:03:32,577 - Drone_2 - INFO - Drone 2: Reached target position
2026-02-13 18:03:33,300 - Drone_2 - INFO - Drone 2: Flying to {'x': 1706.661153978132, 'y': 1143.9149276076305, 'z': 60.0}
2026-02-13 18:03:33,301 - Drone_3 - INFO - Drone 3: Flying to {'x': 1729.1954910558686, 'y': 1129.347716053357, 'z': 60.0}
2026-02-13 18:03:33,302 - Drone_4 - INFO - Drone 4: Flying to {'x': 1721.2283655324056, 'y': 1166.4492646853669, 'z': 60.0}
2026-02-13 18:03:33,584 - Drone_2 - INFO - Drone 2: Reached target position
2026-02-13 18:03:34,303 - Drone_2 - INFO - Drone 2: Flying to {'x': 1699.798308270504, 'y': 1139.7659416222564, 'z': 60.0}
2026-02-13 18:03:34,304 - Drone_3 - INFO - Drone 3: Flying to {'x': 1722.2845824633182, 'y': 1125.124648205157, 'z': 60.0}
2026-02-13 18:03:34,304 - Drone_4 - INFO - Drone 4: Flying to {'x': 1714.4396016876035, 'y': 1162.2522158150703, 'z': 60.0}
2026-02-13 18:03:34,590 - Drone_2 - INFO - Drone 2: Reached target position
2026-02-13 18:03:35,306 - Drone_2 - INFO - Drone 2: Flying to {'x': 1692.9250080447587, 'y': 1135.6463947139669, 'z': 60.0}
2026-02-13 18:03:35,307 - Drone_3 - INFO - Drone 3: Flying to {'x': 1715.3654488253014, 'y': 1120.9349495920567, 'z': 60.0}
2026-02-13 18:03:35,307 - Drone_4 - INFO - Drone 4: Flying to {'x': 1707.6364531666688, 'y': 1158.0868354945092, 'z': 60.0}
2026-02-13 18:03:35,597 - Drone_2 - INFO - Drone 2: Reached target position
2026-02-13 18:03:36,308 - Drone_2 - INFO - Drone 2: Flying to {'x': 1686.0450929497574, 'y': 1131.5571724419374, 'z': 60.0}
2026-02-13 18:03:36,308 - Drone_3 - INFO - Drone 3: Flying to {'x': 1708.4420957500847, 'y': 1116.7796805856674, 'z': 60.0}
2026-02-13 18:03:36,309 - Drone_4 - INFO - Drone 4: Flying to {'x': 1700.8225848060274, 'y': 1153.9541752422647, 'z': 60.0}
2026-02-13 18:03:36,607 - Drone_2 - INFO - Drone 2: Reached target position
2026-02-13 18:03:37,309 - Drone_2 - INFO - Drone 2: Flying to {'x': 1679.1568148017254, 'y': 1127.4957319398868, 'z': 60.0}
2026-02-13 18:03:37,310 - Drone_3 - INFO - Drone 3: Flying to {'x': 1701.5128922100916, 'y': 1112.6563989726965, 'z': 60.0}
2026-02-13 18:03:37,311 - Drone_4 - INFO - Drone 4: Flying to {'x': 1693.9961477689153, 'y': 1149.8518093482528, 'z': 60.0}
2026-02-13 18:03:37,613 - Drone_2 - INFO - Drone 2: Reached target position
2026-02-13 18:03:38,312 - Drone_2 - INFO - Drone 2: Flying to {'x': 1672.2485277458825, 'y': 1123.453728882435, 'z': 60.0}
2026-02-13 18:03:38,312 - Drone_3 - INFO - Drone 3: Flying to {'x': 1694.566247892216, 'y': 1108.5567705529666, 'z': 60.0}
2026-02-13 18:03:38,313 - Drone_4 - INFO - Drone 4: Flying to {'x': 1687.1454860753508, 'y': 1145.771449028769, 'z': 60.0}
2026-02-13 18:03:38,618 - Drone_2 - INFO - Drone 2: Reached target position
2026-02-13 18:03:39,315 - Drone_2 - INFO - Drone 2: Flying to {'x': 1665.3174357960274, 'y': 1119.428072356984, 'z': 60.0}
2026-02-13 18:03:39,315 - Drone_3 - INFO - Drone 3: Flying to {'x': 1687.5994738654404, 'y': 1104.4777954540891, 'z': 60.0}
2026-02-13 18:03:39,315 - Drone_4 - INFO - Drone 4: Flying to {'x': 1680.2677126989222, 'y': 1141.710110426397, 'z': 60.0}
2026-02-13 18:03:39,623 - Drone_2 - INFO - Drone 2: Reached target position
2026-02-13 18:03:40,316 - Drone_2 - INFO - Drone 2: Flying to {'x': 1658.3816346180552, 'y': 1115.4276497412438, 'z': 60.0}
2026-02-13 18:03:40,317 - Drone_3 - INFO - Drone 3: Flying to {'x': 1680.630861471376, 'y': 1100.4285862894988, 'z': 60.0}
2026-02-13 18:03:40,317 - Drone_4 - INFO - Drone 4: Flying to {'x': 1673.3806980698002, 'y': 1137.6768765945644, 'z': 60.0}
2026-02-13 18:03:40,631 - Drone_2 - INFO - Drone 2: Reached target position
2026-02-13 18:03:41,318 - Drone_2 - INFO - Drone 2: Flying to {'x': 1651.431239662184, 'y': 1111.4450358967092, 'z': 60.0}
2026-02-13 18:03:41,318 - Drone_3 - INFO - Drone 3: Flying to {'x': 1673.6505657661316, 'y': 1096.4017135413778, 'z': 60.0}
2026-02-13 18:03:41,319 - Drone_4 - INFO - Drone 4: Flying to {'x': 1666.4745620175154, 'y': 1133.6643620006573, 'z': 60.0}
2026-02-13 18:03:41,636 - Drone_2 - INFO - Drone 2: Reached target position
2026-02-13 18:03:42,320 - Drone_2 - INFO - Drone 2: Flying to {'x': 1644.4724033605798, 'y': 1107.4820060672753, 'z': 60.0}
2026-02-13 18:03:42,320 - Drone_3 - INFO - Drone 3: Flying to {'x': 1666.6648431971541, 'y': 1092.3990483301457, 'z': 60.0}
2026-02-13 18:03:42,321 - Drone_4 - INFO - Drone 4: Flying to {'x': 1659.5553610977097, 'y': 1129.6744459038496, 'z': 60.0}
2026-02-13 18:03:42,641 - Drone_2 - INFO - Drone 2: Reached target position
2026-02-13 18:03:43,323 - Drone_2 - INFO - Drone 2: Flying to {'x': 1637.5045773810555, 'y': 1103.5364282939747, 'z': 60.0}
2026-02-13 18:03:43,324 - Drone_3 - INFO - Drone 3: Flying to {'x': 1659.6732062291135, 'y': 1088.4184953996585, 'z': 60.0}
2026-02-13 18:03:43,325 - Drone_4 - INFO - Drone 4: Flying to {'x': 1652.6225102753717, 'y': 1125.705057142033, 'z': 60.0}
2026-02-13 18:03:43,645 - Drone_2 - INFO - Drone 2: Reached target position
2026-02-13 18:03:44,326 - Drone_2 - INFO - Drone 2: Flying to {'x': 1630.5074979190351, 'y': 1099.5950678632912, 'z': 60.0}
2026-02-13 18:03:44,327 - Drone_3 - INFO - Drone 3: Flying to {'x': 1652.6553881290604, 'y': 1084.4467689738228, 'z': 60.0}
2026-02-13 18:03:44,328 - Drone_4 - INFO - Drone 4: Flying to {'x': 1645.6557968085033, 'y': 1121.7429580733167, 'z': 60.0}
2026-02-13 18:03:44,649 - Drone_2 - INFO - Drone 2: Reached target position
2026-02-13 18:03:45,329 - Drone_2 - INFO - Drone 2: Flying to {'x': 1623.4975893552273, 'y': 1095.6653859911778, 'z': 60.0}
2026-02-13 18:03:45,330 - Drone_3 - INFO - Drone 3: Flying to {'x': 1645.6279206508048, 'y': 1080.4914465966772, 'z': 60.0}
2026-02-13 18:03:45,332 - Drone_4 - INFO - Drone 4: Flying to {'x': 1638.6715287497284, 'y': 1117.7957172867555, 'z': 60.0}
2026-02-13 18:03:45,654 - Drone_2 - INFO - Drone 2: Reached target position
2026-02-13 18:03:46,333 - Drone_2 - INFO - Drone 2: Flying to {'x': 1616.488398049032, 'y': 1091.7530325213893, 'z': 60.0}
2026-02-13 18:03:46,334 - Drone_3 - INFO - Drone 3: Flying to {'x': 1638.6044120857002, 'y': 1076.558233308175, 'z': 60.0}
2026-02-13 18:03:46,336 - Drone_4 - INFO - Drone 4: Flying to {'x': 1631.683197262246, 'y': 1113.8690465580573, 'z': 60.0}
2026-02-13 18:03:46,660 - Drone_2 - INFO - Drone 2: Reached target position
2026-02-13 18:03:47,337 - Drone_2 - INFO - Drone 2: Flying to {'x': 1609.4741453781269, 'y': 1087.8527975691206, 'z': 60.0}
2026-02-13 18:03:47,338 - Drone_3 - INFO - Drone 3: Flying to {'x': 1631.5790847508026, 'y': 1072.6418917666929, 'z': 60.0}
2026-02-13 18:03:47,339 - Drone_4 - INFO - Drone 4: Flying to {'x': 1624.6850511805546, 'y': 1109.9577369417964, 'z': 60.0}
2026-02-13 18:03:47,666 - Drone_2 - INFO - Drone 2: Reached target position
2026-02-13 18:03:48,341 - Drone_2 - INFO - Drone 2: Flying to {'x': 1602.4430966856605, 'y': 1083.9562140168239, 'z': 60.0}
2026-02-13 18:03:48,343 - Drone_3 - INFO - Drone 3: Flying to {'x': 1624.5402009496295, 'y': 1068.73392827692, 'z': 60.0}
2026-02-13 18:03:48,345 - Drone_4 - INFO - Drone 4: Flying to {'x': 1617.6653824255638, 'y': 1106.0533182807928, 'z': 60.0}
2026-02-13 18:03:48,675 - Drone_2 - INFO - Drone 2: Reached target position
2026-02-13 18:03:49,347 - Drone_2 - INFO - Drone 2: Flying to {'x': 1595.4123658126734, 'y': 1080.07079596319, 'z': 60.0}
2026-02-13 18:03:49,347 - Drone_3 - INFO - Drone 3: Flying to {'x': 1617.5048963493214, 'y': 1064.8418730043174, 'z': 60.0}
2026-02-13 18:03:49,348 - Drone_4 - INFO - Drone 4: Flying to {'x': 1610.641288771546, 'y': 1102.163326499838, 'z': 60.0}
2026-02-13 18:03:49,679 - Drone_2 - INFO - Drone 2: Reached target position
2026-02-13 18:03:50,086 - PhysicalMLTrainer_Drone3 - INFO - Physical ML model trained drone=3 samples=2101 degree=2 alpha=0.0 val_mse=0.000785
2026-02-13 18:03:50,110 - PhysicalMLTrainer_Drone1 - INFO - Physical ML model trained drone=1 samples=2051 degree=2 alpha=1.0 val_mse=0.195677
2026-02-13 18:03:50,154 - PhysicalMLTrainer_Drone4 - INFO - Physical ML model trained drone=4 samples=2101 degree=2 alpha=0.0 val_mse=0.024323
2026-02-13 18:03:50,165 - PhysicalMLTrainer_Drone5 - INFO - Physical ML model trained drone=5 samples=2101 degree=2 alpha=0.0 val_mse=0.000038
2026-02-13 18:03:50,190 - PhysicalMLTrainer_Drone2 - INFO - Physical ML model trained drone=2 samples=2101 degree=2 alpha=0.0 val_mse=0.087190
2026-02-13 18:03:50,348 - Drone_2 - INFO - Drone 2: Flying to {'x': 1588.285249264805, 'y': 1076.1412651912026, 'z': 60.0}
2026-02-13 18:03:50,349 - Drone_3 - INFO - Drone 3: Flying to {'x': 1610.3764540345055, 'y': 1060.910419127271, 'z': 60.0}
2026-02-13 18:03:50,349 - Drone_4 - INFO - Drone 4: Flying to {'x': 1603.5160953287366, 'y': 1098.2324699609028, 'z': 60.0}
2026-02-13 18:03:50,694 - Drone_2 - INFO - Drone 2: Reached target position
2026-02-13 18:03:51,350 - Drone_2 - INFO - Drone 2: Flying to {'x': 1581.2451588424929, 'y': 1072.2667310540035, 'z': 60.0}
2026-02-13 18:03:51,350 - Drone_3 - INFO - Drone 3: Flying to {'x': 1603.3383009091785, 'y': 1057.0386952771462, 'z': 60.0}
2026-02-13 18:03:51,350 - Drone_4 - INFO - Drone 4: Flying to {'x': 1596.4731946193501, 'y': 1094.3598731206891, 'z': 60.0}
2026-02-13 18:03:51,698 - Drone_2 - INFO - Drone 2: Reached target position
2026-02-13 18:03:52,351 - Drone_2 - INFO - Drone 2: Flying to {'x': 1574.1668364555208, 'y': 1068.3761526879632, 'z': 60.0}
2026-02-13 18:03:52,352 - Drone_3 - INFO - Drone 3: Flying to {'x': 1596.2651464010153, 'y': 1053.15561729814, 'z': 60.0}
2026-02-13 18:03:52,353 - Drone_4 - INFO - Drone 4: Flying to {'x': 1589.3873718453442, 'y': 1090.4744626334575, 'z': 60.0}
2026-02-13 18:03:52,702 - Drone_2 - INFO - Drone 2: Reached target position
2026-02-13 18:03:53,354 - Drone_2 - INFO - Drone 2: Flying to {'x': 1567.1173477793407, 'y': 1064.5043987383453, 'z': 60.0}
2026-02-13 18:03:53,355 - Drone_3 - INFO - Drone 3: Flying to {'x': 1589.223973677026, 'y': 1049.2959441350733, 'z': 60.0}
2026-02-13 18:03:53,356 - Drone_4 - INFO - Drone 4: Flying to {'x': 1582.3258023826122, 'y': 1086.6110246360308, 'z': 60.0}
2026-02-13 18:03:53,706 - Drone_2 - INFO - Drone 2: Reached target position
2026-02-13 18:03:54,358 - Drone_2 - INFO - Drone 2: Flying to {'x': 1560.0695389581895, 'y': 1060.6345490401184, 'z': 60.0}
2026-02-13 18:03:54,359 - Drone_3 - INFO - Drone 3: Flying to {'x': 1582.1875940122243, 'y': 1045.4427209530613, 'z': 60.0}
2026-02-13 18:03:54,360 - Drone_4 - INFO - Drone 4: Flying to {'x': 1575.2613670452465, 'y': 1082.752604094153, 'z': 60.0}
2026-02-13 18:03:54,711 - Drone_2 - INFO - Drone 2: Reached target position
2026-02-13 18:03:55,362 - Drone_2 - INFO - Drone 2: Flying to {'x': 1553.0147905438673, 'y': 1056.7598991832651, 'z': 60.0}
2026-02-13 18:03:55,364 - Drone_3 - INFO - Drone 3: Flying to {'x': 1575.1473530878945, 'y': 1041.5892144513643, 'z': 60.0}
2026-02-13 18:03:55,365 - Drone_4 - INFO - Drone 4: Flying to {'x': 1568.1854752757683, 'y': 1078.8924617272924, 'z': 60.0}
2026-02-13 18:03:55,716 - Drone_2 - INFO - Drone 2: Reached target position
2026-02-13 18:03:56,368 - Drone_2 - INFO - Drone 2: Flying to {'x': 1545.9393652723381, 'y': 1052.8709297953078, 'z': 60.0}
2026-02-13 18:03:56,369 - Drone_3 - INFO - Drone 3: Flying to {'x': 1568.0895016993902, 'y': 1037.7259155575139, 'z': 60.0}
2026-02-13 18:03:56,370 - Drone_4 - INFO - Drone 4: Flying to {'x': 1561.0843795101318, 'y': 1075.0210662223599, 'z': 60.0}
2026-02-13 18:03:56,721 - Drone_2 - INFO - Drone 2: Reached target position
2026-02-13 18:03:57,372 - Drone_2 - INFO - Drone 2: Flying to {'x': 1538.8864272716867, 'y': 1048.9894266363249, 'z': 60.0}
2026-02-13 18:03:57,373 - Drone_3 - INFO - Drone 3: Flying to {'x': 1561.0570324763844, 'y': 1033.8743922381693, 'z': 60.0}
2026-02-13 18:03:57,374 - Drone_4 - INFO - Drone 4: Flying to {'x': 1554.001461669842, 'y': 1071.1600318410228, 'z': 60.0}
2026-02-13 18:03:57,728 - Drone_2 - INFO - Drone 2: Reached target position
2026-02-13 18:03:58,375 - Drone_2 - INFO - Drone 2: Flying to {'x': 1531.8383053191135, 'y': 1045.103772405035, 'z': 60.0}
2026-02-13 18:03:58,375 - Drone_3 - INFO - Drone 3: Flying to {'x': 1554.0322406982766, 'y': 1030.023015382076, 'z': 60.0}
2026-02-13 18:03:58,375 - Drone_4 - INFO - Drone 4: Flying to {'x': 1546.919062342073, 'y': 1067.297707784198, 'z': 60.0}
2026-02-13 18:03:58,732 - Drone_2 - INFO - Drone 2: Reached target position
2026-02-13 18:03:59,376 - Drone_2 - INFO - Drone 2: Flying to {'x': 1524.7865156978573, 'y': 1041.2073921899143, 'z': 60.0}
2026-02-13 18:03:59,377 - Drone_3 - INFO - Drone 3: Flying to {'x': 1547.0065981032947, 'y': 1026.1651869694163, 'z': 60.0}
2026-02-13 18:03:59,378 - Drone_4 - INFO - Drone 4: Flying to {'x': 1539.8287209183557, 'y': 1063.4274745953514, 'z': 60.0}
2026-02-13 18:03:59,738 - Drone_2 - INFO - Drone 2: Reached target position
2026-02-13 18:04:00,204 - Drone_4 - INFO - Drone 4: Reached target position
2026-02-13 18:04:00,379 - Drone_2 - INFO - Drone 2: Flying to {'x': 1517.7357290134453, 'y': 1037.3009837159223, 'z': 60.0}
2026-02-13 18:04:00,379 - Drone_3 - INFO - Drone 3: Flying to {'x': 1539.984683695926, 'y': 1022.3015165408215, 'z': 60.0}
2026-02-13 18:04:00,380 - Drone_4 - INFO - Drone 4: Flying to {'x': 1532.735196188546, 'y': 1059.549938398403, 'z': 60.0}
2026-02-13 18:04:00,844 - Drone_2 - INFO - Drone 2: Reached target position
2026-02-13 18:04:00,908 - Drone_4 - INFO - Drone 4: Reached target position
2026-02-13 18:04:01,381 - Drone_2 - INFO - Drone 2: Flying to {'x': 1510.6920624607048, 'y': 1033.3861005020099, 'z': 60.0}
2026-02-13 18:04:01,381 - Drone_3 - INFO - Drone 3: Flying to {'x': 1532.9725055401207, 'y': 1018.4334466845462, 'z': 60.0}
2026-02-13 18:04:01,382 - Drone_4 - INFO - Drone 4: Flying to {'x': 1525.6447162781685, 'y': 1055.6665435814257, 'z': 60.0}
2026-02-13 18:04:01,813 - Drone_4 - INFO - Drone 4: Reached target position
2026-02-13 18:04:01,847 - Drone_2 - INFO - Drone 2: Reached target position
2026-02-13 18:04:02,383 - Drone_2 - INFO - Drone 2: Flying to {'x': 1503.6547362155202, 'y': 1029.4605154281865, 'z': 60.0}
2026-02-13 18:04:02,384 - Drone_3 - INFO - Drone 3: Flying to {'x': 1525.9691972189853, 'y': 1014.5586756047007, 'z': 60.0}
2026-02-13 18:04:02,384 - Drone_4 - INFO - Drone 4: Flying to {'x': 1518.5565760390057, 'y': 1051.7749764316516, 'z': 60.0}
2026-02-13 18:04:02,822 - Drone_4 - INFO - Drone 4: Reached target position
2026-02-13 18:04:02,852 - Drone_2 - INFO - Drone 2: Reached target position
2026-02-13 18:04:03,385 - Drone_2 - INFO - Drone 2: Flying to {'x': 1496.5973116862172, 'y': 1025.5076185580158, 'z': 60.0}
2026-02-13 18:04:03,385 - Drone_3 - INFO - Drone 3: Flying to {'x': 1518.9483695106585, 'y': 1010.6607261515734, 'z': 60.0}
2026-02-13 18:04:03,385 - Drone_4 - INFO - Drone 4: Flying to {'x': 1511.4442040926594, 'y': 1047.8586763824574, 'z': 60.0}
2026-02-13 18:04:03,826 - Drone_4 - INFO - Drone 4: Reached target position
2026-02-13 18:04:03,855 - Drone_2 - INFO - Drone 2: Reached target position
2026-02-13 18:04:04,386 - Drone_2 - INFO - Drone 2: Flying to {'x': 1489.5581073373085, 'y': 1021.5470825602946, 'z': 60.0}
2026-02-13 18:04:04,387 - Drone_3 - INFO - Drone 3: Flying to {'x': 1511.9480546709794, 'y': 1006.7589028753083, 'z': 60.0}
2026-02-13 18:04:04,388 - Drone_4 - INFO - Drone 4: Flying to {'x': 1504.3462870222947, 'y': 1043.9370298939657, 'z': 60.0}
2026-02-13 18:04:04,832 - Drone_4 - INFO - Drone 4: Reached target position
2026-02-13 18:04:04,859 - Drone_2 - INFO - Drone 2: Reached target position
2026-02-13 18:04:05,389 - Drone_2 - INFO - Drone 2: Flying to {'x': 1482.5377180101646, 'y': 1017.5776255739293, 'z': 60.0}
2026-02-13 18:04:05,390 - Drone_3 - INFO - Drone 3: Flying to {'x': 1504.968734856159, 'y': 1002.8518154687187, 'z': 60.0}
2026-02-13 18:04:05,390 - Drone_4 - INFO - Drone 4: Flying to {'x': 1497.2635281153755, 'y': 1040.0086424199235, 'z': 60.0}
2026-02-13 18:04:05,837 - Drone_4 - INFO - Drone 4: Reached target position
2026-02-13 18:04:05,863 - Drone_2 - INFO - Drone 2: Reached target position
2026-02-13 18:04:06,391 - Drone_2 - INFO - Drone 2: Flying to {'x': 1476.2222423603525, 'y': 1013.9886626063919, 'z': 60.0}
2026-02-13 18:04:06,391 - Drone_3 - INFO - Drone 3: Flying to {'x': 1498.6920772808396, 'y': 999.3221525018695, 'z': 60.0}
2026-02-13 18:04:06,392 - Drone_4 - INFO - Drone 4: Flying to {'x': 1490.888752464875, 'y': 1036.458497526879, 'z': 60.0}
2026-02-13 18:04:06,742 - Drone_4 - INFO - Drone 4: Reached target position
2026-02-13 18:04:06,768 - Drone_2 - INFO - Drone 2: Reached target position
2026-02-13 18:04:07,392 - Drone_2 - INFO - Drone 2: Flying to {'x': 1469.206754614974, 'y': 1009.9802559579523, 'z': 60.0}
2026-02-13 18:04:07,393 - Drone_3 - INFO - Drone 3: Flying to {'x': 1491.7217024597314, 'y': 995.3830944685442, 'z': 60.0}
2026-02-13 18:04:07,393 - Drone_4 - INFO - Drone 4: Flying to {'x': 1483.803916104382, 'y': 1032.4952038027097, 'z': 60.0}
2026-02-13 18:04:07,748 - Drone_4 - INFO - Drone 4: Reached target position
2026-02-13 18:04:07,874 - Drone_2 - INFO - Drone 2: Reached target position
2026-02-13 18:04:08,394 - Drone_2 - INFO - Drone 2: Flying to {'x': 1462.2078894722497, 'y': 1005.9570330775707, 'z': 60.0}
2026-02-13 18:04:08,395 - Drone_3 - INFO - Drone 3: Flying to {'x': 1484.7698397741835, 'y': 991.4326260819968, 'z': 60.0}
2026-02-13 18:04:08,395 - Drone_4 - INFO - Drone 4: Flying to {'x': 1476.7322964678237, 'y': 1028.5189833795043, 'z': 60.0}
2026-02-13 18:04:08,753 - Drone_4 - INFO - Drone 4: Reached target position
2026-02-13 18:04:08,880 - Drone_2 - INFO - Drone 2: Reached target position
2026-02-13 18:04:09,396 - Drone_2 - INFO - Drone 2: Flying to {'x': 1455.2171461888868, 'y': 1001.9125854702509, 'z': 60.0}
2026-02-13 18:04:09,397 - Drone_3 - INFO - Drone 3: Flying to {'x': 1477.8279372908435, 'y': 987.464328629245, 'z': 60.0}
2026-02-13 18:04:09,398 - Drone_4 - INFO - Drone 4: Flying to {'x': 1469.6654030298926, 'y': 1024.5233765722076, 'z': 60.0}
2026-02-13 18:04:09,759 - Drone_4 - INFO - Drone 4: Reached target position
2026-02-13 18:04:09,886 - Drone_2 - INFO - Drone 2: Reached target position
2026-02-13 18:04:10,192 - PhysicalMLTrainer_Drone3 - INFO - Physical ML model trained drone=3 samples=2301 degree=2 alpha=0.0 val_mse=0.001127
2026-02-13 18:04:10,219 - PhysicalMLTrainer_Drone1 - INFO - Physical ML model trained drone=1 samples=2251 degree=2 alpha=1.0 val_mse=0.001669
2026-02-13 18:04:10,274 - PhysicalMLTrainer_Drone4 - INFO - Physical ML model trained drone=4 samples=2301 degree=2 alpha=0.0 val_mse=0.288059
2026-02-13 18:04:10,275 - PhysicalMLTrainer_Drone5 - INFO - Physical ML model trained drone=5 samples=2301 degree=2 alpha=0.0 val_mse=0.000011
2026-02-13 18:04:10,296 - PhysicalMLTrainer_Drone2 - INFO - Physical ML model trained drone=2 samples=2301 degree=2 alpha=0.0 val_mse=0.009142
2026-02-13 18:04:10,399 - Drone_2 - INFO - Drone 2: Flying to {'x': 1448.1683619694243, 'y': 997.806690120537, 'z': 60.0}
2026-02-13 18:04:10,400 - Drone_3 - INFO - Drone 3: Flying to {'x': 1470.8302138356664, 'y': 983.4386537205103, 'z': 60.0}
2026-02-13 18:04:10,401 - Drone_4 - INFO - Drone 4: Flying to {'x': 1462.5363983694513, 'y': 1020.4685419867792, 'z': 60.0}
2026-02-13 18:04:10,877 - Drone_4 - INFO - Drone 4: Reached target position
2026-02-13 18:04:10,899 - Drone_2 - INFO - Drone 2: Reached target position
2026-02-13 18:04:11,403 - Drone_2 - INFO - Drone 2: Flying to {'x': 1441.2043110016568, 'y': 993.721105597684, 'z': 60.0}
2026-02-13 18:04:11,403 - Drone_3 - INFO - Drone 3: Flying to {'x': 1463.9182980861112, 'y': 979.4356307813806, 'z': 60.0}
2026-02-13 18:04:11,404 - Drone_4 - INFO - Drone 4: Flying to {'x': 1455.4897858179602, 'y': 1016.4350926821384, 'z': 60.0}
2026-02-13 18:04:11,883 - Drone_4 - INFO - Drone 4: Reached target position
2026-02-13 18:04:11,904 - Drone_2 - INFO - Drone 2: Reached target position
2026-02-13 18:04:12,406 - Drone_2 - INFO - Drone 2: Flying to {'x': 1434.2444571092265, 'y': 989.6075519549945, 'z': 60.0}
2026-02-13 18:04:12,407 - Drone_3 - INFO - Drone 3: Flying to {'x': 1457.0121225141486, 'y': 975.4077839283858, 'z': 60.0}
2026-02-13 18:04:12,407 - Drone_4 - INFO - Drone 4: Flying to {'x': 1448.444225135835, 'y': 1012.375217359917, 'z': 60.0}
2026-02-13 18:04:12,888 - Drone_4 - INFO - Drone 4: Reached target position
2026-02-13 18:04:12,908 - Drone_2 - INFO - Drone 2: Reached target position
2026-02-13 18:04:13,408 - Drone_2 - INFO - Drone 2: Flying to {'x': 1427.2985859598753, 'y': 985.4704031631883, 'z': 60.0}
2026-02-13 18:04:13,408 - Drone_3 - INFO - Drone 3: Flying to {'x': 1450.121288430099, 'y': 971.3592638769487, 'z': 60.0}
2026-02-13 18:04:13,408 - Drone_4 - INFO - Drone 4: Flying to {'x': 1441.4097252461152, 'y': 1008.2931056334119, 'z': 60.0}
2026-02-13 18:04:13,814 - Drone_2 - INFO - Drone 2: Reached target position
2026-02-13 18:04:13,893 - Drone_4 - INFO - Drone 4: Reached target position
2026-02-13 18:04:14,409 - Drone_2 - INFO - Drone 2: Flying to {'x': 1420.3688638342524, 'y': 981.3096577598104, 'z': 60.0}
2026-02-13 18:04:14,409 - Drone_3 - INFO - Drone 3: Flying to {'x': 1443.2478317482144, 'y': 967.2899278340269, 'z': 60.0}
2026-02-13 18:04:14,409 - Drone_4 - INFO - Drone 4: Flying to {'x': 1434.388593760036, 'y': 1004.1886256737721, 'z': 60.0}
2026-02-13 18:04:14,819 - Drone_2 - INFO - Drone 2: Reached target position
2026-02-13 18:04:14,898 - Drone_4 - INFO - Drone 4: Reached target position
2026-02-13 18:04:15,410 - Drone_2 - INFO - Drone 2: Flying to {'x': 1413.4537407053092, 'y': 977.1231387660073, 'z': 60.0}
2026-02-13 18:04:15,411 - Drone_3 - INFO - Drone 3: Flying to {'x': 1436.3901014697071, 'y': 963.1975021598989, 'z': 60.0}
2026-02-13 18:04:15,411 - Drone_4 - INFO - Drone 4: Flying to {'x': 1427.3793773114176, 'y': 1000.0594995304052, 'z': 60.0}
2026-02-13 18:04:15,823 - Drone_2 - INFO - Drone 2: Reached target position
2026-02-13 18:04:15,903 - Drone_4 - INFO - Drone 4: Reached target position
2026-02-13 18:04:16,412 - Drone_2 - INFO - Drone 2: Flying to {'x': 1406.5521006671163, 'y': 972.9089462048695, 'z': 60.0}
2026-02-13 18:04:16,412 - Drone_3 - INFO - Drone 3: Flying to {'x': 1429.5468779507469, 'y': 959.0799832041155, 'z': 60.0}
2026-02-13 18:04:16,412 - Drone_4 - INFO - Drone 4: Flying to {'x': 1420.3810636678704, 'y': 995.9037234885002, 'z': 60.0}
2026-02-13 18:04:16,830 - Drone_2 - INFO - Drone 2: Reached target position
2026-02-13 18:04:16,909 - Drone_4 - INFO - Drone 4: Reached target position
2026-02-13 18:04:17,413 - Drone_2 - INFO - Drone 2: Flying to {'x': 1399.6636746175295, 'y': 968.6657219695988, 'z': 60.0}
2026-02-13 18:04:17,414 - Drone_3 - INFO - Drone 3: Flying to {'x': 1422.7177814776314, 'y': 954.9358946989075, 'z': 60.0}
2026-02-13 18:04:17,414 - Drone_4 - INFO - Drone 4: Flying to {'x': 1413.393501888221, 'y': 991.7198288297004, 'z': 60.0}
2026-02-13 18:04:17,836 - Drone_2 - INFO - Drone 2: Reached target position
2026-02-13 18:04:17,914 - Drone_4 - INFO - Drone 4: Reached target position
2026-02-13 18:04:18,415 - Drone_2 - INFO - Drone 2: Flying to {'x': 1392.7948790967787, 'y': 964.3963199196886, 'z': 60.0}
2026-02-13 18:04:18,415 - Drone_3 - INFO - Drone 3: Flying to {'x': 1415.9090589946538, 'y': 950.7678685165148, 'z': 60.0}
2026-02-13 18:04:18,415 - Drone_4 - INFO - Drone 4: Flying to {'x': 1406.423330499953, 'y': 987.5104998175636, 'z': 60.0}
2026-02-13 18:04:18,820 - Drone_4 - INFO - Drone 4: Reached target position
2026-02-13 18:04:18,844 - Drone_2 - INFO - Drone 2: Reached target position
2026-02-13 18:04:19,416 - Drone_2 - INFO - Drone 2: Flying to {'x': 1385.8922081163523, 'y': 960.0659986448773, 'z': 60.0}
2026-02-13 18:04:19,416 - Drone_3 - INFO - Drone 3: Flying to {'x': 1409.067566088449, 'y': 946.541843112454, 'z': 60.0}
2026-02-13 18:04:19,416 - Drone_4 - INFO - Drone 4: Flying to {'x': 1399.4163636487756, 'y': 983.241356616974, 'z': 60.0}
2026-02-13 18:04:19,825 - Drone_4 - INFO - Drone 4: Reached target position
2026-02-13 18:04:19,848 - Drone_2 - INFO - Drone 2: Reached target position
2026-02-13 18:04:20,417 - Drone_2 - INFO - Drone 2: Flying to {'x': 1379.041364980808, 'y': 955.7274023514149, 'z': 60.0}
2026-02-13 18:04:20,417 - Drone_3 - INFO - Drone 3: Flying to {'x': 1402.2781338272252, 'y': 942.3090353278845, 'z': 60.0}
2026-02-13 18:04:20,418 - Drone_4 - INFO - Drone 4: Flying to {'x': 1392.4597320043383, 'y': 978.9641711978323, 'z': 60.0}
2026-02-13 18:04:20,830 - Drone_4 - INFO - Drone 4: Reached target position
2026-02-13 18:04:20,855 - Drone_2 - INFO - Drone 2: Reached target position
2026-02-13 18:04:21,419 - Drone_2 - INFO - Drone 2: Flying to {'x': 1372.2234046574554, 'y': 951.3680236246361, 'z': 60.0}
2026-02-13 18:04:21,419 - Drone_3 - INFO - Drone 3: Flying to {'x': 1395.5218645536468, 'y': 938.0570594797832, 'z': 60.0}
2026-02-13 18:04:21,420 - Drone_4 - INFO - Drone 4: Flying to {'x': 1385.534368802308, 'y': 974.6664835208276, 'z': 60.0}
2026-02-13 18:04:21,836 - Drone_4 - INFO - Drone 4: Reached target position
2026-02-13 18:04:21,862 - Drone_2 - INFO - Drone 2: Reached target position
2026-02-13 18:04:22,420 - Drone_2 - INFO - Drone 2: Flying to {'x': 1365.4335985579926, 'y': 946.9841862694345, 'z': 60.0}
2026-02-13 18:04:22,421 - Drone_3 - INFO - Drone 3: Flying to {'x': 1388.7939551141014, 'y': 933.7821507607922, 'z': 60.0}
2026-02-13 18:04:22,421 - Drone_4 - INFO - Drone 4: Flying to {'x': 1378.635634066635, 'y': 970.3445428255436, 'z': 60.0}
2026-02-13 18:04:22,422 - Drone_1 - INFO - Drone 1: Flying to {'x': 1340.6198632822243, 'y': 915.8028049391572, 'z': 60.0}
2026-02-13 18:04:22,422 - Drone_3 - INFO - Drone 3: Flying to {'x': 1363.7690763505477, 'y': 926.209712399791, 'z': 57.91516816605919}
2026-02-13 18:04:22,843 - Drone_4 - INFO - Drone 4: Reached target position
2026-02-13 18:04:22,867 - Drone_2 - INFO - Drone 2: Reached target position
2026-02-13 18:04:22,983 - Drone_1 - INFO - Drone 1: Reached target position
2026-02-13 18:04:23,422 - Drone_2 - INFO - Drone 2: Flying to {'x': 1356.0829171093285, 'y': 940.74996519068, 'z': 60.0}
2026-02-13 18:04:23,423 - Drone_3 - INFO - Drone 3: Flying to {'x': 1379.468239397341, 'y': 927.5922031664679, 'z': 60.0}
2026-02-13 18:04:23,423 - Drone_4 - INFO - Drone 4: Flying to {'x': 1369.2406791335407, 'y': 964.1352874786924, 'z': 60.0}
2026-02-13 18:04:23,950 - Drone_4 - INFO - Drone 4: Reached target position
2026-02-13 18:04:24,071 - Drone_2 - INFO - Drone 2: Reached target position
2026-02-13 18:04:24,424 - Drone_2 - INFO - Drone 2: Flying to {'x': 1349.3036982155998, 'y': 936.3123718436702, 'z': 60.0}
2026-02-13 18:04:24,424 - Drone_3 - INFO - Drone 3: Flying to {'x': 1372.7515469916593, 'y': 923.266361427645, 'z': 60.0}
2026-02-13 18:04:24,425 - Drone_4 - INFO - Drone 4: Flying to {'x': 1362.3497086316247, 'y': 959.7602206197299, 'z': 60.0}
2026-02-13 18:04:24,855 - Drone_4 - INFO - Drone 4: Reached target position
2026-02-13 18:04:24,961 - Drone_3 - INFO - Drone 3: Reached target position
2026-02-13 18:04:24,975 - Drone_2 - INFO - Drone 2: Reached target position
2026-02-13 18:04:25,425 - Drone_2 - INFO - Drone 2: Flying to {'x': 1342.5526871889676, 'y': 931.8483634959254, 'z': 60.0}
2026-02-13 18:04:25,426 - Drone_3 - INFO - Drone 3: Flying to {'x': 1366.0629938082961, 'y': 918.9152477589823, 'z': 60.0}
2026-02-13 18:04:25,426 - Drone_4 - INFO - Drone 4: Flying to {'x': 1355.485802925911, 'y': 955.3586701152537, 'z': 60.0}
2026-02-13 18:04:25,765 - Drone_3 - INFO - Drone 3: Reached target position
2026-02-13 18:04:25,860 - Drone_4 - INFO - Drone 4: Reached target position
2026-02-13 18:04:25,879 - Drone_2 - INFO - Drone 2: Reached target position
2026-02-13 18:04:26,427 - Drone_2 - INFO - Drone 2: Flying to {'x': 1335.8256449920227, 'y': 927.3545940634224, 'z': 60.0}
2026-02-13 18:04:26,427 - Drone_3 - INFO - Drone 3: Flying to {'x': 1359.3982655851398, 'y': 914.535406945163, 'z': 60.0}
2026-02-13 18:04:26,428 - Drone_4 - INFO - Drone 4: Flying to {'x': 1348.644832110282, 'y': 950.9272146565396, 'z': 60.0}
2026-02-13 18:04:26,670 - Drone_3 - INFO - Drone 3: Reached target position
2026-02-13 18:04:26,865 - Drone_4 - INFO - Drone 4: Reached target position
2026-02-13 18:04:26,884 - Drone_2 - INFO - Drone 2: Reached target position
2026-02-13 18:04:27,428 - Drone_2 - INFO - Drone 2: Flying to {'x': 1329.1160835179637, 'y': 922.8261384543357, 'z': 60.0}
2026-02-13 18:04:27,429 - Drone_3 - INFO - Drone 3: Flying to {'x': 1352.7508207191968, 'y': 910.1218400703777, 'z': 60.0}
2026-02-13 18:04:27,429 - Drone_4 - INFO - Drone 4: Flying to {'x': 1341.8203819019216, 'y': 946.4608756555691, 'z': 60.0}
2026-02-13 18:04:27,674 - Drone_3 - INFO - Drone 3: Reached target position
2026-02-13 18:04:27,871 - Drone_4 - INFO - Drone 4: Reached target position
2026-02-13 18:04:27,888 - Drone_2 - INFO - Drone 2: Reached target position
2026-02-13 18:04:28,430 - Drone_2 - INFO - Drone 2: Flying to {'x': 1322.4260772403782, 'y': 918.2638250981245, 'z': 60.0}
2026-02-13 18:04:28,430 - Drone_3 - INFO - Drone 3: Flying to {'x': 1346.1226011763074, 'y': 905.6751494984467, 'z': 60.0}
2026-02-13 18:04:28,431 - Drone_4 - INFO - Drone 4: Flying to {'x': 1335.014752840056, 'y': 941.9603490340538, 'z': 60.0}
2026-02-13 18:04:28,681 - Drone_3 - INFO - Drone 3: Reached target position
2026-02-13 18:04:28,876 - Drone_4 - INFO - Drone 4: Reached target position
2026-02-13 18:04:28,893 - Drone_2 - INFO - Drone 2: Reached target position
2026-02-13 18:04:29,431 - Drone_2 - INFO - Drone 2: Flying to {'x': 1315.759374939499, 'y': 913.6697655515271, 'z': 60.0}
2026-02-13 18:04:29,432 - Drone_3 - INFO - Drone 3: Flying to {'x': 1339.517208314227, 'y': 901.1971814833133, 'z': 60.0}
2026-02-13 18:04:29,433 - Drone_4 - INFO - Drone 4: Flying to {'x': 1328.231959007713, 'y': 937.4275989262552, 'z': 60.0}
2026-02-13 18:04:29,687 - Drone_3 - INFO - Drone 3: Reached target position
2026-02-13 18:04:29,882 - Drone_4 - INFO - Drone 4: Reached target position
2026-02-13 18:04:29,898 - Drone_2 - INFO - Drone 2: Reached target position
2026-02-13 18:04:30,301 - PhysicalMLTrainer_Drone3 - INFO - Physical ML model trained drone=3 samples=2501 degree=2 alpha=1.0 val_mse=0.060263
2026-02-13 18:04:30,325 - PhysicalMLTrainer_Drone1 - INFO - Physical ML model trained drone=1 samples=2451 degree=2 alpha=0.0 val_mse=0.000547
2026-02-13 18:04:30,394 - PhysicalMLTrainer_Drone5 - INFO - Physical ML model trained drone=5 samples=2501 degree=2 alpha=0.0 val_mse=0.000004
2026-02-13 18:04:30,396 - PhysicalMLTrainer_Drone4 - INFO - Physical ML model trained drone=4 samples=2501 degree=2 alpha=1.0 val_mse=0.347495
2026-02-13 18:04:30,407 - PhysicalMLTrainer_Drone2 - INFO - Physical ML model trained drone=2 samples=2501 degree=2 alpha=0.0 val_mse=0.004724
2026-02-13 18:04:30,434 - Drone_2 - INFO - Drone 2: Flying to {'x': 1309.0587770525863, 'y': 909.0035573602075, 'z': 60.0}
2026-02-13 18:04:30,434 - Drone_3 - INFO - Drone 3: Flying to {'x': 1332.8778513015861, 'y': 896.648327620513, 'z': 60.0}
2026-02-13 18:04:30,434 - Drone_4 - INFO - Drone 4: Flying to {'x': 1321.4140067922808, 'y': 932.8226316092074, 'z': 60.0}
2026-02-13 18:04:30,704 - Drone_3 - INFO - Drone 3: Reached target position
2026-02-13 18:04:30,899 - Drone_4 - INFO - Drone 4: Reached target position
2026-02-13 18:04:30,911 - Drone_2 - INFO - Drone 2: Reached target position
2026-02-13 18:04:31,435 - Drone_2 - INFO - Drone 2: Flying to {'x': 1302.4454721220038, 'y': 904.3494503769064, 'z': 60.0}
2026-02-13 18:04:31,435 - Drone_3 - INFO - Drone 3: Flying to {'x': 1326.3244996391415, 'y': 892.1104943415341, 'z': 60.0}
2026-02-13 18:04:31,436 - Drone_4 - INFO - Drone 4: Flying to {'x': 1314.684428157376, 'y': 928.2284778940442, 'z': 60.0}
2026-02-13 18:04:31,712 - Drone_3 - INFO - Drone 3: Reached target position
2026-02-13 18:04:31,904 - Drone_4 - INFO - Drone 4: Reached target position
2026-02-13 18:04:31,916 - Drone_2 - INFO - Drone 2: Reached target position
2026-02-13 18:04:32,436 - Drone_2 - INFO - Drone 2: Flying to {'x': 1295.8497965883118, 'y': 899.6588457744267, 'z': 60.0}
2026-02-13 18:04:32,437 - Drone_3 - INFO - Drone 3: Flying to {'x': 1319.7880166784314, 'y': 887.5360730339603, 'z': 60.0}
2026-02-13 18:04:32,437 - Drone_4 - INFO - Drone 4: Flying to {'x': 1307.9725693287783, 'y': 923.5970658645463, 'z': 60.0}
2026-02-13 18:04:32,718 - Drone_3 - INFO - Drone 3: Reached target position
2026-02-13 18:04:32,909 - Drone_4 - INFO - Drone 4: Reached target position
2026-02-13 18:04:33,022 - Drone_2 - INFO - Drone 2: Reached target position
2026-02-13 18:04:33,437 - Drone_2 - INFO - Drone 2: Flying to {'x': 1289.9271145044286, 'y': 895.4047114510807, 'z': 60.0}
2026-02-13 18:04:33,438 - Drone_3 - INFO - Drone 3: Flying to {'x': 1313.917879543541, 'y': 883.3862592696189, 'z': 60.0}
2026-02-13 18:04:33,438 - Drone_4 - INFO - Drone 4: Flying to {'x': 1301.9455666858903, 'y': 919.3954764901936, 'z': 60.0}
2026-02-13 18:04:33,621 - Drone_3 - INFO - Drone 3: Reached target position
2026-02-13 18:04:33,815 - Drone_4 - INFO - Drone 4: Reached target position
2026-02-13 18:04:33,927 - Drone_2 - INFO - Drone 2: Reached target position
2026-02-13 18:04:34,438 - Drone_2 - INFO - Drone 2: Flying to {'x': 1283.3593295899695, 'y': 890.6400808539357, 'z': 60.0}
2026-02-13 18:04:34,439 - Drone_3 - INFO - Drone 3: Flying to {'x': 1307.4075819993457, 'y': 878.7370746767162, 'z': 60.0}
2026-02-13 18:04:34,439 - Drone_4 - INFO - Drone 4: Flying to {'x': 1295.262335767189, 'y': 914.6883332633121, 'z': 60.0}
2026-02-13 18:04:34,625 - Drone_3 - INFO - Drone 3: Reached target position
2026-02-13 18:04:34,822 - Drone_4 - INFO - Drone 4: Reached target position
2026-02-13 18:04:35,033 - Drone_2 - INFO - Drone 2: Reached target position
2026-02-13 18:04:35,440 - Drone_2 - INFO - Drone 2: Flying to {'x': 1276.832533402819, 'y': 885.8556379208159, 'z': 60.0}
2026-02-13 18:04:35,440 - Drone_3 - INFO - Drone 3: Flying to {'x': 1300.936986818029, 'y': 874.0668582743051, 'z': 60.0}
2026-02-13 18:04:35,441 - Drone_4 - INFO - Drone 4: Flying to {'x': 1288.6213130493297, 'y': 909.9600913360256, 'z': 60.0}
2026-02-13 18:04:35,630 - Drone_3 - INFO - Drone 3: Reached target position
2026-02-13 18:04:35,829 - Drone_4 - INFO - Drone 4: Reached target position
2026-02-13 18:04:36,039 - Drone_2 - INFO - Drone 2: Reached target position
2026-02-13 18:04:36,441 - Drone_2 - INFO - Drone 2: Flying to {'x': 1270.3301816922062, 'y': 881.0396103819224, 'z': 60.0}
2026-02-13 18:04:36,442 - Drone_3 - INFO - Drone 3: Flying to {'x': 1294.4895876446908, 'y': 869.3638618396211, 'z': 60.0}
2026-02-13 18:04:36,442 - Drone_4 - INFO - Drone 4: Flying to {'x': 1282.0059302345076, 'y': 905.1990163344071, 'z': 60.0}
2026-02-13 18:04:36,636 - Drone_3 - INFO - Drone 3: Reached target position
2026-02-13 18:04:36,837 - Drone_4 - INFO - Drone 4: Reached target position
2026-02-13 18:04:36,943 - Drone_2 - INFO - Drone 2: Reached target position
2026-02-13 18:04:37,443 - Drone_2 - INFO - Drone 2: Flying to {'x': 1263.8557979911482, 'y': 876.1949199174846, 'z': 60.0}
2026-02-13 18:04:37,444 - Drone_3 - INFO - Drone 3: Flying to {'x': 1288.0687718769452, 'y': 864.6306691589741, 'z': 60.0}
2026-02-13 18:04:37,444 - Drone_4 - INFO - Drone 4: Flying to {'x': 1275.4200487496587, 'y': 900.4078938032817, 'z': 60.0}
2026-02-13 18:04:37,641 - Drone_3 - INFO - Drone 3: Reached target position
2026-02-13 18:04:37,841 - Drone_4 - INFO - Drone 4: Reached target position
2026-02-13 18:04:37,948 - Drone_2 - INFO - Drone 2: Reached target position
2026-02-13 18:04:38,446 - Drone_2 - INFO - Drone 2: Flying to {'x': 1257.384029452924, 'y': 871.3027482653773, 'z': 60.0}
2026-02-13 18:04:38,446 - Drone_3 - INFO - Drone 3: Flying to {'x': 1281.6492843242731, 'y': 859.8486046470845, 'z': 60.0}
2026-02-13 18:04:38,447 - Drone_4 - INFO - Drone 4: Flying to {'x': 1268.8381730712172, 'y': 895.5680031367262, 'z': 60.0}
2026-02-13 18:04:38,645 - Drone_3 - INFO - Drone 3: Reached target position
2026-02-13 18:04:38,847 - Drone_4 - INFO - Drone 4: Reached target position
2026-02-13 18:04:38,953 - Drone_2 - INFO - Drone 2: Reached target position
2026-02-13 18:04:39,448 - Drone_2 - INFO - Drone 2: Flying to {'x': 1250.948064370682, 'y': 866.388554710032, 'z': 60.0}
2026-02-13 18:04:39,449 - Drone_3 - INFO - Drone 3: Flying to {'x': 1275.2639356036661, 'y': 855.0422598883321, 'z': 60.0}
2026-02-13 18:04:39,450 - Drone_4 - INFO - Drone 4: Flying to {'x': 1262.294359192382, 'y': 890.7044259430162, 'z': 60.0}
2026-02-13 18:04:39,651 - Drone_3 - INFO - Drone 3: Reached target position
2026-02-13 18:04:39,853 - Drone_4 - INFO - Drone 4: Reached target position
2026-02-13 18:04:39,958 - Drone_2 - INFO - Drone 2: Reached target position
2026-02-13 18:04:40,451 - Drone_2 - INFO - Drone 2: Flying to {'x': 1244.5516727432673, 'y': 861.4561118818992, 'z': 60.0}
2026-02-13 18:04:40,452 - Drone_3 - INFO - Drone 3: Flying to {'x': 1268.9163691761394, 'y': 850.2150457521241, 'z': 60.0}
2026-02-13 18:04:40,454 - Drone_4 - INFO - Drone 4: Flying to {'x': 1255.7927388730425, 'y': 885.8208083147715, 'z': 60.0}
2026-02-13 18:04:40,656 - Drone_3 - INFO - Drone 3: Reached target position
2026-02-13 18:04:40,858 - Drone_4 - INFO - Drone 4: Reached target position
2026-02-13 18:04:40,962 - Drone_2 - INFO - Drone 2: Reached target position
2026-02-13 18:04:41,455 - Drone_2 - INFO - Drone 2: Flying to {'x': 1238.1686877195798, 'y': 856.4859864994829, 'z': 60.0}
2026-02-13 18:04:41,456 - Drone_3 - INFO - Drone 3: Flying to {'x': 1262.580514469876, 'y': 845.3476421560215, 'z': 60.0}
2026-02-13 18:04:41,457 - Drone_4 - INFO - Drone 4: Flying to {'x': 1249.307032063041, 'y': 880.8978132497792, 'z': 60.0}
2026-02-13 18:04:41,662 - Drone_3 - INFO - Drone 3: Reached target position
2026-02-13 18:04:41,863 - Drone_4 - INFO - Drone 4: Reached target position
2026-02-13 18:04:41,967 - Drone_2 - INFO - Drone 2: Reached target position
2026-02-13 18:04:42,459 - Drone_2 - INFO - Drone 2: Flying to {'x': 1231.8208082152983, 'y': 851.495906302485, 'z': 60.0}
2026-02-13 18:04:42,460 - Drone_3 - INFO - Drone 3: Flying to {'x': 1256.277806030406, 'y': 840.4570993981217, 'z': 60.0}
2026-02-13 18:04:42,460 - Drone_4 - INFO - Drone 4: Flying to {'x': 1242.8596151196614, 'y': 875.9529041175927, 'z': 60.0}
2026-02-13 18:04:42,668 - Drone_3 - INFO - Drone 3: Reached target position
2026-02-13 18:04:42,869 - Drone_4 - INFO - Drone 4: Reached target position
2026-02-13 18:04:42,972 - Drone_2 - INFO - Drone 2: Reached target position
2026-02-13 18:04:43,461 - Drone_2 - INFO - Drone 2: Flying to {'x': 1225.4919089821599, 'y': 846.4742041179536, 'z': 60.0}
2026-02-13 18:04:43,461 - Drone_3 - INFO - Drone 3: Flying to {'x': 1249.992131837307, 'y': 835.5316687605457, 'z': 60.0}
2026-02-13 18:04:43,462 - Drone_4 - INFO - Drone 4: Flying to {'x': 1236.4344443395678, 'y': 870.9744269731008, 'z': 60.0}
2026-02-13 18:04:43,673 - Drone_3 - INFO - Drone 3: Reached target position
2026-02-13 18:04:43,875 - Drone_4 - INFO - Drone 4: Reached target position
2026-02-13 18:04:43,977 - Drone_2 - INFO - Drone 2: Reached target position
2026-02-13 18:04:44,462 - Drone_2 - INFO - Drone 2: Flying to {'x': 1219.183377609729, 'y': 841.4229661182198, 'z': 60.0}
2026-02-13 18:04:44,463 - Drone_3 - INFO - Drone 3: Flying to {'x': 1243.7247626361004, 'y': 830.573061925675, 'z': 60.0}
2026-02-13 18:04:44,463 - Drone_4 - INFO - Drone 4: Flying to {'x': 1230.033281802274, 'y': 865.9643511445911, 'z': 60.0}
2026-02-13 18:04:44,678 - Drone_3 - INFO - Drone 3: Reached target position
2026-02-13 18:04:44,881 - Drone_4 - INFO - Drone 4: Reached target position
2026-02-13 18:04:44,983 - Drone_2 - INFO - Drone 2: Reached target position
2026-02-13 18:04:45,463 - Drone_2 - INFO - Drone 2: Flying to {'x': 1212.8984610274608, 'y': 836.3459687403492, 'z': 60.0}
2026-02-13 18:04:45,464 - Drone_3 - INFO - Drone 3: Flying to {'x': 1237.4788189674957, 'y': 825.5846489542006, 'z': 60.0}
2026-02-13 18:04:45,464 - Drone_4 - INFO - Drone 4: Flying to {'x': 1223.6597808136094, 'y': 860.9263266803844, 'z': 60.0}
2026-02-13 18:04:45,683 - Drone_3 - INFO - Drone 3: Reached target position
2026-02-13 18:04:45,886 - Drone_4 - INFO - Drone 4: Reached target position
2026-02-13 18:04:45,988 - Drone_2 - INFO - Drone 2: Reached target position
2026-02-13 18:04:46,465 - Drone_2 - INFO - Drone 2: Flying to {'x': 1206.6430910929037, 'y': 831.24942168642, 'z': 60.0}
2026-02-13 18:04:46,466 - Drone_3 - INFO - Drone 3: Flying to {'x': 1231.2600955529467, 'y': 820.5721986666357, 'z': 60.0}
2026-02-13 18:04:46,466 - Drone_4 - INFO - Drone 4: Flying to {'x': 1217.320314112688, 'y': 855.8664261464633, 'z': 60.0}
2026-02-13 18:04:46,689 - Drone_3 - INFO - Drone 3: Reached target position
2026-02-13 18:04:46,892 - Drone_4 - INFO - Drone 4: Reached target position
2026-02-13 18:04:46,993 - Drone_2 - INFO - Drone 2: Reached target position
2026-02-13 18:04:47,467 - Drone_2 - INFO - Drone 2: Flying to {'x': 1200.4084482260027, 'y': 826.1276694666517, 'z': 60.0}
2026-02-13 18:04:47,468 - Drone_3 - INFO - Drone 3: Flying to {'x': 1225.0597230444496, 'y': 815.5298088417235, 'z': 60.0}
2026-02-13 18:04:47,468 - Drone_4 - INFO - Drone 4: Flying to {'x': 1211.006308850931, 'y': 850.7789442850986, 'z': 60.0}
2026-02-13 18:04:47,695 - Drone_3 - INFO - Drone 3: Reached target position
2026-02-13 18:04:47,896 - Drone_4 - INFO - Drone 4: Reached target position
2026-02-13 18:04:47,998 - Drone_2 - INFO - Drone 2: Reached target position
2026-02-13 18:04:48,469 - Drone_2 - INFO - Drone 2: Flying to {'x': 1194.193238875604, 'y': 820.9812328331749, 'z': 60.0}
2026-02-13 18:04:48,470 - Drone_3 - INFO - Drone 3: Flying to {'x': 1218.8763082211183, 'y': 810.4576361246088, 'z': 60.0}
2026-02-13 18:04:48,471 - Drone_4 - INFO - Drone 4: Flying to {'x': 1204.71683558417, 'y': 845.6643021786889, 'z': 60.0}
2026-02-13 18:04:48,701 - Drone_3 - INFO - Drone 3: Reached target position
2026-02-13 18:04:48,901 - Drone_4 - INFO - Drone 4: Reached target position
2026-02-13 18:04:49,003 - Drone_2 - INFO - Drone 2: Reached target position
2026-02-13 18:04:49,473 - Drone_2 - INFO - Drone 2: Flying to {'x': 1188.0017099032573, 'y': 815.8154016861214, 'z': 60.0}
2026-02-13 18:04:49,474 - Drone_3 - INFO - Drone 3: Flying to {'x': 1212.7139710107108, 'y': 805.360539135277, 'z': 60.0}
2026-02-13 18:04:49,475 - Drone_4 - INFO - Drone 4: Flying to {'x': 1198.4565724541017, 'y': 840.5276627935748, 'z': 60.0}
2026-02-13 18:04:49,707 - Drone_3 - INFO - Drone 3: Reached target position
2026-02-13 18:04:49,908 - Drone_4 - INFO - Drone 4: Reached target position
2026-02-13 18:04:50,009 - Drone_2 - INFO - Drone 2: Reached target position
2026-02-13 18:04:50,431 - PhysicalMLTrainer_Drone3 - INFO - Physical ML model trained drone=3 samples=2701 degree=2 alpha=1.0 val_mse=0.190615
2026-02-13 18:04:50,431 - PhysicalMLTrainer_Drone1 - INFO - Physical ML model trained drone=1 samples=2651 degree=2 alpha=0.0 val_mse=0.002230
2026-02-13 18:04:50,476 - Drone_2 - INFO - Drone 2: Flying to {'x': 1181.7915889385526, 'y': 810.5964915894568, 'z': 60.0}
2026-02-13 18:04:50,476 - Drone_3 - INFO - Drone 3: Flying to {'x': 1206.5305086376154, 'y': 800.2048674563715, 'z': 60.0}
2026-02-13 18:04:50,476 - Drone_4 - INFO - Drone 4: Flying to {'x': 1192.1832130716377, 'y': 835.3354112885197, 'z': 60.0}
2026-02-13 18:04:50,498 - PhysicalMLTrainer_Drone5 - INFO - Physical ML model trained drone=5 samples=2701 degree=2 alpha=0.0 val_mse=0.000002
2026-02-13 18:04:50,518 - PhysicalMLTrainer_Drone4 - INFO - Physical ML model trained drone=4 samples=2701 degree=2 alpha=1.0 val_mse=0.246385
2026-02-13 18:04:50,526 - PhysicalMLTrainer_Drone2 - INFO - Physical ML model trained drone=2 samples=2701 degree=2 alpha=0.0 val_mse=0.004020
2026-02-13 18:04:50,732 - Drone_3 - INFO - Drone 3: Reached target position
2026-02-13 18:04:50,820 - Drone_4 - INFO - Drone 4: Reached target position
2026-02-13 18:04:51,029 - Drone_2 - INFO - Drone 2: Reached target position
2026-02-13 18:04:51,476 - Drone_2 - INFO - Drone 2: Flying to {'x': 1175.5568911060495, 'y': 805.3208433210538, 'z': 60.0}
2026-02-13 18:04:51,477 - Drone_3 - INFO - Drone 3: Flying to {'x': 1200.3197977947727, 'y': 794.9865096547943, 'z': 60.0}
2026-02-13 18:04:51,477 - Drone_4 - INFO - Drone 4: Flying to {'x': 1185.8912247723088, 'y': 830.0837500097771, 'z': 60.0}
2026-02-13 18:04:51,738 - Drone_3 - INFO - Drone 3: Reached target position
2026-02-13 18:04:51,825 - Drone_4 - INFO - Drone 4: Reached target position
2026-02-13 18:04:52,034 - Drone_2 - INFO - Drone 2: Reached target position
2026-02-13 18:04:52,478 - Drone_2 - INFO - Drone 2: Flying to {'x': 1169.4175889528362, 'y': 800.092546809992, 'z': 60.0}
2026-02-13 18:04:52,478 - Drone_3 - INFO - Drone 3: Flying to {'x': 1194.2012603243184, 'y': 789.8081103475314, 'z': 60.0}
2026-02-13 18:04:52,479 - Drone_4 - INFO - Drone 4: Flying to {'x': 1179.702025415297, 'y': 824.8762181814739, 'z': 60.0}
2026-02-13 18:04:52,744 - Drone_3 - INFO - Drone 3: Reached target position
2026-02-13 18:04:52,830 - Drone_4 - INFO - Drone 4: Reached target position
2026-02-13 18:04:53,040 - Drone_2 - INFO - Drone 2: Reached target position
2026-02-13 18:04:53,480 - Drone_2 - INFO - Drone 2: Flying to {'x': 1163.2974752649764, 'y': 794.8497265610096, 'z': 60.0}
2026-02-13 18:04:53,480 - Drone_3 - INFO - Drone 3: Flying to {'x': 1188.098889536082, 'y': 784.608151967569, 'z': 60.0}
2026-02-13 18:04:53,480 - Drone_4 - INFO - Drone 4: Flying to {'x': 1173.539049858417, 'y': 819.6511408321151, 'z': 60.0}
2026-02-13 18:04:53,751 - Drone_3 - INFO - Drone 3: Reached target position
2026-02-13 18:04:53,835 - Drone_4 - INFO - Drone 4: Reached target position
2026-02-13 18:04:54,046 - Drone_2 - INFO - Drone 2: Reached target position
2026-02-13 18:04:54,481 - Drone_2 - INFO - Drone 2: Flying to {'x': 1157.1936753057275, 'y': 789.5924847311701, 'z': 60.0}
2026-02-13 18:04:54,481 - Drone_3 - INFO - Drone 3: Flying to {'x': 1182.0097068934638, 'y': 779.386379879834, 'z': 60.0}
2026-02-13 18:04:54,482 - Drone_4 - INFO - Drone 4: Flying to {'x': 1167.3997801570633, 'y': 814.4085163189065, 'z': 60.0}
2026-02-13 18:04:54,756 - Drone_3 - INFO - Drone 3: Reached target position
2026-02-13 18:04:54,841 - Drone_4 - INFO - Drone 4: Reached target position
2026-02-13 18:04:55,051 - Drone_2 - INFO - Drone 2: Reached target position
2026-02-13 18:04:55,483 - Drone_2 - INFO - Drone 2: Flying to {'x': 1151.1078249725565, 'y': 784.3249617073599, 'z': 60.0}
2026-02-13 18:04:55,484 - Drone_3 - INFO - Drone 3: Flying to {'x': 1175.9352310290938, 'y': 774.1465576819828, 'z': 60.0}
2026-02-13 18:04:55,485 - Drone_4 - INFO - Drone 4: Flying to {'x': 1161.2862289979334, 'y': 809.1523677638972, 'z': 60.0}
2026-02-13 18:04:55,763 - Drone_3 - INFO - Drone 3: Reached target position
2026-02-13 18:04:55,845 - Drone_4 - INFO - Drone 4: Reached target position
2026-02-13 18:04:56,056 - Drone_2 - INFO - Drone 2: Reached target position
2026-02-13 18:04:56,486 - Drone_2 - INFO - Drone 2: Flying to {'x': 1145.0269720362069, 'y': 779.038787212536, 'z': 60.0}
2026-02-13 18:04:56,487 - Drone_3 - INFO - Drone 3: Flying to {'x': 1169.862411042612, 'y': 768.8799994226902, 'z': 60.0}
2026-02-13 18:04:56,488 - Drone_4 - INFO - Drone 4: Flying to {'x': 1155.1857598260526, 'y': 803.8742262189413, 'z': 60.0}
2026-02-13 18:04:56,768 - Drone_3 - INFO - Drone 3: Reached target position
2026-02-13 18:04:56,850 - Drone_4 - INFO - Drone 4: Reached target position
2026-02-13 18:04:57,061 - Drone_2 - INFO - Drone 2: Reached target position
2026-02-13 18:04:57,489 - Drone_2 - INFO - Drone 2: Flying to {'x': 1138.9651703455106, 'y': 773.7492064839279, 'z': 60.0}
2026-02-13 18:04:57,490 - Drone_3 - INFO - Drone 3: Flying to {'x': 1163.8051599595935, 'y': 763.6015507954329, 'z': 60.0}
2026-02-13 18:04:57,490 - Drone_4 - INFO - Drone 4: Flying to {'x': 1149.1128260340054, 'y': 798.589196098011, 'z': 60.0}
2026-02-13 18:04:57,774 - Drone_3 - INFO - Drone 3: Reached target position
2026-02-13 18:04:57,855 - Drone_4 - INFO - Drone 4: Reached target position
2026-02-13 18:04:58,065 - Drone_2 - INFO - Drone 2: Reached target position
2026-02-13 18:04:58,491 - Drone_2 - INFO - Drone 2: Flying to {'x': 1132.9269880137804, 'y': 768.4634874280147, 'z': 60.0}
2026-02-13 18:04:58,491 - Drone_3 - INFO - Drone 3: Flying to {'x': 1157.7679366487746, 'y': 758.3181796005719, 'z': 60.0}
2026-02-13 18:04:58,491 - Drone_4 - INFO - Drone 4: Flying to {'x': 1143.0722958412227, 'y': 793.304436063009, 'z': 60.0}
2026-02-13 18:04:58,781 - Drone_3 - INFO - Drone 3: Reached target position
2026-02-13 18:04:58,861 - Drone_4 - INFO - Drone 4: Reached target position
2026-02-13 18:04:59,070 - Drone_2 - INFO - Drone 2: Reached target position
2026-02-13 18:04:59,492 - Drone_2 - INFO - Drone 2: Flying to {'x': 1126.8832553668506, 'y': 763.1594392417142, 'z': 60.0}
2026-02-13 18:04:59,492 - Drone_3 - INFO - Drone 3: Flying to {'x': 1151.7214491268696, 'y': 753.0073886734912, 'z': 60.0}
2026-02-13 18:04:59,492 - Drone_4 - INFO - Drone 4: Flying to {'x': 1137.0353059350737, 'y': 787.9976330017331, 'z': 60.0}
2026-02-13 18:04:59,786 - Drone_3 - INFO - Drone 3: Reached target position
2026-02-13 18:04:59,866 - Drone_4 - INFO - Drone 4: Reached target position
2026-02-13 18:05:00,075 - Drone_2 - INFO - Drone 2: Reached target position
2026-02-13 18:05:00,493 - Drone_2 - INFO - Drone 2: Flying to {'x': 1120.8565020338117, 'y': 757.8603188883602, 'z': 60.0}
2026-02-13 18:05:00,493 - Drone_3 - INFO - Drone 3: Flying to {'x': 1145.6881052870135, 'y': 747.6921587855895, 'z': 60.0}
2026-02-13 18:05:00,493 - Drone_4 - INFO - Drone 4: Flying to {'x': 1131.0246621365825, 'y': 782.6919221415619, 'z': 60.0}
2026-02-13 18:05:00,791 - Drone_3 - INFO - Drone 3: Reached target position
2026-02-13 18:05:00,873 - Drone_4 - INFO - Drone 4: Reached target position
2026-02-13 18:05:01,080 - Drone_2 - INFO - Drone 2: Reached target position
2026-02-13 18:05:01,494 - Drone_2 - INFO - Drone 2: Flying to {'x': 1114.836199687587, 'y': 752.5605470759599, 'z': 60.0}
2026-02-13 18:05:01,495 - Drone_3 - INFO - Drone 3: Flying to {'x': 1139.6572462807062, 'y': 742.3666446817737, 'z': 60.0}
2026-02-13 18:05:01,495 - Drone_4 - INFO - Drone 4: Flying to {'x': 1125.030102081773, 'y': 777.3815936690794, 'z': 60.0}
2026-02-13 18:05:01,796 - Drone_3 - INFO - Drone 3: Reached target position
2026-02-13 18:05:01,878 - Drone_4 - INFO - Drone 4: Reached target position
2026-02-13 18:05:02,085 - Drone_2 - INFO - Drone 2: Reached target position
2026-02-13 18:05:02,496 - Drone_2 - INFO - Drone 2: Flying to {'x': 1108.8167445738693, 'y': 747.2589880194836, 'z': 60.0}
2026-02-13 18:05:02,497 - Drone_3 - INFO - Drone 3: Flying to {'x': 1133.6231263409516, 'y': 737.0294511958648, 'z': 60.0}
2026-02-13 18:05:02,497 - Drone_4 - INFO - Drone 4: Flying to {'x': 1119.0462813974882, 'y': 772.0653697865657, 'z': 60.0}
2026-02-13 18:05:02,700 - Drone_3 - INFO - Drone 3: Reached target position
2026-02-13 18:05:02,884 - Drone_4 - INFO - Drone 4: Reached target position
2026-02-13 18:05:03,092 - Drone_2 - INFO - Drone 2: Reached target position
2026-02-13 18:05:03,498 - Drone_2 - INFO - Drone 2: Flying to {'x': 1102.7945575579915, 'y': 741.9564328898682, 'z': 60.0}
2026-02-13 18:05:03,498 - Drone_3 - INFO - Drone 3: Flying to {'x': 1127.582019297808, 'y': 731.6811353030766, 'z': 60.0}
2026-02-13 18:05:03,498 - Drone_4 - INFO - Drone 4: Flying to {'x': 1113.069855144783, 'y': 766.743894629685, 'z': 60.0}
2026-02-13 18:05:03,706 - Drone_3 - INFO - Drone 3: Reached target position
2026-02-13 18:05:03,892 - Drone_4 - INFO - Drone 4: Reached target position
2026-02-13 18:05:04,096 - Drone_2 - INFO - Drone 2: Reached target position
2026-02-13 18:05:04,498 - Drone_2 - INFO - Drone 2: Flying to {'x': 1096.7848729257373, 'y': 736.6703584478897, 'z': 60.0}
2026-02-13 18:05:04,499 - Drone_3 - INFO - Drone 3: Flying to {'x': 1121.549086385023, 'y': 726.3391565941392, 'z': 60.0}
2026-02-13 18:05:04,499 - Drone_4 - INFO - Drone 4: Flying to {'x': 1107.1160747794877, 'y': 761.4345719071754, 'z': 60.0}
2026-02-13 18:05:04,711 - Drone_3 - INFO - Drone 3: Reached target position
2026-02-13 18:05:04,899 - Drone_4 - INFO - Drone 4: Reached target position
2026-02-13 18:05:05,101 - Drone_2 - INFO - Drone 2: Reached target position
2026-02-13 18:05:05,499 - Drone_2 - INFO - Drone 2: Flying to {'x': 1091.3771234830717, 'y': 731.921866932354, 'z': 60.0}
2026-02-13 18:05:05,500 - Drone_3 - INFO - Drone 3: Flying to {'x': 1116.1165848650505, 'y': 721.5315324560454, 'z': 60.0}
2026-02-13 18:05:05,500 - Drone_4 - INFO - Drone 4: Flying to {'x': 1101.7674579593802, 'y': 756.661328314333, 'z': 60.0}
2026-02-13 18:05:05,617 - Drone_3 - INFO - Drone 3: Reached target position
2026-02-13 18:05:05,803 - Drone_4 - INFO - Drone 4: Reached target position
2026-02-13 18:05:06,004 - Drone_2 - INFO - Drone 2: Reached target position
2026-02-13 18:05:06,500 - Drone_2 - INFO - Drone 2: Flying to {'x': 1085.362952709848, 'y': 726.6538458042063, 'z': 60.0}
2026-02-13 18:05:06,501 - Drone_3 - INFO - Drone 3: Flying to {'x': 1110.0705157326465, 'y': 716.1878852905012, 'z': 60.0}
2026-02-13 18:05:06,501 - Drone_4 - INFO - Drone 4: Flying to {'x': 1095.8289132235532, 'y': 751.3614088270049, 'z': 60.0}
2026-02-13 18:05:06,722 - Drone_3 - INFO - Drone 3: Reached target position
2026-02-13 18:05:06,807 - Drone_4 - INFO - Drone 4: Reached target position
2026-02-13 18:05:07,008 - Drone_2 - INFO - Drone 2: Reached target position
2026-02-13 18:05:07,501 - Drone_2 - INFO - Drone 2: Flying to {'x': 1079.3405144009262, 'y': 721.3964675862461, 'z': 60.0}
2026-02-13 18:05:07,502 - Drone_3 - INFO - Drone 3: Flying to {'x': 1104.0114206370533, 'y': 710.8443879102672, 'z': 60.0}
2026-02-13 18:05:07,502 - Drone_4 - INFO - Drone 4: Flying to {'x': 1089.892594076905, 'y': 746.0673738223736, 'z': 60.0}
2026-02-13 18:05:07,728 - Drone_3 - INFO - Drone 3: Reached target position
2026-02-13 18:05:07,813 - Drone_4 - INFO - Drone 4: Reached target position
2026-02-13 18:05:08,012 - Drone_2 - INFO - Drone 2: Reached target position
2026-02-13 18:05:08,503 - Drone_2 - INFO - Drone 2: Flying to {'x': 1073.310786572197, 'y': 716.1550581552768, 'z': 60.0}
2026-02-13 18:05:08,503 - Drone_3 - INFO - Drone 3: Flying to {'x': 1097.9401721702288, 'y': 705.5064260805237, 'z': 60.0}
2026-02-13 18:05:08,503 - Drone_4 - INFO - Drone 4: Flying to {'x': 1083.95941864695, 'y': 740.7844437533087, 'z': 60.0}
2026-02-13 18:05:08,732 - Drone_3 - INFO - Drone 3: Reached target position
2026-02-13 18:05:08,817 - Drone_4 - INFO - Drone 4: Reached target position
2026-02-13 18:05:09,119 - Drone_2 - INFO - Drone 2: Reached target position
2026-02-13 18:05:09,504 - Drone_2 - INFO - Drone 2: Flying to {'x': 1067.275286339245, 'y': 710.9354328776164, 'z': 60.0}
2026-02-13 18:05:09,504 - Drone_3 - INFO - Drone 3: Flying to {'x': 1091.8582052327683, 'y': 700.1799645626401, 'z': 60.0}
2026-02-13 18:05:09,505 - Drone_4 - INFO - Drone 4: Flying to {'x': 1078.0307546542215, 'y': 735.5183517711397, 'z': 60.0}
2026-02-13 18:05:09,735 - Drone_3 - INFO - Drone 3: Reached target position
2026-02-13 18:05:09,821 - Drone_4 - INFO - Drone 4: Reached target position
2026-02-13 18:05:10,025 - Drone_2 - INFO - Drone 2: Reached target position
2026-02-13 18:05:10,505 - Drone_2 - INFO - Drone 2: Flying to {'x': 1061.2288153640914, 'y': 705.7376287652452, 'z': 60.0}
2026-02-13 18:05:10,506 - Drone_3 - INFO - Drone 3: Flying to {'x': 1085.7602031738625, 'y': 694.8651399918957, 'z': 60.0}
2026-02-13 18:05:10,506 - Drone_4 - INFO - Drone 4: Flying to {'x': 1072.1013041374408, 'y': 730.2690165750164, 'z': 60.0}
2026-02-13 18:05:10,533 - PhysicalMLTrainer_Drone1 - INFO - Physical ML model trained drone=1 samples=2851 degree=2 alpha=0.0 val_mse=0.004663
2026-02-13 18:05:10,551 - PhysicalMLTrainer_Drone3 - INFO - Physical ML model trained drone=3 samples=2901 degree=2 alpha=1.0 val_mse=0.315365
2026-02-13 18:05:10,599 - PhysicalMLTrainer_Drone5 - INFO - Physical ML model trained drone=5 samples=2901 degree=2 alpha=0.0 val_mse=0.000001
2026-02-13 18:05:10,643 - PhysicalMLTrainer_Drone2 - INFO - Physical ML model trained drone=2 samples=2901 degree=2 alpha=0.0 val_mse=0.002320
2026-02-13 18:05:10,643 - PhysicalMLTrainer_Drone4 - INFO - Physical ML model trained drone=4 samples=2901 degree=2 alpha=0.0 val_mse=0.002138
2026-02-13 18:05:10,753 - Drone_3 - INFO - Drone 3: Reached target position
2026-02-13 18:05:10,844 - Drone_4 - INFO - Drone 4: Reached target position
2026-02-13 18:05:11,046 - Drone_2 - INFO - Drone 2: Reached target position
2026-02-13 18:05:11,507 - Drone_2 - INFO - Drone 2: Flying to {'x': 1055.0840296139854, 'y': 700.4919568438406, 'z': 60.0}
2026-02-13 18:05:11,507 - Drone_3 - INFO - Drone 3: Flying to {'x': 1079.5579059030931, 'y': 689.4906214982815, 'z': 60.0}
2026-02-13 18:05:11,508 - Drone_4 - INFO - Drone 4: Flying to {'x': 1066.0853649595447, 'y': 724.9658331329483, 'z': 60.0}
2026-02-13 18:05:11,758 - Drone_3 - INFO - Drone 3: Reached target position
2026-02-13 18:05:11,848 - Drone_4 - INFO - Drone 4: Reached target position
2026-02-13 18:05:12,153 - Drone_2 - INFO - Drone 2: Reached target position
2026-02-13 18:05:12,508 - Drone_2 - INFO - Drone 2: Flying to {'x': 1049.0056300854274, 'y': 695.343593600543, 'z': 60.0}
2026-02-13 18:05:12,508 - Drone_3 - INFO - Drone 3: Flying to {'x': 1073.4175049187627, 'y': 684.2053546409239, 'z': 60.0}
2026-02-13 18:05:12,509 - Drone_4 - INFO - Drone 4: Flying to {'x': 1060.1438690450468, 'y': 719.7554684338783, 'z': 60.0}
2026-02-13 18:05:12,761 - Drone_3 - INFO - Drone 3: Reached target position
2026-02-13 18:05:12,854 - Drone_4 - INFO - Drone 4: Reached target position
2026-02-13 18:05:13,058 - Drone_2 - INFO - Drone 2: Reached target position
2026-02-13 18:05:13,509 - Drone_2 - INFO - Drone 2: Flying to {'x': 1042.904876133387, 'y': 690.2212315131333, 'z': 60.0}
2026-02-13 18:05:13,510 - Drone_3 - INFO - Drone 3: Flying to {'x': 1067.2494298523804, 'y': 678.9366090461195, 'z': 60.0}
2026-02-13 18:05:13,510 - Drone_4 - INFO - Drone 4: Flying to {'x': 1054.1894986004006, 'y': 714.5657852321269, 'z': 60.0}
2026-02-13 18:05:13,765 - Drone_3 - INFO - Drone 3: Reached target position
2026-02-13 18:05:13,863 - Drone_4 - INFO - Drone 4: Reached target position
2026-02-13 18:05:14,164 - Drone_2 - INFO - Drone 2: Reached target position
2026-02-13 18:05:14,510 - Drone_2 - INFO - Drone 2: Flying to {'x': 1036.7911612637672, 'y': 685.1372374573729, 'z': 60.0}
2026-02-13 18:05:14,510 - Drone_3 - INFO - Drone 3: Flying to {'x': 1061.0631852721413, 'y': 673.6974450406851, 'z': 60.0}
2026-02-13 18:05:14,511 - Drone_4 - INFO - Drone 4: Flying to {'x': 1048.2309536804548, 'y': 709.4092614657471, 'z': 60.0}
2026-02-13 18:05:14,770 - Drone_3 - INFO - Drone 3: Reached target position
2026-02-13 18:05:14,868 - Drone_4 - INFO - Drone 4: Reached target position
2026-02-13 18:05:15,169 - Drone_2 - INFO - Drone 2: Reached target position
2026-02-13 18:05:15,511 - Drone_2 - INFO - Drone 2: Flying to {'x': 1030.6522751294283, 'y': 680.0858565852895, 'z': 60.0}
2026-02-13 18:05:15,511 - Drone_3 - INFO - Drone 3: Flying to {'x': 1054.8464558564253, 'y': 668.4823390604435, 'z': 60.0}
2026-02-13 18:05:15,512 - Drone_4 - INFO - Drone 4: Flying to {'x': 1042.2557926542745, 'y': 704.2800373122865, 'z': 60.0}
2026-02-13 18:05:15,774 - Drone_3 - INFO - Drone 3: Reached target position
2026-02-13 18:05:15,974 - Drone_4 - INFO - Drone 4: Reached target position
2026-02-13 18:05:16,174 - Drone_2 - INFO - Drone 2: Reached target position
2026-02-13 18:05:16,512 - Drone_2 - INFO - Drone 2: Flying to {'x': 1024.4878658713378, 'y': 675.0711994167306, 'z': 60.0}
2026-02-13 18:05:16,513 - Drone_3 - INFO - Drone 3: Flying to {'x': 1048.598948747171, 'y': 663.2959846605273, 'z': 60.0}
2026-02-13 18:05:16,513 - Drone_4 - INFO - Drone 4: Flying to {'x': 1036.263080627541, 'y': 699.1822822925637, 'z': 60.0}
2026-02-13 18:05:16,780 - Drone_3 - INFO - Drone 3: Reached target position
2026-02-13 18:05:16,981 - Drone_4 - INFO - Drone 4: Reached target position
2026-02-13 18:05:17,179 - Drone_2 - INFO - Drone 2: Reached target position
2026-02-13 18:05:17,513 - Drone_2 - INFO - Drone 2: Flying to {'x': 1018.2927291937557, 'y': 670.0933396732878, 'z': 60.0}
2026-02-13 18:05:17,514 - Drone_3 - INFO - Drone 3: Flying to {'x': 1042.315488765056, 'y': 658.1389671435604, 'z': 60.0}
2026-02-13 18:05:17,514 - Drone_4 - INFO - Drone 4: Flying to {'x': 1030.2471017234834, 'y': 694.1160992445881, 'z': 60.0}
2026-02-13 18:05:17,785 - Drone_3 - INFO - Drone 3: Reached target position
2026-02-13 18:05:17,986 - Drone_4 - INFO - Drone 4: Reached target position
2026-02-13 18:05:18,184 - Drone_2 - INFO - Drone 2: Reached target position
2026-02-13 18:05:18,515 - Drone_2 - INFO - Drone 2: Flying to {'x': 1012.0629203691163, 'y': 665.1533521387439, 'z': 60.0}
2026-02-13 18:05:18,515 - Drone_3 - INFO - Drone 3: Flying to {'x': 1035.992208956465, 'y': 653.0129589118594, 'z': 60.0}
2026-02-13 18:05:18,515 - Drone_4 - INFO - Drone 4: Flying to {'x': 1024.2033135960007, 'y': 689.0826407260926, 'z': 60.0}
2026-02-13 18:05:18,790 - Drone_3 - INFO - Drone 3: Reached target position
2026-02-13 18:05:18,993 - Drone_4 - INFO - Drone 4: Reached target position
2026-02-13 18:05:19,194 - Drone_2 - INFO - Drone 2: Reached target position
2026-02-13 18:05:19,516 - Drone_2 - INFO - Drone 2: Flying to {'x': 1005.7963467855158, 'y': 660.2536932371731, 'z': 60.0}
2026-02-13 18:05:19,517 - Drone_3 - INFO - Drone 3: Flying to {'x': 1029.6271606261064, 'y': 647.9211220658759, 'z': 60.0}
2026-02-13 18:05:19,518 - Drone_4 - INFO - Drone 4: Flying to {'x': 1018.1289179568132, 'y': 684.0845070777639, 'z': 60.0}
2026-02-13 18:05:19,797 - Drone_3 - INFO - Drone 3: Reached target position
2026-02-13 18:05:19,999 - Drone_4 - INFO - Drone 4: Reached target position
2026-02-13 18:05:20,200 - Drone_2 - INFO - Drone 2: Reached target position
2026-02-13 18:05:20,519 - Drone_2 - INFO - Drone 2: Flying to {'x': 999.5146749959039, 'y': 655.4148071813717, 'z': 60.0}
2026-02-13 18:05:20,520 - Drone_3 - INFO - Drone 3: Flying to {'x': 1023.2425947722638, 'y': 642.8854088284328, 'z': 60.0}
2026-02-13 18:05:20,520 - Drone_4 - INFO - Drone 4: Flying to {'x': 1012.0440733488429, 'y': 679.1427269577316, 'z': 60.0}
2026-02-13 18:05:20,803 - Drone_3 - INFO - Drone 3: Reached target position
2026-02-13 18:05:21,006 - Drone_4 - INFO - Drone 4: Reached target position
2026-02-13 18:05:21,207 - Drone_2 - INFO - Drone 2: Reached target position
2026-02-13 18:05:21,522 - Drone_2 - INFO - Drone 2: Flying to {'x': 993.1483835701765, 'y': 650.5872721343378, 'z': 60.0}
2026-02-13 18:05:21,522 - Drone_3 - INFO - Drone 3: Flying to {'x': 1016.7681009186078, 'y': 637.8550707386554, 'z': 60.0}
2026-02-13 18:05:21,522 - Drone_4 - INFO - Drone 4: Flying to {'x': 1005.880584965859, 'y': 674.206989482769, 'z': 60.0}
2026-02-13 18:05:21,811 - Drone_3 - INFO - Drone 3: Reached target position
2026-02-13 18:05:22,012 - Drone_4 - INFO - Drone 4: Reached target position
2026-02-13 18:05:22,213 - Drone_2 - INFO - Drone 2: Reached target position
2026-02-13 18:05:22,523 - Drone_2 - INFO - Drone 2: Flying to {'x': 986.7892343849874, 'y': 645.8439735192082, 'z': 60.0}
2026-02-13 18:05:22,523 - Drone_3 - INFO - Drone 3: Flying to {'x': 1010.2973182339206, 'y': 632.9068179681791, 'z': 60.0}
2026-02-13 18:05:22,523 - Drone_4 - INFO - Drone 4: Flying to {'x': 999.7263899360164, 'y': 669.3520573681415, 'z': 60.0}
2026-02-13 18:05:22,817 - Drone_3 - INFO - Drone 3: Reached target position
2026-02-13 18:05:23,018 - Drone_4 - INFO - Drone 4: Reached target position
2026-02-13 18:05:23,217 - Drone_2 - INFO - Drone 2: Reached target position
2026-02-13 18:05:23,524 - Drone_2 - INFO - Drone 2: Flying to {'x': 980.3891765900227, 'y': 641.1513246045246, 'z': 60.0}
2026-02-13 18:05:23,524 - Drone_3 - INFO - Drone 3: Flying to {'x': 1003.7817564438535, 'y': 628.0064698018977, 'z': 60.0}
2026-02-13 18:05:23,524 - Drone_4 - INFO - Drone 4: Flying to {'x': 993.5340313926496, 'y': 664.5439044583555, 'z': 60.0}
2026-02-13 18:05:23,823 - Drone_3 - INFO - Drone 3: Reached target position
2026-02-13 18:05:24,022 - Drone_4 - INFO - Drone 4: Reached target position
2026-02-13 18:05:24,223 - Drone_2 - INFO - Drone 2: Reached target position
2026-02-13 18:05:24,525 - Drone_2 - INFO - Drone 2: Flying to {'x': 973.9550905143401, 'y': 636.5169926865397, 'z': 60.0}
2026-02-13 18:05:24,526 - Drone_3 - INFO - Drone 3: Flying to {'x': 997.2288337928645, 'y': 623.1628594759809, 'z': 60.0}
2026-02-13 18:05:24,527 - Drone_4 - INFO - Drone 4: Flying to {'x': 987.309223724899, 'y': 659.7907359650638, 'z': 60.0}
2026-02-13 18:05:24,728 - Drone_3 - INFO - Drone 3: Reached target position
2026-02-13 18:05:25,028 - Drone_4 - INFO - Drone 4: Reached target position
2026-02-13 18:05:25,228 - Drone_2 - INFO - Drone 2: Reached target position
2026-02-13 18:05:25,528 - Drone_2 - INFO - Drone 2: Flying to {'x': 967.4819872564256, 'y': 631.9396123998356, 'z': 60.0}
2026-02-13 18:05:25,528 - Drone_3 - INFO - Drone 3: Flying to {'x': 990.6339269161215, 'y': 618.3754061940234, 'z': 60.0}
2026-02-13 18:05:25,529 - Drone_4 - INFO - Drone 4: Flying to {'x': 981.0461934622377, 'y': 655.0915520595316, 'z': 60.0}
2026-02-13 18:05:25,733 - Drone_3 - INFO - Drone 3: Reached target position
2026-02-13 18:05:25,933 - Drone_4 - INFO - Drone 4: Reached target position
2026-02-13 18:05:26,133 - Drone_2 - INFO - Drone 2: Reached target position
2026-02-13 18:05:26,531 - Drone_2 - INFO - Drone 2: Flying to {'x': 960.9656134163657, 'y': 627.4182095008754, 'z': 60.0}
2026-02-13 18:05:26,531 - Drone_3 - INFO - Drone 3: Flying to {'x': 983.9931940389976, 'y': 613.6439388970216, 'z': 60.0}
2026-02-13 18:05:26,532 - Drone_4 - INFO - Drone 4: Flying to {'x': 974.7398840202195, 'y': 650.4457901235072, 'z': 60.0}
2026-02-13 18:05:26,740 - Drone_3 - INFO - Drone 3: Reached target position
2026-02-13 18:05:26,940 - Drone_4 - INFO - Drone 4: Reached target position
2026-02-13 18:05:27,136 - Drone_2 - INFO - Drone 2: Reached target position
2026-02-13 18:05:27,532 - Drone_2 - INFO - Drone 2: Flying to {'x': 954.4055887408846, 'y': 622.9542621294872, 'z': 60.0}
2026-02-13 18:05:27,533 - Drone_3 - INFO - Drone 3: Flying to {'x': 977.306772737512, 'y': 608.970851545777, 'z': 60.0}
2026-02-13 18:05:27,533 - Drone_4 - INFO - Drone 4: Flying to {'x': 968.3889993245948, 'y': 645.8554461261147, 'z': 60.0}
2026-02-13 18:05:27,746 - Drone_3 - INFO - Drone 3: Reached target position
2026-02-13 18:05:27,944 - Drone_4 - INFO - Drone 4: Reached target position
2026-02-13 18:05:28,141 - Drone_2 - INFO - Drone 2: Reached target position
2026-02-13 18:05:28,534 - Drone_2 - INFO - Drone 2: Flying to {'x': 947.7929589522957, 'y': 618.5432278120835, 'z': 60.0}
2026-02-13 18:05:28,537 - Drone_3 - INFO - Drone 3: Flying to {'x': 970.5660907106773, 'y': 604.3522282026338, 'z': 60.0}
2026-02-13 18:05:28,537 - Drone_4 - INFO - Drone 4: Flying to {'x': 961.9839585617455, 'y': 641.3163595704649, 'z': 60.0}
2026-02-13 18:05:28,752 - Drone_3 - INFO - Drone 3: Reached target position
2026-02-13 18:05:28,948 - Drone_4 - INFO - Drone 4: Reached target position
2026-02-13 18:05:29,145 - Drone_2 - INFO - Drone 2: Reached target position
2026-02-13 18:05:29,538 - Drone_2 - INFO - Drone 2: Flying to {'x': 941.157414426554, 'y': 614.205633639543, 'z': 60.0}
2026-02-13 18:05:29,538 - Drone_3 - INFO - Drone 3: Flying to {'x': 963.8019930957391, 'y': 599.8103893937831, 'z': 60.0}
2026-02-13 18:05:29,538 - Drone_4 - INFO - Drone 4: Flying to {'x': 955.5526586723139, 'y': 636.8502123087281, 'z': 60.0}
2026-02-13 18:05:29,756 - Drone_3 - INFO - Drone 3: Reached target position
2026-02-13 18:05:29,952 - Drone_4 - INFO - Drone 4: Reached target position
2026-02-13 18:05:30,149 - Drone_2 - INFO - Drone 2: Reached target position
2026-02-13 18:05:30,539 - Drone_2 - INFO - Drone 2: Flying to {'x': 934.4802847259613, 'y': 609.9294296020298, 'z': 60.0}
2026-02-13 18:05:30,539 - Drone_3 - INFO - Drone 3: Flying to {'x': 956.9960430799246, 'y': 595.3335183339407, 'z': 60.0}
2026-02-13 18:05:30,540 - Drone_4 - INFO - Drone 4: Flying to {'x': 949.0761959940504, 'y': 632.4451879559931, 'z': 60.0}
2026-02-13 18:05:30,635 - PhysicalMLTrainer_Drone1 - INFO - Physical ML model trained drone=1 samples=3051 degree=2 alpha=0.0 val_mse=0.002896
2026-02-13 18:05:30,668 - PhysicalMLTrainer_Drone3 - INFO - Physical ML model trained drone=3 samples=3101 degree=2 alpha=1.0 val_mse=0.023363
2026-02-13 18:05:30,707 - PhysicalMLTrainer_Drone5 - INFO - Physical ML model trained drone=5 samples=3101 degree=2 alpha=0.0 val_mse=0.000001
2026-02-13 18:05:30,765 - PhysicalMLTrainer_Drone2 - INFO - Physical ML model trained drone=2 samples=3101 degree=2 alpha=0.0 val_mse=0.001121
2026-02-13 18:05:30,768 - PhysicalMLTrainer_Drone4 - INFO - Physical ML model trained drone=4 samples=3101 degree=2 alpha=0.0 val_mse=0.001255
2026-02-13 18:05:30,769 - Drone_3 - INFO - Drone 3: Reached target position
2026-02-13 18:05:30,969 - Drone_4 - INFO - Drone 4: Reached target position
2026-02-13 18:05:31,168 - Drone_2 - INFO - Drone 2: Reached target position
2026-02-13 18:05:31,540 - Drone_2 - INFO - Drone 2: Flying to {'x': 928.3744045859993, 'y': 606.0956149129399, 'z': 60.0}
2026-02-13 18:05:31,540 - Drone_3 - INFO - Drone 3: Flying to {'x': 950.773337180534, 'y': 591.321048299144, 'z': 60.0}
2026-02-13 18:05:31,541 - Drone_4 - INFO - Drone 4: Flying to {'x': 943.1489711997953, 'y': 628.4945475074745, 'z': 60.0}
2026-02-13 18:05:31,673 - Drone_3 - INFO - Drone 3: Reached target position
2026-02-13 18:05:31,974 - Drone_4 - INFO - Drone 4: Reached target position
2026-02-13 18:05:32,175 - Drone_2 - INFO - Drone 2: Reached target position
2026-02-13 18:05:32,541 - Drone_2 - INFO - Drone 2: Flying to {'x': 921.6176579704041, 'y': 601.9365635035707, 'z': 60.0}
2026-02-13 18:05:32,541 - Drone_3 - INFO - Drone 3: Flying to {'x': 943.8889369809863, 'y': 586.9702636524787, 'z': 60.0}
2026-02-13 18:05:32,542 - Drone_4 - INFO - Drone 4: Flying to {'x': 936.5839578214963, 'y': 624.2078425141531, 'z': 60.0}
2026-02-13 18:05:32,680 - Drone_3 - INFO - Drone 3: Reached target position
2026-02-13 18:05:32,980 - Drone_4 - INFO - Drone 4: Reached target position
2026-02-13 18:05:33,181 - Drone_2 - INFO - Drone 2: Reached target position
2026-02-13 18:05:33,543 - Drone_2 - INFO - Drone 2: Flying to {'x': 914.826578109699, 'y': 597.8426570595288, 'z': 60.0}
2026-02-13 18:05:33,543 - Drone_3 - INFO - Drone 3: Flying to {'x': 936.9718318517804, 'y': 582.6905041861307, 'z': 60.0}
2026-02-13 18:05:33,543 - Drone_4 - INFO - Drone 4: Flying to {'x': 929.9787309830971, 'y': 619.9879108016103, 'z': 60.0}
2026-02-13 18:05:33,685 - Drone_3 - INFO - Drone 3: Reached target position
2026-02-13 18:05:33,985 - Drone_4 - INFO - Drone 4: Reached target position
2026-02-13 18:05:34,185 - Drone_2 - INFO - Drone 2: Reached target position
2026-02-13 18:05:34,544 - Drone_2 - INFO - Drone 2: Flying to {'x': 907.9850288226964, 'y': 593.8033405223931, 'z': 60.0}
2026-02-13 18:05:34,544 - Drone_3 - INFO - Drone 3: Flying to {'x': 930.0061838817999, 'y': 578.4713892485687, 'z': 60.0}
2026-02-13 18:05:34,544 - Drone_4 - INFO - Drone 4: Flying to {'x': 923.316980096521, 'y': 615.8244955814964, 'z': 60.0}
2026-02-13 18:05:34,689 - Drone_3 - INFO - Drone 3: Reached target position
2026-02-13 18:05:34,990 - Drone_4 - INFO - Drone 4: Reached target position
2026-02-13 18:05:35,189 - Drone_2 - INFO - Drone 2: Reached target position
2026-02-13 18:05:35,545 - Drone_2 - INFO - Drone 2: Flying to {'x': 901.1091321224777, 'y': 589.8269706885927, 'z': 60.0}
2026-02-13 18:05:35,546 - Drone_3 - INFO - Drone 3: Flying to {'x': 923.0089902143817, 'y': 574.3222547752176, 'z': 60.0}
2026-02-13 18:05:35,546 - Drone_4 - INFO - Drone 4: Flying to {'x': 916.6138480358527, 'y': 611.7268287804967, 'z': 60.0}
2026-02-13 18:05:35,694 - Drone_3 - INFO - Drone 3: Reached target position
2026-02-13 18:05:35,995 - Drone_4 - INFO - Drone 4: Reached target position
2026-02-13 18:05:36,193 - Drone_2 - INFO - Drone 2: Reached target position
2026-02-13 18:05:36,546 - Drone_2 - INFO - Drone 2: Flying to {'x': 894.1928992146103, 'y': 585.9084526516644, 'z': 60.0}
2026-02-13 18:05:36,547 - Drone_3 - INFO - Drone 3: Flying to {'x': 915.9747123294718, 'y': 570.2383340359919, 'z': 60.0}
2026-02-13 18:05:36,547 - Drone_4 - INFO - Drone 4: Flying to {'x': 909.8630178302828, 'y': 607.690265766526, 'z': 60.0}
2026-02-13 18:05:36,699 - Drone_3 - INFO - Drone 3: Reached target position
2026-02-13 18:05:37,000 - Drone_4 - INFO - Drone 4: Reached target position
2026-02-13 18:05:37,198 - Drone_2 - INFO - Drone 2: Reached target position
2026-02-13 18:05:37,548 - Drone_2 - INFO - Drone 2: Flying to {'x': 887.2454590337509, 'y': 582.0509964425925, 'z': 60.0}
2026-02-13 18:05:37,548 - Drone_3 - INFO - Drone 3: Flying to {'x': 908.9131617491022, 'y': 566.2234679229795, 'z': 60.0}
2026-02-13 18:05:37,548 - Drone_4 - INFO - Drone 4: Flying to {'x': 903.0729875533641, 'y': 603.7186991579435, 'z': 60.0}
2026-02-13 18:05:37,706 - Drone_3 - INFO - Drone 3: Reached target position
2026-02-13 18:05:38,006 - Drone_4 - INFO - Drone 4: Reached target position
2026-02-13 18:05:38,203 - Drone_2 - INFO - Drone 2: Reached target position
2026-02-13 18:05:38,549 - Drone_2 - INFO - Drone 2: Flying to {'x': 880.2604416741582, 'y': 578.2488169119525, 'z': 60.0}
2026-02-13 18:05:38,550 - Drone_3 - INFO - Drone 3: Flying to {'x': 901.8183584921509, 'y': 562.2720768668586, 'z': 60.0}
2026-02-13 18:05:38,550 - Drone_4 - INFO - Drone 4: Flying to {'x': 896.237181719252, 'y': 599.8067337299453, 'z': 60.0}
2026-02-13 18:05:38,712 - Drone_3 - INFO - Drone 3: Reached target position
2026-02-13 18:05:39,011 - Drone_4 - INFO - Drone 4: Reached target position
2026-02-13 18:05:39,208 - Drone_2 - INFO - Drone 2: Reached target position
2026-02-13 18:05:39,550 - Drone_2 - INFO - Drone 2: Flying to {'x': 873.2275865208353, 'y': 574.4941185792505, 'z': 60.0}
2026-02-13 18:05:39,551 - Drone_3 - INFO - Drone 3: Flying to {'x': 894.680361263733, 'y': 558.3764743397691, 'z': 60.0}
2026-02-13 18:05:39,551 - Drone_4 - INFO - Drone 4: Flying to {'x': 889.3452307603167, 'y': 595.9468933221483, 'z': 60.0}
2026-02-13 18:05:39,718 - Drone_3 - INFO - Drone 3: Reached target position
2026-02-13 18:05:40,016 - Drone_4 - INFO - Drone 4: Reached target position
2026-02-13 18:05:40,213 - Drone_2 - INFO - Drone 2: Reached target position
2026-02-13 18:05:40,552 - Drone_2 - INFO - Drone 2: Flying to {'x': 866.182484606558, 'y': 570.8030749005117, 'z': 60.0}
2026-02-13 18:05:40,552 - Drone_3 - INFO - Drone 3: Flying to {'x': 887.5357088182006, 'y': 554.5537728918925, 'z': 60.0}
2026-02-13 18:05:40,553 - Drone_4 - INFO - Drone 4: Flying to {'x': 882.4317866151772, 'y': 592.1562991121544, 'z': 60.0}
2026-02-13 18:05:40,725 - Drone_3 - INFO - Drone 3: Reached target position
2026-02-13 18:05:41,126 - Drone_4 - INFO - Drone 4: Reached target position
2026-02-13 18:05:41,218 - Drone_2 - INFO - Drone 2: Reached target position
2026-02-13 18:05:41,553 - Drone_2 - INFO - Drone 2: Flying to {'x': 859.1016760007211, 'y': 567.1602397352225, 'z': 60.0}
2026-02-13 18:05:41,554 - Drone_3 - INFO - Drone 3: Flying to {'x': 880.3609731047474, 'y': 550.7882427085083, 'z': 60.0}
2026-02-13 18:05:41,554 - Drone_4 - INFO - Drone 4: Flying to {'x': 875.4736730274354, 'y': 588.4195368392488, 'z': 60.0}
2026-02-13 18:05:41,730 - Drone_3 - INFO - Drone 3: Reached target position
2026-02-13 18:05:42,131 - Drone_4 - INFO - Drone 4: Reached target position
2026-02-13 18:05:42,223 - Drone_2 - INFO - Drone 2: Reached target position
2026-02-13 18:05:42,556 - Drone_2 - INFO - Drone 2: Flying to {'x': 851.9938847023135, 'y': 563.5670029185601, 'z': 60.0}
2026-02-13 18:05:42,557 - Drone_3 - INFO - Drone 3: Flying to {'x': 873.16533649554, 'y': 547.0815660433335, 'z': 60.0}
2026-02-13 18:05:42,558 - Drone_4 - INFO - Drone 4: Flying to {'x': 868.4793215775401, 'y': 584.7384547117867, 'z': 60.0}
2026-02-13 18:05:42,734 - Drone_3 - INFO - Drone 3: Reached target position
2026-02-13 18:05:43,137 - Drone_4 - INFO - Drone 4: Reached target position
2026-02-13 18:05:43,229 - Drone_2 - INFO - Drone 2: Reached target position
2026-02-13 18:05:43,559 - Drone_2 - INFO - Drone 2: Flying to {'x': 844.8491268218603, 'y': 560.0151003788952, 'z': 60.0}
2026-02-13 18:05:43,559 - Drone_3 - INFO - Drone 3: Flying to {'x': 865.9389983790481, 'y': 543.4254253458718, 'z': 60.0}
2026-02-13 18:05:43,559 - Drone_4 - INFO - Drone 4: Flying to {'x': 861.4388018548839, 'y': 581.1049719360831, 'z': 60.0}
2026-02-13 18:05:43,738 - Drone_3 - INFO - Drone 3: Reached target position
2026-02-13 18:05:44,142 - Drone_4 - INFO - Drone 4: Reached target position
2026-02-13 18:05:44,234 - Drone_2 - INFO - Drone 2: Reached target position
2026-02-13 18:05:44,560 - Drone_2 - INFO - Drone 2: Flying to {'x': 837.6621375470638, 'y': 556.4987525978437, 'z': 60.0}
2026-02-13 18:05:44,560 - Drone_3 - INFO - Drone 3: Flying to {'x': 858.6769249726417, 'y': 539.8140677204548, 'z': 60.0}
2026-02-13 18:05:44,560 - Drone_4 - INFO - Drone 4: Flying to {'x': 854.3468224244527, 'y': 577.5135400234217, 'z': 60.0}
2026-02-13 18:05:44,746 - Drone_3 - INFO - Drone 3: Reached target position
2026-02-13 18:05:45,147 - Drone_4 - INFO - Drone 4: Reached target position
2026-02-13 18:05:45,238 - Drone_2 - INFO - Drone 2: Reached target position
2026-02-13 18:05:45,560 - Drone_2 - INFO - Drone 2: Flying to {'x': 830.4728726004449, 'y': 553.0338279174255, 'z': 60.0}
2026-02-13 18:05:45,561 - Drone_3 - INFO - Drone 3: Flying to {'x': 851.4196925808137, 'y': 536.2638925356172, 'z': 60.0}
2026-02-13 18:05:45,561 - Drone_4 - INFO - Drone 4: Flying to {'x': 847.2428079822532, 'y': 573.9806478977943, 'z': 60.0}
2026-02-13 18:05:45,750 - Drone_3 - INFO - Drone 3: Reached target position
2026-02-13 18:05:46,151 - Drone_4 - INFO - Drone 4: Reached target position
2026-02-13 18:05:46,246 - Drone_2 - INFO - Drone 2: Reached target position
2026-02-13 18:05:46,562 - Drone_2 - INFO - Drone 2: Flying to {'x': 823.2647455043241, 'y': 549.6083588715621, 'z': 60.0}
2026-02-13 18:05:46,562 - Drone_3 - INFO - Drone 3: Flying to {'x': 844.1506896707499, 'y': 532.7626669511648, 'z': 60.0}
2026-02-13 18:05:46,563 - Drone_4 - INFO - Drone 4: Flying to {'x': 840.1104374247215, 'y': 570.494303037988, 'z': 60.0}
2026-02-13 18:05:46,755 - Drone_3 - INFO - Drone 3: Reached target position
2026-02-13 18:05:47,157 - Drone_4 - INFO - Drone 4: Reached target position
2026-02-13 18:05:47,252 - Drone_2 - INFO - Drone 2: Reached target position
2026-02-13 18:05:47,563 - Drone_2 - INFO - Drone 2: Flying to {'x': 816.0294492793678, 'y': 546.2146424622557, 'z': 60.0}
2026-02-13 18:05:47,563 - Drone_3 - INFO - Drone 3: Flying to {'x': 836.8616732415829, 'y': 529.3025626141675, 'z': 60.0}
2026-02-13 18:05:47,564 - Drone_4 - INFO - Drone 4: Flying to {'x': 832.9415291274561, 'y': 567.0468664244707, 'z': 60.0}
2026-02-13 18:05:47,759 - Drone_3 - INFO - Drone 3: Reached target position
2026-02-13 18:05:48,164 - Drone_4 - INFO - Drone 4: Reached target position
2026-02-13 18:05:48,259 - Drone_2 - INFO - Drone 2: Reached target position
2026-02-13 18:05:48,565 - Drone_2 - INFO - Drone 2: Flying to {'x': 808.7678954541843, 'y': 542.8493708492107, 'z': 60.0}
2026-02-13 18:05:48,565 - Drone_3 - INFO - Drone 3: Flying to {'x': 829.5536745829094, 'y': 525.8802404645428, 'z': 60.0}
2026-02-13 18:05:48,565 - Drone_4 - INFO - Drone 4: Flying to {'x': 825.7370258388522, 'y': 563.6351499779357, 'z': 60.0}
2026-02-13 18:05:48,764 - Drone_3 - INFO - Drone 3: Reached target position
2026-02-13 18:05:49,067 - Drone_4 - INFO - Drone 4: Reached target position
2026-02-13 18:05:49,266 - Drone_2 - INFO - Drone 2: Reached target position
2026-02-13 18:05:49,566 - Drone_2 - INFO - Drone 2: Flying to {'x': 801.4906859098766, 'y': 539.5135902984305, 'z': 60.0}
2026-02-13 18:05:49,567 - Drone_3 - INFO - Drone 3: Flying to {'x': 822.2374283068386, 'y': 522.4967551075351, 'z': 60.0}
2026-02-13 18:05:49,568 - Drone_4 - INFO - Drone 4: Flying to {'x': 818.5075211007719, 'y': 560.2603326953925, 'z': 60.0}
2026-02-13 18:05:49,669 - Drone_3 - INFO - Drone 3: Reached target position
2026-02-13 18:05:50,072 - Drone_4 - INFO - Drone 4: Reached target position
2026-02-13 18:05:50,171 - Drone_2 - INFO - Drone 2: Reached target position
2026-02-13 18:05:50,568 - Drone_2 - INFO - Drone 2: Flying to {'x': 794.1978742840477, 'y': 536.203369531345, 'z': 60.0}
2026-02-13 18:05:50,569 - Drone_3 - INFO - Drone 3: Flying to {'x': 814.9130087590527, 'y': 519.1480711263781, 'z': 60.0}
2026-02-13 18:05:50,569 - Drone_4 - INFO - Drone 4: Flying to {'x': 811.2531726890145, 'y': 556.9185040063498, 'z': 60.0}
2026-02-13 18:05:50,674 - Drone_3 - INFO - Drone 3: Reached target position
2026-02-13 18:05:50,735 - PhysicalMLTrainer_Drone1 - INFO - Physical ML model trained drone=1 samples=3251 degree=2 alpha=0.0 val_mse=0.000905
2026-02-13 18:05:50,788 - PhysicalMLTrainer_Drone3 - INFO - Physical ML model trained drone=3 samples=3301 degree=2 alpha=0.1 val_mse=0.000703
2026-02-13 18:05:50,803 - PhysicalMLTrainer_Drone5 - INFO - Physical ML model trained drone=5 samples=3301 degree=2 alpha=0.0 val_mse=0.000001
2026-02-13 18:05:50,902 - PhysicalMLTrainer_Drone2 - INFO - Physical ML model trained drone=2 samples=3301 degree=2 alpha=0.0 val_mse=0.000671
2026-02-13 18:05:50,903 - PhysicalMLTrainer_Drone4 - INFO - Physical ML model trained drone=4 samples=3301 degree=2 alpha=0.0 val_mse=0.001005
2026-02-13 18:05:51,105 - Drone_4 - INFO - Drone 4: Reached target position
2026-02-13 18:05:51,204 - Drone_2 - INFO - Drone 2: Reached target position
2026-02-13 18:05:51,570 - Drone_2 - INFO - Drone 2: Flying to {'x': 786.7815768055997, 'y': 532.8664206288, 'z': 60.0}
2026-02-13 18:05:51,570 - Drone_3 - INFO - Drone 3: Flying to {'x': 807.4722259362803, 'y': 515.7814260853104, 'z': 60.0}
2026-02-13 18:05:51,570 - Drone_4 - INFO - Drone 4: Flying to {'x': 803.8665713490894, 'y': 553.5570697594804, 'z': 60.0}
2026-02-13 18:05:51,696 - Drone_3 - INFO - Drone 3: Reached target position
2026-02-13 18:05:52,110 - Drone_4 - INFO - Drone 4: Reached target position
2026-02-13 18:05:52,311 - Drone_2 - INFO - Drone 2: Reached target position
2026-02-13 18:05:52,571 - Drone_2 - INFO - Drone 2: Flying to {'x': 779.4573844272849, 'y': 529.5957403285286, 'z': 60.0}
2026-02-13 18:05:52,572 - Drone_3 - INFO - Drone 3: Flying to {'x': 800.1313532432146, 'y': 512.4905652812521, 'z': 60.0}
2026-02-13 18:05:52,572 - Drone_4 - INFO - Drone 4: Flying to {'x': 796.5625594745615, 'y': 550.2697091444581, 'z': 60.0}
2026-02-13 18:05:52,701 - Drone_3 - INFO - Drone 3: Reached target position
2026-02-13 18:05:53,115 - Drone_4 - INFO - Drone 4: Reached target position
2026-02-13 18:05:53,216 - Drone_2 - INFO - Drone 2: Reached target position
2026-02-13 18:05:53,572 - Drone_2 - INFO - Drone 2: Flying to {'x': 772.1006297992009, 'y': 526.3312524917712, 'z': 60.0}
2026-02-13 18:05:53,572 - Drone_3 - INFO - Drone 3: Flying to {'x': 792.7652504042362, 'y': 509.21478512113794, 'z': 60.0}
2026-02-13 18:05:53,573 - Drone_4 - INFO - Drone 4: Flying to {'x': 789.2170971698341, 'y': 546.9958730968065, 'z': 60.0}
2026-02-13 18:05:53,707 - Drone_3 - INFO - Drone 3: Reached target position
2026-02-13 18:05:54,120 - Drone_4 - INFO - Drone 4: Reached target position
2026-02-13 18:05:54,321 - Drone_2 - INFO - Drone 2: Reached target position
2026-02-13 18:05:54,574 - Drone_2 - INFO - Drone 2: Flying to {'x': 764.7460817251332, 'y': 523.0844742816647, 'z': 60.0}
2026-02-13 18:05:54,574 - Drone_3 - INFO - Drone 3: Flying to {'x': 785.4086611908751, 'y': 505.96554295339837, 'z': 60.0}
2026-02-13 18:05:54,574 - Drone_4 - INFO - Drone 4: Flying to {'x': 781.8650130533994, 'y': 543.7470537474065, 'z': 60.0}
2026-02-13 18:05:54,711 - Drone_3 - INFO - Drone 3: Reached target position
2026-02-13 18:05:55,126 - Drone_4 - INFO - Drone 4: Reached target position
2026-02-13 18:05:55,226 - Drone_2 - INFO - Drone 2: Reached target position
2026-02-13 18:05:55,575 - Drone_2 - INFO - Drone 2: Flying to {'x': 757.3922956809138, 'y': 519.8507888859747, 'z': 60.0}
2026-02-13 18:05:55,575 - Drone_3 - INFO - Drone 3: Flying to {'x': 778.0600062812913, 'y': 502.7380527359884, 'z': 60.0}
2026-02-13 18:05:55,576 - Drone_4 - INFO - Drone 4: Flying to {'x': 774.5050318309, 'y': 540.5184994863521, 'z': 60.0}
2026-02-13 18:05:55,716 - Drone_3 - INFO - Drone 3: Reached target position
2026-02-13 18:05:56,130 - Drone_4 - INFO - Drone 4: Reached target position
2026-02-13 18:05:56,332 - Drone_2 - INFO - Drone 2: Reached target position
2026-02-13 18:05:56,577 - Drone_2 - INFO - Drone 2: Flying to {'x': 750.0287355022537, 'y': 516.6216801952465, 'z': 60.0}
2026-02-13 18:05:56,577 - Drone_3 - INFO - Drone 3: Flying to {'x': 770.7086272269, 'y': 499.52366632646925, 'z': 60.0}
2026-02-13 18:05:56,578 - Drone_4 - INFO - Drone 4: Flying to {'x': 767.1267493710309, 'y': 537.301571919893, 'z': 60.0}
2026-02-13 18:05:56,721 - Drone_3 - INFO - Drone 3: Reached target position
2026-02-13 18:05:57,136 - Drone_4 - INFO - Drone 4: Reached target position
2026-02-13 18:05:57,237 - Drone_2 - INFO - Drone 2: Reached target position
2026-02-13 18:05:57,578 - Drone_2 - INFO - Drone 2: Flying to {'x': 742.6552561433008, 'y': 513.393271534185, 'z': 60.0}
2026-02-13 18:05:57,579 - Drone_3 - INFO - Drone 3: Flying to {'x': 763.3542536937173, 'y': 496.31839231329883, 'z': 60.0}
2026-02-13 18:05:57,580 - Drone_4 - INFO - Drone 4: Flying to {'x': 759.730135364187, 'y': 534.0922690846015, 'z': 60.0}
2026-02-13 18:05:57,727 - Drone_3 - INFO - Drone 3: Reached target position
2026-02-13 18:05:58,142 - Drone_4 - INFO - Drone 4: Reached target position
2026-02-13 18:05:58,343 - Drone_2 - INFO - Drone 2: Reached target position
2026-02-13 18:05:58,580 - Drone_2 - INFO - Drone 2: Flying to {'x': 735.2750423679474, 'y': 510.163183323916, 'z': 60.0}
2026-02-13 18:05:58,581 - Drone_3 - INFO - Drone 3: Flying to {'x': 755.999922719373, 'y': 493.11972902559086, 'z': 60.0}
2026-02-13 18:05:58,582 - Drone_4 - INFO - Drone 4: Flying to {'x': 752.3184966662726, 'y': 530.8880636753415, 'z': 60.0}
2026-02-13 18:05:58,735 - Drone_3 - INFO - Drone 3: Reached target position
2026-02-13 18:05:59,149 - Drone_4 - INFO - Drone 4: Reached target position
2026-02-13 18:05:59,249 - Drone_2 - INFO - Drone 2: Reached target position
2026-02-13 18:05:59,583 - Drone_2 - INFO - Drone 2: Flying to {'x': 727.8948294282162, 'y': 506.93063745290766, 'z': 60.0}
2026-02-13 18:05:59,583 - Drone_3 - INFO - Drone 3: Flying to {'x': 748.6521852197277, 'y': 489.9267502342566, 'z': 60.0}
2026-02-13 18:05:59,583 - Drone_4 - INFO - Drone 4: Flying to {'x': 744.8987166468671, 'y': 527.6879932444192, 'z': 60.0}
2026-02-13 18:05:59,742 - Drone_3 - INFO - Drone 3: Reached target position
2026-02-13 18:06:00,154 - Drone_4 - INFO - Drone 4: Reached target position
2026-02-13 18:06:00,354 - Drone_2 - INFO - Drone 2: Reached target position
2026-02-13 18:06:00,584 - Drone_2 - INFO - Drone 2: Flying to {'x': 720.4949444539064, 'y': 503.68332157318974, 'z': 60.0}
2026-02-13 18:06:00,584 - Drone_3 - INFO - Drone 3: Flying to {'x': 741.291304981515, 'y': 486.72716078114354, 'z': 60.0}
2026-02-13 18:06:00,585 - Drone_4 - INFO - Drone 4: Flying to {'x': 737.4511052459527, 'y': 524.4796821007983, 'z': 60.0}
2026-02-13 18:06:00,746 - Drone_3 - INFO - Drone 3: Reached target position
2026-02-13 18:06:01,159 - Drone_4 - INFO - Drone 4: Reached target position
2026-02-13 18:06:01,257 - Drone_2 - INFO - Drone 2: Reached target position
2026-02-13 18:06:01,586 - Drone_2 - INFO - Drone 2: Flying to {'x': 713.8418264705638, 'y': 500.75545863320764, 'z': 60.0}
2026-02-13 18:06:01,586 - Drone_3 - INFO - Drone 3: Flying to {'x': 734.6786141646655, 'y': 483.8490019201372, 'z': 60.0}
2026-02-13 18:06:01,587 - Drone_4 - INFO - Drone 4: Flying to {'x': 730.7482831836342, 'y': 521.5922463273096, 'z': 60.0}
2026-02-13 18:06:01,652 - Drone_3 - INFO - Drone 3: Reached target position
2026-02-13 18:06:02,162 - Drone_4 - INFO - Drone 4: Reached target position
2026-02-13 18:06:02,261 - Drone_2 - INFO - Drone 2: Reached target position
2026-02-13 18:06:02,588 - Drone_2 - INFO - Drone 2: Flying to {'x': 706.4680658901149, 'y': 497.4980689300735, 'z': 60.0}
2026-02-13 18:06:02,588 - Drone_3 - INFO - Drone 3: Flying to {'x': 727.3554203417275, 'y': 480.65412568590705, 'z': 60.0}
2026-02-13 18:06:02,588 - Drone_4 - INFO - Drone 4: Flying to {'x': 723.3120091342814, 'y': 518.385423381686, 'z': 60.0}
2026-02-13 18:06:02,660 - Drone_3 - INFO - Drone 3: Reached target position
2026-02-13 18:06:03,165 - Drone_4 - INFO - Drone 4: Reached target position
2026-02-13 18:06:03,368 - Drone_2 - INFO - Drone 2: Reached target position
2026-02-13 18:06:03,589 - Drone_2 - INFO - Drone 2: Flying to {'x': 699.0927405665371, 'y': 494.22357373247826, 'z': 60.0}
2026-02-13 18:06:03,589 - Drone_3 - INFO - Drone 3: Flying to {'x': 720.0365533685244, 'y': 477.4498828650719, 'z': 60.0}
2026-02-13 18:06:03,590 - Drone_4 - INFO - Drone 4: Flying to {'x': 715.8664314339435, 'y': 515.1673865344655, 'z': 60.0}
2026-02-13 18:06:03,666 - Drone_3 - INFO - Drone 3: Reached target position
2026-02-13 18:06:04,171 - Drone_4 - INFO - Drone 4: Reached target position
2026-02-13 18:06:04,273 - Drone_2 - INFO - Drone 2: Reached target position
2026-02-13 18:06:04,590 - Drone_2 - INFO - Drone 2: Flying to {'x': 691.7197884079764, 'y': 490.93027903600967, 'z': 60.0}
2026-02-13 18:06:04,591 - Drone_3 - INFO - Drone 3: Flying to {'x': 712.7257354799074, 'y': 474.2344655604334, 'z': 60.0}
2026-02-13 18:06:04,591 - Drone_4 - INFO - Drone 4: Flying to {'x': 708.4156018835525, 'y': 511.9362261079407, 'z': 60.0}
2026-02-13 18:06:04,670 - Drone_3 - INFO - Drone 3: Reached target position
2026-02-13 18:06:05,175 - Drone_4 - INFO - Drone 4: Reached target position
2026-02-13 18:06:05,378 - Drone_2 - INFO - Drone 2: Reached target position
2026-02-13 18:06:05,592 - Drone_2 - INFO - Drone 2: Flying to {'x': 684.3422830113738, 'y': 487.61167261826375, 'z': 60.0}
2026-02-13 18:06:05,592 - Drone_3 - INFO - Drone 3: Flying to {'x': 705.4159160494374, 'y': 471.0013748913405, 'z': 60.0}
2026-02-13 18:06:05,593 - Drone_4 - INFO - Drone 4: Flying to {'x': 700.9525807382971, 'y': 508.68530565632744, 'z': 60.0}
2026-02-13 18:06:05,675 - Drone_3 - INFO - Drone 3: Reached target position
2026-02-13 18:06:06,180 - Drone_4 - INFO - Drone 4: Reached target position
2026-02-13 18:06:06,282 - Drone_2 - INFO - Drone 2: Reached target position
2026-02-13 18:06:06,593 - Drone_2 - INFO - Drone 2: Flying to {'x': 676.9778730922931, 'y': 484.27237548391474, 'z': 60.0}
2026-02-13 18:06:06,593 - Drone_3 - INFO - Drone 3: Flying to {'x': 698.1243880117801, 'y': 467.75496325439417, 'z': 60.0}
2026-02-13 18:06:06,594 - Drone_4 - INFO - Drone 4: Flying to {'x': 693.4952853218136, 'y': 505.4188904034017, 'z': 60.0}
2026-02-13 18:06:06,681 - Drone_3 - INFO - Drone 3: Reached target position
2026-02-13 18:06:07,185 - Drone_4 - INFO - Drone 4: Reached target position
2026-02-13 18:06:07,388 - Drone_2 - INFO - Drone 2: Reached target position
2026-02-13 18:06:07,595 - Drone_2 - INFO - Drone 2: Flying to {'x': 669.6218185035934, 'y': 480.90703099452685, 'z': 60.0}
2026-02-13 18:06:07,595 - Drone_3 - INFO - Drone 3: Flying to {'x': 690.8462518748169, 'y': 464.48986229616423, 'z': 60.0}
2026-02-13 18:06:07,595 - Drone_4 - INFO - Drone 4: Flying to {'x': 686.0389872019562, 'y': 502.1314643657503, 'z': 60.0}
2026-02-13 18:06:07,686 - Drone_3 - INFO - Drone 3: Reached target position
2026-02-13 18:06:08,190 - Drone_4 - INFO - Drone 4: Reached target position
2026-02-13 18:06:08,292 - Drone_2 - INFO - Drone 2: Reached target position
2026-02-13 18:06:08,596 - Drone_2 - INFO - Drone 2: Flying to {'x': 662.2736751301414, 'y': 477.512246990546, 'z': 60.0}
2026-02-13 18:06:08,596 - Drone_3 - INFO - Drone 3: Flying to {'x': 683.5808699056748, 'y': 461.20263476960463, 'z': 60.0}
2026-02-13 18:06:08,596 - Drone_4 - INFO - Drone 4: Flying to {'x': 678.583287351083, 'y': 498.8194417660794, 'z': 60.0}
2026-02-13 18:06:08,691 - Drone_3 - INFO - Drone 3: Reached target position
2026-02-13 18:06:09,193 - Drone_4 - INFO - Drone 4: Reached target position
2026-02-13 18:06:09,395 - Drone_2 - INFO - Drone 2: Reached target position
2026-02-13 18:06:09,597 - Drone_2 - INFO - Drone 2: Flying to {'x': 654.9392228925769, 'y': 474.08758468359116, 'z': 60.0}
2026-02-13 18:06:09,597 - Drone_3 - INFO - Drone 3: Flying to {'x': 676.3337560124735, 'y': 457.89271041480964, 'z': 60.0}
2026-02-13 18:06:09,598 - Drone_4 - INFO - Drone 4: Flying to {'x': 671.1340971613585, 'y': 495.4821178034879, 'z': 60.0}
2026-02-13 18:06:09,695 - Drone_3 - INFO - Drone 3: Reached target position
2026-02-13 18:06:10,199 - Drone_4 - INFO - Drone 4: Reached target position
2026-02-13 18:06:10,300 - Drone_2 - INFO - Drone 2: Reached target position
2026-02-13 18:06:10,599 - Drone_2 - INFO - Drone 2: Flying to {'x': 647.6145704408598, 'y': 470.6281661895878, 'z': 60.0}
2026-02-13 18:06:10,600 - Drone_3 - INFO - Drone 3: Flying to {'x': 669.1008654338402, 'y': 454.5552346749377, 'z': 60.0}
2026-02-13 18:06:10,600 - Drone_4 - INFO - Drone 4: Flying to {'x': 663.6875019555098, 'y': 492.11446118256805, 'z': 60.0}
2026-02-13 18:06:10,701 - Drone_3 - INFO - Drone 3: Reached target position
2026-02-13 18:06:10,836 - PhysicalMLTrainer_Drone1 - INFO - Physical ML model trained drone=1 samples=3451 degree=2 alpha=0.0 val_mse=0.000485
2026-02-13 18:06:10,920 - PhysicalMLTrainer_Drone5 - INFO - Physical ML model trained drone=5 samples=3501 degree=2 alpha=0.1 val_mse=0.000001
2026-02-13 18:06:10,920 - PhysicalMLTrainer_Drone3 - INFO - Physical ML model trained drone=3 samples=3501 degree=2 alpha=0.01 val_mse=0.000778
2026-02-13 18:06:11,026 - PhysicalMLTrainer_Drone2 - INFO - Physical ML model trained drone=2 samples=3501 degree=2 alpha=0.0 val_mse=0.000454
2026-02-13 18:06:11,026 - PhysicalMLTrainer_Drone4 - INFO - Physical ML model trained drone=4 samples=3501 degree=2 alpha=0.0 val_mse=0.000828
2026-02-13 18:06:11,127 - Drone_4 - INFO - Drone 4: Reached target position
2026-02-13 18:06:11,227 - Drone_2 - INFO - Drone 2: Reached target position
2026-02-13 18:06:11,600 - Drone_2 - INFO - Drone 2: Flying to {'x': 640.2072644754677, 'y': 467.08640587015555, 'z': 60.0}
2026-02-13 18:06:11,601 - Drone_3 - INFO - Drone 3: Flying to {'x': 661.7907918554259, 'y': 451.14428098547995, 'z': 60.0}
2026-02-13 18:06:11,601 - Drone_4 - INFO - Drone 4: Flying to {'x': 656.1493893601433, 'y': 488.6699332501138, 'z': 60.0}
2026-02-13 18:06:11,725 - Drone_3 - INFO - Drone 3: Reached target position
2026-02-13 18:06:12,133 - Drone_4 - INFO - Drone 4: Reached target position
2026-02-13 18:06:12,332 - Drone_2 - INFO - Drone 2: Reached target position
2026-02-13 18:06:12,602 - Drone_2 - INFO - Drone 2: Flying to {'x': 632.8892277311138, 'y': 463.5413790855229, 'z': 60.0}
2026-02-13 18:06:12,602 - Drone_3 - INFO - Drone 3: Flying to {'x': 654.5730209486378, 'y': 447.73590181656147, 'z': 60.0}
2026-02-13 18:06:12,603 - Drone_4 - INFO - Drone 4: Flying to {'x': 648.6947050000753, 'y': 485.22517230304703, 'z': 60.0}
2026-02-13 18:06:12,730 - Drone_3 - INFO - Drone 3: Reached target position
2026-02-13 18:06:13,139 - Drone_4 - INFO - Drone 4: Reached target position
2026-02-13 18:06:13,236 - Drone_2 - INFO - Drone 2: Reached target position
2026-02-13 18:06:13,603 - Drone_2 - INFO - Drone 2: Flying to {'x': 625.608263373506, 'y': 459.9657464653557, 'z': 60.0}
2026-02-13 18:06:13,604 - Drone_3 - INFO - Drone 3: Flying to {'x': 647.3957913734208, 'y': 444.3035747240892, 'z': 60.0}
2026-02-13 18:06:13,604 - Drone_4 - INFO - Drone 4: Flying to {'x': 641.2704351147727, 'y': 481.7532744652705, 'z': 60.0}
2026-02-13 18:06:13,734 - Drone_3 - INFO - Drone 3: Reached target position
2026-02-13 18:06:14,143 - Drone_4 - INFO - Drone 4: Reached target position
2026-02-13 18:06:14,342 - Drone_2 - INFO - Drone 2: Reached target position
2026-02-13 18:06:14,605 - Drone_2 - INFO - Drone 2: Flying to {'x': 618.3497396682391, 'y': 456.34971516461945, 'z': 60.0}
2026-02-13 18:06:14,605 - Drone_3 - INFO - Drone 3: Flying to {'x': 640.2444637272341, 'y': 440.8377501575529, 'z': 60.0}
2026-02-13 18:06:14,606 - Drone_4 - INFO - Drone 4: Flying to {'x': 633.8617046753056, 'y': 478.2444392236146, 'z': 60.0}
2026-02-13 18:06:14,738 - Drone_3 - INFO - Drone 3: Reached target position
2026-02-13 18:06:15,147 - Drone_4 - INFO - Drone 4: Reached target position
2026-02-13 18:06:15,245 - Drone_2 - INFO - Drone 2: Reached target position
2026-02-13 18:06:15,607 - Drone_2 - INFO - Drone 2: Flying to {'x': 611.0983081658103, 'y': 452.6827390573441, 'z': 60.0}
2026-02-13 18:06:15,607 - Drone_3 - INFO - Drone 3: Flying to {'x': 633.1037276668468, 'y': 437.3282116278399, 'z': 60.0}
2026-02-13 18:06:15,608 - Drone_4 - INFO - Drone 4: Flying to {'x': 626.4528355953145, 'y': 474.6881585583807, 'z': 60.0}
2026-02-13 18:06:15,744 - Drone_3 - INFO - Drone 3: Reached target position
2026-02-13 18:06:16,151 - Drone_4 - INFO - Drone 4: Reached target position
2026-02-13 18:06:16,351 - Drone_2 - INFO - Drone 2: Reached target position
2026-02-13 18:06:16,609 - Drone_2 - INFO - Drone 2: Flying to {'x': 603.8703151783134, 'y': 448.97021514052085, 'z': 60.0}
2026-02-13 18:06:16,609 - Drone_3 - INFO - Drone 3: Flying to {'x': 625.9894937834109, 'y': 433.78002298124255, 'z': 60.0}
2026-02-13 18:06:16,609 - Drone_4 - INFO - Drone 4: Flying to {'x': 619.0605073375917, 'y': 471.0893937456183, 'z': 60.0}
2026-02-13 18:06:16,749 - Drone_3 - INFO - Drone 3: Reached target position
2026-02-13 18:06:17,156 - Drone_4 - INFO - Drone 4: Reached target position
2026-02-13 18:06:17,254 - Drone_2 - INFO - Drone 2: Reached target position
2026-02-13 18:06:17,610 - Drone_2 - INFO - Drone 2: Flying to {'x': 596.6660749457902, 'y': 445.20962842334313, 'z': 60.0}
2026-02-13 18:06:17,610 - Drone_3 - INFO - Drone 3: Flying to {'x': 618.9018761960555, 'y': 430.1906689800696, 'z': 60.0}
2026-02-13 18:06:17,611 - Drone_4 - INFO - Drone 4: Flying to {'x': 611.6850343890637, 'y': 467.44542967360854, 'z': 60.0}
2026-02-13 18:06:17,752 - Drone_3 - INFO - Drone 3: Reached target position
2026-02-13 18:06:18,160 - Drone_4 - INFO - Drone 4: Reached target position
2026-02-13 18:06:18,358 - Drone_2 - INFO - Drone 2: Reached target position
2026-02-13 18:06:18,611 - Drone_2 - INFO - Drone 2: Flying to {'x': 589.485122096369, 'y': 441.39806221285033, 'z': 60.0}
2026-02-13 18:06:18,611 - Drone_3 - INFO - Drone 3: Flying to {'x': 611.8402251835068, 'y': 426.55726149444456, 'z': 60.0}
2026-02-13 18:06:18,611 - Drone_4 - INFO - Drone 4: Flying to {'x': 604.3259228147747, 'y': 463.7531652999884, 'z': 60.0}
2026-02-13 18:06:18,757 - Drone_3 - INFO - Drone 3: Reached target position
2026-02-13 18:06:19,165 - Drone_4 - INFO - Drone 4: Reached target position
2026-02-13 18:06:19,261 - Drone_2 - INFO - Drone 2: Reached target position
2026-02-13 18:06:19,612 - Drone_2 - INFO - Drone 2: Flying to {'x': 582.3036401781198, 'y': 437.51984500286926, 'z': 60.0}
2026-02-13 18:06:19,613 - Drone_3 - INFO - Drone 3: Flying to {'x': 604.7809452246678, 'y': 422.8647858817184, 'z': 60.0}
2026-02-13 18:06:19,614 - Drone_4 - INFO - Drone 4: Flying to {'x': 596.9586992992706, 'y': 459.9971500494172, 'z': 60.0}
2026-02-13 18:06:19,760 - Drone_3 - INFO - Drone 3: Reached target position
2026-02-13 18:06:20,170 - Drone_4 - INFO - Drone 4: Reached target position
2026-02-13 18:06:20,366 - Drone_2 - INFO - Drone 2: Reached target position
2026-02-13 18:06:20,615 - Drone_2 - INFO - Drone 2: Flying to {'x': 575.1730970716293, 'y': 433.6001510290562, 'z': 60.0}
2026-02-13 18:06:20,615 - Drone_3 - INFO - Drone 3: Flying to {'x': 597.7744393297426, 'y': 419.1371178709797, 'z': 60.0}
2026-02-13 18:06:20,615 - Drone_4 - INFO - Drone 4: Flying to {'x': 589.6361302297057, 'y': 456.20149328716957, 'z': 60.0}
2026-02-13 18:06:20,766 - Drone_3 - INFO - Drone 3: Reached target position
2026-02-13 18:06:21,175 - Drone_4 - INFO - Drone 4: Reached target position
2026-02-13 18:06:21,273 - Drone_2 - INFO - Drone 2: Reached target position
2026-02-13 18:06:21,617 - Drone_2 - INFO - Drone 2: Flying to {'x': 568.0658303794048, 'y': 429.6214420358362, 'z': 60.0}
2026-02-13 18:06:21,617 - Drone_3 - INFO - Drone 3: Flying to {'x': 590.7933256086847, 'y': 415.35746781393476, 'z': 60.0}
2026-02-13 18:06:21,617 - Drone_4 - INFO - Drone 4: Flying to {'x': 582.3298046013063, 'y': 452.34893726511586, 'z': 60.0}
2026-02-13 18:06:21,770 - Drone_3 - INFO - Drone 3: Reached target position
2026-02-13 18:06:22,180 - Drone_4 - INFO - Drone 4: Reached target position
2026-02-13 18:06:22,378 - Drone_2 - INFO - Drone 2: Reached target position
2026-02-13 18:06:22,617 - Drone_2 - INFO - Drone 2: Flying to {'x': 560.9792447001452, 'y': 425.57947605198166, 'z': 60.0}
2026-02-13 18:06:22,618 - Drone_3 - INFO - Drone 3: Flying to {'x': 583.8348724718452, 'y': 411.52172804024485, 'z': 60.0}
2026-02-13 18:06:22,618 - Drone_4 - INFO - Drone 4: Flying to {'x': 575.0369927118819, 'y': 448.4351038236818, 'z': 60.0}
2026-02-13 18:06:22,774 - Drone_3 - INFO - Drone 3: Reached target position
2026-02-13 18:06:23,186 - Drone_4 - INFO - Drone 4: Reached target position
2026-02-13 18:06:23,286 - Drone_2 - INFO - Drone 2: Reached target position
2026-02-13 18:06:23,618 - Drone_2 - INFO - Drone 2: Flying to {'x': 553.9387312810603, 'y': 421.48630063957853, 'z': 60.0}
2026-02-13 18:06:23,619 - Drone_3 - INFO - Drone 3: Flying to {'x': 576.9238199944596, 'y': 407.64124026278097, 'z': 60.0}
2026-02-13 18:06:23,619 - Drone_4 - INFO - Drone 4: Flying to {'x': 567.7837916578578, 'y': 444.4713893529777, 'z': 60.0}
2026-02-13 18:06:23,778 - Drone_3 - INFO - Drone 3: Reached target position
2026-02-13 18:06:24,190 - Drone_4 - INFO - Drone 4: Reached target position
2026-02-13 18:06:24,391 - Drone_2 - INFO - Drone 2: Reached target position
2026-02-13 18:06:24,619 - Drone_2 - INFO - Drone 2: Flying to {'x': 546.9314772867356, 'y': 417.33219469073924, 'z': 60.0}
2026-02-13 18:06:24,620 - Drone_3 - INFO - Drone 3: Flying to {'x': 570.0473945307499, 'y': 403.70669029758454, 'z': 60.0}
2026-02-13 18:06:24,621 - Drone_4 - INFO - Drone 4: Flying to {'x': 560.5569816798902, 'y': 440.4481119347536, 'z': 60.0}
2026-02-13 18:06:24,782 - Drone_3 - INFO - Drone 3: Reached target position
2026-02-13 18:06:25,194 - Drone_4 - INFO - Drone 4: Reached target position
2026-02-13 18:06:25,296 - Drone_2 - INFO - Drone 2: Reached target position
2026-02-13 18:06:25,622 - Drone_2 - INFO - Drone 2: Flying to {'x': 539.9516438568689, 'y': 413.1110807364968, 'z': 60.0}
2026-02-13 18:06:25,622 - Drone_3 - INFO - Drone 3: Flying to {'x': 563.1996788597488, 'y': 399.71224240980314, 'z': 60.0}
2026-02-13 18:06:25,622 - Drone_4 - INFO - Drone 4: Flying to {'x': 553.3504821835626, 'y': 436.35911573937665, 'z': 60.0}
2026-02-13 18:06:25,789 - Drone_3 - INFO - Drone 3: Reached target position
2026-02-13 18:06:26,199 - Drone_4 - INFO - Drone 4: Reached target position
2026-02-13 18:06:26,402 - Drone_2 - INFO - Drone 2: Reached target position
2026-02-13 18:06:26,623 - Drone_2 - INFO - Drone 2: Flying to {'x': 533.0039165977225, 'y': 408.82311222599577, 'z': 60.0}
2026-02-13 18:06:26,623 - Drone_3 - INFO - Drone 3: Flying to {'x': 556.3850827825298, 'y': 395.6579662777571, 'z': 60.0}
2026-02-13 18:06:26,624 - Drone_4 - INFO - Drone 4: Flying to {'x': 546.1690625459611, 'y': 432.20427841080306, 'z': 60.0}
2026-02-13 18:06:26,793 - Drone_3 - INFO - Drone 3: Reached target position
2026-02-13 18:06:27,203 - Drone_4 - INFO - Drone 4: Reached target position
2026-02-13 18:06:27,307 - Drone_2 - INFO - Drone 2: Reached target position
2026-02-13 18:06:27,624 - Drone_2 - INFO - Drone 2: Flying to {'x': 526.1006329483001, 'y': 404.47349630695237, 'z': 60.0}
2026-02-13 18:06:27,625 - Drone_3 - INFO - Drone 3: Flying to {'x': 549.6155139905311, 'y': 391.5486996133976, 'z': 60.0}
2026-02-13 18:06:27,625 - Drone_4 - INFO - Drone 4: Flying to {'x': 539.0254296418548, 'y': 427.9883773491834, 'z': 60.0}
2026-02-13 18:06:27,796 - Drone_3 - INFO - Drone 3: Reached target position
2026-02-13 18:06:28,208 - Drone_4 - INFO - Drone 4: Reached target position
2026-02-13 18:06:28,412 - Drone_2 - INFO - Drone 2: Reached target position
2026-02-13 18:06:28,626 - Drone_2 - INFO - Drone 2: Flying to {'x': 519.2329850057281, 'y': 400.0542793843847, 'z': 60.0}
2026-02-13 18:06:28,626 - Drone_3 - INFO - Drone 3: Flying to {'x': 542.8821403022191, 'y': 387.3768406145678, 'z': 60.0}
2026-02-13 18:06:28,626 - Drone_4 - INFO - Drone 4: Flying to {'x': 531.9104237755452, 'y': 423.7034346808756, 'z': 60.0}
2026-02-13 18:06:28,800 - Drone_3 - INFO - Drone 3: Reached target position
2026-02-13 18:06:29,212 - Drone_4 - INFO - Drone 4: Reached target position
2026-02-13 18:06:29,314 - Drone_2 - INFO - Drone 2: Reached target position
2026-02-13 18:06:29,627 - Drone_2 - INFO - Drone 2: Flying to {'x': 512.416512763854, 'y': 395.573166324264, 'z': 60.0}
2026-02-13 18:06:29,627 - Drone_3 - INFO - Drone 3: Flying to {'x': 536.200000981628, 'y': 383.14957231145877, 'z': 60.0}
2026-02-13 18:06:29,627 - Drone_4 - INFO - Drone 4: Flying to {'x': 524.8401067766592, 'y': 419.3566545420379, 'z': 60.0}
2026-02-13 18:06:29,805 - Drone_3 - INFO - Drone 3: Reached target position
2026-02-13 18:06:30,216 - Drone_4 - INFO - Drone 4: Reached target position
2026-02-13 18:06:30,419 - Drone_2 - INFO - Drone 2: Reached target position
2026-02-13 18:06:30,628 - Drone_2 - INFO - Drone 2: Flying to {'x': 505.63455609872074, 'y': 391.0168012798057, 'z': 60.0}
2026-02-13 18:06:30,628 - Drone_3 - INFO - Drone 3: Flying to {'x': 529.5525663891424, 'y': 378.8542035413584, 'z': 60.0}
2026-02-13 18:06:30,629 - Drone_4 - INFO - Drone 4: Flying to {'x': 517.797153837168, 'y': 414.93481157022734, 'z': 60.0}
2026-02-13 18:06:30,809 - Drone_3 - INFO - Drone 3: Reached target position
2026-02-13 18:06:30,937 - PhysicalMLTrainer_Drone1 - INFO - Physical ML model trained drone=1 samples=3651 degree=2 alpha=0.0 val_mse=0.000419
2026-02-13 18:06:31,029 - PhysicalMLTrainer_Drone5 - INFO - Physical ML model trained drone=5 samples=3701 degree=2 alpha=1.0 val_mse=0.000001
2026-02-13 18:06:31,029 - PhysicalMLTrainer_Drone3 - INFO - Physical ML model trained drone=3 samples=3701 degree=2 alpha=0.0 val_mse=0.000623
2026-02-13 18:06:31,140 - PhysicalMLTrainer_Drone4 - INFO - Physical ML model trained drone=4 samples=3701 degree=2 alpha=0.0 val_mse=0.000781
2026-02-13 18:06:31,143 - PhysicalMLTrainer_Drone2 - INFO - Physical ML model trained drone=2 samples=3701 degree=2 alpha=0.0 val_mse=0.000364
2026-02-13 18:06:31,241 - Drone_4 - INFO - Drone 4: Reached target position
2026-02-13 18:06:31,344 - Drone_2 - INFO - Drone 2: Reached target position
2026-02-13 18:06:31,630 - Drone_2 - INFO - Drone 2: Flying to {'x': 499.46965470804736, 'y': 386.78647812295515, 'z': 60.0}
2026-02-13 18:06:31,630 - Drone_3 - INFO - Drone 3: Flying to {'x': 523.5105441966706, 'y': 374.8686078184163, 'z': 60.0}
2026-02-13 18:06:31,630 - Drone_4 - INFO - Drone 4: Flying to {'x': 511.3875250125863, 'y': 410.82736761157827, 'z': 60.0}
2026-02-13 18:06:31,733 - Drone_3 - INFO - Drone 3: Reached target position
2026-02-13 18:06:32,144 - Drone_4 - INFO - Drone 4: Reached target position
2026-02-13 18:06:32,248 - Drone_2 - INFO - Drone 2: Reached target position
2026-02-13 18:06:32,631 - Drone_2 - INFO - Drone 2: Flying to {'x': 492.77329132353657, 'y': 382.0920229068041, 'z': 60.0}
2026-02-13 18:06:32,631 - Drone_3 - INFO - Drone 3: Flying to {'x': 516.9481221003025, 'y': 370.4482453018028, 'z': 60.0}
2026-02-13 18:06:32,632 - Drone_4 - INFO - Drone 4: Flying to {'x': 504.41706892853784, 'y': 406.26685368357005, 'z': 60.0}
2026-02-13 18:06:32,740 - Drone_3 - INFO - Drone 3: Reached target position
2026-02-13 18:06:33,148 - Drone_4 - INFO - Drone 4: Reached target position
2026-02-13 18:06:33,352 - Drone_2 - INFO - Drone 2: Reached target position
2026-02-13 18:06:33,632 - Drone_2 - INFO - Drone 2: Flying to {'x': 486.11667968790067, 'y': 377.3182110631653, 'z': 60.0}
2026-02-13 18:06:33,633 - Drone_3 - INFO - Drone 3: Flying to {'x': 510.4249511565713, 'y': 365.9556436505857, 'z': 60.0}
2026-02-13 18:06:33,633 - Drone_4 - INFO - Drone 4: Flying to {'x': 497.4792471004802, 'y': 401.6264825318359, 'z': 60.0}
2026-02-13 18:06:33,745 - Drone_3 - INFO - Drone 3: Reached target position
2026-02-13 18:06:34,154 - Drone_4 - INFO - Drone 4: Reached target position
2026-02-13 18:06:34,256 - Drone_2 - INFO - Drone 2: Reached target position
2026-02-13 18:06:34,634 - Drone_2 - INFO - Drone 2: Flying to {'x': 479.52099081178005, 'y': 372.47790819807386, 'z': 60.0}
2026-02-13 18:06:34,634 - Drone_3 - INFO - Drone 3: Flying to {'x': 503.96157054041885, 'y': 361.4027981522075, 'z': 60.0}
2026-02-13 18:06:34,634 - Drone_4 - INFO - Drone 4: Flying to {'x': 490.5961008576464, 'y': 396.9184879267126, 'z': 60.0}
2026-02-13 18:06:34,750 - Drone_3 - INFO - Drone 3: Reached target position
2026-02-13 18:06:35,160 - Drone_4 - INFO - Drone 4: Reached target position
2026-02-13 18:06:35,362 - Drone_2 - INFO - Drone 2: Reached target position
2026-02-13 18:06:35,635 - Drone_2 - INFO - Drone 2: Flying to {'x': 472.97721547832384, 'y': 367.5623827735082, 'z': 60.0}
2026-02-13 18:06:35,636 - Drone_3 - INFO - Drone 3: Flying to {'x': 497.5489417606554, 'y': 356.78136855840893, 'z': 60.0}
2026-02-13 18:06:35,637 - Drone_4 - INFO - Drone 4: Flying to {'x': 483.7582296934232, 'y': 392.1341090558399, 'z': 60.0}
2026-02-13 18:06:35,758 - Drone_3 - INFO - Drone 3: Reached target position
2026-02-13 18:06:36,164 - Drone_4 - INFO - Drone 4: Reached target position
2026-02-13 18:06:36,266 - Drone_2 - INFO - Drone 2: Reached target position
2026-02-13 18:06:36,638 - Drone_2 - INFO - Drone 2: Flying to {'x': 466.4802633589044, 'y': 362.5652414193417, 'z': 60.0}
2026-02-13 18:06:36,639 - Drone_3 - INFO - Drone 3: Flying to {'x': 491.18186359782965, 'y': 352.08521538710625, 'z': 60.0}
2026-02-13 18:06:36,639 - Drone_4 - INFO - Drone 4: Flying to {'x': 476.9602893911398, 'y': 387.26684165826686, 'z': 60.0}
2026-02-13 18:06:36,763 - Drone_3 - INFO - Drone 3: Reached target position
2026-02-13 18:06:37,169 - Drone_4 - INFO - Drone 4: Reached target position
2026-02-13 18:06:37,372 - Drone_2 - INFO - Drone 2: Reached target position
2026-02-13 18:06:37,640 - Drone_2 - INFO - Drone 2: Flying to {'x': 460.0437643728202, 'y': 357.49454713393334, 'z': 60.0}
2026-02-13 18:06:37,640 - Drone_3 - INFO - Drone 3: Flying to {'x': 484.87347816557576, 'y': 347.32177401300675, 'z': 60.0}
2026-02-13 18:06:37,640 - Drone_4 - INFO - Drone 4: Flying to {'x': 470.2165374937468, 'y': 382.32426092668885, 'z': 60.0}
2026-02-13 18:06:37,769 - Drone_3 - INFO - Drone 3: Reached target position
2026-02-13 18:06:38,173 - Drone_4 - INFO - Drone 4: Reached target position
2026-02-13 18:06:38,277 - Drone_2 - INFO - Drone 2: Reached target position
2026-02-13 18:06:38,641 - Drone_2 - INFO - Drone 2: Flying to {'x': 453.66962087064246, 'y': 352.3497070064169, 'z': 60.0}
2026-02-13 18:06:38,641 - Drone_3 - INFO - Drone 3: Flying to {'x': 478.62543394739095, 'y': 342.490326007673, 'z': 60.0}
2026-02-13 18:06:38,642 - Drone_4 - INFO - Drone 4: Flying to {'x': 463.5290018693863, 'y': 377.30552008316533, 'z': 60.0}
2026-02-13 18:06:38,774 - Drone_3 - INFO - Drone 3: Reached target position
2026-02-13 18:06:39,178 - Drone_4 - INFO - Drone 4: Reached target position
2026-02-13 18:06:39,381 - Drone_2 - INFO - Drone 2: Reached target position
2026-02-13 18:06:39,642 - Drone_2 - INFO - Drone 2: Flying to {'x': 447.34941568007855, 'y': 347.1215387693872, 'z': 60.0}
2026-02-13 18:06:39,642 - Drone_3 - INFO - Drone 3: Flying to {'x': 472.42926058855767, 'y': 337.5820744570352, 'z': 60.0}
2026-02-13 18:06:39,643 - Drone_4 - INFO - Drone 4: Flying to {'x': 456.88887999243053, 'y': 372.20138367786626, 'z': 60.0}
2026-02-13 18:06:39,780 - Drone_3 - INFO - Drone 3: Reached target position
2026-02-13 18:06:40,182 - Drone_4 - INFO - Drone 4: Reached target position
2026-02-13 18:06:40,285 - Drone_2 - INFO - Drone 2: Reached target position
2026-02-13 18:06:40,643 - Drone_2 - INFO - Drone 2: Flying to {'x': 441.10393944892684, 'y': 341.8251663593, 'z': 60.0}
2026-02-13 18:06:40,643 - Drone_3 - INFO - Drone 3: Flying to {'x': 466.3051220393441, 'y': 332.611025268322, 'z': 60.0}
2026-02-13 18:06:40,644 - Drone_4 - INFO - Drone 4: Flying to {'x': 450.31808053990477, 'y': 367.02634894971726, 'z': 60.0}
2026-02-13 18:06:40,789 - Drone_3 - INFO - Drone 3: Reached target position
2026-02-13 18:06:41,191 - Drone_4 - INFO - Drone 4: Reached target position
2026-02-13 18:06:41,392 - Drone_2 - INFO - Drone 2: Reached target position
2026-02-13 18:06:41,644 - Drone_2 - INFO - Drone 2: Flying to {'x': 434.8709306631404, 'y': 336.4041492126425, 'z': 60.0}
2026-02-13 18:06:41,645 - Drone_3 - INFO - Drone 3: Flying to {'x': 460.19173008258923, 'y': 327.5239962432368, 'z': 60.0}
2026-02-13 18:06:41,646 - Drone_4 - INFO - Drone 4: Flying to {'x': 443.75108363254617, 'y': 361.7249486320912, 'z': 60.0}
2026-02-13 18:06:41,894 - Drone_3 - INFO - Drone 3: Reached target position
2026-02-13 18:06:42,198 - Drone_4 - INFO - Drone 4: Reached target position
2026-02-13 18:06:42,298 - Drone_2 - INFO - Drone 2: Reached target position
2026-02-13 18:06:42,647 - Drone_2 - INFO - Drone 2: Flying to {'x': 428.7437135111599, 'y': 330.93708863064046, 'z': 60.0}
2026-02-13 18:06:42,648 - Drone_3 - INFO - Drone 3: Flying to {'x': 454.1803897029495, 'y': 322.39451850719144, 'z': 60.0}
2026-02-13 18:06:42,648 - Drone_4 - INFO - Drone 4: Flying to {'x': 437.2862836346088, 'y': 356.37376482243, 'z': 60.0}
2026-02-13 18:06:42,899 - Drone_3 - INFO - Drone 3: Reached target position
2026-02-13 18:06:43,202 - Drone_4 - INFO - Drone 4: Reached target position
2026-02-13 18:06:43,405 - Drone_2 - INFO - Drone 2: Reached target position
2026-02-13 18:06:43,649 - Drone_2 - INFO - Drone 2: Flying to {'x': 422.69214621535747, 'y': 325.3964014001278, 'z': 60.0}
2026-02-13 18:06:43,650 - Drone_3 - INFO - Drone 3: Flying to {'x': 448.2413263929567, 'y': 317.19643845798134, 'z': 60.0}
2026-02-13 18:06:43,650 - Drone_4 - INFO - Drone 4: Flying to {'x': 430.89210915750397, 'y': 350.94558157772695, 'z': 60.0}
2026-02-13 18:06:43,904 - Drone_3 - INFO - Drone 3: Reached target position
2026-02-13 18:06:44,207 - Drone_4 - INFO - Drone 4: Reached target position
2026-02-13 18:06:44,309 - Drone_2 - INFO - Drone 2: Reached target position
2026-02-13 18:06:44,651 - Drone_2 - INFO - Drone 2: Flying to {'x': 416.7117242500947, 'y': 319.7760629882629, 'z': 60.0}
2026-02-13 18:06:44,651 - Drone_3 - INFO - Drone 3: Flying to {'x': 442.3699031615016, 'y': 311.9238114035113, 'z': 60.0}
2026-02-13 18:06:44,651 - Drone_4 - INFO - Drone 4: Flying to {'x': 424.56397583484625, 'y': 345.4342418996698, 'z': 60.0}
2026-02-13 18:06:44,908 - Drone_3 - INFO - Drone 3: Reached target position
2026-02-13 18:06:45,212 - Drone_4 - INFO - Drone 4: Reached target position
2026-02-13 18:06:45,414 - Drone_2 - INFO - Drone 2: Reached target position
2026-02-13 18:06:45,652 - Drone_2 - INFO - Drone 2: Flying to {'x': 410.80134480912, 'y': 314.0728410098931, 'z': 60.0}
2026-02-13 18:06:45,652 - Drone_3 - INFO - Drone 3: Flying to {'x': 436.5648187852667, 'y': 306.57328044407257, 'z': 60.0}
2026-02-13 18:06:45,652 - Drone_4 - INFO - Drone 4: Flying to {'x': 418.30090537494056, 'y': 339.83631498603984, 'z': 60.0}
2026-02-13 18:06:45,913 - Drone_3 - INFO - Drone 3: Reached target position
2026-02-13 18:06:46,216 - Drone_4 - INFO - Drone 4: Reached target position
2026-02-13 18:06:46,318 - Drone_2 - INFO - Drone 2: Reached target position
2026-02-13 18:06:46,653 - Drone_2 - INFO - Drone 2: Flying to {'x': 404.973058493473, 'y': 308.2965071079298, 'z': 60.0}
2026-02-13 18:06:46,653 - Drone_3 - INFO - Drone 3: Flying to {'x': 430.83769925400117, 'y': 301.1536534534845, 'z': 60.0}
2026-02-13 18:06:46,653 - Drone_4 - INFO - Drone 4: Flying to {'x': 412.11591214791827, 'y': 334.161147868458, 'z': 60.0}
2026-02-13 18:06:46,917 - Drone_3 - INFO - Drone 3: Reached target position
2026-02-13 18:06:47,224 - Drone_4 - INFO - Drone 4: Reached target position
2026-02-13 18:06:47,424 - Drone_2 - INFO - Drone 2: Reached target position
2026-02-13 18:06:47,654 - Drone_2 - INFO - Drone 2: Flying to {'x': 399.20919214580766, 'y': 302.4273190845085, 'z': 60.0}
2026-02-13 18:06:47,654 - Drone_3 - INFO - Drone 3: Flying to {'x': 425.170966715494, 'y': 295.64600201532556, 'z': 60.0}
2026-02-13 18:06:47,655 - Drone_4 - INFO - Drone 4: Flying to {'x': 405.9905092149906, 'y': 328.38909365419477, 'z': 60.0}
2026-02-13 18:06:47,922 - Drone_3 - INFO - Drone 3: Reached target position
2026-02-13 18:06:48,230 - Drone_4 - INFO - Drone 4: Reached target position
2026-02-13 18:06:48,329 - Drone_2 - INFO - Drone 2: Reached target position
2026-02-13 18:06:48,655 - Drone_2 - INFO - Drone 2: Flying to {'x': 393.53629690595363, 'y': 296.4904339384908, 'z': 60.0}
2026-02-13 18:06:48,655 - Drone_3 - INFO - Drone 3: Flying to {'x': 419.5905248732448, 'y': 290.0734872324302, 'z': 60.0}
2026-02-13 18:06:48,656 - Drone_4 - INFO - Drone 4: Flying to {'x': 399.95324361201426, 'y': 322.544661905782, 'z': 60.0}
2026-02-13 18:06:48,928 - Drone_3 - INFO - Drone 3: Reached target position
2026-02-13 18:06:49,235 - Drone_4 - INFO - Drone 4: Reached target position
2026-02-13 18:06:49,434 - Drone_2 - INFO - Drone 2: Reached target position
2026-02-13 18:06:49,657 - Drone_2 - INFO - Drone 2: Flying to {'x': 387.93286796224805, 'y': 290.46151183127466, 'z': 60.0}
2026-02-13 18:06:49,657 - Drone_3 - INFO - Drone 3: Flying to {'x': 414.07502918781137, 'y': 284.4127593601736, 'z': 60.0}
2026-02-13 18:06:49,657 - Drone_4 - INFO - Drone 4: Flying to {'x': 393.9816204333492, 'y': 316.6036730568381, 'z': 60.0}
2026-02-13 18:06:49,931 - Drone_3 - INFO - Drone 3: Reached target position
2026-02-13 18:06:50,238 - Drone_4 - INFO - Drone 4: Reached target position
2026-02-13 18:06:50,338 - Drone_2 - INFO - Drone 2: Reached target position
2026-02-13 18:06:50,658 - Drone_2 - INFO - Drone 2: Flying to {'x': 382.4301375310233, 'y': 284.3728038980463, 'z': 60.0}
2026-02-13 18:06:50,658 - Drone_3 - INFO - Drone 3: Flying to {'x': 408.6550503549588, 'y': 278.6935480157157, 'z': 60.0}
2026-02-13 18:06:50,658 - Drone_4 - INFO - Drone 4: Flying to {'x': 388.1093934133539, 'y': 310.5977167219817, 'z': 60.0}
2026-02-13 18:06:50,935 - Drone_3 - INFO - Drone 3: Reached target position
2026-02-13 18:06:51,045 - PhysicalMLTrainer_Drone1 - INFO - Physical ML model trained drone=1 samples=3851 degree=2 alpha=0.0 val_mse=0.000500
2026-02-13 18:06:51,147 - PhysicalMLTrainer_Drone5 - INFO - Physical ML model trained drone=5 samples=3901 degree=2 alpha=1.0 val_mse=0.000002
2026-02-13 18:06:51,152 - PhysicalMLTrainer_Drone3 - INFO - Physical ML model trained drone=3 samples=3901 degree=2 alpha=0.0 val_mse=0.000602
2026-02-13 18:06:51,243 - Drone_4 - INFO - Drone 4: Reached target position
2026-02-13 18:06:51,266 - PhysicalMLTrainer_Drone2 - INFO - Physical ML model trained drone=2 samples=3901 degree=2 alpha=0.0 val_mse=0.000351
2026-02-13 18:06:51,266 - PhysicalMLTrainer_Drone4 - INFO - Physical ML model trained drone=4 samples=3901 degree=2 alpha=0.0 val_mse=0.000856
2026-02-13 18:06:51,467 - Drone_2 - INFO - Drone 2: Reached target position
2026-02-13 18:06:51,659 - Drone_2 - INFO - Drone 2: Flying to {'x': 376.94439616640193, 'y': 278.1275395102486, 'z': 60.0}
2026-02-13 18:06:51,659 - Drone_3 - INFO - Drone 3: Flying to {'x': 403.24792067775945, 'y': 272.82427652597045, 'z': 60.0}
2026-02-13 18:06:51,659 - Drone_4 - INFO - Drone 4: Flying to {'x': 382.2476591506801, 'y': 304.4310640216061, 'z': 60.0}
2026-02-13 18:06:51,958 - Drone_3 - INFO - Drone 3: Reached target position
2026-02-13 18:06:52,170 - Drone_4 - INFO - Drone 4: Reached target position
2026-02-13 18:06:52,270 - Drone_2 - INFO - Drone 2: Reached target position
2026-02-13 18:06:52,660 - Drone_2 - INFO - Drone 2: Flying to {'x': 371.61336837976046, 'y': 271.8813259068297, 'z': 60.0}
2026-02-13 18:06:52,660 - Drone_3 - INFO - Drone 3: Flying to {'x': 397.98924544099935, 'y': 266.9504933959433, 'z': 60.0}
2026-02-13 18:06:52,660 - Drone_4 - INFO - Drone 4: Flying to {'x': 376.5442008906469, 'y': 298.25720296806855, 'z': 60.0}
2026-02-13 18:06:52,963 - Drone_3 - INFO - Drone 3: Reached target position
2026-02-13 18:06:53,175 - Drone_4 - INFO - Drone 4: Reached target position
2026-02-13 18:06:53,376 - Drone_2 - INFO - Drone 2: Reached target position
2026-02-13 18:06:53,661 - Drone_2 - INFO - Drone 2: Flying to {'x': 366.87118014130033, 'y': 266.1700078811309, 'z': 60.0}
2026-02-13 18:06:53,661 - Drone_3 - INFO - Drone 3: Flying to {'x': 393.3078036524713, 'y': 261.5759968527808, 'z': 60.0}
2026-02-13 18:06:53,661 - Drone_4 - INFO - Drone 4: Flying to {'x': 371.4651911696504, 'y': 292.60663139230184, 'z': 60.0}
2026-02-13 18:06:53,866 - Drone_3 - INFO - Drone 3: Reached target position
2026-02-13 18:06:54,079 - Drone_4 - INFO - Drone 4: Reached target position
2026-02-13 18:06:54,280 - Drone_2 - INFO - Drone 2: Reached target position
2026-02-13 18:06:54,662 - Drone_2 - INFO - Drone 2: Flying to {'x': 361.7125237755527, 'y': 259.7821348370583, 'z': 60.0}
2026-02-13 18:06:54,662 - Drone_3 - INFO - Drone 3: Flying to {'x': 388.21107941601826, 'y': 255.5599850328528, 'z': 60.0}
2026-02-13 18:06:54,662 - Drone_4 - INFO - Drone 4: Flying to {'x': 365.9346735797583, 'y': 286.2806904775239, 'z': 60.0}
2026-02-13 18:06:54,971 - Drone_3 - INFO - Drone 3: Reached target position
2026-02-13 18:06:55,184 - Drone_4 - INFO - Drone 4: Reached target position
2026-02-13 18:06:55,385 - Drone_2 - INFO - Drone 2: Reached target position
2026-02-13 18:06:55,663 - Drone_2 - INFO - Drone 2: Flying to {'x': 356.6030609217186, 'y': 253.2651117137364, 'z': 60.0}
2026-02-13 18:06:55,663 - Drone_3 - INFO - Drone 3: Flying to {'x': 383.15840580826404, 'y': 249.4162602023601, 'z': 60.0}
2026-02-13 18:06:55,663 - Drone_4 - INFO - Drone 4: Flying to {'x': 360.4519124330949, 'y': 279.82045660028183, 'z': 60.0}
2026-02-13 18:06:55,980 - Drone_3 - INFO - Drone 3: Reached target position
2026-02-13 18:06:56,188 - Drone_4 - INFO - Drone 4: Reached target position
2026-02-13 18:06:56,289 - Drone_2 - INFO - Drone 2: Reached target position
2026-02-13 18:06:56,664 - Drone_2 - INFO - Drone 2: Flying to {'x': 351.63068923459923, 'y': 246.73081201375473, 'z': 60.0}
2026-02-13 18:06:56,664 - Drone_3 - INFO - Drone 3: Flying to {'x': 378.23667161018466, 'y': 243.24918856627554, 'z': 60.0}
2026-02-13 18:06:56,664 - Drone_4 - INFO - Drone 4: Flying to {'x': 355.11231268207837, 'y': 273.3367943893402, 'z': 60.0}
2026-02-13 18:06:56,984 - Drone_3 - INFO - Drone 3: Reached target position
2026-02-13 18:06:57,192 - Drone_4 - INFO - Drone 4: Reached target position
2026-02-13 18:06:57,393 - Drone_2 - INFO - Drone 2: Reached target position
2026-02-13 18:06:57,665 - Drone_2 - INFO - Drone 2: Flying to {'x': 346.75736948107937, 'y': 240.1318489303128, 'z': 60.0}
2026-02-13 18:06:57,665 - Drone_3 - INFO - Drone 3: Flying to {'x': 373.408300140953, 'y': 237.0128915784705, 'z': 60.0}
2026-02-13 18:06:57,665 - Drone_4 - INFO - Drone 4: Flying to {'x': 349.87632683292173, 'y': 266.78277959018635, 'z': 60.0}
2026-02-13 18:06:57,988 - Drone_3 - INFO - Drone 3: Reached target position
2026-02-13 18:06:58,195 - Drone_4 - INFO - Drone 4: Reached target position
2026-02-13 18:06:58,296 - Drone_2 - INFO - Drone 2: Reached target position
2026-02-13 18:06:58,666 - Drone_2 - INFO - Drone 2: Flying to {'x': 341.98042534129735, 'y': 233.46519782106176, 'z': 60.0}
2026-02-13 18:06:58,666 - Drone_3 - INFO - Drone 3: Flying to {'x': 368.6707017535089, 'y': 230.70310712020787, 'z': 60.0}
2026-02-13 18:06:58,667 - Drone_4 - INFO - Drone 4: Flying to {'x': 344.74251604215124, 'y': 260.1554742332733, 'z': 60.0}
2026-02-13 18:06:58,993 - Drone_3 - INFO - Drone 3: Reached target position
2026-02-13 18:06:59,201 - Drone_4 - INFO - Drone 4: Reached target position
2026-02-13 18:06:59,403 - Drone_2 - INFO - Drone 2: Reached target position
2026-02-13 18:06:59,668 - Drone_2 - INFO - Drone 2: Flying to {'x': 337.29229412918795, 'y': 226.72055838554525, 'z': 60.0}
2026-02-13 18:06:59,668 - Drone_3 - INFO - Drone 3: Flying to {'x': 364.0164721126374, 'y': 224.308440828519, 'z': 60.0}
2026-02-13 18:06:59,669 - Drone_4 - INFO - Drone 4: Flying to {'x': 339.7044116862142, 'y': 253.4447363689947, 'z': 60.0}
2026-02-13 18:07:00,000 - Drone_3 - INFO - Drone 3: Reached target position
2026-02-13 18:07:00,207 - Drone_4 - INFO - Drone 4: Reached target position
2026-02-13 18:07:00,309 - Drone_2 - INFO - Drone 2: Reached target position
2026-02-13 18:07:00,670 - Drone_2 - INFO - Drone 2: Flying to {'x': 332.70705998749594, 'y': 219.9193042701212, 'z': 60.0}
2026-02-13 18:07:00,671 - Drone_3 - INFO - Drone 3: Flying to {'x': 359.4597559909304, 'y': 217.84728676348152, 'z': 60.0}
2026-02-13 18:07:00,671 - Drone_4 - INFO - Drone 4: Flying to {'x': 334.7790774941356, 'y': 246.67200027355565, 'z': 60.0}
2026-02-13 18:07:01,007 - Drone_3 - INFO - Drone 3: Reached target position
2026-02-13 18:07:01,213 - Drone_4 - INFO - Drone 4: Reached target position
2026-02-13 18:07:01,415 - Drone_2 - INFO - Drone 2: Reached target position
2026-02-13 18:07:01,672 - Drone_2 - INFO - Drone 2: Flying to {'x': 328.223617150864, 'y': 213.06225165578655, 'z': 60.0}
2026-02-13 18:07:01,673 - Drone_3 - INFO - Drone 3: Flying to {'x': 354.99970090199776, 'y': 211.3183081497436, 'z': 60.0}
2026-02-13 18:07:01,673 - Drone_4 - INFO - Drone 4: Flying to {'x': 329.9675606569069, 'y': 239.83833540692035, 'z': 60.0}
2026-02-13 18:07:02,013 - Drone_3 - INFO - Drone 3: Reached target position
2026-02-13 18:07:02,218 - Drone_4 - INFO - Drone 4: Reached target position
2026-02-13 18:07:02,320 - Drone_2 - INFO - Drone 2: Reached target position
2026-02-13 18:07:02,674 - Drone_2 - INFO - Drone 2: Flying to {'x': 323.84248939850744, 'y': 206.1532774658704, 'z': 60.0}
2026-02-13 18:07:02,674 - Drone_3 - INFO - Drone 3: Flying to {'x': 350.6371449066307, 'y': 204.72274043349248, 'z': 60.0}
2026-02-13 18:07:02,674 - Drone_4 - INFO - Drone 4: Flying to {'x': 325.2730264308854, 'y': 232.94793297399355, 'z': 60.0}
2026-02-13 18:07:03,017 - Drone_3 - INFO - Drone 3: Reached target position
2026-02-13 18:07:03,123 - Drone_4 - INFO - Drone 4: Reached target position
2026-02-13 18:07:03,426 - Drone_2 - INFO - Drone 2: Reached target position
2026-02-13 18:07:03,677 - Drone_2 - INFO - Drone 2: Flying to {'x': 319.5549650355559, 'y': 199.18187162209557, 'z': 60.0}
2026-02-13 18:07:03,678 - Drone_3 - INFO - Drone 3: Flying to {'x': 346.36379688108207, 'y': 198.04761632530378, 'z': 60.0}
2026-02-13 18:07:03,678 - Drone_4 - INFO - Drone 4: Flying to {'x': 320.68922033234765, 'y': 225.99070346762176, 'z': 60.0}
2026-02-13 18:07:04,023 - Drone_3 - INFO - Drone 3: Reached target position
2026-02-13 18:07:04,128 - Drone_4 - INFO - Drone 4: Reached target position
2026-02-13 18:07:04,330 - Drone_2 - INFO - Drone 2: Reached target position
2026-02-13 18:07:04,680 - Drone_2 - INFO - Drone 2: Flying to {'x': 315.3733569504036, 'y': 192.17249662778076, 'z': 60.0}
2026-02-13 18:07:04,680 - Drone_3 - INFO - Drone 3: Flying to {'x': 342.1924013273563, 'y': 191.31292772010573, 'z': 60.0}
2026-02-13 18:07:04,680 - Drone_4 - INFO - Drone 4: Flying to {'x': 316.23292585807866, 'y': 218.99154100473348, 'z': 60.0}
2026-02-13 18:07:05,027 - Drone_3 - INFO - Drone 3: Reached target position
2026-02-13 18:07:05,132 - Drone_4 - INFO - Drone 4: Reached target position
2026-02-13 18:07:05,435 - Drone_2 - INFO - Drone 2: Reached target position
2026-02-13 18:07:05,681 - Drone_2 - INFO - Drone 2: Flying to {'x': 311.2881648823842, 'y': 185.1148769887575, 'z': 60.0}
2026-02-13 18:07:05,682 - Drone_3 - INFO - Drone 3: Flying to {'x': 338.114042755849, 'y': 184.5047324829663, 'z': 60.0}
2026-02-13 18:07:05,682 - Drone_4 - INFO - Drone 4: Flying to {'x': 311.89830938817533, 'y': 211.94075486222238, 'z': 60.0}
2026-02-13 18:07:06,030 - Drone_3 - INFO - Drone 3: Reached target position
2026-02-13 18:07:06,137 - Drone_4 - INFO - Drone 4: Reached target position
2026-02-13 18:07:06,338 - Drone_2 - INFO - Drone 2: Reached target position
2026-02-13 18:07:06,682 - Drone_2 - INFO - Drone 2: Flying to {'x': 307.29603478564076, 'y': 178.00907848860376, 'z': 60.0}
2026-02-13 18:07:06,682 - Drone_3 - INFO - Drone 3: Flying to {'x': 334.12600133976036, 'y': 177.61806096364666, 'z': 60.0}
2026-02-13 18:07:06,683 - Drone_4 - INFO - Drone 4: Flying to {'x': 307.68705231059784, 'y': 204.83904504272334, 'z': 60.0}
2026-02-13 18:07:07,036 - Drone_3 - INFO - Drone 3: Reached target position
2026-02-13 18:07:07,143 - Drone_4 - INFO - Drone 4: Reached target position
2026-02-13 18:07:07,344 - Drone_2 - INFO - Drone 2: Reached target position
2026-02-13 18:07:07,683 - Drone_2 - INFO - Drone 2: Flying to {'x': 303.4047506263434, 'y': 170.87648981156582, 'z': 60.0}
2026-02-13 18:07:07,684 - Drone_3 - INFO - Drone 3: Flying to {'x': 330.23675310098025, 'y': 170.66758025917315, 'z': 60.0}
2026-02-13 18:07:07,684 - Drone_4 - INFO - Drone 4: Flying to {'x': 303.6136601787361, 'y': 197.7084922862027, 'z': 60.0}
2026-02-13 18:07:08,140 - Drone_3 - INFO - Drone 3: Reached target position
2026-02-13 18:07:08,148 - Drone_4 - INFO - Drone 4: Reached target position
2026-02-13 18:07:08,348 - Drone_2 - INFO - Drone 2: Reached target position
2026-02-13 18:07:08,685 - Drone_2 - INFO - Drone 2: Flying to {'x': 299.61436774502477, 'y': 163.72673491857685, 'z': 60.0}
2026-02-13 18:07:08,685 - Drone_3 - INFO - Drone 3: Flying to {'x': 326.4470885097611, 'y': 163.65534611213306, 'z': 60.0}
2026-02-13 18:07:08,685 - Drone_4 - INFO - Drone 4: Flying to {'x': 299.6857565514685, 'y': 190.55945568331322, 'z': 60.0}
2026-02-13 18:07:09,146 - Drone_3 - INFO - Drone 3: Reached target position
2026-02-13 18:07:09,152 - Drone_4 - INFO - Drone 4: Reached target position
2026-02-13 18:07:09,352 - Drone_2 - INFO - Drone 2: Reached target position
2026-02-13 18:07:09,686 - Drone_2 - INFO - Drone 2: Flying to {'x': 295.9146674246358, 'y': 156.55057855693758, 'z': 60.0}
2026-02-13 18:07:09,687 - Drone_3 - INFO - Drone 3: Flying to {'x': 322.7474802867892, 'y': 156.56298438833582, 'z': 60.0}
2026-02-13 18:07:09,687 - Drone_4 - INFO - Drone 4: Flying to {'x': 295.9022615932376, 'y': 183.38339141909105, 'z': 60.0}
2026-02-13 18:07:10,151 - Drone_3 - INFO - Drone 3: Reached target position
2026-02-13 18:07:10,157 - Drone_4 - INFO - Drone 4: Reached target position
2026-02-13 18:07:10,356 - Drone_2 - INFO - Drone 2: Reached target position
2026-02-13 18:07:10,688 - Drone_2 - INFO - Drone 2: Flying to {'x': 292.30409221013593, 'y': 149.3552083832253, 'z': 60.0}
2026-02-13 18:07:10,689 - Drone_3 - INFO - Drone 3: Flying to {'x': 319.1368908282603, 'y': 149.38551216497396, 'z': 60.0}
2026-02-13 18:07:10,689 - Drone_4 - INFO - Drone 4: Flying to {'x': 292.2737884283873, 'y': 176.18800700134958, 'z': 60.0}
2026-02-13 18:07:11,158 - Drone_3 - INFO - Drone 3: Reached target position
2026-02-13 18:07:11,161 - Drone_4 - INFO - Drone 4: Reached target position
2026-02-13 18:07:11,164 - PhysicalMLTrainer_Drone1 - INFO - Physical ML model trained drone=1 samples=4051 degree=2 alpha=0.0 val_mse=0.001008
2026-02-13 18:07:11,270 - PhysicalMLTrainer_Drone5 - INFO - Physical ML model trained drone=5 samples=4101 degree=2 alpha=1.0 val_mse=0.000002
2026-02-13 18:07:11,275 - PhysicalMLTrainer_Drone3 - INFO - Physical ML model trained drone=3 samples=4101 degree=2 alpha=0.0 val_mse=0.000694
2026-02-13 18:07:11,363 - Drone_2 - INFO - Drone 2: Reached target position
2026-02-13 18:07:11,386 - PhysicalMLTrainer_Drone2 - INFO - Physical ML model trained drone=2 samples=4101 degree=2 alpha=0.0 val_mse=0.000386
2026-02-13 18:07:11,386 - PhysicalMLTrainer_Drone4 - INFO - Physical ML model trained drone=4 samples=4101 degree=2 alpha=0.0 val_mse=0.000981
2026-02-13 18:07:11,690 - Drone_2 - INFO - Drone 2: Flying to {'x': 288.7293038320875, 'y': 142.0407041824738, 'z': 60.0}
2026-02-13 18:07:11,690 - Drone_3 - INFO - Drone 3: Flying to {'x': 315.5620965988386, 'y': 142.00559953044757, 'z': 60.0}
2026-02-13 18:07:11,690 - Drone_4 - INFO - Drone 4: Flying to {'x': 288.7644084841138, 'y': 168.87349694922483, 'z': 60.0}
2026-02-13 18:07:12,178 - Drone_3 - INFO - Drone 3: Reached target position
2026-02-13 18:07:12,191 - Drone_4 - INFO - Drone 4: Reached target position
2026-02-13 18:07:12,493 - Drone_2 - INFO - Drone 2: Reached target position
2026-02-13 18:07:12,691 - Drone_2 - INFO - Drone 2: Flying to {'x': 285.3015216592027, 'y': 134.84468123053472, 'z': 60.0}
2026-02-13 18:07:12,692 - Drone_3 - INFO - Drone 3: Flying to {'x': 312.1335728029288, 'y': 134.6421190907739, 'z': 60.0}
2026-02-13 18:07:12,693 - Drone_4 - INFO - Drone 4: Flying to {'x': 285.50408379896345, 'y': 161.67673237426084, 'z': 60.0}
2026-02-13 18:07:13,097 - Drone_4 - INFO - Drone 4: Reached target position
2026-02-13 18:07:13,184 - Drone_3 - INFO - Drone 3: Reached target position
2026-02-13 18:07:13,298 - Drone_2 - INFO - Drone 2: Reached target position
2026-02-13 18:07:13,695 - Drone_2 - INFO - Drone 2: Flying to {'x': 281.9613173499555, 'y': 127.65333763155058, 'z': 60.0}
2026-02-13 18:07:13,695 - Drone_3 - INFO - Drone 3: Flying to {'x': 308.78946465906427, 'y': 127.15282593262556, 'z': 60.0}
2026-02-13 18:07:13,696 - Drone_4 - INFO - Drone 4: Flying to {'x': 282.46182904888053, 'y': 154.48148494065933, 'z': 60.0}
2026-02-13 18:07:14,107 - Drone_4 - INFO - Drone 4: Reached target position
2026-02-13 18:07:14,189 - Drone_3 - INFO - Drone 3: Reached target position
2026-02-13 18:07:14,303 - Drone_2 - INFO - Drone 2: Reached target position
2026-02-13 18:07:14,696 - Drone_2 - INFO - Drone 2: Flying to {'x': 278.72531582004524, 'y': 120.50182345651704, 'z': 60.0}
2026-02-13 18:07:14,697 - Drone_3 - INFO - Drone 3: Flying to {'x': 305.5407469737149, 'y': 119.53608433915603, 'z': 60.0}
2026-02-13 18:07:14,698 - Drone_4 - INFO - Drone 4: Flying to {'x': 279.6910549374062, 'y': 147.31725461018675, 'z': 60.0}
2026-02-13 18:07:15,013 - Drone_4 - INFO - Drone 4: Reached target position
2026-02-13 18:07:15,195 - Drone_3 - INFO - Drone 3: Reached target position
2026-02-13 18:07:15,308 - Drone_2 - INFO - Drone 2: Reached target position
2026-02-13 18:07:15,699 - Drone_2 - INFO - Drone 2: Flying to {'x': 275.5975362535196, 'y': 113.38315783188779, 'z': 60.0}
2026-02-13 18:07:15,700 - Drone_3 - INFO - Drone 3: Flying to {'x': 302.379437875453, 'y': 111.73096368074334, 'z': 60.0}
2026-02-13 18:07:15,701 - Drone_4 - INFO - Drone 4: Flying to {'x': 277.249730404664, 'y': 140.16505945382127, 'z': 60.0}
2026-02-13 18:07:16,017 - Drone_4 - INFO - Drone 4: Reached target position
2026-02-13 18:07:16,200 - Drone_3 - INFO - Drone 3: Reached target position
2026-02-13 18:07:16,312 - Drone_2 - INFO - Drone 2: Reached target position
2026-02-13 18:07:16,702 - Drone_2 - INFO - Drone 2: Flying to {'x': 272.6067735149977, 'y': 106.3160857356114, 'z': 60.0}
2026-02-13 18:07:16,702 - Drone_3 - INFO - Drone 3: Flying to {'x': 299.30993143359274, 'y': 103.68144018552698, 'z': 60.0}
2026-02-13 18:07:16,702 - Drone_4 - INFO - Drone 4: Flying to {'x': 275.24141906508214, 'y': 133.01924365420635, 'z': 60.0}
2026-02-13 18:07:17,023 - Drone_4 - INFO - Drone 4: Reached target position
2026-02-13 18:07:17,205 - Drone_3 - INFO - Drone 3: Reached target position
2026-02-13 18:07:17,316 - Drone_2 - INFO - Drone 2: Reached target position
2026-02-13 18:07:17,703 - Drone_2 - INFO - Drone 2: Flying to {'x': 269.79426895913207, 'y': 99.2931465957486, 'z': 60.0}
2026-02-13 18:07:17,703 - Drone_3 - INFO - Drone 3: Flying to {'x': 296.32371352205837, 'y': 95.26964424299433, 'z': 60.0}
2026-02-13 18:07:17,704 - Drone_4 - INFO - Drone 4: Flying to {'x': 273.8177713118863, 'y': 125.82259115867491, 'z': 60.0}
2026-02-13 18:07:18,030 - Drone_4 - INFO - Drone 4: Reached target position
2026-02-13 18:07:18,212 - Drone_3 - INFO - Drone 3: Reached target position
2026-02-13 18:07:18,324 - Drone_2 - INFO - Drone 2: Reached target position
2026-02-13 18:07:18,705 - Drone_2 - INFO - Drone 2: Flying to {'x': 267.4679866670561, 'y': 92.96517629114139, 'z': 60.0}
2026-02-13 18:07:18,706 - Drone_3 - INFO - Drone 3: Flying to {'x': 293.675688368869, 'y': 87.20701933697657, 'z': 60.0}
2026-02-13 18:07:18,707 - Drone_4 - INFO - Drone 4: Flying to {'x': 273.22614362122096, 'y': 119.17287799295423, 'z': 60.0}
2026-02-13 18:07:18,935 - Drone_4 - INFO - Drone 4: Reached target position
2026-02-13 18:07:19,217 - Drone_3 - INFO - Drone 3: Reached target position
2026-02-13 18:07:19,327 - Drone_2 - INFO - Drone 2: Reached target position
2026-02-13 18:07:19,708 - Drone_2 - INFO - Drone 2: Flying to {'x': 265.21904665274207, 'y': 85.85705670979746, 'z': 60.0}
2026-02-13 18:07:19,708 - Drone_3 - INFO - Drone 3: Flying to {'x': 290.6952768236877, 'y': 77.43318015105083, 'z': 60.0}
2026-02-13 18:07:19,709 - Drone_4 - INFO - Drone 4: Flying to {'x': 273.6429232114887, 'y': 111.33328688074306, 'z': 60.0}
2026-02-13 18:07:19,940 - Drone_4 - INFO - Drone 4: Reached target position
2026-02-13 18:07:20,322 - Drone_3 - INFO - Drone 3: Reached target position
2026-02-13 18:07:20,332 - Drone_2 - INFO - Drone 2: Reached target position
2026-02-13 18:07:20,709 - Drone_2 - INFO - Drone 2: Flying to {'x': 263.42323939214026, 'y': 78.39938672331536, 'z': 60.0}
2026-02-13 18:07:20,709 - Drone_3 - INFO - Drone 3: Flying to {'x': 287.35696968801864, 'y': 66.2677522858558, 'z': 60.0}
2026-02-13 18:07:20,710 - Drone_4 - INFO - Drone 4: Flying to {'x': 275.5548738295998, 'y': 102.33311701919371, 'z': 60.0}
2026-02-13 18:07:20,944 - Drone_4 - INFO - Drone 4: Reached target position
2026-02-13 18:07:21,337 - Drone_2 - INFO - Drone 2: Reached target position
2026-02-13 18:07:21,425 - Drone_3 - INFO - Drone 3: Reached target position
2026-02-13 18:07:21,711 - Drone_2 - INFO - Drone 2: Flying to {'x': 261.9956471806134, 'y': 70.10386415180892, 'z': 60.0}
2026-02-13 18:07:21,711 - Drone_3 - INFO - Drone 3: Flying to {'x': 282.7703570350097, 'y': 53.121183843163635, 'z': 60.0}
2026-02-13 18:07:21,711 - Drone_4 - INFO - Drone 4: Flying to {'x': 278.9783274892587, 'y': 90.87857400620524, 'z': 60.0}
2026-02-13 18:07:22,149 - Drone_4 - INFO - Drone 4: Reached target position
2026-02-13 18:07:22,341 - Drone_2 - INFO - Drone 2: Reached target position
2026-02-13 18:07:22,632 - Drone_3 - INFO - Drone 3: Reached target position
2026-02-13 18:07:22,712 - Drone_2 - INFO - Drone 2: Flying to {'x': 260.040250439431, 'y': 60.49484056967078, 'z': 60.0}
2026-02-13 18:07:22,712 - Drone_3 - INFO - Drone 3: Flying to {'x': 275.00300652890667, 'y': 38.221180560438796, 'z': 60.0}
2026-02-13 18:07:22,712 - Drone_4 - INFO - Drone 4: Flying to {'x': 282.313910448663, 'y': 75.4575966591464, 'z': 60.0}
2026-02-13 18:07:23,446 - Drone_2 - INFO - Drone 2: Reached target position
2026-02-13 18:07:23,558 - Drone_4 - INFO - Drone 4: Reached target position
2026-02-13 18:07:23,713 - Drone_2 - INFO - Drone 2: Flying to {'x': 255.65585426007686, 'y': 50.772274011317556, 'z': 60.0}
2026-02-13 18:07:23,713 - Drone_3 - INFO - Drone 3: Flying to {'x': 262.4456960115761, 'y': 24.812727617175803, 'z': 60.0}
2026-02-13 18:07:23,714 - Drone_4 - INFO - Drone 4: Flying to {'x': 281.6154006542186, 'y': 57.56211576281678, 'z': 60.0}
2026-02-13 18:07:24,551 - Drone_2 - INFO - Drone 2: Reached target position
2026-02-13 18:07:24,714 - Drone_2 - INFO - Drone 2: Flying to {'x': 248.473892309682, 'y': 44.43978081675333, 'z': 60.0}
2026-02-13 18:07:24,714 - Drone_3 - INFO - Drone 3: Flying to {'x': 247.62641037475527, 'y': 17.620351770444884, 'z': 60.0}
2026-02-13 18:07:24,715 - Drone_4 - INFO - Drone 4: Flying to {'x': 275.29332135599043, 'y': 43.59229888182662, 'z': 60.0}
2026-02-13 18:07:25,454 - Drone_2 - INFO - Drone 2: Reached target position
2026-02-13 18:07:25,716 - Drone_2 - INFO - Drone 2: Flying to {'x': 240.66235905457168, 'y': 43.19113561701611, 'z': 60.0}
2026-02-13 18:07:25,717 - Drone_3 - INFO - Drone 3: Flying to {'x': 234.9226634106887, 'y': 16.979384551595267, 'z': 60.0}
2026-02-13 18:07:25,718 - Drone_4 - INFO - Drone 4: Flying to {'x': 266.8741101199925, 'y': 37.45143997313312, 'z': 60.0}
2026-02-13 18:07:26,357 - Drone_2 - INFO - Drone 2: Reached target position
2026-02-13 18:07:26,570 - Drone_4 - INFO - Drone 4: Reached target position
2026-02-13 18:07:26,720 - Drone_2 - INFO - Drone 2: Flying to {'x': 233.71579527339603, 'y': 45.8075300375194, 'z': 60.0}
2026-02-13 18:07:26,720 - Drone_3 - INFO - Drone 3: Flying to {'x': 225.61317272640252, 'y': 20.22731291840657, 'z': 60.0}
2026-02-13 18:07:26,720 - Drone_4 - INFO - Drone 4: Flying to {'x': 259.2960123925088, 'y': 37.7049074905259, 'z': 60.0}
2026-02-13 18:07:27,275 - Drone_4 - INFO - Drone 4: Reached target position
2026-02-13 18:07:27,366 - Drone_2 - INFO - Drone 2: Reached target position
2026-02-13 18:07:27,555 - Drone_3 - INFO - Drone 3: Reached target position
2026-02-13 18:07:27,721 - Drone_2 - INFO - Drone 2: Flying to {'x': 227.66955655466637, 'y': 50.650256987768906, 'z': 60.0}
2026-02-13 18:07:27,721 - Drone_3 - INFO - Drone 3: Flying to {'x': 218.80873418185476, 'y': 25.322686498725126, 'z': 60.0}
2026-02-13 18:07:27,722 - Drone_4 - INFO - Drone 4: Flying to {'x': 252.99712704371015, 'y': 41.78943461495731, 'z': 60.0}
2026-02-13 18:07:28,259 - Drone_3 - INFO - Drone 3: Reached target position
2026-02-13 18:07:28,371 - Drone_2 - INFO - Drone 2: Reached target position
2026-02-13 18:07:28,480 - Drone_4 - INFO - Drone 4: Reached target position
2026-02-13 18:07:28,722 - Drone_2 - INFO - Drone 2: Flying to {'x': 222.14946700677538, 'y': 56.58905998515213, 'z': 60.0}
2026-02-13 18:07:28,723 - Drone_3 - INFO - Drone 3: Flying to {'x': 213.44631522499188, 'y': 31.206878261288466, 'z': 60.0}
2026-02-13 18:07:28,723 - Drone_4 - INFO - Drone 4: Flying to {'x': 247.53164873063906, 'y': 47.88590820336862, 'z': 60.0}
2026-02-13 18:07:29,162 - Drone_3 - INFO - Drone 3: Reached target position
2026-02-13 18:07:29,375 - Drone_2 - INFO - Drone 2: Reached target position
2026-02-13 18:07:29,382 - Drone_4 - INFO - Drone 4: Reached target position
2026-02-13 18:07:29,724 - Drone_2 - INFO - Drone 2: Flying to {'x': 216.76084810680882, 'y': 63.02017211822096, 'z': 60.0}
2026-02-13 18:07:29,724 - Drone_3 - INFO - Drone 3: Flying to {'x': 208.7159427107364, 'y': 37.421744487441664, 'z': 60.0}
2026-02-13 18:07:29,725 - Drone_4 - INFO - Drone 4: Flying to {'x': 242.35927573758812, 'y': 54.97526672214853, 'z': 60.0}
2026-02-13 18:07:30,266 - Drone_3 - INFO - Drone 3: Reached target position
2026-02-13 18:07:30,378 - Drone_2 - INFO - Drone 2: Reached target position
2026-02-13 18:07:30,486 - Drone_4 - INFO - Drone 4: Reached target position
2026-02-13 18:07:30,726 - Drone_2 - INFO - Drone 2: Flying to {'x': 211.28216227773206, 'y': 69.5813678606452, 'z': 60.0}
2026-02-13 18:07:30,726 - Drone_3 - INFO - Drone 3: Flying to {'x': 204.15888595454757, 'y': 43.71132854054444, 'z': 60.0}
2026-02-13 18:07:30,727 - Drone_4 - INFO - Drone 4: Flying to {'x': 237.1522015978328, 'y': 62.458091537460746, 'z': 60.0}
2026-02-13 18:07:31,271 - Drone_3 - INFO - Drone 3: Reached target position
2026-02-13 18:07:31,277 - PhysicalMLTrainer_Drone1 - INFO - Physical ML model trained drone=1 samples=4251 degree=2 alpha=0.0 val_mse=0.003352
2026-02-13 18:07:31,383 - Drone_2 - INFO - Drone 2: Reached target position
2026-02-13 18:07:31,386 - PhysicalMLTrainer_Drone5 - INFO - Physical ML model trained drone=5 samples=4301 degree=2 alpha=1.0 val_mse=0.000003
2026-02-13 18:07:31,390 - PhysicalMLTrainer_Drone3 - INFO - Physical ML model trained drone=3 samples=4301 degree=2 alpha=0.0 val_mse=0.004357
2026-02-13 18:07:31,494 - Drone_4 - INFO - Drone 4: Reached target position
2026-02-13 18:07:31,501 - PhysicalMLTrainer_Drone2 - INFO - Physical ML model trained drone=2 samples=4301 degree=2 alpha=0.0 val_mse=0.000559
2026-02-13 18:07:31,508 - PhysicalMLTrainer_Drone4 - INFO - Physical ML model trained drone=4 samples=4301 degree=2 alpha=0.0 val_mse=0.001053
2026-02-13 18:07:31,727 - Drone_2 - INFO - Drone 2: Flying to {'x': 205.5462157907297, 'y': 76.12347923461246, 'z': 60.0}
2026-02-13 18:07:31,728 - Drone_3 - INFO - Drone 3: Flying to {'x': 199.48058583338693, 'y': 49.985228849007356, 'z': 60.0}
2026-02-13 18:07:31,728 - Drone_4 - INFO - Drone 4: Flying to {'x': 231.68446617633484, 'y': 70.05784927726967, 'z': 60.0}
2026-02-13 18:07:32,296 - Drone_3 - INFO - Drone 3: Reached target position
2026-02-13 18:07:32,406 - Drone_2 - INFO - Drone 2: Reached target position
2026-02-13 18:07:32,514 - Drone_4 - INFO - Drone 4: Reached target position
2026-02-13 18:07:32,729 - Drone_2 - INFO - Drone 2: Flying to {'x': 199.62252372436112, 'y': 82.39965915625758, 'z': 60.0}
2026-02-13 18:07:32,730 - Drone_3 - INFO - Drone 3: Flying to {'x': 194.65122231665646, 'y': 56.03137968425273, 'z': 60.0}
2026-02-13 18:07:32,731 - Drone_4 - INFO - Drone 4: Flying to {'x': 225.990803196366, 'y': 77.42835774855294, 'z': 60.0}
2026-02-13 18:07:33,302 - Drone_3 - INFO - Drone 3: Reached target position
2026-02-13 18:07:33,411 - Drone_2 - INFO - Drone 2: Reached target position
2026-02-13 18:07:33,520 - Drone_4 - INFO - Drone 4: Reached target position
2026-02-13 18:07:33,733 - Drone_2 - INFO - Drone 2: Flying to {'x': 193.44559900366752, 'y': 88.41432328826524, 'z': 60.0}
2026-02-13 18:07:33,733 - Drone_3 - INFO - Drone 3: Flying to {'x': 189.57209696745926, 'y': 61.862562857448395, 'z': 60.0}
2026-02-13 18:07:33,733 - Drone_4 - INFO - Drone 4: Flying to {'x': 219.99735943448437, 'y': 84.54082125205699, 'z': 60.0}
2026-02-13 18:07:34,206 - Drone_3 - INFO - Drone 3: Reached target position
2026-02-13 18:07:34,415 - Drone_2 - INFO - Drone 2: Reached target position
2026-02-13 18:07:34,523 - Drone_4 - INFO - Drone 4: Reached target position
2026-02-13 18:07:34,734 - Drone_2 - INFO - Drone 2: Flying to {'x': 187.02206416648133, 'y': 94.13966811951353, 'z': 60.0}
2026-02-13 18:07:34,735 - Drone_3 - INFO - Drone 3: Flying to {'x': 184.2274010419941, 'y': 67.45278261332098, 'z': 60.0}
2026-02-13 18:07:34,735 - Drone_4 - INFO - Drone 4: Flying to {'x': 213.70894967267392, 'y': 91.34500499502633, 'z': 60.0}
2026-02-13 18:07:35,212 - Drone_3 - INFO - Drone 3: Reached target position
2026-02-13 18:07:35,422 - Drone_2 - INFO - Drone 2: Reached target position
2026-02-13 18:07:35,529 - Drone_4 - INFO - Drone 4: Reached target position
2026-02-13 18:07:35,736 - Drone_2 - INFO - Drone 2: Flying to {'x': 180.37253981816153, 'y': 99.56016809946875, 'z': 60.0}
2026-02-13 18:07:35,736 - Drone_3 - INFO - Drone 3: Flying to {'x': 178.62580508602903, 'y': 72.78426628878157, 'z': 60.0}
2026-02-13 18:07:35,737 - Drone_4 - INFO - Drone 4: Flying to {'x': 207.1484416288487, 'y': 97.81343336733632, 'z': 60.0}
2026-02-13 18:07:36,217 - Drone_3 - INFO - Drone 3: Reached target position
2026-02-13 18:07:36,427 - Drone_2 - INFO - Drone 2: Reached target position
2026-02-13 18:07:36,534 - Drone_4 - INFO - Drone 4: Reached target position
2026-02-13 18:07:36,742 - Drone_2 - INFO - Drone 2: Flying to {'x': 173.4996880607628, 'y': 104.68579762190788, 'z': 60.0}
2026-02-13 18:07:36,743 - Drone_3 - INFO - Drone 3: Flying to {'x': 172.7675230704157, 'y': 77.86297274407463, 'z': 60.0}
2026-02-13 18:07:36,743 - Drone_4 - INFO - Drone 4: Flying to {'x': 200.32251293859602, 'y': 103.95363263156078, 'z': 60.0}
2026-02-13 18:07:37,223 - Drone_3 - INFO - Drone 3: Reached target position
2026-02-13 18:07:37,532 - Drone_2 - INFO - Drone 2: Reached target position
2026-02-13 18:07:37,548 - Drone_4 - INFO - Drone 4: Reached target position
2026-02-13 18:07:37,744 - Drone_2 - INFO - Drone 2: Flying to {'x': 166.4373174603632, 'y': 109.50767561769413, 'z': 60.0}
2026-02-13 18:07:37,745 - Drone_3 - INFO - Drone 3: Flying to {'x': 166.68282311588516, 'y': 82.67598303274701, 'z': 60.0}
2026-02-13 18:07:37,745 - Drone_4 - INFO - Drone 4: Flying to {'x': 193.26901004531032, 'y': 109.75318127321609, 'z': 60.0}
2026-02-13 18:07:38,230 - Drone_3 - INFO - Drone 3: Reached target position
2026-02-13 18:07:38,354 - Drone_4 - INFO - Drone 4: Reached target position
2026-02-13 18:07:38,438 - Drone_2 - INFO - Drone 2: Reached target position
2026-02-13 18:07:38,747 - Drone_2 - INFO - Drone 2: Flying to {'x': 159.21189934959307, 'y': 114.02691909973748, 'z': 60.0}
2026-02-13 18:07:38,747 - Drone_3 - INFO - Drone 3: Flying to {'x': 160.39784224140678, 'y': 87.22032402581291, 'z': 60.0}
2026-02-13 18:07:38,748 - Drone_4 - INFO - Drone 4: Flying to {'x': 186.01849442351764, 'y': 115.21286199155115, 'z': 60.0}
2026-02-13 18:07:39,239 - Drone_3 - INFO - Drone 3: Reached target position
2026-02-13 18:07:39,465 - Drone_4 - INFO - Drone 4: Reached target position
2026-02-13 18:07:39,545 - Drone_2 - INFO - Drone 2: Reached target position
2026-02-13 18:07:39,750 - Drone_2 - INFO - Drone 2: Flying to {'x': 151.8350405631472, 'y': 118.25475835567906, 'z': 60.0}
2026-02-13 18:07:39,750 - Drone_3 - INFO - Drone 3: Flying to {'x': 153.92664725745297, 'y': 91.50358676570312, 'z': 60.0}
2026-02-13 18:07:39,750 - Drone_4 - INFO - Drone 4: Flying to {'x': 178.58621215312314, 'y': 120.34636504998481, 'z': 60.0}
2026-02-13 18:07:40,246 - Drone_3 - INFO - Drone 3: Reached target position
2026-02-13 18:07:40,450 - Drone_2 - INFO - Drone 2: Reached target position
2026-02-13 18:07:40,474 - Drone_4 - INFO - Drone 4: Reached target position
2026-02-13 18:07:40,751 - Drone_2 - INFO - Drone 2: Flying to {'x': 144.32140742661457, 'y': 122.19935647894587, 'z': 60.0}
2026-02-13 18:07:40,752 - Drone_3 - INFO - Drone 3: Flying to {'x': 147.28616365854162, 'y': 95.53083157625863, 'z': 60.0}
2026-02-13 18:07:40,752 - Drone_4 - INFO - Drone 4: Flying to {'x': 170.98993232930178, 'y': 125.16411271087296, 'z': 60.0}
2026-02-13 18:07:41,251 - Drone_3 - INFO - Drone 3: Reached target position
2026-02-13 18:07:41,479 - Drone_4 - INFO - Drone 4: Reached target position
2026-02-13 18:07:41,554 - Drone_2 - INFO - Drone 2: Reached target position
2026-02-13 18:07:41,752 - Drone_2 - INFO - Drone 2: Flying to {'x': 136.68046913135817, 'y': 125.87032729591107, 'z': 60.0}
2026-02-13 18:07:41,753 - Drone_3 - INFO - Drone 3: Flying to {'x': 140.4886694186449, 'y': 99.30912230494899, 'z': 60.0}
2026-02-13 18:07:41,753 - Drone_4 - INFO - Drone 4: Flying to {'x': 163.24167412232023, 'y': 129.67852758319782, 'z': 60.0}
2026-02-13 18:07:42,154 - Drone_3 - INFO - Drone 3: Reached target position
2026-02-13 18:07:42,357 - Drone_2 - INFO - Drone 2: Reached target position
2026-02-13 18:07:42,484 - Drone_4 - INFO - Drone 4: Reached target position
2026-02-13 18:07:42,754 - Drone_2 - INFO - Drone 2: Flying to {'x': 128.94647393288886, 'y': 129.2653586398324, 'z': 60.0}
2026-02-13 18:07:42,754 - Drone_3 - INFO - Drone 3: Flying to {'x': 133.56849513107016, 'y': 102.83361787151443, 'z': 60.0}
2026-02-13 18:07:42,755 - Drone_4 - INFO - Drone 4: Flying to {'x': 155.37821470120682, 'y': 133.88737983801374, 'z': 60.0}
2026-02-13 18:07:43,158 - Drone_3 - INFO - Drone 3: Reached target position
2026-02-13 18:07:43,464 - Drone_2 - INFO - Drone 2: Reached target position
2026-02-13 18:07:43,489 - Drone_4 - INFO - Drone 4: Reached target position
2026-02-13 18:07:43,756 - Drone_2 - INFO - Drone 2: Flying to {'x': 121.11070266261058, 'y': 132.40080748804394, 'z': 60.0}
2026-02-13 18:07:43,757 - Drone_3 - INFO - Drone 3: Flying to {'x': 126.5213909836585, 'y': 106.11917032647281, 'z': 60.0}
2026-02-13 18:07:43,758 - Drone_4 - INFO - Drone 4: Flying to {'x': 147.39233982418168, 'y': 137.8114958090919, 'z': 60.0}
2026-02-13 18:07:44,062 - Drone_3 - INFO - Drone 3: Reached target position
2026-02-13 18:07:44,369 - Drone_2 - INFO - Drone 2: Reached target position
2026-02-13 18:07:44,497 - Drone_4 - INFO - Drone 4: Reached target position
2026-02-13 18:07:44,759 - Drone_2 - INFO - Drone 2: Flying to {'x': 113.18534709710146, 'y': 135.281903097882, 'z': 60.0}
2026-02-13 18:07:44,760 - Drone_3 - INFO - Drone 3: Flying to {'x': 119.36149924000772, 'y': 109.16954692867209, 'z': 60.0}
2026-02-13 18:07:44,760 - Drone_4 - INFO - Drone 4: Flying to {'x': 139.29770326631134, 'y': 141.45805524078827, 'z': 60.0}
2026-02-13 18:07:45,069 - Drone_3 - INFO - Drone 3: Reached target position
2026-02-13 18:07:45,474 - Drone_2 - INFO - Drone 2: Reached target position
2026-02-13 18:07:45,501 - Drone_4 - INFO - Drone 4: Reached target position
2026-02-13 18:07:45,761 - Drone_2 - INFO - Drone 2: Flying to {'x': 105.18414125233821, 'y': 137.91286187170482, 'z': 60.0}
2026-02-13 18:07:45,761 - Drone_3 - INFO - Drone 3: Flying to {'x': 112.10418778264678, 'y': 111.98772048311518, 'z': 60.0}
2026-02-13 18:07:45,762 - Drone_4 - INFO - Drone 4: Flying to {'x': 131.10928264092786, 'y': 144.8329084020134, 'z': 60.0}
2026-02-13 18:07:46,075 - Drone_3 - INFO - Drone 3: Reached target position
2026-02-13 18:07:46,379 - Drone_2 - INFO - Drone 2: Reached target position
2026-02-13 18:07:46,507 - Drone_4 - INFO - Drone 4: Reached target position
2026-02-13 18:07:46,763 - Drone_2 - INFO - Drone 2: Flying to {'x': 97.11911278029508, 'y': 140.29818606054516, 'z': 60.0}
2026-02-13 18:07:46,763 - Drone_3 - INFO - Drone 3: Flying to {'x': 104.76312118408879, 'y': 114.57719977458147, 'z': 60.0}
2026-02-13 18:07:46,763 - Drone_4 - INFO - Drone 4: Flying to {'x': 122.84009906625876, 'y': 147.94219446433885, 'z': 60.0}
2026-02-13 18:07:47,079 - Drone_3 - INFO - Drone 3: Reached target position
2026-02-13 18:07:47,413 - Drone_4 - INFO - Drone 4: Reached target position
2026-02-13 18:07:47,485 - Drone_2 - INFO - Drone 2: Reached target position
2026-02-13 18:07:47,764 - Drone_2 - INFO - Drone 2: Flying to {'x': 88.98677885675883, 'y': 142.44590248840808, 'z': 60.0}
2026-02-13 18:07:47,765 - Drone_3 - INFO - Drone 3: Flying to {'x': 97.33761317994212, 'y': 116.94563648770244, 'z': 60.0}
2026-02-13 18:07:47,765 - Drone_4 - INFO - Drone 4: Flying to {'x': 114.48704485746447, 'y': 150.7967368115914, 'z': 60.0}
2026-02-13 18:07:48,084 - Drone_3 - INFO - Drone 3: Reached target position
2026-02-13 18:07:48,390 - Drone_2 - INFO - Drone 2: Reached target position
2026-02-13 18:07:48,521 - Drone_4 - INFO - Drone 4: Reached target position
2026-02-13 18:07:48,766 - Drone_2 - INFO - Drone 2: Flying to {'x': 80.79889034715382, 'y': 144.35869254534333, 'z': 60.0}
2026-02-13 18:07:48,766 - Drone_3 - INFO - Drone 3: Flying to {'x': 89.84066238328003, 'y': 119.0951544232448, 'z': 60.0}
2026-02-13 18:07:48,767 - Drone_4 - INFO - Drone 4: Flying to {'x': 106.06242846925234, 'y': 153.40046458146955, 'z': 60.0}
2026-02-13 18:07:49,088 - Drone_3 - INFO - Drone 3: Reached target position
2026-02-13 18:07:49,426 - Drone_4 - INFO - Drone 4: Reached target position
2026-02-13 18:07:49,496 - Drone_2 - INFO - Drone 2: Reached target position
2026-02-13 18:07:49,768 - Drone_2 - INFO - Drone 2: Flying to {'x': 72.56767729731263, 'y': 146.03909952289752, 'z': 60.0}
2026-02-13 18:07:49,769 - Drone_3 - INFO - Drone 3: Flying to {'x': 82.28559595274268, 'y': 121.02786090889754, 'z': 60.0}
2026-02-13 18:07:49,769 - Drone_4 - INFO - Drone 4: Flying to {'x': 97.57891591131262, 'y': 155.7570181783276, 'z': 60.0}
2026-02-13 18:07:50,094 - Drone_3 - INFO - Drone 3: Reached target position
2026-02-13 18:07:50,400 - Drone_2 - INFO - Drone 2: Reached target position
2026-02-13 18:07:50,533 - Drone_4 - INFO - Drone 4: Reached target position
2026-02-13 18:07:50,771 - Drone_2 - INFO - Drone 2: Flying to {'x': 64.30816786817175, 'y': 147.4892831906067, 'z': 60.0}
2026-02-13 18:07:50,771 - Drone_3 - INFO - Drone 3: Flying to {'x': 74.68821643387135, 'y': 122.74550434068733, 'z': 60.0}
2026-02-13 18:07:50,771 - Drone_4 - INFO - Drone 4: Flying to {'x': 89.05194671809114, 'y': 157.8693317563063, 'z': 60.0}
2026-02-13 18:07:51,101 - Drone_3 - INFO - Drone 3: Reached target position
2026-02-13 18:07:51,388 - PhysicalMLTrainer_Drone1 - INFO - Physical ML model trained drone=1 samples=4451 degree=2 alpha=0.0 val_mse=0.005409
2026-02-13 18:07:51,439 - Drone_4 - INFO - Drone 4: Reached target position
2026-02-13 18:07:51,499 - PhysicalMLTrainer_Drone5 - INFO - Physical ML model trained drone=5 samples=4501 degree=2 alpha=0.0 val_mse=0.000003
2026-02-13 18:07:51,509 - Drone_2 - INFO - Drone 2: Reached target position
2026-02-13 18:07:51,516 - PhysicalMLTrainer_Drone3 - INFO - Physical ML model trained drone=3 samples=4501 degree=2 alpha=0.0 val_mse=0.014029
2026-02-13 18:07:51,624 - PhysicalMLTrainer_Drone2 - INFO - Physical ML model trained drone=2 samples=4501 degree=2 alpha=0.0 val_mse=0.000908
2026-02-13 18:07:51,658 - PhysicalMLTrainer_Drone4 - INFO - Physical ML model trained drone=4 samples=4501 degree=2 alpha=0.0 val_mse=0.000927
2026-02-13 18:07:51,772 - Drone_2 - INFO - Drone 2: Flying to {'x': 56.69196035798008, 'y': 148.6227117646439, 'z': 60.0}
2026-02-13 18:07:51,772 - Drone_3 - INFO - Drone 3: Flying to {'x': 67.66971808802386, 'y': 124.13825066744056, 'z': 60.0}
2026-02-13 18:07:51,772 - Drone_4 - INFO - Drone 4: Flying to {'x': 81.17642145518343, 'y': 159.60046949468767, 'z': 60.0}
2026-02-13 18:07:52,020 - Drone_3 - INFO - Drone 3: Reached target position
2026-02-13 18:07:52,428 - Drone_2 - INFO - Drone 2: Reached target position
2026-02-13 18:07:52,463 - Drone_4 - INFO - Drone 4: Reached target position
2026-02-13 18:07:52,773 - Drone_2 - INFO - Drone 2: Flying to {'x': 48.379711362471824, 'y': 149.64273889098396, 'z': 60.0}
2026-02-13 18:07:52,773 - Drone_3 - INFO - Drone 3: Flying to {'x': 59.9976460833893, 'y': 125.45547792946746, 'z': 60.0}
2026-02-13 18:07:52,773 - Drone_4 - INFO - Drone 4: Flying to {'x': 72.56697232398832, 'y': 161.26067361190144, 'z': 60.0}
2026-02-13 18:07:53,024 - Drone_3 - INFO - Drone 3: Reached target position
2026-02-13 18:07:53,536 - Drone_2 - INFO - Drone 2: Reached target position
2026-02-13 18:07:53,567 - Drone_4 - INFO - Drone 4: Reached target position
2026-02-13 18:07:53,774 - Drone_2 - INFO - Drone 2: Flying to {'x': 40.023894947788826, 'y': 150.44400079618444, 'z': 60.0}
2026-02-13 18:07:53,774 - Drone_3 - INFO - Drone 3: Flying to {'x': 52.27410246896961, 'y': 126.57074346317673, 'z': 60.0}
2026-02-13 18:07:53,774 - Drone_4 - INFO - Drone 4: Flying to {'x': 63.897152280796526, 'y': 162.6942083173652, 'z': 60.0}
2026-02-13 18:07:54,028 - Drone_3 - INFO - Drone 3: Reached target position
2026-02-13 18:07:54,441 - Drone_2 - INFO - Drone 2: Reached target position
2026-02-13 18:07:54,471 - Drone_4 - INFO - Drone 4: Reached target position
2026-02-13 18:07:54,775 - Drone_2 - INFO - Drone 2: Flying to {'x': 31.637757352500124, 'y': 151.02597499688758, 'z': 60.0}
2026-02-13 18:07:54,775 - Drone_3 - INFO - Drone 3: Flying to {'x': 44.512746907410275, 'y': 127.4837863993728, 'z': 60.0}
2026-02-13 18:07:54,775 - Drone_4 - INFO - Drone 4: Flying to {'x': 55.17994595001489, 'y': 163.90096455179773, 'z': 60.0}
2026-02-13 18:07:55,033 - Drone_3 - INFO - Drone 3: Reached target position
2026-02-13 18:07:55,545 - Drone_2 - INFO - Drone 2: Reached target position
2026-02-13 18:07:55,576 - Drone_4 - INFO - Drone 4: Reached target position
2026-02-13 18:07:55,776 - Drone_2 - INFO - Drone 2: Flying to {'x': 23.252599607858183, 'y': 151.38806882700877, 'z': 60.0}
2026-02-13 18:07:55,777 - Drone_3 - INFO - Drone 3: Flying to {'x': 36.74393856628328, 'y': 128.19359161563622, 'z': 60.0}
2026-02-13 18:07:55,777 - Drone_4 - INFO - Drone 4: Flying to {'x': 46.44707681923074, 'y': 164.8794077854339, 'z': 60.0}
2026-02-13 18:07:56,039 - Drone_3 - INFO - Drone 3: Reached target position
2026-02-13 18:07:56,381 - Drone_4 - INFO - Drone 4: Reached target position
2026-02-13 18:07:56,449 - Drone_2 - INFO - Drone 2: Reached target position
2026-02-13 18:07:56,779 - Drone_2 - INFO - Drone 2: Flying to {'x': 14.868373141070418, 'y': 151.53207731032813, 'z': 60.0}
2026-02-13 18:07:56,779 - Drone_3 - INFO - Drone 3: Flying to {'x': 28.968944912567224, 'y': 128.70284439030064, 'z': 60.0}
2026-02-13 18:07:56,779 - Drone_4 - INFO - Drone 4: Flying to {'x': 37.69760606109792, 'y': 165.63264908182495, 'z': 60.0}
2026-02-13 18:07:57,043 - Drone_3 - INFO - Drone 3: Reached target position
2026-02-13 18:07:57,486 - Drone_4 - INFO - Drone 4: Reached target position
2026-02-13 18:07:57,555 - Drone_2 - INFO - Drone 2: Reached target position
2026-02-13 18:07:57,780 - Drone_2 - INFO - Drone 2: Flying to {'x': 6.484958671359392, 'y': 151.45885847007162, 'z': 60.0}
2026-02-13 18:07:57,780 - Drone_3 - INFO - Drone 3: Flying to {'x': 21.188862307221996, 'y': 129.01347547340018, 'z': 60.0}
2026-02-13 18:07:57,780 - Drone_4 - INFO - Drone 4: Flying to {'x': 28.93034166803081, 'y': 166.1627621059342, 'z': 60.0}
2026-02-13 18:07:58,048 - Drone_3 - INFO - Drone 3: Reached target position
2026-02-13 18:07:58,390 - Drone_4 - INFO - Drone 4: Reached target position
2026-02-13 18:07:58,460 - Drone_2 - INFO - Drone 2: Reached target position
2026-02-13 18:07:58,781 - Drone_2 - INFO - Drone 2: Flying to {'x': -1.9073428766470948, 'y': 151.16787242756882, 'z': 60.0}
2026-02-13 18:07:58,782 - Drone_3 - INFO - Drone 3: Flying to {'x': 13.395790414349188, 'y': 129.12668118303756, 'z': 60.0}
2026-02-13 18:07:58,783 - Drone_4 - INFO - Drone 4: Flying to {'x': 20.133848367884166, 'y': 166.4710057185651, 'z': 60.0}
2026-02-13 18:07:59,054 - Drone_3 - INFO - Drone 3: Reached target position
2026-02-13 18:07:59,496 - Drone_4 - INFO - Drone 4: Reached target position
2026-02-13 18:07:59,568 - Drone_2 - INFO - Drone 2: Reached target position
2026-02-13 18:07:59,784 - Drone_2 - INFO - Drone 2: Flying to {'x': -10.306875230762897, 'y': 150.65751181847796, 'z': 60.0}
2026-02-13 18:07:59,785 - Drone_3 - INFO - Drone 3: Flying to {'x': 5.592281420215786, 'y': 129.04231305030467, 'z': 60.0}
2026-02-13 18:07:59,786 - Drone_4 - INFO - Drone 4: Flying to {'x': 11.308323537410399, 'y': 166.55666846945664, 'z': 60.0}
2026-02-13 18:08:00,061 - Drone_3 - INFO - Drone 3: Reached target position
2026-02-13 18:08:00,401 - Drone_4 - INFO - Drone 4: Reached target position
2026-02-13 18:08:00,473 - Drone_2 - INFO - Drone 2: Reached target position
2026-02-13 18:08:00,787 - Drone_2 - INFO - Drone 2: Flying to {'x': -18.68899779576806, 'y': 149.9277376917789, 'z': 60.0}
2026-02-13 18:08:00,787 - Drone_3 - INFO - Drone 3: Flying to {'x': -2.197819816843743, 'y': 128.76075753712666, 'z': 60.0}
2026-02-13 18:08:00,788 - Drone_4 - INFO - Drone 4: Flying to {'x': 2.4779823588841747, 'y': 166.41891567070323, 'z': 60.0}
2026-02-13 18:08:01,066 - Drone_3 - INFO - Drone 3: Reached target position
2026-02-13 18:08:01,507 - Drone_4 - INFO - Drone 4: Reached target position
2026-02-13 18:08:01,578 - Drone_2 - INFO - Drone 2: Reached target position
2026-02-13 18:08:01,789 - Drone_2 - INFO - Drone 2: Flying to {'x': -27.07531358147174, 'y': 148.97420100724634, 'z': 60.0}
2026-02-13 18:08:01,790 - Drone_3 - INFO - Drone 3: Flying to {'x': -9.993737285626956, 'y': 128.28072978443709, 'z': 60.0}
2026-02-13 18:08:01,791 - Drone_4 - INFO - Drone 4: Flying to {'x': -6.381842358662508, 'y': 166.0557773030911, 'z': 60.0}
2026-02-13 18:08:02,074 - Drone_3 - INFO - Drone 3: Reached target position
2026-02-13 18:08:02,415 - Drone_4 - INFO - Drone 4: Reached target position
2026-02-13 18:08:02,483 - Drone_2 - INFO - Drone 2: Reached target position
2026-02-13 18:08:02,791 - Drone_2 - INFO - Drone 2: Flying to {'x': -35.4087571013698, 'y': 147.80149415805846, 'z': 60.0}
2026-02-13 18:08:02,792 - Drone_3 - INFO - Drone 3: Flying to {'x': -17.741635470873312, 'y': 127.6056328668621, 'z': 60.0}
2026-02-13 18:08:02,792 - Drone_4 - INFO - Drone 4: Flying to {'x': -15.212895810173446, 'y': 165.46861578855493, 'z': 60.0}
2026-02-13 18:08:03,079 - Drone_3 - INFO - Drone 3: Reached target position
2026-02-13 18:08:03,420 - Drone_4 - INFO - Drone 4: Reached target position
2026-02-13 18:08:03,589 - Drone_2 - INFO - Drone 2: Reached target position
2026-02-13 18:08:03,792 - Drone_2 - INFO - Drone 2: Flying to {'x': -43.72724193497576, 'y': 146.40195290723628, 'z': 60.0}
2026-02-13 18:08:03,793 - Drone_3 - INFO - Drone 3: Flying to {'x': -25.476108364009363, 'y': 126.7322776843267, 'z': 60.0}
2026-02-13 18:08:03,793 - Drone_4 - INFO - Drone 4: Flying to {'x': -24.057566712066162, 'y': 164.65308647820268, 'z': 60.0}
2026-02-13 18:08:04,084 - Drone_3 - INFO - Drone 3: Reached target position
2026-02-13 18:08:04,426 - Drone_4 - INFO - Drone 4: Reached target position
2026-02-13 18:08:04,495 - Drone_2 - INFO - Drone 2: Reached target position
2026-02-13 18:08:04,793 - Drone_2 - INFO - Drone 2: Flying to {'x': -52.01550126001795, 'y': 144.77388961155023, 'z': 60.0}
2026-02-13 18:08:04,794 - Drone_3 - INFO - Drone 3: Flying to {'x': -33.18241524342443, 'y': 125.66067766034776, 'z': 60.0}
2026-02-13 18:08:04,794 - Drone_4 - INFO - Drone 4: Flying to {'x': -32.902289308815455, 'y': 163.60697562814374, 'z': 60.0}
2026-02-13 18:08:05,088 - Drone_3 - INFO - Drone 3: Reached target position
2026-02-13 18:08:05,431 - Drone_4 - INFO - Drone 4: Reached target position
2026-02-13 18:08:05,500 - Drone_2 - INFO - Drone 2: Reached target position
2026-02-13 18:08:05,795 - Drone_2 - INFO - Drone 2: Flying to {'x': -60.27684643623366, 'y': 142.91164619861084, 'z': 60.0}
2026-02-13 18:08:05,796 - Drone_3 - INFO - Drone 3: Flying to {'x': -40.863232256984816, 'y': 124.38837476780608, 'z': 60.0}
2026-02-13 18:08:05,796 - Drone_4 - INFO - Drone 4: Flying to {'x': -41.7535750054289, 'y': 162.3252603778597, 'z': 60.0}
2026-02-13 18:08:06,095 - Drone_3 - INFO - Drone 3: Reached target position
2026-02-13 18:08:06,438 - Drone_4 - INFO - Drone 4: Reached target position
2026-02-13 18:08:06,506 - Drone_2 - INFO - Drone 2: Reached target position
2026-02-13 18:08:06,798 - Drone_2 - INFO - Drone 2: Flying to {'x': -68.48840091307028, 'y': 140.8149668058299, 'z': 60.0}
2026-02-13 18:08:06,799 - Drone_3 - INFO - Drone 3: Flying to {'x': -48.49704868004949, 'y': 122.91675918899588, 'z': 60.0}
2026-02-13 18:08:06,800 - Drone_4 - INFO - Drone 4: Flying to {'x': -50.590193296236265, 'y': 160.8063190388507, 'z': 60.0}
2026-02-13 18:08:07,002 - Drone_3 - INFO - Drone 3: Reached target position
2026-02-13 18:08:07,443 - Drone_4 - INFO - Drone 4: Reached target position
2026-02-13 18:08:07,512 - Drone_2 - INFO - Drone 2: Reached target position
2026-02-13 18:08:07,801 - Drone_2 - INFO - Drone 2: Flying to {'x': -76.64043061560534, 'y': 138.4809526846585, 'z': 60.0}
2026-02-13 18:08:07,802 - Drone_3 - INFO - Drone 3: Flying to {'x': -56.07478198297501, 'y': 121.24569532309901, 'z': 60.0}
2026-02-13 18:08:07,802 - Drone_4 - INFO - Drone 4: Flying to {'x': -59.40517325404588, 'y': 159.0466013172888, 'z': 60.0}
2026-02-13 18:08:07,906 - Drone_3 - INFO - Drone 3: Reached target position
2026-02-13 18:08:08,460 - Drone_4 - INFO - Drone 4: Reached target position
2026-02-13 18:08:08,517 - Drone_2 - INFO - Drone 2: Reached target position
2026-02-13 18:08:08,803 - Drone_2 - INFO - Drone 2: Flying to {'x': -84.73582740147545, 'y': 135.9021453019613, 'z': 60.0}
2026-02-13 18:08:08,803 - Drone_3 - INFO - Drone 3: Flying to {'x': -63.59933410307184, 'y': 119.37191084970566, 'z': 60.0}
2026-02-13 18:08:08,804 - Drone_4 - INFO - Drone 4: Flying to {'x': -68.20559294921978, 'y': 157.03863860036492, 'z': 60.0}
2026-02-13 18:08:08,912 - Drone_3 - INFO - Drone 3: Reached target position
2026-02-13 18:08:09,468 - Drone_4 - INFO - Drone 4: Reached target position
2026-02-13 18:08:09,521 - Drone_2 - INFO - Drone 2: Reached target position
2026-02-13 18:08:09,804 - Drone_2 - INFO - Drone 2: Flying to {'x': -92.7703731409598, 'y': 133.07158854719546, 'z': 60.0}
2026-02-13 18:08:09,805 - Drone_3 - INFO - Drone 3: Flying to {'x': -71.06729455198797, 'y': 117.29260316280171, 'z': 60.0}
2026-02-13 18:08:09,805 - Drone_4 - INFO - Drone 4: Flying to {'x': -76.99138775656606, 'y': 154.77466713616732, 'z': 60.0}
2026-02-13 18:08:09,917 - Drone_3 - INFO - Drone 3: Reached target position
2026-02-13 18:08:10,472 - Drone_4 - INFO - Drone 4: Reached target position
2026-02-13 18:08:10,525 - Drone_2 - INFO - Drone 2: Reached target position
2026-02-13 18:08:10,806 - Drone_2 - INFO - Drone 2: Flying to {'x': -100.74509748367075, 'y': 129.9787060657889, 'z': 60.0}
2026-02-13 18:08:10,807 - Drone_3 - INFO - Drone 3: Flying to {'x': -78.48050437799256, 'y': 115.00246174891868, 'z': 60.0}
2026-02-13 18:08:10,808 - Drone_4 - INFO - Drone 4: Flying to {'x': -85.7688531668005, 'y': 152.24329917146707, 'z': 60.0}
2026-02-13 18:08:10,923 - Drone_3 - INFO - Drone 3: Reached target position
2026-02-13 18:08:11,477 - Drone_4 - INFO - Drone 4: Reached target position
2026-02-13 18:08:11,514 - PhysicalMLTrainer_Drone1 - INFO - Physical ML model trained drone=1 samples=4651 degree=2 alpha=0.0 val_mse=0.005056
2026-02-13 18:08:11,532 - Drone_2 - INFO - Drone 2: Reached target position
2026-02-13 18:08:11,624 - PhysicalMLTrainer_Drone5 - INFO - Physical ML model trained drone=5 samples=4701 degree=2 alpha=0.0 val_mse=0.000003
2026-02-13 18:08:11,638 - PhysicalMLTrainer_Drone3 - INFO - Physical ML model trained drone=3 samples=4701 degree=2 alpha=0.0 val_mse=0.014743
2026-02-13 18:08:11,746 - PhysicalMLTrainer_Drone2 - INFO - Physical ML model trained drone=2 samples=4701 degree=2 alpha=0.0 val_mse=0.000992
2026-02-13 18:08:11,798 - PhysicalMLTrainer_Drone4 - INFO - Physical ML model trained drone=4 samples=4701 degree=2 alpha=0.0 val_mse=0.000797
2026-02-13 18:08:11,809 - Drone_2 - INFO - Drone 2: Flying to {'x': -108.0442856978292, 'y': 126.88329928435421, 'z': 60.0}
2026-02-13 18:08:11,810 - Drone_3 - INFO - Drone 3: Flying to {'x': -85.26770893003142, 'y': 112.69782957973692, 'z': 60.0}
2026-02-13 18:08:11,810 - Drone_4 - INFO - Drone 4: Flying to {'x': -93.85881599321189, 'y': 149.65987605215196, 'z': 60.0}
2026-02-13 18:08:11,839 - Drone_3 - INFO - Drone 3: Reached target position
2026-02-13 18:08:12,452 - Drone_2 - INFO - Drone 2: Reached target position
2026-02-13 18:08:12,503 - Drone_4 - INFO - Drone 4: Reached target position
2026-02-13 18:08:12,812 - Drone_2 - INFO - Drone 2: Flying to {'x': -115.85664618324988, 'y': 123.27101708193385, 'z': 60.0}
2026-02-13 18:08:12,813 - Drone_3 - INFO - Drone 3: Flying to {'x': -92.53589317625831, 'y': 109.9991491204563, 'z': 60.0}
2026-02-13 18:08:12,813 - Drone_4 - INFO - Drone 4: Flying to {'x': -102.5847782217723, 'y': 146.5917700889254, 'z': 60.0}
2026-02-13 18:08:12,845 - Drone_3 - INFO - Drone 3: Reached target position
2026-02-13 18:08:13,509 - Drone_4 - INFO - Drone 4: Reached target position
2026-02-13 18:08:13,560 - Drone_2 - INFO - Drone 2: Reached target position
2026-02-13 18:08:13,814 - Drone_2 - INFO - Drone 2: Flying to {'x': -123.56196578593023, 'y': 119.37942150122109, 'z': 60.0}
2026-02-13 18:08:13,815 - Drone_3 - INFO - Drone 3: Flying to {'x': -99.71104078083701, 'y': 107.08578996284237, 'z': 60.0}
2026-02-13 18:08:13,815 - Drone_4 - INFO - Drone 4: Flying to {'x': -111.26833424755154, 'y': 143.2303465063143, 'z': 60.0}
2026-02-13 18:08:13,853 - Drone_3 - INFO - Drone 3: Reached target position
2026-02-13 18:08:14,514 - Drone_4 - INFO - Drone 4: Reached target position
2026-02-13 18:08:14,565 - Drone_2 - INFO - Drone 2: Reached target position
2026-02-13 18:08:14,816 - Drone_2 - INFO - Drone 2: Flying to {'x': -131.16524461054968, 'y': 115.18917181794316, 'z': 60.0}
2026-02-13 18:08:14,816 - Drone_3 - INFO - Drone 3: Flying to {'x': -106.80121274141734, 'y': 103.94666537676628, 'z': 60.0}
2026-02-13 18:08:14,817 - Drone_4 - INFO - Drone 4: Flying to {'x': -119.9227381693728, 'y': 139.5532036870755, 'z': 60.0}
2026-02-13 18:08:14,859 - Drone_3 - INFO - Drone 3: Reached target position
2026-02-13 18:08:15,420 - Drone_4 - INFO - Drone 4: Reached target position
2026-02-13 18:08:15,573 - Drone_2 - INFO - Drone 2: Reached target position
2026-02-13 18:08:15,817 - Drone_2 - INFO - Drone 2: Flying to {'x': -138.6147023157089, 'y': 110.7111332485287, 'z': 60.0}
2026-02-13 18:08:15,818 - Drone_3 - INFO - Drone 3: Flying to {'x': -113.76248779956971, 'y': 100.59345398677107, 'z': 60.0}
2026-02-13 18:08:15,819 - Drone_4 - INFO - Drone 4: Flying to {'x': -128.49702305395127, 'y': 135.5633477646679, 'z': 60.0}
2026-02-13 18:08:15,865 - Drone_3 - INFO - Drone 3: Reached target position
2026-02-13 18:08:16,429 - Drone_4 - INFO - Drone 4: Reached target position
2026-02-13 18:08:16,578 - Drone_2 - INFO - Drone 2: Reached target position
2026-02-13 18:08:16,821 - Drone_2 - INFO - Drone 2: Flying to {'x': -145.915993449881, 'y': 105.92239954171109, 'z': 60.0}
2026-02-13 18:08:16,821 - Drone_3 - INFO - Drone 3: Flying to {'x': -120.6056818064376, 'y': 97.01239816619079, 'z': 60.0}
2026-02-13 18:08:16,822 - Drone_4 - INFO - Drone 4: Flying to {'x': -137.0059920743607, 'y': 131.23271118515447, 'z': 60.0}
2026-02-13 18:08:16,871 - Drone_3 - INFO - Drone 3: Reached target position
2026-02-13 18:08:17,435 - Drone_4 - INFO - Drone 4: Reached target position
2026-02-13 18:08:17,584 - Drone_2 - INFO - Drone 2: Reached target position
2026-02-13 18:08:17,823 - Drone_2 - INFO - Drone 2: Flying to {'x': -153.06421354158132, 'y': 100.80035831203685, 'z': 60.0}
2026-02-13 18:08:17,824 - Drone_3 - INFO - Drone 3: Flying to {'x': -127.33332106880978, 'y': 93.18976224111908, 'z': 60.0}
2026-02-13 18:08:17,825 - Drone_4 - INFO - Drone 4: Flying to {'x': -145.45361747066357, 'y': 126.53125078480838, 'z': 60.0}
2026-02-13 18:08:17,877 - Drone_3 - INFO - Drone 3: Reached target position
2026-02-13 18:08:18,441 - Drone_4 - INFO - Drone 4: Reached target position
2026-02-13 18:08:18,588 - Drone_2 - INFO - Drone 2: Reached target position
2026-02-13 18:08:18,826 - Drone_2 - INFO - Drone 2: Flying to {'x': -160.01340726004045, 'y': 95.3490248923685, 'z': 60.0}
2026-02-13 18:08:18,827 - Drone_3 - INFO - Drone 3: Flying to {'x': -133.91093450899717, 'y': 89.13123458703956, 'z': 60.0}
2026-02-13 18:08:18,827 - Drone_4 - INFO - Drone 4: Flying to {'x': -153.79561695471153, 'y': 121.4514976434118, 'z': 60.0}
2026-02-13 18:08:18,883 - Drone_3 - INFO - Drone 3: Reached target position
2026-02-13 18:08:19,446 - Drone_4 - INFO - Drone 4: Reached target position
2026-02-13 18:08:19,594 - Drone_2 - INFO - Drone 2: Reached target position
2026-02-13 18:08:19,829 - Drone_2 - INFO - Drone 2: Flying to {'x': -166.74421857054378, 'y': 89.55145148138672, 'z': 60.0}
2026-02-13 18:08:19,830 - Drone_3 - INFO - Drone 3: Flying to {'x': -140.3307918812181, 'y': 84.82589431554712, 'z': 60.0}
2026-02-13 18:08:19,831 - Drone_4 - INFO - Drone 4: Flying to {'x': -162.01866140470418, 'y': 115.96487817071241, 'z': 60.0}
2026-02-13 18:08:19,992 - Drone_3 - INFO - Drone 3: Reached target position
2026-02-13 18:08:20,453 - Drone_4 - INFO - Drone 4: Reached target position
2026-02-13 18:08:20,602 - Drone_2 - INFO - Drone 2: Reached target position
2026-02-13 18:08:20,832 - Drone_2 - INFO - Drone 2: Flying to {'x': -173.24578962111545, 'y': 83.37583829513024, 'z': 60.0}
2026-02-13 18:08:20,832 - Drone_3 - INFO - Drone 3: Flying to {'x': -146.59561156841286, 'y': 80.25045675694179, 'z': 60.0}
2026-02-13 18:08:20,832 - Drone_4 - INFO - Drone 4: Flying to {'x': -170.12040808292699, 'y': 110.02601634783284, 'z': 60.0}
2026-02-13 18:08:20,997 - Drone_3 - INFO - Drone 3: Reached target position
2026-02-13 18:08:21,560 - Drone_4 - INFO - Drone 4: Reached target position
2026-02-13 18:08:21,609 - Drone_2 - INFO - Drone 2: Reached target position
2026-02-13 18:08:21,833 - Drone_2 - INFO - Drone 2: Flying to {'x': -179.44621572811448, 'y': 76.84506295090583, 'z': 60.0}
2026-02-13 18:08:21,833 - Drone_3 - INFO - Drone 3: Flying to {'x': -152.6512541390474, 'y': 75.42027053078992, 'z': 60.0}
2026-02-13 18:08:21,834 - Drone_4 - INFO - Drone 4: Flying to {'x': -178.0214233079986, 'y': 103.6400245399729, 'z': 60.0}
2026-02-13 18:08:22,003 - Drone_3 - INFO - Drone 3: Reached target position
2026-02-13 18:08:22,467 - Drone_4 - INFO - Drone 4: Reached target position
2026-02-13 18:08:22,614 - Drone_2 - INFO - Drone 2: Reached target position
2026-02-13 18:08:22,835 - Drone_2 - INFO - Drone 2: Flying to {'x': -185.3203620928429, 'y': 69.9350288954872, 'z': 60.0}
2026-02-13 18:08:22,836 - Drone_3 - INFO - Drone 3: Flying to {'x': -158.49020996848134, 'y': 70.3130989731412, 'z': 60.0}
2026-02-13 18:08:22,836 - Drone_4 - INFO - Drone 4: Flying to {'x': -185.6984321704969, 'y': 96.76518101984877, 'z': 60.0}
2026-02-13 18:08:23,011 - Drone_3 - INFO - Drone 3: Reached target position
2026-02-13 18:08:23,573 - Drone_4 - INFO - Drone 4: Reached target position
2026-02-13 18:08:23,619 - Drone_2 - INFO - Drone 2: Reached target position
2026-02-13 18:08:23,838 - Drone_2 - INFO - Drone 2: Flying to {'x': -190.82551737256318, 'y': 62.63254164170521, 'z': 60.0}
2026-02-13 18:08:23,839 - Drone_3 - INFO - Drone 3: Flying to {'x': -164.08965088034896, 'y': 64.91145430139547, 'z': 60.0}
2026-02-13 18:08:23,840 - Drone_4 - INFO - Drone 4: Flying to {'x': -193.10443003225345, 'y': 89.36840813391943, 'z': 60.0}
2026-02-13 18:08:24,118 - Drone_3 - INFO - Drone 3: Reached target position
2026-02-13 18:08:24,580 - Drone_4 - INFO - Drone 4: Reached target position
2026-02-13 18:08:24,627 - Drone_2 - INFO - Drone 2: Reached target position
2026-02-13 18:08:24,841 - Drone_2 - INFO - Drone 2: Flying to {'x': -195.89326431905718, 'y': 54.95650263815044, 'z': 60.0}
2026-02-13 18:08:24,842 - Drone_3 - INFO - Drone 3: Flying to {'x': -169.40095862850382, 'y': 59.21769251872053, 'z': 60.0}
2026-02-13 18:08:24,843 - Drone_4 - INFO - Drone 4: Flying to {'x': -200.15445419962728, 'y': 81.44880832870382, 'z': 60.0}
2026-02-13 18:08:25,124 - Drone_3 - INFO - Drone 3: Reached target position
2026-02-13 18:08:25,587 - Drone_4 - INFO - Drone 4: Reached target position
2026-02-13 18:08:25,633 - Drone_2 - INFO - Drone 2: Reached target position
2026-02-13 18:08:25,844 - Drone_2 - INFO - Drone 2: Flying to {'x': -200.4762961356122, 'y': 46.894063196727714, 'z': 60.0}
2026-02-13 18:08:25,845 - Drone_3 - INFO - Drone 3: Flying to {'x': -174.3964964222742, 'y': 53.206277302109186, 'z': 60.0}
2026-02-13 18:08:25,846 - Drone_4 - INFO - Drone 4: Flying to {'x': -206.78851024099365, 'y': 72.97386291006568, 'z': 60.0}
2026-02-13 18:08:26,131 - Drone_3 - INFO - Drone 3: Reached target position
2026-02-13 18:08:26,593 - Drone_4 - INFO - Drone 4: Reached target position
2026-02-13 18:08:26,641 - Drone_2 - INFO - Drone 2: Reached target position
2026-02-13 18:08:26,847 - Drone_2 - INFO - Drone 2: Flying to {'x': -204.51098707168333, 'y': 38.45161631940245, 'z': 60.0}
2026-02-13 18:08:26,847 - Drone_3 - INFO - Drone 3: Flying to {'x': -179.03015335170704, 'y': 46.861557635185704, 'z': 60.0}
2026-02-13 18:08:26,848 - Drone_4 - INFO - Drone 4: Flying to {'x': -212.9209283874666, 'y': 63.93245003937877, 'z': 60.0}
2026-02-13 18:08:27,138 - Drone_3 - INFO - Drone 3: Reached target position
2026-02-13 18:08:27,599 - Drone_4 - INFO - Drone 4: Reached target position
2026-02-13 18:08:27,646 - Drone_2 - INFO - Drone 2: Reached target position
2026-02-13 18:08:27,851 - Drone_2 - INFO - Drone 2: Flying to {'x': -207.90956423769197, 'y': 29.699829004046336, 'z': 60.0}
2026-02-13 18:08:27,851 - Drone_3 - INFO - Drone 3: Flying to {'x': -183.2220924989943, 'y': 40.21309391800171, 'z': 60.0}
2026-02-13 18:08:27,852 - Drone_4 - INFO - Drone 4: Flying to {'x': -218.42282915164733, 'y': 54.38730074274399, 'z': 60.0}
2026-02-13 18:08:28,245 - Drone_3 - INFO - Drone 3: Reached target position
2026-02-13 18:08:28,605 - Drone_4 - INFO - Drone 4: Reached target position
2026-02-13 18:08:28,654 - Drone_2 - INFO - Drone 2: Reached target position
2026-02-13 18:08:28,852 - Drone_2 - INFO - Drone 2: Flying to {'x': -210.61269815929887, 'y': 20.670800021813935, 'z': 60.0}
2026-02-13 18:08:28,853 - Drone_3 - INFO - Drone 3: Flying to {'x': -186.91649367356038, 'y': 33.26007692599183, 'z': 60.0}
2026-02-13 18:08:28,853 - Drone_4 - INFO - Drone 4: Flying to {'x': -223.20197506347677, 'y': 44.36700450755243, 'z': 60.0}
2026-02-13 18:08:29,251 - Drone_3 - INFO - Drone 3: Reached target position
2026-02-13 18:08:29,459 - Drone_2 - INFO - Drone 2: Reached target position
2026-02-13 18:08:29,611 - Drone_4 - INFO - Drone 4: Reached target position
2026-02-13 18:08:29,854 - Drone_2 - INFO - Drone 2: Flying to {'x': -212.5583829638615, 'y': 11.434961121492595, 'z': 60.0}
2026-02-13 18:08:29,855 - Drone_3 - INFO - Drone 3: Flying to {'x': -190.04333016958043, 'y': 26.031960733424345, 'z': 60.0}
2026-02-13 18:08:29,855 - Drone_4 - INFO - Drone 4: Flying to {'x': -227.15538257579323, 'y': 33.95001391577368, 'z': 60.0}
2026-02-13 18:08:30,158 - Drone_3 - INFO - Drone 3: Reached target position
2026-02-13 18:08:30,568 - Drone_2 - INFO - Drone 2: Reached target position
2026-02-13 18:08:30,617 - Drone_4 - INFO - Drone 4: Reached target position
2026-02-13 18:08:30,856 - Drone_2 - INFO - Drone 2: Flying to {'x': -213.70050252766546, 'y': 2.05869953719659, 'z': 60.0}
2026-02-13 18:08:30,857 - Drone_3 - INFO - Drone 3: Flying to {'x': -192.54048361758413, 'y': 18.558808619411778, 'z': 60.0}
2026-02-13 18:08:30,857 - Drone_4 - INFO - Drone 4: Flying to {'x': -230.20061160988067, 'y': 23.218718447277926, 'z': 60.0}
2026-02-13 18:08:31,264 - Drone_3 - INFO - Drone 3: Reached target position
2026-02-13 18:08:31,576 - Drone_2 - INFO - Drone 2: Reached target position
2026-02-13 18:08:31,625 - Drone_4 - INFO - Drone 4: Reached target position
2026-02-13 18:08:31,656 - PhysicalMLTrainer_Drone1 - INFO - Physical ML model trained drone=1 samples=4851 degree=2 alpha=0.0 val_mse=0.004766
2026-02-13 18:08:31,766 - PhysicalMLTrainer_Drone5 - INFO - Physical ML model trained drone=5 samples=4901 degree=2 alpha=0.0 val_mse=0.000004
2026-02-13 18:08:31,781 - PhysicalMLTrainer_Drone3 - INFO - Physical ML model trained drone=3 samples=4901 degree=2 alpha=0.0 val_mse=0.013686
2026-02-13 18:08:31,858 - Drone_2 - INFO - Drone 2: Flying to {'x': -214.00274994379106, 'y': -7.552166316649774, 'z': 60.0}
2026-02-13 18:08:31,858 - Drone_3 - INFO - Drone 3: Flying to {'x': -194.37513654731785, 'y': 10.744193768312044, 'z': 60.0}
2026-02-13 18:08:31,859 - Drone_4 - INFO - Drone 4: Flying to {'x': -232.2991100287529, 'y': 12.075447079823471, 'z': 60.0}
2026-02-13 18:08:31,896 - PhysicalMLTrainer_Drone2 - INFO - Physical ML model trained drone=2 samples=4901 degree=2 alpha=0.0 val_mse=0.000974
2026-02-13 18:08:31,941 - PhysicalMLTrainer_Drone4 - INFO - Physical ML model trained drone=4 samples=4901 degree=2 alpha=0.0 val_mse=0.000797
2026-02-13 18:08:32,290 - Drone_3 - INFO - Drone 3: Reached target position
2026-02-13 18:08:32,500 - Drone_2 - INFO - Drone 2: Reached target position
2026-02-13 18:08:32,545 - Drone_4 - INFO - Drone 4: Reached target position
2026-02-13 18:08:32,860 - Drone_2 - INFO - Drone 2: Flying to {'x': -213.53857648163626, 'y': -15.998082383225075, 'z': 60.0}
2026-02-13 18:08:32,861 - Drone_3 - INFO - Drone 3: Flying to {'x': -195.36172105393894, 'y': 3.7402540907686443, 'z': 60.0}
2026-02-13 18:08:32,862 - Drone_4 - INFO - Drone 4: Flying to {'x': -233.27691295562997, 'y': 2.17877304447223, 'z': 60.0}
2026-02-13 18:08:33,297 - Drone_3 - INFO - Drone 3: Reached target position
2026-02-13 18:08:33,452 - Drone_4 - INFO - Drone 4: Reached target position
2026-02-13 18:08:33,507 - Drone_2 - INFO - Drone 2: Reached target position
2026-02-13 18:08:33,863 - Drone_2 - INFO - Drone 2: Flying to {'x': -212.22616245851088, 'y': -25.26174576947663, 'z': 60.0}
2026-02-13 18:08:33,864 - Drone_3 - INFO - Drone 3: Flying to {'x': -195.7351812176814, 'y': -4.094612337795062, 'z': 60.0}
2026-02-13 18:08:33,865 - Drone_4 - INFO - Drone 4: Flying to {'x': -233.39329589019243, 'y': -8.770764528647186, 'z': 60.0}
2026-02-13 18:08:34,304 - Drone_3 - INFO - Drone 3: Reached target position
2026-02-13 18:08:34,458 - Drone_4 - INFO - Drone 4: Reached target position
2026-02-13 18:08:34,515 - Drone_2 - INFO - Drone 2: Reached target position
2026-02-13 18:08:34,866 - Drone_2 - INFO - Drone 2: Flying to {'x': -210.09549889463776, 'y': -34.342866018090504, 'z': 60.0}
2026-02-13 18:08:34,867 - Drone_3 - INFO - Drone 3: Flying to {'x': -195.3368986413514, 'y': -11.933410010331283, 'z': 60.0}
2026-02-13 18:08:34,868 - Drone_4 - INFO - Drone 4: Flying to {'x': -232.50495490239697, 'y': -19.584265764804144, 'z': 60.0}
2026-02-13 18:08:35,411 - Drone_3 - INFO - Drone 3: Reached target position
2026-02-13 18:08:35,468 - Drone_4 - INFO - Drone 4: Reached target position
2026-02-13 18:08:35,520 - Drone_2 - INFO - Drone 2: Reached target position
2026-02-13 18:08:35,869 - Drone_2 - INFO - Drone 2: Flying to {'x': -207.21147845479942, 'y': -43.09825037434994, 'z': 60.0}
2026-02-13 18:08:35,870 - Drone_3 - INFO - Drone 3: Flying to {'x': -194.1835144070741, 'y': -19.6403699762582, 'z': 60.0}
2026-02-13 18:08:35,871 - Drone_4 - INFO - Drone 4: Flying to {'x': -230.66935885289115, 'y': -30.070286326624608, 'z': 60.0}
2026-02-13 18:08:36,374 - Drone_4 - INFO - Drone 4: Reached target position
2026-02-13 18:08:36,417 - Drone_3 - INFO - Drone 3: Reached target position
2026-02-13 18:08:36,527 - Drone_2 - INFO - Drone 2: Reached target position
2026-02-13 18:08:36,873 - Drone_2 - INFO - Drone 2: Flying to {'x': -203.62442208842947, 'y': -51.51200939044301, 'z': 60.0}
2026-02-13 18:08:36,873 - Drone_3 - INFO - Drone 3: Flying to {'x': -192.30390504502807, 'y': -27.184126336834375, 'z': 60.0}
2026-02-13 18:08:36,874 - Drone_4 - INFO - Drone 4: Flying to {'x': -227.95230514203809, 'y': -40.1914923470416, 'z': 60.0}
2026-02-13 18:08:37,381 - Drone_4 - INFO - Drone 4: Reached target position
2026-02-13 18:08:37,423 - Drone_3 - INFO - Drone 3: Reached target position
2026-02-13 18:08:37,533 - Drone_2 - INFO - Drone 2: Reached target position
2026-02-13 18:08:37,875 - Drone_2 - INFO - Drone 2: Flying to {'x': -199.40216131882624, 'y': -59.53826401048742, 'z': 60.0}
2026-02-13 18:08:37,875 - Drone_3 - INFO - Drone 3: Flying to {'x': -189.7424563267586, 'y': -34.504484841807674, 'z': 60.0}
2026-02-13 18:08:37,876 - Drone_4 - INFO - Drone 4: Flying to {'x': -224.43594048750597, 'y': -49.87855901841978, 'z': 60.0}
2026-02-13 18:08:38,388 - Drone_4 - INFO - Drone 4: Reached target position
2026-02-13 18:08:38,431 - Drone_3 - INFO - Drone 3: Reached target position
2026-02-13 18:08:38,539 - Drone_2 - INFO - Drone 2: Reached target position
2026-02-13 18:08:38,877 - Drone_2 - INFO - Drone 2: Flying to {'x': -194.60426267260948, 'y': -67.1639307629665, 'z': 60.0}
2026-02-13 18:08:38,878 - Drone_3 - INFO - Drone 3: Flying to {'x': -186.54574074263542, 'y': -41.56978642672961, 'z': 60.0}
2026-02-13 18:08:38,878 - Drone_4 - INFO - Drone 4: Flying to {'x': -220.19840700884637, 'y': -59.10540883299246, 'z': 60.0}
2026-02-13 18:08:39,293 - Drone_4 - INFO - Drone 4: Reached target position
2026-02-13 18:08:39,435 - Drone_3 - INFO - Drone 3: Reached target position
2026-02-13 18:08:39,548 - Drone_2 - INFO - Drone 2: Reached target position
2026-02-13 18:08:39,880 - Drone_2 - INFO - Drone 2: Flying to {'x': -189.31204584559197, 'y': -74.35236999515642, 'z': 60.0}
2026-02-13 18:08:39,880 - Drone_3 - INFO - Drone 3: Flying to {'x': -182.78055964465258, 'y': -48.326619515930304, 'z': 60.0}
2026-02-13 18:08:39,881 - Drone_4 - INFO - Drone 4: Flying to {'x': -215.3377963248181, 'y': -67.82088379421707, 'z': 60.0}
2026-02-13 18:08:40,299 - Drone_4 - INFO - Drone 4: Reached target position
2026-02-13 18:08:40,455 - Drone_2 - INFO - Drone 2: Reached target position
2026-02-13 18:08:40,542 - Drone_3 - INFO - Drone 3: Reached target position
2026-02-13 18:08:40,882 - Drone_2 - INFO - Drone 2: Flying to {'x': -183.5868313925107, 'y': -81.10588132781105, 'z': 60.0}
2026-02-13 18:08:40,883 - Drone_3 - INFO - Drone 3: Flying to {'x': -178.5046999668762, 'y': -54.75873840542613, 'z': 60.0}
2026-02-13 18:08:40,884 - Drone_4 - INFO - Drone 4: Flying to {'x': -209.9339743148956, 'y': -76.02374990217655, 'z': 60.0}
2026-02-13 18:08:41,305 - Drone_4 - INFO - Drone 4: Reached target position
2026-02-13 18:08:41,448 - Drone_3 - INFO - Drone 3: Reached target position
2026-02-13 18:08:41,461 - Drone_2 - INFO - Drone 2: Reached target position
2026-02-13 18:08:41,885 - Drone_2 - INFO - Drone 2: Flying to {'x': -177.46887890734217, 'y': -87.44721568338834, 'z': 60.0}
2026-02-13 18:08:41,886 - Drone_3 - INFO - Drone 3: Flying to {'x': -173.76156621484762, 'y': -60.87174141480624, 'z': 60.0}
2026-02-13 18:08:41,886 - Drone_4 - INFO - Drone 4: Flying to {'x': -204.04435317592424, 'y': -83.7399029908938, 'z': 60.0}
2026-02-13 18:08:42,311 - Drone_4 - INFO - Drone 4: Reached target position
2026-02-13 18:08:42,468 - Drone_2 - INFO - Drone 2: Reached target position
2026-02-13 18:08:42,554 - Drone_3 - INFO - Drone 3: Reached target position
2026-02-13 18:08:42,888 - Drone_2 - INFO - Drone 2: Flying to {'x': -171.0277871171554, 'y': -93.3659625550548, 'z': 60.0}
2026-02-13 18:08:42,888 - Drone_3 - INFO - Drone 3: Flying to {'x': -168.61834119611325, 'y': -66.64154356504542, 'z': 60.0}
2026-02-13 18:08:42,889 - Drone_4 - INFO - Drone 4: Flying to {'x': -197.7522061071648, 'y': -90.95651663401259, 'z': 60.0}
2026-02-13 18:08:43,317 - Drone_4 - INFO - Drone 4: Reached target position
2026-02-13 18:08:43,473 - Drone_2 - INFO - Drone 2: Reached target position
2026-02-13 18:08:43,560 - Drone_3 - INFO - Drone 3: Reached target position
2026-02-13 18:08:43,890 - Drone_2 - INFO - Drone 2: Flying to {'x': -164.30299927343324, 'y': -98.88150216707857, 'z': 60.0}
2026-02-13 18:08:43,890 - Drone_3 - INFO - Drone 3: Flying to {'x': -163.11951296080397, 'y': -72.07479852511955, 'z': 60.0}
2026-02-13 18:08:43,890 - Drone_4 - INFO - Drone 4: Flying to {'x': -191.10970291539226, 'y': -97.69801585444928, 'z': 60.0}
2026-02-13 18:08:44,324 - Drone_4 - INFO - Drone 4: Reached target position
2026-02-13 18:08:44,482 - Drone_2 - INFO - Drone 2: Reached target position
2026-02-13 18:08:44,567 - Drone_3 - INFO - Drone 3: Reached target position
2026-02-13 18:08:44,891 - Drone_2 - INFO - Drone 2: Flying to {'x': -157.32784223376007, 'y': -104.01295552069094, 'z': 60.0}
2026-02-13 18:08:44,892 - Drone_3 - INFO - Drone 3: Flying to {'x': -157.30409072745067, 'y': -77.18015030271293, 'z': 60.0}
2026-02-13 18:08:44,893 - Drone_4 - INFO - Drone 4: Flying to {'x': -184.16064745173807, 'y': -103.98920401438156, 'z': 60.0}
2026-02-13 18:08:45,330 - Drone_4 - INFO - Drone 4: Reached target position
2026-02-13 18:08:45,489 - Drone_2 - INFO - Drone 2: Reached target position
2026-02-13 18:08:45,572 - Drone_3 - INFO - Drone 3: Reached target position
2026-02-13 18:08:45,893 - Drone_2 - INFO - Drone 2: Flying to {'x': -150.14307003378048, 'y': -108.7705983811994, 'z': 60.0}
2026-02-13 18:08:45,893 - Drone_3 - INFO - Drone 3: Flying to {'x': -151.21685958527198, 'y': -81.95927659358311, 'z': 60.0}
2026-02-13 18:08:45,894 - Drone_4 - INFO - Drone 4: Flying to {'x': -176.95439182139677, 'y': -109.84438793269092, 'z': 60.0}
2026-02-13 18:08:46,338 - Drone_4 - INFO - Drone 4: Reached target position
2026-02-13 18:08:46,495 - Drone_2 - INFO - Drone 2: Reached target position
2026-02-13 18:08:46,581 - Drone_3 - INFO - Drone 3: Reached target position
2026-02-13 18:08:46,895 - Drone_2 - INFO - Drone 2: Flying to {'x': -142.76212918026897, 'y': -113.17937661411183, 'z': 60.0}
2026-02-13 18:08:46,896 - Drone_3 - INFO - Drone 3: Flying to {'x': -144.87883242557152, 'y': -86.4301791051897, 'z': 60.0}
2026-02-13 18:08:46,896 - Drone_4 - INFO - Drone 4: Flying to {'x': -169.5113266891911, 'y': -115.29607985941436, 'z': 60.0}
2026-02-13 18:08:47,344 - Drone_4 - INFO - Drone 4: Reached target position
2026-02-13 18:08:47,401 - Drone_2 - INFO - Drone 2: Reached target position
2026-02-13 18:08:47,588 - Drone_3 - INFO - Drone 3: Reached target position
2026-02-13 18:08:47,897 - Drone_2 - INFO - Drone 2: Flying to {'x': -135.23171582052436, 'y': -117.24117407776323, 'z': 60.0}
2026-02-13 18:08:47,898 - Drone_3 - INFO - Drone 3: Flying to {'x': -138.33885798599334, 'y': -90.58886334185208, 'z': 60.0}
2026-02-13 18:08:47,899 - Drone_4 - INFO - Drone 4: Flying to {'x': -161.88402655643551, 'y': -120.34831624323222, 'z': 60.0}
2026-02-13 18:08:48,306 - Drone_2 - INFO - Drone 2: Reached target position
2026-02-13 18:08:48,353 - Drone_4 - INFO - Drone 4: Reached target position
2026-02-13 18:08:48,594 - Drone_3 - INFO - Drone 3: Reached target position
2026-02-13 18:08:48,900 - Drone_2 - INFO - Drone 2: Flying to {'x': -127.56153883966425, 'y': -120.977153162975, 'z': 60.0}
2026-02-13 18:08:48,900 - Drone_3 - INFO - Drone 3: Flying to {'x': -131.61328114573706, 'y': -94.45200689975563, 'z': 60.0}
2026-02-13 18:08:48,900 - Drone_4 - INFO - Drone 4: Flying to {'x': -154.08668510288362, 'y': -125.02889546904782, 'z': 60.0}
2026-02-13 18:08:49,312 - Drone_2 - INFO - Drone 2: Reached target position
2026-02-13 18:08:49,362 - Drone_4 - INFO - Drone 4: Reached target position
2026-02-13 18:08:49,601 - Drone_3 - INFO - Drone 3: Reached target position
2026-02-13 18:08:49,901 - Drone_2 - INFO - Drone 2: Flying to {'x': -119.74598451400492, 'y': -124.41018038646232, 'z': 60.0}
2026-02-13 18:08:49,902 - Drone_3 - INFO - Drone 3: Flying to {'x': -124.70379462488204, 'y': -98.03936092812002, 'z': 60.0}
2026-02-13 18:08:49,903 - Drone_4 - INFO - Drone 4: Flying to {'x': -146.1168039723472, 'y': -129.36799049733946, 'z': 60.0}
2026-02-13 18:08:50,319 - Drone_2 - INFO - Drone 2: Reached target position
2026-02-13 18:08:50,369 - Drone_4 - INFO - Drone 4: Reached target position
2026-02-13 18:08:50,507 - Drone_3 - INFO - Drone 3: Reached target position
2026-02-13 18:08:50,905 - Drone_2 - INFO - Drone 2: Flying to {'x': -111.85214868075522, 'y': -127.53002352044318, 'z': 60.0}
2026-02-13 18:08:50,906 - Drone_3 - INFO - Drone 3: Flying to {'x': -117.67589309056535, 'y': -101.3368182746317, 'z': 60.0}
2026-02-13 18:08:50,907 - Drone_4 - INFO - Drone 4: Flying to {'x': -138.0453539265667, 'y': -133.35376793025333, 'z': 60.0}
2026-02-13 18:08:51,328 - Drone_2 - INFO - Drone 2: Reached target position
2026-02-13 18:08:51,376 - Drone_4 - INFO - Drone 4: Reached target position
2026-02-13 18:08:51,514 - Drone_3 - INFO - Drone 3: Reached target position
2026-02-13 18:08:51,789 - PhysicalMLTrainer_Drone1 - INFO - Physical ML model trained drone=1 samples=5051 degree=2 alpha=0.0 val_mse=0.013461
2026-02-13 18:08:51,900 - PhysicalMLTrainer_Drone5 - INFO - Physical ML model trained drone=5 samples=5101 degree=2 alpha=0.0 val_mse=0.000004
2026-02-13 18:08:51,908 - Drone_2 - INFO - Drone 2: Flying to {'x': -103.7237889454428, 'y': -130.40732725802403, 'z': 60.0}
2026-02-13 18:08:51,908 - Drone_3 - INFO - Drone 3: Flying to {'x': -110.3948996882647, 'y': -104.41701595829144, 'z': 60.0}
2026-02-13 18:08:51,908 - Drone_4 - INFO - Drone 4: Flying to {'x': -129.71410024517536, 'y': -137.0784380008459, 'z': 60.0}
2026-02-13 18:08:51,931 - PhysicalMLTrainer_Drone3 - INFO - Physical ML model trained drone=3 samples=5101 degree=2 alpha=0.0 val_mse=0.014558
2026-02-13 18:08:52,046 - PhysicalMLTrainer_Drone2 - INFO - Physical ML model trained drone=2 samples=5101 degree=2 alpha=0.0 val_mse=0.001062
2026-02-13 18:08:52,098 - PhysicalMLTrainer_Drone4 - INFO - Physical ML model trained drone=4 samples=5101 degree=2 alpha=0.0 val_mse=0.001231
2026-02-13 18:08:52,348 - Drone_2 - INFO - Drone 2: Reached target position
2026-02-13 18:08:52,400 - Drone_4 - INFO - Drone 4: Reached target position
2026-02-13 18:08:52,535 - Drone_3 - INFO - Drone 3: Reached target position
2026-02-13 18:08:52,909 - Drone_2 - INFO - Drone 2: Flying to {'x': -95.66926931053861, 'y': -132.94848695369694, 'z': 60.0}
2026-02-13 18:08:52,910 - Drone_3 - INFO - Drone 3: Flying to {'x': -103.14214171963451, 'y': -107.17725923832853, 'z': 60.0}
2026-02-13 18:08:52,910 - Drone_4 - INFO - Drone 4: Flying to {'x': -121.44049702590704, 'y': -140.42135936279283, 'z': 60.0}
2026-02-13 18:08:53,352 - Drone_2 - INFO - Drone 2: Reached target position
2026-02-13 18:08:53,405 - Drone_4 - INFO - Drone 4: Reached target position
2026-02-13 18:08:53,541 - Drone_3 - INFO - Drone 3: Reached target position
2026-02-13 18:08:53,911 - Drone_2 - INFO - Drone 2: Flying to {'x': -87.53154044758975, 'y': -135.22261636919035, 'z': 60.0}
2026-02-13 18:08:53,911 - Drone_3 - INFO - Drone 3: Flying to {'x': -95.78134364970798, 'y': -109.68948598675742, 'z': 60.0}
2026-02-13 18:08:53,911 - Drone_4 - INFO - Drone 4: Flying to {'x': -113.06467083002268, 'y': -143.4724195713086, 'z': 60.0}
2026-02-13 18:08:54,359 - Drone_2 - INFO - Drone 2: Reached target position
2026-02-13 18:08:54,410 - Drone_4 - INFO - Drone 4: Reached target position
2026-02-13 18:08:54,545 - Drone_3 - INFO - Drone 3: Reached target position
2026-02-13 18:08:54,912 - Drone_2 - INFO - Drone 2: Flying to {'x': -79.32465585730934, 'y': -137.2347301341272, 'z': 60.0}
2026-02-13 18:08:54,913 - Drone_3 - INFO - Drone 3: Flying to {'x': -88.32886046430485, 'y': -111.95777819376539, 'z': 60.0}
2026-02-13 18:08:54,913 - Drone_4 - INFO - Drone 4: Flying to {'x': -104.60160779767114, 'y': -146.2389347411227, 'z': 60.0}
2026-02-13 18:08:55,318 - Drone_4 - INFO - Drone 4: Reached target position
2026-02-13 18:08:55,364 - Drone_2 - INFO - Drone 2: Reached target position
2026-02-13 18:08:55,550 - Drone_3 - INFO - Drone 3: Reached target position
2026-02-13 18:08:55,914 - Drone_2 - INFO - Drone 2: Flying to {'x': -71.0619004149709, 'y': -138.9895827048722, 'z': 60.0}
2026-02-13 18:08:55,915 - Drone_3 - INFO - Drone 3: Flying to {'x': -80.8000738911975, 'y': -113.98622338363464, 'z': 60.0}
2026-02-13 18:08:55,916 - Drone_4 - INFO - Drone 4: Flying to {'x': -96.06525973620847, 'y': -148.72775618109878, 'z': 60.0}
2026-02-13 18:08:56,323 - Drone_4 - INFO - Drone 4: Reached target position
2026-02-13 18:08:56,369 - Drone_2 - INFO - Drone 2: Reached target position
2026-02-13 18:08:56,557 - Drone_3 - INFO - Drone 3: Reached target position
2026-02-13 18:08:56,917 - Drone_2 - INFO - Drone 2: Flying to {'x': -63.58554067608084, 'y': -140.35314680909562, 'z': 60.0}
2026-02-13 18:08:56,918 - Drone_3 - INFO - Drone 3: Flying to {'x': -73.96860930646439, 'y': -115.6106350971302, 'z': 60.0}
2026-02-13 18:08:56,918 - Drone_4 - INFO - Drone 4: Flying to {'x': -88.32805238804625, 'y': -150.73621543947914, 'z': 60.0}
2026-02-13 18:08:57,275 - Drone_2 - INFO - Drone 2: Reached target position
2026-02-13 18:08:57,329 - Drone_4 - INFO - Drone 4: Reached target position
2026-02-13 18:08:57,564 - Drone_3 - INFO - Drone 3: Reached target position
2026-02-13 18:08:57,919 - Drone_2 - INFO - Drone 2: Flying to {'x': -55.25516219475784, 'y': -141.63077666393818, 'z': 60.0}
2026-02-13 18:08:57,920 - Drone_3 - INFO - Drone 3: Flying to {'x': -66.33811421867894, 'y': -117.19375199980479, 'z': 60.0}
2026-02-13 18:08:57,920 - Drone_4 - INFO - Drone 4: Flying to {'x': -79.69218685889122, 'y': -152.71372868785926, 'z': 60.0}
2026-02-13 18:08:58,284 - Drone_2 - INFO - Drone 2: Reached target position
2026-02-13 18:08:58,335 - Drone_4 - INFO - Drone 4: Reached target position
2026-02-13 18:08:58,571 - Drone_3 - INFO - Drone 3: Reached target position
2026-02-13 18:08:58,921 - Drone_2 - INFO - Drone 2: Flying to {'x': -46.88938188393963, 'y': -142.66543077508965, 'z': 60.0}
2026-02-13 18:08:58,922 - Drone_3 - INFO - Drone 3: Flying to {'x': -58.658008975674505, 'y': -118.55113177272003, 'z': 60.0}
2026-02-13 18:08:58,923 - Drone_4 - INFO - Drone 4: Flying to {'x': -71.00368088630924, 'y': -154.4340578668245, 'z': 60.0}
2026-02-13 18:08:59,293 - Drone_2 - INFO - Drone 2: Reached target position
2026-02-13 18:08:59,443 - Drone_4 - INFO - Drone 4: Reached target position
2026-02-13 18:08:59,578 - Drone_3 - INFO - Drone 3: Reached target position
2026-02-13 18:08:59,924 - Drone_2 - INFO - Drone 2: Flying to {'x': -38.49109502530599, 'y': -143.460413329903, 'z': 60.0}
2026-02-13 18:08:59,925 - Drone_3 - INFO - Drone 3: Flying to {'x': -50.933176458930205, 'y': -119.68659139065512, 'z': 60.0}
2026-02-13 18:08:59,926 - Drone_4 - INFO - Drone 4: Flying to {'x': -62.26491696455386, 'y': -155.90249476352724, 'z': 60.0}
2026-02-13 18:09:00,299 - Drone_2 - INFO - Drone 2: Reached target position
2026-02-13 18:09:00,452 - Drone_4 - INFO - Drone 4: Reached target position
2026-02-13 18:09:00,585 - Drone_3 - INFO - Drone 3: Reached target position
2026-02-13 18:09:00,927 - Drone_2 - INFO - Drone 2: Flying to {'x': -30.08585569241476, 'y': -144.0168212802, 'z': 60.0}
2026-02-13 18:09:00,927 - Drone_3 - INFO - Drone 3: Flying to {'x': -43.18919311366437, 'y': -120.60096023635025, 'z': 60.0}
2026-02-13 18:09:00,928 - Drone_4 - INFO - Drone 4: Flying to {'x': -53.5017167362645, 'y': -157.12015870144958, 'z': 60.0}
2026-02-13 18:09:01,305 - Drone_2 - INFO - Drone 2: Reached target position
2026-02-13 18:09:01,459 - Drone_4 - INFO - Drone 4: Reached target position
2026-02-13 18:09:01,591 - Drone_3 - INFO - Drone 3: Reached target position
2026-02-13 18:09:01,928 - Drone_2 - INFO - Drone 2: Flying to {'x': -21.674065459119976, 'y': -144.33787234818917, 'z': 60.0}
2026-02-13 18:09:01,929 - Drone_3 - INFO - Drone 3: Flying to {'x': -35.42833875406436, 'y': -121.29834183804249, 'z': 60.0}
2026-02-13 18:09:01,929 - Drone_4 - INFO - Drone 4: Flying to {'x': -44.71359596926666, 'y': -158.09214564313353, 'z': 60.0}
2026-02-13 18:09:02,311 - Drone_2 - INFO - Drone 2: Reached target position
2026-02-13 18:09:02,466 - Drone_4 - INFO - Drone 4: Reached target position
2026-02-13 18:09:02,598 - Drone_3 - INFO - Drone 3: Reached target position
2026-02-13 18:09:02,930 - Drone_2 - INFO - Drone 2: Flying to {'x': -13.25432112403424, 'y': -144.42555757598524, 'z': 60.0}
2026-02-13 18:09:02,930 - Drone_3 - INFO - Drone 3: Flying to {'x': -27.651035121443314, 'y': -121.78191330045384, 'z': 60.0}
2026-02-13 18:09:02,931 - Drone_4 - INFO - Drone 4: Flying to {'x': -35.89796539956564, 'y': -158.82227157339435, 'z': 60.0}
2026-02-13 18:09:03,321 - Drone_2 - INFO - Drone 2: Reached target position
2026-02-13 18:09:03,470 - Drone_4 - INFO - Drone 4: Reached target position
2026-02-13 18:09:03,603 - Drone_3 - INFO - Drone 3: Reached target position
2026-02-13 18:09:03,931 - Drone_2 - INFO - Drone 2: Flying to {'x': -4.814855449230978, 'y': -144.2801791992908, 'z': 60.0}
2026-02-13 18:09:03,932 - Drone_3 - INFO - Drone 3: Flying to {'x': -19.847944462317916, 'y': -122.05392817207967, 'z': 60.0}
2026-02-13 18:09:03,932 - Drone_4 - INFO - Drone 4: Flying to {'x': -27.04110647644213, 'y': -159.31326821237778, 'z': 60.0}
2026-02-13 18:09:04,327 - Drone_2 - INFO - Drone 2: Reached target position
2026-02-13 18:09:04,476 - Drone_4 - INFO - Drone 4: Reached target position
2026-02-13 18:09:04,707 - Drone_3 - INFO - Drone 3: Reached target position
2026-02-13 18:09:04,933 - Drone_2 - INFO - Drone 2: Flying to {'x': 3.60097164583436, 'y': -143.90290016195644, 'z': 60.0}
2026-02-13 18:09:04,934 - Drone_3 - INFO - Drone 3: Flying to {'x': -12.060593230808749, 'y': -122.11493592445369, 'z': 60.0}
2026-02-13 18:09:04,935 - Drone_4 - INFO - Drone 4: Flying to {'x': -18.186992591668393, 'y': -159.56446503859956, 'z': 60.0}
2026-02-13 18:09:05,333 - Drone_2 - INFO - Drone 2: Reached target position
2026-02-13 18:09:05,482 - Drone_4 - INFO - Drone 4: Reached target position
2026-02-13 18:09:05,612 - Drone_3 - INFO - Drone 3: Reached target position
2026-02-13 18:09:05,936 - Drone_2 - INFO - Drone 2: Flying to {'x': 12.014292305686123, 'y': -143.29284879411213, 'z': 60.0}
2026-02-13 18:09:05,937 - Drone_3 - INFO - Drone 3: Flying to {'x': -4.270727330802425, 'y': -121.9668520896394, 'z': 60.0}
2026-02-13 18:09:05,938 - Drone_4 - INFO - Drone 4: Flying to {'x': -9.311704398786626, 'y': -159.5778684306007, 'z': 60.0}
2026-02-13 18:09:06,238 - Drone_2 - INFO - Drone 2: Reached target position
2026-02-13 18:09:06,488 - Drone_4 - INFO - Drone 4: Reached target position
2026-02-13 18:09:06,719 - Drone_3 - INFO - Drone 3: Reached target position
2026-02-13 18:09:06,939 - Drone_2 - INFO - Drone 2: Flying to {'x': 20.409404345586832, 'y': -142.4499299949313, 'z': 60.0}
2026-02-13 18:09:06,939 - Drone_3 - INFO - Drone 3: Flying to {'x': 3.5059541292282397, 'y': -121.61070326304204, 'z': 60.0}
2026-02-13 18:09:06,939 - Drone_4 - INFO - Drone 4: Flying to {'x': -0.4298223863023978, 'y': -159.3533802112899, 'z': 60.0}
2026-02-13 18:09:07,242 - Drone_2 - INFO - Drone 2: Reached target position
2026-02-13 18:09:07,492 - Drone_4 - INFO - Drone 4: Reached target position
2026-02-13 18:09:07,623 - Drone_3 - INFO - Drone 3: Reached target position
2026-02-13 18:09:07,940 - Drone_2 - INFO - Drone 2: Flying to {'x': 28.776980633534563, 'y': -141.37371479714955, 'z': 60.0}
2026-02-13 18:09:07,941 - Drone_3 - INFO - Drone 3: Flying to {'x': 11.259777673320094, 'y': -121.0476822169667, 'z': 60.0}
2026-02-13 18:09:07,942 - Drone_4 - INFO - Drone 4: Flying to {'x': 8.450948053351745, 'y': -158.890917757364, 'z': 60.0}
2026-02-13 18:09:08,152 - Drone_2 - INFO - Drone 2: Reached target position
2026-02-13 18:09:08,502 - Drone_4 - INFO - Drone 4: Reached target position
2026-02-13 18:09:08,730 - Drone_3 - INFO - Drone 3: Reached target position
2026-02-13 18:09:08,944 - Drone_2 - INFO - Drone 2: Flying to {'x': 37.11575961271555, 'y': -140.06224399861875, 'z': 60.0}
2026-02-13 18:09:08,947 - Drone_3 - INFO - Drone 3: Flying to {'x': 18.988686584689635, 'y': -120.27817911203353, 'z': 60.0}
2026-02-13 18:09:08,948 - Drone_4 - INFO - Drone 4: Flying to {'x': 17.331694726130316, 'y': -158.1893170266447, 'z': 60.0}
2026-02-13 18:09:09,156 - Drone_2 - INFO - Drone 2: Reached target position
2026-02-13 18:09:09,509 - Drone_4 - INFO - Drone 4: Reached target position
2026-02-13 18:09:09,636 - Drone_3 - INFO - Drone 3: Reached target position
2026-02-13 18:09:09,949 - Drone_2 - INFO - Drone 2: Flying to {'x': 45.43678514629757, 'y': -138.50995053393248, 'z': 60.0}
2026-02-13 18:09:09,950 - Drone_3 - INFO - Drone 3: Flying to {'x': 26.702192138233816, 'y': -119.30018674511382, 'z': 60.0}
2026-02-13 18:09:09,950 - Drone_4 - INFO - Drone 4: Flying to {'x': 26.22702135747891, 'y': -157.24454354199625, 'z': 60.0}
2026-02-13 18:09:10,162 - Drone_2 - INFO - Drone 2: Reached target position
2026-02-13 18:09:10,614 - Drone_4 - INFO - Drone 4: Reached target position
2026-02-13 18:09:10,747 - Drone_3 - INFO - Drone 3: Reached target position
2026-02-13 18:09:10,950 - Drone_2 - INFO - Drone 2: Flying to {'x': 53.71328735779135, 'y': -136.71741635440475, 'z': 60.0}
2026-02-13 18:09:10,951 - Drone_3 - INFO - Drone 3: Flying to {'x': 34.374917871487746, 'y': -118.11560285111422, 'z': 60.0}
2026-02-13 18:09:10,951 - Drone_4 - INFO - Drone 4: Flying to {'x': 35.11147385450082, 'y': -156.05578584070835, 'z': 60.0}
2026-02-13 18:09:11,167 - Drone_2 - INFO - Drone 2: Reached target position
2026-02-13 18:09:11,619 - Drone_4 - INFO - Drone 4: Reached target position
2026-02-13 18:09:11,651 - Drone_3 - INFO - Drone 3: Reached target position
2026-02-13 18:09:11,916 - PhysicalMLTrainer_Drone1 - INFO - Physical ML model trained drone=1 samples=5251 degree=2 alpha=0.0 val_mse=0.014029
2026-02-13 18:09:11,952 - Drone_2 - INFO - Drone 2: Flying to {'x': 61.94457082458895, 'y': -134.68012250200005, 'z': 60.0}
2026-02-13 18:09:11,952 - Drone_3 - INFO - Drone 3: Flying to {'x': 42.005863062613116, 'y': -116.72328723565857, 'z': 60.0}
2026-02-13 18:09:11,952 - Drone_4 - INFO - Drone 4: Flying to {'x': 43.98773555824748, 'y': -154.6188302639759, 'z': 60.0}
2026-02-13 18:09:12,028 - PhysicalMLTrainer_Drone5 - INFO - Physical ML model trained drone=5 samples=5301 degree=2 alpha=0.0 val_mse=0.000004
2026-02-13 18:09:12,067 - PhysicalMLTrainer_Drone3 - INFO - Physical ML model trained drone=3 samples=5301 degree=2 alpha=0.0 val_mse=0.014757
2026-02-13 18:09:12,171 - Drone_2 - INFO - Drone 2: Reached target position
2026-02-13 18:09:12,187 - PhysicalMLTrainer_Drone2 - INFO - Physical ML model trained drone=2 samples=5301 degree=2 alpha=0.0 val_mse=0.001172
2026-02-13 18:09:12,241 - PhysicalMLTrainer_Drone4 - INFO - Physical ML model trained drone=4 samples=5301 degree=2 alpha=0.0 val_mse=0.002516
2026-02-13 18:09:12,543 - Drone_4 - INFO - Drone 4: Reached target position
2026-02-13 18:09:12,571 - Drone_3 - INFO - Drone 3: Reached target position
2026-02-13 18:09:12,953 - Drone_2 - INFO - Drone 2: Flying to {'x': 70.30335151321016, 'y': -132.3402672727387, 'z': 60.0}
2026-02-13 18:09:12,953 - Drone_3 - INFO - Drone 3: Flying to {'x': 49.755066466930245, 'y': -115.08431231055742, 'z': 60.0}
2026-02-13 18:09:12,954 - Drone_4 - INFO - Drone 4: Flying to {'x': 53.04739655102887, 'y': -152.88855231901863, 'z': 60.0}
2026-02-13 18:09:13,193 - Drone_2 - INFO - Drone 2: Reached target position
2026-02-13 18:09:13,649 - Drone_4 - INFO - Drone 4: Reached target position
2026-02-13 18:09:13,677 - Drone_3 - INFO - Drone 3: Reached target position
2026-02-13 18:09:13,955 - Drone_2 - INFO - Drone 2: Flying to {'x': 78.44090053894669, 'y': -129.7882871963132, 'z': 60.0}
2026-02-13 18:09:13,956 - Drone_3 - INFO - Drone 3: Flying to {'x': 57.29933150261782, 'y': -113.26454492399063, 'z': 60.0}
2026-02-13 18:09:13,957 - Drone_4 - INFO - Drone 4: Flying to {'x': 61.91715826662413, 'y': -150.9298562326421, 'z': 60.0}
2026-02-13 18:09:14,199 - Drone_2 - INFO - Drone 2: Reached target position
2026-02-13 18:09:14,584 - Drone_3 - INFO - Drone 3: Reached target position
2026-02-13 18:09:14,657 - Drone_4 - INFO - Drone 4: Reached target position
2026-02-13 18:09:14,958 - Drone_2 - INFO - Drone 2: Flying to {'x': 86.5200679086461, 'y': -126.97210087102718, 'z': 60.0}
2026-02-13 18:09:14,959 - Drone_3 - INFO - Drone 3: Flying to {'x': 64.79019696283649, 'y': -111.23003275154367, 'z': 60.0}
2026-02-13 18:09:14,961 - Drone_4 - INFO - Drone 4: Flying to {'x': 70.77799978916259, 'y': -148.7019718168368, 'z': 60.0}
2026-02-13 18:09:15,204 - Drone_2 - INFO - Drone 2: Reached target position
2026-02-13 18:09:15,662 - Drone_4 - INFO - Drone 4: Reached target position
2026-02-13 18:09:15,690 - Drone_3 - INFO - Drone 3: Reached target position
2026-02-13 18:09:15,963 - Drone_2 - INFO - Drone 2: Flying to {'x': 94.51082245653674, 'y': -123.89289364515268, 'z': 60.0}
2026-02-13 18:09:15,963 - Drone_3 - INFO - Drone 3: Flying to {'x': 72.20076850268298, 'y': -108.98445668562756, 'z': 60.0}
2026-02-13 18:09:15,963 - Drone_4 - INFO - Drone 4: Flying to {'x': 79.60238549701162, 'y': -146.20294759900645, 'z': 60.0}
2026-02-13 18:09:16,209 - Drone_2 - INFO - Drone 2: Reached target position
2026-02-13 18:09:16,566 - Drone_4 - INFO - Drone 4: Reached target position
2026-02-13 18:09:16,594 - Drone_3 - INFO - Drone 3: Reached target position
2026-02-13 18:09:16,964 - Drone_2 - INFO - Drone 2: Flying to {'x': 102.41592724690257, 'y': -120.53924445350609, 'z': 60.0}
2026-02-13 18:09:16,964 - Drone_3 - INFO - Drone 3: Flying to {'x': 79.53508682126719, 'y': -106.52257076048573, 'z': 60.0}
2026-02-13 18:09:16,964 - Drone_4 - INFO - Drone 4: Flying to {'x': 88.39925355388222, 'y': -143.42008487914148, 'z': 60.0}
2026-02-13 18:09:17,214 - Drone_2 - INFO - Drone 2: Reached target position
2026-02-13 18:09:17,571 - Drone_4 - INFO - Drone 4: Reached target position
2026-02-13 18:09:17,698 - Drone_3 - INFO - Drone 3: Reached target position
2026-02-13 18:09:17,965 - Drone_2 - INFO - Drone 2: Flying to {'x': 110.21594578853478, 'y': -116.90725270485476, 'z': 60.0}
2026-02-13 18:09:17,965 - Drone_3 - INFO - Drone 3: Flying to {'x': 86.77723313802397, 'y': -103.84483526830097, 'z': 60.0}
2026-02-13 18:09:17,965 - Drone_4 - INFO - Drone 4: Flying to {'x': 97.15352835198098, 'y': -140.34596535536556, 'z': 60.0}
2026-02-13 18:09:18,218 - Drone_2 - INFO - Drone 2: Reached target position
2026-02-13 18:09:18,576 - Drone_4 - INFO - Drone 4: Reached target position
2026-02-13 18:09:18,603 - Drone_3 - INFO - Drone 3: Reached target position
2026-02-13 18:09:18,966 - Drone_2 - INFO - Drone 2: Flying to {'x': 117.91629704576462, 'y': -112.9796496604075, 'z': 60.0}
2026-02-13 18:09:18,966 - Drone_3 - INFO - Drone 3: Flying to {'x': 93.93515682726742, 'y': -100.942003967799, 'z': 60.0}
2026-02-13 18:09:18,967 - Drone_4 - INFO - Drone 4: Flying to {'x': 105.8786513531561, 'y': -136.9607898789047, 'z': 60.0}
2026-02-13 18:09:19,224 - Drone_2 - INFO - Drone 2: Reached target position
2026-02-13 18:09:19,582 - Drone_4 - INFO - Drone 4: Reached target position
2026-02-13 18:09:19,709 - Drone_3 - INFO - Drone 3: Reached target position
2026-02-13 18:09:19,968 - Drone_2 - INFO - Drone 2: Flying to {'x': 125.50156764058313, 'y': -108.74617600857316, 'z': 60.0}
2026-02-13 18:09:19,969 - Drone_3 - INFO - Drone 3: Flying to {'x': 100.99844821569705, 'y': -97.81012834729391, 'z': 60.0}
2026-02-13 18:09:19,970 - Drone_4 - INFO - Drone 4: Flying to {'x': 114.56551997930387, 'y': -133.24929543345922, 'z': 60.0}
2026-02-13 18:09:20,231 - Drone_2 - INFO - Drone 2: Reached target position
2026-02-13 18:09:20,590 - Drone_4 - INFO - Drone 4: Reached target position
2026-02-13 18:09:20,614 - Drone_3 - INFO - Drone 3: Reached target position
2026-02-13 18:09:20,971 - Drone_2 - INFO - Drone 2: Flying to {'x': 132.3224548123033, 'y': -104.59728574430414, 'z': 60.0}
2026-02-13 18:09:20,971 - Drone_3 - INFO - Drone 3: Flying to {'x': 107.36526152554231, 'y': -94.74139901366178, 'z': 60.0}
2026-02-13 18:09:20,972 - Drone_4 - INFO - Drone 4: Flying to {'x': 122.46656808166094, 'y': -129.55447903106514, 'z': 60.0}
2026-02-13 18:09:21,236 - Drone_2 - INFO - Drone 2: Reached target position
2026-02-13 18:09:21,595 - Drone_4 - INFO - Drone 4: Reached target position
2026-02-13 18:09:21,620 - Drone_3 - INFO - Drone 3: Reached target position
2026-02-13 18:09:21,972 - Drone_2 - INFO - Drone 2: Flying to {'x': 139.62927526162744, 'y': -99.7520050118587, 'z': 60.0}
2026-02-13 18:09:21,972 - Drone_3 - INFO - Drone 3: Flying to {'x': 114.20864274050234, 'y': -91.16181047239004, 'z': 60.0}
2026-02-13 18:09:21,972 - Drone_4 - INFO - Drone 4: Flying to {'x': 131.0390807221588, 'y': -125.17263753298379, 'z': 60.0}
2026-02-13 18:09:22,242 - Drone_2 - INFO - Drone 2: Reached target position
2026-02-13 18:09:22,700 - Drone_4 - INFO - Drone 4: Reached target position
2026-02-13 18:09:22,726 - Drone_3 - INFO - Drone 3: Reached target position
2026-02-13 18:09:22,973 - Drone_2 - INFO - Drone 2: Flying to {'x': 146.76568533854166, 'y': -94.5656490016723, 'z': 60.0}
2026-02-13 18:09:22,973 - Drone_3 - INFO - Drone 3: Flying to {'x': 120.92481035891927, 'y': -87.3372895551917, 'z': 60.0}
2026-02-13 18:09:22,974 - Drone_4 - INFO - Drone 4: Flying to {'x': 139.53732589206106, 'y': -120.40652398129468, 'z': 60.0}
2026-02-13 18:09:23,251 - Drone_2 - INFO - Drone 2: Reached target position
2026-02-13 18:09:23,618 - Drone_4 - INFO - Drone 4: Reached target position
2026-02-13 18:09:23,631 - Drone_3 - INFO - Drone 3: Reached target position
2026-02-13 18:09:23,974 - Drone_2 - INFO - Drone 2: Flying to {'x': 153.69632322377566, 'y': -89.0329246363398, 'z': 60.0}
2026-02-13 18:09:23,974 - Drone_3 - INFO - Drone 3: Flying to {'x': 127.49045591809619, 'y': -83.26642493919957, 'z': 60.0}
2026-02-13 18:09:23,975 - Drone_4 - INFO - Drone 4: Flying to {'x': 147.92982352663543, 'y': -115.2387919420193, 'z': 60.0}
2026-02-13 18:09:24,358 - Drone_2 - INFO - Drone 2: Reached target position
2026-02-13 18:09:24,725 - Drone_4 - INFO - Drone 4: Reached target position
2026-02-13 18:09:24,737 - Drone_3 - INFO - Drone 3: Reached target position
2026-02-13 18:09:24,975 - Drone_2 - INFO - Drone 2: Flying to {'x': 160.40570135877, 'y': -83.12931016406516, 'z': 60.0}
2026-02-13 18:09:24,976 - Drone_3 - INFO - Drone 3: Flying to {'x': 133.90312742638437, 'y': -78.93245718136068, 'z': 60.0}
2026-02-13 18:09:24,976 - Drone_4 - INFO - Drone 4: Flying to {'x': 156.2088483760655, 'y': -109.63188409645076, 'z': 60.0}
2026-02-13 18:09:25,364 - Drone_2 - INFO - Drone 2: Reached target position
2026-02-13 18:09:25,643 - Drone_3 - INFO - Drone 3: Reached target position
2026-02-13 18:09:25,731 - Drone_4 - INFO - Drone 4: Reached target position
2026-02-13 18:09:25,977 - Drone_2 - INFO - Drone 2: Flying to {'x': 166.8571733233793, 'y': -76.84226552542096, 'z': 60.0}
2026-02-13 18:09:25,978 - Drone_3 - INFO - Drone 3: Flying to {'x': 140.1426243943139, 'y': -74.32574500760825, 'z': 60.0}
2026-02-13 18:09:25,979 - Drone_4 - INFO - Drone 4: Flying to {'x': 164.34065280556655, 'y': -103.55681445448633, 'z': 60.0}
2026-02-13 18:09:26,370 - Drone_2 - INFO - Drone 2: Reached target position
2026-02-13 18:09:26,739 - Drone_4 - INFO - Drone 4: Reached target position
2026-02-13 18:09:26,752 - Drone_3 - INFO - Drone 3: Reached target position
2026-02-13 18:09:26,980 - Drone_2 - INFO - Drone 2: Flying to {'x': 173.00050347192885, 'y': -70.1699109787499, 'z': 60.0}
2026-02-13 18:09:26,980 - Drone_3 - INFO - Drone 3: Flying to {'x': 146.17756295103297, 'y': -69.44199490358568, 'z': 60.0}
2026-02-13 18:09:26,981 - Drone_4 - INFO - Drone 4: Flying to {'x': 172.2725873967646, 'y': -96.99285149964577, 'z': 60.0}
2026-02-13 18:09:27,476 - Drone_2 - INFO - Drone 2: Reached target position
2026-02-13 18:09:27,659 - Drone_3 - INFO - Drone 3: Reached target position
2026-02-13 18:09:27,745 - Drone_4 - INFO - Drone 4: Reached target position
2026-02-13 18:09:27,981 - Drone_2 - INFO - Drone 2: Flying to {'x': 178.78749652731761, 'y': -63.10685739247808, 'z': 60.0}
2026-02-13 18:09:27,982 - Drone_3 - INFO - Drone 3: Flying to {'x': 151.97994979502153, 'y': -64.27109027114187, 'z': 60.0}
2026-02-13 18:09:27,982 - Drone_4 - INFO - Drone 4: Flying to {'x': 179.9517294059814, 'y': -89.91440412477417, 'z': 60.0}
2026-02-13 18:09:28,482 - Drone_2 - INFO - Drone 2: Reached target position
2026-02-13 18:09:28,759 - Drone_4 - INFO - Drone 4: Reached target position
2026-02-13 18:09:28,764 - Drone_3 - INFO - Drone 3: Reached target position
2026-02-13 18:09:28,984 - Drone_2 - INFO - Drone 2: Flying to {'x': 184.1645136725528, 'y': -55.65147381990861, 'z': 60.0}
2026-02-13 18:09:28,984 - Drone_3 - INFO - Drone 3: Flying to {'x': 157.51726596501484, 'y': -58.80174200105016, 'z': 60.0}
2026-02-13 18:09:28,984 - Drone_4 - INFO - Drone 4: Flying to {'x': 187.31478185369434, 'y': -82.29872152744657, 'z': 60.0}
2026-02-13 18:09:29,487 - Drone_2 - INFO - Drone 2: Reached target position
2026-02-13 18:09:29,670 - Drone_3 - INFO - Drone 3: Reached target position
2026-02-13 18:09:29,765 - Drone_4 - INFO - Drone 4: Reached target position
2026-02-13 18:09:29,985 - Drone_2 - INFO - Drone 2: Flying to {'x': 189.0916008636341, 'y': -47.77399676890559, 'z': 60.0}
2026-02-13 18:09:29,986 - Drone_3 - INFO - Drone 3: Flying to {'x': 162.77209259374985, 'y': -52.99735626557944, 'z': 60.0}
2026-02-13 18:09:29,987 - Drone_4 - INFO - Drone 4: Flying to {'x': 194.31496036030796, 'y': -74.09350503878989, 'z': 60.0}
2026-02-13 18:09:30,493 - Drone_2 - INFO - Drone 2: Reached target position
2026-02-13 18:09:30,678 - Drone_3 - INFO - Drone 3: Reached target position
2026-02-13 18:09:30,870 - Drone_4 - INFO - Drone 4: Reached target position
2026-02-13 18:09:30,988 - Drone_2 - INFO - Drone 2: Flying to {'x': 193.49538857282187, 'y': -39.4851415462487, 'z': 60.0}
2026-02-13 18:09:30,988 - Drone_3 - INFO - Drone 3: Flying to {'x': 167.6919787590939, 'y': -46.846122593962775, 'z': 60.0}
2026-02-13 18:09:30,988 - Drone_4 - INFO - Drone 4: Flying to {'x': 200.85636962053593, 'y': -65.28855135997671, 'z': 60.0}
2026-02-13 18:09:31,497 - Drone_2 - INFO - Drone 2: Reached target position
2026-02-13 18:09:31,774 - Drone_4 - INFO - Drone 4: Reached target position
2026-02-13 18:09:31,782 - Drone_3 - INFO - Drone 3: Reached target position
2026-02-13 18:09:31,989 - Drone_2 - INFO - Drone 2: Flying to {'x': 197.25980137227742, 'y': -30.90568718084008, 'z': 60.0}
2026-02-13 18:09:31,989 - Drone_3 - INFO - Drone 3: Flying to {'x': 172.16840285092442, 'y': -40.41472079328703, 'z': 60.0}
2026-02-13 18:09:31,990 - Drone_4 - INFO - Drone 4: Flying to {'x': 206.76883498472435, 'y': -55.997085702193054, 'z': 60.0}
2026-02-13 18:09:32,056 - PhysicalMLTrainer_Drone1 - INFO - Physical ML model trained drone=1 samples=5451 degree=2 alpha=0.0 val_mse=0.012217
2026-02-13 18:09:32,160 - PhysicalMLTrainer_Drone5 - INFO - Physical ML model trained drone=5 samples=5501 degree=2 alpha=0.0 val_mse=0.000004
2026-02-13 18:09:32,199 - PhysicalMLTrainer_Drone3 - INFO - Physical ML model trained drone=3 samples=5501 degree=2 alpha=0.0 val_mse=0.001904
2026-02-13 18:09:32,316 - PhysicalMLTrainer_Drone2 - INFO - Physical ML model trained drone=2 samples=5501 degree=2 alpha=0.0 val_mse=0.001403
2026-02-13 18:09:32,392 - PhysicalMLTrainer_Drone4 - INFO - Physical ML model trained drone=4 samples=5501 degree=2 alpha=0.0 val_mse=0.003320
2026-02-13 18:09:32,517 - Drone_2 - INFO - Drone 2: Reached target position
2026-02-13 18:09:32,706 - Drone_3 - INFO - Drone 3: Reached target position
2026-02-13 18:09:32,896 - Drone_4 - INFO - Drone 4: Reached target position
2026-02-13 18:09:32,991 - Drone_2 - INFO - Drone 2: Flying to {'x': 200.39407959779152, 'y': -21.862050995953204, 'z': 60.0}
2026-02-13 18:09:32,991 - Drone_3 - INFO - Drone 3: Flying to {'x': 176.2381385895743, 'y': -33.54496647144695, 'z': 60.0}
2026-02-13 18:09:32,992 - Drone_4 - INFO - Drone 4: Flying to {'x': 212.07699507328527, 'y': -46.01799200417039, 'z': 60.0}
2026-02-13 18:09:33,521 - Drone_2 - INFO - Drone 2: Reached target position
2026-02-13 18:09:33,610 - Drone_3 - INFO - Drone 3: Reached target position
2026-02-13 18:09:33,700 - Drone_4 - INFO - Drone 4: Reached target position
2026-02-13 18:09:33,993 - Drone_2 - INFO - Drone 2: Flying to {'x': 202.73099627273555, 'y': -12.696934888373278, 'z': 60.0}
2026-02-13 18:09:33,993 - Drone_3 - INFO - Drone 3: Flying to {'x': 179.70283590896608, 'y': -26.47023624500224, 'z': 60.0}
2026-02-13 18:09:33,994 - Drone_4 - INFO - Drone 4: Flying to {'x': 216.5042976293645, 'y': -35.725095252142744, 'z': 60.0}
2026-02-13 18:09:34,615 - Drone_3 - INFO - Drone 3: Reached target position
2026-02-13 18:09:34,625 - Drone_2 - INFO - Drone 2: Reached target position
2026-02-13 18:09:34,805 - Drone_4 - INFO - Drone 4: Reached target position
2026-02-13 18:09:34,994 - Drone_2 - INFO - Drone 2: Flying to {'x': 204.26496425878497, 'y': -3.3428190251396472, 'z': 60.0}
2026-02-13 18:09:34,995 - Drone_3 - INFO - Drone 3: Flying to {'x': 182.5572667938526, 'y': -19.115449457980272, 'z': 60.0}
2026-02-13 18:09:34,995 - Drone_4 - INFO - Drone 4: Flying to {'x': 220.0375946916256, 'y': -25.05051649007199, 'z': 60.0}
2026-02-13 18:09:35,619 - Drone_3 - INFO - Drone 3: Reached target position
2026-02-13 18:09:35,629 - Drone_2 - INFO - Drone 2: Reached target position
2026-02-13 18:09:35,809 - Drone_4 - INFO - Drone 4: Reached target position
2026-02-13 18:09:35,996 - Drone_2 - INFO - Drone 2: Flying to {'x': 204.95143439873613, 'y': 6.113573887926275, 'z': 60.0}
2026-02-13 18:09:35,996 - Drone_3 - INFO - Drone 3: Flying to {'x': 184.73340389451363, 'y': -11.528173262804827, 'z': 60.0}
2026-02-13 18:09:35,996 - Drone_4 - INFO - Drone 4: Flying to {'x': 222.59318154946723, 'y': -14.104456616296211, 'z': 60.0}
2026-02-13 18:09:36,627 - Drone_3 - INFO - Drone 3: Reached target position
2026-02-13 18:09:36,633 - Drone_2 - INFO - Drone 2: Reached target position
2026-02-13 18:09:36,820 - Drone_4 - INFO - Drone 4: Reached target position
2026-02-13 18:09:36,997 - Drone_2 - INFO - Drone 2: Flying to {'x': 204.76705910683762, 'y': 15.561427336107204, 'z': 60.0}
2026-02-13 18:09:36,997 - Drone_3 - INFO - Drone 3: Flying to {'x': 186.17261211463997, 'y': -3.784025386802946, 'z': 60.0}
2026-02-13 18:09:36,998 - Drone_4 - INFO - Drone 4: Flying to {'x': 224.11251182974777, 'y': -3.0330196560904437, 'z': 60.0}
2026-02-13 18:09:37,632 - Drone_3 - INFO - Drone 3: Reached target position
2026-02-13 18:09:37,638 - Drone_2 - INFO - Drone 2: Reached target position
2026-02-13 18:09:37,825 - Drone_4 - INFO - Drone 4: Reached target position
2026-02-13 18:09:37,999 - Drone_2 - INFO - Drone 2: Flying to {'x': 203.71435132786195, 'y': 24.90382687080042, 'z': 60.0}
2026-02-13 18:09:37,999 - Drone_3 - INFO - Drone 3: Flying to {'x': 186.83857394641828, 'y': 4.042184131745715, 'z': 60.0}
2026-02-13 18:09:37,999 - Drone_4 - INFO - Drone 4: Flying to {'x': 224.57599406691665, 'y': 8.02804948935673, 'z': 60.0}
2026-02-13 18:09:38,636 - Drone_3 - INFO - Drone 3: Reached target position
2026-02-13 18:09:38,645 - Drone_2 - INFO - Drone 2: Reached target position
2026-02-13 18:09:38,830 - Drone_4 - INFO - Drone 4: Reached target position
2026-02-13 18:09:39,000 - Drone_2 - INFO - Drone 2: Flying to {'x': 201.8183069396262, 'y': 34.04871875118925, 'z': 60.0}
2026-02-13 18:09:39,000 - Drone_3 - INFO - Drone 3: Flying to {'x': 186.71576600381172, 'y': 11.869601156432523, 'z': 60.0}
2026-02-13 18:09:39,000 - Drone_4 - INFO - Drone 4: Flying to {'x': 223.99742453438296, 'y': 18.94617781537476, 'z': 60.0}
2026-02-13 18:09:39,641 - Drone_3 - INFO - Drone 3: Reached target position
2026-02-13 18:09:39,649 - Drone_2 - INFO - Drone 2: Reached target position
2026-02-13 18:09:39,838 - Drone_4 - INFO - Drone 4: Reached target position
2026-02-13 18:09:40,001 - Drone_2 - INFO - Drone 2: Flying to {'x': 199.12284584079856, 'y': 42.91697142963499, 'z': 60.0}
2026-02-13 18:09:40,001 - Drone_3 - INFO - Drone 3: Flying to {'x': 185.8101476870511, 'y': 19.619502299551158, 'z': 60.0}
2026-02-13 18:09:40,001 - Drone_4 - INFO - Drone 4: Flying to {'x': 222.42031497088243, 'y': 29.604273275887536, 'z': 60.0}
2026-02-13 18:09:40,645 - Drone_3 - INFO - Drone 3: Reached target position
2026-02-13 18:09:40,653 - Drone_2 - INFO - Drone 2: Reached target position
2026-02-13 18:09:40,843 - Drone_4 - INFO - Drone 4: Reached target position
2026-02-13 18:09:41,002 - Drone_2 - INFO - Drone 2: Flying to {'x': 195.68272735586083, 'y': 51.45154534990752, 'z': 60.0}
2026-02-13 18:09:41,003 - Drone_3 - INFO - Drone 3: Flying to {'x': 184.1451652209316, 'y': 27.225842883670396, 'z': 60.0}
2026-02-13 18:09:41,003 - Drone_4 - INFO - Drone 4: Flying to {'x': 219.90842982209796, 'y': 39.91398321497829, 'z': 60.0}
2026-02-13 18:09:41,650 - Drone_3 - INFO - Drone 3: Reached target position
2026-02-13 18:09:41,747 - Drone_4 - INFO - Drone 4: Reached target position
2026-02-13 18:09:41,758 - Drone_2 - INFO - Drone 2: Reached target position
2026-02-13 18:09:42,004 - Drone_2 - INFO - Drone 2: Flying to {'x': 191.5751203751136, 'y': 59.58221114813428, 'z': 60.0}
2026-02-13 18:09:42,004 - Drone_3 - INFO - Drone 3: Flying to {'x': 181.76722934036349, 'y': 34.606117109024225, 'z': 60.0}
2026-02-13 18:09:42,005 - Drone_4 - INFO - Drone 4: Flying to {'x': 216.55121441422367, 'y': 49.77432011338415, 'z': 60.0}
2026-02-13 18:09:42,553 - Drone_3 - INFO - Drone 3: Reached target position
2026-02-13 18:09:42,662 - Drone_2 - INFO - Drone 2: Reached target position
2026-02-13 18:09:42,851 - Drone_4 - INFO - Drone 4: Reached target position
2026-02-13 18:09:43,005 - Drone_2 - INFO - Drone 2: Flying to {'x': 186.86883017813787, 'y': 67.28668481783434, 'z': 60.0}
2026-02-13 18:09:43,006 - Drone_3 - INFO - Drone 3: Flying to {'x': 178.72822175887381, 'y': 41.71853090394748, 'z': 60.0}
2026-02-13 18:09:43,006 - Drone_4 - INFO - Drone 4: Flying to {'x': 212.43698409202472, 'y': 59.14607639857032, 'z': 60.0}
2026-02-13 18:09:43,558 - Drone_3 - INFO - Drone 3: Reached target position
2026-02-13 18:09:43,757 - Drone_4 - INFO - Drone 4: Reached target position
2026-02-13 18:09:43,770 - Drone_2 - INFO - Drone 2: Reached target position
2026-02-13 18:09:44,007 - Drone_2 - INFO - Drone 2: Flying to {'x': 181.63004113686256, 'y': 74.55441458037689, 'z': 60.0}
2026-02-13 18:09:44,008 - Drone_3 - INFO - Drone 3: Flying to {'x': 175.0837763274475, 'y': 48.532377437889096, 'z': 60.0}
2026-02-13 18:09:44,008 - Drone_4 - INFO - Drone 4: Flying to {'x': 207.65207827935035, 'y': 68.00814977096181, 'z': 60.0}
2026-02-13 18:09:44,562 - Drone_3 - INFO - Drone 3: Reached target position
2026-02-13 18:09:44,674 - Drone_2 - INFO - Drone 2: Reached target position
2026-02-13 18:09:44,862 - Drone_4 - INFO - Drone 4: Reached target position
2026-02-13 18:09:45,009 - Drone_2 - INFO - Drone 2: Flying to {'x': 175.9267591030124, 'y': 81.37686902407933, 'z': 60.0}
2026-02-13 18:09:45,010 - Drone_3 - INFO - Drone 3: Flying to {'x': 170.89500189142828, 'y': 55.02005928990111, 'z': 60.0}
2026-02-13 18:09:45,010 - Drone_4 - INFO - Drone 4: Flying to {'x': 202.2835688371906, 'y': 76.34511181249523, 'z': 60.0}
2026-02-13 18:09:45,568 - Drone_3 - INFO - Drone 3: Reached target position
2026-02-13 18:09:45,766 - Drone_4 - INFO - Drone 4: Reached target position
2026-02-13 18:09:45,779 - Drone_2 - INFO - Drone 2: Reached target position
2026-02-13 18:09:46,011 - Drone_2 - INFO - Drone 2: Flying to {'x': 170.4483071841891, 'y': 87.1375567680274, 'z': 60.0}
2026-02-13 18:09:46,011 - Drone_3 - INFO - Drone 3: Flying to {'x': 166.70948135671193, 'y': 60.56649767299338, 'z': 60.0}
2026-02-13 18:09:46,011 - Drone_4 - INFO - Drone 4: Flying to {'x': 197.0193662792231, 'y': 83.39873094055025, 'z': 60.0}
2026-02-13 18:09:46,472 - Drone_3 - INFO - Drone 3: Reached target position
2026-02-13 18:09:46,683 - Drone_2 - INFO - Drone 2: Reached target position
2026-02-13 18:09:46,772 - Drone_4 - INFO - Drone 4: Reached target position
2026-02-13 18:09:47,012 - Drone_2 - INFO - Drone 2: Flying to {'x': 164.03822983772318, 'y': 93.11602584194368, 'z': 60.0}
2026-02-13 18:09:47,012 - Drone_3 - INFO - Drone 3: Flying to {'x': 161.6571920406395, 'y': 66.38906082515102, 'z': 60.0}
2026-02-13 18:09:47,012 - Drone_4 - INFO - Drone 4: Flying to {'x': 190.76519485451584, 'y': 90.73498804485999, 'z': 60.0}
2026-02-13 18:09:47,577 - Drone_3 - INFO - Drone 3: Reached target position
2026-02-13 18:09:47,779 - Drone_4 - INFO - Drone 4: Reached target position
2026-02-13 18:09:47,788 - Drone_2 - INFO - Drone 2: Reached target position
2026-02-13 18:09:48,013 - Drone_2 - INFO - Drone 2: Flying to {'x': 157.31030958556082, 'y': 98.68515030735102, 'z': 60.0}
2026-02-13 18:09:48,014 - Drone_3 - INFO - Drone 3: Flying to {'x': 156.2125398553082, 'y': 71.87479966400171, 'z': 60.0}
2026-02-13 18:09:48,014 - Drone_4 - INFO - Drone 4: Flying to {'x': 184.1206602289101, 'y': 97.5873805770984, 'z': 60.0}
2026-02-13 18:09:48,581 - Drone_3 - INFO - Drone 3: Reached target position
2026-02-13 18:09:48,692 - Drone_2 - INFO - Drone 2: Reached target position
2026-02-13 18:09:48,786 - Drone_4 - INFO - Drone 4: Reached target position
2026-02-13 18:09:49,015 - Drone_2 - INFO - Drone 2: Flying to {'x': 150.33707253867075, 'y': 103.83570713750741, 'z': 60.0}
2026-02-13 18:09:49,016 - Drone_3 - INFO - Drone 3: Flying to {'x': 150.4471225905857, 'y': 77.00311708387909, 'z': 60.0}
2026-02-13 18:09:49,016 - Drone_4 - INFO - Drone 4: Flying to {'x': 177.16966259229906, 'y': 103.94575718942238, 'z': 60.0}
2026-02-13 18:09:49,587 - Drone_3 - INFO - Drone 3: Reached target position
2026-02-13 18:09:49,790 - Drone_4 - INFO - Drone 4: Reached target position
2026-02-13 18:09:49,796 - Drone_2 - INFO - Drone 2: Reached target position
2026-02-13 18:09:50,017 - Drone_2 - INFO - Drone 2: Flying to {'x': 143.13600675595228, 'y': 108.59984418399618, 'z': 60.0}
2026-02-13 18:09:50,017 - Drone_3 - INFO - Drone 3: Flying to {'x': 144.38750187715922, 'y': 81.79622950310667, 'z': 60.0}
2026-02-13 18:09:50,018 - Drone_4 - INFO - Drone 4: Flying to {'x': 169.9396214368418, 'y': 109.85133930520311, 'z': 60.0}
2026-02-13 18:09:50,491 - Drone_3 - INFO - Drone 3: Reached target position
2026-02-13 18:09:50,702 - Drone_2 - INFO - Drone 2: Reached target position
2026-02-13 18:09:50,795 - Drone_4 - INFO - Drone 4: Reached target position
2026-02-13 18:09:51,018 - Drone_2 - INFO - Drone 2: Flying to {'x': 135.73403268702756, 'y': 112.99602450650153, 'z': 60.0}
2026-02-13 18:09:51,019 - Drone_3 - INFO - Drone 3: Flying to {'x': 138.06682832874142, 'y': 86.26480559501152, 'z': 60.0}
2026-02-13 18:09:51,019 - Drone_4 - INFO - Drone 4: Flying to {'x': 162.46525159851757, 'y': 115.32882014821539, 'z': 60.0}
2026-02-13 18:09:51,496 - Drone_3 - INFO - Drone 3: Reached target position
2026-02-13 18:09:51,802 - Drone_4 - INFO - Drone 4: Reached target position
2026-02-13 18:09:51,807 - Drone_2 - INFO - Drone 2: Reached target position
2026-02-13 18:09:52,020 - Drone_2 - INFO - Drone 2: Flying to {'x': 128.17570287449905, 'y': 117.03029398780286, 'z': 60.0}
2026-02-13 18:09:52,020 - Drone_3 - INFO - Drone 3: Flying to {'x': 131.5328372508455, 'y': 90.40831718706261, 'z': 60.0}
2026-02-13 18:09:52,020 - Drone_4 - INFO - Drone 4: Flying to {'x': 154.7976796752393, 'y': 120.38742836414932, 'z': 60.0}
2026-02-13 18:09:52,158 - PhysicalMLTrainer_Drone1 - INFO - Physical ML model trained drone=1 samples=5651 degree=2 alpha=0.0 val_mse=0.011210
2026-02-13 18:09:52,268 - PhysicalMLTrainer_Drone5 - INFO - Physical ML model trained drone=5 samples=5701 degree=2 alpha=0.0 val_mse=0.000004
2026-02-13 18:09:52,314 - PhysicalMLTrainer_Drone3 - INFO - Physical ML model trained drone=3 samples=5701 degree=2 alpha=0.0 val_mse=0.002118
2026-02-13 18:09:52,423 - PhysicalMLTrainer_Drone2 - INFO - Physical ML model trained drone=2 samples=5701 degree=2 alpha=0.0 val_mse=0.001665
2026-02-13 18:09:52,515 - Drone_3 - INFO - Drone 3: Reached target position
2026-02-13 18:09:52,521 - PhysicalMLTrainer_Drone4 - INFO - Physical ML model trained drone=4 samples=5701 degree=2 alpha=0.0 val_mse=0.003525
2026-02-13 18:09:52,725 - Drone_2 - INFO - Drone 2: Reached target position
2026-02-13 18:09:52,824 - Drone_4 - INFO - Drone 4: Reached target position
2026-02-13 18:09:53,021 - Drone_2 - INFO - Drone 2: Flying to {'x': 120.32032780196421, 'y': 120.79351844909168, 'z': 60.0}
2026-02-13 18:09:53,021 - Drone_3 - INFO - Drone 3: Flying to {'x': 124.67050865135215, 'y': 94.31568004453872, 'z': 60.0}
2026-02-13 18:09:53,021 - Drone_4 - INFO - Drone 4: Flying to {'x': 146.79816620651715, 'y': 125.14369929847962, 'z': 60.0}
2026-02-13 18:09:53,520 - Drone_3 - INFO - Drone 3: Reached target position
2026-02-13 18:09:53,629 - Drone_4 - INFO - Drone 4: Reached target position
2026-02-13 18:09:53,731 - Drone_2 - INFO - Drone 2: Reached target position
2026-02-13 18:09:54,022 - Drone_2 - INFO - Drone 2: Flying to {'x': 112.48604131084481, 'y': 124.1579041259802, 'z': 60.0}
2026-02-13 18:09:54,022 - Drone_3 - INFO - Drone 3: Flying to {'x': 117.7656643712247, 'y': 97.84962443421198, 'z': 60.0}
2026-02-13 18:09:54,022 - Drone_4 - INFO - Drone 4: Flying to {'x': 138.79432100261303, 'y': 129.4375271863601, 'z': 60.0}
2026-02-13 18:09:54,424 - Drone_3 - INFO - Drone 3: Reached target position
2026-02-13 18:09:54,637 - Drone_2 - INFO - Drone 2: Reached target position
2026-02-13 18:09:54,738 - Drone_4 - INFO - Drone 4: Reached target position
2026-02-13 18:09:55,023 - Drone_2 - INFO - Drone 2: Flying to {'x': 104.55278739785626, 'y': 127.20639322445865, 'z': 60.0}
2026-02-13 18:09:55,024 - Drone_3 - INFO - Drone 3: Flying to {'x': 110.72094144107226, 'y': 101.09214662036996, 'z': 60.0}
2026-02-13 18:09:55,024 - Drone_4 - INFO - Drone 4: Flying to {'x': 130.66703400194498, 'y': 133.37454726767464, 'z': 60.0}
2026-02-13 18:09:55,428 - Drone_3 - INFO - Drone 3: Reached target position
2026-02-13 18:09:55,742 - Drone_2 - INFO - Drone 2: Reached target position
2026-02-13 18:09:55,744 - Drone_4 - INFO - Drone 4: Reached target position
2026-02-13 18:09:56,025 - Drone_2 - INFO - Drone 2: Flying to {'x': 96.52728391296317, 'y': 129.9543325095376, 'z': 60.0}
2026-02-13 18:09:56,025 - Drone_3 - INFO - Drone 3: Flying to {'x': 103.5483323946768, 'y': 104.05636196709109, 'z': 60.0}
2026-02-13 18:09:56,025 - Drone_4 - INFO - Drone 4: Flying to {'x': 122.42525445540967, 'y': 136.97538099125126, 'z': 60.0}
2026-02-13 18:09:56,433 - Drone_3 - INFO - Drone 3: Reached target position
2026-02-13 18:09:56,646 - Drone_2 - INFO - Drone 2: Reached target position
2026-02-13 18:09:56,748 - Drone_4 - INFO - Drone 4: Reached target position
2026-02-13 18:09:57,026 - Drone_2 - INFO - Drone 2: Flying to {'x': 88.43349391299272, 'y': 132.40911337497818, 'z': 60.0}
2026-02-13 18:09:57,026 - Drone_3 - INFO - Drone 3: Flying to {'x': 96.27460720421486, 'y': 106.74752842092244, 'z': 60.0}
2026-02-13 18:09:57,026 - Drone_4 - INFO - Drone 4: Flying to {'x': 114.09507886704846, 'y': 140.2502266662003, 'z': 60.0}
2026-02-13 18:09:57,437 - Drone_3 - INFO - Drone 3: Reached target position
2026-02-13 18:09:57,659 - Drone_4 - INFO - Drone 4: Reached target position
2026-02-13 18:09:57,759 - Drone_2 - INFO - Drone 2: Reached target position
2026-02-13 18:09:58,027 - Drone_2 - INFO - Drone 2: Flying to {'x': 80.26347105741823, 'y': 134.58603986871506, 'z': 60.0}
2026-02-13 18:09:58,027 - Drone_3 - INFO - Drone 3: Flying to {'x': 88.89730044948638, 'y': 109.1801942809638, 'z': 60.0}
2026-02-13 18:09:58,028 - Drone_4 - INFO - Drone 4: Flying to {'x': 105.66931664516949, 'y': 143.2198692607832, 'z': 60.0}
2026-02-13 18:09:58,441 - Drone_3 - INFO - Drone 3: Reached target position
2026-02-13 18:09:58,664 - Drone_2 - INFO - Drone 2: Reached target position
2026-02-13 18:09:58,765 - Drone_4 - INFO - Drone 4: Reached target position
2026-02-13 18:09:59,029 - Drone_2 - INFO - Drone 2: Flying to {'x': 72.0307753965312, 'y': 136.49172668439752, 'z': 60.0}
2026-02-13 18:09:59,030 - Drone_3 - INFO - Drone 3: Flying to {'x': 81.43272632611661, 'y': 111.36000730991641, 'z': 60.0}
2026-02-13 18:09:59,031 - Drone_4 - INFO - Drone 4: Flying to {'x': 97.16249477101229, 'y': 145.8936776139829, 'z': 60.0}
2026-02-13 18:09:59,447 - Drone_3 - INFO - Drone 3: Reached target position
2026-02-13 18:09:59,671 - Drone_4 - INFO - Drone 4: Reached target position
2026-02-13 18:09:59,771 - Drone_2 - INFO - Drone 2: Reached target position
2026-02-13 18:10:00,032 - Drone_2 - INFO - Drone 2: Flying to {'x': 63.74688809017495, 'y': 138.13247287691658, 'z': 60.0}
2026-02-13 18:10:00,032 - Drone_3 - INFO - Drone 3: Flying to {'x': 73.89496058803377, 'y': 113.29265354226355, 'z': 60.0}
2026-02-13 18:10:00,032 - Drone_4 - INFO - Drone 4: Flying to {'x': 88.58670742482796, 'y': 148.2805453747754, 'z': 60.0}
2026-02-13 18:10:00,453 - Drone_3 - INFO - Drone 3: Reached target position
2026-02-13 18:10:00,676 - Drone_2 - INFO - Drone 2: Reached target position
2026-02-13 18:10:00,777 - Drone_4 - INFO - Drone 4: Reached target position
2026-02-13 18:10:01,033 - Drone_2 - INFO - Drone 2: Flying to {'x': 55.41095513998807, 'y': 139.5156549539805, 'z': 60.0}
2026-02-13 18:10:01,033 - Drone_3 - INFO - Drone 3: Flying to {'x': 66.28647741685542, 'y': 114.98561183935547, 'z': 60.0}
2026-02-13 18:10:01,034 - Drone_4 - INFO - Drone 4: Flying to {'x': 79.94099825461308, 'y': 150.39117723084783, 'z': 60.0}
2026-02-13 18:10:01,358 - Drone_3 - INFO - Drone 3: Reached target position
2026-02-13 18:10:01,682 - Drone_4 - INFO - Drone 4: Reached target position
2026-02-13 18:10:01,781 - Drone_2 - INFO - Drone 2: Reached target position
2026-02-13 18:10:02,034 - Drone_2 - INFO - Drone 2: Flying to {'x': 47.047224589419436, 'y': 140.64360954358713, 'z': 60.0}
2026-02-13 18:10:02,035 - Drone_3 - INFO - Drone 3: Flying to {'x': 58.63236615692522, 'y': 116.44062429670386, 'z': 60.0}
2026-02-13 18:10:02,035 - Drone_4 - INFO - Drone 4: Flying to {'x': 71.25020983630272, 'y': 152.22875111109292, 'z': 60.0}
2026-02-13 18:10:02,363 - Drone_3 - INFO - Drone 3: Reached target position
2026-02-13 18:10:02,786 - Drone_2 - INFO - Drone 2: Reached target position
2026-02-13 18:10:02,787 - Drone_4 - INFO - Drone 4: Reached target position
2026-02-13 18:10:03,036 - Drone_2 - INFO - Drone 2: Flying to {'x': 38.670818563841735, 'y': 141.52062776811795, 'z': 60.0}
2026-02-13 18:10:03,037 - Drone_3 - INFO - Drone 3: Flying to {'x': 50.949205371588114, 'y': 117.66185124040472, 'z': 60.0}
2026-02-13 18:10:03,038 - Drone_4 - INFO - Drone 4: Flying to {'x': 62.52959509155496, 'y': 153.79901457586436, 'z': 60.0}
2026-02-13 18:10:03,368 - Drone_3 - INFO - Drone 3: Reached target position
2026-02-13 18:10:03,690 - Drone_2 - INFO - Drone 2: Reached target position
2026-02-13 18:10:03,692 - Drone_4 - INFO - Drone 4: Reached target position
2026-02-13 18:10:04,040 - Drone_2 - INFO - Drone 2: Flying to {'x': 30.27365151448089, 'y': 142.15247728016988, 'z': 60.0}
2026-02-13 18:10:04,041 - Drone_3 - INFO - Drone 3: Flying to {'x': 43.232017749273986, 'y': 118.65607873645739, 'z': 60.0}
2026-02-13 18:10:04,042 - Drone_4 - INFO - Drone 4: Flying to {'x': 53.77005005819338, 'y': 155.11084351496294, 'z': 60.0}
2026-02-13 18:10:04,373 - Drone_3 - INFO - Drone 3: Reached target position
2026-02-13 18:10:04,796 - Drone_2 - INFO - Drone 2: Reached target position
2026-02-13 18:10:04,796 - Drone_4 - INFO - Drone 4: Reached target position
2026-02-13 18:10:05,043 - Drone_2 - INFO - Drone 2: Flying to {'x': 21.862294392876063, 'y': 142.54201269237694, 'z': 60.0}
2026-02-13 18:10:05,043 - Drone_3 - INFO - Drone 3: Flying to {'x': 35.489012741776826, 'y': 119.4268110484429, 'z': 60.0}
2026-02-13 18:10:05,044 - Drone_4 - INFO - Drone 4: Flying to {'x': 44.97749603681011, 'y': 156.1687310412777, 'z': 60.0}
2026-02-13 18:10:05,377 - Drone_3 - INFO - Drone 3: Reached target position
2026-02-13 18:10:05,703 - Drone_2 - INFO - Drone 2: Reached target position
2026-02-13 18:10:05,704 - Drone_4 - INFO - Drone 4: Reached target position
2026-02-13 18:10:06,045 - Drone_2 - INFO - Drone 2: Flying to {'x': 13.431181301284067, 'y': 142.69146155886972, 'z': 60.0}
2026-02-13 18:10:06,045 - Drone_3 - INFO - Drone 3: Flying to {'x': 27.717011631819215, 'y': 119.97769807134607, 'z': 60.0}
2026-02-13 18:10:06,046 - Drone_4 - INFO - Drone 4: Flying to {'x': 36.144944788807706, 'y': 156.97729188940488, 'z': 60.0}
2026-02-13 18:10:06,382 - Drone_3 - INFO - Drone 3: Reached target position
2026-02-13 18:10:06,810 - Drone_2 - INFO - Drone 2: Reached target position
2026-02-13 18:10:06,810 - Drone_4 - INFO - Drone 4: Reached target position
2026-02-13 18:10:07,046 - Drone_2 - INFO - Drone 2: Flying to {'x': 5.011102895408771, 'y': 142.60205444097923, 'z': 60.0}
2026-02-13 18:10:07,047 - Drone_3 - INFO - Drone 3: Flying to {'x': 19.946195512075988, 'y': 120.3098358763865, 'z': 60.0}
2026-02-13 18:10:07,047 - Drone_4 - INFO - Drone 4: Flying to {'x': 27.303321460001488, 'y': 157.53714705764645, 'z': 60.0}
2026-02-13 18:10:07,387 - Drone_3 - INFO - Drone 3: Reached target position
2026-02-13 18:10:07,717 - Drone_4 - INFO - Drone 4: Reached target position
2026-02-13 18:10:07,814 - Drone_2 - INFO - Drone 2: Reached target position
2026-02-13 18:10:08,048 - Drone_2 - INFO - Drone 2: Flying to {'x': -3.402369929321503, 'y': 142.27529355513238, 'z': 60.0}
2026-02-13 18:10:08,048 - Drone_3 - INFO - Drone 3: Flying to {'x': 12.174117306166123, 'y': 120.42642526858965, 'z': 60.0}
2026-02-13 18:10:08,048 - Drone_4 - INFO - Drone 4: Flying to {'x': 18.446498357221195, 'y': 157.85178079061998, 'z': 60.0}
2026-02-13 18:10:08,392 - Drone_3 - INFO - Drone 3: Reached target position
2026-02-13 18:10:08,719 - Drone_2 - INFO - Drone 2: Reached target position
2026-02-13 18:10:08,722 - Drone_4 - INFO - Drone 4: Reached target position
2026-02-13 18:10:09,051 - Drone_2 - INFO - Drone 2: Flying to {'x': -11.816891623721862, 'y': 141.71066097241675, 'z': 60.0}
2026-02-13 18:10:09,051 - Drone_3 - INFO - Drone 3: Flying to {'x': 4.3951546489550815, 'y': 120.32913727431279, 'z': 60.0}
2026-02-13 18:10:09,052 - Drone_4 - INFO - Drone 4: Flying to {'x': 9.56463207438211, 'y': 157.92270724509368, 'z': 60.0}
2026-02-13 18:10:09,397 - Drone_3 - INFO - Drone 3: Reached target position
2026-02-13 18:10:09,727 - Drone_4 - INFO - Drone 4: Reached target position
2026-02-13 18:10:09,824 - Drone_2 - INFO - Drone 2: Reached target position
2026-02-13 18:10:10,053 - Drone_2 - INFO - Drone 2: Flying to {'x': -20.208104992285904, 'y': 140.90909444452961, 'z': 60.0}
2026-02-13 18:10:10,053 - Drone_3 - INFO - Drone 3: Flying to {'x': -3.366866379321622, 'y': 120.01955921798137, 'z': 60.0}
2026-02-13 18:10:10,054 - Drone_4 - INFO - Drone 4: Flying to {'x': 0.6814302342623666, 'y': 157.7503330574939, 'z': 60.0}
2026-02-13 18:10:10,401 - Drone_3 - INFO - Drone 3: Reached target position
2026-02-13 18:10:10,729 - Drone_2 - INFO - Drone 2: Reached target position
2026-02-13 18:10:10,732 - Drone_4 - INFO - Drone 4: Reached target position
2026-02-13 18:10:11,055 - Drone_2 - INFO - Drone 2: Flying to {'x': -28.59071463305072, 'y': 139.86758236559456, 'z': 60.0}
2026-02-13 18:10:11,055 - Drone_3 - INFO - Drone 3: Flying to {'x': -11.12440005382119, 'y': 119.49780438400148, 'z': 60.0}
2026-02-13 18:10:11,055 - Drone_4 - INFO - Drone 4: Flying to {'x': -8.220936651457643, 'y': 157.3338969448241, 'z': 60.0}
2026-02-13 18:10:11,305 - Drone_3 - INFO - Drone 3: Reached target position
2026-02-13 18:10:11,738 - Drone_4 - INFO - Drone 4: Reached target position
2026-02-13 18:10:11,836 - Drone_2 - INFO - Drone 2: Reached target position
2026-02-13 18:10:12,056 - Drone_2 - INFO - Drone 2: Flying to {'x': -36.9473493165721, 'y': 138.58556503651764, 'z': 60.0}
2026-02-13 18:10:12,057 - Drone_3 - INFO - Drone 3: Flying to {'x': -18.860378981477986, 'y': 118.76483083978755, 'z': 60.0}
2026-02-13 18:10:12,057 - Drone_4 - INFO - Drone 4: Flying to {'x': -17.126615119842004, 'y': 156.6725353716118, 'z': 60.0}
2026-02-13 18:10:12,264 - PhysicalMLTrainer_Drone1 - INFO - Physical ML model trained drone=1 samples=5851 degree=2 alpha=0.0 val_mse=0.010731
2026-02-13 18:10:12,314 - Drone_3 - INFO - Drone 3: Reached target position
2026-02-13 18:10:12,375 - PhysicalMLTrainer_Drone5 - INFO - Physical ML model trained drone=5 samples=5901 degree=2 alpha=0.0 val_mse=0.000004
2026-02-13 18:10:12,432 - PhysicalMLTrainer_Drone3 - INFO - Physical ML model trained drone=3 samples=5901 degree=2 alpha=0.0 val_mse=0.002142
2026-02-13 18:10:12,559 - PhysicalMLTrainer_Drone2 - INFO - Physical ML model trained drone=2 samples=5901 degree=2 alpha=0.0 val_mse=0.001641
2026-02-13 18:10:12,669 - PhysicalMLTrainer_Drone4 - INFO - Physical ML model trained drone=4 samples=5901 degree=2 alpha=0.0 val_mse=0.003456
2026-02-13 18:10:12,765 - Drone_2 - INFO - Drone 2: Reached target position
2026-02-13 18:10:12,770 - Drone_4 - INFO - Drone 4: Reached target position
2026-02-13 18:10:13,058 - Drone_2 - INFO - Drone 2: Flying to {'x': -44.599612885865575, 'y': 137.19304615655648, 'z': 60.0}
2026-02-13 18:10:13,059 - Drone_3 - INFO - Drone 3: Flying to {'x': -25.9458221702644, 'y': 117.90480901734256, 'z': 60.0}
2026-02-13 18:10:13,060 - Drone_4 - INFO - Drone 4: Flying to {'x': -25.311375746651642, 'y': 155.84683687215767, 'z': 60.0}
2026-02-13 18:10:13,337 - Drone_3 - INFO - Drone 3: Reached target position
2026-02-13 18:10:13,669 - Drone_2 - INFO - Drone 2: Reached target position
2026-02-13 18:10:13,676 - Drone_4 - INFO - Drone 4: Reached target position
2026-02-13 18:10:14,061 - Drone_2 - INFO - Drone 2: Flying to {'x': -52.88605071683945, 'y': 135.44374302047083, 'z': 60.0}
2026-02-13 18:10:14,062 - Drone_3 - INFO - Drone 3: Flying to {'x': -33.619442496814976, 'y': 116.76761366516584, 'z': 60.0}
2026-02-13 18:10:14,064 - Drone_4 - INFO - Drone 4: Flying to {'x': -34.20992136153444, 'y': 154.71035124049533, 'z': 60.0}
2026-02-13 18:10:14,342 - Drone_3 - INFO - Drone 3: Reached target position
2026-02-13 18:10:14,682 - Drone_4 - INFO - Drone 4: Reached target position
2026-02-13 18:10:14,774 - Drone_2 - INFO - Drone 2: Reached target position
2026-02-13 18:10:15,065 - Drone_2 - INFO - Drone 2: Flying to {'x': -61.139810916692895, 'y': 133.44311367103202, 'z': 60.0}
2026-02-13 18:10:15,065 - Drone_3 - INFO - Drone 3: Flying to {'x': -41.2634526566282, 'y': 115.41728824422958, 'z': 60.0}
2026-02-13 18:10:15,065 - Drone_4 - INFO - Drone 4: Flying to {'x': -43.113985489890446, 'y': 153.3194719310967, 'z': 60.0}
2026-02-13 18:10:15,345 - Drone_3 - INFO - Drone 3: Reached target position
2026-02-13 18:10:15,689 - Drone_4 - INFO - Drone 4: Reached target position
2026-02-13 18:10:15,689 - Drone_2 - INFO - Drone 2: Reached target position
2026-02-13 18:10:16,066 - Drone_2 - INFO - Drone 2: Flying to {'x': -69.40678941077273, 'y': 131.17045573763238, 'z': 60.0}
2026-02-13 18:10:16,066 - Drone_3 - INFO - Drone 3: Flying to {'x': -48.92018716279883, 'y': 113.84131472218354, 'z': 60.0}
2026-02-13 18:10:16,067 - Drone_4 - INFO - Drone 4: Flying to {'x': -52.0776483953239, 'y': 151.6570579856063, 'z': 60.0}
2026-02-13 18:10:16,350 - Drone_3 - INFO - Drone 3: Reached target position
2026-02-13 18:10:16,696 - Drone_4 - INFO - Drone 4: Reached target position
2026-02-13 18:10:16,796 - Drone_2 - INFO - Drone 2: Reached target position
2026-02-13 18:10:17,068 - Drone_2 - INFO - Drone 2: Flying to {'x': -77.54554615737418, 'y': 128.65830364805066, 'z': 60.0}
2026-02-13 18:10:17,068 - Drone_3 - INFO - Drone 3: Flying to {'x': -56.45873353790206, 'y': 112.06474063249335, 'z': 60.0}
2026-02-13 18:10:17,068 - Drone_4 - INFO - Drone 4: Flying to {'x': -60.95198314181687, 'y': 149.7451162675228, 'z': 60.0}
2026-02-13 18:10:17,356 - Drone_3 - INFO - Drone 3: Reached target position
2026-02-13 18:10:17,702 - Drone_4 - INFO - Drone 4: Reached target position
2026-02-13 18:10:17,803 - Drone_2 - INFO - Drone 2: Reached target position
2026-02-13 18:10:18,069 - Drone_2 - INFO - Drone 2: Flying to {'x': -85.6200753748661, 'y': 125.88206481280393, 'z': 60.0}
2026-02-13 18:10:18,069 - Drone_3 - INFO - Drone 3: Flying to {'x': -63.938849075019434, 'y': 110.07306654805492, 'z': 60.0}
2026-02-13 18:10:18,070 - Drone_4 - INFO - Drone 4: Flying to {'x': -69.8110771101171, 'y': 147.5632911126506, 'z': 60.0}
2026-02-13 18:10:18,365 - Drone_3 - INFO - Drone 3: Reached target position
2026-02-13 18:10:18,707 - Drone_4 - INFO - Drone 4: Reached target position
2026-02-13 18:10:18,808 - Drone_2 - INFO - Drone 2: Reached target position
2026-02-13 18:10:19,070 - Drone_2 - INFO - Drone 2: Flying to {'x': -93.62929305922327, 'y': 122.83200233840682, 'z': 60.0}
2026-02-13 18:10:19,070 - Drone_3 - INFO - Drone 3: Flying to {'x': -71.36044914159969, 'y': 107.86207947379197, 'z': 60.0}
2026-02-13 18:10:19,071 - Drone_4 - INFO - Drone 4: Flying to {'x': -78.65937019460839, 'y': 145.10084625603042, 'z': 60.0}
2026-02-13 18:10:19,369 - Drone_3 - INFO - Drone 3: Reached target position
2026-02-13 18:10:19,715 - Drone_4 - INFO - Drone 4: Reached target position
2026-02-13 18:10:19,815 - Drone_2 - INFO - Drone 2: Reached target position
2026-02-13 18:10:20,071 - Drone_2 - INFO - Drone 2: Flying to {'x': -101.55529623825957, 'y': 119.50329591438931, 'z': 60.0}
2026-02-13 18:10:20,071 - Drone_3 - INFO - Drone 3: Flying to {'x': -78.7084049209239, 'y': 105.43135371958722, 'z': 60.0}
2026-02-13 18:10:20,071 - Drone_4 - INFO - Drone 4: Flying to {'x': -87.48335404345747, 'y': 142.350187231725, 'z': 60.0}
2026-02-13 18:10:20,273 - Drone_3 - INFO - Drone 3: Reached target position
2026-02-13 18:10:20,719 - Drone_4 - INFO - Drone 4: Reached target position
2026-02-13 18:10:20,820 - Drone_2 - INFO - Drone 2: Reached target position
2026-02-13 18:10:21,073 - Drone_2 - INFO - Drone 2: Flying to {'x': -109.38571545289766, 'y': 115.88824201341029, 'z': 60.0}
2026-02-13 18:10:21,073 - Drone_3 - INFO - Drone 3: Flying to {'x': -85.97337324254879, 'y': 102.77861836413962, 'z': 60.0}
2026-02-13 18:10:21,074 - Drone_4 - INFO - Drone 4: Flying to {'x': -96.27609180362698, 'y': 139.30058422375913, 'z': 60.0}
2026-02-13 18:10:21,178 - Drone_3 - INFO - Drone 3: Reached target position
2026-02-13 18:10:21,723 - Drone_4 - INFO - Drone 4: Reached target position
2026-02-13 18:10:21,824 - Drone_2 - INFO - Drone 2: Reached target position
2026-02-13 18:10:22,074 - Drone_2 - INFO - Drone 2: Flying to {'x': -117.10796638435566, 'y': 111.97781326902782, 'z': 60.0}
2026-02-13 18:10:22,075 - Drone_3 - INFO - Drone 3: Flying to {'x': -93.14661738164737, 'y': 99.90082051543183, 'z': 60.0}
2026-02-13 18:10:22,075 - Drone_4 - INFO - Drone 4: Flying to {'x': -105.03097363075966, 'y': 135.9391622717361, 'z': 60.0}
2026-02-13 18:10:22,181 - Drone_3 - INFO - Drone 3: Reached target position
2026-02-13 18:10:22,728 - Drone_4 - INFO - Drone 4: Reached target position
2026-02-13 18:10:22,830 - Drone_2 - INFO - Drone 2: Reached target position
2026-02-13 18:10:23,076 - Drone_2 - INFO - Drone 2: Flying to {'x': -124.71865647718161, 'y': 107.75572278614843, 'z': 60.0}
2026-02-13 18:10:23,077 - Drone_3 - INFO - Drone 3: Flying to {'x': -100.2289508978796, 'y': 96.78966968400161, 'z': 60.0}
2026-02-13 18:10:23,077 - Drone_4 - INFO - Drone 4: Flying to {'x': -113.7526033750348, 'y': 132.24542836545044, 'z': 60.0}
2026-02-13 18:10:23,190 - Drone_3 - INFO - Drone 3: Reached target position
2026-02-13 18:10:23,735 - Drone_4 - INFO - Drone 4: Reached target position
2026-02-13 18:10:23,836 - Drone_2 - INFO - Drone 2: Reached target position
2026-02-13 18:10:24,078 - Drone_2 - INFO - Drone 2: Flying to {'x': -132.17330767866258, 'y': 103.22733494516059, 'z': 60.0}
2026-02-13 18:10:24,079 - Drone_3 - INFO - Drone 3: Flying to {'x': -107.18410323449443, 'y': 93.45289576699967, 'z': 60.0}
2026-02-13 18:10:24,079 - Drone_4 - INFO - Drone 4: Flying to {'x': -122.39886850050168, 'y': 128.21653938932874, 'z': 60.0}
2026-02-13 18:10:24,197 - Drone_3 - INFO - Drone 3: Reached target position
2026-02-13 18:10:24,740 - Drone_4 - INFO - Drone 4: Reached target position
2026-02-13 18:10:24,844 - Drone_2 - INFO - Drone 2: Reached target position
2026-02-13 18:10:25,079 - Drone_2 - INFO - Drone 2: Flying to {'x': -139.4807308132166, 'y': 98.36460865077478, 'z': 60.0}
2026-02-13 18:10:25,080 - Drone_3 - INFO - Drone 3: Flying to {'x': -114.02686719532673, 'y': 89.87338807173771, 'z': 60.0}
2026-02-13 18:10:25,080 - Drone_4 - INFO - Drone 4: Flying to {'x': -130.98951023417953, 'y': 123.81847226866464, 'z': 60.0}
2026-02-13 18:10:25,202 - Drone_3 - INFO - Drone 3: Reached target position
2026-02-13 18:10:25,748 - Drone_4 - INFO - Drone 4: Reached target position
2026-02-13 18:10:25,850 - Drone_2 - INFO - Drone 2: Reached target position
2026-02-13 18:10:26,081 - Drone_2 - INFO - Drone 2: Flying to {'x': -146.6079780394122, 'y': 93.16173587650768, 'z': 60.0}
2026-02-13 18:10:26,081 - Drone_3 - INFO - Drone 3: Flying to {'x': -120.73474694302948, 'y': 86.05006148624109, 'z': 60.0}
2026-02-13 18:10:26,082 - Drone_4 - INFO - Drone 4: Flying to {'x': -139.4963036491456, 'y': 119.0349669728904, 'z': 60.0}
2026-02-13 18:10:26,206 - Drone_3 - INFO - Drone 3: Reached target position
2026-02-13 18:10:26,755 - Drone_4 - INFO - Drone 4: Reached target position
2026-02-13 18:10:26,857 - Drone_2 - INFO - Drone 2: Reached target position
2026-02-13 18:10:27,083 - Drone_2 - INFO - Drone 2: Flying to {'x': -153.52948083769058, 'y': 87.60605581004607, 'z': 60.0}
2026-02-13 18:10:27,083 - Drone_3 - INFO - Drone 3: Flying to {'x': -127.29396242672108, 'y': 81.97599597842091, 'z': 60.0}
2026-02-13 18:10:27,084 - Drone_4 - INFO - Drone 4: Flying to {'x': -147.89942100606547, 'y': 113.8415742210156, 'z': 60.0}
2026-02-13 18:10:27,211 - Drone_3 - INFO - Drone 3: Reached target position
2026-02-13 18:10:27,760 - Drone_4 - INFO - Drone 4: Reached target position
2026-02-13 18:10:27,861 - Drone_2 - INFO - Drone 2: Reached target position
2026-02-13 18:10:28,085 - Drone_2 - INFO - Drone 2: Flying to {'x': -160.21362403127642, 'y': 81.68652286849412, 'z': 60.0}
2026-02-13 18:10:28,085 - Drone_3 - INFO - Drone 3: Flying to {'x': -133.68703939476694, 'y': 77.64420824416062, 'z': 60.0}
2026-02-13 18:10:28,085 - Drone_4 - INFO - Drone 4: Flying to {'x': -156.17130940694292, 'y': 108.21310750500359, 'z': 60.0}
2026-02-13 18:10:28,219 - Drone_3 - INFO - Drone 3: Reached target position
2026-02-13 18:10:28,766 - Drone_4 - INFO - Drone 4: Reached target position
2026-02-13 18:10:28,867 - Drone_2 - INFO - Drone 2: Reached target position
2026-02-13 18:10:29,086 - Drone_2 - INFO - Drone 2: Flying to {'x': -166.63508942481886, 'y': 75.38159613986235, 'z': 60.0}
2026-02-13 18:10:29,086 - Drone_3 - INFO - Drone 3: Flying to {'x': -139.9047997673842, 'y': 73.03817666617839, 'z': 60.0}
2026-02-13 18:10:29,086 - Drone_4 - INFO - Drone 4: Flying to {'x': -164.2916699511349, 'y': 102.11188579729702, 'z': 60.0}
2026-02-13 18:10:29,225 - Drone_3 - INFO - Drone 3: Reached target position
2026-02-13 18:10:29,772 - Drone_4 - INFO - Drone 4: Reached target position
2026-02-13 18:10:29,873 - Drone_2 - INFO - Drone 2: Reached target position
2026-02-13 18:10:30,087 - Drone_2 - INFO - Drone 2: Flying to {'x': -172.75060452627818, 'y': 68.68083387880614, 'z': 60.0}
2026-02-13 18:10:30,087 - Drone_3 - INFO - Drone 3: Flying to {'x': -145.92310056063602, 'y': 68.14695095769378, 'z': 60.0}
2026-02-13 18:10:30,088 - Drone_4 - INFO - Drone 4: Flying to {'x': -172.2167216051658, 'y': 95.50833784444828, 'z': 60.0}
2026-02-13 18:10:30,229 - Drone_3 - INFO - Drone 3: Reached target position
2026-02-13 18:10:30,776 - Drone_4 - INFO - Drone 4: Reached target position
2026-02-13 18:10:30,878 - Drone_2 - INFO - Drone 2: Reached target position
2026-02-13 18:10:31,089 - Drone_2 - INFO - Drone 2: Flying to {'x': -178.50935791410492, 'y': 61.57830646961191, 'z': 60.0}
2026-02-13 18:10:31,089 - Drone_3 - INFO - Drone 3: Flying to {'x': -151.71211325487633, 'y': 62.95949388392052, 'z': 60.0}
2026-02-13 18:10:31,090 - Drone_4 - INFO - Drone 4: Flying to {'x': -179.8905453284135, 'y': 88.37555112884051, 'z': 60.0}
2026-02-13 18:10:31,234 - Drone_3 - INFO - Drone 3: Reached target position
2026-02-13 18:10:31,880 - Drone_4 - INFO - Drone 4: Reached target position
2026-02-13 18:10:31,884 - Drone_2 - INFO - Drone 2: Reached target position
2026-02-13 18:10:32,091 - Drone_2 - INFO - Drone 2: Flying to {'x': -183.85112824399351, 'y': 54.07765115832408, 'z': 60.0}
2026-02-13 18:10:32,091 - Drone_3 - INFO - Drone 3: Flying to {'x': -157.23331767439814, 'y': 57.46766007883415, 'z': 60.0}
2026-02-13 18:10:32,092 - Drone_4 - INFO - Drone 4: Flying to {'x': -187.24113716450358, 'y': 80.69546172791944, 'z': 60.0}
2026-02-13 18:10:32,340 - Drone_3 - INFO - Drone 3: Reached target position
2026-02-13 18:10:32,379 - PhysicalMLTrainer_Drone1 - INFO - Physical ML model trained drone=1 samples=6051 degree=2 alpha=0.0 val_mse=0.003579
2026-02-13 18:10:32,488 - PhysicalMLTrainer_Drone5 - INFO - Physical ML model trained drone=5 samples=6101 degree=2 alpha=0.0 val_mse=0.000004
2026-02-13 18:10:32,563 - PhysicalMLTrainer_Drone3 - INFO - Physical ML model trained drone=3 samples=6101 degree=2 alpha=0.0 val_mse=0.002049
2026-02-13 18:10:32,703 - PhysicalMLTrainer_Drone2 - INFO - Physical ML model trained drone=2 samples=6101 degree=2 alpha=0.0 val_mse=0.001660
2026-02-13 18:10:32,800 - PhysicalMLTrainer_Drone4 - INFO - Physical ML model trained drone=4 samples=6101 degree=2 alpha=0.0 val_mse=0.003136
2026-02-13 18:10:32,902 - Drone_4 - INFO - Drone 4: Reached target position
2026-02-13 18:10:32,905 - Drone_2 - INFO - Drone 2: Reached target position
2026-02-13 18:10:33,093 - Drone_2 - INFO - Drone 2: Flying to {'x': -188.80400416261188, 'y': 46.02447864815706, 'z': 60.0}
2026-02-13 18:10:33,093 - Drone_3 - INFO - Drone 3: Flying to {'x': -162.54454061479868, 'y': 51.541776372683984, 'z': 60.0}
2026-02-13 18:10:33,094 - Drone_4 - INFO - Drone 4: Flying to {'x': -194.32130188713882, 'y': 72.28394219597025, 'z': 60.0}
2026-02-13 18:10:33,367 - Drone_3 - INFO - Drone 3: Reached target position
2026-02-13 18:10:33,709 - Drone_2 - INFO - Drone 2: Reached target position
2026-02-13 18:10:33,808 - Drone_4 - INFO - Drone 4: Reached target position
2026-02-13 18:10:34,095 - Drone_2 - INFO - Drone 2: Flying to {'x': -193.1177113649085, 'y': 37.72945735006528, 'z': 60.0}
2026-02-13 18:10:34,095 - Drone_3 - INFO - Drone 3: Flying to {'x': -167.40180374407285, 'y': 45.3905339869778, 'z': 60.0}
2026-02-13 18:10:34,095 - Drone_4 - INFO - Drone 4: Flying to {'x': -200.77878800182103, 'y': 63.44536497090094, 'z': 60.0}
2026-02-13 18:10:34,374 - Drone_3 - INFO - Drone 3: Reached target position
2026-02-13 18:10:34,816 - Drone_4 - INFO - Drone 4: Reached target position
2026-02-13 18:10:34,817 - Drone_2 - INFO - Drone 2: Reached target position
2026-02-13 18:10:35,095 - Drone_2 - INFO - Drone 2: Flying to {'x': -196.8159701825375, 'y': 29.069375765407315, 'z': 60.0}
2026-02-13 18:10:35,096 - Drone_3 - INFO - Drone 3: Flying to {'x': -171.84841020659687, 'y': 38.898971324117085, 'z': 60.0}
2026-02-13 18:10:35,096 - Drone_4 - INFO - Drone 4: Flying to {'x': -206.64556574124728, 'y': 54.03693574134795, 'z': 60.0}
2026-02-13 18:10:35,480 - Drone_3 - INFO - Drone 3: Reached target position
2026-02-13 18:10:35,823 - Drone_2 - INFO - Drone 2: Reached target position
2026-02-13 18:10:35,824 - Drone_4 - INFO - Drone 4: Reached target position
2026-02-13 18:10:36,096 - Drone_2 - INFO - Drone 2: Flying to {'x': -199.55581240622462, 'y': 20.998124250161077, 'z': 60.0}
2026-02-13 18:10:36,097 - Drone_3 - INFO - Drone 3: Flying to {'x': -175.4427524040583, 'y': 32.76928975455905, 'z': 60.0}
2026-02-13 18:10:36,097 - Drone_4 - INFO - Drone 4: Flying to {'x': -211.32697791062256, 'y': 45.111184252327355, 'z': 60.0}
2026-02-13 18:10:36,484 - Drone_3 - INFO - Drone 3: Reached target position
2026-02-13 18:10:36,729 - Drone_4 - INFO - Drone 4: Reached target position
2026-02-13 18:10:36,729 - Drone_2 - INFO - Drone 2: Reached target position
2026-02-13 18:10:37,097 - Drone_2 - INFO - Drone 2: Flying to {'x': -201.87321503581492, 'y': 11.81220007876974, 'z': 60.0}
2026-02-13 18:10:37,098 - Drone_3 - INFO - Drone 3: Flying to {'x': -178.9035962991913, 'y': 25.682910770516926, 'z': 60.0}
2026-02-13 18:10:37,098 - Drone_4 - INFO - Drone 4: Flying to {'x': -215.7439257275621, 'y': 34.78181881539334, 'z': 60.0}
2026-02-13 18:10:37,491 - Drone_3 - INFO - Drone 3: Reached target position
2026-02-13 18:10:37,736 - Drone_4 - INFO - Drone 4: Reached target position
2026-02-13 18:10:37,836 - Drone_2 - INFO - Drone 2: Reached target position
2026-02-13 18:10:38,099 - Drone_2 - INFO - Drone 2: Flying to {'x': -203.37928260916976, 'y': 2.4385366528645127, 'z': 60.0}
2026-02-13 18:10:38,100 - Drone_3 - INFO - Drone 3: Flying to {'x': -181.7470404751575, 'y': 18.31449647441434, 'z': 60.0}
2026-02-13 18:10:38,101 - Drone_4 - INFO - Drone 4: Flying to {'x': -219.2552424307196, 'y': 24.070778786876787, 'z': 60.0}
2026-02-13 18:10:38,597 - Drone_3 - INFO - Drone 3: Reached target position
2026-02-13 18:10:38,741 - Drone_4 - INFO - Drone 4: Reached target position
2026-02-13 18:10:38,741 - Drone_2 - INFO - Drone 2: Reached target position
2026-02-13 18:10:39,102 - Drone_2 - INFO - Drone 2: Flying to {'x': -204.02986902907605, 'y': -7.043650397008851, 'z': 60.0}
2026-02-13 18:10:39,103 - Drone_3 - INFO - Drone 3: Flying to {'x': -183.90606482549597, 'y': 10.705504635723624, 'z': 60.0}
2026-02-13 18:10:39,103 - Drone_4 - INFO - Drone 4: Flying to {'x': -221.7790240618085, 'y': 13.08015380657123, 'z': 60.0}
2026-02-13 18:10:39,600 - Drone_3 - INFO - Drone 3: Reached target position
2026-02-13 18:10:39,746 - Drone_4 - INFO - Drone 4: Reached target position
2026-02-13 18:10:39,847 - Drone_2 - INFO - Drone 2: Reached target position
2026-02-13 18:10:40,105 - Drone_2 - INFO - Drone 2: Flying to {'x': -203.80225784897394, 'y': -16.491112417130754, 'z': 60.0}
2026-02-13 18:10:40,105 - Drone_3 - INFO - Drone 3: Flying to {'x': -185.3165197790149, 'y': 2.95824459046377, 'z': 60.0}
2026-02-13 18:10:40,105 - Drone_4 - INFO - Drone 4: Flying to {'x': -223.2516148565685, 'y': 1.9946256528283133, 'z': 60.0}
2026-02-13 18:10:40,605 - Drone_3 - INFO - Drone 3: Reached target position
2026-02-13 18:10:40,750 - Drone_4 - INFO - Drone 4: Reached target position
2026-02-13 18:10:40,751 - Drone_2 - INFO - Drone 2: Reached target position
2026-02-13 18:10:41,106 - Drone_2 - INFO - Drone 2: Flying to {'x': -202.70269350886062, 'y': -25.82722253519891, 'z': 60.0}
2026-02-13 18:10:41,107 - Drone_3 - INFO - Drone 3: Flying to {'x': -185.94828793003344, 'y': -4.867978901418488, 'z': 60.0}
2026-02-13 18:10:41,107 - Drone_4 - INFO - Drone 4: Flying to {'x': -223.66193714264102, 'y': -9.072816956371748, 'z': 60.0}
2026-02-13 18:10:41,609 - Drone_3 - INFO - Drone 3: Reached target position
2026-02-13 18:10:41,757 - Drone_4 - INFO - Drone 4: Reached target position
2026-02-13 18:10:41,757 - Drone_2 - INFO - Drone 2: Reached target position
2026-02-13 18:10:42,107 - Drone_2 - INFO - Drone 2: Flying to {'x': -200.74923036512791, 'y': -34.991608568628614, 'z': 60.0}
2026-02-13 18:10:42,107 - Drone_3 - INFO - Drone 3: Flying to {'x': -185.78481281170872, 'y': -12.719064769436756, 'z': 60.0}
2026-02-13 18:10:42,108 - Drone_4 - INFO - Drone 4: Flying to {'x': -223.0217741643198, 'y': -20.027191015209418, 'z': 60.0}
2026-02-13 18:10:42,617 - Drone_3 - INFO - Drone 3: Reached target position
2026-02-13 18:10:42,764 - Drone_2 - INFO - Drone 2: Reached target position
2026-02-13 18:10:42,764 - Drone_4 - INFO - Drone 4: Reached target position
2026-02-13 18:10:43,108 - Drone_2 - INFO - Drone 2: Flying to {'x': -197.99544963898157, 'y': -43.85719527700476, 'z': 60.0}
2026-02-13 18:10:43,109 - Drone_3 - INFO - Drone 3: Flying to {'x': -184.83230503573301, 'y': -20.47490231515073, 'z': 60.0}
2026-02-13 18:10:43,109 - Drone_4 - INFO - Drone 4: Flying to {'x': -221.3777426008356, 'y': -30.694050673756227, 'z': 60.0}
2026-02-13 18:10:43,623 - Drone_3 - INFO - Drone 3: Reached target position
2026-02-13 18:10:43,769 - Drone_2 - INFO - Drone 2: Reached target position
2026-02-13 18:10:43,771 - Drone_4 - INFO - Drone 4: Reached target position
2026-02-13 18:10:44,111 - Drone_2 - INFO - Drone 2: Flying to {'x': -194.50141756853827, 'y': -52.36877246775721, 'z': 60.0}
2026-02-13 18:10:44,111 - Drone_3 - INFO - Drone 3: Flying to {'x': -183.11945495589887, 'y': -28.06957645051255, 'z': 60.0}
2026-02-13 18:10:44,112 - Drone_4 - INFO - Drone 4: Flying to {'x': -218.80061358578297, 'y': -40.98680985511781, 'z': 60.0}
2026-02-13 18:10:44,630 - Drone_3 - INFO - Drone 3: Reached target position
2026-02-13 18:10:44,678 - Drone_4 - INFO - Drone 4: Reached target position
2026-02-13 18:10:44,774 - Drone_2 - INFO - Drone 2: Reached target position
2026-02-13 18:10:45,114 - Drone_2 - INFO - Drone 2: Flying to {'x': -190.32381876369638, 'y': -60.502641861619615, 'z': 60.0}
2026-02-13 18:10:45,115 - Drone_3 - INFO - Drone 3: Flying to {'x': -180.68202742247107, 'y': -35.46195777087896, 'z': 60.0}
2026-02-13 18:10:45,116 - Drone_4 - INFO - Drone 4: Flying to {'x': -215.36450285443706, 'y': -50.860850520394266, 'z': 60.0}
2026-02-13 18:10:45,636 - Drone_3 - INFO - Drone 3: Reached target position
2026-02-13 18:10:45,683 - Drone_4 - INFO - Drone 4: Reached target position
2026-02-13 18:10:45,780 - Drone_2 - INFO - Drone 2: Reached target position
2026-02-13 18:10:46,117 - Drone_2 - INFO - Drone 2: Flying to {'x': -185.55261703231986, 'y': -68.19240056301642, 'z': 60.0}
2026-02-13 18:10:46,117 - Drone_3 - INFO - Drone 3: Flying to {'x': -177.58389875346, 'y': -42.57015380376119, 'z': 60.0}
2026-02-13 18:10:46,118 - Drone_4 - INFO - Drone 4: Flying to {'x': -211.1748637915751, 'y': -60.223682284156574, 'z': 60.0}
2026-02-13 18:10:46,684 - Drone_2 - INFO - Drone 2: Reached target position
2026-02-13 18:10:46,688 - Drone_4 - INFO - Drone 4: Reached target position
2026-02-13 18:10:46,741 - Drone_3 - INFO - Drone 3: Reached target position
2026-02-13 18:10:47,119 - Drone_2 - INFO - Drone 2: Flying to {'x': -180.2547113744278, 'y': -75.43332358926719, 'z': 60.0}
2026-02-13 18:10:47,119 - Drone_3 - INFO - Drone 3: Flying to {'x': -173.88274875724477, 'y': -49.36805757479456, 'z': 60.0}
2026-02-13 18:10:47,120 - Drone_4 - INFO - Drone 4: Flying to {'x': -206.31997738890044, 'y': -69.06136097208416, 'z': 60.0}
2026-02-13 18:10:47,593 - Drone_4 - INFO - Drone 4: Reached target position
2026-02-13 18:10:47,689 - Drone_2 - INFO - Drone 2: Reached target position
2026-02-13 18:10:47,748 - Drone_3 - INFO - Drone 3: Reached target position
2026-02-13 18:10:48,120 - Drone_2 - INFO - Drone 2: Flying to {'x': -174.49962352781495, 'y': -82.21938304424796, 'z': 60.0}
2026-02-13 18:10:48,121 - Drone_3 - INFO - Drone 3: Flying to {'x': -169.6418867513669, 'y': -55.82994588824283, 'z': 60.0}
2026-02-13 18:10:48,122 - Drone_4 - INFO - Drone 4: Flying to {'x': -200.88906068382008, 'y': -77.36164626779993, 'z': 60.0}
2026-02-13 18:10:48,600 - Drone_4 - INFO - Drone 4: Reached target position
2026-02-13 18:10:48,697 - Drone_2 - INFO - Drone 2: Reached target position
2026-02-13 18:10:48,753 - Drone_3 - INFO - Drone 3: Reached target position
2026-02-13 18:10:49,123 - Drone_2 - INFO - Drone 2: Flying to {'x': -168.335574784942, 'y': -88.56884594297945, 'z': 60.0}
2026-02-13 18:10:49,123 - Drone_3 - INFO - Drone 3: Flying to {'x': -164.91127400028458, 'y': -61.95542519073125, 'z': 60.0}
2026-02-13 18:10:49,124 - Drone_4 - INFO - Drone 4: Flying to {'x': -194.9489955371902, 'y': -85.14454515832205, 'z': 60.0}
2026-02-13 18:10:49,607 - Drone_4 - INFO - Drone 4: Reached target position
2026-02-13 18:10:49,702 - Drone_2 - INFO - Drone 2: Reached target position
2026-02-13 18:10:49,760 - Drone_3 - INFO - Drone 3: Reached target position
2026-02-13 18:10:50,125 - Drone_2 - INFO - Drone 2: Flying to {'x': -161.81860228224392, 'y': -94.48741700262671, 'z': 60.0}
2026-02-13 18:10:50,125 - Drone_3 - INFO - Drone 3: Flying to {'x': -159.74774957892083, 'y': -67.73463080976187, 'z': 60.0}
2026-02-13 18:10:50,125 - Drone_4 - INFO - Drone 4: Flying to {'x': -188.57138847510876, 'y': -92.41656429930362, 'z': 60.0}
2026-02-13 18:10:50,614 - Drone_4 - INFO - Drone 4: Reached target position
2026-02-13 18:10:50,710 - Drone_2 - INFO - Drone 2: Reached target position
2026-02-13 18:10:50,766 - Drone_3 - INFO - Drone 3: Reached target position
2026-02-13 18:10:51,126 - Drone_2 - INFO - Drone 2: Flying to {'x': -155.02538117981234, 'y': -99.96546381111725, 'z': 60.0}
2026-02-13 18:10:51,127 - Drone_3 - INFO - Drone 3: Flying to {'x': -154.22636769378198, 'y': -73.14454702124704, 'z': 60.0}
2026-02-13 18:10:51,127 - Drone_4 - INFO - Drone 4: Flying to {'x': -181.84629796968255, 'y': -99.16645032508687, 'z': 60.0}
2026-02-13 18:10:51,620 - Drone_4 - INFO - Drone 4: Reached target position
2026-02-13 18:10:51,715 - Drone_2 - INFO - Drone 2: Reached target position
2026-02-13 18:10:51,772 - Drone_3 - INFO - Drone 3: Reached target position
2026-02-13 18:10:52,128 - Drone_2 - INFO - Drone 2: Flying to {'x': -147.96998243092037, 'y': -105.04322199443604, 'z': 60.0}
2026-02-13 18:10:52,128 - Drone_3 - INFO - Drone 3: Flying to {'x': -148.37180698418086, 'y': -78.21341511797125, 'z': 60.0}
2026-02-13 18:10:52,128 - Drone_4 - INFO - Drone 4: Flying to {'x': -174.79978930738514, 'y': -105.44504654769653, 'z': 60.0}
2026-02-13 18:10:52,514 - PhysicalMLTrainer_Drone1 - INFO - Physical ML model trained drone=1 samples=6251 degree=2 alpha=0.0 val_mse=0.000492
2026-02-13 18:10:52,614 - PhysicalMLTrainer_Drone5 - INFO - Physical ML model trained drone=5 samples=6301 degree=2 alpha=0.0 val_mse=0.000004
2026-02-13 18:10:52,619 - Drone_2 - INFO - Drone 2: Reached target position
2026-02-13 18:10:52,625 - Drone_4 - INFO - Drone 4: Reached target position
2026-02-13 18:10:52,696 - PhysicalMLTrainer_Drone3 - INFO - Physical ML model trained drone=3 samples=6301 degree=2 alpha=0.0 val_mse=0.001422
2026-02-13 18:10:52,797 - Drone_3 - INFO - Drone 3: Reached target position
2026-02-13 18:10:52,837 - PhysicalMLTrainer_Drone2 - INFO - Physical ML model trained drone=2 samples=6301 degree=2 alpha=0.0 val_mse=0.001487
2026-02-13 18:10:52,943 - PhysicalMLTrainer_Drone4 - INFO - Physical ML model trained drone=4 samples=6301 degree=2 alpha=0.0 val_mse=0.002535
2026-02-13 18:10:53,129 - Drone_2 - INFO - Drone 2: Flying to {'x': -140.5432123863691, 'y': -109.82376968756157, 'z': 60.0}
2026-02-13 18:10:53,130 - Drone_3 - INFO - Drone 3: Flying to {'x': -142.10176388090488, 'y': -83.03625548338651, 'z': 60.0}
2026-02-13 18:10:53,130 - Drone_4 - INFO - Drone 4: Flying to {'x': -167.3307265905442, 'y': -111.3823211820973, 'z': 60.0}
2026-02-13 18:10:53,543 - Drone_2 - INFO - Drone 2: Reached target position
2026-02-13 18:10:53,548 - Drone_4 - INFO - Drone 4: Reached target position
2026-02-13 18:10:53,803 - Drone_3 - INFO - Drone 3: Reached target position
2026-02-13 18:10:54,131 - Drone_2 - INFO - Drone 2: Flying to {'x': -133.099936209119, 'y': -114.11971916941631, 'z': 60.0}
2026-02-13 18:10:54,131 - Drone_3 - INFO - Drone 3: Flying to {'x': -135.72746237726594, 'y': -87.41585978101136, 'z': 60.0}
2026-02-13 18:10:54,132 - Drone_4 - INFO - Drone 4: Flying to {'x': -159.80379559752396, 'y': -116.74724533756324, 'z': 60.0}
2026-02-13 18:10:54,549 - Drone_2 - INFO - Drone 2: Reached target position
2026-02-13 18:10:54,556 - Drone_4 - INFO - Drone 4: Reached target position
2026-02-13 18:10:54,810 - Drone_3 - INFO - Drone 3: Reached target position
2026-02-13 18:10:55,132 - Drone_2 - INFO - Drone 2: Flying to {'x': -125.4891631733664, 'y': -118.06550726757177, 'z': 60.0}
2026-02-13 18:10:55,133 - Drone_3 - INFO - Drone 3: Flying to {'x': -129.13196740463206, 'y': -91.48111377566241, 'z': 60.0}
2026-02-13 18:10:55,133 - Drone_4 - INFO - Drone 4: Flying to {'x': -152.0735566652758, 'y': -121.70831149883743, 'z': 60.0}
2026-02-13 18:10:55,556 - Drone_2 - INFO - Drone 2: Reached target position
2026-02-13 18:10:55,564 - Drone_4 - INFO - Drone 4: Reached target position
2026-02-13 18:10:55,816 - Drone_3 - INFO - Drone 3: Reached target position
2026-02-13 18:10:56,133 - Drone_2 - INFO - Drone 2: Flying to {'x': -118.5201570146603, 'y': -121.32675553939342, 'z': 60.0}
2026-02-13 18:10:56,134 - Drone_3 - INFO - Drone 3: Flying to {'x': -123.03453746375764, 'y': -94.87641775023071, 'z': 60.0}
2026-02-13 18:10:56,134 - Drone_4 - INFO - Drone 4: Flying to {'x': -144.970494803823, 'y': -125.84113598849075, 'z': 60.0}
2026-02-13 18:10:56,462 - Drone_2 - INFO - Drone 2: Reached target position
2026-02-13 18:10:56,469 - Drone_4 - INFO - Drone 4: Reached target position
2026-02-13 18:10:56,823 - Drone_3 - INFO - Drone 3: Reached target position
2026-02-13 18:10:57,137 - Drone_2 - INFO - Drone 2: Flying to {'x': -110.6555105014436, 'y': -124.6438276814312, 'z': 60.0}
2026-02-13 18:10:57,138 - Drone_3 - INFO - Drone 3: Flying to {'x': -116.09689885613678, 'y': -98.36852953329577, 'z': 60.0}
2026-02-13 18:10:57,139 - Drone_4 - INFO - Drone 4: Flying to {'x': -136.93080864957906, 'y': -130.08521603612436, 'z': 60.0}
2026-02-13 18:10:57,468 - Drone_2 - INFO - Drone 2: Reached target position
2026-02-13 18:10:57,575 - Drone_4 - INFO - Drone 4: Reached target position
2026-02-13 18:10:57,830 - Drone_3 - INFO - Drone 3: Reached target position
2026-02-13 18:10:58,139 - Drone_2 - INFO - Drone 2: Flying to {'x': -102.69646600250977, 'y': -127.64392525098835, 'z': 60.0}
2026-02-13 18:10:58,140 - Drone_3 - INFO - Drone 3: Flying to {'x': -109.0238814547933, 'y': -101.56780948014925, 'z': 60.0}
2026-02-13 18:10:58,140 - Drone_4 - INFO - Drone 4: Flying to {'x': -128.77258177334886, 'y': -133.97134070327186, 'z': 60.0}
2026-02-13 18:10:58,473 - Drone_2 - INFO - Drone 2: Reached target position
2026-02-13 18:10:58,581 - Drone_4 - INFO - Drone 4: Reached target position
2026-02-13 18:10:58,834 - Drone_3 - INFO - Drone 3: Reached target position
2026-02-13 18:10:59,141 - Drone_2 - INFO - Drone 2: Flying to {'x': -94.66002722368303, 'y': -130.33937542367565, 'z': 60.0}
2026-02-13 18:10:59,142 - Drone_3 - INFO - Drone 3: Flying to {'x': -101.8367386107141, 'y': -104.48410877126497, 'z': 60.0}
2026-02-13 18:10:59,143 - Drone_4 - INFO - Drone 4: Flying to {'x': -120.5152938760937, 'y': -137.5160868107067, 'z': 60.0}
2026-02-13 18:10:59,480 - Drone_2 - INFO - Drone 2: Reached target position
2026-02-13 18:10:59,586 - Drone_4 - INFO - Drone 4: Reached target position
2026-02-13 18:10:59,839 - Drone_3 - INFO - Drone 3: Reached target position
2026-02-13 18:11:00,143 - Drone_2 - INFO - Drone 2: Flying to {'x': -86.54469243119733, 'y': -132.74606682848506, 'z': 60.0}
2026-02-13 18:11:00,144 - Drone_3 - INFO - Drone 3: Flying to {'x': -94.53944415569853, 'y': -107.13193118303364, 'z': 60.0}
2026-02-13 18:11:00,144 - Drone_4 - INFO - Drone 4: Flying to {'x': -112.15882807664873, 'y': -140.74081855298627, 'z': 60.0}
2026-02-13 18:11:00,487 - Drone_2 - INFO - Drone 2: Reached target position
2026-02-13 18:11:00,591 - Drone_4 - INFO - Drone 4: Reached target position
2026-02-13 18:11:00,844 - Drone_3 - INFO - Drone 3: Reached target position
2026-02-13 18:11:01,145 - Drone_2 - INFO - Drone 2: Flying to {'x': -78.34390145912054, 'y': -134.87737748228173, 'z': 60.0}
2026-02-13 18:11:01,145 - Drone_3 - INFO - Drone 3: Flying to {'x': -87.13059714013443, 'y': -109.52399547890292, 'z': 60.0}
2026-02-13 18:11:01,145 - Drone_4 - INFO - Drone 4: Flying to {'x': -103.69728346249934, 'y': -143.66407316329563, 'z': 60.0}
2026-02-13 18:11:01,493 - Drone_2 - INFO - Drone 2: Reached target position
2026-02-13 18:11:01,596 - Drone_4 - INFO - Drone 4: Reached target position
2026-02-13 18:11:01,749 - Drone_3 - INFO - Drone 3: Reached target position
2026-02-13 18:11:02,146 - Drone_2 - INFO - Drone 2: Flying to {'x': -70.0797640560314, 'y': -136.73701024577062, 'z': 60.0}
2026-02-13 18:11:02,146 - Drone_3 - INFO - Drone 3: Flying to {'x': -79.63416310620075, 'y': -111.66285106165991, 'z': 60.0}
2026-02-13 18:11:02,146 - Drone_4 - INFO - Drone 4: Flying to {'x': -95.15392324014208, 'y': -146.29140929593999, 'z': 60.0}
2026-02-13 18:11:02,499 - Drone_2 - INFO - Drone 2: Reached target position
2026-02-13 18:11:02,600 - Drone_4 - INFO - Drone 4: Reached target position
2026-02-13 18:11:02,753 - Drone_3 - INFO - Drone 3: Reached target position
2026-02-13 18:11:03,147 - Drone_2 - INFO - Drone 2: Flying to {'x': -61.794510953122675, 'y': -138.32569765315415, 'z': 60.0}
2026-02-13 18:11:03,147 - Drone_3 - INFO - Drone 3: Flying to {'x': -72.09224623439347, 'y': -113.54754905248443, 'z': 60.0}
2026-02-13 18:11:03,148 - Drone_4 - INFO - Drone 4: Flying to {'x': -86.5726595537924, 'y': -148.62343293442493, 'z': 60.0}
2026-02-13 18:11:03,505 - Drone_2 - INFO - Drone 2: Reached target position
2026-02-13 18:11:03,606 - Drone_4 - INFO - Drone 4: Reached target position
2026-02-13 18:11:03,760 - Drone_3 - INFO - Drone 3: Reached target position
2026-02-13 18:11:04,148 - Drone_2 - INFO - Drone 2: Flying to {'x': -53.479181889017255, 'y': -139.65457764921615, 'z': 60.0}
2026-02-13 18:11:04,149 - Drone_3 - INFO - Drone 3: Flying to {'x': -64.50012288882968, 'y': -115.18952380748809, 'z': 60.0}
2026-02-13 18:11:04,149 - Drone_4 - INFO - Drone 4: Flying to {'x': -77.94423573074533, 'y': -150.6755186490286, 'z': 60.0}
2026-02-13 18:11:04,508 - Drone_2 - INFO - Drone 2: Reached target position
2026-02-13 18:11:04,611 - Drone_4 - INFO - Drone 4: Reached target position
2026-02-13 18:11:04,764 - Drone_3 - INFO - Drone 3: Reached target position
2026-02-13 18:11:05,149 - Drone_2 - INFO - Drone 2: Flying to {'x': -45.12699610415415, 'y': -140.73132059629225, 'z': 60.0}
2026-02-13 18:11:05,150 - Drone_3 - INFO - Drone 3: Flying to {'x': -56.854545074881926, 'y': -116.59701730949358, 'z': 60.0}
2026-02-13 18:11:05,150 - Drone_4 - INFO - Drone 4: Flying to {'x': -69.26129939095283, 'y': -152.45886956702003, 'z': 60.0}
2026-02-13 18:11:05,513 - Drone_2 - INFO - Drone 2: Reached target position
2026-02-13 18:11:05,615 - Drone_4 - INFO - Drone 4: Reached target position
2026-02-13 18:11:05,869 - Drone_3 - INFO - Drone 3: Reached target position
2026-02-13 18:11:06,150 - Drone_2 - INFO - Drone 2: Flying to {'x': -36.755997151729325, 'y': -141.5589390870221, 'z': 60.0}
2026-02-13 18:11:06,151 - Drone_3 - INFO - Drone 3: Flying to {'x': -49.17467065834836, 'y': -117.77288123087456, 'z': 60.0}
2026-02-13 18:11:06,151 - Drone_4 - INFO - Drone 4: Flying to {'x': -60.54205500787687, 'y': -153.97761259364114, 'z': 60.0}
2026-02-13 18:11:06,518 - Drone_2 - INFO - Drone 2: Reached target position
2026-02-13 18:11:06,621 - Drone_4 - INFO - Drone 4: Reached target position
2026-02-13 18:11:06,775 - Drone_3 - INFO - Drone 3: Reached target position
2026-02-13 18:11:07,151 - Drone_2 - INFO - Drone 2: Flying to {'x': -28.346602327634958, 'y': -142.14296133644308, 'z': 60.0}
2026-02-13 18:11:07,152 - Drone_3 - INFO - Drone 3: Flying to {'x': -41.44487032419334, 'y': -118.72426420166772, 'z': 60.0}
2026-02-13 18:11:07,152 - Drone_4 - INFO - Drone 4: Flying to {'x': -51.76529946241029, 'y': -155.24122933300146, 'z': 60.0}
2026-02-13 18:11:07,525 - Drone_2 - INFO - Drone 2: Reached target position
2026-02-13 18:11:07,729 - Drone_4 - INFO - Drone 4: Reached target position
2026-02-13 18:11:07,880 - Drone_3 - INFO - Drone 3: Reached target position
2026-02-13 18:11:08,153 - Drone_2 - INFO - Drone 2: Flying to {'x': -19.935782220191594, 'y': -142.48377688720126, 'z': 60.0}
2026-02-13 18:11:08,154 - Drone_3 - INFO - Drone 3: Flying to {'x': -33.70126888379353, 'y': -119.4509443016464, 'z': 60.0}
2026-02-13 18:11:08,154 - Drone_4 - INFO - Drone 4: Flying to {'x': -42.96861480574644, 'y': -156.2492635508032, 'z': 60.0}
2026-02-13 18:11:08,532 - Drone_2 - INFO - Drone 2: Reached target position
2026-02-13 18:11:08,733 - Drone_4 - INFO - Drone 4: Reached target position
2026-02-13 18:11:08,783 - Drone_3 - INFO - Drone 3: Reached target position
2026-02-13 18:11:09,156 - Drone_2 - INFO - Drone 2: Flying to {'x': -11.510119661268568, 'y': -142.5844222905004, 'z': 60.0}
2026-02-13 18:11:09,156 - Drone_3 - INFO - Drone 3: Flying to {'x': -25.933470499567015, 'y': -119.95773559988316, 'z': 60.0}
2026-02-13 18:11:09,156 - Drone_4 - INFO - Drone 4: Flying to {'x': -34.13680635188582, 'y': -157.00777312879885, 'z': 60.0}
2026-02-13 18:11:09,439 - Drone_2 - INFO - Drone 2: Reached target position
2026-02-13 18:11:09,741 - Drone_4 - INFO - Drone 4: Reached target position
2026-02-13 18:11:09,887 - Drone_3 - INFO - Drone 3: Reached target position
2026-02-13 18:11:10,157 - Drone_2 - INFO - Drone 2: Flying to {'x': -3.09945946961066, 'y': -142.4464680636093, 'z': 60.0}
2026-02-13 18:11:10,158 - Drone_3 - INFO - Drone 3: Flying to {'x': -18.170776863855572, 'y': -120.24612139960583, 'z': 60.0}
2026-02-13 18:11:10,158 - Drone_4 - INFO - Drone 4: Flying to {'x': -25.299806133614144, 'y': -157.51778545785425, 'z': 60.0}
2026-02-13 18:11:10,444 - Drone_2 - INFO - Drone 2: Reached target position
2026-02-13 18:11:10,746 - Drone_4 - INFO - Drone 4: Reached target position
2026-02-13 18:11:10,793 - Drone_3 - INFO - Drone 3: Reached target position
2026-02-13 18:11:11,158 - Drone_2 - INFO - Drone 2: Flying to {'x': 5.331407190956284, 'y': -142.06964067915442, 'z': 60.0}
2026-02-13 18:11:11,159 - Drone_3 - INFO - Drone 3: Flying to {'x': -10.382272237081178, 'y': -120.31923197419272, 'z': 60.0}
2026-02-13 18:11:11,159 - Drone_4 - INFO - Drone 4: Flying to {'x': -16.41900151400538, 'y': -157.78332010719186, 'z': 60.0}
2026-02-13 18:11:11,450 - Drone_2 - INFO - Drone 2: Reached target position
2026-02-13 18:11:11,750 - Drone_4 - INFO - Drone 4: Reached target position
2026-02-13 18:11:11,899 - Drone_3 - INFO - Drone 3: Reached target position
2026-02-13 18:11:12,160 - Drone_2 - INFO - Drone 2: Flying to {'x': 13.750241656267395, 'y': -141.45441623383874, 'z': 60.0}
2026-02-13 18:11:12,160 - Drone_3 - INFO - Drone 3: Flying to {'x': -2.5991626102590075, 'y': -120.17773932860545, 'z': 60.0}
2026-02-13 18:11:12,161 - Drone_4 - INFO - Drone 4: Flying to {'x': -7.52643524896591, 'y': -157.80382050036516, 'z': 60.0}
2026-02-13 18:11:12,458 - Drone_2 - INFO - Drone 2: Reached target position
2026-02-13 18:11:12,630 - PhysicalMLTrainer_Drone1 - INFO - Physical ML model trained drone=1 samples=6451 degree=2 alpha=0.0 val_mse=0.000417
2026-02-13 18:11:12,727 - PhysicalMLTrainer_Drone5 - INFO - Physical ML model trained drone=5 samples=6501 degree=2 alpha=0.0 val_mse=0.000004
2026-02-13 18:11:12,760 - Drone_4 - INFO - Drone 4: Reached target position
2026-02-13 18:11:12,805 - Drone_3 - INFO - Drone 3: Reached target position
2026-02-13 18:11:12,831 - PhysicalMLTrainer_Drone3 - INFO - Physical ML model trained drone=3 samples=6501 degree=2 alpha=0.0 val_mse=0.001227
2026-02-13 18:11:12,981 - PhysicalMLTrainer_Drone2 - INFO - Physical ML model trained drone=2 samples=6501 degree=2 alpha=0.0 val_mse=0.001387
2026-02-13 18:11:13,077 - PhysicalMLTrainer_Drone4 - INFO - Physical ML model trained drone=4 samples=6501 degree=2 alpha=0.0 val_mse=0.001460
2026-02-13 18:11:13,161 - Drone_2 - INFO - Drone 2: Flying to {'x': 22.33867488774554, 'y': -140.57837489887393, 'z': 60.0}
2026-02-13 18:11:13,162 - Drone_3 - INFO - Drone 3: Flying to {'x': 5.345360910530774, 'y': -119.81236228037162, 'z': 60.0}
2026-02-13 18:11:13,162 - Drone_4 - INFO - Drone 4: Flying to {'x': 1.572662269243228, 'y': -157.57168887608867, 'z': 60.0}
2026-02-13 18:11:13,385 - Drone_2 - INFO - Drone 2: Reached target position
2026-02-13 18:11:13,687 - Drone_4 - INFO - Drone 4: Reached target position
2026-02-13 18:11:13,938 - Drone_3 - INFO - Drone 3: Reached target position
2026-02-13 18:11:14,163 - Drone_2 - INFO - Drone 2: Flying to {'x': 30.725413308845415, 'y': -139.47826527739596, 'z': 60.0}
2026-02-13 18:11:14,163 - Drone_3 - INFO - Drone 3: Flying to {'x': 13.106597640923248, 'y': -119.24024821890477, 'z': 60.0}
2026-02-13 18:11:14,163 - Drone_4 - INFO - Drone 4: Flying to {'x': 10.487396250354221, 'y': -157.0970809453181, 'z': 60.0}
2026-02-13 18:11:14,392 - Drone_2 - INFO - Drone 2: Reached target position
2026-02-13 18:11:14,694 - Drone_4 - INFO - Drone 4: Reached target position
2026-02-13 18:11:14,845 - Drone_3 - INFO - Drone 3: Reached target position
2026-02-13 18:11:15,164 - Drone_2 - INFO - Drone 2: Flying to {'x': 39.0987295318663, 'y': -138.13376035544158, 'z': 60.0}
2026-02-13 18:11:15,165 - Drone_3 - INFO - Drone 3: Flying to {'x': 20.857754008161535, 'y': -118.45466454431237, 'z': 60.0}
2026-02-13 18:11:15,165 - Drone_4 - INFO - Drone 4: Flying to {'x': 19.419633720737068, 'y': -156.37473587914636, 'z': 60.0}
2026-02-13 18:11:15,399 - Drone_2 - INFO - Drone 2: Reached target position
2026-02-13 18:11:15,701 - Drone_4 - INFO - Drone 4: Reached target position
2026-02-13 18:11:15,953 - Drone_3 - INFO - Drone 3: Reached target position
2026-02-13 18:11:16,167 - Drone_2 - INFO - Drone 2: Flying to {'x': 47.42799603537521, 'y': -136.5463964352873, 'z': 60.0}
2026-02-13 18:11:16,167 - Drone_3 - INFO - Drone 3: Flying to {'x': 28.569682282347934, 'y': -117.45807533592442, 'z': 60.0}
2026-02-13 18:11:16,168 - Drone_4 - INFO - Drone 4: Flying to {'x': 28.339674936012322, 'y': -155.4047101883146, 'z': 60.0}
2026-02-13 18:11:16,406 - Drone_2 - INFO - Drone 2: Reached target position
2026-02-13 18:11:16,707 - Drone_4 - INFO - Drone 4: Reached target position
2026-02-13 18:11:16,860 - Drone_3 - INFO - Drone 3: Reached target position
2026-02-13 18:11:17,170 - Drone_2 - INFO - Drone 2: Flying to {'x': 55.722337261325904, 'y': -134.71049843709272, 'z': 60.0}
2026-02-13 18:11:17,171 - Drone_3 - INFO - Drone 3: Flying to {'x': 36.25023839024103, 'y': -116.24871722414647, 'z': 60.0}
2026-02-13 18:11:17,171 - Drone_4 - INFO - Drone 4: Flying to {'x': 37.260556048379655, 'y': -154.1825973081776, 'z': 60.0}
2026-02-13 18:11:17,412 - Drone_2 - INFO - Drone 2: Reached target position
2026-02-13 18:11:17,714 - Drone_4 - INFO - Drone 4: Reached target position
2026-02-13 18:11:17,967 - Drone_3 - INFO - Drone 3: Reached target position
2026-02-13 18:11:18,172 - Drone_2 - INFO - Drone 2: Flying to {'x': 63.97050758477766, 'y': -132.62321257302725, 'z': 60.0}
2026-02-13 18:11:18,173 - Drone_3 - INFO - Drone 3: Flying to {'x': 43.88864355272712, 'y': -114.82661916310086, 'z': 60.0}
2026-02-13 18:11:18,175 - Drone_4 - INFO - Drone 4: Flying to {'x': 46.17391417485128, 'y': -152.70507660507778, 'z': 60.0}
2026-02-13 18:11:18,419 - Drone_2 - INFO - Drone 2: Reached target position
2026-02-13 18:11:18,721 - Drone_4 - INFO - Drone 4: Reached target position
2026-02-13 18:11:18,872 - Drone_3 - INFO - Drone 3: Reached target position
2026-02-13 18:11:19,176 - Drone_2 - INFO - Drone 2: Flying to {'x': 72.1660339881056, 'y': -130.27996926099314, 'z': 60.0}
2026-02-13 18:11:19,176 - Drone_3 - INFO - Drone 3: Flying to {'x': 51.47880681010993, 'y': -113.190831433531, 'z': 60.0}
2026-02-13 18:11:19,177 - Drone_4 - INFO - Drone 4: Flying to {'x': 55.07689616064344, 'y': -150.96719643898882, 'z': 60.0}
2026-02-13 18:11:19,426 - Drone_2 - INFO - Drone 2: Reached target position
2026-02-13 18:11:19,828 - Drone_4 - INFO - Drone 4: Reached target position
2026-02-13 18:11:19,980 - Drone_3 - INFO - Drone 3: Reached target position
2026-02-13 18:11:20,177 - Drone_2 - INFO - Drone 2: Flying to {'x': 80.30303579088567, 'y': -127.67497877273335, 'z': 60.0}
2026-02-13 18:11:20,178 - Drone_3 - INFO - Drone 3: Flying to {'x': 59.01550715670937, 'y': -111.33970636456321, 'z': 60.0}
2026-02-13 18:11:20,178 - Drone_4 - INFO - Drone 4: Flying to {'x': 63.967763382715525, 'y': -148.96250740690965, 'z': 60.0}
2026-02-13 18:11:20,433 - Drone_2 - INFO - Drone 2: Reached target position
2026-02-13 18:11:20,785 - Drone_3 - INFO - Drone 3: Reached target position
2026-02-13 18:11:20,835 - Drone_4 - INFO - Drone 4: Reached target position
2026-02-13 18:11:21,179 - Drone_2 - INFO - Drone 2: Flying to {'x': 87.55840908871045, 'y': -125.10571841612787, 'z': 60.0}
2026-02-13 18:11:21,180 - Drone_3 - INFO - Drone 3: Flying to {'x': 65.73675135031422, 'y': -109.4911337739322, 'z': 60.0}
2026-02-13 18:11:21,181 - Drone_4 - INFO - Drone 4: Flying to {'x': 71.94382444651478, 'y': -146.9273761545241, 'z': 60.0}
2026-02-13 18:11:21,339 - Drone_2 - INFO - Drone 2: Reached target position
2026-02-13 18:11:21,743 - Drone_4 - INFO - Drone 4: Reached target position
2026-02-13 18:11:21,790 - Drone_3 - INFO - Drone 3: Reached target position
2026-02-13 18:11:22,183 - Drone_2 - INFO - Drone 2: Flying to {'x': 95.56061564972075, 'y': -121.98609496326515, 'z': 60.0}
2026-02-13 18:11:22,184 - Drone_3 - INFO - Drone 3: Flying to {'x': 73.1520978702673, 'y': -107.22607020285506, 'z': 60.0}
2026-02-13 18:11:22,185 - Drone_4 - INFO - Drone 4: Flying to {'x': 80.80059088931066, 'y': -144.39461274271858, 'z': 60.0}
2026-02-13 18:11:22,346 - Drone_2 - INFO - Drone 2: Reached target position
2026-02-13 18:11:22,850 - Drone_4 - INFO - Drone 4: Reached target position
2026-02-13 18:11:22,899 - Drone_3 - INFO - Drone 3: Reached target position
2026-02-13 18:11:23,187 - Drone_2 - INFO - Drone 2: Flying to {'x': 103.46979666196137, 'y': -118.58801340488569, 'z': 60.0}
2026-02-13 18:11:23,188 - Drone_3 - INFO - Drone 3: Flying to {'x': 80.48519736743523, 'y': -104.74214054435181, 'z': 60.0}
2026-02-13 18:11:23,189 - Drone_4 - INFO - Drone 4: Flying to {'x': 89.62392380142747, 'y': -141.57261269941182, 'z': 60.0}
2026-02-13 18:11:23,352 - Drone_2 - INFO - Drone 2: Reached target position
2026-02-13 18:11:23,807 - Drone_3 - INFO - Drone 3: Reached target position
2026-02-13 18:11:23,858 - Drone_4 - INFO - Drone 4: Reached target position
2026-02-13 18:11:24,190 - Drone_2 - INFO - Drone 2: Flying to {'x': 111.28477491985689, 'y': -114.89869707983249, 'z': 60.0}
2026-02-13 18:11:24,191 - Drone_3 - INFO - Drone 3: Flying to {'x': 87.73727321367586, 'y': -102.03342742088628, 'z': 60.0}
2026-02-13 18:11:24,192 - Drone_4 - INFO - Drone 4: Flying to {'x': 98.41950526091067, 'y': -138.4461987860135, 'z': 60.0}
2026-02-13 18:11:24,356 - Drone_2 - INFO - Drone 2: Reached target position
2026-02-13 18:11:24,865 - Drone_4 - INFO - Drone 4: Reached target position
2026-02-13 18:11:24,914 - Drone_3 - INFO - Drone 3: Reached target position
2026-02-13 18:11:25,194 - Drone_2 - INFO - Drone 2: Flying to {'x': 118.99051758416036, 'y': -110.90935974915139, 'z': 60.0}
2026-02-13 18:11:25,195 - Drone_3 - INFO - Drone 3: Flying to {'x': 94.8975617533037, 'y': -99.09710004440431, 'z': 60.0}
2026-02-13 18:11:25,195 - Drone_4 - INFO - Drone 4: Flying to {'x': 107.1782578794133, 'y': -135.00231558000803, 'z': 60.0}
2026-02-13 18:11:25,464 - Drone_2 - INFO - Drone 2: Reached target position
2026-02-13 18:11:25,819 - Drone_3 - INFO - Drone 3: Reached target position
2026-02-13 18:11:25,872 - Drone_4 - INFO - Drone 4: Reached target position
2026-02-13 18:11:26,195 - Drone_2 - INFO - Drone 2: Flying to {'x': 126.56373659145338, 'y': -106.61447870872792, 'z': 60.0}
2026-02-13 18:11:26,196 - Drone_3 - INFO - Drone 3: Flying to {'x': 101.94864080789223, 'y': -95.93285619311212, 'z': 60.0}
2026-02-13 18:11:26,196 - Drone_4 - INFO - Drone 4: Flying to {'x': 115.88211407583758, 'y': -131.22957449228906, 'z': 60.0}
2026-02-13 18:11:26,471 - Drone_2 - INFO - Drone 2: Reached target position
2026-02-13 18:11:26,878 - Drone_4 - INFO - Drone 4: Reached target position
2026-02-13 18:11:26,925 - Drone_3 - INFO - Drone 3: Reached target position
2026-02-13 18:11:27,197 - Drone_2 - INFO - Drone 2: Flying to {'x': 133.99396512768416, 'y': -101.99969495141261, 'z': 60.0}
2026-02-13 18:11:27,197 - Drone_3 - INFO - Drone 3: Flying to {'x': 108.88624328686421, 'y': -92.53384559892379, 'z': 60.0}
2026-02-13 18:11:27,197 - Drone_4 - INFO - Drone 4: Flying to {'x': 124.52811577519532, 'y': -127.10741679223256, 'z': 60.0}
2026-02-13 18:11:27,478 - Drone_2 - INFO - Drone 2: Reached target position
2026-02-13 18:11:27,832 - Drone_3 - INFO - Drone 3: Reached target position
2026-02-13 18:11:27,883 - Drone_4 - INFO - Drone 4: Reached target position
2026-02-13 18:11:28,199 - Drone_2 - INFO - Drone 2: Flying to {'x': 141.27193994988272, 'y': -97.04565733637877, 'z': 60.0}
2026-02-13 18:11:28,199 - Drone_3 - INFO - Drone 3: Flying to {'x': 115.7087959550131, 'y': -88.88933039972635, 'z': 60.0}
2026-02-13 18:11:28,199 - Drone_4 - INFO - Drone 4: Flying to {'x': 133.11561301323027, 'y': -122.60880133124839, 'z': 60.0}
2026-02-13 18:11:28,484 - Drone_2 - INFO - Drone 2: Reached target position
2026-02-13 18:11:28,889 - Drone_4 - INFO - Drone 4: Reached target position
2026-02-13 18:11:28,937 - Drone_3 - INFO - Drone 3: Reached target position
2026-02-13 18:11:29,200 - Drone_2 - INFO - Drone 2: Flying to {'x': 148.3498339871816, 'y': -91.7573183024404, 'z': 60.0}
2026-02-13 18:11:29,201 - Drone_3 - INFO - Drone 3: Flying to {'x': 122.38024113094598, 'y': -85.00600384662113, 'z': 60.0}
2026-02-13 18:11:29,202 - Drone_4 - INFO - Drone 4: Flying to {'x': 141.59851953136237, 'y': -117.72691115867603, 'z': 60.0}
2026-02-13 18:11:29,490 - Drone_2 - INFO - Drone 2: Reached target position
2026-02-13 18:11:29,844 - Drone_3 - INFO - Drone 3: Reached target position
2026-02-13 18:11:29,997 - Drone_4 - INFO - Drone 4: Reached target position
2026-02-13 18:11:30,203 - Drone_2 - INFO - Drone 2: Flying to {'x': 155.22896918715907, 'y': -86.10069719092104, 'z': 60.0}
2026-02-13 18:11:30,204 - Drone_3 - INFO - Drone 3: Flying to {'x': 128.9127092076739, 'y': -80.86099675175967, 'z': 60.0}
2026-02-13 18:11:30,205 - Drone_4 - INFO - Drone 4: Flying to {'x': 149.98926874799767, 'y': -112.41695717040619, 'z': 60.0}
2026-02-13 18:11:30,597 - Drone_2 - INFO - Drone 2: Reached target position
2026-02-13 18:11:30,850 - Drone_3 - INFO - Drone 3: Reached target position
2026-02-13 18:11:31,005 - Drone_4 - INFO - Drone 4: Reached target position
2026-02-13 18:11:31,206 - Drone_2 - INFO - Drone 2: Flying to {'x': 161.8674021200562, 'y': -80.06974094112458, 'z': 60.0}
2026-02-13 18:11:31,206 - Drone_3 - INFO - Drone 3: Flying to {'x': 135.27977251794618, 'y': -76.4506316389616, 'z': 60.0}
2026-02-13 18:11:31,206 - Drone_4 - INFO - Drone 4: Flying to {'x': 158.24829281789323, 'y': -106.65737054323459, 'z': 60.0}
2026-02-13 18:11:31,602 - Drone_2 - INFO - Drone 2: Reached target position
2026-02-13 18:11:31,858 - Drone_3 - INFO - Drone 3: Reached target position
2026-02-13 18:11:31,911 - Drone_4 - INFO - Drone 4: Reached target position
2026-02-13 18:11:32,208 - Drone_2 - INFO - Drone 2: Flying to {'x': 168.21922180414987, 'y': -73.6612196843086, 'z': 60.0}
2026-02-13 18:11:32,208 - Drone_3 - INFO - Drone 3: Flying to {'x': 141.4530516792878, 'y': -71.77120993646562, 'z': 60.0}
2026-02-13 18:11:32,209 - Drone_4 - INFO - Drone 4: Flying to {'x': 166.3292120563069, 'y': -100.42738980917066, 'z': 60.0}
2026-02-13 18:11:32,609 - Drone_2 - INFO - Drone 2: Reached target position
2026-02-13 18:11:32,766 - PhysicalMLTrainer_Drone1 - INFO - Physical ML model trained drone=1 samples=6651 degree=2 alpha=0.0 val_mse=0.000298
2026-02-13 18:11:32,862 - PhysicalMLTrainer_Drone5 - INFO - Physical ML model trained drone=5 samples=6701 degree=2 alpha=0.0 val_mse=0.000003
2026-02-13 18:11:32,863 - Drone_3 - INFO - Drone 3: Reached target position
2026-02-13 18:11:32,917 - Drone_4 - INFO - Drone 4: Reached target position
2026-02-13 18:11:32,984 - PhysicalMLTrainer_Drone3 - INFO - Physical ML model trained drone=3 samples=6701 degree=2 alpha=0.0 val_mse=0.001097
2026-02-13 18:11:33,134 - PhysicalMLTrainer_Drone2 - INFO - Physical ML model trained drone=2 samples=6701 degree=2 alpha=0.0 val_mse=0.001490
2026-02-13 18:11:33,211 - Drone_2 - INFO - Drone 2: Flying to {'x': 174.41125485852484, 'y': -66.66189793593601, 'z': 60.0}
2026-02-13 18:11:33,211 - Drone_3 - INFO - Drone 3: Flying to {'x': 147.57843913483595, 'y': -66.66247979182349, 'z': 60.0}
2026-02-13 18:11:33,212 - Drone_4 - INFO - Drone 4: Flying to {'x': 174.4118367144123, 'y': -93.49471365962486, 'z': 60.0}
2026-02-13 18:11:33,247 - PhysicalMLTrainer_Drone4 - INFO - Physical ML model trained drone=4 samples=6701 degree=2 alpha=0.0 val_mse=0.001236
2026-02-13 18:11:33,639 - Drone_2 - INFO - Drone 2: Reached target position
2026-02-13 18:11:33,951 - Drone_4 - INFO - Drone 4: Reached target position
2026-02-13 18:11:33,989 - Drone_3 - INFO - Drone 3: Reached target position
2026-02-13 18:11:34,214 - Drone_2 - INFO - Drone 2: Flying to {'x': 180.05821951121106, 'y': -59.44596347156316, 'z': 60.0}
2026-02-13 18:11:34,214 - Drone_3 - INFO - Drone 3: Flying to {'x': 153.29595208235037, 'y': -61.3904536531128, 'z': 60.0}
2026-02-13 18:11:34,214 - Drone_4 - INFO - Drone 4: Flying to {'x': 182.0027096927607, 'y': -86.20823090042384, 'z': 60.0}
2026-02-13 18:11:34,644 - Drone_2 - INFO - Drone 2: Reached target position
2026-02-13 18:11:34,893 - Drone_3 - INFO - Drone 3: Reached target position
2026-02-13 18:11:34,958 - Drone_4 - INFO - Drone 4: Reached target position
2026-02-13 18:11:35,215 - Drone_2 - INFO - Drone 2: Flying to {'x': 185.27697807758807, 'y': -51.82303890163513, 'z': 60.0}
2026-02-13 18:11:35,218 - Drone_3 - INFO - Drone 3: Flying to {'x': 158.74105374159004, 'y': -55.803581532255805, 'z': 60.0}
2026-02-13 18:11:35,218 - Drone_4 - INFO - Drone 4: Flying to {'x': 189.25752070820872, 'y': -78.35896323763313, 'z': 60.0}
2026-02-13 18:11:35,650 - Drone_2 - INFO - Drone 2: Reached target position
2026-02-13 18:11:35,899 - Drone_3 - INFO - Drone 3: Reached target position
2026-02-13 18:11:35,964 - Drone_4 - INFO - Drone 4: Reached target position
2026-02-13 18:11:36,220 - Drone_2 - INFO - Drone 2: Flying to {'x': 190.00095181259255, 'y': -43.80195081265535, 'z': 60.0}
2026-02-13 18:11:36,221 - Drone_3 - INFO - Drone 3: Flying to {'x': 163.86825841809363, 'y': -49.89147755527766, 'z': 60.0}
2026-02-13 18:11:36,222 - Drone_4 - INFO - Drone 4: Flying to {'x': 196.09047855521487, 'y': -69.93464420715428, 'z': 60.0}
2026-02-13 18:11:36,655 - Drone_2 - INFO - Drone 2: Reached target position
2026-02-13 18:11:36,904 - Drone_3 - INFO - Drone 3: Reached target position
2026-02-13 18:11:37,070 - Drone_4 - INFO - Drone 4: Reached target position
2026-02-13 18:11:37,223 - Drone_2 - INFO - Drone 2: Flying to {'x': 194.15471196548063, 'y': -35.41123680075977, 'z': 60.0}
2026-02-13 18:11:37,224 - Drone_3 - INFO - Drone 3: Flying to {'x': 168.6192498869114, 'y': -43.65381991735337, 'z': 60.0}
2026-02-13 18:11:37,225 - Drone_4 - INFO - Drone 4: Flying to {'x': 202.3972950820742, 'y': -60.94669887932898, 'z': 60.0}
2026-02-13 18:11:37,763 - Drone_2 - INFO - Drone 2: Reached target position
2026-02-13 18:11:37,911 - Drone_3 - INFO - Drone 3: Reached target position
2026-02-13 18:11:37,975 - Drone_4 - INFO - Drone 4: Reached target position
2026-02-13 18:11:38,226 - Drone_2 - INFO - Drone 2: Flying to {'x': 197.67225266057812, 'y': -26.668556405328154, 'z': 60.0}
2026-02-13 18:11:38,227 - Drone_3 - INFO - Drone 3: Flying to {'x': 172.94105640456885, 'y': -37.07854832399707, 'z': 60.0}
2026-02-13 18:11:38,227 - Drone_4 - INFO - Drone 4: Flying to {'x': 208.08224457924706, 'y': -51.399752661337445, 'z': 60.0}
2026-02-13 18:11:38,768 - Drone_2 - INFO - Drone 2: Reached target position
2026-02-13 18:11:38,921 - Drone_3 - INFO - Drone 3: Reached target position
2026-02-13 18:11:39,081 - Drone_4 - INFO - Drone 4: Reached target position
2026-02-13 18:11:39,228 - Drone_2 - INFO - Drone 2: Flying to {'x': 200.47919394140015, 'y': -17.623081459963153, 'z': 60.0}
2026-02-13 18:11:39,229 - Drone_3 - INFO - Drone 3: Flying to {'x': 176.76328019773305, 'y': -30.175190259003383, 'z': 60.0}
2026-02-13 18:11:39,229 - Drone_4 - INFO - Drone 4: Flying to {'x': 213.03130274044037, 'y': -41.33899520363023, 'z': 60.0}
2026-02-13 18:11:39,774 - Drone_2 - INFO - Drone 2: Reached target position
2026-02-13 18:11:39,927 - Drone_3 - INFO - Drone 3: Reached target position
2026-02-13 18:11:40,088 - Drone_4 - INFO - Drone 4: Reached target position
2026-02-13 18:11:40,230 - Drone_2 - INFO - Drone 2: Flying to {'x': 202.50593556961041, 'y': -8.352075642629726, 'z': 60.0}
2026-02-13 18:11:40,230 - Drone_3 - INFO - Drone 3: Flying to {'x': 180.00822384348717, 'y': -22.975788135983, 'z': 60.0}
2026-02-13 18:11:40,230 - Drone_4 - INFO - Drone 4: Flying to {'x': 217.12964806296367, 'y': -30.849787368752974, 'z': 60.0}
2026-02-13 18:11:40,779 - Drone_2 - INFO - Drone 2: Reached target position
2026-02-13 18:11:40,834 - Drone_3 - INFO - Drone 3: Reached target position
2026-02-13 18:11:41,094 - Drone_4 - INFO - Drone 4: Reached target position
2026-02-13 18:11:41,231 - Drone_2 - INFO - Drone 2: Flying to {'x': 203.70020441616995, 'y': 1.058906691027166, 'z': 60.0}
2026-02-13 18:11:41,231 - Drone_3 - INFO - Drone 3: Flying to {'x': 182.60453824701895, 'y': -15.52339920651727, 'z': 60.0}
2026-02-13 18:11:41,231 - Drone_4 - INFO - Drone 4: Flying to {'x': 220.2825103137144, 'y': -20.03675947812385, 'z': 60.0}
2026-02-13 18:11:41,839 - Drone_3 - INFO - Drone 3: Reached target position
2026-02-13 18:11:41,887 - Drone_2 - INFO - Drone 2: Reached target position
2026-02-13 18:11:42,100 - Drone_4 - INFO - Drone 4: Reached target position
2026-02-13 18:11:42,232 - Drone_2 - INFO - Drone 2: Flying to {'x': 204.0293020330289, 'y': 10.525359332221685, 'z': 60.0}
2026-02-13 18:11:42,233 - Drone_3 - INFO - Drone 3: Flying to {'x': 184.49200535707192, 'y': -7.867412035781582, 'z': 60.0}
2026-02-13 18:11:42,233 - Drone_4 - INFO - Drone 4: Flying to {'x': 222.42207340103215, 'y': -9.011937343735287, 'z': 60.0}
2026-02-13 18:11:42,845 - Drone_3 - INFO - Drone 3: Reached target position
2026-02-13 18:11:42,892 - Drone_2 - INFO - Drone 2: Reached target position
2026-02-13 18:11:43,105 - Drone_4 - INFO - Drone 4: Reached target position
2026-02-13 18:11:43,234 - Drone_2 - INFO - Drone 2: Flying to {'x': 203.47762377090157, 'y': 19.974792326507504, 'z': 60.0}
2026-02-13 18:11:43,235 - Drone_3 - INFO - Drone 3: Flying to {'x': 185.62341929745676, 'y': -0.05586873648348867, 'z': 60.0}
2026-02-13 18:11:43,236 - Drone_4 - INFO - Drone 4: Flying to {'x': 223.50828483389256, 'y': 2.120587853062693, 'z': 60.0}
2026-02-13 18:11:43,851 - Drone_3 - INFO - Drone 3: Reached target position
2026-02-13 18:11:43,897 - Drone_2 - INFO - Drone 2: Reached target position
2026-02-13 18:11:44,111 - Drone_4 - INFO - Drone 4: Reached target position
2026-02-13 18:11:44,238 - Drone_2 - INFO - Drone 2: Flying to {'x': 202.05774778832003, 'y': 29.264758383334875, 'z': 60.0}
2026-02-13 18:11:44,239 - Drone_3 - INFO - Drone 3: Flying to {'x': 185.96291670111788, 'y': 7.7948628951302, 'z': 60.0}
2026-02-13 18:11:44,239 - Drone_4 - INFO - Drone 4: Flying to {'x': 223.5276432765247, 'y': 13.169927296132729, 'z': 60.0}
2026-02-13 18:11:44,856 - Drone_3 - INFO - Drone 3: Reached target position
2026-02-13 18:11:44,903 - Drone_2 - INFO - Drone 2: Reached target position
2026-02-13 18:11:45,115 - Drone_4 - INFO - Drone 4: Reached target position
2026-02-13 18:11:45,242 - Drone_2 - INFO - Drone 2: Flying to {'x': 199.80710711769538, 'y': 38.30815229193909, 'z': 60.0}
2026-02-13 18:11:45,242 - Drone_3 - INFO - Drone 3: Flying to {'x': 185.50724115655288, 'y': 15.603222574070378, 'z': 60.0}
2026-02-13 18:11:45,243 - Drone_4 - INFO - Drone 4: Flying to {'x': 222.51203683556412, 'y': 24.008286330796576, 'z': 60.0}
2026-02-13 18:11:45,861 - Drone_3 - INFO - Drone 3: Reached target position
2026-02-13 18:11:45,909 - Drone_2 - INFO - Drone 2: Reached target position
2026-02-13 18:11:46,122 - Drone_4 - INFO - Drone 4: Reached target position
2026-02-13 18:11:46,245 - Drone_2 - INFO - Drone 2: Flying to {'x': 196.76938506085963, 'y': 47.05873247683002, 'z': 60.0}
2026-02-13 18:11:46,246 - Drone_3 - INFO - Drone 3: Flying to {'x': 184.26901783008714, 'y': 23.315505672205745, 'z': 60.0}
2026-02-13 18:11:46,247 - Drone_4 - INFO - Drone 4: Flying to {'x': 220.51261186548393, 'y': 34.55836524605753, 'z': 60.0}
2026-02-13 18:11:46,767 - Drone_3 - INFO - Drone 3: Reached target position
2026-02-13 18:11:46,916 - Drone_2 - INFO - Drone 2: Reached target position
2026-02-13 18:11:47,029 - Drone_4 - INFO - Drone 4: Reached target position
2026-02-13 18:11:47,249 - Drone_2 - INFO - Drone 2: Flying to {'x': 193.0167893091453, 'y': 55.43153836971911, 'z': 60.0}
2026-02-13 18:11:47,249 - Drone_3 - INFO - Drone 3: Flying to {'x': 182.28451829261633, 'y': 30.838483276303563, 'z': 60.0}
2026-02-13 18:11:47,249 - Drone_4 - INFO - Drone 4: Flying to {'x': 217.60984440256084, 'y': 44.69926735319014, 'z': 60.0}
2026-02-13 18:11:47,773 - Drone_3 - INFO - Drone 3: Reached target position
2026-02-13 18:11:47,922 - Drone_2 - INFO - Drone 2: Reached target position
2026-02-13 18:11:48,134 - Drone_4 - INFO - Drone 4: Reached target position
2026-02-13 18:11:48,250 - Drone_2 - INFO - Drone 2: Flying to {'x': 189.0839280509488, 'y': 62.617771630033275, 'z': 60.0}
2026-02-13 18:11:48,251 - Drone_3 - INFO - Drone 3: Flying to {'x': 179.89839504950396, 'y': 37.406147654585595, 'z': 60.0}
2026-02-13 18:11:48,251 - Drone_4 - INFO - Drone 4: Flying to {'x': 214.29555202639648, 'y': 53.43223862858846, 'z': 60.0}
2026-02-13 18:11:48,779 - Drone_3 - INFO - Drone 3: Reached target position
2026-02-13 18:11:48,927 - Drone_2 - INFO - Drone 2: Reached target position
2026-02-13 18:11:49,040 - Drone_4 - INFO - Drone 4: Reached target position
2026-02-13 18:11:49,252 - Drone_2 - INFO - Drone 2: Flying to {'x': 184.16919022381373, 'y': 70.18159088790074, 'z': 60.0}
2026-02-13 18:11:49,253 - Drone_3 - INFO - Drone 3: Flying to {'x': 176.63590586787365, 'y': 44.427957613883876, 'z': 60.0}
2026-02-13 18:11:49,255 - Drone_4 - INFO - Drone 4: Flying to {'x': 209.9228234978306, 'y': 62.64830653196064, 'z': 60.0}
2026-02-13 18:11:49,785 - Drone_3 - INFO - Drone 3: Reached target position
2026-02-13 18:11:49,934 - Drone_2 - INFO - Drone 2: Reached target position
2026-02-13 18:11:50,147 - Drone_4 - INFO - Drone 4: Reached target position
2026-02-13 18:11:50,255 - Drone_2 - INFO - Drone 2: Flying to {'x': 178.74815153897868, 'y': 77.29404142922351, 'z': 60.0}
2026-02-13 18:11:50,256 - Drone_3 - INFO - Drone 3: Flying to {'x': 172.78858655781337, 'y': 51.131404229673684, 'z': 60.0}
2026-02-13 18:11:50,256 - Drone_4 - INFO - Drone 4: Flying to {'x': 204.91078873852848, 'y': 71.33447644805823, 'z': 60.0}
2026-02-13 18:11:50,790 - Drone_3 - INFO - Drone 3: Reached target position
2026-02-13 18:11:51,040 - Drone_2 - INFO - Drone 2: Reached target position
2026-02-13 18:11:51,052 - Drone_4 - INFO - Drone 4: Reached target position
2026-02-13 18:11:51,257 - Drone_2 - INFO - Drone 2: Flying to {'x': 172.8774878450848, 'y': 83.9640380805249, 'z': 60.0}
2026-02-13 18:11:51,258 - Drone_3 - INFO - Drone 3: Flying to {'x': 168.41099112982442, 'y': 57.505572382518736, 'z': 60.0}
2026-02-13 18:11:51,259 - Drone_4 - INFO - Drone 4: Flying to {'x': 199.33595354309097, 'y': 79.49754136526454, 'z': 60.0}
2026-02-13 18:11:51,796 - Drone_3 - INFO - Drone 3: Reached target position
2026-02-13 18:11:51,945 - Drone_2 - INFO - Drone 2: Reached target position
2026-02-13 18:11:52,058 - Drone_4 - INFO - Drone 4: Reached target position
2026-02-13 18:11:52,259 - Drone_2 - INFO - Drone 2: Flying to {'x': 166.63104042103538, 'y': 90.18171328524164, 'z': 60.0}
2026-02-13 18:11:52,260 - Drone_3 - INFO - Drone 3: Flying to {'x': 163.5729492918413, 'y': 63.523729891039736, 'z': 60.0}
2026-02-13 18:11:52,260 - Drone_4 - INFO - Drone 4: Flying to {'x': 193.28902381523727, 'y': 87.12362215604756, 'z': 60.0}
2026-02-13 18:11:52,803 - Drone_3 - INFO - Drone 3: Reached target position
2026-02-13 18:11:52,894 - PhysicalMLTrainer_Drone1 - INFO - Physical ML model trained drone=1 samples=6851 degree=2 alpha=0.0 val_mse=0.000209
2026-02-13 18:11:52,997 - PhysicalMLTrainer_Drone5 - INFO - Physical ML model trained drone=5 samples=6901 degree=2 alpha=0.0 val_mse=0.000003
2026-02-13 18:11:53,051 - Drone_2 - INFO - Drone 2: Reached target position
2026-02-13 18:11:53,063 - Drone_4 - INFO - Drone 4: Reached target position
2026-02-13 18:11:53,122 - PhysicalMLTrainer_Drone3 - INFO - Physical ML model trained drone=3 samples=6901 degree=2 alpha=0.0 val_mse=0.000901
2026-02-13 18:11:53,267 - Drone_2 - INFO - Drone 2: Flying to {'x': 159.92096197948646, 'y': 96.07684930707204, 'z': 60.0}
2026-02-13 18:11:53,268 - Drone_3 - INFO - Drone 3: Flying to {'x': 158.21627809019057, 'y': 69.29823745287811, 'z': 60.0}
2026-02-13 18:11:53,268 - Drone_4 - INFO - Drone 4: Flying to {'x': 186.6995738336804, 'y': 94.37216541777609, 'z': 60.0}
2026-02-13 18:11:53,280 - PhysicalMLTrainer_Drone2 - INFO - Physical ML model trained drone=2 samples=6901 degree=2 alpha=0.0 val_mse=0.001115
2026-02-13 18:11:53,390 - PhysicalMLTrainer_Drone4 - INFO - Physical ML model trained drone=4 samples=6901 degree=2 alpha=0.0 val_mse=0.001115
2026-02-13 18:11:53,727 - Drone_3 - INFO - Drone 3: Reached target position
2026-02-13 18:11:53,985 - Drone_2 - INFO - Drone 2: Reached target position
2026-02-13 18:11:54,095 - Drone_4 - INFO - Drone 4: Reached target position
2026-02-13 18:11:54,268 - Drone_2 - INFO - Drone 2: Flying to {'x': 153.0529332470774, 'y': 101.43841482751147, 'z': 60.0}
2026-02-13 18:11:54,269 - Drone_3 - INFO - Drone 3: Flying to {'x': 152.59917050211885, 'y': 74.60943610354047, 'z': 60.0}
2026-02-13 18:11:54,270 - Drone_4 - INFO - Drone 4: Flying to {'x': 179.8819119710484, 'y': 100.98465208255293, 'z': 60.0}
2026-02-13 18:11:54,733 - Drone_3 - INFO - Drone 3: Reached target position
2026-02-13 18:11:54,891 - Drone_2 - INFO - Drone 2: Reached target position
2026-02-13 18:11:55,002 - Drone_4 - INFO - Drone 4: Reached target position
2026-02-13 18:11:55,271 - Drone_2 - INFO - Drone 2: Flying to {'x': 145.93698901204436, 'y': 106.4019316874865, 'z': 60.0}
2026-02-13 18:11:55,272 - Drone_3 - INFO - Drone 3: Flying to {'x': 146.66409895324685, 'y': 79.57896930199662, 'z': 60.0}
2026-02-13 18:11:55,273 - Drone_4 - INFO - Drone 4: Flying to {'x': 172.75995139753425, 'y': 107.12904162868898, 'z': 60.0}
2026-02-13 18:11:55,738 - Drone_3 - INFO - Drone 3: Reached target position
2026-02-13 18:11:56,003 - Drone_2 - INFO - Drone 2: Reached target position
2026-02-13 18:11:56,009 - Drone_4 - INFO - Drone 4: Reached target position
2026-02-13 18:11:56,274 - Drone_2 - INFO - Drone 2: Flying to {'x': 138.62086717026443, 'y': 110.97565700356624, 'z': 60.0}
2026-02-13 18:11:56,275 - Drone_3 - INFO - Drone 3: Flying to {'x': 140.46246692256904, 'y': 84.20611254811628, 'z': 60.0}
2026-02-13 18:11:56,276 - Drone_4 - INFO - Drone 4: Flying to {'x': 165.3904116257144, 'y': 112.81725675587082, 'z': 60.0}
2026-02-13 18:11:56,744 - Drone_3 - INFO - Drone 3: Reached target position
2026-02-13 18:11:56,909 - Drone_2 - INFO - Drone 2: Reached target position
2026-02-13 18:11:57,016 - Drone_4 - INFO - Drone 4: Reached target position
2026-02-13 18:11:57,279 - Drone_2 - INFO - Drone 2: Flying to {'x': 131.1188612840264, 'y': 115.18616588263006, 'z': 60.0}
2026-02-13 18:11:57,280 - Drone_3 - INFO - Drone 3: Flying to {'x': 134.01679137436554, 'y': 88.51029661485347, 'z': 60.0}
2026-02-13 18:11:57,280 - Drone_4 - INFO - Drone 4: Flying to {'x': 157.794730551803, 'y': 118.08409597296917, 'z': 60.0}
2026-02-13 18:11:57,750 - Drone_3 - INFO - Drone 3: Reached target position
2026-02-13 18:11:58,015 - Drone_2 - INFO - Drone 2: Reached target position
2026-02-13 18:11:58,021 - Drone_4 - INFO - Drone 4: Reached target position
2026-02-13 18:11:58,281 - Drone_2 - INFO - Drone 2: Flying to {'x': 123.46532974402484, 'y': 119.04418920137891, 'z': 60.0}
2026-02-13 18:11:58,281 - Drone_3 - INFO - Drone 3: Flying to {'x': 127.36580768801812, 'y': 92.49637814644592, 'z': 60.0}
2026-02-13 18:11:58,281 - Drone_4 - INFO - Drone 4: Flying to {'x': 150.0131407989578, 'y': 122.9446671453722, 'z': 60.0}
2026-02-13 18:11:58,755 - Drone_3 - INFO - Drone 3: Reached target position
2026-02-13 18:11:58,921 - Drone_2 - INFO - Drone 2: Reached target position
2026-02-13 18:11:59,027 - Drone_4 - INFO - Drone 4: Reached target position
2026-02-13 18:11:59,281 - Drone_2 - INFO - Drone 2: Flying to {'x': 115.68321635957834, 'y': 122.56477712154498, 'z': 60.0}
2026-02-13 18:11:59,282 - Drone_3 - INFO - Drone 3: Flying to {'x': 120.53778899459266, 'y': 96.1747577101961, 'z': 60.0}
2026-02-13 18:11:59,282 - Drone_4 - INFO - Drone 4: Flying to {'x': 142.07323577092723, 'y': 127.4193497565593, 'z': 60.0}
2026-02-13 18:11:59,761 - Drone_3 - INFO - Drone 3: Reached target position
2026-02-13 18:12:00,029 - Drone_2 - INFO - Drone 2: Reached target position
2026-02-13 18:12:00,033 - Drone_4 - INFO - Drone 4: Reached target position
2026-02-13 18:12:00,283 - Drone_2 - INFO - Drone 2: Flying to {'x': 107.77177377822257, 'y': 125.76982603561979, 'z': 60.0}
2026-02-13 18:12:00,283 - Drone_3 - INFO - Drone 3: Flying to {'x': 113.53925248101002, 'y': 99.5641741755173, 'z': 60.0}
2026-02-13 18:12:00,283 - Drone_4 - INFO - Drone 4: Flying to {'x': 133.97742563832506, 'y': 131.53730473840724, 'z': 60.0}
2026-02-13 18:12:00,666 - Drone_3 - INFO - Drone 3: Reached target position
2026-02-13 18:12:00,936 - Drone_2 - INFO - Drone 2: Reached target position
2026-02-13 18:12:01,039 - Drone_4 - INFO - Drone 4: Reached target position
2026-02-13 18:12:01,284 - Drone_2 - INFO - Drone 2: Flying to {'x': 99.78538652134652, 'y': 128.65714307340943, 'z': 60.0}
2026-02-13 18:12:01,285 - Drone_3 - INFO - Drone 3: Flying to {'x': 106.42486033022153, 'y': 102.65873182307986, 'z': 60.0}
2026-02-13 18:12:01,285 - Drone_4 - INFO - Drone 4: Flying to {'x': 125.78379777167609, 'y': 135.29661688228444, 'z': 60.0}
2026-02-13 18:12:01,671 - Drone_3 - INFO - Drone 3: Reached target position
2026-02-13 18:12:02,042 - Drone_2 - INFO - Drone 2: Reached target position
2026-02-13 18:12:02,044 - Drone_4 - INFO - Drone 4: Reached target position
2026-02-13 18:12:02,286 - Drone_2 - INFO - Drone 2: Flying to {'x': 91.70658926008468, 'y': 131.25041512579912, 'z': 60.0}
2026-02-13 18:12:02,286 - Drone_3 - INFO - Drone 3: Flying to {'x': 99.184875575074, 'y': 105.48075789503558, 'z': 60.0}
2026-02-13 18:12:02,287 - Drone_4 - INFO - Drone 4: Flying to {'x': 117.47624649084821, 'y': 138.72870144078843, 'z': 60.0}
2026-02-13 18:12:02,677 - Drone_3 - INFO - Drone 3: Reached target position
2026-02-13 18:12:02,950 - Drone_2 - INFO - Drone 2: Reached target position
2026-02-13 18:12:03,052 - Drone_4 - INFO - Drone 4: Reached target position
2026-02-13 18:12:03,288 - Drone_2 - INFO - Drone 2: Flying to {'x': 83.54507378837525, 'y': 133.55955039354322, 'z': 60.0}
2026-02-13 18:12:03,289 - Drone_3 - INFO - Drone 3: Flying to {'x': 91.83288871894129, 'y': 108.0387329364811, 'z': 60.0}
2026-02-13 18:12:03,289 - Drone_4 - INFO - Drone 4: Flying to {'x': 109.06589124543736, 'y': 141.84736532410926, 'z': 60.0}
2026-02-13 18:12:03,683 - Drone_3 - INFO - Drone 3: Reached target position
2026-02-13 18:12:04,059 - Drone_4 - INFO - Drone 4: Reached target position
2026-02-13 18:12:04,059 - Drone_2 - INFO - Drone 2: Reached target position
2026-02-13 18:12:04,291 - Drone_2 - INFO - Drone 2: Flying to {'x': 75.32192872296572, 'y': 135.59012375200678, 'z': 60.0}
2026-02-13 18:12:04,292 - Drone_3 - INFO - Drone 3: Flying to {'x': 84.39231398815862, 'y': 110.33684453640844, 'z': 60.0}
2026-02-13 18:12:04,293 - Drone_4 - INFO - Drone 4: Flying to {'x': 100.57520793856406, 'y': 144.66050901719967, 'z': 60.0}
2026-02-13 18:12:04,691 - Drone_3 - INFO - Drone 3: Reached target position
2026-02-13 18:12:04,965 - Drone_2 - INFO - Drone 2: Reached target position
2026-02-13 18:12:05,066 - Drone_4 - INFO - Drone 4: Reached target position
2026-02-13 18:12:05,295 - Drone_2 - INFO - Drone 2: Flying to {'x': 67.04861875636436, 'y': 137.3497307455079, 'z': 60.0}
2026-02-13 18:12:05,296 - Drone_3 - INFO - Drone 3: Flying to {'x': 76.87752108877852, 'y': 112.38189786117726, 'z': 60.0}
2026-02-13 18:12:05,296 - Drone_4 - INFO - Drone 4: Flying to {'x': 92.01645164069501, 'y': 147.1786330779221, 'z': 60.0}
2026-02-13 18:12:05,696 - Drone_3 - INFO - Drone 3: Reached target position
2026-02-13 18:12:06,074 - Drone_2 - INFO - Drone 2: Reached target position
2026-02-13 18:12:06,073 - Drone_4 - INFO - Drone 4: Reached target position
2026-02-13 18:12:06,298 - Drone_2 - INFO - Drone 2: Flying to {'x': 58.733768685416855, 'y': 138.84547350990974, 'z': 60.0}
2026-02-13 18:12:06,299 - Drone_3 - INFO - Drone 3: Flying to {'x': 69.29991118636994, 'y': 114.18058687628515, 'z': 60.0}
2026-02-13 18:12:06,300 - Drone_4 - INFO - Drone 4: Flying to {'x': 83.39865531904145, 'y': 149.41161601086282, 'z': 60.0}
2026-02-13 18:12:06,601 - Drone_3 - INFO - Drone 3: Reached target position
2026-02-13 18:12:06,978 - Drone_2 - INFO - Drone 2: Reached target position
2026-02-13 18:12:06,980 - Drone_4 - INFO - Drone 4: Reached target position
2026-02-13 18:12:07,301 - Drone_2 - INFO - Drone 2: Flying to {'x': 50.38560057963769, 'y': 140.08342688195629, 'z': 60.0}
2026-02-13 18:12:07,302 - Drone_3 - INFO - Drone 3: Flying to {'x': 61.67016528522395, 'y': 115.73884638843704, 'z': 60.0}
2026-02-13 18:12:07,302 - Drone_4 - INFO - Drone 4: Flying to {'x': 74.73018107315691, 'y': 151.36799158754255, 'z': 60.0}
2026-02-13 18:12:07,607 - Drone_3 - INFO - Drone 3: Reached target position
2026-02-13 18:12:08,085 - Drone_2 - INFO - Drone 2: Reached target position
2026-02-13 18:12:08,086 - Drone_4 - INFO - Drone 4: Reached target position
2026-02-13 18:12:08,302 - Drone_2 - INFO - Drone 2: Flying to {'x': 42.00876189694776, 'y': 141.0690992461229, 'z': 60.0}
2026-02-13 18:12:08,302 - Drone_3 - INFO - Drone 3: Flying to {'x': 53.99537970453342, 'y': 117.06241281223807, 'z': 60.0}
2026-02-13 18:12:08,303 - Drone_4 - INFO - Drone 4: Flying to {'x': 66.0154483308326, 'y': 153.05571705370855, 'z': 60.0}
2026-02-13 18:12:08,614 - Drone_3 - INFO - Drone 3: Reached target position
2026-02-13 18:12:08,990 - Drone_2 - INFO - Drone 2: Reached target position
2026-02-13 18:12:08,992 - Drone_4 - INFO - Drone 4: Reached target position
2026-02-13 18:12:09,303 - Drone_2 - INFO - Drone 2: Flying to {'x': 33.610595619273106, 'y': 141.80662327891977, 'z': 60.0}
2026-02-13 18:12:09,304 - Drone_3 - INFO - Drone 3: Flying to {'x': 46.28483977719125, 'y': 118.15575574672386, 'z': 60.0}
2026-02-13 18:12:09,304 - Drone_4 - INFO - Drone 4: Flying to {'x': 57.26146315146899, 'y': 154.4808674368379, 'z': 60.0}
2026-02-13 18:12:09,620 - Drone_3 - INFO - Drone 3: Reached target position
2026-02-13 18:12:10,095 - Drone_2 - INFO - Drone 2: Reached target position
2026-02-13 18:12:10,098 - Drone_4 - INFO - Drone 4: Reached target position
2026-02-13 18:12:10,305 - Drone_2 - INFO - Drone 2: Flying to {'x': 25.190100948024543, 'y': 142.29976340053827, 'z': 60.0}
2026-02-13 18:12:10,306 - Drone_3 - INFO - Drone 3: Flying to {'x': 38.53991733070024, 'y': 119.02354372145714, 'z': 60.0}
2026-02-13 18:12:10,307 - Drone_4 - INFO - Drone 4: Flying to {'x': 48.466320627105674, 'y': 155.64957978321397, 'z': 60.0}
2026-02-13 18:12:10,526 - Drone_3 - INFO - Drone 3: Reached target position
2026-02-13 18:12:11,000 - Drone_2 - INFO - Drone 2: Reached target position
2026-02-13 18:12:11,002 - Drone_4 - INFO - Drone 4: Reached target position
2026-02-13 18:12:11,308 - Drone_2 - INFO - Drone 2: Flying to {'x': 16.770343882847285, 'y': 142.55037390664035, 'z': 60.0}
2026-02-13 18:12:11,309 - Drone_3 - INFO - Drone 3: Flying to {'x': 30.783927779079967, 'y': 119.66764097582004, 'z': 60.0}
2026-02-13 18:12:11,310 - Drone_4 - INFO - Drone 4: Flying to {'x': 39.65307681366758, 'y': 156.563957802873, 'z': 60.0}
2026-02-13 18:12:11,535 - Drone_3 - INFO - Drone 3: Reached target position
2026-02-13 18:12:12,106 - Drone_2 - INFO - Drone 2: Reached target position
2026-02-13 18:12:12,109 - Drone_4 - INFO - Drone 4: Reached target position
2026-02-13 18:12:12,311 - Drone_2 - INFO - Drone 2: Flying to {'x': 8.339555797845069, 'y': 142.56105415972735, 'z': 60.0}
2026-02-13 18:12:12,312 - Drone_3 - INFO - Drone 3: Flying to {'x': 23.007923385164446, 'y': 120.0924317648568, 'z': 60.0}
2026-02-13 18:12:12,313 - Drone_4 - INFO - Drone 4: Flying to {'x': 30.808178192715623, 'y': 157.22942174704673, 'z': 60.0}
2026-02-13 18:12:12,541 - Drone_3 - INFO - Drone 3: Reached target position
2026-02-13 18:12:13,020 - Drone_4 - INFO - Drone 4: Reached target position
2026-02-13 18:12:13,020 - Drone_2 - INFO - Drone 2: Reached target position
2026-02-13 18:12:13,035 - PhysicalMLTrainer_Drone1 - INFO - Physical ML model trained drone=1 samples=7051 degree=2 alpha=0.0 val_mse=0.000213
2026-02-13 18:12:13,144 - PhysicalMLTrainer_Drone5 - INFO - Physical ML model trained drone=5 samples=7101 degree=2 alpha=0.0 val_mse=0.000003
2026-02-13 18:12:13,265 - PhysicalMLTrainer_Drone3 - INFO - Physical ML model trained drone=3 samples=7101 degree=2 alpha=0.0 val_mse=0.000871
2026-02-13 18:12:13,314 - Drone_2 - INFO - Drone 2: Flying to {'x': 0.48514720335949435, 'y': 142.355356146079, 'z': 60.0}
2026-02-13 18:12:13,315 - Drone_3 - INFO - Drone 3: Flying to {'x': 15.756094892567566, 'y': 120.29185332641163, 'z': 60.0}
2026-02-13 18:12:13,315 - Drone_4 - INFO - Drone 4: Flying to {'x': 22.548650023026884, 'y': 157.6263038352871, 'z': 60.0}
2026-02-13 18:12:13,449 - PhysicalMLTrainer_Drone2 - INFO - Physical ML model trained drone=2 samples=7101 degree=2 alpha=0.0 val_mse=0.001019
2026-02-13 18:12:13,466 - Drone_3 - INFO - Drone 3: Reached target position
2026-02-13 18:12:13,555 - PhysicalMLTrainer_Drone4 - INFO - Physical ML model trained drone=4 samples=7101 degree=2 alpha=0.0 val_mse=0.001025
2026-02-13 18:12:13,952 - Drone_2 - INFO - Drone 2: Reached target position
2026-02-13 18:12:13,960 - Drone_4 - INFO - Drone 4: Reached target position
2026-02-13 18:12:14,316 - Drone_2 - INFO - Drone 2: Flying to {'x': -7.946264133806759, 'y': 141.90447847650202, 'z': 60.0}
2026-02-13 18:12:14,316 - Drone_3 - INFO - Drone 3: Flying to {'x': 7.965180042651925, 'y': 120.2983232373245, 'z': 60.0}
2026-02-13 18:12:14,316 - Drone_4 - INFO - Drone 4: Flying to {'x': 13.659891105370786, 'y': 157.8159226529607, 'z': 60.0}
2026-02-13 18:12:14,571 - Drone_3 - INFO - Drone 3: Reached target position
2026-02-13 18:12:15,057 - Drone_2 - INFO - Drone 2: Reached target position
2026-02-13 18:12:15,065 - Drone_4 - INFO - Drone 4: Reached target position
2026-02-13 18:12:15,317 - Drone_2 - INFO - Drone 2: Flying to {'x': -16.35223632077819, 'y': 141.21611833077145, 'z': 60.0}
2026-02-13 18:12:15,318 - Drone_3 - INFO - Drone 3: Flying to {'x': 0.19247370412717268, 'y': 120.09095394817327, 'z': 60.0}
2026-02-13 18:12:15,319 - Drone_4 - INFO - Drone 4: Flying to {'x': 4.7729280618200205, 'y': 157.76082835567684, 'z': 60.0}
2026-02-13 18:12:15,577 - Drone_3 - INFO - Drone 3: Reached target position
2026-02-13 18:12:15,969 - Drone_4 - INFO - Drone 4: Reached target position
2026-02-13 18:12:16,061 - Drone_2 - INFO - Drone 2: Reached target position
2026-02-13 18:12:16,320 - Drone_2 - INFO - Drone 2: Flying to {'x': -24.74423158068954, 'y': 140.28867732414238, 'z': 60.0}
2026-02-13 18:12:16,321 - Drone_3 - INFO - Drone 3: Flying to {'x': -7.571376601282843, 'y': 119.67089248055971, 'z': 60.0}
2026-02-13 18:12:16,321 - Drone_4 - INFO - Drone 4: Flying to {'x': -4.126446737106882, 'y': 157.46153230354906, 'z': 60.0}
2026-02-13 18:12:16,582 - Drone_3 - INFO - Drone 3: Reached target position
2026-02-13 18:12:17,066 - Drone_2 - INFO - Drone 2: Reached target position
2026-02-13 18:12:17,076 - Drone_4 - INFO - Drone 4: Reached target position
2026-02-13 18:12:17,325 - Drone_2 - INFO - Drone 2: Flying to {'x': -33.11635927991059, 'y': 139.12066671499144, 'z': 60.0}
2026-02-13 18:12:17,325 - Drone_3 - INFO - Drone 3: Flying to {'x': -15.319842858853557, 'y': 119.03873445549391, 'z': 60.0}
2026-02-13 18:12:17,325 - Drone_4 - INFO - Drone 4: Flying to {'x': -13.034427020413073, 'y': 156.9171831360485, 'z': 60.0}
2026-02-13 18:12:17,586 - Drone_3 - INFO - Drone 3: Reached target position
2026-02-13 18:12:17,980 - Drone_4 - INFO - Drone 4: Reached target position
2026-02-13 18:12:18,072 - Drone_2 - INFO - Drone 2: Reached target position
2026-02-13 18:12:18,326 - Drone_2 - INFO - Drone 2: Flying to {'x': -41.46152773114578, 'y': 137.7101841632957, 'z': 60.0}
2026-02-13 18:12:18,326 - Drone_3 - INFO - Drone 3: Flying to {'x': -23.045446925935476, 'y': 118.19485767932508, 'z': 60.0}
2026-02-13 18:12:18,327 - Drone_4 - INFO - Drone 4: Flying to {'x': -21.946201247175175, 'y': 156.126264968506, 'z': 60.0}
2026-02-13 18:12:18,590 - Drone_3 - INFO - Drone 3: Reached target position
2026-02-13 18:12:19,077 - Drone_2 - INFO - Drone 2: Reached target position
2026-02-13 18:12:19,086 - Drone_4 - INFO - Drone 4: Reached target position
2026-02-13 18:12:19,328 - Drone_2 - INFO - Drone 2: Flying to {'x': -49.778418713468916, 'y': 136.05353107220242, 'z': 60.0}
2026-02-13 18:12:19,328 - Drone_3 - INFO - Drone 3: Flying to {'x': -30.746236339541387, 'y': 117.1385625529169, 'z': 60.0}
2026-02-13 18:12:19,328 - Drone_4 - INFO - Drone 4: Flying to {'x': -30.863450194183383, 'y': 155.08571344612994, 'z': 60.0}
2026-02-13 18:12:19,498 - Drone_3 - INFO - Drone 3: Reached target position
2026-02-13 18:12:19,991 - Drone_4 - INFO - Drone 4: Reached target position
2026-02-13 18:12:20,081 - Drone_2 - INFO - Drone 2: Reached target position
2026-02-13 18:12:20,329 - Drone_2 - INFO - Drone 2: Flying to {'x': -58.04454102009505, 'y': 134.150923888159, 'z': 60.0}
2026-02-13 18:12:20,330 - Drone_3 - INFO - Drone 3: Flying to {'x': -38.400851823695156, 'y': 115.87182449143701, 'z': 60.0}
2026-02-13 18:12:20,330 - Drone_4 - INFO - Drone 4: Flying to {'x': -39.76544162337306, 'y': 153.79461308455888, 'z': 60.0}
2026-02-13 18:12:20,503 - Drone_3 - INFO - Drone 3: Reached target position
2026-02-13 18:12:21,087 - Drone_2 - INFO - Drone 2: Reached target position
2026-02-13 18:12:21,098 - Drone_4 - INFO - Drone 4: Reached target position
2026-02-13 18:12:21,331 - Drone_2 - INFO - Drone 2: Flying to {'x': -66.2728562660296, 'y': 131.99389899136156, 'z': 60.0}
2026-02-13 18:12:21,332 - Drone_3 - INFO - Drone 3: Flying to {'x': -46.02100677692647, 'y': 114.39098467950076, 'z': 60.0}
2026-02-13 18:12:21,332 - Drone_4 - INFO - Drone 4: Flying to {'x': -48.669941954168806, 'y': 152.2457484804647, 'z': 60.0}
2026-02-13 18:12:21,507 - Drone_3 - INFO - Drone 3: Reached target position
2026-02-13 18:12:22,003 - Drone_4 - INFO - Drone 4: Reached target position
2026-02-13 18:12:22,093 - Drone_2 - INFO - Drone 2: Reached target position
2026-02-13 18:12:22,332 - Drone_2 - INFO - Drone 2: Flying to {'x': -74.44593260265074, 'y': 129.58009028875617, 'z': 60.0}
2026-02-13 18:12:22,333 - Drone_3 - INFO - Drone 3: Flying to {'x': -53.59054415026285, 'y': 112.69658435841083, 'z': 60.0}
2026-02-13 18:12:22,334 - Drone_4 - INFO - Drone 4: Flying to {'x': -57.5624266723054, 'y': 150.43547874114407, 'z': 60.0}
2026-02-13 18:12:22,511 - Drone_3 - INFO - Drone 3: Reached target position
2026-02-13 18:12:23,098 - Drone_2 - INFO - Drone 2: Reached target position
2026-02-13 18:12:23,107 - Drone_4 - INFO - Drone 4: Reached target position
2026-02-13 18:12:23,335 - Drone_2 - INFO - Drone 2: Flying to {'x': -82.54722928981836, 'y': 126.90722228787219, 'z': 60.0}
2026-02-13 18:12:23,335 - Drone_3 - INFO - Drone 3: Flying to {'x': -61.0944667506191, 'y': 110.78956180513683, 'z': 60.0}
2026-02-13 18:12:23,335 - Drone_4 - INFO - Drone 4: Flying to {'x': -66.42956880708299, 'y': 148.35998482707146, 'z': 60.0}
2026-02-13 18:12:23,516 - Drone_3 - INFO - Drone 3: Reached target position
2026-02-13 18:12:24,013 - Drone_4 - INFO - Drone 4: Reached target position
2026-02-13 18:12:24,105 - Drone_2 - INFO - Drone 2: Reached target position
2026-02-13 18:12:24,336 - Drone_2 - INFO - Drone 2: Flying to {'x': -90.57799346291232, 'y': 123.96635924673652, 'z': 60.0}
2026-02-13 18:12:24,337 - Drone_3 - INFO - Drone 3: Flying to {'x': -68.53466317278155, 'y': 108.66630729518405, 'z': 60.0}
2026-02-13 18:12:24,342 - Drone_4 - INFO - Drone 4: Flying to {'x': -75.27794151135987, 'y': 146.00968953686728, 'z': 60.0}
2026-02-13 18:12:24,520 - Drone_3 - INFO - Drone 3: Reached target position
2026-02-13 18:12:25,110 - Drone_2 - INFO - Drone 2: Reached target position
2026-02-13 18:12:25,118 - Drone_4 - INFO - Drone 4: Reached target position
2026-02-13 18:12:25,343 - Drone_2 - INFO - Drone 2: Flying to {'x': -98.53277701080692, 'y': 120.7487832145062, 'z': 60.0}
2026-02-13 18:12:25,344 - Drone_3 - INFO - Drone 3: Flying to {'x': -75.90732180040683, 'y': 106.32350066884425, 'z': 60.0}
2026-02-13 18:12:25,344 - Drone_4 - INFO - Drone 4: Flying to {'x': -84.10749446514498, 'y': 143.37423842490628, 'z': 60.0}
2026-02-13 18:12:25,526 - Drone_3 - INFO - Drone 3: Reached target position
2026-02-13 18:12:26,022 - Drone_4 - INFO - Drone 4: Reached target position
2026-02-13 18:12:26,114 - Drone_2 - INFO - Drone 2: Reached target position
2026-02-13 18:12:26,344 - Drone_2 - INFO - Drone 2: Flying to {'x': -106.40269545421971, 'y': 117.24534070026911, 'z': 60.0}
2026-02-13 18:12:26,345 - Drone_3 - INFO - Drone 3: Flying to {'x': -83.20606543710639, 'y': 103.75770355178543, 'z': 60.0}
2026-02-13 18:12:26,345 - Drone_4 - INFO - Drone 4: Flying to {'x': -92.91505830573601, 'y': 140.44197071738245, 'z': 60.0}
2026-02-13 18:12:26,530 - Drone_3 - INFO - Drone 3: Reached target position
2026-02-13 18:12:27,118 - Drone_2 - INFO - Drone 2: Reached target position
2026-02-13 18:12:27,127 - Drone_4 - INFO - Drone 4: Reached target position
2026-02-13 18:12:27,345 - Drone_2 - INFO - Drone 2: Flying to {'x': -114.18580745828976, 'y': 113.4413502277645, 'z': 60.0}
2026-02-13 18:12:27,346 - Drone_3 - INFO - Drone 3: Flying to {'x': -90.43173473939535, 'y': 100.96160546813596, 'z': 60.0}
2026-02-13 18:12:27,346 - Drone_4 - INFO - Drone 4: Flying to {'x': -101.7060626986612, 'y': 137.19542294665894, 'z': 60.0}
2026-02-13 18:12:27,536 - Drone_3 - INFO - Drone 3: Reached target position
2026-02-13 18:12:28,031 - Drone_4 - INFO - Drone 4: Reached target position
2026-02-13 18:12:28,123 - Drone_2 - INFO - Drone 2: Reached target position
2026-02-13 18:12:28,346 - Drone_2 - INFO - Drone 2: Flying to {'x': -121.83272359868047, 'y': 109.34499448306292, 'z': 60.0}
2026-02-13 18:12:28,347 - Drone_3 - INFO - Drone 3: Flying to {'x': -97.54200682577331, 'y': 97.94494717358182, 'z': 60.0}
2026-02-13 18:12:28,348 - Drone_4 - INFO - Drone 4: Flying to {'x': -110.43267628919936, 'y': 133.63571125597008, 'z': 60.0}
2026-02-13 18:12:28,539 - Drone_3 - INFO - Drone 3: Reached target position
2026-02-13 18:12:29,128 - Drone_2 - INFO - Drone 2: Reached target position
2026-02-13 18:12:29,137 - Drone_4 - INFO - Drone 4: Reached target position
2026-02-13 18:12:29,349 - Drone_2 - INFO - Drone 2: Flying to {'x': -129.34979979117153, 'y': 104.9351656181763, 'z': 60.0}
2026-02-13 18:12:29,350 - Drone_3 - INFO - Drone 3: Flying to {'x': -104.54741956739177, 'y': 94.69593052784563, 'z': 60.0}
2026-02-13 18:12:29,351 - Drone_4 - INFO - Drone 4: Flying to {'x': -119.11056470084084, 'y': 129.73754584195606, 'z': 60.0}
2026-02-13 18:12:29,544 - Drone_3 - INFO - Drone 3: Reached target position
2026-02-13 18:12:30,043 - Drone_4 - INFO - Drone 4: Reached target position
2026-02-13 18:12:30,132 - Drone_2 - INFO - Drone 2: Reached target position
2026-02-13 18:12:30,352 - Drone_2 - INFO - Drone 2: Flying to {'x': -136.72817438632404, 'y': 100.19402825281102, 'z': 60.0}
2026-02-13 18:12:30,353 - Drone_3 - INFO - Drone 3: Flying to {'x': -111.44579258983555, 'y': 91.20508111220619, 'z': 60.0}
2026-02-13 18:12:30,354 - Drone_4 - INFO - Drone 4: Flying to {'x': -127.73922724571919, 'y': 125.4764100492995, 'z': 60.0}
2026-02-13 18:12:30,548 - Drone_3 - INFO - Drone 3: Reached target position
2026-02-13 18:12:31,139 - Drone_2 - INFO - Drone 2: Reached target position
2026-02-13 18:12:31,149 - Drone_4 - INFO - Drone 4: Reached target position
2026-02-13 18:12:31,355 - Drone_2 - INFO - Drone 2: Flying to {'x': -143.92621932844864, 'y': 95.12278037095476, 'z': 60.0}
2026-02-13 18:12:31,356 - Drone_3 - INFO - Drone 3: Flying to {'x': -118.20585523283026, 'y': 87.47667869828356, 'z': 60.0}
2026-02-13 18:12:31,357 - Drone_4 - INFO - Drone 4: Flying to {'x': -136.28011765577745, 'y': 120.84314446657314, 'z': 60.0}
2026-02-13 18:12:31,553 - Drone_3 - INFO - Drone 3: Reached target position
2026-02-13 18:12:32,053 - Drone_4 - INFO - Drone 4: Reached target position
2026-02-13 18:12:32,145 - Drone_2 - INFO - Drone 2: Reached target position
2026-02-13 18:12:32,359 - Drone_2 - INFO - Drone 2: Flying to {'x': -150.9341215344492, 'y': 89.69895242756654, 'z': 60.0}
2026-02-13 18:12:32,359 - Drone_3 - INFO - Drone 3: Flying to {'x': -124.82790106613744, 'y': 83.49691624096616, 'z': 60.0}
2026-02-13 18:12:32,359 - Drone_4 - INFO - Drone 4: Flying to {'x': -144.73208534784882, 'y': 115.80517289587829, 'z': 60.0}
2026-02-13 18:12:32,558 - Drone_3 - INFO - Drone 3: Reached target position
2026-02-13 18:12:33,150 - Drone_2 - INFO - Drone 2: Reached target position
2026-02-13 18:12:33,155 - PhysicalMLTrainer_Drone1 - INFO - Physical ML model trained drone=1 samples=7251 degree=2 alpha=0.0 val_mse=0.000230
2026-02-13 18:12:33,158 - Drone_4 - INFO - Drone 4: Reached target position
2026-02-13 18:12:33,268 - PhysicalMLTrainer_Drone5 - INFO - Physical ML model trained drone=5 samples=7301 degree=2 alpha=0.0 val_mse=0.000003
2026-02-13 18:12:33,360 - Drone_2 - INFO - Drone 2: Flying to {'x': -157.872066183609, 'y': 83.77415874482706, 'z': 60.0}
2026-02-13 18:12:33,361 - Drone_3 - INFO - Drone 3: Flying to {'x': -131.43919832795027, 'y': 79.15858760733123, 'z': 60.0}
2026-02-13 18:12:33,370 - Drone_4 - INFO - Drone 4: Flying to {'x': -153.25649504611317, 'y': 110.20702660048578, 'z': 60.0}
2026-02-13 18:12:33,388 - PhysicalMLTrainer_Drone3 - INFO - Physical ML model trained drone=3 samples=7301 degree=2 alpha=0.0 val_mse=0.000822
2026-02-13 18:12:33,581 - PhysicalMLTrainer_Drone2 - INFO - Physical ML model trained drone=2 samples=7301 degree=2 alpha=0.0 val_mse=0.000974
2026-02-13 18:12:33,590 - Drone_3 - INFO - Drone 3: Reached target position
2026-02-13 18:12:33,682 - PhysicalMLTrainer_Drone4 - INFO - Physical ML model trained drone=4 samples=7301 degree=2 alpha=0.0 val_mse=0.001034
2026-02-13 18:12:34,084 - Drone_4 - INFO - Drone 4: Reached target position
2026-02-13 18:12:34,185 - Drone_2 - INFO - Drone 2: Reached target position
2026-02-13 18:12:34,374 - Drone_2 - INFO - Drone 2: Flying to {'x': -164.468083981737, 'y': 77.53009525704927, 'z': 60.0}
2026-02-13 18:12:34,374 - Drone_3 - INFO - Drone 3: Flying to {'x': -137.79623297801265, 'y': 74.59541230396442, 'z': 60.0}
2026-02-13 18:12:34,374 - Drone_4 - INFO - Drone 4: Flying to {'x': -161.53340102865218, 'y': 104.20194626077365, 'z': 60.0}
2026-02-13 18:12:34,594 - Drone_3 - INFO - Drone 3: Reached target position
2026-02-13 18:12:34,990 - Drone_2 - INFO - Drone 2: Reached target position
2026-02-13 18:12:35,089 - Drone_4 - INFO - Drone 4: Reached target position
2026-02-13 18:12:35,375 - Drone_2 - INFO - Drone 2: Flying to {'x': -170.0774886003435, 'y': 71.64885903413213, 'z': 60.0}
2026-02-13 18:12:35,375 - Drone_3 - INFO - Drone 3: Flying to {'x': -143.2784743127067, 'y': 70.30244408656276, 'z': 60.0}
2026-02-13 18:12:35,376 - Drone_4 - INFO - Drone 4: Flying to {'x': -168.7310736527741, 'y': 98.44787332176894, 'z': 60.0}
2026-02-13 18:12:35,498 - Drone_3 - INFO - Drone 3: Reached target position
2026-02-13 18:12:35,994 - Drone_4 - INFO - Drone 4: Reached target position
2026-02-13 18:12:36,096 - Drone_2 - INFO - Drone 2: Reached target position
2026-02-13 18:12:36,377 - Drone_2 - INFO - Drone 2: Flying to {'x': -175.99438057782166, 'y': 64.73292927713007, 'z': 60.0}
2026-02-13 18:12:36,377 - Drone_3 - INFO - Drone 3: Flying to {'x': -149.1666331532437, 'y': 65.25443490801992, 'z': 60.0}
2026-02-13 18:12:36,378 - Drone_4 - INFO - Drone 4: Flying to {'x': -176.5158862087115, 'y': 91.56067670170805, 'z': 60.0}
2026-02-13 18:12:36,601 - Drone_3 - INFO - Drone 3: Reached target position
2026-02-13 18:12:37,099 - Drone_4 - INFO - Drone 4: Reached target position
2026-02-13 18:12:37,100 - Drone_2 - INFO - Drone 2: Reached target position
2026-02-13 18:12:37,378 - Drone_2 - INFO - Drone 2: Flying to {'x': -181.53255601062372, 'y': 57.40275884986224, 'z': 60.0}
2026-02-13 18:12:37,379 - Drone_3 - INFO - Drone 3: Flying to {'x': -154.81578162744222, 'y': 59.89554174417466, 'z': 60.0}
2026-02-13 18:12:37,380 - Drone_4 - INFO - Drone 4: Flying to {'x': -184.02533890493612, 'y': 84.11953323304375, 'z': 60.0}
2026-02-13 18:12:37,606 - Drone_3 - INFO - Drone 3: Reached target position
2026-02-13 18:12:38,105 - Drone_2 - INFO - Drone 2: Reached target position
2026-02-13 18:12:38,105 - Drone_4 - INFO - Drone 4: Reached target position
2026-02-13 18:12:38,380 - Drone_2 - INFO - Drone 2: Flying to {'x': -186.62202904800534, 'y': 49.67102770757834, 'z': 60.0}
2026-02-13 18:12:38,381 - Drone_3 - INFO - Drone 3: Flying to {'x': -160.17790255463012, 'y': 54.221651181606, 'z': 60.0}
2026-02-13 18:12:38,381 - Drone_4 - INFO - Drone 4: Flying to {'x': -191.172652522033, 'y': 76.11515420095354, 'z': 60.0}
2026-02-13 18:12:38,610 - Drone_3 - INFO - Drone 3: Reached target position
2026-02-13 18:12:39,112 - Drone_4 - INFO - Drone 4: Reached target position
2026-02-13 18:12:39,113 - Drone_2 - INFO - Drone 2: Reached target position
2026-02-13 18:12:39,381 - Drone_2 - INFO - Drone 2: Flying to {'x': -191.19419407783738, 'y': 41.55243598410993, 'z': 60.0}
2026-02-13 18:12:39,381 - Drone_3 - INFO - Drone 3: Flying to {'x': -165.20437851958073, 'y': 48.225477812826455, 'z': 60.0}
2026-02-13 18:12:39,382 - Drone_4 - INFO - Drone 4: Flying to {'x': -197.8672359065539, 'y': 67.54225154236659, 'z': 60.0}
2026-02-13 18:12:39,616 - Drone_3 - INFO - Drone 3: Reached target position
2026-02-13 18:12:40,118 - Drone_4 - INFO - Drone 4: Reached target position
2026-02-13 18:12:40,119 - Drone_2 - INFO - Drone 2: Reached target position
2026-02-13 18:12:40,382 - Drone_2 - INFO - Drone 2: Flying to {'x': -195.18603195415022, 'y': 33.05224401899992, 'z': 60.0}
2026-02-13 18:12:40,383 - Drone_3 - INFO - Drone 3: Flying to {'x': -169.84979592390295, 'y': 41.88825804227987, 'z': 60.0}
2026-02-13 18:12:40,384 - Drone_4 - INFO - Drone 4: Flying to {'x': -204.02204597743017, 'y': 58.38848004924721, 'z': 60.0}
2026-02-13 18:12:40,722 - Drone_3 - INFO - Drone 3: Reached target position
2026-02-13 18:12:41,122 - Drone_4 - INFO - Drone 4: Reached target position
2026-02-13 18:12:41,124 - Drone_2 - INFO - Drone 2: Reached target position
2026-02-13 18:12:41,385 - Drone_2 - INFO - Drone 2: Flying to {'x': -198.51876900396303, 'y': 24.213409987594574, 'z': 60.0}
2026-02-13 18:12:41,386 - Drone_3 - INFO - Drone 3: Flying to {'x': -174.0453923783481, 'y': 35.21585683094748, 'z': 60.0}
2026-02-13 18:12:41,386 - Drone_4 - INFO - Drone 4: Flying to {'x': -209.52121584731591, 'y': 48.68678661320947, 'z': 60.0}
2026-02-13 18:12:41,727 - Drone_3 - INFO - Drone 3: Reached target position
2026-02-13 18:12:42,128 - Drone_4 - INFO - Drone 4: Reached target position
2026-02-13 18:12:42,130 - Drone_2 - INFO - Drone 2: Reached target position
2026-02-13 18:12:42,387 - Drone_2 - INFO - Drone 2: Flying to {'x': -201.11514526293686, 'y': 15.109173265782882, 'z': 60.0}
2026-02-13 18:12:42,387 - Drone_3 - INFO - Drone 3: Flying to {'x': -177.712606125906, 'y': 28.236288788232557, 'z': 60.0}
2026-02-13 18:12:42,387 - Drone_4 - INFO - Drone 4: Flying to {'x': -214.24226078538655, 'y': 38.511712402813735, 'z': 60.0}
2026-02-13 18:12:42,732 - Drone_3 - INFO - Drone 3: Reached target position
2026-02-13 18:12:43,133 - Drone_4 - INFO - Drone 4: Reached target position
2026-02-13 18:12:43,134 - Drone_2 - INFO - Drone 2: Reached target position
2026-02-13 18:12:43,388 - Drone_2 - INFO - Drone 2: Flying to {'x': -202.91747235718415, 'y': 5.800190793007054, 'z': 60.0}
2026-02-13 18:12:43,388 - Drone_3 - INFO - Drone 3: Flying to {'x': -180.7843915189972, 'y': 20.970119356130905, 'z': 60.0}
2026-02-13 18:12:43,389 - Drone_4 - INFO - Drone 4: Flying to {'x': -218.087400920308, 'y': 27.93327163119402, 'z': 60.0}
2026-02-13 18:12:43,838 - Drone_3 - INFO - Drone 3: Reached target position
2026-02-13 18:12:44,138 - Drone_4 - INFO - Drone 4: Reached target position
2026-02-13 18:12:44,140 - Drone_2 - INFO - Drone 2: Reached target position
2026-02-13 18:12:44,390 - Drone_2 - INFO - Drone 2: Flying to {'x': -203.87867599990767, 'y': -3.63648747210008, 'z': 60.0}
2026-02-13 18:12:44,390 - Drone_3 - INFO - Drone 3: Flying to {'x': -183.19359337471178, 'y': 13.455246108459255, 'z': 60.0}
2026-02-13 18:12:44,391 - Drone_4 - INFO - Drone 4: Flying to {'x': -220.970409580467, 'y': 17.0485951530958, 'z': 60.0}
2026-02-13 18:12:44,844 - Drone_3 - INFO - Drone 3: Reached target position
2026-02-13 18:12:45,144 - Drone_4 - INFO - Drone 4: Reached target position
2026-02-13 18:12:45,146 - Drone_2 - INFO - Drone 2: Reached target position
2026-02-13 18:12:45,392 - Drone_2 - INFO - Drone 2: Flying to {'x': -203.96816041188984, 'y': -13.116285605863935, 'z': 60.0}
2026-02-13 18:12:45,393 - Drone_3 - INFO - Drone 3: Flying to {'x': -184.88063511014306, 'y': 5.742833616813934, 'z': 60.0}
2026-02-13 18:12:45,393 - Drone_4 - INFO - Drone 4: Flying to {'x': -222.8272796345677, 'y': 5.971239695882812, 'z': 60.0}
2026-02-13 18:12:45,849 - Drone_3 - INFO - Drone 3: Reached target position
2026-02-13 18:12:46,149 - Drone_4 - INFO - Drone 4: Reached target position
2026-02-13 18:12:46,151 - Drone_2 - INFO - Drone 2: Reached target position
2026-02-13 18:12:46,394 - Drone_2 - INFO - Drone 2: Flying to {'x': -203.18003954002154, 'y': -22.507412098084142, 'z': 60.0}
2026-02-13 18:12:46,395 - Drone_3 - INFO - Drone 3: Flying to {'x': -185.796094127924, 'y': -2.0672936564211453, 'z': 60.0}
2026-02-13 18:12:46,396 - Drone_4 - INFO - Drone 4: Flying to {'x': -223.62015798168457, 'y': -5.123466685986573, 'z': 60.0}
2026-02-13 18:12:46,854 - Drone_3 - INFO - Drone 3: Reached target position
2026-02-13 18:12:47,057 - Drone_2 - INFO - Drone 2: Reached target position
2026-02-13 18:12:47,057 - Drone_4 - INFO - Drone 4: Reached target position
2026-02-13 18:12:47,398 - Drone_2 - INFO - Drone 2: Flying to {'x': -201.53116510134953, 'y': -31.737439197109254, 'z': 60.0}
2026-02-13 18:12:47,399 - Drone_3 - INFO - Drone 3: Flying to {'x': -185.91985468453862, 'y': -9.913438943490048, 'z': 60.0}
2026-02-13 18:12:47,400 - Drone_4 - INFO - Drone 4: Flying to {'x': -223.35516535496873, 'y': -16.126128780298348, 'z': 60.0}
2026-02-13 18:12:47,959 - Drone_3 - INFO - Drone 3: Reached target position
2026-02-13 18:12:48,061 - Drone_2 - INFO - Drone 2: Reached target position
2026-02-13 18:12:48,062 - Drone_4 - INFO - Drone 4: Reached target position
2026-02-13 18:12:48,401 - Drone_2 - INFO - Drone 2: Flying to {'x': -199.06264081254287, 'y': -40.70693327743961, 'z': 60.0}
2026-02-13 18:12:48,401 - Drone_3 - INFO - Drone 3: Flying to {'x': -185.25059720759236, 'y': -17.701989211979544, 'z': 60.0}
2026-02-13 18:12:48,402 - Drone_4 - INFO - Drone 4: Flying to {'x': -222.06758487800292, 'y': -26.89488967248912, 'z': 60.0}
2026-02-13 18:12:48,965 - Drone_3 - INFO - Drone 3: Reached target position
2026-02-13 18:12:49,066 - Drone_2 - INFO - Drone 2: Reached target position
2026-02-13 18:12:49,067 - Drone_4 - INFO - Drone 4: Reached target position
2026-02-13 18:12:49,402 - Drone_2 - INFO - Drone 2: Flying to {'x': -195.83416411866037, 'y': -49.33852454703098, 'z': 60.0}
2026-02-13 18:12:49,403 - Drone_3 - INFO - Drone 3: Flying to {'x': -183.81125952205545, 'y': -25.34999051385305, 'z': 60.0}
2026-02-13 18:12:49,403 - Drone_4 - INFO - Drone 4: Flying to {'x': -219.8226981518383, 'y': -37.31561995042604, 'z': 60.0}
2026-02-13 18:12:49,971 - Drone_3 - INFO - Drone 3: Reached target position
2026-02-13 18:12:50,071 - Drone_2 - INFO - Drone 2: Reached target position
2026-02-13 18:12:50,072 - Drone_4 - INFO - Drone 4: Reached target position
2026-02-13 18:12:50,405 - Drone_2 - INFO - Drone 2: Flying to {'x': -191.9041584103661, 'y': -57.59938803354178, 'z': 60.0}
2026-02-13 18:12:50,405 - Drone_3 - INFO - Drone 3: Flying to {'x': -181.63598044407303, 'y': -32.808976152079765, 'z': 60.0}
2026-02-13 18:12:50,405 - Drone_4 - INFO - Drone 4: Flying to {'x': -216.69457029182814, 'y': -47.331210067248676, 'z': 60.0}
2026-02-13 18:12:50,976 - Drone_3 - INFO - Drone 3: Reached target position
2026-02-13 18:12:50,977 - Drone_4 - INFO - Drone 4: Reached target position
2026-02-13 18:12:51,080 - Drone_2 - INFO - Drone 2: Reached target position
2026-02-13 18:12:51,406 - Drone_2 - INFO - Drone 2: Flying to {'x': -187.35237811392653, 'y': -65.43460026999375, 'z': 60.0}
2026-02-13 18:12:51,407 - Drone_3 - INFO - Drone 3: Flying to {'x': -178.7795247787546, 'y': -40.008114360737004, 'z': 60.0}
2026-02-13 18:12:51,408 - Drone_4 - INFO - Drone 4: Flying to {'x': -212.77886402318327, 'y': -56.86174693482184, 'z': 60.0}
2026-02-13 18:12:51,980 - Drone_3 - INFO - Drone 3: Reached target position
2026-02-13 18:12:51,984 - Drone_4 - INFO - Drone 4: Reached target position
2026-02-13 18:12:52,085 - Drone_2 - INFO - Drone 2: Reached target position
2026-02-13 18:12:52,408 - Drone_2 - INFO - Drone 2: Flying to {'x': -182.2271626498118, 'y': -72.85713078568043, 'z': 60.0}
2026-02-13 18:12:52,409 - Drone_3 - INFO - Drone 3: Flying to {'x': -175.2837175240115, 'y': -46.938246361674054, 'z': 60.0}
2026-02-13 18:12:52,409 - Drone_4 - INFO - Drone 4: Flying to {'x': -208.14604707381815, 'y': -65.91368565988017, 'z': 60.0}
2026-02-13 18:12:52,989 - Drone_4 - INFO - Drone 4: Reached target position
2026-02-13 18:12:53,087 - Drone_3 - INFO - Drone 3: Reached target position
2026-02-13 18:12:53,090 - Drone_2 - INFO - Drone 2: Reached target position
2026-02-13 18:12:53,291 - PhysicalMLTrainer_Drone1 - INFO - Physical ML model trained drone=1 samples=7451 degree=2 alpha=0.0 val_mse=0.000247
2026-02-13 18:12:53,395 - PhysicalMLTrainer_Drone5 - INFO - Physical ML model trained drone=5 samples=7501 degree=2 alpha=0.0 val_mse=0.000003
2026-02-13 18:12:53,410 - Drone_2 - INFO - Drone 2: Flying to {'x': -176.46178616907176, 'y': -80.00205835766475, 'z': 60.0}
2026-02-13 18:12:53,410 - Drone_3 - INFO - Drone 3: Flying to {'x': -171.10627570752578, 'y': -53.70912189753781, 'z': 60.0}
2026-02-13 18:12:53,410 - Drone_4 - INFO - Drone 4: Flying to {'x': -202.75472262919865, 'y': -74.64654789611882, 'z': 60.0}
2026-02-13 18:12:53,514 - PhysicalMLTrainer_Drone3 - INFO - Physical ML model trained drone=3 samples=7501 degree=2 alpha=0.0 val_mse=0.000900
2026-02-13 18:12:53,720 - PhysicalMLTrainer_Drone2 - INFO - Physical ML model trained drone=2 samples=7501 degree=2 alpha=0.0 val_mse=0.001052
2026-02-13 18:12:53,822 - PhysicalMLTrainer_Drone4 - INFO - Physical ML model trained drone=4 samples=7501 degree=2 alpha=0.0 val_mse=0.001022
2026-02-13 18:12:53,923 - Drone_4 - INFO - Drone 4: Reached target position
2026-02-13 18:12:54,016 - Drone_3 - INFO - Drone 3: Reached target position
2026-02-13 18:12:54,022 - Drone_2 - INFO - Drone 2: Reached target position
2026-02-13 18:12:54,411 - Drone_2 - INFO - Drone 2: Flying to {'x': -170.96826041033037, 'y': -85.94945922097878, 'z': 60.0}
2026-02-13 18:12:54,411 - Drone_3 - INFO - Drone 3: Flying to {'x': -166.94952818104335, 'y': -59.41929165141206, 'z': 60.0}
2026-02-13 18:12:54,412 - Drone_4 - INFO - Drone 4: Flying to {'x': -197.4984279798971, 'y': -81.93072699169173, 'z': 60.0}
2026-02-13 18:12:54,829 - Drone_4 - INFO - Drone 4: Reached target position
2026-02-13 18:12:54,920 - Drone_3 - INFO - Drone 3: Reached target position
2026-02-13 18:12:54,926 - Drone_2 - INFO - Drone 2: Reached target position
2026-02-13 18:12:55,412 - Drone_2 - INFO - Drone 2: Flying to {'x': -164.62186446095416, 'y': -92.02360616279272, 'z': 60.0}
2026-02-13 18:12:55,413 - Drone_3 - INFO - Drone 3: Flying to {'x': -161.98445840667156, 'y': -65.32072075119659, 'z': 60.0}
2026-02-13 18:12:55,413 - Drone_4 - INFO - Drone 4: Flying to {'x': -191.3247498725503, 'y': -89.38620010851012, 'z': 60.0}
2026-02-13 18:12:55,835 - Drone_4 - INFO - Drone 4: Reached target position
2026-02-13 18:12:55,930 - Drone_2 - INFO - Drone 2: Reached target position
2026-02-13 18:12:56,024 - Drone_3 - INFO - Drone 3: Reached target position
2026-02-13 18:12:56,413 - Drone_2 - INFO - Drone 2: Flying to {'x': -157.93745236307578, 'y': -97.68970665895763, 'z': 60.0}
2026-02-13 18:12:56,414 - Drone_3 - INFO - Drone 3: Flying to {'x': -156.6067567267101, 'y': -70.88990723576497, 'z': 60.0}
2026-02-13 18:12:56,414 - Drone_4 - INFO - Drone 4: Flying to {'x': -184.73725178626842, 'y': -96.35901102259197, 'z': 60.0}
2026-02-13 18:12:56,839 - Drone_4 - INFO - Drone 4: Reached target position
2026-02-13 18:12:56,935 - Drone_2 - INFO - Drone 2: Reached target position
2026-02-13 18:12:57,031 - Drone_3 - INFO - Drone 3: Reached target position
2026-02-13 18:12:57,415 - Drone_2 - INFO - Drone 2: Flying to {'x': -150.9996233256762, 'y': -102.92828812279934, 'z': 60.0}
2026-02-13 18:12:57,416 - Drone_3 - INFO - Drone 3: Flying to {'x': -150.8976481091528, 'y': -76.09566616639681, 'z': 60.0}
2026-02-13 18:12:57,417 - Drone_4 - INFO - Drone 4: Flying to {'x': -177.83224528207873, 'y': -102.82631290627594, 'z': 60.0}
2026-02-13 18:12:57,743 - Drone_4 - INFO - Drone 4: Reached target position
2026-02-13 18:12:57,942 - Drone_2 - INFO - Drone 2: Reached target position
2026-02-13 18:12:58,044 - Drone_3 - INFO - Drone 3: Reached target position
2026-02-13 18:12:58,418 - Drone_2 - INFO - Drone 2: Flying to {'x': -143.79321359307497, 'y': -107.7943563292503, 'z': 60.0}
2026-02-13 18:12:58,419 - Drone_3 - INFO - Drone 3: Flying to {'x': -144.8565171811289, 'y': -80.98261663411618, 'z': 60.0}
2026-02-13 18:12:58,420 - Drone_4 - INFO - Drone 4: Flying to {'x': -170.6049532882091, 'y': -108.85765991730425, 'z': 60.0}
2026-02-13 18:12:58,748 - Drone_4 - INFO - Drone 4: Reached target position
2026-02-13 18:12:58,946 - Drone_2 - INFO - Drone 2: Reached target position
2026-02-13 18:12:59,049 - Drone_3 - INFO - Drone 3: Reached target position
2026-02-13 18:12:59,421 - Drone_2 - INFO - Drone 2: Flying to {'x': -136.431851636507, 'y': -112.2517905480641, 'z': 60.0}
2026-02-13 18:12:59,421 - Drone_3 - INFO - Drone 3: Flying to {'x': -138.59005431293735, 'y': -85.50590934726145, 'z': 60.0}
2026-02-13 18:12:59,422 - Drone_4 - INFO - Drone 4: Flying to {'x': -163.17773283730966, 'y': -114.40999322449443, 'z': 60.0}
2026-02-13 18:12:59,755 - Drone_4 - INFO - Drone 4: Reached target position
2026-02-13 18:12:59,951 - Drone_2 - INFO - Drone 2: Reached target position
2026-02-13 18:13:00,053 - Drone_3 - INFO - Drone 3: Reached target position
2026-02-13 18:13:00,423 - Drone_2 - INFO - Drone 2: Flying to {'x': -128.8592750743229, 'y': -116.36900452929291, 'z': 60.0}
2026-02-13 18:13:00,424 - Drone_3 - INFO - Drone 3: Flying to {'x': -132.06051000961932, 'y': -89.72783160299258, 'z': 60.0}
2026-02-13 18:13:00,425 - Drone_4 - INFO - Drone 4: Flying to {'x': -155.50044800062327, 'y': -119.57023946458932, 'z': 60.0}
2026-02-13 18:13:00,761 - Drone_4 - INFO - Drone 4: Reached target position
2026-02-13 18:13:00,955 - Drone_2 - INFO - Drone 2: Reached target position
2026-02-13 18:13:01,056 - Drone_3 - INFO - Drone 3: Reached target position
2026-02-13 18:13:01,426 - Drone_2 - INFO - Drone 2: Flying to {'x': -121.17583323263979, 'y': -120.12037039074505, 'z': 60.0}
2026-02-13 18:13:01,426 - Drone_3 - INFO - Drone 3: Flying to {'x': -125.36337267103498, 'y': -93.6163232761649, 'z': 60.0}
2026-02-13 18:13:01,426 - Drone_4 - INFO - Drone 4: Flying to {'x': -147.67988034721995, 'y': -124.30790982914024, 'z': 60.0}
2026-02-13 18:13:01,764 - Drone_4 - INFO - Drone 4: Reached target position
2026-02-13 18:13:01,860 - Drone_2 - INFO - Drone 2: Reached target position
2026-02-13 18:13:02,062 - Drone_3 - INFO - Drone 3: Reached target position
2026-02-13 18:13:02,427 - Drone_2 - INFO - Drone 2: Flying to {'x': -113.35696358861233, 'y': -123.54496923949795, 'z': 60.0}
2026-02-13 18:13:02,427 - Drone_3 - INFO - Drone 3: Flying to {'x': -118.48554052646467, 'y': -97.20682772206112, 'z': 60.0}
2026-02-13 18:13:02,427 - Drone_4 - INFO - Drone 4: Flying to {'x': -139.69510510604914, 'y': -128.6735461773503, 'z': 60.0}
2026-02-13 18:13:02,769 - Drone_4 - INFO - Drone 4: Reached target position
2026-02-13 18:13:02,865 - Drone_2 - INFO - Drone 2: Reached target position
2026-02-13 18:13:03,068 - Drone_3 - INFO - Drone 3: Reached target position
2026-02-13 18:13:03,428 - Drone_2 - INFO - Drone 2: Flying to {'x': -105.43444584132203, 'y': -126.6500105801082, 'z': 60.0}
2026-02-13 18:13:03,428 - Drone_3 - INFO - Drone 3: Flying to {'x': -111.46196145233446, 'y': -100.50294467284048, 'z': 60.0}
2026-02-13 18:13:03,429 - Drone_4 - INFO - Drone 4: Flying to {'x': -131.58151174858975, 'y': -132.67752619112065, 'z': 60.0}
2026-02-13 18:13:03,775 - Drone_4 - INFO - Drone 4: Reached target position
2026-02-13 18:13:03,870 - Drone_2 - INFO - Drone 2: Reached target position
2026-02-13 18:13:04,074 - Drone_3 - INFO - Drone 3: Reached target position
2026-02-13 18:13:04,429 - Drone_2 - INFO - Drone 2: Flying to {'x': -97.41332320118788, 'y': -129.4518823016498, 'z': 60.0}
2026-02-13 18:13:04,430 - Drone_3 - INFO - Drone 3: Flying to {'x': -104.30332381302986, 'y': -103.51873957715885, 'z': 60.0}
2026-02-13 18:13:04,430 - Drone_4 - INFO - Drone 4: Flying to {'x': -123.3464659256788, 'y': -136.3418829134918, 'z': 60.0}
2026-02-13 18:13:04,779 - Drone_4 - INFO - Drone 4: Reached target position
2026-02-13 18:13:04,876 - Drone_2 - INFO - Drone 2: Reached target position
2026-02-13 18:13:05,078 - Drone_3 - INFO - Drone 3: Reached target position
2026-02-13 18:13:05,431 - Drone_2 - INFO - Drone 2: Flying to {'x': -89.32203143235667, 'y': -131.9567310623524, 'z': 60.0}
2026-02-13 18:13:05,431 - Drone_3 - INFO - Drone 3: Flying to {'x': -97.04054552252887, 'y': -106.25800463009872, 'z': 60.0}
2026-02-13 18:13:05,431 - Drone_4 - INFO - Drone 4: Flying to {'x': -115.02075786461035, 'y': -139.6752451525246, 'z': 60.0}
2026-02-13 18:13:05,784 - Drone_4 - INFO - Drone 4: Reached target position
2026-02-13 18:13:05,880 - Drone_2 - INFO - Drone 2: Reached target position
2026-02-13 18:13:06,082 - Drone_3 - INFO - Drone 3: Reached target position
2026-02-13 18:13:06,432 - Drone_2 - INFO - Drone 2: Flying to {'x': -81.15956153259098, 'y': -134.17875802425496, 'z': 60.0}
2026-02-13 18:13:06,432 - Drone_3 - INFO - Drone 3: Flying to {'x': -89.67762845621637, 'y': -108.73386588684083, 'z': 60.0}
2026-02-13 18:13:06,433 - Drone_4 - INFO - Drone 4: Flying to {'x': -106.60445367000511, 'y': -142.69682494788034, 'z': 60.0}
2026-02-13 18:13:06,789 - Drone_4 - INFO - Drone 4: Reached target position
2026-02-13 18:13:06,885 - Drone_2 - INFO - Drone 2: Reached target position
2026-02-13 18:13:07,087 - Drone_3 - INFO - Drone 3: Reached target position
2026-02-13 18:13:07,434 - Drone_2 - INFO - Drone 2: Flying to {'x': -72.93498431997509, 'y': -136.1266591659705, 'z': 60.0}
2026-02-13 18:13:07,434 - Drone_3 - INFO - Drone 3: Flying to {'x': -82.22702242970375, 'y': -110.95409418408298, 'z': 60.0}
2026-02-13 18:13:07,434 - Drone_4 - INFO - Drone 4: Flying to {'x': -98.1075493018626, 'y': -145.41869727569917, 'z': 60.0}
2026-02-13 18:13:07,794 - Drone_4 - INFO - Drone 4: Reached target position
2026-02-13 18:13:07,890 - Drone_2 - INFO - Drone 2: Reached target position
2026-02-13 18:13:08,095 - Drone_3 - INFO - Drone 3: Reached target position
2026-02-13 18:13:08,435 - Drone_2 - INFO - Drone 2: Flying to {'x': -64.65286110271471, 'y': -137.8085396565906, 'z': 60.0}
2026-02-13 18:13:08,436 - Drone_3 - INFO - Drone 3: Flying to {'x': -74.69663005025478, 'y': -112.92636319775907, 'z': 60.0}
2026-02-13 18:13:08,437 - Drone_4 - INFO - Drone 4: Flying to {'x': -89.53503756154625, 'y': -147.85230860413066, 'z': 60.0}
2026-02-13 18:13:08,895 - Drone_2 - INFO - Drone 2: Reached target position
2026-02-13 18:13:08,900 - Drone_4 - INFO - Drone 4: Reached target position
2026-02-13 18:13:09,100 - Drone_3 - INFO - Drone 3: Reached target position
2026-02-13 18:13:09,440 - Drone_2 - INFO - Drone 2: Flying to {'x': -56.331138217945224, 'y': -139.22874316610392, 'z': 60.0}
2026-02-13 18:13:09,440 - Drone_3 - INFO - Drone 3: Flying to {'x': -67.10616557747696, 'y': -114.65439097929456, 'z': 60.0}
2026-02-13 18:13:09,441 - Drone_4 - INFO - Drone 4: Flying to {'x': -80.9054904047546, 'y': -150.00377052563567, 'z': 60.0}
2026-02-13 18:13:09,901 - Drone_2 - INFO - Drone 2: Reached target position
2026-02-13 18:13:09,907 - Drone_4 - INFO - Drone 4: Reached target position
2026-02-13 18:13:10,107 - Drone_3 - INFO - Drone 3: Reached target position
2026-02-13 18:13:10,442 - Drone_2 - INFO - Drone 2: Flying to {'x': -47.974475941487576, 'y': -140.39343966831115, 'z': 60.0}
2026-02-13 18:13:10,442 - Drone_3 - INFO - Drone 3: Flying to {'x': -59.46294664260445, 'y': -116.14441822517702, 'z': 60.0}
2026-02-13 18:13:10,442 - Drone_4 - INFO - Drone 4: Flying to {'x': -72.22349738462172, 'y': -151.88191036942803, 'z': 60.0}
2026-02-13 18:13:10,909 - Drone_2 - INFO - Drone 2: Reached target position
2026-02-13 18:13:10,914 - Drone_4 - INFO - Drone 4: Reached target position
2026-02-13 18:13:11,115 - Drone_3 - INFO - Drone 3: Reached target position
2026-02-13 18:13:11,443 - Drone_2 - INFO - Drone 2: Flying to {'x': -39.582845443223306, 'y': -141.30793718116584, 'z': 60.0}
2026-02-13 18:13:11,444 - Drone_3 - INFO - Drone 3: Flying to {'x': -51.76966772859507, 'y': -117.40226081372609, 'z': 60.0}
2026-02-13 18:13:11,444 - Drone_4 - INFO - Drone 4: Flying to {'x': -63.48852181066304, 'y': -153.4947594665376, 'z': 60.0}
2026-02-13 18:13:11,814 - Drone_2 - INFO - Drone 2: Reached target position
2026-02-13 18:13:11,921 - Drone_4 - INFO - Drone 4: Reached target position
2026-02-13 18:13:12,123 - Drone_3 - INFO - Drone 3: Reached target position
2026-02-13 18:13:12,445 - Drone_2 - INFO - Drone 2: Flying to {'x': -31.17621663284418, 'y': -141.97461186826536, 'z': 60.0}
2026-02-13 18:13:12,446 - Drone_3 - INFO - Drone 3: Flying to {'x': -44.047114854219636, 'y': -118.43018622279688, 'z': 60.0}
2026-02-13 18:13:12,446 - Drone_4 - INFO - Drone 4: Flying to {'x': -54.72064227831266, 'y': -154.84551008964078, 'z': 60.0}
2026-02-13 18:13:12,822 - Drone_2 - INFO - Drone 2: Reached target position
2026-02-13 18:13:12,927 - Drone_4 - INFO - Drone 4: Reached target position
2026-02-13 18:13:13,128 - Drone_3 - INFO - Drone 3: Reached target position
2026-02-13 18:13:13,436 - PhysicalMLTrainer_Drone1 - INFO - Physical ML model trained drone=1 samples=7651 degree=2 alpha=0.0 val_mse=0.000272
2026-02-13 18:13:13,447 - Drone_2 - INFO - Drone 2: Flying to {'x': -22.7496906451452, 'y': -142.39747815370254, 'z': 60.0}
2026-02-13 18:13:13,447 - Drone_3 - INFO - Drone 3: Flying to {'x': -36.29302848396242, 'y': -119.23332480885392, 'z': 60.0}
2026-02-13 18:13:13,447 - Drone_4 - INFO - Drone 4: Flying to {'x': -45.91384398999382, 'y': -155.94081599251976, 'z': 60.0}
2026-02-13 18:13:13,545 - PhysicalMLTrainer_Drone5 - INFO - Physical ML model trained drone=5 samples=7701 degree=2 alpha=0.0 val_mse=0.000003
2026-02-13 18:13:13,654 - PhysicalMLTrainer_Drone3 - INFO - Physical ML model trained drone=3 samples=7701 degree=2 alpha=0.0 val_mse=0.000961
2026-02-13 18:13:13,844 - Drone_2 - INFO - Drone 2: Reached target position
2026-02-13 18:13:13,866 - PhysicalMLTrainer_Drone2 - INFO - Physical ML model trained drone=2 samples=7701 degree=2 alpha=0.0 val_mse=0.001052
2026-02-13 18:13:13,944 - Drone_4 - INFO - Drone 4: Reached target position
2026-02-13 18:13:13,963 - PhysicalMLTrainer_Drone4 - INFO - Physical ML model trained drone=4 samples=7701 degree=2 alpha=0.0 val_mse=0.000978
2026-02-13 18:13:14,156 - Drone_3 - INFO - Drone 3: Reached target position
2026-02-13 18:13:14,448 - Drone_2 - INFO - Drone 2: Flying to {'x': -14.104854333865301, 'y': -142.5794913110578, 'z': 60.0}
2026-02-13 18:13:14,449 - Drone_3 - INFO - Drone 3: Flying to {'x': -28.326384664933347, 'y': -119.82541310422835, 'z': 60.0}
2026-02-13 18:13:14,449 - Drone_4 - INFO - Drone 4: Flying to {'x': -36.85893254069477, 'y': -156.80102164212585, 'z': 60.0}
2026-02-13 18:13:14,771 - Drone_2 - INFO - Drone 2: Reached target position
2026-02-13 18:13:14,970 - Drone_4 - INFO - Drone 4: Reached target position
2026-02-13 18:13:15,062 - Drone_3 - INFO - Drone 3: Reached target position
2026-02-13 18:13:15,450 - Drone_2 - INFO - Drone 2: Flying to {'x': -6.506791549779404, 'y': -142.53157428814356, 'z': 60.0}
2026-02-13 18:13:15,451 - Drone_3 - INFO - Drone 3: Flying to {'x': -21.316319380171887, 'y': -120.15574166808602, 'z': 60.0}
2026-02-13 18:13:15,452 - Drone_4 - INFO - Drone 4: Flying to {'x': -28.882624169836934, 'y': -157.34110211853604, 'z': 60.0}
2026-02-13 18:13:15,676 - Drone_2 - INFO - Drone 2: Reached target position
2026-02-13 18:13:15,876 - Drone_4 - INFO - Drone 4: Reached target position
2026-02-13 18:13:16,069 - Drone_3 - INFO - Drone 3: Reached target position
2026-02-13 18:13:16,453 - Drone_2 - INFO - Drone 2: Flying to {'x': 1.9284509511389998, 'y': -142.25115041572255, 'z': 60.0}
2026-02-13 18:13:16,454 - Drone_3 - INFO - Drone 3: Flying to {'x': -13.526500185153578, 'y': -120.3161444805784, 'z': 60.0}
2026-02-13 18:13:16,455 - Drone_4 - INFO - Drone 4: Flying to {'x': -20.00655498400514, 'y': -157.70610155201513, 'z': 60.0}
2026-02-13 18:13:16,784 - Drone_2 - INFO - Drone 2: Reached target position
2026-02-13 18:13:16,884 - Drone_4 - INFO - Drone 4: Reached target position
2026-02-13 18:13:17,176 - Drone_3 - INFO - Drone 3: Reached target position
2026-02-13 18:13:17,457 - Drone_2 - INFO - Drone 2: Flying to {'x': 10.356919910782523, 'y': -141.73195414476487, 'z': 60.0}
2026-02-13 18:13:17,457 - Drone_3 - INFO - Drone 3: Flying to {'x': -5.736643518283638, 'y': -120.26110841958155, 'z': 60.0}
2026-02-13 18:13:17,457 - Drone_4 - INFO - Drone 4: Flying to {'x': -11.113925814400831, 'y': -157.82551757383104, 'z': 60.0}
2026-02-13 18:13:17,789 - Drone_2 - INFO - Drone 2: Reached target position
2026-02-13 18:13:17,993 - Drone_4 - INFO - Drone 4: Reached target position
2026-02-13 18:13:18,081 - Drone_3 - INFO - Drone 3: Reached target position
2026-02-13 18:13:18,458 - Drone_2 - INFO - Drone 2: Flying to {'x': 18.78019781769805, 'y': -140.97296515330007, 'z': 60.0}
2026-02-13 18:13:18,458 - Drone_3 - INFO - Drone 3: Flying to {'x': 2.053366703419038, 'y': -119.99170873538296, 'z': 60.0}
2026-02-13 18:13:18,459 - Drone_4 - INFO - Drone 4: Flying to {'x': -2.201058600219058, 'y': -157.69979626757907, 'z': 60.0}
2026-02-13 18:13:18,795 - Drone_2 - INFO - Drone 2: Reached target position
2026-02-13 18:13:18,999 - Drone_4 - INFO - Drone 4: Reached target position
2026-02-13 18:13:19,190 - Drone_3 - INFO - Drone 3: Reached target position
2026-02-13 18:13:19,461 - Drone_2 - INFO - Drone 2: Flying to {'x': 27.185057772679432, 'y': -139.97370809779463, 'z': 60.0}
2026-02-13 18:13:19,461 - Drone_3 - INFO - Drone 3: Flying to {'x': 9.83010085602037, 'y': -119.50897085489537, 'z': 60.0}
2026-02-13 18:13:19,461 - Drone_4 - INFO - Drone 4: Flying to {'x': 6.720320529780172, 'y': -157.32866501445372, 'z': 60.0}
2026-02-13 18:13:19,802 - Drone_2 - INFO - Drone 2: Reached target position
2026-02-13 18:13:20,005 - Drone_4 - INFO - Drone 4: Reached target position
2026-02-13 18:13:20,097 - Drone_3 - INFO - Drone 3: Reached target position
2026-02-13 18:13:20,462 - Drone_2 - INFO - Drone 2: Flying to {'x': 35.55745649663989, 'y': -138.73407054562995, 'z': 60.0}
2026-02-13 18:13:20,463 - Drone_3 - INFO - Drone 3: Flying to {'x': 17.579518432395574, 'y': -118.81438824499585, 'z': 60.0}
2026-02-13 18:13:20,463 - Drone_4 - INFO - Drone 4: Flying to {'x': 15.63777419600579, 'y': -156.71200860987426, 'z': 60.0}
2026-02-13 18:13:20,808 - Drone_2 - INFO - Drone 2: Reached target position
2026-02-13 18:13:21,012 - Drone_4 - INFO - Drone 4: Reached target position
2026-02-13 18:13:21,203 - Drone_3 - INFO - Drone 3: Reached target position
2026-02-13 18:13:21,464 - Drone_2 - INFO - Drone 2: Flying to {'x': 43.899052075327724, 'y': -137.2512100229473, 'z': 60.0}
2026-02-13 18:13:21,465 - Drone_3 - INFO - Drone 3: Flying to {'x': 25.30228373421044, 'y': -117.90798880033762, 'z': 60.0}
2026-02-13 18:13:21,466 - Drone_4 - INFO - Drone 4: Flying to {'x': 24.555830852718024, 'y': -155.8479783640646, 'z': 60.0}
2026-02-13 18:13:21,814 - Drone_2 - INFO - Drone 2: Reached target position
2026-02-13 18:13:22,020 - Drone_4 - INFO - Drone 4: Reached target position
2026-02-13 18:13:22,109 - Drone_3 - INFO - Drone 3: Reached target position
2026-02-13 18:13:22,467 - Drone_2 - INFO - Drone 2: Flying to {'x': 52.201867495255854, 'y': -135.52285482840054, 'z': 60.0}
2026-02-13 18:13:22,468 - Drone_3 - INFO - Drone 3: Flying to {'x': 32.99033126885684, 'y': -116.79007938476278, 'z': 60.0}
2026-02-13 18:13:22,469 - Drone_4 - INFO - Drone 4: Flying to {'x': 33.46909205161808, 'y': -154.73439105479954, 'z': 60.0}
2026-02-13 18:13:22,821 - Drone_2 - INFO - Drone 2: Reached target position
2026-02-13 18:13:23,026 - Drone_4 - INFO - Drone 4: Reached target position
2026-02-13 18:13:23,216 - Drone_3 - INFO - Drone 3: Reached target position
2026-02-13 18:13:23,470 - Drone_2 - INFO - Drone 2: Flying to {'x': 60.47210450050224, 'y': -133.5425679730368, 'z': 60.0}
2026-02-13 18:13:23,471 - Drone_3 - INFO - Drone 3: Flying to {'x': 40.64894159929346, 'y': -115.45825950983755, 'z': 60.0}
2026-02-13 18:13:23,472 - Drone_4 - INFO - Drone 4: Flying to {'x': 42.387796037303005, 'y': -153.3657308742456, 'z': 60.0}
2026-02-13 18:13:23,828 - Drone_2 - INFO - Drone 2: Reached target position
2026-02-13 18:13:24,033 - Drone_4 - INFO - Drone 4: Reached target position
2026-02-13 18:13:24,123 - Drone_3 - INFO - Drone 3: Reached target position
2026-02-13 18:13:24,475 - Drone_2 - INFO - Drone 2: Flying to {'x': 68.68894402962997, 'y': -131.3092919225703, 'z': 60.0}
2026-02-13 18:13:24,476 - Drone_3 - INFO - Drone 3: Flying to {'x': 48.25861706171322, 'y': -113.91384021863307, 'z': 60.0}
2026-02-13 18:13:24,478 - Drone_4 - INFO - Drone 4: Flying to {'x': 51.293492325692704, 'y': -151.7396188904871, 'z': 60.0}
2026-02-13 18:13:24,735 - Drone_2 - INFO - Drone 2: Reached target position
2026-02-13 18:13:25,040 - Drone_4 - INFO - Drone 4: Reached target position
2026-02-13 18:13:25,229 - Drone_3 - INFO - Drone 3: Reached target position
2026-02-13 18:13:25,479 - Drone_2 - INFO - Drone 2: Flying to {'x': 76.84781239268334, 'y': -128.8176296781433, 'z': 60.0}
2026-02-13 18:13:25,480 - Drone_3 - INFO - Drone 3: Flying to {'x': 55.81520271426112, 'y': -112.15541703650592, 'z': 60.0}
2026-02-13 18:13:25,481 - Drone_4 - INFO - Drone 4: Flying to {'x': 60.18559975104594, 'y': -149.8502393565655, 'z': 60.0}
2026-02-13 18:13:25,742 - Drone_2 - INFO - Drone 2: Reached target position
2026-02-13 18:13:26,047 - Drone_4 - INFO - Drone 4: Reached target position
2026-02-13 18:13:26,136 - Drone_3 - INFO - Drone 3: Reached target position
2026-02-13 18:13:26,482 - Drone_2 - INFO - Drone 2: Flying to {'x': 84.95639613477746, 'y': -126.0563894244527, 'z': 60.0}
2026-02-13 18:13:26,483 - Drone_3 - INFO - Drone 3: Flying to {'x': 63.326262076557704, 'y': -110.17755758380895, 'z': 60.0}
2026-02-13 18:13:26,483 - Drone_4 - INFO - Drone 4: Flying to {'x': 69.0775642941337, 'y': -147.68652348267244, 'z': 60.0}
2026-02-13 18:13:26,747 - Drone_2 - INFO - Drone 2: Reached target position
2026-02-13 18:13:27,053 - Drone_4 - INFO - Drone 4: Reached target position
2026-02-13 18:13:27,244 - Drone_3 - INFO - Drone 3: Reached target position
2026-02-13 18:13:27,484 - Drone_2 - INFO - Drone 2: Flying to {'x': 92.98270327788234, 'y': -123.02671948753505, 'z': 60.0}
2026-02-13 18:13:27,485 - Drone_3 - INFO - Drone 3: Flying to {'x': 70.7630355087853, 'y': -107.98390179167266, 'z': 60.0}
2026-02-13 18:13:27,486 - Drone_4 - INFO - Drone 4: Flying to {'x': 77.93988558201997, 'y': -145.2463872566321, 'z': 60.0}
2026-02-13 18:13:27,754 - Drone_2 - INFO - Drone 2: Reached target position
2026-02-13 18:13:28,150 - Drone_3 - INFO - Drone 3: Reached target position
2026-02-13 18:13:28,163 - Drone_4 - INFO - Drone 4: Reached target position
2026-02-13 18:13:28,487 - Drone_2 - INFO - Drone 2: Flying to {'x': 100.91219035725823, 'y': -119.72437164713625, 'z': 60.0}
2026-02-13 18:13:28,488 - Drone_3 - INFO - Drone 3: Flying to {'x': 78.11344876330473, 'y': -105.57455250581383, 'z': 60.0}
2026-02-13 18:13:28,489 - Drone_4 - INFO - Drone 4: Flying to {'x': 86.7623712159358, 'y': -142.52311324108976, 'z': 60.0}
2026-02-13 18:13:28,761 - Drone_2 - INFO - Drone 2: Reached target position
2026-02-13 18:13:29,170 - Drone_4 - INFO - Drone 4: Reached target position
2026-02-13 18:13:29,259 - Drone_3 - INFO - Drone 3: Reached target position
2026-02-13 18:13:29,490 - Drone_2 - INFO - Drone 2: Flying to {'x': 108.76597291395075, 'y': -116.1273864584955, 'z': 60.0}
2026-02-13 18:13:29,491 - Drone_3 - INFO - Drone 3: Flying to {'x': 85.39915519250408, 'y': -102.93679020310637, 'z': 60.0}
2026-02-13 18:13:29,492 - Drone_4 - INFO - Drone 4: Flying to {'x': 95.57537665856161, 'y': -139.49420417994216, 'z': 60.0}
2026-02-13 18:13:29,767 - Drone_2 - INFO - Drone 2: Reached target position
2026-02-13 18:13:30,165 - Drone_3 - INFO - Drone 3: Reached target position
2026-02-13 18:13:30,176 - Drone_4 - INFO - Drone 4: Reached target position
2026-02-13 18:13:30,493 - Drone_2 - INFO - Drone 2: Flying to {'x': 116.51221959595519, 'y': -112.23446551885095, 'z': 60.0}
2026-02-13 18:13:30,494 - Drone_3 - INFO - Drone 3: Flying to {'x': 92.59352473986219, 'y': -100.0732140873119, 'z': 60.0}
2026-02-13 18:13:30,495 - Drone_4 - INFO - Drone 4: Flying to {'x': 104.35096816441614, 'y': -136.15316037494395, 'z': 60.0}
2026-02-13 18:13:30,774 - Drone_2 - INFO - Drone 2: Reached target position
2026-02-13 18:13:31,183 - Drone_4 - INFO - Drone 4: Reached target position
2026-02-13 18:13:31,272 - Drone_3 - INFO - Drone 3: Reached target position
2026-02-13 18:13:31,496 - Drone_2 - INFO - Drone 2: Flying to {'x': 124.14103280973852, 'y': -108.03318828551525, 'z': 60.0}
2026-02-13 18:13:31,496 - Drone_3 - INFO - Drone 3: Flying to {'x': 99.69124944298089, 'y': -96.97841133984049, 'z': 60.0}
2026-02-13 18:13:31,496 - Drone_4 - INFO - Drone 4: Flying to {'x': 113.08625586406376, 'y': -132.48297165227288, 'z': 60.0}
2026-02-13 18:13:31,779 - Drone_2 - INFO - Drone 2: Reached target position
2026-02-13 18:13:32,178 - Drone_3 - INFO - Drone 3: Reached target position
2026-02-13 18:13:32,189 - Drone_4 - INFO - Drone 4: Reached target position
2026-02-13 18:13:32,497 - Drone_2 - INFO - Drone 2: Flying to {'x': 131.6290910913379, 'y': -103.51650678852606, 'z': 60.0}
2026-02-13 18:13:32,498 - Drone_3 - INFO - Drone 3: Flying to {'x': 106.67571159357263, 'y': -93.65096820006029, 'z': 60.0}
2026-02-13 18:13:32,499 - Drone_4 - INFO - Drone 4: Flying to {'x': 121.76355250287213, 'y': -128.46988628629134, 'z': 60.0}
2026-02-13 18:13:32,785 - Drone_2 - INFO - Drone 2: Reached target position
2026-02-13 18:13:33,195 - Drone_4 - INFO - Drone 4: Reached target position
2026-02-13 18:13:33,285 - Drone_3 - INFO - Drone 3: Reached target position
2026-02-13 18:13:33,502 - Drone_2 - INFO - Drone 2: Flying to {'x': 138.95790368937875, 'y': -98.67301110707925, 'z': 60.0}
2026-02-13 18:13:33,502 - Drone_3 - INFO - Drone 3: Flying to {'x': 113.53616004894519, 'y': -90.08610536169721, 'z': 60.0}
2026-02-13 18:13:33,503 - Drone_4 - INFO - Drone 4: Flying to {'x': 130.3709979439967, 'y': -124.09475474751281, 'z': 60.0}
2026-02-13 18:13:33,590 - PhysicalMLTrainer_Drone1 - INFO - Physical ML model trained drone=1 samples=7851 degree=2 alpha=0.0 val_mse=0.000277
2026-02-13 18:13:33,704 - PhysicalMLTrainer_Drone5 - INFO - Physical ML model trained drone=5 samples=7901 degree=2 alpha=0.0 val_mse=0.000002
2026-02-13 18:13:33,806 - Drone_2 - INFO - Drone 2: Reached target position
2026-02-13 18:13:33,827 - PhysicalMLTrainer_Drone3 - INFO - Physical ML model trained drone=3 samples=7901 degree=2 alpha=0.0 val_mse=0.001047
2026-02-13 18:13:34,034 - PhysicalMLTrainer_Drone2 - INFO - Physical ML model trained drone=2 samples=7901 degree=2 alpha=0.0 val_mse=0.000935
2026-02-13 18:13:34,130 - PhysicalMLTrainer_Drone4 - INFO - Physical ML model trained drone=4 samples=7901 degree=2 alpha=0.0 val_mse=0.001058
2026-02-13 18:13:34,230 - Drone_3 - INFO - Drone 3: Reached target position
2026-02-13 18:13:34,231 - Drone_4 - INFO - Drone 4: Reached target position
2026-02-13 18:13:34,506 - Drone_2 - INFO - Drone 2: Flying to {'x': 145.7796800764965, 'y': -93.73587885048268, 'z': 60.0}
2026-02-13 18:13:34,507 - Drone_3 - INFO - Drone 3: Flying to {'x': 119.95283472209141, 'y': -86.45755081173346, 'z': 60.0}
2026-02-13 18:13:34,507 - Drone_4 - INFO - Drone 4: Flying to {'x': 138.50135203774727, 'y': -119.56272420488779, 'z': 60.0}
2026-02-13 18:13:34,738 - Drone_2 - INFO - Drone 2: Reached target position
2026-02-13 18:13:35,136 - Drone_3 - INFO - Drone 3: Reached target position
2026-02-13 18:13:35,137 - Drone_4 - INFO - Drone 4: Reached target position
2026-02-13 18:13:35,508 - Drone_2 - INFO - Drone 2: Flying to {'x': 152.74496051919226, 'y': -88.20782649900869, 'z': 60.0}
2026-02-13 18:13:35,508 - Drone_3 - INFO - Drone 3: Flying to {'x': 126.54742141801847, 'y': -82.40360863245081, 'z': 60.0}
2026-02-13 18:13:35,508 - Drone_4 - INFO - Drone 4: Flying to {'x': 146.94074265263438, 'y': -114.4053656001825, 'z': 60.0}
2026-02-13 18:13:35,745 - Drone_2 - INFO - Drone 2: Reached target position
2026-02-13 18:13:36,243 - Drone_3 - INFO - Drone 3: Reached target position
2026-02-13 18:13:36,244 - Drone_4 - INFO - Drone 4: Reached target position
2026-02-13 18:13:36,509 - Drone_2 - INFO - Drone 2: Flying to {'x': 159.47257739077267, 'y': -82.3176804800272, 'z': 60.0}
2026-02-13 18:13:36,511 - Drone_3 - INFO - Drone 3: Flying to {'x': 132.97438853372063, 'y': -78.09322935638963, 'z': 60.0}
2026-02-13 18:13:36,512 - Drone_4 - INFO - Drone 4: Flying to {'x': 155.2481262671351, 'y': -108.81586933707925, 'z': 60.0}
2026-02-13 18:13:36,752 - Drone_2 - INFO - Drone 2: Reached target position
2026-02-13 18:13:37,150 - Drone_3 - INFO - Drone 3: Reached target position
2026-02-13 18:13:37,252 - Drone_4 - INFO - Drone 4: Reached target position
2026-02-13 18:13:37,513 - Drone_2 - INFO - Drone 2: Flying to {'x': 165.93654025550114, 'y': -76.04564022453592, 'z': 60.0}
2026-02-13 18:13:37,514 - Drone_3 - INFO - Drone 3: Flying to {'x': 139.223667411345, 'y': -73.51138995829461, 'z': 60.0}
2026-02-13 18:13:37,515 - Drone_4 - INFO - Drone 4: Flying to {'x': 163.40228998925986, 'y': -102.7585130686921, 'z': 60.0}
2026-02-13 18:13:37,760 - Drone_2 - INFO - Drone 2: Reached target position
2026-02-13 18:13:38,256 - Drone_3 - INFO - Drone 3: Reached target position
2026-02-13 18:13:38,258 - Drone_4 - INFO - Drone 4: Reached target position
2026-02-13 18:13:38,516 - Drone_2 - INFO - Drone 2: Flying to {'x': 172.093007078521, 'y': -69.38351782104722, 'z': 60.0}
2026-02-13 18:13:38,517 - Drone_3 - INFO - Drone 3: Flying to {'x': 145.2702443195602, 'y': -68.64908063754744, 'z': 60.0}
2026-02-13 18:13:38,517 - Drone_4 - INFO - Drone 4: Flying to {'x': 171.3585698950212, 'y': -96.20628058000798, 'z': 60.0}
2026-02-13 18:13:38,866 - Drone_2 - INFO - Drone 2: Reached target position
2026-02-13 18:13:39,160 - Drone_3 - INFO - Drone 3: Reached target position
2026-02-13 18:13:39,262 - Drone_4 - INFO - Drone 4: Reached target position
2026-02-13 18:13:39,518 - Drone_2 - INFO - Drone 2: Flying to {'x': 177.8953722038195, 'y': -62.32245371502151, 'z': 60.0}
2026-02-13 18:13:39,519 - Drone_3 - INFO - Drone 3: Flying to {'x': 151.0881219232803, 'y': -63.49349273936279, 'z': 60.0}
2026-02-13 18:13:39,520 - Drone_4 - INFO - Drone 4: Flying to {'x': 179.0664112281608, 'y': -89.12970399556073, 'z': 60.0}
2026-02-13 18:13:39,871 - Drone_2 - INFO - Drone 2: Reached target position
2026-02-13 18:13:40,265 - Drone_3 - INFO - Drone 3: Reached target position
2026-02-13 18:13:40,270 - Drone_4 - INFO - Drone 4: Reached target position
2026-02-13 18:13:40,520 - Drone_2 - INFO - Drone 2: Flying to {'x': 183.28473076356897, 'y': -54.865602119377535, 'z': 60.0}
2026-02-13 18:13:40,522 - Drone_3 - INFO - Drone 3: Flying to {'x': 156.6399398164206, 'y': -58.03658231211932, 'z': 60.0}
2026-02-13 18:13:40,523 - Drone_4 - INFO - Drone 4: Flying to {'x': 186.45571095631078, 'y': -81.51039306652589, 'z': 60.0}
2026-02-13 18:13:40,877 - Drone_2 - INFO - Drone 2: Reached target position
2026-02-13 18:13:41,170 - Drone_3 - INFO - Drone 3: Reached target position
2026-02-13 18:13:41,274 - Drone_4 - INFO - Drone 4: Reached target position
2026-02-13 18:13:41,525 - Drone_2 - INFO - Drone 2: Flying to {'x': 188.207474901767, 'y': -47.00591186585183, 'z': 60.0}
2026-02-13 18:13:41,525 - Drone_3 - INFO - Drone 3: Flying to {'x': 161.89373287007305, 'y': -52.25824280453658, 'z': 60.0}
2026-02-13 18:13:41,526 - Drone_4 - INFO - Drone 4: Flying to {'x': 193.45980584045174, 'y': -73.31965389754575, 'z': 60.0}
2026-02-13 18:13:41,983 - Drone_2 - INFO - Drone 2: Reached target position
2026-02-13 18:13:42,178 - Drone_3 - INFO - Drone 3: Reached target position
2026-02-13 18:13:42,279 - Drone_4 - INFO - Drone 4: Reached target position
2026-02-13 18:13:42,527 - Drone_2 - INFO - Drone 2: Flying to {'x': 192.5967884572877, 'y': -38.75213722601261, 'z': 60.0}
2026-02-13 18:13:42,527 - Drone_3 - INFO - Drone 3: Flying to {'x': 166.80254540062072, 'y': -46.145176190713514, 'z': 60.0}
2026-02-13 18:13:42,528 - Drone_4 - INFO - Drone 4: Flying to {'x': 199.98982742198862, 'y': -64.54638028267962, 'z': 60.0}
2026-02-13 18:13:42,987 - Drone_2 - INFO - Drone 2: Reached target position
2026-02-13 18:13:43,186 - Drone_3 - INFO - Drone 3: Reached target position
2026-02-13 18:13:43,387 - Drone_4 - INFO - Drone 4: Reached target position
2026-02-13 18:13:43,529 - Drone_2 - INFO - Drone 2: Flying to {'x': 196.37541673277227, 'y': -30.137348443121375, 'z': 60.0}
2026-02-13 18:13:43,529 - Drone_3 - INFO - Drone 3: Flying to {'x': 171.3036178656862, 'y': -39.69793951106181, 'z': 60.0}
2026-02-13 18:13:43,529 - Drone_4 - INFO - Drone 4: Flying to {'x': 205.9360078007127, 'y': -55.209147310207435, 'z': 60.0}
2026-02-13 18:13:43,993 - Drone_2 - INFO - Drone 2: Reached target position
2026-02-13 18:13:44,191 - Drone_3 - INFO - Drone 3: Reached target position
2026-02-13 18:13:44,293 - Drone_4 - INFO - Drone 4: Reached target position
2026-02-13 18:13:44,531 - Drone_2 - INFO - Drone 2: Flying to {'x': 199.4701277439416, 'y': -21.202053073088745, 'z': 60.0}
2026-02-13 18:13:44,532 - Drone_3 - INFO - Drone 3: Flying to {'x': 175.3311917237184, 'y': -32.92006347637704, 'z': 60.0}
2026-02-13 18:13:44,532 - Drone_4 - INFO - Drone 4: Flying to {'x': 211.18813814722986, 'y': -45.340989093311904, 'z': 60.0}
2026-02-13 18:13:45,100 - Drone_2 - INFO - Drone 2: Reached target position
2026-02-13 18:13:45,197 - Drone_3 - INFO - Drone 3: Reached target position
2026-02-13 18:13:45,402 - Drone_4 - INFO - Drone 4: Reached target position
2026-02-13 18:13:45,534 - Drone_2 - INFO - Drone 2: Flying to {'x': 201.8083190402188, 'y': -12.018277006238355, 'z': 60.0}
2026-02-13 18:13:45,535 - Drone_3 - INFO - Drone 3: Flying to {'x': 178.80855271806266, 'y': -25.83894085159005, 'z': 60.0}
2026-02-13 18:13:45,536 - Drone_4 - INFO - Drone 4: Flying to {'x': 215.6289828855705, 'y': -35.01804332839451, 'z': 60.0}
2026-02-13 18:13:46,106 - Drone_2 - INFO - Drone 2: Reached target position
2026-02-13 18:13:46,204 - Drone_3 - INFO - Drone 3: Reached target position
2026-02-13 18:13:46,409 - Drone_4 - INFO - Drone 4: Reached target position
2026-02-13 18:13:46,537 - Drone_2 - INFO - Drone 2: Flying to {'x': 203.3363730258608, 'y': -2.6378162150705067, 'z': 60.0}
2026-02-13 18:13:46,538 - Drone_3 - INFO - Drone 3: Flying to {'x': 181.67140044644069, 'y': -18.469081582468494, 'z': 60.0}
2026-02-13 18:13:46,539 - Drone_4 - INFO - Drone 4: Flying to {'x': 219.16763839325878, 'y': -24.30278879449061, 'z': 60.0}
2026-02-13 18:13:47,111 - Drone_2 - INFO - Drone 2: Reached target position
2026-02-13 18:13:47,210 - Drone_3 - INFO - Drone 3: Reached target position
2026-02-13 18:13:47,415 - Drone_4 - INFO - Drone 4: Reached target position
2026-02-13 18:13:47,540 - Drone_2 - INFO - Drone 2: Flying to {'x': 204.00725941756758, 'y': 6.832633540766481, 'z': 60.0}
2026-02-13 18:13:47,541 - Drone_3 - INFO - Drone 3: Flying to {'x': 183.84576590799372, 'y': -10.873698079967692, 'z': 60.0}
2026-02-13 18:13:47,541 - Drone_4 - INFO - Drone 4: Flying to {'x': 221.71359103830176, 'y': -13.328859968807391, 'z': 60.0}
2026-02-13 18:13:48,117 - Drone_2 - INFO - Drone 2: Reached target position
2026-02-13 18:13:48,216 - Drone_3 - INFO - Drone 3: Reached target position
2026-02-13 18:13:48,420 - Drone_4 - INFO - Drone 4: Reached target position
2026-02-13 18:13:48,543 - Drone_2 - INFO - Drone 2: Flying to {'x': 203.79983187472848, 'y': 16.29856186687951, 'z': 60.0}
2026-02-13 18:13:48,543 - Drone_3 - INFO - Drone 3: Flying to {'x': 185.27704401841518, 'y': -3.1155136977723803, 'z': 60.0}
2026-02-13 18:13:48,544 - Drone_4 - INFO - Drone 4: Flying to {'x': 223.21390743938034, 'y': -2.2242259894337657, 'z': 60.0}
2026-02-13 18:13:49,221 - Drone_3 - INFO - Drone 3: Reached target position
2026-02-13 18:13:49,223 - Drone_2 - INFO - Drone 2: Reached target position
2026-02-13 18:13:49,426 - Drone_4 - INFO - Drone 4: Reached target position
2026-02-13 18:13:49,545 - Drone_2 - INFO - Drone 2: Flying to {'x': 202.71663459887588, 'y': 25.655663604394334, 'z': 60.0}
2026-02-13 18:13:49,545 - Drone_3 - INFO - Drone 3: Flying to {'x': 185.92722385420936, 'y': 4.724450384734163, 'z': 60.0}
2026-02-13 18:13:49,545 - Drone_4 - INFO - Drone 4: Flying to {'x': 223.64784781853604, 'y': 8.86625285972782, 'z': 60.0}
2026-02-13 18:13:50,227 - Drone_3 - INFO - Drone 3: Reached target position
2026-02-13 18:13:50,231 - Drone_2 - INFO - Drone 2: Reached target position
2026-02-13 18:13:50,433 - Drone_4 - INFO - Drone 4: Reached target position
2026-02-13 18:13:50,546 - Drone_2 - INFO - Drone 2: Flying to {'x': 200.78086584622662, 'y': 34.821666984626845, 'z': 60.0}
2026-02-13 18:13:50,546 - Drone_3 - INFO - Drone 3: Flying to {'x': 185.7804452160502, 'y': 12.573355117930575, 'z': 60.0}
2026-02-13 18:13:50,546 - Drone_4 - INFO - Drone 4: Flying to {'x': 223.0291777129229, 'y': 19.821246354450437, 'z': 60.0}
2026-02-13 18:13:51,233 - Drone_3 - INFO - Drone 3: Reached target position
2026-02-13 18:13:51,236 - Drone_2 - INFO - Drone 2: Reached target position
2026-02-13 18:13:51,439 - Drone_4 - INFO - Drone 4: Reached target position
2026-02-13 18:13:51,548 - Drone_2 - INFO - Drone 2: Flying to {'x': 198.0420363892507, 'y': 43.69612943480286, 'z': 60.0}
2026-02-13 18:13:51,548 - Drone_3 - INFO - Drone 3: Flying to {'x': 184.843749507108, 'y': 20.33365475045791, 'z': 60.0}
2026-02-13 18:13:51,548 - Drone_4 - INFO - Drone 4: Flying to {'x': 221.40451107359567, 'y': 30.49784255266013, 'z': 60.0}
2026-02-13 18:13:52,239 - Drone_3 - INFO - Drone 3: Reached target position
2026-02-13 18:13:52,242 - Drone_2 - INFO - Drone 2: Reached target position
2026-02-13 18:13:52,444 - Drone_4 - INFO - Drone 4: Reached target position
2026-02-13 18:13:52,549 - Drone_2 - INFO - Drone 2: Flying to {'x': 194.55876311063977, 'y': 52.22244401509637, 'z': 60.0}
2026-02-13 18:13:52,550 - Drone_3 - INFO - Drone 3: Flying to {'x': 183.14412399190084, 'y': 27.938580776539055, 'z': 60.0}
2026-02-13 18:13:52,550 - Drone_4 - INFO - Drone 4: Flying to {'x': 218.84262634919708, 'y': 40.80780489635745, 'z': 60.0}
2026-02-13 18:13:53,246 - Drone_3 - INFO - Drone 3: Reached target position
2026-02-13 18:13:53,248 - Drone_2 - INFO - Drone 2: Reached target position
2026-02-13 18:13:53,351 - Drone_4 - INFO - Drone 4: Reached target position
2026-02-13 18:13:53,552 - Drone_2 - INFO - Drone 2: Flying to {'x': 190.39782811954956, 'y': 60.35609868191065, 'z': 60.0}
2026-02-13 18:13:53,552 - Drone_3 - INFO - Drone 3: Flying to {'x': 180.72291769835067, 'y': 35.328192090631845, 'z': 60.0}
2026-02-13 18:13:53,552 - Drone_4 - INFO - Drone 4: Flying to {'x': 215.42573471082835, 'y': 50.68118826071174, 'z': 60.0}
2026-02-13 18:13:53,747 - PhysicalMLTrainer_Drone1 - INFO - Physical ML model trained drone=1 samples=8051 degree=2 alpha=0.0 val_mse=0.000334
2026-02-13 18:13:53,855 - PhysicalMLTrainer_Drone5 - INFO - Physical ML model trained drone=5 samples=8101 degree=2 alpha=0.0 val_mse=0.000002
2026-02-13 18:13:53,977 - PhysicalMLTrainer_Drone3 - INFO - Physical ML model trained drone=3 samples=8101 degree=2 alpha=0.0 val_mse=0.001150
2026-02-13 18:13:54,178 - Drone_3 - INFO - Drone 3: Reached target position
2026-02-13 18:13:54,186 - PhysicalMLTrainer_Drone2 - INFO - Physical ML model trained drone=2 samples=8101 degree=2 alpha=0.0 val_mse=0.001121
2026-02-13 18:13:54,273 - Drone_4 - INFO - Drone 4: Reached target position
2026-02-13 18:13:54,287 - Drone_2 - INFO - Drone 2: Reached target position
2026-02-13 18:13:54,296 - PhysicalMLTrainer_Drone4 - INFO - Physical ML model trained drone=4 samples=8101 degree=2 alpha=0.0 val_mse=0.001320
2026-02-13 18:13:54,553 - Drone_2 - INFO - Drone 2: Flying to {'x': 185.5274100040867, 'y': 68.21640390338823, 'z': 60.0}
2026-02-13 18:13:54,554 - Drone_3 - INFO - Drone 3: Flying to {'x': 177.5625564127046, 'y': 42.59295551586927, 'z': 60.0}
2026-02-13 18:13:54,555 - Drone_4 - INFO - Drone 4: Flying to {'x': 211.15085839160568, 'y': 60.25155031200608, 'z': 60.0}
2026-02-13 18:13:55,088 - Drone_3 - INFO - Drone 3: Reached target position
2026-02-13 18:13:55,192 - Drone_2 - INFO - Drone 2: Reached target position
2026-02-13 18:13:55,401 - Drone_4 - INFO - Drone 4: Reached target position
2026-02-13 18:13:55,555 - Drone_2 - INFO - Drone 2: Flying to {'x': 180.7771484093179, 'y': 74.75659452322908, 'z': 60.0}
2026-02-13 18:13:55,556 - Drone_3 - INFO - Drone 3: Flying to {'x': 174.25389079612532, 'y': 48.728780360070374, 'z': 60.0}
2026-02-13 18:13:55,556 - Drone_4 - INFO - Drone 4: Flying to {'x': 206.80496257247663, 'y': 68.23333691003653, 'z': 60.0}
2026-02-13 18:13:56,095 - Drone_3 - INFO - Drone 3: Reached target position
2026-02-13 18:13:56,201 - Drone_2 - INFO - Drone 2: Reached target position
2026-02-13 18:13:56,209 - Drone_4 - INFO - Drone 4: Reached target position
2026-02-13 18:13:56,557 - Drone_2 - INFO - Drone 2: Flying to {'x': 175.06450247006939, 'y': 81.58593435932471, 'z': 60.0}
2026-02-13 18:13:56,558 - Drone_3 - INFO - Drone 3: Flying to {'x': 170.06360205621974, 'y': 55.22325249554694, 'z': 60.0}
2026-02-13 18:13:56,558 - Drone_4 - INFO - Drone 4: Flying to {'x': 201.42718433384718, 'y': 76.58503394547506, 'z': 60.0}
2026-02-13 18:13:57,103 - Drone_3 - INFO - Drone 3: Reached target position
2026-02-13 18:13:57,309 - Drone_2 - INFO - Drone 2: Reached target position
2026-02-13 18:13:57,415 - Drone_4 - INFO - Drone 4: Reached target position
2026-02-13 18:13:57,559 - Drone_2 - INFO - Drone 2: Flying to {'x': 168.93191697430967, 'y': 87.98322206844504, 'z': 60.0}
2026-02-13 18:13:57,559 - Drone_3 - INFO - Drone 3: Flying to {'x': 165.37372890511145, 'y': 61.387370932145316, 'z': 60.0}
2026-02-13 18:13:57,559 - Drone_4 - INFO - Drone 4: Flying to {'x': 195.52776811060937, 'y': 84.42503399924684, 'z': 60.0}
2026-02-13 18:13:58,109 - Drone_3 - INFO - Drone 3: Reached target position
2026-02-13 18:13:58,214 - Drone_2 - INFO - Drone 2: Reached target position
2026-02-13 18:13:58,320 - Drone_4 - INFO - Drone 4: Reached target position
2026-02-13 18:13:58,560 - Drone_2 - INFO - Drone 2: Flying to {'x': 162.47277594314028, 'y': 93.92031683374115, 'z': 60.0}
2026-02-13 18:13:58,560 - Drone_3 - INFO - Drone 3: Flying to {'x': 160.27058786883916, 'y': 67.17802135101553, 'z': 60.0}
2026-02-13 18:13:58,560 - Drone_4 - INFO - Drone 4: Flying to {'x': 189.21507142586586, 'y': 91.71812875944005, 'z': 60.0}
2026-02-13 18:13:59,115 - Drone_3 - INFO - Drone 3: Reached target position
2026-02-13 18:13:59,320 - Drone_2 - INFO - Drone 2: Reached target position
2026-02-13 18:13:59,325 - Drone_4 - INFO - Drone 4: Reached target position
2026-02-13 18:13:59,561 - Drone_2 - INFO - Drone 2: Flying to {'x': 155.6984236615967, 'y': 99.44667599362776, 'z': 60.0}
2026-02-13 18:13:59,561 - Drone_3 - INFO - Drone 3: Flying to {'x': 154.77730529875788, 'y': 72.62967502480873, 'z': 60.0}
2026-02-13 18:13:59,561 - Drone_4 - INFO - Drone 4: Flying to {'x': 182.51542463041574, 'y': 98.52555763078897, 'z': 60.0}
2026-02-13 18:14:00,121 - Drone_3 - INFO - Drone 3: Reached target position
2026-02-13 18:14:00,226 - Drone_2 - INFO - Drone 2: Reached target position
2026-02-13 18:14:00,331 - Drone_4 - INFO - Drone 4: Reached target position
2026-02-13 18:14:00,562 - Drone_2 - INFO - Drone 2: Flying to {'x': 148.68197923289887, 'y': 104.55322895321304, 'z': 60.0}
2026-02-13 18:14:00,563 - Drone_3 - INFO - Drone 3: Flying to {'x': 148.96617981480887, 'y': 77.72191832497047, 'z': 60.0}
2026-02-13 18:14:00,563 - Drone_4 - INFO - Drone 4: Flying to {'x': 175.5132898611414, 'y': 104.83742953512305, 'z': 60.0}
2026-02-13 18:14:01,126 - Drone_3 - INFO - Drone 3: Reached target position
2026-02-13 18:14:01,334 - Drone_2 - INFO - Drone 2: Reached target position
2026-02-13 18:14:01,336 - Drone_4 - INFO - Drone 4: Reached target position
2026-02-13 18:14:01,563 - Drone_2 - INFO - Drone 2: Flying to {'x': 141.4429501950684, 'y': 109.27093288684291, 'z': 60.0}
2026-02-13 18:14:01,564 - Drone_3 - INFO - Drone 3: Flying to {'x': 142.86559964397895, 'y': 82.47585743359004, 'z': 60.0}
2026-02-13 18:14:01,564 - Drone_4 - INFO - Drone 4: Flying to {'x': 168.23802564832124, 'y': 110.69358233575348, 'z': 60.0}
2026-02-13 18:14:02,031 - Drone_3 - INFO - Drone 3: Reached target position
2026-02-13 18:14:02,239 - Drone_2 - INFO - Drone 2: Reached target position
2026-02-13 18:14:02,342 - Drone_4 - INFO - Drone 4: Reached target position
2026-02-13 18:14:02,565 - Drone_2 - INFO - Drone 2: Flying to {'x': 134.02711841049546, 'y': 113.60841560393108, 'z': 60.0}
2026-02-13 18:14:02,565 - Drone_3 - INFO - Drone 3: Flying to {'x': 136.5251261448265, 'y': 86.89212923476626, 'z': 60.0}
2026-02-13 18:14:02,565 - Drone_4 - INFO - Drone 4: Flying to {'x': 160.74340477966027, 'y': 116.10642333826212, 'z': 60.0}
2026-02-13 18:14:03,039 - Drone_3 - INFO - Drone 3: Reached target position
2026-02-13 18:14:03,345 - Drone_2 - INFO - Drone 2: Reached target position
2026-02-13 18:14:03,348 - Drone_4 - INFO - Drone 4: Reached target position
2026-02-13 18:14:03,566 - Drone_2 - INFO - Drone 2: Flying to {'x': 126.4357952978647, 'y': 117.59691421237883, 'z': 60.0}
2026-02-13 18:14:03,567 - Drone_3 - INFO - Drone 3: Flying to {'x': 129.95551685228438, 'y': 90.99594505373062, 'z': 60.0}
2026-02-13 18:14:03,567 - Drone_4 - INFO - Drone 4: Flying to {'x': 153.0367644565129, 'y': 121.11663576679851, 'z': 60.0}
2026-02-13 18:14:04,046 - Drone_3 - INFO - Drone 3: Reached target position
2026-02-13 18:14:04,250 - Drone_2 - INFO - Drone 2: Reached target position
2026-02-13 18:14:04,352 - Drone_4 - INFO - Drone 4: Reached target position
2026-02-13 18:14:04,568 - Drone_2 - INFO - Drone 2: Flying to {'x': 118.69433346348178, 'y': 121.24881256681515, 'z': 60.0}
2026-02-13 18:14:04,569 - Drone_3 - INFO - Drone 3: Flying to {'x': 123.18700375682413, 'y': 94.79477859021112, 'z': 60.0}
2026-02-13 18:14:04,570 - Drone_4 - INFO - Drone 4: Flying to {'x': 145.1483674400858, 'y': 125.74148286015746, 'z': 60.0}
2026-02-13 18:14:05,051 - Drone_3 - INFO - Drone 3: Reached target position
2026-02-13 18:14:05,358 - Drone_2 - INFO - Drone 2: Reached target position
2026-02-13 18:14:05,359 - Drone_4 - INFO - Drone 4: Reached target position
2026-02-13 18:14:05,571 - Drone_2 - INFO - Drone 2: Flying to {'x': 110.8384612542101, 'y': 124.57078850480364, 'z': 60.0}
2026-02-13 18:14:05,572 - Drone_3 - INFO - Drone 3: Flying to {'x': 116.25844703219049, 'y': 98.29106715608134, 'z': 60.0}
2026-02-13 18:14:05,572 - Drone_4 - INFO - Drone 4: Flying to {'x': 137.1181826029324, 'y': 129.99077428278403, 'z': 60.0}
2026-02-13 18:14:06,056 - Drone_3 - INFO - Drone 3: Reached target position
2026-02-13 18:14:06,263 - Drone_2 - INFO - Drone 2: Reached target position
2026-02-13 18:14:06,365 - Drone_4 - INFO - Drone 4: Reached target position
2026-02-13 18:14:06,573 - Drone_2 - INFO - Drone 2: Flying to {'x': 102.88350890796828, 'y': 127.57753178393236, 'z': 60.0}
2026-02-13 18:14:06,573 - Drone_3 - INFO - Drone 3: Flying to {'x': 109.19025512264545, 'y': 101.49640925855675, 'z': 60.0}
2026-02-13 18:14:06,573 - Drone_4 - INFO - Drone 4: Flying to {'x': 128.9646314333439, 'y': 133.88427799860955, 'z': 60.0}
2026-02-13 18:14:07,062 - Drone_3 - INFO - Drone 3: Reached target position
2026-02-13 18:14:07,369 - Drone_2 - INFO - Drone 2: Reached target position
2026-02-13 18:14:07,370 - Drone_4 - INFO - Drone 4: Reached target position
2026-02-13 18:14:07,574 - Drone_2 - INFO - Drone 2: Flying to {'x': 94.82908089733401, 'y': 130.28631637697944, 'z': 60.0}
2026-02-13 18:14:07,575 - Drone_3 - INFO - Drone 3: Flying to {'x': 101.98800476615445, 'y': 104.42611898715984, 'z': 60.0}
2026-02-13 18:14:07,577 - Drone_4 - INFO - Drone 4: Flying to {'x': 120.68927828715364, 'y': 137.44524024579988, 'z': 60.0}
2026-02-13 18:14:08,068 - Drone_3 - INFO - Drone 3: Reached target position
2026-02-13 18:14:08,276 - Drone_2 - INFO - Drone 2: Reached target position
2026-02-13 18:14:08,377 - Drone_4 - INFO - Drone 4: Reached target position
2026-02-13 18:14:08,578 - Drone_2 - INFO - Drone 2: Flying to {'x': 86.69857799339493, 'y': 132.70372918563723, 'z': 60.0}
2026-02-13 18:14:08,578 - Drone_3 - INFO - Drone 3: Flying to {'x': 94.67784383986422, 'y': 107.08476518333285, 'z': 60.0}
2026-02-13 18:14:08,579 - Drone_4 - INFO - Drone 4: Flying to {'x': 112.31754199569933, 'y': 140.68299503210653, 'z': 60.0}
2026-02-13 18:14:09,073 - Drone_3 - INFO - Drone 3: Reached target position
2026-02-13 18:14:09,382 - Drone_4 - INFO - Drone 4: Reached target position
2026-02-13 18:14:09,383 - Drone_2 - INFO - Drone 2: Reached target position
2026-02-13 18:14:09,579 - Drone_2 - INFO - Drone 2: Flying to {'x': 78.50645602628221, 'y': 134.83858511669078, 'z': 60.0}
2026-02-13 18:14:09,580 - Drone_3 - INFO - Drone 3: Flying to {'x': 87.27749142877867, 'y': 109.47978116287321, 'z': 60.0}
2026-02-13 18:14:09,580 - Drone_4 - INFO - Drone 4: Flying to {'x': 103.86525998009975, 'y': 143.60962051918727, 'z': 60.0}
2026-02-13 18:14:10,080 - Drone_3 - INFO - Drone 3: Reached target position
2026-02-13 18:14:10,191 - Drone_4 - INFO - Drone 4: Reached target position
2026-02-13 18:14:10,192 - Drone_2 - INFO - Drone 2: Reached target position
2026-02-13 18:14:10,581 - Drone_2 - INFO - Drone 2: Flying to {'x': 70.2590129776572, 'y': 136.7004174896886, 'z': 60.0}
2026-02-13 18:14:10,582 - Drone_3 - INFO - Drone 3: Flying to {'x': 79.79681956644305, 'y': 111.61994210593812, 'z': 60.0}
2026-02-13 18:14:10,583 - Drone_4 - INFO - Drone 4: Flying to {'x': 95.33948836140769, 'y': 146.23822407847445, 'z': 60.0}
2026-02-13 18:14:10,986 - Drone_3 - INFO - Drone 3: Reached target position
2026-02-13 18:14:11,300 - Drone_2 - INFO - Drone 2: Reached target position
2026-02-13 18:14:11,300 - Drone_4 - INFO - Drone 4: Reached target position
2026-02-13 18:14:11,585 - Drone_2 - INFO - Drone 2: Flying to {'x': 61.96733962261507, 'y': 138.29616139200252, 'z': 60.0}
2026-02-13 18:14:11,585 - Drone_3 - INFO - Drone 3: Flying to {'x': 72.2496007781459, 'y': 113.51158744913512, 'z': 60.0}
2026-02-13 18:14:11,585 - Drone_4 - INFO - Drone 4: Flying to {'x': 86.75191356548247, 'y': 148.5784225475334, 'z': 60.0}
2026-02-13 18:14:11,895 - Drone_3 - INFO - Drone 3: Reached target position
2026-02-13 18:14:12,207 - Drone_2 - INFO - Drone 2: Reached target position
2026-02-13 18:14:12,308 - Drone_4 - INFO - Drone 4: Reached target position
2026-02-13 18:14:12,586 - Drone_2 - INFO - Drone 2: Flying to {'x': 53.636618629289046, 'y': 139.63275562872232, 'z': 60.0}
2026-02-13 18:14:12,587 - Drone_3 - INFO - Drone 3: Flying to {'x': 64.64386178085293, 'y': 115.16153583480215, 'z': 60.0}
2026-02-13 18:14:12,588 - Drone_4 - INFO - Drone 4: Flying to {'x': 78.10783842320922, 'y': 150.6399987802862, 'z': 60.0}
2026-02-13 18:14:12,903 - Drone_3 - INFO - Drone 3: Reached target position
2026-02-13 18:14:13,215 - Drone_4 - INFO - Drone 4: Reached target position
2026-02-13 18:14:13,316 - Drone_2 - INFO - Drone 2: Reached target position
2026-02-13 18:14:13,589 - Drone_2 - INFO - Drone 2: Flying to {'x': 45.270050689434925, 'y': 140.71599536081013, 'z': 60.0}
2026-02-13 18:14:13,590 - Drone_3 - INFO - Drone 3: Flying to {'x': 56.98546281763333, 'y': 116.57579820613756, 'z': 60.0}
2026-02-13 18:14:13,591 - Drone_4 - INFO - Drone 4: Flying to {'x': 69.41024784410749, 'y': 152.43140748900854, 'z': 60.0}
2026-02-13 18:14:13,883 - PhysicalMLTrainer_Drone1 - INFO - Physical ML model trained drone=1 samples=8251 degree=2 alpha=0.0 val_mse=0.000339
2026-02-13 18:14:13,908 - Drone_3 - INFO - Drone 3: Reached target position
2026-02-13 18:14:14,013 - PhysicalMLTrainer_Drone5 - INFO - Physical ML model trained drone=5 samples=8301 degree=2 alpha=0.0 val_mse=0.000002
2026-02-13 18:14:14,137 - PhysicalMLTrainer_Drone3 - INFO - Physical ML model trained drone=3 samples=8301 degree=2 alpha=0.0 val_mse=0.001148
2026-02-13 18:14:14,225 - Drone_2 - INFO - Drone 2: Reached target position
2026-02-13 18:14:14,325 - Drone_4 - INFO - Drone 4: Reached target position
2026-02-13 18:14:14,355 - PhysicalMLTrainer_Drone2 - INFO - Physical ML model trained drone=2 samples=8301 degree=2 alpha=0.0 val_mse=0.001133
2026-02-13 18:14:14,452 - PhysicalMLTrainer_Drone4 - INFO - Physical ML model trained drone=4 samples=8301 degree=2 alpha=0.0 val_mse=0.001290
2026-02-13 18:14:14,593 - Drone_2 - INFO - Drone 2: Flying to {'x': 36.65067970767458, 'y': 141.56832808065712, 'z': 60.0}
2026-02-13 18:14:14,593 - Drone_3 - INFO - Drone 3: Flying to {'x': 49.0776944596126, 'y': 117.7866270406744, 'z': 60.0}
2026-02-13 18:14:14,593 - Drone_4 - INFO - Drone 4: Flying to {'x': 60.432380747657284, 'y': 153.99534283259516, 'z': 60.0}
2026-02-13 18:14:14,943 - Drone_3 - INFO - Drone 3: Reached target position
2026-02-13 18:14:15,362 - Drone_4 - INFO - Drone 4: Reached target position
2026-02-13 18:14:15,362 - Drone_2 - INFO - Drone 2: Reached target position
2026-02-13 18:14:15,594 - Drone_2 - INFO - Drone 2: Flying to {'x': 28.23504109078844, 'y': 142.1497162323952, 'z': 60.0}
2026-02-13 18:14:15,595 - Drone_3 - INFO - Drone 3: Flying to {'x': 41.3419987921426, 'y': 118.73588143723802, 'z': 60.0}
2026-02-13 18:14:15,595 - Drone_4 - INFO - Drone 4: Flying to {'x': 51.648875885945614, 'y': 155.25667393374937, 'z': 60.0}
2026-02-13 18:14:15,952 - Drone_3 - INFO - Drone 3: Reached target position
2026-02-13 18:14:16,269 - Drone_4 - INFO - Drone 4: Reached target position
2026-02-13 18:14:16,269 - Drone_2 - INFO - Drone 2: Reached target position
2026-02-13 18:14:16,596 - Drone_2 - INFO - Drone 2: Flying to {'x': 20.650221673768073, 'y': 142.46491065074656, 'z': 60.0}
2026-02-13 18:14:16,596 - Drone_3 - INFO - Drone 3: Flying to {'x': 34.35924184804217, 'y': 119.39842487893151, 'z': 60.0}
2026-02-13 18:14:16,600 - Drone_4 - INFO - Drone 4: Flying to {'x': 43.71670744558312, 'y': 156.17393082502065, 'z': 60.0}
2026-02-13 18:14:16,958 - Drone_3 - INFO - Drone 3: Reached target position
2026-02-13 18:14:17,278 - Drone_4 - INFO - Drone 4: Reached target position
2026-02-13 18:14:17,279 - Drone_2 - INFO - Drone 2: Reached target position
2026-02-13 18:14:17,601 - Drone_2 - INFO - Drone 2: Flying to {'x': 12.203427233072539, 'y': 142.58595920788338, 'z': 60.0}
2026-02-13 18:14:17,601 - Drone_3 - INFO - Drone 3: Flying to {'x': 26.572783188900253, 'y': 119.92494401847233, 'z': 60.0}
2026-02-13 18:14:17,601 - Drone_4 - INFO - Drone 4: Flying to {'x': 34.8644424224836, 'y': 156.95531516371108, 'z': 60.0}
2026-02-13 18:14:17,964 - Drone_3 - INFO - Drone 3: Reached target position
2026-02-13 18:14:18,385 - Drone_4 - INFO - Drone 4: Reached target position
2026-02-13 18:14:18,386 - Drone_2 - INFO - Drone 2: Reached target position
2026-02-13 18:14:18,602 - Drone_2 - INFO - Drone 2: Flying to {'x': 3.7805976634414913, 'y': 142.46733076415995, 'z': 60.0}
2026-02-13 18:14:18,603 - Drone_3 - INFO - Drone 3: Flying to {'x': 18.799519762596343, 'y': 120.23150429021219, 'z': 60.0}
2026-02-13 18:14:18,604 - Drone_4 - INFO - Drone 4: Flying to {'x': 26.016424137389297, 'y': 157.48625286331483, 'z': 60.0}
2026-02-13 18:14:18,970 - Drone_3 - INFO - Drone 3: Reached target position
2026-02-13 18:14:19,291 - Drone_4 - INFO - Drone 4: Reached target position
2026-02-13 18:14:19,294 - Drone_2 - INFO - Drone 2: Reached target position
2026-02-13 18:14:19,605 - Drone_2 - INFO - Drone 2: Flying to {'x': -4.673944900642068, 'y': 142.1085104883857, 'z': 60.0}
2026-02-13 18:14:19,605 - Drone_3 - INFO - Drone 3: Flying to {'x': 10.989665361604503, 'y': 120.3220166549933, 'z': 60.0}
2026-02-13 18:14:19,606 - Drone_4 - INFO - Drone 4: Flying to {'x': 17.11254893275031, 'y': 157.77212075063224, 'z': 60.0}
2026-02-13 18:14:19,975 - Drone_3 - INFO - Drone 3: Reached target position
2026-02-13 18:14:20,396 - Drone_4 - INFO - Drone 4: Reached target position
2026-02-13 18:14:20,400 - Drone_2 - INFO - Drone 2: Reached target position
2026-02-13 18:14:20,607 - Drone_2 - INFO - Drone 2: Flying to {'x': -13.098670008169183, 'y': 141.51156103106442, 'z': 60.0}
2026-02-13 18:14:20,608 - Drone_3 - INFO - Drone 3: Flying to {'x': 3.20151619488735, 'y': 120.19715440677189, 'z': 60.0}
2026-02-13 18:14:20,608 - Drone_4 - INFO - Drone 4: Flying to {'x': 8.215736616123351, 'y': 157.81174723412096, 'z': 60.0}
2026-02-13 18:14:20,982 - Drone_3 - INFO - Drone 3: Reached target position
2026-02-13 18:14:21,302 - Drone_4 - INFO - Drone 4: Reached target position
2026-02-13 18:14:21,308 - Drone_2 - INFO - Drone 2: Reached target position
2026-02-13 18:14:21,610 - Drone_2 - INFO - Drone 2: Flying to {'x': -21.51502838546448, 'y': 140.6747090639024, 'z': 60.0}
2026-02-13 18:14:21,610 - Drone_3 - INFO - Drone 3: Flying to {'x': -4.583442146265436, 'y': 119.85833600266612, 'z': 60.0}
2026-02-13 18:14:21,611 - Drone_4 - INFO - Drone 4: Flying to {'x': -0.6986553242281506, 'y': 157.6062953031015, 'z': 60.0}
2026-02-13 18:14:21,988 - Drone_3 - INFO - Drone 3: Reached target position
2026-02-13 18:14:22,314 - Drone_2 - INFO - Drone 2: Reached target position
2026-02-13 18:14:22,409 - Drone_4 - INFO - Drone 4: Reached target position
2026-02-13 18:14:22,613 - Drone_2 - INFO - Drone 2: Flying to {'x': -29.89475943292701, 'y': 139.59963434255624, 'z': 60.0}
2026-02-13 18:14:22,614 - Drone_3 - INFO - Drone 3: Flying to {'x': -12.337910240343085, 'y': 119.30783682659268, 'z': 60.0}
2026-02-13 18:14:22,615 - Drone_4 - INFO - Drone 4: Flying to {'x': -9.602961916963451, 'y': 157.15648353514018, 'z': 60.0}
2026-02-13 18:14:22,993 - Drone_3 - INFO - Drone 3: Reached target position
2026-02-13 18:14:23,315 - Drone_4 - INFO - Drone 4: Reached target position
2026-02-13 18:14:23,317 - Drone_2 - INFO - Drone 2: Reached target position
2026-02-13 18:14:23,616 - Drone_2 - INFO - Drone 2: Flying to {'x': -38.245159926698726, 'y': 138.28382420055914, 'z': 60.0}
2026-02-13 18:14:23,617 - Drone_3 - INFO - Drone 3: Flying to {'x': -20.067650577061386, 'y': 118.54608993738073, 'z': 60.0}
2026-02-13 18:14:23,617 - Drone_4 - INFO - Drone 4: Flying to {'x': -18.50742566352032, 'y': 156.46133355019649, 'z': 60.0}
2026-02-13 18:14:23,897 - Drone_3 - INFO - Drone 3: Reached target position
2026-02-13 18:14:24,323 - Drone_2 - INFO - Drone 2: Reached target position
2026-02-13 18:14:24,420 - Drone_4 - INFO - Drone 4: Reached target position
2026-02-13 18:14:24,618 - Drone_2 - INFO - Drone 2: Flying to {'x': -46.56712456632411, 'y': 136.72387792978873, 'z': 60.0}
2026-02-13 18:14:24,619 - Drone_3 - INFO - Drone 3: Flying to {'x': -27.772686725726174, 'y': 117.57266109492676, 'z': 60.0}
2026-02-13 18:14:24,619 - Drone_4 - INFO - Drone 4: Flying to {'x': -27.415907731462145, 'y': 155.51831577038666, 'z': 60.0}
2026-02-13 18:14:24,903 - Drone_3 - INFO - Drone 3: Reached target position
2026-02-13 18:14:25,225 - Drone_4 - INFO - Drone 4: Reached target position
2026-02-13 18:14:25,328 - Drone_2 - INFO - Drone 2: Reached target position
2026-02-13 18:14:25,619 - Drone_2 - INFO - Drone 2: Flying to {'x': -54.85704106363139, 'y': 134.91590828020412, 'z': 60.0}
2026-02-13 18:14:25,620 - Drone_3 - INFO - Drone 3: Flying to {'x': -35.449064810375276, 'y': 116.38672972979217, 'z': 60.0}
2026-02-13 18:14:25,620 - Drone_4 - INFO - Drone 4: Flying to {'x': -36.32786251321944, 'y': 154.32388453346024, 'z': 60.0}
2026-02-13 18:14:25,908 - Drone_3 - INFO - Drone 3: Reached target position
2026-02-13 18:14:26,330 - Drone_4 - INFO - Drone 4: Reached target position
2026-02-13 18:14:26,333 - Drone_2 - INFO - Drone 2: Reached target position
2026-02-13 18:14:26,621 - Drone_2 - INFO - Drone 2: Flying to {'x': -63.099811059667964, 'y': 132.85798039558802, 'z': 60.0}
2026-02-13 18:14:26,621 - Drone_3 - INFO - Drone 3: Flying to {'x': -43.08241380494974, 'y': 114.98890635279554, 'z': 60.0}
2026-02-13 18:14:26,621 - Drone_4 - INFO - Drone 4: Flying to {'x': -45.2307370168755, 'y': 152.87537765030623, 'z': 60.0}
2026-02-13 18:14:26,913 - Drone_3 - INFO - Drone 3: Reached target position
2026-02-13 18:14:27,234 - Drone_4 - INFO - Drone 4: Reached target position
2026-02-13 18:14:27,337 - Drone_2 - INFO - Drone 2: Reached target position
2026-02-13 18:14:27,622 - Drone_2 - INFO - Drone 2: Flying to {'x': -71.29499374588347, 'y': 130.54400222431738, 'z': 60.0}
2026-02-13 18:14:27,624 - Drone_3 - INFO - Drone 3: Flying to {'x': -50.67220007044127, 'y': 113.37716264854978, 'z': 60.0}
2026-02-13 18:14:27,624 - Drone_4 - INFO - Drone 4: Flying to {'x': -54.12815417011586, 'y': 151.16679589975962, 'z': 60.0}
2026-02-13 18:14:27,918 - Drone_3 - INFO - Drone 3: Reached target position
2026-02-13 18:14:28,340 - Drone_4 - INFO - Drone 4: Reached target position
2026-02-13 18:14:28,341 - Drone_2 - INFO - Drone 2: Reached target position
2026-02-13 18:14:28,625 - Drone_2 - INFO - Drone 2: Flying to {'x': -79.42903053211543, 'y': 127.97047221336275, 'z': 60.0}
2026-02-13 18:14:28,626 - Drone_3 - INFO - Drone 3: Flying to {'x': -58.206052639251055, 'y': 111.55142201674694, 'z': 60.0}
2026-02-13 18:14:28,626 - Drone_4 - INFO - Drone 4: Flying to {'x': -63.00998033549962, 'y': 149.19345010622715, 'z': 60.0}
2026-02-13 18:14:28,923 - Drone_3 - INFO - Drone 3: Reached target position
2026-02-13 18:14:29,244 - Drone_4 - INFO - Drone 4: Reached target position
2026-02-13 18:14:29,346 - Drone_2 - INFO - Drone 2: Reached target position
2026-02-13 18:14:29,626 - Drone_2 - INFO - Drone 2: Flying to {'x': -87.49444880184748, 'y': 125.13142401846164, 'z': 60.0}
2026-02-13 18:14:29,627 - Drone_3 - INFO - Drone 3: Flying to {'x': -65.67761696307376, 'y': 109.51009729763959, 'z': 60.0}
2026-02-13 18:14:29,627 - Drone_4 - INFO - Drone 4: Flying to {'x': -71.87312208102543, 'y': 146.94825585723535, 'z': 60.0}
2026-02-13 18:14:29,829 - Drone_3 - INFO - Drone 3: Reached target position
2026-02-13 18:14:30,350 - Drone_4 - INFO - Drone 4: Reached target position
2026-02-13 18:14:30,351 - Drone_2 - INFO - Drone 2: Reached target position
2026-02-13 18:14:30,630 - Drone_2 - INFO - Drone 2: Flying to {'x': -95.48156406712087, 'y': 122.02054439354595, 'z': 60.0}
2026-02-13 18:14:30,630 - Drone_3 - INFO - Drone 3: Flying to {'x': -73.07895080362678, 'y': 107.25155935846931, 'z': 60.0}
2026-02-13 18:14:30,631 - Drone_4 - INFO - Drone 4: Flying to {'x': -80.71257903204423, 'y': 144.42315765704006, 'z': 60.0}
2026-02-13 18:14:30,835 - Drone_3 - INFO - Drone 3: Reached target position
2026-02-13 18:14:31,255 - Drone_4 - INFO - Drone 4: Reached target position
2026-02-13 18:14:31,359 - Drone_2 - INFO - Drone 2: Reached target position
2026-02-13 18:14:31,632 - Drone_2 - INFO - Drone 2: Flying to {'x': -103.38540880872172, 'y': 118.62818756601291, 'z': 60.0}
2026-02-13 18:14:31,633 - Drone_3 - INFO - Drone 3: Flying to {'x': -80.40705153098423, 'y': 104.7719580349807, 'z': 60.0}
2026-02-13 18:14:31,634 - Drone_4 - INFO - Drone 4: Flying to {'x': -89.52917927768954, 'y': 141.60654484375038, 'z': 60.0}
2026-02-13 18:14:31,839 - Drone_3 - INFO - Drone 3: Reached target position
2026-02-13 18:14:32,362 - Drone_4 - INFO - Drone 4: Reached target position
2026-02-13 18:14:32,363 - Drone_2 - INFO - Drone 2: Reached target position
2026-02-13 18:14:32,634 - Drone_2 - INFO - Drone 2: Flying to {'x': -111.18664168583948, 'y': 114.94947883498581, 'z': 60.0}
2026-02-13 18:14:32,635 - Drone_3 - INFO - Drone 3: Flying to {'x': -87.64627961860191, 'y': 102.07114999373616, 'z': 60.0}
2026-02-13 18:14:32,635 - Drone_4 - INFO - Drone 4: Flying to {'x': -98.3083128445898, 'y': 138.48984090222336, 'z': 60.0}
2026-02-13 18:14:32,745 - Drone_3 - INFO - Drone 3: Reached target position
2026-02-13 18:14:33,269 - Drone_4 - INFO - Drone 4: Reached target position
2026-02-13 18:14:33,369 - Drone_2 - INFO - Drone 2: Reached target position
2026-02-13 18:14:33,636 - Drone_2 - INFO - Drone 2: Flying to {'x': -118.88309135699016, 'y': 110.96992858797472, 'z': 60.0}
2026-02-13 18:14:33,637 - Drone_3 - INFO - Drone 3: Flying to {'x': -94.7977768845598, 'y': 99.1420958717018, 'z': 60.0}
2026-02-13 18:14:33,637 - Drone_4 - INFO - Drone 4: Flying to {'x': -107.05525864071724, 'y': 135.0552430604051, 'z': 60.0}
2026-02-13 18:14:33,749 - Drone_3 - INFO - Drone 3: Reached target position
2026-02-13 18:14:34,012 - PhysicalMLTrainer_Drone1 - INFO - Physical ML model trained drone=1 samples=8451 degree=2 alpha=0.0 val_mse=0.000324
2026-02-13 18:14:34,160 - PhysicalMLTrainer_Drone5 - INFO - Physical ML model trained drone=5 samples=8501 degree=2 alpha=0.0 val_mse=0.000002
2026-02-13 18:14:34,273 - PhysicalMLTrainer_Drone3 - INFO - Physical ML model trained drone=3 samples=8501 degree=2 alpha=0.0 val_mse=0.001047
2026-02-13 18:14:34,374 - Drone_2 - INFO - Drone 2: Reached target position
2026-02-13 18:14:34,375 - Drone_4 - INFO - Drone 4: Reached target position
2026-02-13 18:14:34,496 - PhysicalMLTrainer_Drone2 - INFO - Physical ML model trained drone=2 samples=8501 degree=2 alpha=0.0 val_mse=0.000931
2026-02-13 18:14:34,606 - PhysicalMLTrainer_Drone4 - INFO - Physical ML model trained drone=4 samples=8501 degree=2 alpha=0.0 val_mse=0.001139
2026-02-13 18:14:34,638 - Drone_2 - INFO - Drone 2: Flying to {'x': -126.65862452843344, 'y': 106.55971685324468, 'z': 60.0}
2026-02-13 18:14:34,638 - Drone_3 - INFO - Drone 3: Flying to {'x': -102.03724889694732, 'y': 95.8925774985132, 'z': 60.0}
2026-02-13 18:14:34,638 - Drone_4 - INFO - Drone 4: Flying to {'x': -115.99148517370197, 'y': 131.1810924847308, 'z': 60.0}
2026-02-13 18:14:34,776 - Drone_3 - INFO - Drone 3: Reached target position
2026-02-13 18:14:35,310 - Drone_4 - INFO - Drone 4: Reached target position
2026-02-13 18:14:35,401 - Drone_2 - INFO - Drone 2: Reached target position
2026-02-13 18:14:35,639 - Drone_2 - INFO - Drone 2: Flying to {'x': -134.0865401752439, 'y': 101.9411985244903, 'z': 60.0}
2026-02-13 18:14:35,639 - Drone_3 - INFO - Drone 3: Flying to {'x': -108.97297677033643, 'y': 92.49085815455159, 'z': 60.0}
2026-02-13 18:14:35,640 - Drone_4 - INFO - Drone 4: Flying to {'x': -124.63619980530515, 'y': 127.05476192939774, 'z': 60.0}
2026-02-13 18:14:35,781 - Drone_3 - INFO - Drone 3: Reached target position
2026-02-13 18:14:36,407 - Drone_2 - INFO - Drone 2: Reached target position
2026-02-13 18:14:36,416 - Drone_4 - INFO - Drone 4: Reached target position
2026-02-13 18:14:36,641 - Drone_2 - INFO - Drone 2: Flying to {'x': -141.35860416401178, 'y': 96.98571163891015, 'z': 60.0}
2026-02-13 18:14:36,641 - Drone_3 - INFO - Drone 3: Flying to {'x': -115.79036924481863, 'y': 88.84535764679461, 'z': 60.0}
2026-02-13 18:14:36,642 - Drone_4 - INFO - Drone 4: Flying to {'x': -133.21825017189624, 'y': 122.5539465581033, 'z': 60.0}
2026-02-13 18:14:36,786 - Drone_3 - INFO - Drone 3: Reached target position
2026-02-13 18:14:37,322 - Drone_4 - INFO - Drone 4: Reached target position
2026-02-13 18:14:37,413 - Drone_2 - INFO - Drone 2: Reached target position
2026-02-13 18:14:37,643 - Drone_2 - INFO - Drone 2: Flying to {'x': -148.45518512273657, 'y': 91.67665547183103, 'z': 60.0}
2026-02-13 18:14:37,643 - Drone_3 - INFO - Drone 3: Flying to {'x': -122.47999776528681, 'y': 84.94689754562131, 'z': 60.0}
2026-02-13 18:14:37,644 - Drone_4 - INFO - Drone 4: Flying to {'x': -141.72542719652685, 'y': 117.65184282928078, 'z': 60.0}
2026-02-13 18:14:37,790 - Drone_3 - INFO - Drone 3: Reached target position
2026-02-13 18:14:38,418 - Drone_2 - INFO - Drone 2: Reached target position
2026-02-13 18:14:38,427 - Drone_4 - INFO - Drone 4: Reached target position
2026-02-13 18:14:38,644 - Drone_2 - INFO - Drone 2: Flying to {'x': -155.354492831895, 'y': 85.99414118593185, 'z': 60.0}
2026-02-13 18:14:38,645 - Drone_3 - INFO - Drone 3: Flying to {'x': -129.032557194611, 'y': 80.7830276478596, 'z': 60.0}
2026-02-13 18:14:38,645 - Drone_4 - INFO - Drone 4: Flying to {'x': -150.14337929382273, 'y': 112.31607682321584, 'z': 60.0}
2026-02-13 18:14:38,794 - Drone_3 - INFO - Drone 3: Reached target position
2026-02-13 18:14:39,422 - Drone_2 - INFO - Drone 2: Reached target position
2026-02-13 18:14:39,431 - Drone_4 - INFO - Drone 4: Reached target position
2026-02-13 18:14:39,651 - Drone_1 - INFO - Drone 1 stopped
2026-02-13 18:14:39,724 - Drone_2 - INFO - Drone 2 stopped
2026-02-13 18:14:39,799 - Drone_3 - INFO - Drone 3 stopped
2026-02-13 18:14:39,833 - Drone_4 - INFO - Drone 4 stopped
2026-02-13 18:14:39,889 - Drone_5 - INFO - Drone 5 stopped
2026-02-13 18:14:39,890 - SwarmManager - INFO - Swarm monitoring stopped
2026-02-13 18:14:39,890 - Main - INFO - System shutdown complete
