2026-02-13 18:29:29,315 - Main - INFO - Starting Drone Swarm Management System
2026-02-13 18:29:29,316 - SwarmManager - INFO - Swarm Manager initialized
2026-02-13 18:29:29,317 - MLDecisionSupport_Drone1 - INFO - ML Decision Support initialized
2026-02-13 18:29:29,331 - PhysicalMLTrainer_Drone1 - INFO - Physical ML model trained drone=1 samples=250 degree=2 alpha=0.0 val_mse=0.000155
2026-02-13 18:29:29,332 - Drone_1 - INFO - Drone 1: bootstrap personal trainer loaded 250 rows from datasets/personal_drone_1.csv
2026-02-13 18:29:29,332 - Drone_1 - INFO - Drone 1: Personal ML system initialized
2026-02-13 18:29:29,333 - Drone_1 - INFO - Drone 1 initialized at {'x': 0, 'y': 0, 'z': 0}
2026-02-13 18:29:29,334 - Drone_1 - INFO - Drone 1 started
2026-02-13 18:29:29,335 - SwarmManager - INFO - Drone 1 added to swarm
2026-02-13 18:29:29,335 - SwarmManager - INFO - Starting leader election...
2026-02-13 18:29:29,336 - SwarmManager - INFO -   Drone 1: suitability score = 100.00
2026-02-13 18:29:29,336 - Drone_1 - INFO - Drone 1: Role changed from follower to leader
2026-02-13 18:29:29,339 - PhysicalMLTrainer_Drone1 - INFO - Physical ML model trained drone=1 samples=251 degree=2 alpha=0.0 val_mse=0.000157
2026-02-13 18:29:29,341 - MLDecisionSupport_Drone2 - INFO - ML Decision Support initialized
2026-02-13 18:29:29,347 - PhysicalMLTrainer_Drone2 - INFO - Physical ML model trained drone=2 samples=300 degree=2 alpha=0.1 val_mse=0.000128
2026-02-13 18:29:29,348 - Drone_2 - INFO - Drone 2: bootstrap personal trainer loaded 300 rows from datasets/personal_training.csv
2026-02-13 18:29:29,348 - Drone_2 - INFO - Drone 2: Personal ML system initialized
2026-02-13 18:29:29,348 - Drone_2 - INFO - Drone 2 initialized at {'x': 1200, 'y': 300, 'z': 0}
2026-02-13 18:29:29,349 - Drone_2 - INFO - Drone 2 started
2026-02-13 18:29:29,349 - SwarmManager - INFO - Drone 2 added to swarm
2026-02-13 18:29:29,350 - MLDecisionSupport_Drone3 - INFO - ML Decision Support initialized
2026-02-13 18:29:29,351 - PhysicalMLTrainer_Drone2 - INFO - Physical ML model trained drone=2 samples=301 degree=2 alpha=0.1 val_mse=0.000128
2026-02-13 18:29:29,356 - PhysicalMLTrainer_Drone3 - INFO - Physical ML model trained drone=3 samples=300 degree=2 alpha=0.1 val_mse=0.000128
2026-02-13 18:29:29,356 - Drone_3 - INFO - Drone 3: bootstrap personal trainer loaded 300 rows from datasets/personal_training.csv
2026-02-13 18:29:29,356 - Drone_3 - INFO - Drone 3: Personal ML system initialized
2026-02-13 18:29:29,357 - Drone_3 - INFO - Drone 3 initialized at {'x': -1400, 'y': -500, 'z': 0}
2026-02-13 18:29:29,357 - Drone_3 - INFO - Drone 3 started
2026-02-13 18:29:29,357 - SwarmManager - INFO - Drone 3 added to swarm
2026-02-13 18:29:29,359 - MLDecisionSupport_Drone4 - INFO - ML Decision Support initialized
2026-02-13 18:29:29,361 - PhysicalMLTrainer_Drone3 - INFO - Physical ML model trained drone=3 samples=301 degree=2 alpha=0.1 val_mse=0.000128
2026-02-13 18:29:29,366 - PhysicalMLTrainer_Drone4 - INFO - Physical ML model trained drone=4 samples=300 degree=2 alpha=0.1 val_mse=0.000128
2026-02-13 18:29:29,366 - Drone_4 - INFO - Drone 4: bootstrap personal trainer loaded 300 rows from datasets/personal_training.csv
2026-02-13 18:29:29,366 - Drone_4 - INFO - Drone 4: Personal ML system initialized
2026-02-13 18:29:29,367 - Drone_4 - INFO - Drone 4 initialized at {'x': 800, 'y': -1500, 'z': 0}
2026-02-13 18:29:29,367 - Drone_4 - INFO - Drone 4 started
2026-02-13 18:29:29,368 - SwarmManager - INFO - Drone 4 added to swarm
2026-02-13 18:29:29,369 - MLDecisionSupport_Drone5 - INFO - ML Decision Support initialized
2026-02-13 18:29:29,370 - PhysicalMLTrainer_Drone4 - INFO - Physical ML model trained drone=4 samples=301 degree=2 alpha=0.1 val_mse=0.000128
2026-02-13 18:29:29,375 - PhysicalMLTrainer_Drone5 - INFO - Physical ML model trained drone=5 samples=300 degree=2 alpha=0.1 val_mse=0.000128
2026-02-13 18:29:29,375 - Drone_5 - INFO - Drone 5: bootstrap personal trainer loaded 300 rows from datasets/personal_training.csv
2026-02-13 18:29:29,376 - Drone_5 - INFO - Drone 5: Personal ML system initialized
2026-02-13 18:29:29,376 - Drone_5 - INFO - Drone 5 initialized at {'x': -900, 'y': 1600, 'z': 0}
2026-02-13 18:29:29,377 - Drone_5 - INFO - Drone 5 started
2026-02-13 18:29:29,378 - SwarmManager - INFO - Drone 5 added to swarm
2026-02-13 18:29:29,379 - SwarmManager - INFO - Swarm monitoring started
2026-02-13 18:29:29,379 - Main - INFO - Swarm created with 5 drones
2026-02-13 18:29:29,379 - Main - INFO - Leader elected: Drone 1
2026-02-13 18:29:29,379 - Main - INFO - Starting GUI...
2026-02-13 18:29:29,380 - PhysicalMLTrainer_Drone5 - INFO - Physical ML model trained drone=5 samples=301 degree=2 alpha=0.1 val_mse=0.000128
2026-02-13 18:29:31,902 - Drone_1 - INFO - Drone 1: Armed
2026-02-13 18:29:31,903 - Drone_2 - INFO - Drone 2: Armed
2026-02-13 18:29:31,904 - Drone_3 - INFO - Drone 3: Armed
2026-02-13 18:29:31,904 - Drone_4 - INFO - Drone 4: Armed
2026-02-13 18:29:31,905 - Drone_5 - INFO - Drone 5: Armed
2026-02-13 18:29:32,751 - Drone_1 - INFO - Drone 1: Taking off
2026-02-13 18:29:32,752 - Drone_2 - INFO - Drone 2: Taking off
2026-02-13 18:29:32,753 - Drone_3 - INFO - Drone 3: Taking off
2026-02-13 18:29:32,754 - Drone_4 - INFO - Drone 4: Taking off
2026-02-13 18:29:32,755 - Drone_5 - INFO - Drone 5: Taking off
2026-02-13 18:29:34,381 - Drone_2 - INFO - Drone 2: Flying to {'x': 0.0, 'y': 0.0, 'z': 3.2237439155578613}
2026-02-13 18:29:34,381 - Drone_3 - INFO - Drone 3: Flying to {'x': 0.0, 'y': 0.0, 'z': 3.2237439155578613}
2026-02-13 18:29:34,381 - Drone_4 - INFO - Drone 4: Flying to {'x': 0.0, 'y': 0.0, 'z': 3.2237439155578613}
2026-02-13 18:29:34,382 - Drone_5 - INFO - Drone 5: Flying to {'x': 0.0, 'y': 0.0, 'z': 3.2237439155578613}
2026-02-13 18:29:34,455 - Drone_2 - INFO - Drone 2: Flying to {'x': 2553.9057647468726, 'y': 2622.797543233282, 'z': 60.0}
2026-02-13 18:29:34,456 - Drone_3 - INFO - Drone 3: Flying to {'x': 2503.5942352531274, 'y': 2606.450336353161, 'z': 60.0}
2026-02-13 18:29:34,456 - Drone_4 - INFO - Drone 4: Flying to {'x': 2503.5942352531274, 'y': 2553.549663646839, 'z': 60.0}
2026-02-13 18:29:34,457 - Drone_5 - INFO - Drone 5: Flying to {'x': 2553.9057647468726, 'y': 2537.202456766718, 'z': 60.0}
2026-02-13 18:29:35,383 - Drone_2 - INFO - Drone 2: Flying to {'x': 0.0, 'y': 0.0, 'z': 5.2338948249816895}
2026-02-13 18:29:35,384 - Drone_3 - INFO - Drone 3: Flying to {'x': 0.0, 'y': 0.0, 'z': 5.2338948249816895}
2026-02-13 18:29:35,385 - Drone_4 - INFO - Drone 4: Flying to {'x': 0.0, 'y': 0.0, 'z': 5.2338948249816895}
2026-02-13 18:29:35,386 - Drone_5 - INFO - Drone 5: Flying to {'x': 0.0, 'y': 0.0, 'z': 5.2338948249816895}
2026-02-13 18:29:36,387 - Drone_2 - INFO - Drone 2: Flying to {'x': 0.0, 'y': 0.0, 'z': 7.2452874183654785}
2026-02-13 18:29:36,388 - Drone_3 - INFO - Drone 3: Flying to {'x': 0.0, 'y': 0.0, 'z': 7.2452874183654785}
2026-02-13 18:29:36,389 - Drone_4 - INFO - Drone 4: Flying to {'x': 0.0, 'y': 0.0, 'z': 7.2452874183654785}
2026-02-13 18:29:36,390 - Drone_5 - INFO - Drone 5: Flying to {'x': 0.0, 'y': 0.0, 'z': 7.2452874183654785}
2026-02-13 18:29:37,392 - Drone_2 - INFO - Drone 2: Flying to {'x': 0.0, 'y': 0.0, 'z': 9.257313251495361}
2026-02-13 18:29:37,393 - Drone_3 - INFO - Drone 3: Flying to {'x': 0.0, 'y': 0.0, 'z': 9.257313251495361}
2026-02-13 18:29:37,393 - Drone_4 - INFO - Drone 4: Flying to {'x': 0.0, 'y': 0.0, 'z': 9.257313251495361}
2026-02-13 18:29:37,394 - Drone_5 - INFO - Drone 5: Flying to {'x': 0.0, 'y': 0.0, 'z': 9.257313251495361}
2026-02-13 18:29:38,395 - Drone_2 - INFO - Drone 2: Flying to {'x': 0.0, 'y': 0.0, 'z': 11.267486572265625}
2026-02-13 18:29:38,396 - Drone_3 - INFO - Drone 3: Flying to {'x': 0.0, 'y': 0.0, 'z': 11.267486572265625}
2026-02-13 18:29:38,397 - Drone_4 - INFO - Drone 4: Flying to {'x': 0.0, 'y': 0.0, 'z': 11.267486572265625}
2026-02-13 18:29:38,398 - Drone_5 - INFO - Drone 5: Flying to {'x': 0.0, 'y': 0.0, 'z': 11.267486572265625}
2026-02-13 18:29:39,401 - Drone_2 - INFO - Drone 2: Flying to {'x': 0.0, 'y': 0.0, 'z': 13.277480602264404}
2026-02-13 18:29:39,401 - Drone_3 - INFO - Drone 3: Flying to {'x': 0.0, 'y': 0.0, 'z': 13.277480602264404}
2026-02-13 18:29:39,402 - Drone_4 - INFO - Drone 4: Flying to {'x': 0.0, 'y': 0.0, 'z': 13.277480602264404}
2026-02-13 18:29:39,402 - Drone_5 - INFO - Drone 5: Flying to {'x': 0.0, 'y': 0.0, 'z': 13.277480602264404}
2026-02-13 18:29:40,403 - Drone_2 - INFO - Drone 2: Flying to {'x': 0.0, 'y': 0.0, 'z': 15.288305759429932}
2026-02-13 18:29:40,404 - Drone_3 - INFO - Drone 3: Flying to {'x': 0.0, 'y': 0.0, 'z': 15.288305759429932}
2026-02-13 18:29:40,404 - Drone_4 - INFO - Drone 4: Flying to {'x': 0.0, 'y': 0.0, 'z': 15.288305759429932}
2026-02-13 18:29:40,405 - Drone_5 - INFO - Drone 5: Flying to {'x': 0.0, 'y': 0.0, 'z': 15.288305759429932}
2026-02-13 18:29:41,407 - Drone_2 - INFO - Drone 2: Flying to {'x': 0.0, 'y': 0.0, 'z': 17.305034160614014}
2026-02-13 18:29:41,408 - Drone_3 - INFO - Drone 3: Flying to {'x': 0.0, 'y': 0.0, 'z': 17.305034160614014}
2026-02-13 18:29:41,408 - Drone_4 - INFO - Drone 4: Flying to {'x': 0.0, 'y': 0.0, 'z': 17.305034160614014}
2026-02-13 18:29:41,409 - Drone_5 - INFO - Drone 5: Flying to {'x': 0.0, 'y': 0.0, 'z': 17.305034160614014}
2026-02-13 18:29:42,411 - Drone_2 - INFO - Drone 2: Flying to {'x': 0.0, 'y': 0.0, 'z': 19.319026470184326}
2026-02-13 18:29:42,412 - Drone_3 - INFO - Drone 3: Flying to {'x': 0.0, 'y': 0.0, 'z': 19.319026470184326}
2026-02-13 18:29:42,413 - Drone_4 - INFO - Drone 4: Flying to {'x': 0.0, 'y': 0.0, 'z': 19.319026470184326}
2026-02-13 18:29:42,413 - Drone_5 - INFO - Drone 5: Flying to {'x': 0.0, 'y': 0.0, 'z': 19.319026470184326}
2026-02-13 18:29:43,415 - Drone_2 - INFO - Drone 2: Flying to {'x': 0.0, 'y': 0.0, 'z': 21.33078098297119}
2026-02-13 18:29:43,416 - Drone_3 - INFO - Drone 3: Flying to {'x': 0.0, 'y': 0.0, 'z': 21.33078098297119}
2026-02-13 18:29:43,417 - Drone_4 - INFO - Drone 4: Flying to {'x': 0.0, 'y': 0.0, 'z': 21.33078098297119}
2026-02-13 18:29:43,418 - Drone_5 - INFO - Drone 5: Flying to {'x': 0.0, 'y': 0.0, 'z': 21.33078098297119}
2026-02-13 18:29:44,419 - Drone_2 - INFO - Drone 2: Flying to {'x': 0.0, 'y': 0.0, 'z': 23.341264724731445}
2026-02-13 18:29:44,421 - Drone_3 - INFO - Drone 3: Flying to {'x': 0.0, 'y': 0.0, 'z': 23.341264724731445}
2026-02-13 18:29:44,421 - Drone_4 - INFO - Drone 4: Flying to {'x': 0.0, 'y': 0.0, 'z': 23.341264724731445}
2026-02-13 18:29:44,422 - Drone_5 - INFO - Drone 5: Flying to {'x': 0.0, 'y': 0.0, 'z': 23.341264724731445}
2026-02-13 18:29:45,423 - Drone_2 - INFO - Drone 2: Flying to {'x': 0.0, 'y': 0.0, 'z': 25.35301685333252}
2026-02-13 18:29:45,424 - Drone_3 - INFO - Drone 3: Flying to {'x': 0.0, 'y': 0.0, 'z': 25.35301685333252}
2026-02-13 18:29:45,424 - Drone_4 - INFO - Drone 4: Flying to {'x': 0.0, 'y': 0.0, 'z': 25.35301685333252}
2026-02-13 18:29:45,425 - Drone_5 - INFO - Drone 5: Flying to {'x': 0.0, 'y': 0.0, 'z': 25.35301685333252}
2026-02-13 18:29:46,426 - Drone_2 - INFO - Drone 2: Flying to {'x': 0.0, 'y': 0.0, 'z': 27.35893964767456}
2026-02-13 18:29:46,426 - Drone_3 - INFO - Drone 3: Flying to {'x': 0.0, 'y': 0.0, 'z': 27.35893964767456}
2026-02-13 18:29:46,426 - Drone_4 - INFO - Drone 4: Flying to {'x': 0.0, 'y': 0.0, 'z': 27.35893964767456}
2026-02-13 18:29:46,426 - Drone_5 - INFO - Drone 5: Flying to {'x': 0.0, 'y': 0.0, 'z': 27.35893964767456}
2026-02-13 18:29:47,427 - Drone_2 - INFO - Drone 2: Flying to {'x': 0.0, 'y': 0.0, 'z': 29.36780548095703}
2026-02-13 18:29:47,428 - Drone_3 - INFO - Drone 3: Flying to {'x': 0.0, 'y': 0.0, 'z': 29.36780548095703}
2026-02-13 18:29:47,429 - Drone_4 - INFO - Drone 4: Flying to {'x': 0.0, 'y': 0.0, 'z': 29.36780548095703}
2026-02-13 18:29:47,429 - Drone_5 - INFO - Drone 5: Flying to {'x': 0.0, 'y': 0.0, 'z': 29.36780548095703}
2026-02-13 18:29:48,431 - Drone_2 - INFO - Drone 2: Flying to {'x': 0.0, 'y': 0.0, 'z': 31.385315418243408}
2026-02-13 18:29:48,432 - Drone_3 - INFO - Drone 3: Flying to {'x': 0.0, 'y': 0.0, 'z': 31.385315418243408}
2026-02-13 18:29:48,433 - Drone_4 - INFO - Drone 4: Flying to {'x': 0.0, 'y': 0.0, 'z': 31.385315418243408}
2026-02-13 18:29:48,433 - Drone_5 - INFO - Drone 5: Flying to {'x': 0.0, 'y': 0.0, 'z': 31.385315418243408}
2026-02-13 18:29:49,436 - Drone_2 - INFO - Drone 2: Flying to {'x': 0.0, 'y': 0.0, 'z': 33.39521074295044}
2026-02-13 18:29:49,437 - Drone_3 - INFO - Drone 3: Flying to {'x': 0.0, 'y': 0.0, 'z': 33.39521074295044}
2026-02-13 18:29:49,437 - Drone_4 - INFO - Drone 4: Flying to {'x': 0.0, 'y': 0.0, 'z': 33.39521074295044}
2026-02-13 18:29:49,438 - Drone_5 - INFO - Drone 5: Flying to {'x': 0.0, 'y': 0.0, 'z': 33.39521074295044}
2026-02-13 18:29:49,557 - PhysicalMLTrainer_Drone1 - INFO - Physical ML model trained drone=1 samples=451 degree=2 alpha=0.0 val_mse=0.001098
2026-02-13 18:29:49,557 - PhysicalMLTrainer_Drone5 - INFO - Physical ML model trained drone=5 samples=501 degree=2 alpha=0.0 val_mse=0.000335
2026-02-13 18:29:49,559 - PhysicalMLTrainer_Drone2 - INFO - Physical ML model trained drone=2 samples=501 degree=2 alpha=0.0 val_mse=0.000368
2026-02-13 18:29:49,559 - PhysicalMLTrainer_Drone4 - INFO - Physical ML model trained drone=4 samples=501 degree=2 alpha=0.0 val_mse=0.000565
2026-02-13 18:29:49,559 - PhysicalMLTrainer_Drone3 - INFO - Physical ML model trained drone=3 samples=501 degree=2 alpha=0.0 val_mse=0.000548
2026-02-13 18:29:50,440 - Drone_2 - INFO - Drone 2: Flying to {'x': 0.0, 'y': 0.0, 'z': 35.25325679779053}
2026-02-13 18:29:50,441 - Drone_3 - INFO - Drone 3: Flying to {'x': 0.0, 'y': 0.0, 'z': 35.25325679779053}
2026-02-13 18:29:50,442 - Drone_4 - INFO - Drone 4: Flying to {'x': 0.0, 'y': 0.0, 'z': 35.25325679779053}
2026-02-13 18:29:50,442 - Drone_5 - INFO - Drone 5: Flying to {'x': 0.0, 'y': 0.0, 'z': 35.25325679779053}
2026-02-13 18:29:51,444 - Drone_2 - INFO - Drone 2: Flying to {'x': 0.0, 'y': 0.0, 'z': 37.26472806930542}
2026-02-13 18:29:51,444 - Drone_3 - INFO - Drone 3: Flying to {'x': 0.0, 'y': 0.0, 'z': 37.26472806930542}
2026-02-13 18:29:51,444 - Drone_4 - INFO - Drone 4: Flying to {'x': 0.0, 'y': 0.0, 'z': 37.26472806930542}
2026-02-13 18:29:51,445 - Drone_5 - INFO - Drone 5: Flying to {'x': 0.0, 'y': 0.0, 'z': 37.26472806930542}
2026-02-13 18:29:52,445 - Drone_2 - INFO - Drone 2: Flying to {'x': 0.0, 'y': 0.0, 'z': 39.27518844604492}
2026-02-13 18:29:52,446 - Drone_3 - INFO - Drone 3: Flying to {'x': 0.0, 'y': 0.0, 'z': 39.27518844604492}
2026-02-13 18:29:52,446 - Drone_4 - INFO - Drone 4: Flying to {'x': 0.0, 'y': 0.0, 'z': 39.27518844604492}
2026-02-13 18:29:52,446 - Drone_5 - INFO - Drone 5: Flying to {'x': 0.0, 'y': 0.0, 'z': 39.27518844604492}
2026-02-13 18:29:53,447 - Drone_2 - INFO - Drone 2: Flying to {'x': 0.0, 'y': 0.0, 'z': 41.2856388092041}
2026-02-13 18:29:53,447 - Drone_3 - INFO - Drone 3: Flying to {'x': 0.0, 'y': 0.0, 'z': 41.2856388092041}
2026-02-13 18:29:53,448 - Drone_4 - INFO - Drone 4: Flying to {'x': 0.0, 'y': 0.0, 'z': 41.2856388092041}
2026-02-13 18:29:53,448 - Drone_5 - INFO - Drone 5: Flying to {'x': 0.0, 'y': 0.0, 'z': 41.2856388092041}
2026-02-13 18:29:54,449 - Drone_2 - INFO - Drone 2: Flying to {'x': 0.0, 'y': 0.0, 'z': 43.29699373245239}
2026-02-13 18:29:54,450 - Drone_3 - INFO - Drone 3: Flying to {'x': 0.0, 'y': 0.0, 'z': 43.29699373245239}
2026-02-13 18:29:54,451 - Drone_4 - INFO - Drone 4: Flying to {'x': 0.0, 'y': 0.0, 'z': 43.29699373245239}
2026-02-13 18:29:54,451 - Drone_5 - INFO - Drone 5: Flying to {'x': 0.0, 'y': 0.0, 'z': 43.29699373245239}
2026-02-13 18:29:55,453 - Drone_2 - INFO - Drone 2: Flying to {'x': 0.0, 'y': 0.0, 'z': 45.312965869903564}
2026-02-13 18:29:55,454 - Drone_3 - INFO - Drone 3: Flying to {'x': 0.0, 'y': 0.0, 'z': 45.312965869903564}
2026-02-13 18:29:55,455 - Drone_4 - INFO - Drone 4: Flying to {'x': 0.0, 'y': 0.0, 'z': 45.312965869903564}
2026-02-13 18:29:55,456 - Drone_5 - INFO - Drone 5: Flying to {'x': 0.0, 'y': 0.0, 'z': 45.312965869903564}
2026-02-13 18:29:56,458 - Drone_2 - INFO - Drone 2: Flying to {'x': 0.0, 'y': 0.0, 'z': 47.32290506362915}
2026-02-13 18:29:56,458 - Drone_3 - INFO - Drone 3: Flying to {'x': 0.0, 'y': 0.0, 'z': 47.32290506362915}
2026-02-13 18:29:56,458 - Drone_4 - INFO - Drone 4: Flying to {'x': 0.0, 'y': 0.0, 'z': 47.32290506362915}
2026-02-13 18:29:56,459 - Drone_5 - INFO - Drone 5: Flying to {'x': 0.0, 'y': 0.0, 'z': 47.32290506362915}
2026-02-13 18:29:57,460 - Drone_2 - INFO - Drone 2: Flying to {'x': 0.0, 'y': 0.0, 'z': 49.33253479003906}
2026-02-13 18:29:57,460 - Drone_3 - INFO - Drone 3: Flying to {'x': 0.0, 'y': 0.0, 'z': 49.33253479003906}
2026-02-13 18:29:57,461 - Drone_4 - INFO - Drone 4: Flying to {'x': 0.0, 'y': 0.0, 'z': 49.33253479003906}
2026-02-13 18:29:57,461 - Drone_5 - INFO - Drone 5: Flying to {'x': 0.0, 'y': 0.0, 'z': 49.33253479003906}
2026-02-13 18:29:57,490 - Drone_1 - INFO - Drone 1: Flying to {'x': 0, 'y': 100, 'z': 49.33253479003906}
2026-02-13 18:29:57,580 - Drone_1 - INFO - Drone 1: Flying to {'x': 2585.0, 'y': 2580.0, 'z': 60.0}
2026-02-13 18:29:58,462 - Drone_2 - INFO - Drone 2: Flying to {'x': 2576.9748799332338, 'y': 2524.3254102133296, 'z': 60.0}
2026-02-13 18:29:58,463 - Drone_3 - INFO - Drone 3: Flying to {'x': 2529.305360186102, 'y': 2572.115230123828, 'z': 60.0}
2026-02-13 18:29:58,463 - Drone_4 - INFO - Drone 4: Flying to {'x': 2568.9497598664675, 'y': 2468.65082042666, 'z': 60.0}
2026-02-13 18:29:58,463 - Drone_5 - INFO - Drone 5: Flying to {'x': 2473.610720372204, 'y': 2564.230460247656, 'z': 60.0}
2026-02-13 18:29:59,464 - Drone_2 - INFO - Drone 2: Flying to {'x': 2576.9748799332338, 'y': 2524.3254102133296, 'z': 60.0}
2026-02-13 18:29:59,464 - Drone_3 - INFO - Drone 3: Flying to {'x': 2529.305360186102, 'y': 2572.115230123828, 'z': 60.0}
2026-02-13 18:29:59,465 - Drone_4 - INFO - Drone 4: Flying to {'x': 2568.9497598664675, 'y': 2468.65082042666, 'z': 60.0}
2026-02-13 18:29:59,465 - Drone_5 - INFO - Drone 5: Flying to {'x': 2473.610720372204, 'y': 2564.230460247656, 'z': 60.0}
2026-02-13 18:30:00,466 - Drone_2 - INFO - Drone 2: Flying to {'x': 2576.9748799332338, 'y': 2524.3254102133296, 'z': 60.0}
2026-02-13 18:30:00,466 - Drone_3 - INFO - Drone 3: Flying to {'x': 2529.305360186102, 'y': 2572.115230123828, 'z': 60.0}
2026-02-13 18:30:00,467 - Drone_4 - INFO - Drone 4: Flying to {'x': 2568.9497598664675, 'y': 2468.65082042666, 'z': 60.0}
2026-02-13 18:30:00,467 - Drone_5 - INFO - Drone 5: Flying to {'x': 2473.610720372204, 'y': 2564.230460247656, 'z': 60.0}
2026-02-13 18:30:01,468 - Drone_2 - INFO - Drone 2: Flying to {'x': 2576.9748799332338, 'y': 2524.3254102133296, 'z': 60.0}
2026-02-13 18:30:01,468 - Drone_3 - INFO - Drone 3: Flying to {'x': 2529.305360186102, 'y': 2572.115230123828, 'z': 60.0}
2026-02-13 18:30:01,468 - Drone_4 - INFO - Drone 4: Flying to {'x': 2568.9497598664675, 'y': 2468.65082042666, 'z': 60.0}
2026-02-13 18:30:01,468 - Drone_5 - INFO - Drone 5: Flying to {'x': 2473.610720372204, 'y': 2564.230460247656, 'z': 60.0}
2026-02-13 18:30:02,470 - Drone_2 - INFO - Drone 2: Flying to {'x': 2576.9748799332338, 'y': 2524.3254102133296, 'z': 60.0}
2026-02-13 18:30:02,471 - Drone_3 - INFO - Drone 3: Flying to {'x': 2529.305360186102, 'y': 2572.115230123828, 'z': 60.0}
2026-02-13 18:30:02,471 - Drone_4 - INFO - Drone 4: Flying to {'x': 2568.9497598664675, 'y': 2468.65082042666, 'z': 60.0}
2026-02-13 18:30:02,472 - Drone_5 - INFO - Drone 5: Flying to {'x': 2473.610720372204, 'y': 2564.230460247656, 'z': 60.0}
2026-02-13 18:30:03,473 - Drone_2 - INFO - Drone 2: Flying to {'x': 2576.9748799332338, 'y': 2524.3254102133296, 'z': 60.0}
2026-02-13 18:30:03,474 - Drone_3 - INFO - Drone 3: Flying to {'x': 2529.305360186102, 'y': 2572.115230123828, 'z': 60.0}
2026-02-13 18:30:03,475 - Drone_4 - INFO - Drone 4: Flying to {'x': 2568.9497598664675, 'y': 2468.65082042666, 'z': 60.0}
2026-02-13 18:30:03,476 - Drone_5 - INFO - Drone 5: Flying to {'x': 2473.610720372204, 'y': 2564.230460247656, 'z': 60.0}
2026-02-13 18:30:04,477 - Drone_2 - INFO - Drone 2: Flying to {'x': 2576.9748799332338, 'y': 2524.3254102133296, 'z': 60.0}
2026-02-13 18:30:04,479 - Drone_3 - INFO - Drone 3: Flying to {'x': 2529.305360186102, 'y': 2572.115230123828, 'z': 60.0}
2026-02-13 18:30:04,480 - Drone_4 - INFO - Drone 4: Flying to {'x': 2568.9497598664675, 'y': 2468.65082042666, 'z': 60.0}
2026-02-13 18:30:04,481 - Drone_5 - INFO - Drone 5: Flying to {'x': 2473.610720372204, 'y': 2564.230460247656, 'z': 60.0}
2026-02-13 18:30:05,481 - Drone_2 - INFO - Drone 2: Flying to {'x': 2576.9748799332338, 'y': 2524.3254102133296, 'z': 60.0}
2026-02-13 18:30:05,482 - Drone_3 - INFO - Drone 3: Flying to {'x': 2529.305360186102, 'y': 2572.115230123828, 'z': 60.0}
2026-02-13 18:30:05,482 - Drone_4 - INFO - Drone 4: Flying to {'x': 2568.9497598664675, 'y': 2468.65082042666, 'z': 60.0}
2026-02-13 18:30:05,482 - Drone_5 - INFO - Drone 5: Flying to {'x': 2473.610720372204, 'y': 2564.230460247656, 'z': 60.0}
2026-02-13 18:30:05,523 - Drone_2 - ERROR - Drone 2: Motor 0 failed!
2026-02-13 18:30:05,524 - Drone_2 - WARNING - Drone 2: Degraded return active - Motor failure simulation: return to home with degraded control
2026-02-13 18:30:06,483 - Drone_3 - INFO - Drone 3: Flying to {'x': 2576.9748799332338, 'y': 2524.3254102133296, 'z': 60.0}
2026-02-13 18:30:06,483 - Drone_4 - INFO - Drone 4: Flying to {'x': 2529.305360186102, 'y': 2572.115230123828, 'z': 60.0}
2026-02-13 18:30:06,484 - Drone_5 - INFO - Drone 5: Flying to {'x': 2568.9497598664675, 'y': 2468.65082042666, 'z': 60.0}
2026-02-13 18:30:07,485 - Drone_3 - INFO - Drone 3: Flying to {'x': 2576.9748799332338, 'y': 2524.3254102133296, 'z': 60.0}
2026-02-13 18:30:07,485 - Drone_4 - INFO - Drone 4: Flying to {'x': 2529.305360186102, 'y': 2572.115230123828, 'z': 60.0}
2026-02-13 18:30:07,486 - Drone_5 - INFO - Drone 5: Flying to {'x': 2568.9497598664675, 'y': 2468.65082042666, 'z': 60.0}
2026-02-13 18:30:08,486 - Drone_3 - INFO - Drone 3: Flying to {'x': 2576.9748799332338, 'y': 2524.3254102133296, 'z': 60.0}
2026-02-13 18:30:08,487 - Drone_4 - INFO - Drone 4: Flying to {'x': 2529.305360186102, 'y': 2572.115230123828, 'z': 60.0}
2026-02-13 18:30:08,488 - Drone_5 - INFO - Drone 5: Flying to {'x': 2568.9497598664675, 'y': 2468.65082042666, 'z': 60.0}
2026-02-13 18:30:09,489 - Drone_3 - INFO - Drone 3: Flying to {'x': 2576.9748799332338, 'y': 2524.3254102133296, 'z': 60.0}
2026-02-13 18:30:09,490 - Drone_4 - INFO - Drone 4: Flying to {'x': 2529.305360186102, 'y': 2572.115230123828, 'z': 60.0}
2026-02-13 18:30:09,491 - Drone_5 - INFO - Drone 5: Flying to {'x': 2568.9497598664675, 'y': 2468.65082042666, 'z': 60.0}
2026-02-13 18:30:09,682 - PhysicalMLTrainer_Drone3 - INFO - Physical ML model trained drone=3 samples=701 degree=2 alpha=0.0 val_mse=0.009412
2026-02-13 18:30:09,682 - PhysicalMLTrainer_Drone1 - INFO - Physical ML model trained drone=1 samples=651 degree=2 alpha=0.0 val_mse=0.727010
2026-02-13 18:30:09,684 - PhysicalMLTrainer_Drone4 - INFO - Physical ML model trained drone=4 samples=701 degree=2 alpha=0.0 val_mse=0.008483
2026-02-13 18:30:09,687 - PhysicalMLTrainer_Drone5 - INFO - Physical ML model trained drone=5 samples=701 degree=2 alpha=0.0 val_mse=0.007812
2026-02-13 18:30:09,689 - PhysicalMLTrainer_Drone2 - INFO - Physical ML model trained drone=2 samples=701 degree=2 alpha=1.0 val_mse=0.024221
2026-02-13 18:30:10,492 - Drone_3 - INFO - Drone 3: Flying to {'x': 2576.9748799332338, 'y': 2524.3254102133296, 'z': 60.0}
2026-02-13 18:30:10,492 - Drone_4 - INFO - Drone 4: Flying to {'x': 2529.305360186102, 'y': 2572.115230123828, 'z': 60.0}
2026-02-13 18:30:10,493 - Drone_5 - INFO - Drone 5: Flying to {'x': 2568.9497598664675, 'y': 2468.65082042666, 'z': 60.0}
2026-02-13 18:30:11,493 - Drone_3 - INFO - Drone 3: Flying to {'x': 2576.9748799332338, 'y': 2524.3254102133296, 'z': 60.0}
2026-02-13 18:30:11,494 - Drone_4 - INFO - Drone 4: Flying to {'x': 2529.305360186102, 'y': 2572.115230123828, 'z': 60.0}
2026-02-13 18:30:11,494 - Drone_5 - INFO - Drone 5: Flying to {'x': 2568.9497598664675, 'y': 2468.65082042666, 'z': 60.0}
2026-02-13 18:30:12,495 - Drone_3 - INFO - Drone 3: Flying to {'x': 2576.9748799332338, 'y': 2524.3254102133296, 'z': 60.0}
2026-02-13 18:30:12,496 - Drone_4 - INFO - Drone 4: Flying to {'x': 2529.305360186102, 'y': 2572.115230123828, 'z': 60.0}
2026-02-13 18:30:12,496 - Drone_5 - INFO - Drone 5: Flying to {'x': 2568.9497598664675, 'y': 2468.65082042666, 'z': 60.0}
2026-02-13 18:30:13,497 - Drone_3 - INFO - Drone 3: Flying to {'x': 2576.9748799332338, 'y': 2524.3254102133296, 'z': 60.0}
2026-02-13 18:30:13,499 - Drone_4 - INFO - Drone 4: Flying to {'x': 2529.305360186102, 'y': 2572.115230123828, 'z': 60.0}
2026-02-13 18:30:13,500 - Drone_5 - INFO - Drone 5: Flying to {'x': 2568.9497598664675, 'y': 2468.65082042666, 'z': 60.0}
2026-02-13 18:30:14,501 - Drone_3 - INFO - Drone 3: Flying to {'x': 2576.9748799332338, 'y': 2524.3254102133296, 'z': 60.0}
2026-02-13 18:30:14,501 - Drone_4 - INFO - Drone 4: Flying to {'x': 2529.305360186102, 'y': 2572.115230123828, 'z': 60.0}
2026-02-13 18:30:14,502 - Drone_5 - INFO - Drone 5: Flying to {'x': 2568.9497598664675, 'y': 2468.65082042666, 'z': 60.0}
2026-02-13 18:30:15,502 - Drone_3 - INFO - Drone 3: Flying to {'x': 2576.9748799332338, 'y': 2524.3254102133296, 'z': 60.0}
2026-02-13 18:30:15,503 - Drone_4 - INFO - Drone 4: Flying to {'x': 2529.305360186102, 'y': 2572.115230123828, 'z': 60.0}
2026-02-13 18:30:15,503 - Drone_5 - INFO - Drone 5: Flying to {'x': 2568.9497598664675, 'y': 2468.65082042666, 'z': 60.0}
2026-02-13 18:30:16,504 - Drone_3 - INFO - Drone 3: Flying to {'x': 2576.9748799332338, 'y': 2524.3254102133296, 'z': 60.0}
2026-02-13 18:30:16,504 - Drone_4 - INFO - Drone 4: Flying to {'x': 2529.305360186102, 'y': 2572.115230123828, 'z': 60.0}
2026-02-13 18:30:16,504 - Drone_5 - INFO - Drone 5: Flying to {'x': 2568.9497598664675, 'y': 2468.65082042666, 'z': 60.0}
2026-02-13 18:30:17,505 - Drone_3 - INFO - Drone 3: Flying to {'x': 2576.9748799332338, 'y': 2524.3254102133296, 'z': 60.0}
2026-02-13 18:30:17,506 - Drone_4 - INFO - Drone 4: Flying to {'x': 2529.305360186102, 'y': 2572.115230123828, 'z': 60.0}
2026-02-13 18:30:17,507 - Drone_5 - INFO - Drone 5: Flying to {'x': 2568.9497598664675, 'y': 2468.65082042666, 'z': 60.0}
2026-02-13 18:30:18,508 - SwarmManager - WARNING - Leader drone 1 no longer operational
2026-02-13 18:30:18,510 - SwarmManager - ERROR - Handling failure of drone 1: Leader failure
2026-02-13 18:30:18,511 - SwarmManager - WARNING - Leader drone 1 failed - initiating leader election
2026-02-13 18:30:19,512 - SwarmManager - INFO - Starting leader election...
2026-02-13 18:30:19,514 - SwarmManager - INFO -   Drone 3: suitability score = 99.62
2026-02-13 18:30:19,515 - SwarmManager - INFO -   Drone 4: suitability score = 99.62
2026-02-13 18:30:19,518 - SwarmManager - INFO -   Drone 5: suitability score = 99.62
2026-02-13 18:30:19,520 - Drone_1 - INFO - Drone 1: Role changed from leader to follower
2026-02-13 18:30:19,521 - Drone_2 - INFO - Drone 2: Role changed from emergency to follower
2026-02-13 18:30:19,521 - Drone_3 - INFO - Drone 3: Role changed from follower to follower
2026-02-13 18:30:19,521 - Drone_4 - INFO - Drone 4: Role changed from follower to leader
2026-02-13 18:30:19,522 - Drone_5 - INFO - Drone 5: Role changed from follower to follower
2026-02-13 18:30:19,545 - SwarmManager - ERROR - Drone 1 crashed
2026-02-13 18:30:19,545 - SwarmManager - ERROR - Handling failure of drone 1: Crashed
2026-02-13 18:30:19,546 - Drone_3 - INFO - Drone 3: Flying to {'x': 2478.942902656756, 'y': 2547.061580257894, 'z': 60.0}
2026-02-13 18:30:19,546 - Drone_5 - INFO - Drone 5: Flying to {'x': 2549.205391712261, 'y': 2461.3892677425606, 'z': 60.0}
2026-02-13 18:30:20,546 - SwarmManager - ERROR - Drone 1 crashed
2026-02-13 18:30:20,547 - SwarmManager - ERROR - Handling failure of drone 1: Crashed
2026-02-13 18:30:20,548 - Drone_3 - INFO - Drone 3: Flying to {'x': 2478.942902656756, 'y': 2547.061580257894, 'z': 60.0}
2026-02-13 18:30:20,549 - Drone_5 - INFO - Drone 5: Flying to {'x': 2549.205391712261, 'y': 2461.3892677425606, 'z': 60.0}
2026-02-13 18:30:21,550 - SwarmManager - ERROR - Drone 1 crashed
2026-02-13 18:30:21,550 - SwarmManager - ERROR - Handling failure of drone 1: Crashed
2026-02-13 18:30:21,551 - Drone_3 - INFO - Drone 3: Flying to {'x': 2478.942902656756, 'y': 2547.061580257894, 'z': 60.0}
2026-02-13 18:30:21,551 - Drone_5 - INFO - Drone 5: Flying to {'x': 2549.205391712261, 'y': 2461.3892677425606, 'z': 60.0}
2026-02-13 18:30:22,552 - SwarmManager - ERROR - Drone 1 heartbeat timeout
2026-02-13 18:30:22,552 - SwarmManager - ERROR - Handling failure of drone 1: Heartbeat timeout
2026-02-13 18:30:22,553 - SwarmManager - ERROR - Drone 1 crashed
2026-02-13 18:30:22,553 - SwarmManager - ERROR - Handling failure of drone 1: Crashed
2026-02-13 18:30:22,554 - Drone_3 - INFO - Drone 3: Flying to {'x': 2478.942902656756, 'y': 2547.061580257894, 'z': 60.0}
2026-02-13 18:30:22,554 - Drone_5 - INFO - Drone 5: Flying to {'x': 2549.205391712261, 'y': 2461.3892677425606, 'z': 60.0}
2026-02-13 18:30:23,555 - SwarmManager - ERROR - Drone 1 heartbeat timeout
2026-02-13 18:30:23,556 - SwarmManager - ERROR - Handling failure of drone 1: Heartbeat timeout
2026-02-13 18:30:23,557 - SwarmManager - ERROR - Drone 1 crashed
2026-02-13 18:30:23,557 - SwarmManager - ERROR - Handling failure of drone 1: Crashed
2026-02-13 18:30:23,558 - Drone_3 - INFO - Drone 3: Flying to {'x': 2478.942902656756, 'y': 2547.061580257894, 'z': 60.0}
2026-02-13 18:30:23,558 - Drone_5 - INFO - Drone 5: Flying to {'x': 2549.205391712261, 'y': 2461.3892677425606, 'z': 60.0}
2026-02-13 18:30:24,559 - SwarmManager - ERROR - Drone 1 heartbeat timeout
2026-02-13 18:30:24,560 - SwarmManager - ERROR - Handling failure of drone 1: Heartbeat timeout
2026-02-13 18:30:24,560 - SwarmManager - ERROR - Drone 1 crashed
2026-02-13 18:30:24,561 - SwarmManager - ERROR - Handling failure of drone 1: Crashed
2026-02-13 18:30:24,561 - Drone_3 - INFO - Drone 3: Flying to {'x': 2478.942902656756, 'y': 2547.061580257894, 'z': 60.0}
2026-02-13 18:30:24,561 - Drone_5 - INFO - Drone 5: Flying to {'x': 2549.205391712261, 'y': 2461.3892677425606, 'z': 60.0}
2026-02-13 18:30:25,562 - SwarmManager - ERROR - Drone 1 heartbeat timeout
2026-02-13 18:30:25,562 - SwarmManager - ERROR - Handling failure of drone 1: Heartbeat timeout
2026-02-13 18:30:25,562 - SwarmManager - ERROR - Drone 1 crashed
2026-02-13 18:30:25,562 - SwarmManager - ERROR - Handling failure of drone 1: Crashed
2026-02-13 18:30:25,563 - Drone_3 - INFO - Drone 3: Flying to {'x': 2478.942902656756, 'y': 2547.061580257894, 'z': 60.0}
2026-02-13 18:30:25,563 - Drone_5 - INFO - Drone 5: Flying to {'x': 2549.205391712261, 'y': 2461.3892677425606, 'z': 60.0}
2026-02-13 18:30:26,564 - SwarmManager - ERROR - Drone 1 heartbeat timeout
2026-02-13 18:30:26,564 - SwarmManager - ERROR - Handling failure of drone 1: Heartbeat timeout
2026-02-13 18:30:26,565 - SwarmManager - ERROR - Drone 1 crashed
2026-02-13 18:30:26,565 - SwarmManager - ERROR - Handling failure of drone 1: Crashed
2026-02-13 18:30:26,566 - Drone_3 - INFO - Drone 3: Flying to {'x': 2478.942902656756, 'y': 2547.061580257894, 'z': 60.0}
2026-02-13 18:30:26,567 - Drone_5 - INFO - Drone 5: Flying to {'x': 2549.205391712261, 'y': 2461.3892677425606, 'z': 60.0}
2026-02-13 18:30:27,567 - SwarmManager - ERROR - Drone 1 heartbeat timeout
2026-02-13 18:30:27,568 - SwarmManager - ERROR - Handling failure of drone 1: Heartbeat timeout
2026-02-13 18:30:27,568 - SwarmManager - ERROR - Drone 1 crashed
2026-02-13 18:30:27,568 - SwarmManager - ERROR - Handling failure of drone 1: Crashed
2026-02-13 18:30:27,568 - Drone_3 - INFO - Drone 3: Flying to {'x': 2478.942902656756, 'y': 2547.061580257894, 'z': 60.0}
2026-02-13 18:30:27,569 - Drone_5 - INFO - Drone 5: Flying to {'x': 2549.205391712261, 'y': 2461.3892677425606, 'z': 60.0}
2026-02-13 18:30:28,569 - SwarmManager - ERROR - Drone 1 heartbeat timeout
2026-02-13 18:30:28,571 - SwarmManager - ERROR - Handling failure of drone 1: Heartbeat timeout
2026-02-13 18:30:28,572 - SwarmManager - ERROR - Drone 1 crashed
2026-02-13 18:30:28,572 - SwarmManager - ERROR - Handling failure of drone 1: Crashed
2026-02-13 18:30:28,573 - Drone_3 - INFO - Drone 3: Flying to {'x': 2478.942902656756, 'y': 2547.061580257894, 'z': 60.0}
2026-02-13 18:30:28,573 - Drone_5 - INFO - Drone 5: Flying to {'x': 2549.205391712261, 'y': 2461.3892677425606, 'z': 60.0}
2026-02-13 18:30:29,574 - SwarmManager - ERROR - Drone 1 heartbeat timeout
2026-02-13 18:30:29,575 - SwarmManager - ERROR - Handling failure of drone 1: Heartbeat timeout
2026-02-13 18:30:29,576 - SwarmManager - ERROR - Drone 1 crashed
2026-02-13 18:30:29,578 - SwarmManager - ERROR - Handling failure of drone 1: Crashed
2026-02-13 18:30:29,579 - Drone_3 - INFO - Drone 3: Flying to {'x': 2478.942902656756, 'y': 2547.061580257894, 'z': 60.0}
2026-02-13 18:30:29,579 - Drone_5 - INFO - Drone 5: Flying to {'x': 2549.205391712261, 'y': 2461.3892677425606, 'z': 60.0}
2026-02-13 18:30:29,837 - PhysicalMLTrainer_Drone4 - INFO - Physical ML model trained drone=4 samples=901 degree=2 alpha=0.0 val_mse=0.000996
2026-02-13 18:30:29,838 - PhysicalMLTrainer_Drone2 - INFO - Physical ML model trained drone=2 samples=901 degree=2 alpha=0.0 val_mse=0.000213
2026-02-13 18:30:29,838 - PhysicalMLTrainer_Drone3 - INFO - Physical ML model trained drone=3 samples=901 degree=2 alpha=0.0 val_mse=0.000849
2026-02-13 18:30:29,838 - PhysicalMLTrainer_Drone5 - INFO - Physical ML model trained drone=5 samples=901 degree=2 alpha=0.0 val_mse=0.001214
2026-02-13 18:30:30,580 - SwarmManager - ERROR - Drone 1 heartbeat timeout
2026-02-13 18:30:30,581 - SwarmManager - ERROR - Handling failure of drone 1: Heartbeat timeout
2026-02-13 18:30:30,582 - SwarmManager - ERROR - Drone 1 crashed
2026-02-13 18:30:30,583 - SwarmManager - ERROR - Handling failure of drone 1: Crashed
2026-02-13 18:30:30,584 - Drone_3 - INFO - Drone 3: Flying to {'x': 2478.942902656756, 'y': 2547.061580257894, 'z': 60.0}
2026-02-13 18:30:30,584 - Drone_5 - INFO - Drone 5: Flying to {'x': 2549.205391712261, 'y': 2461.3892677425606, 'z': 60.0}
2026-02-13 18:30:31,585 - SwarmManager - ERROR - Drone 1 heartbeat timeout
2026-02-13 18:30:31,586 - SwarmManager - ERROR - Handling failure of drone 1: Heartbeat timeout
2026-02-13 18:30:31,586 - SwarmManager - ERROR - Drone 1 crashed
2026-02-13 18:30:31,587 - SwarmManager - ERROR - Handling failure of drone 1: Crashed
2026-02-13 18:30:31,587 - Drone_3 - INFO - Drone 3: Flying to {'x': 2478.942902656756, 'y': 2547.061580257894, 'z': 60.0}
2026-02-13 18:30:31,587 - Drone_5 - INFO - Drone 5: Flying to {'x': 2549.205391712261, 'y': 2461.3892677425606, 'z': 60.0}
2026-02-13 18:30:32,588 - SwarmManager - ERROR - Drone 1 heartbeat timeout
2026-02-13 18:30:32,589 - SwarmManager - ERROR - Handling failure of drone 1: Heartbeat timeout
2026-02-13 18:30:32,589 - SwarmManager - ERROR - Drone 1 crashed
2026-02-13 18:30:32,590 - SwarmManager - ERROR - Handling failure of drone 1: Crashed
2026-02-13 18:30:32,590 - Drone_3 - INFO - Drone 3: Flying to {'x': 2478.942902656756, 'y': 2547.061580257894, 'z': 60.0}
2026-02-13 18:30:32,591 - Drone_5 - INFO - Drone 5: Flying to {'x': 2549.205391712261, 'y': 2461.3892677425606, 'z': 60.0}
2026-02-13 18:30:33,591 - SwarmManager - ERROR - Drone 1 heartbeat timeout
2026-02-13 18:30:33,592 - SwarmManager - ERROR - Handling failure of drone 1: Heartbeat timeout
2026-02-13 18:30:33,593 - SwarmManager - ERROR - Drone 1 crashed
2026-02-13 18:30:33,595 - SwarmManager - ERROR - Handling failure of drone 1: Crashed
2026-02-13 18:30:33,596 - Drone_3 - INFO - Drone 3: Flying to {'x': 2478.942902656756, 'y': 2547.061580257894, 'z': 60.0}
2026-02-13 18:30:33,596 - Drone_5 - INFO - Drone 5: Flying to {'x': 2549.205391712261, 'y': 2461.3892677425606, 'z': 60.0}
2026-02-13 18:30:34,597 - SwarmManager - ERROR - Drone 1 heartbeat timeout
2026-02-13 18:30:34,598 - SwarmManager - ERROR - Handling failure of drone 1: Heartbeat timeout
2026-02-13 18:30:34,599 - SwarmManager - ERROR - Drone 1 crashed
2026-02-13 18:30:34,600 - SwarmManager - ERROR - Handling failure of drone 1: Crashed
2026-02-13 18:30:34,601 - Drone_3 - INFO - Drone 3: Flying to {'x': 2478.942902656756, 'y': 2547.061580257894, 'z': 60.0}
2026-02-13 18:30:34,601 - Drone_5 - INFO - Drone 5: Flying to {'x': 2549.205391712261, 'y': 2461.38926774256, 'z': 60.0}
2026-02-13 18:30:35,603 - SwarmManager - ERROR - Drone 1 heartbeat timeout
2026-02-13 18:30:35,604 - SwarmManager - ERROR - Handling failure of drone 1: Heartbeat timeout
2026-02-13 18:30:35,605 - SwarmManager - ERROR - Drone 1 crashed
2026-02-13 18:30:35,606 - SwarmManager - ERROR - Handling failure of drone 1: Crashed
2026-02-13 18:30:35,607 - Drone_3 - INFO - Drone 3: Flying to {'x': 2478.942902656756, 'y': 2547.061580257894, 'z': 60.0}
2026-02-13 18:30:35,608 - Drone_5 - INFO - Drone 5: Flying to {'x': 2549.205391712261, 'y': 2461.38926774256, 'z': 60.0}
2026-02-13 18:30:36,609 - SwarmManager - ERROR - Drone 1 heartbeat timeout
2026-02-13 18:30:36,610 - SwarmManager - ERROR - Handling failure of drone 1: Heartbeat timeout
2026-02-13 18:30:36,610 - SwarmManager - ERROR - Drone 1 crashed
2026-02-13 18:30:36,610 - SwarmManager - ERROR - Handling failure of drone 1: Crashed
2026-02-13 18:30:36,611 - Drone_3 - INFO - Drone 3: Flying to {'x': 2478.942902656756, 'y': 2547.061580257894, 'z': 60.0}
2026-02-13 18:30:36,611 - Drone_5 - INFO - Drone 5: Flying to {'x': 2549.205391712261, 'y': 2461.3892677425606, 'z': 60.0}
2026-02-13 18:30:37,612 - SwarmManager - ERROR - Drone 1 heartbeat timeout
2026-02-13 18:30:37,612 - SwarmManager - ERROR - Handling failure of drone 1: Heartbeat timeout
2026-02-13 18:30:37,613 - SwarmManager - ERROR - Drone 1 crashed
2026-02-13 18:30:37,613 - SwarmManager - ERROR - Handling failure of drone 1: Crashed
2026-02-13 18:30:37,613 - Drone_3 - INFO - Drone 3: Flying to {'x': 2478.942902656756, 'y': 2547.061580257894, 'z': 60.0}
2026-02-13 18:30:37,614 - Drone_5 - INFO - Drone 5: Flying to {'x': 2549.205391712261, 'y': 2461.3892677425606, 'z': 60.0}
2026-02-13 18:30:38,614 - SwarmManager - ERROR - Drone 1 heartbeat timeout
2026-02-13 18:30:38,615 - SwarmManager - ERROR - Handling failure of drone 1: Heartbeat timeout
2026-02-13 18:30:38,616 - SwarmManager - ERROR - Drone 1 crashed
2026-02-13 18:30:38,616 - SwarmManager - ERROR - Handling failure of drone 1: Crashed
2026-02-13 18:30:38,616 - Drone_3 - INFO - Drone 3: Flying to {'x': 2478.942902656756, 'y': 2547.061580257894, 'z': 60.0}
2026-02-13 18:30:38,616 - Drone_5 - INFO - Drone 5: Flying to {'x': 2549.205391712261, 'y': 2461.3892677425606, 'z': 60.0}
2026-02-13 18:30:39,617 - SwarmManager - ERROR - Drone 1 heartbeat timeout
2026-02-13 18:30:39,618 - SwarmManager - ERROR - Handling failure of drone 1: Heartbeat timeout
2026-02-13 18:30:39,618 - SwarmManager - ERROR - Drone 1 crashed
2026-02-13 18:30:39,618 - SwarmManager - ERROR - Handling failure of drone 1: Crashed
2026-02-13 18:30:39,619 - Drone_3 - INFO - Drone 3: Flying to {'x': 2478.942902656756, 'y': 2547.061580257894, 'z': 60.0}
2026-02-13 18:30:39,619 - Drone_5 - INFO - Drone 5: Flying to {'x': 2549.205391712261, 'y': 2461.3892677425606, 'z': 60.0}
2026-02-13 18:30:40,620 - SwarmManager - ERROR - Drone 1 heartbeat timeout
2026-02-13 18:30:40,620 - SwarmManager - ERROR - Handling failure of drone 1: Heartbeat timeout
2026-02-13 18:30:40,621 - SwarmManager - ERROR - Drone 1 crashed
2026-02-13 18:30:40,621 - SwarmManager - ERROR - Handling failure of drone 1: Crashed
2026-02-13 18:30:40,622 - Drone_3 - INFO - Drone 3: Flying to {'x': 2478.942902656756, 'y': 2547.061580257894, 'z': 60.0}
2026-02-13 18:30:40,622 - Drone_5 - INFO - Drone 5: Flying to {'x': 2549.205391712261, 'y': 2461.3892677425606, 'z': 60.0}
2026-02-13 18:30:41,528 - Drone_5 - ERROR - Drone 5: Motor 0 failed!
2026-02-13 18:30:41,529 - Drone_5 - WARNING - Drone 5: Degraded return active - Motor failure simulation: return to home with degraded control
2026-02-13 18:30:41,623 - SwarmManager - ERROR - Drone 1 heartbeat timeout
2026-02-13 18:30:41,625 - SwarmManager - ERROR - Handling failure of drone 1: Heartbeat timeout
2026-02-13 18:30:41,626 - SwarmManager - ERROR - Drone 1 crashed
2026-02-13 18:30:41,627 - SwarmManager - ERROR - Handling failure of drone 1: Crashed
2026-02-13 18:30:41,628 - Drone_3 - INFO - Drone 3: Flying to {'x': 2478.942902656756, 'y': 2547.061580257894, 'z': 60.0}
2026-02-13 18:30:42,629 - SwarmManager - ERROR - Drone 1 heartbeat timeout
2026-02-13 18:30:42,631 - SwarmManager - ERROR - Handling failure of drone 1: Heartbeat timeout
2026-02-13 18:30:42,632 - SwarmManager - ERROR - Drone 1 crashed
2026-02-13 18:30:42,633 - SwarmManager - ERROR - Handling failure of drone 1: Crashed
2026-02-13 18:30:42,634 - Drone_3 - INFO - Drone 3: Flying to {'x': 2478.942902656756, 'y': 2547.061580257894, 'z': 60.0}
2026-02-13 18:30:43,635 - SwarmManager - ERROR - Drone 1 heartbeat timeout
2026-02-13 18:30:43,636 - SwarmManager - ERROR - Handling failure of drone 1: Heartbeat timeout
2026-02-13 18:30:43,638 - SwarmManager - ERROR - Drone 1 crashed
2026-02-13 18:30:43,639 - SwarmManager - ERROR - Handling failure of drone 1: Crashed
2026-02-13 18:30:43,640 - Drone_3 - INFO - Drone 3: Flying to {'x': 2478.942902656756, 'y': 2547.061580257894, 'z': 60.0}
2026-02-13 18:30:44,641 - SwarmManager - ERROR - Drone 1 heartbeat timeout
2026-02-13 18:30:44,641 - SwarmManager - ERROR - Handling failure of drone 1: Heartbeat timeout
2026-02-13 18:30:44,642 - SwarmManager - ERROR - Drone 1 crashed
2026-02-13 18:30:44,643 - SwarmManager - ERROR - Handling failure of drone 1: Crashed
2026-02-13 18:30:44,643 - Drone_3 - INFO - Drone 3: Flying to {'x': 2478.942902656756, 'y': 2547.061580257894, 'z': 60.0}
2026-02-13 18:30:45,133 - Drone_2 - INFO - Drone 2: Reached home position
2026-02-13 18:30:45,645 - SwarmManager - ERROR - Drone 1 heartbeat timeout
2026-02-13 18:30:45,646 - SwarmManager - ERROR - Handling failure of drone 1: Heartbeat timeout
2026-02-13 18:30:45,646 - SwarmManager - ERROR - Drone 1 crashed
2026-02-13 18:30:45,647 - SwarmManager - ERROR - Handling failure of drone 1: Crashed
2026-02-13 18:30:45,647 - Drone_3 - INFO - Drone 3: Flying to {'x': 2478.942902656756, 'y': 2547.061580257894, 'z': 60.0}
2026-02-13 18:30:45,737 - Drone_2 - INFO - Drone 2: Landed safely
2026-02-13 18:30:46,647 - SwarmManager - ERROR - Drone 1 heartbeat timeout
2026-02-13 18:30:46,648 - SwarmManager - ERROR - Handling failure of drone 1: Heartbeat timeout
2026-02-13 18:30:46,649 - SwarmManager - ERROR - Drone 1 crashed
2026-02-13 18:30:46,649 - SwarmManager - ERROR - Handling failure of drone 1: Crashed
2026-02-13 18:30:46,650 - Drone_3 - INFO - Drone 3: Flying to {'x': 2539.255375949182, 'y': 2516.752248933194, 'z': 60.0}
2026-02-13 18:30:47,651 - SwarmManager - ERROR - Drone 1 heartbeat timeout
2026-02-13 18:30:47,652 - SwarmManager - ERROR - Handling failure of drone 1: Heartbeat timeout
2026-02-13 18:30:47,653 - SwarmManager - ERROR - Drone 1 crashed
2026-02-13 18:30:47,654 - SwarmManager - ERROR - Handling failure of drone 1: Crashed
2026-02-13 18:30:47,655 - Drone_3 - INFO - Drone 3: Flying to {'x': 2539.255375949182, 'y': 2516.752248933194, 'z': 60.0}
2026-02-13 18:30:48,656 - SwarmManager - ERROR - Drone 1 heartbeat timeout
2026-02-13 18:30:48,658 - SwarmManager - ERROR - Handling failure of drone 1: Heartbeat timeout
2026-02-13 18:30:48,659 - SwarmManager - ERROR - Drone 1 crashed
2026-02-13 18:30:48,660 - SwarmManager - ERROR - Handling failure of drone 1: Crashed
2026-02-13 18:30:48,661 - Drone_3 - INFO - Drone 3: Flying to {'x': 2539.255375949182, 'y': 2516.752248933194, 'z': 60.0}
2026-02-13 18:30:49,662 - SwarmManager - ERROR - Drone 1 heartbeat timeout
2026-02-13 18:30:49,664 - SwarmManager - ERROR - Handling failure of drone 1: Heartbeat timeout
2026-02-13 18:30:49,665 - SwarmManager - ERROR - Drone 1 crashed
2026-02-13 18:30:49,666 - SwarmManager - ERROR - Handling failure of drone 1: Crashed
2026-02-13 18:30:49,667 - Drone_3 - INFO - Drone 3: Flying to {'x': 2539.255375949182, 'y': 2516.752248933194, 'z': 60.0}
2026-02-13 18:30:49,962 - PhysicalMLTrainer_Drone4 - INFO - Physical ML model trained drone=4 samples=1101 degree=2 alpha=0.0 val_mse=0.001645
2026-02-13 18:30:49,970 - PhysicalMLTrainer_Drone3 - INFO - Physical ML model trained drone=3 samples=1101 degree=2 alpha=0.0 val_mse=0.001267
2026-02-13 18:30:49,970 - PhysicalMLTrainer_Drone5 - INFO - Physical ML model trained drone=5 samples=1101 degree=2 alpha=1.0 val_mse=0.015657
2026-02-13 18:30:49,971 - PhysicalMLTrainer_Drone2 - INFO - Physical ML model trained drone=2 samples=1101 degree=2 alpha=0.0 val_mse=0.001042
2026-02-13 18:30:50,668 - SwarmManager - ERROR - Drone 1 heartbeat timeout
2026-02-13 18:30:50,670 - SwarmManager - ERROR - Handling failure of drone 1: Heartbeat timeout
2026-02-13 18:30:50,670 - SwarmManager - ERROR - Drone 1 crashed
2026-02-13 18:30:50,671 - SwarmManager - ERROR - Handling failure of drone 1: Crashed
2026-02-13 18:30:50,671 - Drone_3 - INFO - Drone 3: Flying to {'x': 2539.255375949182, 'y': 2516.752248933194, 'z': 60.0}
2026-02-13 18:30:51,672 - SwarmManager - ERROR - Drone 1 heartbeat timeout
2026-02-13 18:30:51,672 - SwarmManager - ERROR - Handling failure of drone 1: Heartbeat timeout
2026-02-13 18:30:51,672 - SwarmManager - ERROR - Drone 1 crashed
2026-02-13 18:30:51,673 - SwarmManager - ERROR - Handling failure of drone 1: Crashed
2026-02-13 18:30:51,673 - Drone_3 - INFO - Drone 3: Flying to {'x': 2539.255375949182, 'y': 2516.752248933194, 'z': 60.0}
2026-02-13 18:30:52,674 - SwarmManager - ERROR - Drone 1 heartbeat timeout
2026-02-13 18:30:52,674 - SwarmManager - ERROR - Handling failure of drone 1: Heartbeat timeout
2026-02-13 18:30:52,675 - SwarmManager - ERROR - Drone 1 crashed
2026-02-13 18:30:52,675 - SwarmManager - ERROR - Handling failure of drone 1: Crashed
2026-02-13 18:30:52,676 - Drone_3 - INFO - Drone 3: Flying to {'x': 2539.255375949182, 'y': 2516.752248933194, 'z': 60.0}
2026-02-13 18:30:53,677 - SwarmManager - ERROR - Drone 1 heartbeat timeout
2026-02-13 18:30:53,677 - SwarmManager - ERROR - Handling failure of drone 1: Heartbeat timeout
2026-02-13 18:30:53,677 - SwarmManager - WARNING - Leader drone 4 no longer operational
2026-02-13 18:30:53,678 - SwarmManager - ERROR - Handling failure of drone 4: Leader failure
2026-02-13 18:30:53,678 - SwarmManager - WARNING - Leader drone 4 failed - initiating leader election
2026-02-13 18:30:54,679 - SwarmManager - INFO - Starting leader election...
2026-02-13 18:30:54,679 - SwarmManager - INFO -   Drone 3: suitability score = 99.34
2026-02-13 18:30:54,679 - Drone_1 - INFO - Drone 1: Role changed from follower to follower
2026-02-13 18:30:54,680 - Drone_2 - INFO - Drone 2: Role changed from grounded to follower
2026-02-13 18:30:54,680 - Drone_3 - INFO - Drone 3: Role changed from follower to leader
2026-02-13 18:30:54,680 - Drone_4 - INFO - Drone 4: Role changed from leader to follower
2026-02-13 18:30:54,680 - Drone_5 - INFO - Drone 5: Role changed from emergency to follower
2026-02-13 18:30:54,683 - SwarmManager - ERROR - Drone 1 crashed
2026-02-13 18:30:54,683 - SwarmManager - ERROR - Handling failure of drone 1: Crashed
2026-02-13 18:30:54,683 - SwarmManager - ERROR - Drone 4 crashed
2026-02-13 18:30:54,684 - SwarmManager - ERROR - Handling failure of drone 4: Crashed
2026-02-13 18:30:54,684 - Drone_2 - INFO - Drone 2: Armed
2026-02-13 18:30:54,684 - Drone_2 - INFO - Drone 2: Taking off
2026-02-13 18:30:54,699 - Drone_2 - ERROR - Drone 2: Motor failure detected - Motors [0]
2026-02-13 18:30:54,699 - Drone_2 - WARNING - Drone 2: Degraded return active - Motor failure (3 motors active): returning to home
2026-02-13 18:30:54,700 - Drone_2 - INFO - Drone 2: Reached home position
2026-02-13 18:30:54,801 - Drone_2 - INFO - Drone 2: Landed safely
2026-02-13 18:30:55,685 - SwarmManager - ERROR - Drone 1 heartbeat timeout
2026-02-13 18:30:55,685 - SwarmManager - ERROR - Handling failure of drone 1: Heartbeat timeout
2026-02-13 18:30:55,686 - SwarmManager - ERROR - Drone 1 crashed
2026-02-13 18:30:55,687 - SwarmManager - ERROR - Handling failure of drone 1: Crashed
2026-02-13 18:30:55,688 - SwarmManager - ERROR - Drone 4 crashed
2026-02-13 18:30:55,689 - SwarmManager - ERROR - Handling failure of drone 4: Crashed
2026-02-13 18:30:56,690 - SwarmManager - ERROR - Drone 1 heartbeat timeout
2026-02-13 18:30:56,690 - SwarmManager - ERROR - Handling failure of drone 1: Heartbeat timeout
2026-02-13 18:30:56,691 - SwarmManager - ERROR - Drone 1 crashed
2026-02-13 18:30:56,691 - SwarmManager - ERROR - Handling failure of drone 1: Crashed
2026-02-13 18:30:56,692 - SwarmManager - ERROR - Drone 4 crashed
2026-02-13 18:30:56,692 - SwarmManager - ERROR - Handling failure of drone 4: Crashed
2026-02-13 18:30:57,693 - SwarmManager - ERROR - Drone 1 heartbeat timeout
2026-02-13 18:30:57,693 - SwarmManager - ERROR - Handling failure of drone 1: Heartbeat timeout
2026-02-13 18:30:57,693 - SwarmManager - ERROR - Drone 1 crashed
2026-02-13 18:30:57,694 - SwarmManager - ERROR - Handling failure of drone 1: Crashed
2026-02-13 18:30:57,694 - SwarmManager - ERROR - Drone 4 crashed
2026-02-13 18:30:57,694 - SwarmManager - ERROR - Handling failure of drone 4: Crashed
2026-02-13 18:30:58,695 - SwarmManager - ERROR - Drone 1 heartbeat timeout
2026-02-13 18:30:58,695 - SwarmManager - ERROR - Handling failure of drone 1: Heartbeat timeout
2026-02-13 18:30:58,696 - SwarmManager - ERROR - Drone 4 heartbeat timeout
2026-02-13 18:30:58,696 - SwarmManager - ERROR - Handling failure of drone 4: Heartbeat timeout
2026-02-13 18:30:58,696 - SwarmManager - ERROR - Drone 1 crashed
2026-02-13 18:30:58,696 - SwarmManager - ERROR - Handling failure of drone 1: Crashed
2026-02-13 18:30:58,696 - SwarmManager - ERROR - Drone 4 crashed
2026-02-13 18:30:58,696 - SwarmManager - ERROR - Handling failure of drone 4: Crashed
2026-02-13 18:30:59,697 - SwarmManager - ERROR - Drone 1 heartbeat timeout
2026-02-13 18:30:59,697 - SwarmManager - ERROR - Handling failure of drone 1: Heartbeat timeout
2026-02-13 18:30:59,698 - SwarmManager - ERROR - Drone 4 heartbeat timeout
2026-02-13 18:30:59,698 - SwarmManager - ERROR - Handling failure of drone 4: Heartbeat timeout
2026-02-13 18:30:59,698 - SwarmManager - ERROR - Drone 1 crashed
2026-02-13 18:30:59,698 - SwarmManager - ERROR - Handling failure of drone 1: Crashed
2026-02-13 18:30:59,698 - SwarmManager - ERROR - Drone 4 crashed
2026-02-13 18:30:59,699 - SwarmManager - ERROR - Handling failure of drone 4: Crashed
2026-02-13 18:31:00,699 - SwarmManager - ERROR - Drone 1 heartbeat timeout
2026-02-13 18:31:00,701 - SwarmManager - ERROR - Handling failure of drone 1: Heartbeat timeout
2026-02-13 18:31:00,701 - SwarmManager - ERROR - Drone 4 heartbeat timeout
2026-02-13 18:31:00,702 - SwarmManager - ERROR - Handling failure of drone 4: Heartbeat timeout
2026-02-13 18:31:00,703 - SwarmManager - ERROR - Drone 1 crashed
2026-02-13 18:31:00,704 - SwarmManager - ERROR - Handling failure of drone 1: Crashed
2026-02-13 18:31:00,705 - SwarmManager - ERROR - Drone 4 crashed
2026-02-13 18:31:00,706 - SwarmManager - ERROR - Handling failure of drone 4: Crashed
2026-02-13 18:31:01,707 - SwarmManager - ERROR - Drone 1 heartbeat timeout
2026-02-13 18:31:01,707 - SwarmManager - ERROR - Handling failure of drone 1: Heartbeat timeout
2026-02-13 18:31:01,707 - SwarmManager - ERROR - Drone 4 heartbeat timeout
2026-02-13 18:31:01,708 - SwarmManager - ERROR - Handling failure of drone 4: Heartbeat timeout
2026-02-13 18:31:01,708 - SwarmManager - ERROR - Drone 1 crashed
2026-02-13 18:31:01,708 - SwarmManager - ERROR - Handling failure of drone 1: Crashed
2026-02-13 18:31:01,708 - SwarmManager - ERROR - Drone 4 crashed
2026-02-13 18:31:01,708 - SwarmManager - ERROR - Handling failure of drone 4: Crashed
2026-02-13 18:31:02,709 - SwarmManager - ERROR - Drone 1 heartbeat timeout
2026-02-13 18:31:02,710 - SwarmManager - ERROR - Handling failure of drone 1: Heartbeat timeout
2026-02-13 18:31:02,711 - SwarmManager - ERROR - Drone 4 heartbeat timeout
2026-02-13 18:31:02,711 - SwarmManager - ERROR - Handling failure of drone 4: Heartbeat timeout
2026-02-13 18:31:02,711 - SwarmManager - ERROR - Drone 1 crashed
2026-02-13 18:31:02,712 - SwarmManager - ERROR - Handling failure of drone 1: Crashed
2026-02-13 18:31:02,712 - SwarmManager - ERROR - Drone 4 crashed
2026-02-13 18:31:02,712 - SwarmManager - ERROR - Handling failure of drone 4: Crashed
2026-02-13 18:31:03,713 - SwarmManager - ERROR - Drone 1 heartbeat timeout
2026-02-13 18:31:03,714 - SwarmManager - ERROR - Handling failure of drone 1: Heartbeat timeout
2026-02-13 18:31:03,715 - SwarmManager - ERROR - Drone 4 heartbeat timeout
2026-02-13 18:31:03,716 - SwarmManager - ERROR - Handling failure of drone 4: Heartbeat timeout
2026-02-13 18:31:03,716 - SwarmManager - ERROR - Drone 1 crashed
2026-02-13 18:31:03,717 - SwarmManager - ERROR - Handling failure of drone 1: Crashed
2026-02-13 18:31:03,717 - SwarmManager - ERROR - Drone 4 crashed
2026-02-13 18:31:03,717 - SwarmManager - ERROR - Handling failure of drone 4: Crashed
2026-02-13 18:31:04,718 - SwarmManager - ERROR - Drone 1 heartbeat timeout
2026-02-13 18:31:04,719 - SwarmManager - ERROR - Handling failure of drone 1: Heartbeat timeout
2026-02-13 18:31:04,720 - SwarmManager - ERROR - Drone 4 heartbeat timeout
2026-02-13 18:31:04,720 - SwarmManager - ERROR - Handling failure of drone 4: Heartbeat timeout
2026-02-13 18:31:04,721 - SwarmManager - ERROR - Drone 1 crashed
2026-02-13 18:31:04,721 - SwarmManager - ERROR - Handling failure of drone 1: Crashed
2026-02-13 18:31:04,721 - SwarmManager - ERROR - Drone 4 crashed
2026-02-13 18:31:04,722 - SwarmManager - ERROR - Handling failure of drone 4: Crashed
2026-02-13 18:31:05,529 - Drone_2 - ERROR - Drone 2: Motor 0 failed!
2026-02-13 18:31:05,722 - SwarmManager - ERROR - Drone 1 heartbeat timeout
2026-02-13 18:31:05,724 - SwarmManager - ERROR - Handling failure of drone 1: Heartbeat timeout
2026-02-13 18:31:05,725 - SwarmManager - ERROR - Drone 4 heartbeat timeout
2026-02-13 18:31:05,726 - SwarmManager - ERROR - Handling failure of drone 4: Heartbeat timeout
2026-02-13 18:31:05,727 - SwarmManager - ERROR - Drone 1 crashed
2026-02-13 18:31:05,728 - SwarmManager - ERROR - Handling failure of drone 1: Crashed
2026-02-13 18:31:05,729 - SwarmManager - ERROR - Drone 4 crashed
2026-02-13 18:31:05,729 - SwarmManager - ERROR - Handling failure of drone 4: Crashed
2026-02-13 18:31:06,731 - SwarmManager - ERROR - Drone 1 heartbeat timeout
2026-02-13 18:31:06,732 - SwarmManager - ERROR - Handling failure of drone 1: Heartbeat timeout
2026-02-13 18:31:06,732 - SwarmManager - ERROR - Drone 4 heartbeat timeout
2026-02-13 18:31:06,732 - SwarmManager - ERROR - Handling failure of drone 4: Heartbeat timeout
2026-02-13 18:31:06,733 - SwarmManager - ERROR - Drone 1 crashed
2026-02-13 18:31:06,733 - SwarmManager - ERROR - Handling failure of drone 1: Crashed
2026-02-13 18:31:06,734 - SwarmManager - ERROR - Drone 4 crashed
2026-02-13 18:31:06,734 - SwarmManager - ERROR - Handling failure of drone 4: Crashed
2026-02-13 18:31:07,735 - SwarmManager - ERROR - Drone 1 heartbeat timeout
2026-02-13 18:31:07,736 - SwarmManager - ERROR - Handling failure of drone 1: Heartbeat timeout
2026-02-13 18:31:07,736 - SwarmManager - ERROR - Drone 4 heartbeat timeout
2026-02-13 18:31:07,737 - SwarmManager - ERROR - Handling failure of drone 4: Heartbeat timeout
2026-02-13 18:31:07,737 - SwarmManager - ERROR - Drone 1 crashed
2026-02-13 18:31:07,737 - SwarmManager - ERROR - Handling failure of drone 1: Crashed
2026-02-13 18:31:07,738 - SwarmManager - ERROR - Drone 4 crashed
2026-02-13 18:31:07,738 - SwarmManager - ERROR - Handling failure of drone 4: Crashed
2026-02-13 18:31:08,739 - SwarmManager - ERROR - Drone 1 heartbeat timeout
2026-02-13 18:31:08,740 - SwarmManager - ERROR - Handling failure of drone 1: Heartbeat timeout
2026-02-13 18:31:08,741 - SwarmManager - ERROR - Drone 4 heartbeat timeout
2026-02-13 18:31:08,742 - SwarmManager - ERROR - Handling failure of drone 4: Heartbeat timeout
2026-02-13 18:31:08,744 - SwarmManager - ERROR - Drone 1 crashed
2026-02-13 18:31:08,744 - SwarmManager - ERROR - Handling failure of drone 1: Crashed
2026-02-13 18:31:08,744 - SwarmManager - ERROR - Drone 4 crashed
2026-02-13 18:31:08,744 - SwarmManager - ERROR - Handling failure of drone 4: Crashed
2026-02-13 18:31:09,745 - SwarmManager - ERROR - Drone 1 heartbeat timeout
2026-02-13 18:31:09,746 - SwarmManager - ERROR - Handling failure of drone 1: Heartbeat timeout
2026-02-13 18:31:09,747 - SwarmManager - ERROR - Drone 4 heartbeat timeout
2026-02-13 18:31:09,749 - SwarmManager - ERROR - Handling failure of drone 4: Heartbeat timeout
2026-02-13 18:31:09,750 - SwarmManager - ERROR - Drone 1 crashed
2026-02-13 18:31:09,750 - SwarmManager - ERROR - Handling failure of drone 1: Crashed
2026-02-13 18:31:09,750 - SwarmManager - ERROR - Drone 4 crashed
2026-02-13 18:31:09,750 - SwarmManager - ERROR - Handling failure of drone 4: Crashed
2026-02-13 18:31:10,104 - PhysicalMLTrainer_Drone2 - INFO - Physical ML model trained drone=2 samples=1301 degree=2 alpha=0.0 val_mse=0.000215
2026-02-13 18:31:10,106 - PhysicalMLTrainer_Drone3 - INFO - Physical ML model trained drone=3 samples=1301 degree=2 alpha=0.0 val_mse=0.001761
2026-02-13 18:31:10,106 - PhysicalMLTrainer_Drone5 - INFO - Physical ML model trained drone=5 samples=1301 degree=2 alpha=1.0 val_mse=0.000314
2026-02-13 18:31:10,751 - SwarmManager - ERROR - Drone 1 heartbeat timeout
2026-02-13 18:31:10,752 - SwarmManager - ERROR - Handling failure of drone 1: Heartbeat timeout
2026-02-13 18:31:10,752 - SwarmManager - ERROR - Drone 4 heartbeat timeout
2026-02-13 18:31:10,752 - SwarmManager - ERROR - Handling failure of drone 4: Heartbeat timeout
2026-02-13 18:31:10,753 - SwarmManager - ERROR - Drone 1 crashed
2026-02-13 18:31:10,753 - SwarmManager - ERROR - Handling failure of drone 1: Crashed
2026-02-13 18:31:10,753 - SwarmManager - ERROR - Drone 4 crashed
2026-02-13 18:31:10,753 - SwarmManager - ERROR - Handling failure of drone 4: Crashed
2026-02-13 18:31:11,754 - SwarmManager - ERROR - Drone 1 heartbeat timeout
2026-02-13 18:31:11,754 - SwarmManager - ERROR - Handling failure of drone 1: Heartbeat timeout
2026-02-13 18:31:11,755 - SwarmManager - ERROR - Drone 4 heartbeat timeout
2026-02-13 18:31:11,755 - SwarmManager - ERROR - Handling failure of drone 4: Heartbeat timeout
2026-02-13 18:31:11,755 - SwarmManager - ERROR - Drone 1 crashed
2026-02-13 18:31:11,755 - SwarmManager - ERROR - Handling failure of drone 1: Crashed
2026-02-13 18:31:11,756 - SwarmManager - ERROR - Drone 4 crashed
2026-02-13 18:31:11,756 - SwarmManager - ERROR - Handling failure of drone 4: Crashed
2026-02-13 18:31:12,757 - SwarmManager - ERROR - Drone 1 heartbeat timeout
2026-02-13 18:31:12,758 - SwarmManager - ERROR - Handling failure of drone 1: Heartbeat timeout
2026-02-13 18:31:12,759 - SwarmManager - ERROR - Drone 4 heartbeat timeout
2026-02-13 18:31:12,760 - SwarmManager - ERROR - Handling failure of drone 4: Heartbeat timeout
2026-02-13 18:31:12,761 - SwarmManager - ERROR - Drone 1 crashed
2026-02-13 18:31:12,762 - SwarmManager - ERROR - Handling failure of drone 1: Crashed
2026-02-13 18:31:12,763 - SwarmManager - ERROR - Drone 4 crashed
2026-02-13 18:31:12,764 - SwarmManager - ERROR - Handling failure of drone 4: Crashed
2026-02-13 18:31:13,765 - SwarmManager - ERROR - Drone 1 heartbeat timeout
2026-02-13 18:31:13,765 - SwarmManager - ERROR - Handling failure of drone 1: Heartbeat timeout
2026-02-13 18:31:13,766 - SwarmManager - ERROR - Drone 4 heartbeat timeout
2026-02-13 18:31:13,766 - SwarmManager - ERROR - Handling failure of drone 4: Heartbeat timeout
2026-02-13 18:31:13,766 - SwarmManager - ERROR - Drone 1 crashed
2026-02-13 18:31:13,766 - SwarmManager - ERROR - Handling failure of drone 1: Crashed
2026-02-13 18:31:13,767 - SwarmManager - ERROR - Drone 4 crashed
2026-02-13 18:31:13,767 - SwarmManager - ERROR - Handling failure of drone 4: Crashed
2026-02-13 18:31:14,768 - SwarmManager - ERROR - Drone 1 heartbeat timeout
2026-02-13 18:31:14,769 - SwarmManager - ERROR - Handling failure of drone 1: Heartbeat timeout
2026-02-13 18:31:14,770 - SwarmManager - ERROR - Drone 4 heartbeat timeout
2026-02-13 18:31:14,772 - SwarmManager - ERROR - Handling failure of drone 4: Heartbeat timeout
2026-02-13 18:31:14,773 - SwarmManager - ERROR - Drone 1 crashed
2026-02-13 18:31:14,774 - SwarmManager - ERROR - Handling failure of drone 1: Crashed
2026-02-13 18:31:14,775 - SwarmManager - ERROR - Drone 4 crashed
2026-02-13 18:31:14,776 - SwarmManager - ERROR - Handling failure of drone 4: Crashed
2026-02-13 18:31:15,777 - SwarmManager - ERROR - Drone 1 heartbeat timeout
2026-02-13 18:31:15,780 - SwarmManager - ERROR - Handling failure of drone 1: Heartbeat timeout
2026-02-13 18:31:15,781 - SwarmManager - ERROR - Drone 4 heartbeat timeout
2026-02-13 18:31:15,781 - SwarmManager - ERROR - Handling failure of drone 4: Heartbeat timeout
2026-02-13 18:31:15,782 - SwarmManager - ERROR - Drone 1 crashed
2026-02-13 18:31:15,782 - SwarmManager - ERROR - Handling failure of drone 1: Crashed
2026-02-13 18:31:15,783 - SwarmManager - ERROR - Drone 4 crashed
2026-02-13 18:31:15,783 - SwarmManager - ERROR - Handling failure of drone 4: Crashed
2026-02-13 18:31:16,784 - SwarmManager - ERROR - Drone 1 heartbeat timeout
2026-02-13 18:31:16,784 - SwarmManager - ERROR - Handling failure of drone 1: Heartbeat timeout
2026-02-13 18:31:16,784 - SwarmManager - ERROR - Drone 4 heartbeat timeout
2026-02-13 18:31:16,785 - SwarmManager - ERROR - Handling failure of drone 4: Heartbeat timeout
2026-02-13 18:31:16,785 - SwarmManager - ERROR - Drone 1 crashed
2026-02-13 18:31:16,785 - SwarmManager - ERROR - Handling failure of drone 1: Crashed
2026-02-13 18:31:16,785 - SwarmManager - ERROR - Drone 4 crashed
2026-02-13 18:31:16,785 - SwarmManager - ERROR - Handling failure of drone 4: Crashed
2026-02-13 18:31:17,786 - SwarmManager - ERROR - Drone 1 heartbeat timeout
2026-02-13 18:31:17,787 - SwarmManager - ERROR - Handling failure of drone 1: Heartbeat timeout
2026-02-13 18:31:17,788 - SwarmManager - ERROR - Drone 4 heartbeat timeout
2026-02-13 18:31:17,789 - SwarmManager - ERROR - Handling failure of drone 4: Heartbeat timeout
2026-02-13 18:31:17,790 - SwarmManager - WARNING - Leader drone 3 no longer operational
2026-02-13 18:31:17,790 - SwarmManager - ERROR - Handling failure of drone 3: Leader failure
2026-02-13 18:31:17,791 - SwarmManager - WARNING - Leader drone 3 failed - initiating leader election
2026-02-13 18:31:18,792 - SwarmManager - INFO - Starting leader election...
2026-02-13 18:31:18,792 - SwarmManager - ERROR - No suitable candidates for leader
2026-02-13 18:31:18,792 - SwarmManager - ERROR - Drone 1 crashed
2026-02-13 18:31:18,793 - SwarmManager - ERROR - Handling failure of drone 1: Crashed
2026-02-13 18:31:18,793 - SwarmManager - ERROR - Drone 3 crashed
2026-02-13 18:31:18,793 - SwarmManager - ERROR - Handling failure of drone 3: Crashed
2026-02-13 18:31:18,793 - SwarmManager - ERROR - Drone 4 crashed
2026-02-13 18:31:18,793 - SwarmManager - ERROR - Handling failure of drone 4: Crashed
2026-02-13 18:31:19,794 - SwarmManager - ERROR - Drone 1 heartbeat timeout
2026-02-13 18:31:19,794 - SwarmManager - ERROR - Handling failure of drone 1: Heartbeat timeout
2026-02-13 18:31:19,795 - SwarmManager - ERROR - Drone 4 heartbeat timeout
2026-02-13 18:31:19,796 - SwarmManager - ERROR - Handling failure of drone 4: Heartbeat timeout
2026-02-13 18:31:19,796 - SwarmManager - ERROR - Drone 1 crashed
2026-02-13 18:31:19,796 - SwarmManager - ERROR - Handling failure of drone 1: Crashed
2026-02-13 18:31:19,797 - SwarmManager - ERROR - Drone 3 crashed
2026-02-13 18:31:19,797 - SwarmManager - ERROR - Handling failure of drone 3: Crashed
2026-02-13 18:31:19,797 - SwarmManager - ERROR - Drone 4 crashed
2026-02-13 18:31:19,798 - SwarmManager - ERROR - Handling failure of drone 4: Crashed
2026-02-13 18:31:20,799 - SwarmManager - ERROR - Drone 1 heartbeat timeout
2026-02-13 18:31:20,800 - SwarmManager - ERROR - Handling failure of drone 1: Heartbeat timeout
2026-02-13 18:31:20,801 - SwarmManager - ERROR - Drone 4 heartbeat timeout
2026-02-13 18:31:20,802 - SwarmManager - ERROR - Handling failure of drone 4: Heartbeat timeout
2026-02-13 18:31:20,803 - SwarmManager - ERROR - Drone 1 crashed
2026-02-13 18:31:20,805 - SwarmManager - ERROR - Handling failure of drone 1: Crashed
2026-02-13 18:31:20,806 - SwarmManager - ERROR - Drone 3 crashed
2026-02-13 18:31:20,807 - SwarmManager - ERROR - Handling failure of drone 3: Crashed
2026-02-13 18:31:20,808 - SwarmManager - ERROR - Drone 4 crashed
2026-02-13 18:31:20,808 - SwarmManager - ERROR - Handling failure of drone 4: Crashed
2026-02-13 18:31:21,809 - SwarmManager - ERROR - Drone 1 heartbeat timeout
2026-02-13 18:31:21,809 - SwarmManager - ERROR - Handling failure of drone 1: Heartbeat timeout
2026-02-13 18:31:21,810 - SwarmManager - ERROR - Drone 4 heartbeat timeout
2026-02-13 18:31:21,810 - SwarmManager - ERROR - Handling failure of drone 4: Heartbeat timeout
2026-02-13 18:31:21,810 - SwarmManager - ERROR - Drone 1 crashed
2026-02-13 18:31:21,811 - SwarmManager - ERROR - Handling failure of drone 1: Crashed
2026-02-13 18:31:21,811 - SwarmManager - ERROR - Drone 3 crashed
2026-02-13 18:31:21,811 - SwarmManager - ERROR - Handling failure of drone 3: Crashed
2026-02-13 18:31:21,811 - SwarmManager - ERROR - Drone 4 crashed
2026-02-13 18:31:21,812 - SwarmManager - ERROR - Handling failure of drone 4: Crashed
2026-02-13 18:31:22,812 - SwarmManager - ERROR - Drone 1 heartbeat timeout
2026-02-13 18:31:22,813 - SwarmManager - ERROR - Handling failure of drone 1: Heartbeat timeout
2026-02-13 18:31:22,814 - SwarmManager - ERROR - Drone 3 heartbeat timeout
2026-02-13 18:31:22,814 - SwarmManager - ERROR - Handling failure of drone 3: Heartbeat timeout
2026-02-13 18:31:22,815 - SwarmManager - ERROR - Drone 4 heartbeat timeout
2026-02-13 18:31:22,815 - SwarmManager - ERROR - Handling failure of drone 4: Heartbeat timeout
2026-02-13 18:31:22,816 - SwarmManager - ERROR - Drone 1 crashed
2026-02-13 18:31:22,816 - SwarmManager - ERROR - Handling failure of drone 1: Crashed
2026-02-13 18:31:22,816 - SwarmManager - ERROR - Drone 3 crashed
2026-02-13 18:31:22,817 - SwarmManager - ERROR - Handling failure of drone 3: Crashed
2026-02-13 18:31:22,817 - SwarmManager - ERROR - Drone 4 crashed
2026-02-13 18:31:22,817 - SwarmManager - ERROR - Handling failure of drone 4: Crashed
2026-02-13 18:31:23,818 - SwarmManager - ERROR - Drone 1 heartbeat timeout
2026-02-13 18:31:23,820 - SwarmManager - ERROR - Handling failure of drone 1: Heartbeat timeout
2026-02-13 18:31:23,821 - SwarmManager - ERROR - Drone 3 heartbeat timeout
2026-02-13 18:31:23,822 - SwarmManager - ERROR - Handling failure of drone 3: Heartbeat timeout
2026-02-13 18:31:23,823 - SwarmManager - ERROR - Drone 4 heartbeat timeout
2026-02-13 18:31:23,824 - SwarmManager - ERROR - Handling failure of drone 4: Heartbeat timeout
2026-02-13 18:31:23,824 - SwarmManager - ERROR - Drone 1 crashed
2026-02-13 18:31:23,824 - SwarmManager - ERROR - Handling failure of drone 1: Crashed
2026-02-13 18:31:23,825 - SwarmManager - ERROR - Drone 3 crashed
2026-02-13 18:31:23,826 - SwarmManager - ERROR - Handling failure of drone 3: Crashed
2026-02-13 18:31:23,826 - SwarmManager - ERROR - Drone 4 crashed
2026-02-13 18:31:23,827 - SwarmManager - ERROR - Handling failure of drone 4: Crashed
2026-02-13 18:31:24,828 - SwarmManager - ERROR - Drone 1 heartbeat timeout
2026-02-13 18:31:24,829 - SwarmManager - ERROR - Handling failure of drone 1: Heartbeat timeout
2026-02-13 18:31:24,830 - SwarmManager - ERROR - Drone 3 heartbeat timeout
2026-02-13 18:31:24,831 - SwarmManager - ERROR - Handling failure of drone 3: Heartbeat timeout
2026-02-13 18:31:24,832 - SwarmManager - ERROR - Drone 4 heartbeat timeout
2026-02-13 18:31:24,832 - SwarmManager - ERROR - Handling failure of drone 4: Heartbeat timeout
2026-02-13 18:31:24,833 - SwarmManager - ERROR - Drone 1 crashed
2026-02-13 18:31:24,834 - SwarmManager - ERROR - Handling failure of drone 1: Crashed
2026-02-13 18:31:24,834 - SwarmManager - ERROR - Drone 3 crashed
2026-02-13 18:31:24,835 - SwarmManager - ERROR - Handling failure of drone 3: Crashed
2026-02-13 18:31:24,835 - SwarmManager - ERROR - Drone 4 crashed
2026-02-13 18:31:24,836 - SwarmManager - ERROR - Handling failure of drone 4: Crashed
2026-02-13 18:31:25,837 - SwarmManager - ERROR - Drone 1 heartbeat timeout
2026-02-13 18:31:25,839 - SwarmManager - ERROR - Handling failure of drone 1: Heartbeat timeout
2026-02-13 18:31:25,840 - SwarmManager - ERROR - Drone 3 heartbeat timeout
2026-02-13 18:31:25,841 - SwarmManager - ERROR - Handling failure of drone 3: Heartbeat timeout
2026-02-13 18:31:25,842 - SwarmManager - ERROR - Drone 4 heartbeat timeout
2026-02-13 18:31:25,843 - SwarmManager - ERROR - Handling failure of drone 4: Heartbeat timeout
2026-02-13 18:31:25,843 - SwarmManager - ERROR - Drone 1 crashed
2026-02-13 18:31:25,843 - SwarmManager - ERROR - Handling failure of drone 1: Crashed
2026-02-13 18:31:25,844 - SwarmManager - ERROR - Drone 3 crashed
2026-02-13 18:31:25,844 - SwarmManager - ERROR - Handling failure of drone 3: Crashed
2026-02-13 18:31:25,844 - SwarmManager - ERROR - Drone 4 crashed
2026-02-13 18:31:25,844 - SwarmManager - ERROR - Handling failure of drone 4: Crashed
2026-02-13 18:31:26,845 - SwarmManager - ERROR - Drone 1 heartbeat timeout
2026-02-13 18:31:26,846 - SwarmManager - ERROR - Handling failure of drone 1: Heartbeat timeout
2026-02-13 18:31:26,846 - SwarmManager - ERROR - Drone 3 heartbeat timeout
2026-02-13 18:31:26,847 - SwarmManager - ERROR - Handling failure of drone 3: Heartbeat timeout
2026-02-13 18:31:26,847 - SwarmManager - ERROR - Drone 4 heartbeat timeout
2026-02-13 18:31:26,847 - SwarmManager - ERROR - Handling failure of drone 4: Heartbeat timeout
2026-02-13 18:31:26,848 - SwarmManager - ERROR - Drone 1 crashed
2026-02-13 18:31:26,851 - SwarmManager - ERROR - Handling failure of drone 1: Crashed
2026-02-13 18:31:26,852 - SwarmManager - ERROR - Drone 3 crashed
2026-02-13 18:31:26,852 - SwarmManager - ERROR - Handling failure of drone 3: Crashed
2026-02-13 18:31:26,854 - SwarmManager - ERROR - Drone 4 crashed
2026-02-13 18:31:26,854 - SwarmManager - ERROR - Handling failure of drone 4: Crashed
2026-02-13 18:31:27,855 - SwarmManager - ERROR - Drone 1 heartbeat timeout
2026-02-13 18:31:27,856 - SwarmManager - ERROR - Handling failure of drone 1: Heartbeat timeout
2026-02-13 18:31:27,856 - SwarmManager - ERROR - Drone 3 heartbeat timeout
2026-02-13 18:31:27,857 - SwarmManager - ERROR - Handling failure of drone 3: Heartbeat timeout
2026-02-13 18:31:27,857 - SwarmManager - ERROR - Drone 4 heartbeat timeout
2026-02-13 18:31:27,857 - SwarmManager - ERROR - Handling failure of drone 4: Heartbeat timeout
2026-02-13 18:31:27,858 - SwarmManager - ERROR - Drone 1 crashed
2026-02-13 18:31:27,858 - SwarmManager - ERROR - Handling failure of drone 1: Crashed
2026-02-13 18:31:27,858 - SwarmManager - ERROR - Drone 3 crashed
2026-02-13 18:31:27,859 - SwarmManager - ERROR - Handling failure of drone 3: Crashed
2026-02-13 18:31:27,859 - SwarmManager - ERROR - Drone 4 crashed
2026-02-13 18:31:27,859 - SwarmManager - ERROR - Handling failure of drone 4: Crashed
2026-02-13 18:31:28,860 - SwarmManager - ERROR - Drone 1 heartbeat timeout
2026-02-13 18:31:28,862 - SwarmManager - ERROR - Handling failure of drone 1: Heartbeat timeout
2026-02-13 18:31:28,863 - SwarmManager - ERROR - Drone 3 heartbeat timeout
2026-02-13 18:31:28,863 - SwarmManager - ERROR - Handling failure of drone 3: Heartbeat timeout
2026-02-13 18:31:28,864 - SwarmManager - ERROR - Drone 4 heartbeat timeout
2026-02-13 18:31:28,865 - SwarmManager - ERROR - Handling failure of drone 4: Heartbeat timeout
2026-02-13 18:31:28,865 - SwarmManager - ERROR - Drone 1 crashed
2026-02-13 18:31:28,866 - SwarmManager - ERROR - Handling failure of drone 1: Crashed
2026-02-13 18:31:28,867 - SwarmManager - ERROR - Drone 3 crashed
2026-02-13 18:31:28,867 - SwarmManager - ERROR - Handling failure of drone 3: Crashed
2026-02-13 18:31:28,868 - SwarmManager - ERROR - Drone 4 crashed
2026-02-13 18:31:28,868 - SwarmManager - ERROR - Handling failure of drone 4: Crashed
2026-02-13 18:31:29,524 - Drone_5 - ERROR - Drone 5: Motor 0 failed!
2026-02-13 18:31:29,525 - Drone_5 - WARNING - Drone 5: Degraded return active - Motor failure simulation: return to home with degraded control
2026-02-13 18:31:29,869 - SwarmManager - ERROR - Drone 1 heartbeat timeout
2026-02-13 18:31:29,870 - SwarmManager - ERROR - Handling failure of drone 1: Heartbeat timeout
2026-02-13 18:31:29,871 - SwarmManager - ERROR - Drone 3 heartbeat timeout
2026-02-13 18:31:29,872 - SwarmManager - ERROR - Handling failure of drone 3: Heartbeat timeout
2026-02-13 18:31:29,873 - SwarmManager - ERROR - Drone 4 heartbeat timeout
2026-02-13 18:31:29,874 - SwarmManager - ERROR - Handling failure of drone 4: Heartbeat timeout
2026-02-13 18:31:29,875 - SwarmManager - ERROR - Drone 1 crashed
2026-02-13 18:31:29,876 - SwarmManager - ERROR - Handling failure of drone 1: Crashed
2026-02-13 18:31:29,877 - SwarmManager - ERROR - Drone 3 crashed
2026-02-13 18:31:29,877 - SwarmManager - ERROR - Handling failure of drone 3: Crashed
2026-02-13 18:31:29,878 - SwarmManager - ERROR - Drone 4 crashed
2026-02-13 18:31:29,878 - SwarmManager - ERROR - Handling failure of drone 4: Crashed
2026-02-13 18:31:30,236 - PhysicalMLTrainer_Drone2 - INFO - Physical ML model trained drone=2 samples=1501 degree=2 alpha=0.0 val_mse=0.000009
2026-02-13 18:31:30,236 - PhysicalMLTrainer_Drone5 - INFO - Physical ML model trained drone=5 samples=1501 degree=2 alpha=0.0 val_mse=0.001085
2026-02-13 18:31:30,879 - SwarmManager - ERROR - Drone 1 heartbeat timeout
2026-02-13 18:31:30,880 - SwarmManager - ERROR - Handling failure of drone 1: Heartbeat timeout
2026-02-13 18:31:30,881 - SwarmManager - ERROR - Drone 3 heartbeat timeout
2026-02-13 18:31:30,882 - SwarmManager - ERROR - Handling failure of drone 3: Heartbeat timeout
2026-02-13 18:31:30,882 - SwarmManager - ERROR - Drone 4 heartbeat timeout
2026-02-13 18:31:30,883 - SwarmManager - ERROR - Handling failure of drone 4: Heartbeat timeout
2026-02-13 18:31:30,884 - SwarmManager - ERROR - Drone 1 crashed
2026-02-13 18:31:30,884 - SwarmManager - ERROR - Handling failure of drone 1: Crashed
2026-02-13 18:31:30,885 - SwarmManager - ERROR - Drone 3 crashed
2026-02-13 18:31:30,885 - SwarmManager - ERROR - Handling failure of drone 3: Crashed
2026-02-13 18:31:30,886 - SwarmManager - ERROR - Drone 4 crashed
2026-02-13 18:31:30,887 - SwarmManager - ERROR - Handling failure of drone 4: Crashed
2026-02-13 18:31:31,888 - SwarmManager - ERROR - Drone 1 heartbeat timeout
2026-02-13 18:31:31,888 - SwarmManager - ERROR - Handling failure of drone 1: Heartbeat timeout
2026-02-13 18:31:31,888 - SwarmManager - ERROR - Drone 3 heartbeat timeout
2026-02-13 18:31:31,889 - SwarmManager - ERROR - Handling failure of drone 3: Heartbeat timeout
2026-02-13 18:31:31,889 - SwarmManager - ERROR - Drone 4 heartbeat timeout
2026-02-13 18:31:31,889 - SwarmManager - ERROR - Handling failure of drone 4: Heartbeat timeout
2026-02-13 18:31:31,890 - SwarmManager - ERROR - Drone 1 crashed
2026-02-13 18:31:31,890 - SwarmManager - ERROR - Handling failure of drone 1: Crashed
2026-02-13 18:31:31,890 - SwarmManager - ERROR - Drone 3 crashed
2026-02-13 18:31:31,891 - SwarmManager - ERROR - Handling failure of drone 3: Crashed
2026-02-13 18:31:31,891 - SwarmManager - ERROR - Drone 4 crashed
2026-02-13 18:31:31,891 - SwarmManager - ERROR - Handling failure of drone 4: Crashed
2026-02-13 18:31:32,892 - SwarmManager - ERROR - Drone 1 heartbeat timeout
2026-02-13 18:31:32,893 - SwarmManager - ERROR - Handling failure of drone 1: Heartbeat timeout
2026-02-13 18:31:32,893 - SwarmManager - ERROR - Drone 3 heartbeat timeout
2026-02-13 18:31:32,894 - SwarmManager - ERROR - Handling failure of drone 3: Heartbeat timeout
2026-02-13 18:31:32,894 - SwarmManager - ERROR - Drone 4 heartbeat timeout
2026-02-13 18:31:32,894 - SwarmManager - ERROR - Handling failure of drone 4: Heartbeat timeout
2026-02-13 18:31:32,895 - SwarmManager - ERROR - Drone 1 crashed
2026-02-13 18:31:32,895 - SwarmManager - ERROR - Handling failure of drone 1: Crashed
2026-02-13 18:31:32,895 - SwarmManager - ERROR - Drone 3 crashed
2026-02-13 18:31:32,895 - SwarmManager - ERROR - Handling failure of drone 3: Crashed
2026-02-13 18:31:32,896 - SwarmManager - ERROR - Drone 4 crashed
2026-02-13 18:31:32,896 - SwarmManager - ERROR - Handling failure of drone 4: Crashed
2026-02-13 18:31:33,897 - SwarmManager - ERROR - Drone 1 heartbeat timeout
2026-02-13 18:31:33,898 - SwarmManager - ERROR - Handling failure of drone 1: Heartbeat timeout
2026-02-13 18:31:33,899 - SwarmManager - ERROR - Drone 3 heartbeat timeout
2026-02-13 18:31:33,900 - SwarmManager - ERROR - Handling failure of drone 3: Heartbeat timeout
2026-02-13 18:31:33,900 - SwarmManager - ERROR - Drone 4 heartbeat timeout
2026-02-13 18:31:33,901 - SwarmManager - ERROR - Handling failure of drone 4: Heartbeat timeout
2026-02-13 18:31:33,902 - SwarmManager - ERROR - Drone 1 crashed
2026-02-13 18:31:33,902 - SwarmManager - ERROR - Handling failure of drone 1: Crashed
2026-02-13 18:31:33,902 - SwarmManager - ERROR - Drone 3 crashed
2026-02-13 18:31:33,903 - SwarmManager - ERROR - Handling failure of drone 3: Crashed
2026-02-13 18:31:33,903 - SwarmManager - ERROR - Drone 4 crashed
2026-02-13 18:31:33,903 - SwarmManager - ERROR - Handling failure of drone 4: Crashed
2026-02-13 18:31:34,905 - SwarmManager - ERROR - Drone 1 heartbeat timeout
2026-02-13 18:31:34,906 - SwarmManager - ERROR - Handling failure of drone 1: Heartbeat timeout
2026-02-13 18:31:34,907 - SwarmManager - ERROR - Drone 3 heartbeat timeout
2026-02-13 18:31:34,908 - SwarmManager - ERROR - Handling failure of drone 3: Heartbeat timeout
2026-02-13 18:31:34,909 - SwarmManager - ERROR - Drone 4 heartbeat timeout
2026-02-13 18:31:34,910 - SwarmManager - ERROR - Handling failure of drone 4: Heartbeat timeout
2026-02-13 18:31:34,911 - SwarmManager - ERROR - Drone 1 crashed
2026-02-13 18:31:34,912 - SwarmManager - ERROR - Handling failure of drone 1: Crashed
2026-02-13 18:31:34,912 - SwarmManager - ERROR - Drone 3 crashed
2026-02-13 18:31:34,913 - SwarmManager - ERROR - Handling failure of drone 3: Crashed
2026-02-13 18:31:34,913 - SwarmManager - ERROR - Drone 4 crashed
2026-02-13 18:31:34,915 - SwarmManager - ERROR - Handling failure of drone 4: Crashed
2026-02-13 18:31:35,916 - SwarmManager - ERROR - Drone 1 heartbeat timeout
2026-02-13 18:31:35,917 - SwarmManager - ERROR - Handling failure of drone 1: Heartbeat timeout
2026-02-13 18:31:35,918 - SwarmManager - ERROR - Drone 3 heartbeat timeout
2026-02-13 18:31:35,919 - SwarmManager - ERROR - Handling failure of drone 3: Heartbeat timeout
2026-02-13 18:31:35,920 - SwarmManager - ERROR - Drone 4 heartbeat timeout
2026-02-13 18:31:35,920 - SwarmManager - ERROR - Handling failure of drone 4: Heartbeat timeout
2026-02-13 18:31:35,921 - SwarmManager - ERROR - Drone 1 crashed
2026-02-13 18:31:35,921 - SwarmManager - ERROR - Handling failure of drone 1: Crashed
2026-02-13 18:31:35,922 - SwarmManager - ERROR - Drone 3 crashed
2026-02-13 18:31:35,923 - SwarmManager - ERROR - Handling failure of drone 3: Crashed
2026-02-13 18:31:35,924 - SwarmManager - ERROR - Drone 4 crashed
2026-02-13 18:31:35,925 - SwarmManager - ERROR - Handling failure of drone 4: Crashed
2026-02-13 18:31:36,928 - SwarmManager - ERROR - Drone 1 heartbeat timeout
2026-02-13 18:31:36,929 - SwarmManager - ERROR - Handling failure of drone 1: Heartbeat timeout
2026-02-13 18:31:36,929 - SwarmManager - ERROR - Drone 3 heartbeat timeout
2026-02-13 18:31:36,929 - SwarmManager - ERROR - Handling failure of drone 3: Heartbeat timeout
2026-02-13 18:31:36,929 - SwarmManager - ERROR - Drone 4 heartbeat timeout
2026-02-13 18:31:36,930 - SwarmManager - ERROR - Handling failure of drone 4: Heartbeat timeout
2026-02-13 18:31:36,930 - SwarmManager - ERROR - Drone 1 crashed
2026-02-13 18:31:36,930 - SwarmManager - ERROR - Handling failure of drone 1: Crashed
2026-02-13 18:31:36,931 - SwarmManager - ERROR - Drone 3 crashed
2026-02-13 18:31:36,931 - SwarmManager - ERROR - Handling failure of drone 3: Crashed
2026-02-13 18:31:36,932 - SwarmManager - ERROR - Drone 4 crashed
2026-02-13 18:31:36,932 - SwarmManager - ERROR - Handling failure of drone 4: Crashed
2026-02-13 18:31:37,933 - SwarmManager - ERROR - Drone 1 heartbeat timeout
2026-02-13 18:31:37,933 - SwarmManager - ERROR - Handling failure of drone 1: Heartbeat timeout
2026-02-13 18:31:37,933 - SwarmManager - ERROR - Drone 3 heartbeat timeout
2026-02-13 18:31:37,934 - SwarmManager - ERROR - Handling failure of drone 3: Heartbeat timeout
2026-02-13 18:31:37,934 - SwarmManager - ERROR - Drone 4 heartbeat timeout
2026-02-13 18:31:37,934 - SwarmManager - ERROR - Handling failure of drone 4: Heartbeat timeout
2026-02-13 18:31:37,935 - SwarmManager - ERROR - Drone 1 crashed
2026-02-13 18:31:37,935 - SwarmManager - ERROR - Handling failure of drone 1: Crashed
2026-02-13 18:31:37,935 - SwarmManager - ERROR - Drone 3 crashed
2026-02-13 18:31:37,936 - SwarmManager - ERROR - Handling failure of drone 3: Crashed
2026-02-13 18:31:37,936 - SwarmManager - ERROR - Drone 4 crashed
2026-02-13 18:31:37,936 - SwarmManager - ERROR - Handling failure of drone 4: Crashed
2026-02-13 18:31:38,937 - SwarmManager - ERROR - Drone 1 heartbeat timeout
2026-02-13 18:31:38,938 - SwarmManager - ERROR - Handling failure of drone 1: Heartbeat timeout
2026-02-13 18:31:38,939 - SwarmManager - ERROR - Drone 3 heartbeat timeout
2026-02-13 18:31:38,939 - SwarmManager - ERROR - Handling failure of drone 3: Heartbeat timeout
2026-02-13 18:31:38,940 - SwarmManager - ERROR - Drone 4 heartbeat timeout
2026-02-13 18:31:38,940 - SwarmManager - ERROR - Handling failure of drone 4: Heartbeat timeout
2026-02-13 18:31:38,941 - SwarmManager - ERROR - Drone 1 crashed
2026-02-13 18:31:38,941 - SwarmManager - ERROR - Handling failure of drone 1: Crashed
2026-02-13 18:31:38,941 - SwarmManager - ERROR - Drone 3 crashed
2026-02-13 18:31:38,942 - SwarmManager - ERROR - Handling failure of drone 3: Crashed
2026-02-13 18:31:38,942 - SwarmManager - ERROR - Drone 4 crashed
2026-02-13 18:31:38,943 - SwarmManager - ERROR - Handling failure of drone 4: Crashed
2026-02-13 18:31:39,943 - SwarmManager - ERROR - Drone 1 heartbeat timeout
2026-02-13 18:31:39,944 - SwarmManager - ERROR - Handling failure of drone 1: Heartbeat timeout
2026-02-13 18:31:39,944 - SwarmManager - ERROR - Drone 3 heartbeat timeout
2026-02-13 18:31:39,945 - SwarmManager - ERROR - Handling failure of drone 3: Heartbeat timeout
2026-02-13 18:31:39,945 - SwarmManager - ERROR - Drone 4 heartbeat timeout
2026-02-13 18:31:39,945 - SwarmManager - ERROR - Handling failure of drone 4: Heartbeat timeout
2026-02-13 18:31:39,946 - SwarmManager - ERROR - Drone 1 crashed
2026-02-13 18:31:39,946 - SwarmManager - ERROR - Handling failure of drone 1: Crashed
2026-02-13 18:31:39,946 - SwarmManager - ERROR - Drone 3 crashed
2026-02-13 18:31:39,946 - SwarmManager - ERROR - Handling failure of drone 3: Crashed
2026-02-13 18:31:39,947 - SwarmManager - ERROR - Drone 4 crashed
2026-02-13 18:31:39,947 - SwarmManager - ERROR - Handling failure of drone 4: Crashed
2026-02-13 18:31:40,947 - SwarmManager - ERROR - Drone 1 heartbeat timeout
2026-02-13 18:31:40,949 - SwarmManager - ERROR - Handling failure of drone 1: Heartbeat timeout
2026-02-13 18:31:40,950 - SwarmManager - ERROR - Drone 3 heartbeat timeout
2026-02-13 18:31:40,951 - SwarmManager - ERROR - Handling failure of drone 3: Heartbeat timeout
2026-02-13 18:31:40,952 - SwarmManager - ERROR - Drone 4 heartbeat timeout
2026-02-13 18:31:40,953 - SwarmManager - ERROR - Handling failure of drone 4: Heartbeat timeout
2026-02-13 18:31:40,953 - SwarmManager - ERROR - Drone 1 crashed
2026-02-13 18:31:40,954 - SwarmManager - ERROR - Handling failure of drone 1: Crashed
2026-02-13 18:31:40,955 - SwarmManager - ERROR - Drone 3 crashed
2026-02-13 18:31:40,955 - SwarmManager - ERROR - Handling failure of drone 3: Crashed
2026-02-13 18:31:40,955 - SwarmManager - ERROR - Drone 4 crashed
2026-02-13 18:31:40,956 - SwarmManager - ERROR - Handling failure of drone 4: Crashed
2026-02-13 18:31:41,957 - SwarmManager - ERROR - Drone 1 heartbeat timeout
2026-02-13 18:31:41,959 - SwarmManager - ERROR - Handling failure of drone 1: Heartbeat timeout
2026-02-13 18:31:41,959 - SwarmManager - ERROR - Drone 3 heartbeat timeout
2026-02-13 18:31:41,960 - SwarmManager - ERROR - Handling failure of drone 3: Heartbeat timeout
2026-02-13 18:31:41,960 - SwarmManager - ERROR - Drone 4 heartbeat timeout
2026-02-13 18:31:41,961 - SwarmManager - ERROR - Handling failure of drone 4: Heartbeat timeout
2026-02-13 18:31:41,961 - SwarmManager - ERROR - Drone 1 crashed
2026-02-13 18:31:41,962 - SwarmManager - ERROR - Handling failure of drone 1: Crashed
2026-02-13 18:31:41,962 - SwarmManager - ERROR - Drone 3 crashed
2026-02-13 18:31:41,963 - SwarmManager - ERROR - Handling failure of drone 3: Crashed
2026-02-13 18:31:41,963 - SwarmManager - ERROR - Drone 4 crashed
2026-02-13 18:31:41,963 - SwarmManager - ERROR - Handling failure of drone 4: Crashed
2026-02-13 18:31:42,964 - SwarmManager - ERROR - Drone 1 heartbeat timeout
2026-02-13 18:31:42,964 - SwarmManager - ERROR - Handling failure of drone 1: Heartbeat timeout
2026-02-13 18:31:42,965 - SwarmManager - ERROR - Drone 3 heartbeat timeout
2026-02-13 18:31:42,965 - SwarmManager - ERROR - Handling failure of drone 3: Heartbeat timeout
2026-02-13 18:31:42,965 - SwarmManager - ERROR - Drone 4 heartbeat timeout
2026-02-13 18:31:42,966 - SwarmManager - ERROR - Handling failure of drone 4: Heartbeat timeout
2026-02-13 18:31:42,966 - SwarmManager - ERROR - Drone 1 crashed
2026-02-13 18:31:42,967 - SwarmManager - ERROR - Handling failure of drone 1: Crashed
2026-02-13 18:31:42,967 - SwarmManager - ERROR - Drone 3 crashed
2026-02-13 18:31:42,968 - SwarmManager - ERROR - Handling failure of drone 3: Crashed
2026-02-13 18:31:42,968 - SwarmManager - ERROR - Drone 4 crashed
2026-02-13 18:31:42,969 - SwarmManager - ERROR - Handling failure of drone 4: Crashed
2026-02-13 18:31:43,970 - SwarmManager - ERROR - Drone 1 heartbeat timeout
2026-02-13 18:31:43,971 - SwarmManager - ERROR - Handling failure of drone 1: Heartbeat timeout
2026-02-13 18:31:43,971 - SwarmManager - ERROR - Drone 3 heartbeat timeout
2026-02-13 18:31:43,972 - SwarmManager - ERROR - Handling failure of drone 3: Heartbeat timeout
2026-02-13 18:31:43,973 - SwarmManager - ERROR - Drone 4 heartbeat timeout
2026-02-13 18:31:43,973 - SwarmManager - ERROR - Handling failure of drone 4: Heartbeat timeout
2026-02-13 18:31:43,974 - SwarmManager - ERROR - Drone 1 crashed
2026-02-13 18:31:43,974 - SwarmManager - ERROR - Handling failure of drone 1: Crashed
2026-02-13 18:31:43,975 - SwarmManager - ERROR - Drone 3 crashed
2026-02-13 18:31:43,975 - SwarmManager - ERROR - Handling failure of drone 3: Crashed
2026-02-13 18:31:43,976 - SwarmManager - ERROR - Drone 4 crashed
2026-02-13 18:31:43,976 - SwarmManager - ERROR - Handling failure of drone 4: Crashed
2026-02-13 18:31:44,977 - SwarmManager - ERROR - Drone 1 heartbeat timeout
2026-02-13 18:31:44,978 - SwarmManager - ERROR - Handling failure of drone 1: Heartbeat timeout
2026-02-13 18:31:44,979 - SwarmManager - ERROR - Drone 3 heartbeat timeout
2026-02-13 18:31:44,980 - SwarmManager - ERROR - Handling failure of drone 3: Heartbeat timeout
2026-02-13 18:31:44,981 - SwarmManager - ERROR - Drone 4 heartbeat timeout
2026-02-13 18:31:44,982 - SwarmManager - ERROR - Handling failure of drone 4: Heartbeat timeout
2026-02-13 18:31:44,982 - SwarmManager - ERROR - Drone 1 crashed
2026-02-13 18:31:44,983 - SwarmManager - ERROR - Handling failure of drone 1: Crashed
2026-02-13 18:31:44,984 - SwarmManager - ERROR - Drone 3 crashed
2026-02-13 18:31:44,984 - SwarmManager - ERROR - Handling failure of drone 3: Crashed
2026-02-13 18:31:44,985 - SwarmManager - ERROR - Drone 4 crashed
2026-02-13 18:31:44,986 - SwarmManager - ERROR - Handling failure of drone 4: Crashed
2026-02-13 18:31:45,987 - SwarmManager - ERROR - Drone 1 heartbeat timeout
2026-02-13 18:31:45,988 - SwarmManager - ERROR - Handling failure of drone 1: Heartbeat timeout
2026-02-13 18:31:45,989 - SwarmManager - ERROR - Drone 3 heartbeat timeout
2026-02-13 18:31:45,990 - SwarmManager - ERROR - Handling failure of drone 3: Heartbeat timeout
2026-02-13 18:31:45,991 - SwarmManager - ERROR - Drone 4 heartbeat timeout
2026-02-13 18:31:45,992 - SwarmManager - ERROR - Handling failure of drone 4: Heartbeat timeout
2026-02-13 18:31:45,993 - SwarmManager - ERROR - Drone 1 crashed
2026-02-13 18:31:45,994 - SwarmManager - ERROR - Handling failure of drone 1: Crashed
2026-02-13 18:31:45,995 - SwarmManager - ERROR - Drone 3 crashed
2026-02-13 18:31:45,995 - SwarmManager - ERROR - Handling failure of drone 3: Crashed
2026-02-13 18:31:45,996 - SwarmManager - ERROR - Drone 4 crashed
2026-02-13 18:31:45,996 - SwarmManager - ERROR - Handling failure of drone 4: Crashed
2026-02-13 18:31:46,997 - SwarmManager - ERROR - Drone 1 heartbeat timeout
2026-02-13 18:31:46,999 - SwarmManager - ERROR - Handling failure of drone 1: Heartbeat timeout
2026-02-13 18:31:46,999 - SwarmManager - ERROR - Drone 3 heartbeat timeout
2026-02-13 18:31:47,001 - SwarmManager - ERROR - Handling failure of drone 3: Heartbeat timeout
2026-02-13 18:31:47,002 - SwarmManager - ERROR - Drone 4 heartbeat timeout
2026-02-13 18:31:47,003 - SwarmManager - ERROR - Handling failure of drone 4: Heartbeat timeout
2026-02-13 18:31:47,003 - SwarmManager - ERROR - Drone 1 crashed
2026-02-13 18:31:47,003 - SwarmManager - ERROR - Handling failure of drone 1: Crashed
2026-02-13 18:31:47,004 - SwarmManager - ERROR - Drone 3 crashed
2026-02-13 18:31:47,004 - SwarmManager - ERROR - Handling failure of drone 3: Crashed
2026-02-13 18:31:47,004 - SwarmManager - ERROR - Drone 4 crashed
2026-02-13 18:31:47,005 - SwarmManager - ERROR - Handling failure of drone 4: Crashed
2026-02-13 18:31:48,005 - SwarmManager - ERROR - Drone 1 heartbeat timeout
2026-02-13 18:31:48,006 - SwarmManager - ERROR - Handling failure of drone 1: Heartbeat timeout
2026-02-13 18:31:48,006 - SwarmManager - ERROR - Drone 3 heartbeat timeout
2026-02-13 18:31:48,006 - SwarmManager - ERROR - Handling failure of drone 3: Heartbeat timeout
2026-02-13 18:31:48,007 - SwarmManager - ERROR - Drone 4 heartbeat timeout
2026-02-13 18:31:48,008 - SwarmManager - ERROR - Handling failure of drone 4: Heartbeat timeout
2026-02-13 18:31:48,008 - SwarmManager - ERROR - Drone 1 crashed
2026-02-13 18:31:48,008 - SwarmManager - ERROR - Handling failure of drone 1: Crashed
2026-02-13 18:31:48,008 - SwarmManager - ERROR - Drone 3 crashed
2026-02-13 18:31:48,009 - SwarmManager - ERROR - Handling failure of drone 3: Crashed
2026-02-13 18:31:48,009 - SwarmManager - ERROR - Drone 4 crashed
2026-02-13 18:31:48,009 - SwarmManager - ERROR - Handling failure of drone 4: Crashed
2026-02-13 18:31:49,010 - SwarmManager - ERROR - Drone 1 heartbeat timeout
2026-02-13 18:31:49,010 - SwarmManager - ERROR - Handling failure of drone 1: Heartbeat timeout
2026-02-13 18:31:49,011 - SwarmManager - ERROR - Drone 3 heartbeat timeout
2026-02-13 18:31:49,011 - SwarmManager - ERROR - Handling failure of drone 3: Heartbeat timeout
2026-02-13 18:31:49,012 - SwarmManager - ERROR - Drone 4 heartbeat timeout
2026-02-13 18:31:49,012 - SwarmManager - ERROR - Handling failure of drone 4: Heartbeat timeout
2026-02-13 18:31:49,013 - SwarmManager - ERROR - Drone 1 crashed
2026-02-13 18:31:49,013 - SwarmManager - ERROR - Handling failure of drone 1: Crashed
2026-02-13 18:31:49,013 - SwarmManager - ERROR - Drone 3 crashed
2026-02-13 18:31:49,014 - SwarmManager - ERROR - Handling failure of drone 3: Crashed
2026-02-13 18:31:49,014 - SwarmManager - ERROR - Drone 4 crashed
2026-02-13 18:31:49,014 - SwarmManager - ERROR - Handling failure of drone 4: Crashed
2026-02-13 18:31:50,015 - SwarmManager - ERROR - Drone 1 heartbeat timeout
2026-02-13 18:31:50,015 - SwarmManager - ERROR - Handling failure of drone 1: Heartbeat timeout
2026-02-13 18:31:50,016 - SwarmManager - ERROR - Drone 3 heartbeat timeout
2026-02-13 18:31:50,016 - SwarmManager - ERROR - Handling failure of drone 3: Heartbeat timeout
2026-02-13 18:31:50,017 - SwarmManager - ERROR - Drone 4 heartbeat timeout
2026-02-13 18:31:50,017 - SwarmManager - ERROR - Handling failure of drone 4: Heartbeat timeout
2026-02-13 18:31:50,018 - SwarmManager - ERROR - Drone 1 crashed
2026-02-13 18:31:50,018 - SwarmManager - ERROR - Handling failure of drone 1: Crashed
2026-02-13 18:31:50,018 - SwarmManager - ERROR - Drone 3 crashed
2026-02-13 18:31:50,018 - SwarmManager - ERROR - Handling failure of drone 3: Crashed
2026-02-13 18:31:50,019 - SwarmManager - ERROR - Drone 4 crashed
2026-02-13 18:31:50,019 - SwarmManager - ERROR - Handling failure of drone 4: Crashed
2026-02-13 18:31:50,378 - PhysicalMLTrainer_Drone5 - INFO - Physical ML model trained drone=5 samples=1701 degree=2 alpha=1.0 val_mse=0.001320
2026-02-13 18:31:50,378 - PhysicalMLTrainer_Drone2 - INFO - Physical ML model trained drone=2 samples=1701 degree=2 alpha=0.0 val_mse=0.000003
2026-02-13 18:31:51,020 - SwarmManager - ERROR - Drone 1 heartbeat timeout
2026-02-13 18:31:51,020 - SwarmManager - ERROR - Handling failure of drone 1: Heartbeat timeout
2026-02-13 18:31:51,021 - SwarmManager - ERROR - Drone 3 heartbeat timeout
2026-02-13 18:31:51,021 - SwarmManager - ERROR - Handling failure of drone 3: Heartbeat timeout
2026-02-13 18:31:51,022 - SwarmManager - ERROR - Drone 4 heartbeat timeout
2026-02-13 18:31:51,022 - SwarmManager - ERROR - Handling failure of drone 4: Heartbeat timeout
2026-02-13 18:31:51,022 - SwarmManager - ERROR - Drone 1 crashed
2026-02-13 18:31:51,022 - SwarmManager - ERROR - Handling failure of drone 1: Crashed
2026-02-13 18:31:51,022 - SwarmManager - ERROR - Drone 3 crashed
2026-02-13 18:31:51,022 - SwarmManager - ERROR - Handling failure of drone 3: Crashed
2026-02-13 18:31:51,023 - SwarmManager - ERROR - Drone 4 crashed
2026-02-13 18:31:51,023 - SwarmManager - ERROR - Handling failure of drone 4: Crashed
2026-02-13 18:31:52,024 - SwarmManager - ERROR - Drone 1 heartbeat timeout
2026-02-13 18:31:52,025 - SwarmManager - ERROR - Handling failure of drone 1: Heartbeat timeout
2026-02-13 18:31:52,026 - SwarmManager - ERROR - Drone 3 heartbeat timeout
2026-02-13 18:31:52,027 - SwarmManager - ERROR - Handling failure of drone 3: Heartbeat timeout
2026-02-13 18:31:52,028 - SwarmManager - ERROR - Drone 4 heartbeat timeout
2026-02-13 18:31:52,028 - SwarmManager - ERROR - Handling failure of drone 4: Heartbeat timeout
2026-02-13 18:31:52,028 - SwarmManager - ERROR - Drone 1 crashed
2026-02-13 18:31:52,029 - SwarmManager - ERROR - Handling failure of drone 1: Crashed
2026-02-13 18:31:52,029 - SwarmManager - ERROR - Drone 3 crashed
2026-02-13 18:31:52,030 - SwarmManager - ERROR - Handling failure of drone 3: Crashed
2026-02-13 18:31:52,030 - SwarmManager - ERROR - Drone 4 crashed
2026-02-13 18:31:52,031 - SwarmManager - ERROR - Handling failure of drone 4: Crashed
2026-02-13 18:31:53,037 - SwarmManager - ERROR - Drone 1 heartbeat timeout
2026-02-13 18:31:53,038 - SwarmManager - ERROR - Handling failure of drone 1: Heartbeat timeout
2026-02-13 18:31:53,039 - SwarmManager - ERROR - Drone 3 heartbeat timeout
2026-02-13 18:31:53,039 - SwarmManager - ERROR - Handling failure of drone 3: Heartbeat timeout
2026-02-13 18:31:53,040 - SwarmManager - ERROR - Drone 4 heartbeat timeout
2026-02-13 18:31:53,040 - SwarmManager - ERROR - Handling failure of drone 4: Heartbeat timeout
2026-02-13 18:31:53,041 - SwarmManager - ERROR - Drone 1 crashed
2026-02-13 18:31:53,041 - SwarmManager - ERROR - Handling failure of drone 1: Crashed
2026-02-13 18:31:53,041 - SwarmManager - ERROR - Drone 3 crashed
2026-02-13 18:31:53,041 - SwarmManager - ERROR - Handling failure of drone 3: Crashed
2026-02-13 18:31:53,042 - SwarmManager - ERROR - Drone 4 crashed
2026-02-13 18:31:53,042 - SwarmManager - ERROR - Handling failure of drone 4: Crashed
2026-02-13 18:31:53,516 - Drone_2 - ERROR - Drone 2: Motor 0 failed!
2026-02-13 18:31:54,043 - SwarmManager - ERROR - Drone 1 heartbeat timeout
2026-02-13 18:31:54,043 - SwarmManager - ERROR - Handling failure of drone 1: Heartbeat timeout
2026-02-13 18:31:54,044 - SwarmManager - ERROR - Drone 3 heartbeat timeout
2026-02-13 18:31:54,044 - SwarmManager - ERROR - Handling failure of drone 3: Heartbeat timeout
2026-02-13 18:31:54,045 - SwarmManager - ERROR - Drone 4 heartbeat timeout
2026-02-13 18:31:54,045 - SwarmManager - ERROR - Handling failure of drone 4: Heartbeat timeout
2026-02-13 18:31:54,046 - SwarmManager - ERROR - Drone 1 crashed
2026-02-13 18:31:54,046 - SwarmManager - ERROR - Handling failure of drone 1: Crashed
2026-02-13 18:31:54,046 - SwarmManager - ERROR - Drone 3 crashed
2026-02-13 18:31:54,046 - SwarmManager - ERROR - Handling failure of drone 3: Crashed
2026-02-13 18:31:54,047 - SwarmManager - ERROR - Drone 4 crashed
2026-02-13 18:31:54,047 - SwarmManager - ERROR - Handling failure of drone 4: Crashed
2026-02-13 18:31:55,047 - SwarmManager - ERROR - Drone 1 heartbeat timeout
2026-02-13 18:31:55,048 - SwarmManager - ERROR - Handling failure of drone 1: Heartbeat timeout
2026-02-13 18:31:55,048 - SwarmManager - ERROR - Drone 3 heartbeat timeout
2026-02-13 18:31:55,048 - SwarmManager - ERROR - Handling failure of drone 3: Heartbeat timeout
2026-02-13 18:31:55,049 - SwarmManager - ERROR - Drone 4 heartbeat timeout
2026-02-13 18:31:55,049 - SwarmManager - ERROR - Handling failure of drone 4: Heartbeat timeout
2026-02-13 18:31:55,049 - SwarmManager - ERROR - Drone 1 crashed
2026-02-13 18:31:55,049 - SwarmManager - ERROR - Handling failure of drone 1: Crashed
2026-02-13 18:31:55,049 - SwarmManager - ERROR - Drone 3 crashed
2026-02-13 18:31:55,049 - SwarmManager - ERROR - Handling failure of drone 3: Crashed
2026-02-13 18:31:55,050 - SwarmManager - ERROR - Drone 4 crashed
2026-02-13 18:31:55,050 - SwarmManager - ERROR - Handling failure of drone 4: Crashed
2026-02-13 18:31:56,050 - SwarmManager - ERROR - Drone 1 heartbeat timeout
2026-02-13 18:31:56,052 - SwarmManager - ERROR - Handling failure of drone 1: Heartbeat timeout
2026-02-13 18:31:56,053 - SwarmManager - ERROR - Drone 3 heartbeat timeout
2026-02-13 18:31:56,053 - SwarmManager - ERROR - Handling failure of drone 3: Heartbeat timeout
2026-02-13 18:31:56,054 - SwarmManager - ERROR - Drone 4 heartbeat timeout
2026-02-13 18:31:56,055 - SwarmManager - ERROR - Handling failure of drone 4: Heartbeat timeout
2026-02-13 18:31:56,055 - SwarmManager - ERROR - Drone 1 crashed
2026-02-13 18:31:56,056 - SwarmManager - ERROR - Handling failure of drone 1: Crashed
2026-02-13 18:31:56,056 - SwarmManager - ERROR - Drone 3 crashed
2026-02-13 18:31:56,056 - SwarmManager - ERROR - Handling failure of drone 3: Crashed
2026-02-13 18:31:56,057 - SwarmManager - ERROR - Drone 4 crashed
2026-02-13 18:31:56,058 - SwarmManager - ERROR - Handling failure of drone 4: Crashed
2026-02-13 18:31:57,059 - SwarmManager - ERROR - Drone 1 heartbeat timeout
2026-02-13 18:31:57,060 - SwarmManager - ERROR - Handling failure of drone 1: Heartbeat timeout
2026-02-13 18:31:57,061 - SwarmManager - ERROR - Drone 3 heartbeat timeout
2026-02-13 18:31:57,061 - SwarmManager - ERROR - Handling failure of drone 3: Heartbeat timeout
2026-02-13 18:31:57,062 - SwarmManager - ERROR - Drone 4 heartbeat timeout
2026-02-13 18:31:57,062 - SwarmManager - ERROR - Handling failure of drone 4: Heartbeat timeout
2026-02-13 18:31:57,063 - SwarmManager - ERROR - Drone 1 crashed
2026-02-13 18:31:57,063 - SwarmManager - ERROR - Handling failure of drone 1: Crashed
2026-02-13 18:31:57,064 - SwarmManager - ERROR - Drone 3 crashed
2026-02-13 18:31:57,064 - SwarmManager - ERROR - Handling failure of drone 3: Crashed
2026-02-13 18:31:57,064 - SwarmManager - ERROR - Drone 4 crashed
2026-02-13 18:31:57,064 - SwarmManager - ERROR - Handling failure of drone 4: Crashed
2026-02-13 18:31:58,065 - SwarmManager - ERROR - Drone 1 heartbeat timeout
2026-02-13 18:31:58,067 - SwarmManager - ERROR - Handling failure of drone 1: Heartbeat timeout
2026-02-13 18:31:58,068 - SwarmManager - ERROR - Drone 3 heartbeat timeout
2026-02-13 18:31:58,070 - SwarmManager - ERROR - Handling failure of drone 3: Heartbeat timeout
2026-02-13 18:31:58,071 - SwarmManager - ERROR - Drone 4 heartbeat timeout
2026-02-13 18:31:58,072 - SwarmManager - ERROR - Handling failure of drone 4: Heartbeat timeout
2026-02-13 18:31:58,074 - SwarmManager - ERROR - Drone 1 crashed
2026-02-13 18:31:58,074 - SwarmManager - ERROR - Handling failure of drone 1: Crashed
2026-02-13 18:31:58,075 - SwarmManager - ERROR - Drone 3 crashed
2026-02-13 18:31:58,075 - SwarmManager - ERROR - Handling failure of drone 3: Crashed
2026-02-13 18:31:58,075 - SwarmManager - ERROR - Drone 4 crashed
2026-02-13 18:31:58,075 - SwarmManager - ERROR - Handling failure of drone 4: Crashed
2026-02-13 18:31:59,079 - SwarmManager - ERROR - Drone 1 heartbeat timeout
2026-02-13 18:31:59,080 - SwarmManager - ERROR - Handling failure of drone 1: Heartbeat timeout
2026-02-13 18:31:59,081 - SwarmManager - ERROR - Drone 3 heartbeat timeout
2026-02-13 18:31:59,081 - SwarmManager - ERROR - Handling failure of drone 3: Heartbeat timeout
2026-02-13 18:31:59,081 - SwarmManager - ERROR - Drone 4 heartbeat timeout
2026-02-13 18:31:59,081 - SwarmManager - ERROR - Handling failure of drone 4: Heartbeat timeout
2026-02-13 18:31:59,082 - SwarmManager - ERROR - Drone 1 crashed
2026-02-13 18:31:59,082 - SwarmManager - ERROR - Handling failure of drone 1: Crashed
2026-02-13 18:31:59,082 - SwarmManager - ERROR - Drone 3 crashed
2026-02-13 18:31:59,083 - SwarmManager - ERROR - Handling failure of drone 3: Crashed
2026-02-13 18:31:59,083 - SwarmManager - ERROR - Drone 4 crashed
2026-02-13 18:31:59,083 - SwarmManager - ERROR - Handling failure of drone 4: Crashed
2026-02-13 18:32:00,084 - SwarmManager - ERROR - Drone 1 heartbeat timeout
2026-02-13 18:32:00,087 - SwarmManager - ERROR - Handling failure of drone 1: Heartbeat timeout
2026-02-13 18:32:00,088 - SwarmManager - ERROR - Drone 3 heartbeat timeout
2026-02-13 18:32:00,088 - SwarmManager - ERROR - Handling failure of drone 3: Heartbeat timeout
2026-02-13 18:32:00,088 - SwarmManager - ERROR - Drone 4 heartbeat timeout
2026-02-13 18:32:00,089 - SwarmManager - ERROR - Handling failure of drone 4: Heartbeat timeout
2026-02-13 18:32:00,089 - SwarmManager - ERROR - Drone 1 crashed
2026-02-13 18:32:00,089 - SwarmManager - ERROR - Handling failure of drone 1: Crashed
2026-02-13 18:32:00,090 - SwarmManager - ERROR - Drone 3 crashed
2026-02-13 18:32:00,090 - SwarmManager - ERROR - Handling failure of drone 3: Crashed
2026-02-13 18:32:00,090 - SwarmManager - ERROR - Drone 4 crashed
2026-02-13 18:32:00,090 - SwarmManager - ERROR - Handling failure of drone 4: Crashed
2026-02-13 18:32:01,091 - SwarmManager - ERROR - Drone 1 heartbeat timeout
2026-02-13 18:32:01,092 - SwarmManager - ERROR - Handling failure of drone 1: Heartbeat timeout
2026-02-13 18:32:01,092 - SwarmManager - ERROR - Drone 3 heartbeat timeout
2026-02-13 18:32:01,093 - SwarmManager - ERROR - Handling failure of drone 3: Heartbeat timeout
2026-02-13 18:32:01,093 - SwarmManager - ERROR - Drone 4 heartbeat timeout
2026-02-13 18:32:01,093 - SwarmManager - ERROR - Handling failure of drone 4: Heartbeat timeout
2026-02-13 18:32:01,094 - SwarmManager - ERROR - Drone 1 crashed
2026-02-13 18:32:01,094 - SwarmManager - ERROR - Handling failure of drone 1: Crashed
2026-02-13 18:32:01,094 - SwarmManager - ERROR - Drone 3 crashed
2026-02-13 18:32:01,095 - SwarmManager - ERROR - Handling failure of drone 3: Crashed
2026-02-13 18:32:01,095 - SwarmManager - ERROR - Drone 4 crashed
2026-02-13 18:32:01,095 - SwarmManager - ERROR - Handling failure of drone 4: Crashed
2026-02-13 18:32:02,096 - SwarmManager - ERROR - Drone 1 heartbeat timeout
2026-02-13 18:32:02,098 - SwarmManager - ERROR - Handling failure of drone 1: Heartbeat timeout
2026-02-13 18:32:02,099 - SwarmManager - ERROR - Drone 3 heartbeat timeout
2026-02-13 18:32:02,099 - SwarmManager - ERROR - Handling failure of drone 3: Heartbeat timeout
2026-02-13 18:32:02,100 - SwarmManager - ERROR - Drone 4 heartbeat timeout
2026-02-13 18:32:02,101 - SwarmManager - ERROR - Handling failure of drone 4: Heartbeat timeout
2026-02-13 18:32:02,101 - SwarmManager - ERROR - Drone 1 crashed
2026-02-13 18:32:02,102 - SwarmManager - ERROR - Handling failure of drone 1: Crashed
2026-02-13 18:32:02,103 - SwarmManager - ERROR - Drone 3 crashed
2026-02-13 18:32:02,103 - SwarmManager - ERROR - Handling failure of drone 3: Crashed
2026-02-13 18:32:02,104 - SwarmManager - ERROR - Drone 4 crashed
2026-02-13 18:32:02,104 - SwarmManager - ERROR - Handling failure of drone 4: Crashed
2026-02-13 18:32:03,105 - SwarmManager - ERROR - Drone 1 heartbeat timeout
2026-02-13 18:32:03,106 - SwarmManager - ERROR - Handling failure of drone 1: Heartbeat timeout
2026-02-13 18:32:03,107 - SwarmManager - ERROR - Drone 3 heartbeat timeout
2026-02-13 18:32:03,109 - SwarmManager - ERROR - Handling failure of drone 3: Heartbeat timeout
2026-02-13 18:32:03,110 - SwarmManager - ERROR - Drone 4 heartbeat timeout
2026-02-13 18:32:03,110 - SwarmManager - ERROR - Handling failure of drone 4: Heartbeat timeout
2026-02-13 18:32:03,111 - SwarmManager - ERROR - Drone 1 crashed
2026-02-13 18:32:03,113 - SwarmManager - ERROR - Handling failure of drone 1: Crashed
2026-02-13 18:32:03,113 - SwarmManager - ERROR - Drone 3 crashed
2026-02-13 18:32:03,114 - SwarmManager - ERROR - Handling failure of drone 3: Crashed
2026-02-13 18:32:03,114 - SwarmManager - ERROR - Drone 4 crashed
2026-02-13 18:32:03,115 - SwarmManager - ERROR - Handling failure of drone 4: Crashed
2026-02-13 18:32:04,116 - SwarmManager - ERROR - Drone 1 heartbeat timeout
2026-02-13 18:32:04,117 - SwarmManager - ERROR - Handling failure of drone 1: Heartbeat timeout
2026-02-13 18:32:04,119 - SwarmManager - ERROR - Drone 3 heartbeat timeout
2026-02-13 18:32:04,120 - SwarmManager - ERROR - Handling failure of drone 3: Heartbeat timeout
2026-02-13 18:32:04,121 - SwarmManager - ERROR - Drone 4 heartbeat timeout
2026-02-13 18:32:04,122 - SwarmManager - ERROR - Handling failure of drone 4: Heartbeat timeout
2026-02-13 18:32:04,123 - SwarmManager - ERROR - Drone 1 crashed
2026-02-13 18:32:04,124 - SwarmManager - ERROR - Handling failure of drone 1: Crashed
2026-02-13 18:32:04,126 - SwarmManager - ERROR - Drone 3 crashed
2026-02-13 18:32:04,126 - SwarmManager - ERROR - Handling failure of drone 3: Crashed
2026-02-13 18:32:04,127 - SwarmManager - ERROR - Drone 4 crashed
2026-02-13 18:32:04,127 - SwarmManager - ERROR - Handling failure of drone 4: Crashed
2026-02-13 18:32:05,128 - SwarmManager - ERROR - Drone 1 heartbeat timeout
2026-02-13 18:32:05,129 - SwarmManager - ERROR - Handling failure of drone 1: Heartbeat timeout
2026-02-13 18:32:05,129 - SwarmManager - ERROR - Drone 3 heartbeat timeout
2026-02-13 18:32:05,129 - SwarmManager - ERROR - Handling failure of drone 3: Heartbeat timeout
2026-02-13 18:32:05,130 - SwarmManager - ERROR - Drone 4 heartbeat timeout
2026-02-13 18:32:05,130 - SwarmManager - ERROR - Handling failure of drone 4: Heartbeat timeout
2026-02-13 18:32:05,131 - SwarmManager - ERROR - Drone 1 crashed
2026-02-13 18:32:05,131 - SwarmManager - ERROR - Handling failure of drone 1: Crashed
2026-02-13 18:32:05,132 - SwarmManager - ERROR - Drone 3 crashed
2026-02-13 18:32:05,132 - SwarmManager - ERROR - Handling failure of drone 3: Crashed
2026-02-13 18:32:05,132 - SwarmManager - ERROR - Drone 4 crashed
2026-02-13 18:32:05,132 - SwarmManager - ERROR - Handling failure of drone 4: Crashed
2026-02-13 18:32:06,133 - SwarmManager - ERROR - Drone 1 heartbeat timeout
2026-02-13 18:32:06,134 - SwarmManager - ERROR - Handling failure of drone 1: Heartbeat timeout
2026-02-13 18:32:06,134 - SwarmManager - ERROR - Drone 3 heartbeat timeout
2026-02-13 18:32:06,135 - SwarmManager - ERROR - Handling failure of drone 3: Heartbeat timeout
2026-02-13 18:32:06,135 - SwarmManager - ERROR - Drone 4 heartbeat timeout
2026-02-13 18:32:06,135 - SwarmManager - ERROR - Handling failure of drone 4: Heartbeat timeout
2026-02-13 18:32:06,136 - SwarmManager - ERROR - Drone 1 crashed
2026-02-13 18:32:06,136 - SwarmManager - ERROR - Handling failure of drone 1: Crashed
2026-02-13 18:32:06,136 - SwarmManager - ERROR - Drone 3 crashed
2026-02-13 18:32:06,137 - SwarmManager - ERROR - Handling failure of drone 3: Crashed
2026-02-13 18:32:06,137 - SwarmManager - ERROR - Drone 4 crashed
2026-02-13 18:32:06,137 - SwarmManager - ERROR - Handling failure of drone 4: Crashed
2026-02-13 18:32:07,138 - SwarmManager - ERROR - Drone 1 heartbeat timeout
2026-02-13 18:32:07,138 - SwarmManager - ERROR - Handling failure of drone 1: Heartbeat timeout
2026-02-13 18:32:07,138 - SwarmManager - ERROR - Drone 3 heartbeat timeout
2026-02-13 18:32:07,138 - SwarmManager - ERROR - Handling failure of drone 3: Heartbeat timeout
2026-02-13 18:32:07,139 - SwarmManager - ERROR - Drone 4 heartbeat timeout
2026-02-13 18:32:07,139 - SwarmManager - ERROR - Handling failure of drone 4: Heartbeat timeout
2026-02-13 18:32:07,139 - SwarmManager - ERROR - Drone 1 crashed
2026-02-13 18:32:07,139 - SwarmManager - ERROR - Handling failure of drone 1: Crashed
2026-02-13 18:32:07,139 - SwarmManager - ERROR - Drone 3 crashed
2026-02-13 18:32:07,140 - SwarmManager - ERROR - Handling failure of drone 3: Crashed
2026-02-13 18:32:07,140 - SwarmManager - ERROR - Drone 4 crashed
2026-02-13 18:32:07,140 - SwarmManager - ERROR - Handling failure of drone 4: Crashed
2026-02-13 18:32:08,140 - SwarmManager - ERROR - Drone 1 heartbeat timeout
2026-02-13 18:32:08,141 - SwarmManager - ERROR - Handling failure of drone 1: Heartbeat timeout
2026-02-13 18:32:08,141 - SwarmManager - ERROR - Drone 3 heartbeat timeout
2026-02-13 18:32:08,141 - SwarmManager - ERROR - Handling failure of drone 3: Heartbeat timeout
2026-02-13 18:32:08,142 - SwarmManager - ERROR - Drone 4 heartbeat timeout
2026-02-13 18:32:08,142 - SwarmManager - ERROR - Handling failure of drone 4: Heartbeat timeout
2026-02-13 18:32:08,142 - SwarmManager - ERROR - Drone 1 crashed
2026-02-13 18:32:08,142 - SwarmManager - ERROR - Handling failure of drone 1: Crashed
2026-02-13 18:32:08,143 - SwarmManager - ERROR - Drone 3 crashed
2026-02-13 18:32:08,143 - SwarmManager - ERROR - Handling failure of drone 3: Crashed
2026-02-13 18:32:08,143 - SwarmManager - ERROR - Drone 4 crashed
2026-02-13 18:32:08,143 - SwarmManager - ERROR - Handling failure of drone 4: Crashed
2026-02-13 18:32:09,144 - SwarmManager - ERROR - Drone 1 heartbeat timeout
2026-02-13 18:32:09,146 - SwarmManager - ERROR - Handling failure of drone 1: Heartbeat timeout
2026-02-13 18:32:09,147 - SwarmManager - ERROR - Drone 3 heartbeat timeout
2026-02-13 18:32:09,148 - SwarmManager - ERROR - Handling failure of drone 3: Heartbeat timeout
2026-02-13 18:32:09,149 - SwarmManager - ERROR - Drone 4 heartbeat timeout
2026-02-13 18:32:09,150 - SwarmManager - ERROR - Handling failure of drone 4: Heartbeat timeout
2026-02-13 18:32:09,151 - SwarmManager - ERROR - Drone 1 crashed
2026-02-13 18:32:09,151 - SwarmManager - ERROR - Handling failure of drone 1: Crashed
2026-02-13 18:32:09,151 - SwarmManager - ERROR - Drone 3 crashed
2026-02-13 18:32:09,152 - SwarmManager - ERROR - Handling failure of drone 3: Crashed
2026-02-13 18:32:09,152 - SwarmManager - ERROR - Drone 4 crashed
2026-02-13 18:32:09,153 - SwarmManager - ERROR - Handling failure of drone 4: Crashed
2026-02-13 18:32:10,154 - SwarmManager - ERROR - Drone 1 heartbeat timeout
2026-02-13 18:32:10,156 - SwarmManager - ERROR - Handling failure of drone 1: Heartbeat timeout
2026-02-13 18:32:10,157 - SwarmManager - ERROR - Drone 3 heartbeat timeout
2026-02-13 18:32:10,158 - SwarmManager - ERROR - Handling failure of drone 3: Heartbeat timeout
2026-02-13 18:32:10,159 - SwarmManager - ERROR - Drone 4 heartbeat timeout
2026-02-13 18:32:10,160 - SwarmManager - ERROR - Handling failure of drone 4: Heartbeat timeout
2026-02-13 18:32:10,161 - SwarmManager - ERROR - Drone 1 crashed
2026-02-13 18:32:10,162 - SwarmManager - ERROR - Handling failure of drone 1: Crashed
2026-02-13 18:32:10,164 - SwarmManager - ERROR - Drone 3 crashed
2026-02-13 18:32:10,165 - SwarmManager - ERROR - Handling failure of drone 3: Crashed
2026-02-13 18:32:10,165 - SwarmManager - ERROR - Drone 4 crashed
2026-02-13 18:32:10,165 - SwarmManager - ERROR - Handling failure of drone 4: Crashed
2026-02-13 18:32:10,508 - PhysicalMLTrainer_Drone5 - INFO - Physical ML model trained drone=5 samples=1901 degree=2 alpha=0.01 val_mse=0.000609
2026-02-13 18:32:10,509 - PhysicalMLTrainer_Drone2 - INFO - Physical ML model trained drone=2 samples=1901 degree=2 alpha=0.0 val_mse=0.000002
2026-02-13 18:32:11,167 - SwarmManager - ERROR - Drone 1 heartbeat timeout
2026-02-13 18:32:11,167 - SwarmManager - ERROR - Handling failure of drone 1: Heartbeat timeout
2026-02-13 18:32:11,167 - SwarmManager - ERROR - Drone 3 heartbeat timeout
2026-02-13 18:32:11,167 - SwarmManager - ERROR - Handling failure of drone 3: Heartbeat timeout
2026-02-13 18:32:11,168 - SwarmManager - ERROR - Drone 4 heartbeat timeout
2026-02-13 18:32:11,171 - SwarmManager - ERROR - Handling failure of drone 4: Heartbeat timeout
2026-02-13 18:32:11,171 - SwarmManager - ERROR - Drone 1 crashed
2026-02-13 18:32:11,172 - SwarmManager - ERROR - Handling failure of drone 1: Crashed
2026-02-13 18:32:11,172 - SwarmManager - ERROR - Drone 3 crashed
2026-02-13 18:32:11,173 - SwarmManager - ERROR - Handling failure of drone 3: Crashed
2026-02-13 18:32:11,173 - SwarmManager - ERROR - Drone 4 crashed
2026-02-13 18:32:11,173 - SwarmManager - ERROR - Handling failure of drone 4: Crashed
2026-02-13 18:32:12,174 - SwarmManager - ERROR - Drone 1 heartbeat timeout
2026-02-13 18:32:12,175 - SwarmManager - ERROR - Handling failure of drone 1: Heartbeat timeout
2026-02-13 18:32:12,176 - SwarmManager - ERROR - Drone 3 heartbeat timeout
2026-02-13 18:32:12,177 - SwarmManager - ERROR - Handling failure of drone 3: Heartbeat timeout
2026-02-13 18:32:12,177 - SwarmManager - ERROR - Drone 4 heartbeat timeout
2026-02-13 18:32:12,178 - SwarmManager - ERROR - Handling failure of drone 4: Heartbeat timeout
2026-02-13 18:32:12,179 - SwarmManager - ERROR - Drone 1 crashed
2026-02-13 18:32:12,180 - SwarmManager - ERROR - Handling failure of drone 1: Crashed
2026-02-13 18:32:12,181 - SwarmManager - ERROR - Drone 3 crashed
2026-02-13 18:32:12,182 - SwarmManager - ERROR - Handling failure of drone 3: Crashed
2026-02-13 18:32:12,183 - SwarmManager - ERROR - Drone 4 crashed
2026-02-13 18:32:12,183 - SwarmManager - ERROR - Handling failure of drone 4: Crashed
2026-02-13 18:32:13,184 - SwarmManager - ERROR - Drone 1 heartbeat timeout
2026-02-13 18:32:13,185 - SwarmManager - ERROR - Handling failure of drone 1: Heartbeat timeout
2026-02-13 18:32:13,186 - SwarmManager - ERROR - Drone 3 heartbeat timeout
2026-02-13 18:32:13,187 - SwarmManager - ERROR - Handling failure of drone 3: Heartbeat timeout
2026-02-13 18:32:13,187 - SwarmManager - ERROR - Drone 4 heartbeat timeout
2026-02-13 18:32:13,188 - SwarmManager - ERROR - Handling failure of drone 4: Heartbeat timeout
2026-02-13 18:32:13,188 - SwarmManager - ERROR - Drone 1 crashed
2026-02-13 18:32:13,189 - SwarmManager - ERROR - Handling failure of drone 1: Crashed
2026-02-13 18:32:13,189 - SwarmManager - ERROR - Drone 3 crashed
2026-02-13 18:32:13,190 - SwarmManager - ERROR - Handling failure of drone 3: Crashed
2026-02-13 18:32:13,191 - SwarmManager - ERROR - Drone 4 crashed
2026-02-13 18:32:13,191 - SwarmManager - ERROR - Handling failure of drone 4: Crashed
2026-02-13 18:32:14,196 - SwarmManager - ERROR - Drone 1 heartbeat timeout
2026-02-13 18:32:14,198 - SwarmManager - ERROR - Handling failure of drone 1: Heartbeat timeout
2026-02-13 18:32:14,199 - SwarmManager - ERROR - Drone 3 heartbeat timeout
2026-02-13 18:32:14,200 - SwarmManager - ERROR - Handling failure of drone 3: Heartbeat timeout
2026-02-13 18:32:14,200 - SwarmManager - ERROR - Drone 4 heartbeat timeout
2026-02-13 18:32:14,201 - SwarmManager - ERROR - Handling failure of drone 4: Heartbeat timeout
2026-02-13 18:32:14,202 - SwarmManager - ERROR - Drone 1 crashed
2026-02-13 18:32:14,202 - SwarmManager - ERROR - Handling failure of drone 1: Crashed
2026-02-13 18:32:14,203 - SwarmManager - ERROR - Drone 3 crashed
2026-02-13 18:32:14,204 - SwarmManager - ERROR - Handling failure of drone 3: Crashed
2026-02-13 18:32:14,204 - SwarmManager - ERROR - Drone 4 crashed
2026-02-13 18:32:14,205 - SwarmManager - ERROR - Handling failure of drone 4: Crashed
2026-02-13 18:32:15,206 - SwarmManager - ERROR - Drone 1 heartbeat timeout
2026-02-13 18:32:15,207 - SwarmManager - ERROR - Handling failure of drone 1: Heartbeat timeout
2026-02-13 18:32:15,209 - SwarmManager - ERROR - Drone 3 heartbeat timeout
2026-02-13 18:32:15,210 - SwarmManager - ERROR - Handling failure of drone 3: Heartbeat timeout
2026-02-13 18:32:15,211 - SwarmManager - ERROR - Drone 4 heartbeat timeout
2026-02-13 18:32:15,212 - SwarmManager - ERROR - Handling failure of drone 4: Heartbeat timeout
2026-02-13 18:32:15,214 - SwarmManager - ERROR - Drone 1 crashed
2026-02-13 18:32:15,215 - SwarmManager - ERROR - Handling failure of drone 1: Crashed
2026-02-13 18:32:15,216 - SwarmManager - ERROR - Drone 3 crashed
2026-02-13 18:32:15,217 - SwarmManager - ERROR - Handling failure of drone 3: Crashed
2026-02-13 18:32:15,217 - SwarmManager - ERROR - Drone 4 crashed
2026-02-13 18:32:15,218 - SwarmManager - ERROR - Handling failure of drone 4: Crashed
2026-02-13 18:32:16,219 - SwarmManager - ERROR - Drone 1 heartbeat timeout
2026-02-13 18:32:16,220 - SwarmManager - ERROR - Handling failure of drone 1: Heartbeat timeout
2026-02-13 18:32:16,221 - SwarmManager - ERROR - Drone 3 heartbeat timeout
2026-02-13 18:32:16,222 - SwarmManager - ERROR - Handling failure of drone 3: Heartbeat timeout
2026-02-13 18:32:16,222 - SwarmManager - ERROR - Drone 4 heartbeat timeout
2026-02-13 18:32:16,222 - SwarmManager - ERROR - Handling failure of drone 4: Heartbeat timeout
2026-02-13 18:32:16,223 - SwarmManager - ERROR - Drone 1 crashed
2026-02-13 18:32:16,223 - SwarmManager - ERROR - Handling failure of drone 1: Crashed
2026-02-13 18:32:16,223 - SwarmManager - ERROR - Drone 3 crashed
2026-02-13 18:32:16,223 - SwarmManager - ERROR - Handling failure of drone 3: Crashed
2026-02-13 18:32:16,224 - SwarmManager - ERROR - Drone 4 crashed
2026-02-13 18:32:16,224 - SwarmManager - ERROR - Handling failure of drone 4: Crashed
2026-02-13 18:32:17,225 - SwarmManager - ERROR - Drone 1 heartbeat timeout
2026-02-13 18:32:17,225 - SwarmManager - ERROR - Handling failure of drone 1: Heartbeat timeout
2026-02-13 18:32:17,226 - SwarmManager - ERROR - Drone 3 heartbeat timeout
2026-02-13 18:32:17,226 - SwarmManager - ERROR - Handling failure of drone 3: Heartbeat timeout
2026-02-13 18:32:17,227 - SwarmManager - ERROR - Drone 4 heartbeat timeout
2026-02-13 18:32:17,227 - SwarmManager - ERROR - Handling failure of drone 4: Heartbeat timeout
2026-02-13 18:32:17,228 - SwarmManager - ERROR - Drone 1 crashed
2026-02-13 18:32:17,228 - SwarmManager - ERROR - Handling failure of drone 1: Crashed
2026-02-13 18:32:17,228 - SwarmManager - ERROR - Drone 3 crashed
2026-02-13 18:32:17,229 - SwarmManager - ERROR - Handling failure of drone 3: Crashed
2026-02-13 18:32:17,229 - SwarmManager - ERROR - Drone 4 crashed
2026-02-13 18:32:17,229 - SwarmManager - ERROR - Handling failure of drone 4: Crashed
2026-02-13 18:32:17,523 - Drone_5 - ERROR - Drone 5: Motor 0 failed!
2026-02-13 18:32:17,524 - Drone_5 - WARNING - Drone 5: Degraded return active - Motor failure simulation: return to home with degraded control
2026-02-13 18:32:18,229 - SwarmManager - ERROR - Drone 1 heartbeat timeout
2026-02-13 18:32:18,230 - SwarmManager - ERROR - Handling failure of drone 1: Heartbeat timeout
2026-02-13 18:32:18,230 - SwarmManager - ERROR - Drone 3 heartbeat timeout
2026-02-13 18:32:18,231 - SwarmManager - ERROR - Handling failure of drone 3: Heartbeat timeout
2026-02-13 18:32:18,231 - SwarmManager - ERROR - Drone 4 heartbeat timeout
2026-02-13 18:32:18,231 - SwarmManager - ERROR - Handling failure of drone 4: Heartbeat timeout
2026-02-13 18:32:18,232 - SwarmManager - ERROR - Drone 1 crashed
2026-02-13 18:32:18,232 - SwarmManager - ERROR - Handling failure of drone 1: Crashed
2026-02-13 18:32:18,232 - SwarmManager - ERROR - Drone 3 crashed
2026-02-13 18:32:18,232 - SwarmManager - ERROR - Handling failure of drone 3: Crashed
2026-02-13 18:32:18,233 - SwarmManager - ERROR - Drone 4 crashed
2026-02-13 18:32:18,233 - SwarmManager - ERROR - Handling failure of drone 4: Crashed
2026-02-13 18:32:19,234 - SwarmManager - ERROR - Drone 1 heartbeat timeout
2026-02-13 18:32:19,235 - SwarmManager - ERROR - Handling failure of drone 1: Heartbeat timeout
2026-02-13 18:32:19,236 - SwarmManager - ERROR - Drone 3 heartbeat timeout
2026-02-13 18:32:19,237 - SwarmManager - ERROR - Handling failure of drone 3: Heartbeat timeout
2026-02-13 18:32:19,238 - SwarmManager - ERROR - Drone 4 heartbeat timeout
2026-02-13 18:32:19,239 - SwarmManager - ERROR - Handling failure of drone 4: Heartbeat timeout
2026-02-13 18:32:19,239 - SwarmManager - ERROR - Drone 1 crashed
2026-02-13 18:32:19,240 - SwarmManager - ERROR - Handling failure of drone 1: Crashed
2026-02-13 18:32:19,240 - SwarmManager - ERROR - Drone 3 crashed
2026-02-13 18:32:19,241 - SwarmManager - ERROR - Handling failure of drone 3: Crashed
2026-02-13 18:32:19,241 - SwarmManager - ERROR - Drone 4 crashed
2026-02-13 18:32:19,242 - SwarmManager - ERROR - Handling failure of drone 4: Crashed
2026-02-13 18:32:20,243 - SwarmManager - ERROR - Drone 1 heartbeat timeout
2026-02-13 18:32:20,244 - SwarmManager - ERROR - Handling failure of drone 1: Heartbeat timeout
2026-02-13 18:32:20,245 - SwarmManager - ERROR - Drone 3 heartbeat timeout
2026-02-13 18:32:20,246 - SwarmManager - ERROR - Handling failure of drone 3: Heartbeat timeout
2026-02-13 18:32:20,246 - SwarmManager - ERROR - Drone 4 heartbeat timeout
2026-02-13 18:32:20,246 - SwarmManager - ERROR - Handling failure of drone 4: Heartbeat timeout
2026-02-13 18:32:20,247 - SwarmManager - ERROR - Drone 1 crashed
2026-02-13 18:32:20,247 - SwarmManager - ERROR - Handling failure of drone 1: Crashed
2026-02-13 18:32:20,248 - SwarmManager - ERROR - Drone 3 crashed
2026-02-13 18:32:20,248 - SwarmManager - ERROR - Handling failure of drone 3: Crashed
2026-02-13 18:32:20,248 - SwarmManager - ERROR - Drone 4 crashed
2026-02-13 18:32:20,249 - SwarmManager - ERROR - Handling failure of drone 4: Crashed
2026-02-13 18:32:21,249 - SwarmManager - ERROR - Drone 1 heartbeat timeout
2026-02-13 18:32:21,250 - SwarmManager - ERROR - Handling failure of drone 1: Heartbeat timeout
2026-02-13 18:32:21,250 - SwarmManager - ERROR - Drone 3 heartbeat timeout
2026-02-13 18:32:21,250 - SwarmManager - ERROR - Handling failure of drone 3: Heartbeat timeout
2026-02-13 18:32:21,250 - SwarmManager - ERROR - Drone 4 heartbeat timeout
2026-02-13 18:32:21,251 - SwarmManager - ERROR - Handling failure of drone 4: Heartbeat timeout
2026-02-13 18:32:21,251 - SwarmManager - ERROR - Drone 1 crashed
2026-02-13 18:32:21,251 - SwarmManager - ERROR - Handling failure of drone 1: Crashed
2026-02-13 18:32:21,252 - SwarmManager - ERROR - Drone 3 crashed
2026-02-13 18:32:21,252 - SwarmManager - ERROR - Handling failure of drone 3: Crashed
2026-02-13 18:32:21,252 - SwarmManager - ERROR - Drone 4 crashed
2026-02-13 18:32:21,252 - SwarmManager - ERROR - Handling failure of drone 4: Crashed
2026-02-13 18:32:21,880 - Drone_5 - INFO - Drone 5: Reached home position
2026-02-13 18:32:22,253 - SwarmManager - ERROR - Drone 1 heartbeat timeout
2026-02-13 18:32:22,254 - SwarmManager - ERROR - Handling failure of drone 1: Heartbeat timeout
2026-02-13 18:32:22,254 - SwarmManager - ERROR - Drone 3 heartbeat timeout
2026-02-13 18:32:22,254 - SwarmManager - ERROR - Handling failure of drone 3: Heartbeat timeout
2026-02-13 18:32:22,255 - SwarmManager - ERROR - Drone 4 heartbeat timeout
2026-02-13 18:32:22,255 - SwarmManager - ERROR - Handling failure of drone 4: Heartbeat timeout
2026-02-13 18:32:22,255 - SwarmManager - ERROR - Drone 1 crashed
2026-02-13 18:32:22,255 - SwarmManager - ERROR - Handling failure of drone 1: Crashed
2026-02-13 18:32:22,256 - SwarmManager - ERROR - Drone 3 crashed
2026-02-13 18:32:22,256 - SwarmManager - ERROR - Handling failure of drone 3: Crashed
2026-02-13 18:32:22,256 - SwarmManager - ERROR - Drone 4 crashed
2026-02-13 18:32:22,256 - SwarmManager - ERROR - Handling failure of drone 4: Crashed
2026-02-13 18:32:22,283 - Drone_5 - INFO - Drone 5: Landed safely
2026-02-13 18:32:23,257 - SwarmManager - ERROR - Drone 1 heartbeat timeout
2026-02-13 18:32:23,258 - SwarmManager - ERROR - Handling failure of drone 1: Heartbeat timeout
2026-02-13 18:32:23,258 - SwarmManager - ERROR - Drone 3 heartbeat timeout
2026-02-13 18:32:23,258 - SwarmManager - ERROR - Handling failure of drone 3: Heartbeat timeout
2026-02-13 18:32:23,258 - SwarmManager - ERROR - Drone 4 heartbeat timeout
2026-02-13 18:32:23,259 - SwarmManager - ERROR - Handling failure of drone 4: Heartbeat timeout
2026-02-13 18:32:23,259 - SwarmManager - ERROR - Drone 1 crashed
2026-02-13 18:32:23,259 - SwarmManager - ERROR - Handling failure of drone 1: Crashed
2026-02-13 18:32:23,259 - SwarmManager - ERROR - Drone 3 crashed
2026-02-13 18:32:23,260 - SwarmManager - ERROR - Handling failure of drone 3: Crashed
2026-02-13 18:32:23,260 - SwarmManager - ERROR - Drone 4 crashed
2026-02-13 18:32:23,260 - SwarmManager - ERROR - Handling failure of drone 4: Crashed
2026-02-13 18:32:24,261 - SwarmManager - ERROR - Drone 1 heartbeat timeout
2026-02-13 18:32:24,262 - SwarmManager - ERROR - Handling failure of drone 1: Heartbeat timeout
2026-02-13 18:32:24,262 - SwarmManager - ERROR - Drone 3 heartbeat timeout
2026-02-13 18:32:24,262 - SwarmManager - ERROR - Handling failure of drone 3: Heartbeat timeout
2026-02-13 18:32:24,263 - SwarmManager - ERROR - Drone 4 heartbeat timeout
2026-02-13 18:32:24,263 - SwarmManager - ERROR - Handling failure of drone 4: Heartbeat timeout
2026-02-13 18:32:24,263 - SwarmManager - ERROR - Drone 1 crashed
2026-02-13 18:32:24,263 - SwarmManager - ERROR - Handling failure of drone 1: Crashed
2026-02-13 18:32:24,263 - SwarmManager - ERROR - Drone 3 crashed
2026-02-13 18:32:24,263 - SwarmManager - ERROR - Handling failure of drone 3: Crashed
2026-02-13 18:32:24,264 - SwarmManager - ERROR - Drone 4 crashed
2026-02-13 18:32:24,264 - SwarmManager - ERROR - Handling failure of drone 4: Crashed
2026-02-13 18:32:25,265 - SwarmManager - ERROR - Drone 1 heartbeat timeout
2026-02-13 18:32:25,267 - SwarmManager - ERROR - Handling failure of drone 1: Heartbeat timeout
2026-02-13 18:32:25,268 - SwarmManager - ERROR - Drone 3 heartbeat timeout
2026-02-13 18:32:25,269 - SwarmManager - ERROR - Handling failure of drone 3: Heartbeat timeout
2026-02-13 18:32:25,269 - SwarmManager - ERROR - Drone 4 heartbeat timeout
2026-02-13 18:32:25,270 - SwarmManager - ERROR - Handling failure of drone 4: Heartbeat timeout
2026-02-13 18:32:25,270 - SwarmManager - ERROR - Drone 1 crashed
2026-02-13 18:32:25,271 - SwarmManager - ERROR - Handling failure of drone 1: Crashed
2026-02-13 18:32:25,271 - SwarmManager - ERROR - Drone 3 crashed
2026-02-13 18:32:25,271 - SwarmManager - ERROR - Handling failure of drone 3: Crashed
2026-02-13 18:32:25,271 - SwarmManager - ERROR - Drone 4 crashed
2026-02-13 18:32:25,272 - SwarmManager - ERROR - Handling failure of drone 4: Crashed
2026-02-13 18:32:26,273 - SwarmManager - ERROR - Drone 1 heartbeat timeout
2026-02-13 18:32:26,274 - SwarmManager - ERROR - Handling failure of drone 1: Heartbeat timeout
2026-02-13 18:32:26,275 - SwarmManager - ERROR - Drone 3 heartbeat timeout
2026-02-13 18:32:26,276 - SwarmManager - ERROR - Handling failure of drone 3: Heartbeat timeout
2026-02-13 18:32:26,277 - SwarmManager - ERROR - Drone 4 heartbeat timeout
2026-02-13 18:32:26,278 - SwarmManager - ERROR - Handling failure of drone 4: Heartbeat timeout
2026-02-13 18:32:26,279 - SwarmManager - ERROR - Drone 1 crashed
2026-02-13 18:32:26,279 - SwarmManager - ERROR - Handling failure of drone 1: Crashed
2026-02-13 18:32:26,280 - SwarmManager - ERROR - Drone 3 crashed
2026-02-13 18:32:26,280 - SwarmManager - ERROR - Handling failure of drone 3: Crashed
2026-02-13 18:32:26,280 - SwarmManager - ERROR - Drone 4 crashed
2026-02-13 18:32:26,280 - SwarmManager - ERROR - Handling failure of drone 4: Crashed
2026-02-13 18:32:27,281 - SwarmManager - ERROR - Drone 1 heartbeat timeout
2026-02-13 18:32:27,282 - SwarmManager - ERROR - Handling failure of drone 1: Heartbeat timeout
2026-02-13 18:32:27,283 - SwarmManager - ERROR - Drone 3 heartbeat timeout
2026-02-13 18:32:27,284 - SwarmManager - ERROR - Handling failure of drone 3: Heartbeat timeout
2026-02-13 18:32:27,285 - SwarmManager - ERROR - Drone 4 heartbeat timeout
2026-02-13 18:32:27,286 - SwarmManager - ERROR - Handling failure of drone 4: Heartbeat timeout
2026-02-13 18:32:27,287 - SwarmManager - ERROR - Drone 1 crashed
2026-02-13 18:32:27,287 - SwarmManager - ERROR - Handling failure of drone 1: Crashed
2026-02-13 18:32:27,287 - SwarmManager - ERROR - Drone 3 crashed
2026-02-13 18:32:27,288 - SwarmManager - ERROR - Handling failure of drone 3: Crashed
2026-02-13 18:32:27,288 - SwarmManager - ERROR - Drone 4 crashed
2026-02-13 18:32:27,289 - SwarmManager - ERROR - Handling failure of drone 4: Crashed
2026-02-13 18:32:28,290 - SwarmManager - ERROR - Drone 1 heartbeat timeout
2026-02-13 18:32:28,291 - SwarmManager - ERROR - Handling failure of drone 1: Heartbeat timeout
2026-02-13 18:32:28,292 - SwarmManager - ERROR - Drone 3 heartbeat timeout
2026-02-13 18:32:28,293 - SwarmManager - ERROR - Handling failure of drone 3: Heartbeat timeout
2026-02-13 18:32:28,293 - SwarmManager - ERROR - Drone 4 heartbeat timeout
2026-02-13 18:32:28,293 - SwarmManager - ERROR - Handling failure of drone 4: Heartbeat timeout
2026-02-13 18:32:28,293 - SwarmManager - ERROR - Drone 1 crashed
2026-02-13 18:32:28,293 - SwarmManager - ERROR - Handling failure of drone 1: Crashed
2026-02-13 18:32:28,293 - SwarmManager - ERROR - Drone 3 crashed
2026-02-13 18:32:28,294 - SwarmManager - ERROR - Handling failure of drone 3: Crashed
2026-02-13 18:32:28,294 - SwarmManager - ERROR - Drone 4 crashed
2026-02-13 18:32:28,294 - SwarmManager - ERROR - Handling failure of drone 4: Crashed
2026-02-13 18:32:29,295 - SwarmManager - ERROR - Drone 1 heartbeat timeout
2026-02-13 18:32:29,295 - SwarmManager - ERROR - Handling failure of drone 1: Heartbeat timeout
2026-02-13 18:32:29,295 - SwarmManager - ERROR - Drone 3 heartbeat timeout
2026-02-13 18:32:29,296 - SwarmManager - ERROR - Handling failure of drone 3: Heartbeat timeout
2026-02-13 18:32:29,296 - SwarmManager - ERROR - Drone 4 heartbeat timeout
2026-02-13 18:32:29,296 - SwarmManager - ERROR - Handling failure of drone 4: Heartbeat timeout
2026-02-13 18:32:29,296 - SwarmManager - ERROR - Drone 1 crashed
2026-02-13 18:32:29,296 - SwarmManager - ERROR - Handling failure of drone 1: Crashed
2026-02-13 18:32:29,296 - SwarmManager - ERROR - Drone 3 crashed
2026-02-13 18:32:29,296 - SwarmManager - ERROR - Handling failure of drone 3: Crashed
2026-02-13 18:32:29,297 - SwarmManager - ERROR - Drone 4 crashed
2026-02-13 18:32:29,297 - SwarmManager - ERROR - Handling failure of drone 4: Crashed
2026-02-13 18:32:30,298 - SwarmManager - ERROR - Drone 1 heartbeat timeout
2026-02-13 18:32:30,299 - SwarmManager - ERROR - Handling failure of drone 1: Heartbeat timeout
2026-02-13 18:32:30,300 - SwarmManager - ERROR - Drone 3 heartbeat timeout
2026-02-13 18:32:30,301 - SwarmManager - ERROR - Handling failure of drone 3: Heartbeat timeout
2026-02-13 18:32:30,301 - SwarmManager - ERROR - Drone 4 heartbeat timeout
2026-02-13 18:32:30,302 - SwarmManager - ERROR - Handling failure of drone 4: Heartbeat timeout
2026-02-13 18:32:30,302 - SwarmManager - ERROR - Drone 1 crashed
2026-02-13 18:32:30,302 - SwarmManager - ERROR - Handling failure of drone 1: Crashed
2026-02-13 18:32:30,303 - SwarmManager - ERROR - Drone 3 crashed
2026-02-13 18:32:30,303 - SwarmManager - ERROR - Handling failure of drone 3: Crashed
2026-02-13 18:32:30,303 - SwarmManager - ERROR - Drone 4 crashed
2026-02-13 18:32:30,304 - SwarmManager - ERROR - Handling failure of drone 4: Crashed
2026-02-13 18:32:30,640 - PhysicalMLTrainer_Drone2 - INFO - Physical ML model trained drone=2 samples=2101 degree=2 alpha=0.0 val_mse=0.000001
2026-02-13 18:32:30,640 - PhysicalMLTrainer_Drone5 - INFO - Physical ML model trained drone=5 samples=2101 degree=2 alpha=0.0 val_mse=0.000531
2026-02-13 18:32:31,305 - SwarmManager - ERROR - Drone 1 heartbeat timeout
2026-02-13 18:32:31,306 - SwarmManager - ERROR - Handling failure of drone 1: Heartbeat timeout
2026-02-13 18:32:31,306 - SwarmManager - ERROR - Drone 3 heartbeat timeout
2026-02-13 18:32:31,306 - SwarmManager - ERROR - Handling failure of drone 3: Heartbeat timeout
2026-02-13 18:32:31,307 - SwarmManager - ERROR - Drone 4 heartbeat timeout
2026-02-13 18:32:31,307 - SwarmManager - ERROR - Handling failure of drone 4: Heartbeat timeout
2026-02-13 18:32:31,307 - SwarmManager - ERROR - Drone 1 crashed
2026-02-13 18:32:31,307 - SwarmManager - ERROR - Handling failure of drone 1: Crashed
2026-02-13 18:32:31,307 - SwarmManager - ERROR - Drone 3 crashed
2026-02-13 18:32:31,308 - SwarmManager - ERROR - Handling failure of drone 3: Crashed
2026-02-13 18:32:31,308 - SwarmManager - ERROR - Drone 4 crashed
2026-02-13 18:32:31,308 - SwarmManager - ERROR - Handling failure of drone 4: Crashed
2026-02-13 18:32:32,309 - SwarmManager - ERROR - Drone 1 heartbeat timeout
2026-02-13 18:32:32,309 - SwarmManager - ERROR - Handling failure of drone 1: Heartbeat timeout
2026-02-13 18:32:32,309 - SwarmManager - ERROR - Drone 3 heartbeat timeout
2026-02-13 18:32:32,309 - SwarmManager - ERROR - Handling failure of drone 3: Heartbeat timeout
2026-02-13 18:32:32,309 - SwarmManager - ERROR - Drone 4 heartbeat timeout
2026-02-13 18:32:32,310 - SwarmManager - ERROR - Handling failure of drone 4: Heartbeat timeout
2026-02-13 18:32:32,310 - SwarmManager - ERROR - Drone 1 crashed
2026-02-13 18:32:32,310 - SwarmManager - ERROR - Handling failure of drone 1: Crashed
2026-02-13 18:32:32,310 - SwarmManager - ERROR - Drone 3 crashed
2026-02-13 18:32:32,310 - SwarmManager - ERROR - Handling failure of drone 3: Crashed
2026-02-13 18:32:32,310 - SwarmManager - ERROR - Drone 4 crashed
2026-02-13 18:32:32,311 - SwarmManager - ERROR - Handling failure of drone 4: Crashed
2026-02-13 18:32:33,311 - SwarmManager - ERROR - Drone 1 heartbeat timeout
2026-02-13 18:32:33,312 - SwarmManager - ERROR - Handling failure of drone 1: Heartbeat timeout
2026-02-13 18:32:33,312 - SwarmManager - ERROR - Drone 3 heartbeat timeout
2026-02-13 18:32:33,313 - SwarmManager - ERROR - Handling failure of drone 3: Heartbeat timeout
2026-02-13 18:32:33,313 - SwarmManager - ERROR - Drone 4 heartbeat timeout
2026-02-13 18:32:33,314 - SwarmManager - ERROR - Handling failure of drone 4: Heartbeat timeout
2026-02-13 18:32:33,314 - SwarmManager - ERROR - Drone 1 crashed
2026-02-13 18:32:33,314 - SwarmManager - ERROR - Handling failure of drone 1: Crashed
2026-02-13 18:32:33,315 - SwarmManager - ERROR - Drone 3 crashed
2026-02-13 18:32:33,315 - SwarmManager - ERROR - Handling failure of drone 3: Crashed
2026-02-13 18:32:33,315 - SwarmManager - ERROR - Drone 4 crashed
2026-02-13 18:32:33,315 - SwarmManager - ERROR - Handling failure of drone 4: Crashed
2026-02-13 18:32:34,316 - SwarmManager - ERROR - Drone 1 heartbeat timeout
2026-02-13 18:32:34,317 - SwarmManager - ERROR - Handling failure of drone 1: Heartbeat timeout
2026-02-13 18:32:34,317 - SwarmManager - ERROR - Drone 3 heartbeat timeout
2026-02-13 18:32:34,317 - SwarmManager - ERROR - Handling failure of drone 3: Heartbeat timeout
2026-02-13 18:32:34,317 - SwarmManager - ERROR - Drone 4 heartbeat timeout
2026-02-13 18:32:34,317 - SwarmManager - ERROR - Handling failure of drone 4: Heartbeat timeout
2026-02-13 18:32:34,318 - SwarmManager - ERROR - Drone 1 crashed
2026-02-13 18:32:34,318 - SwarmManager - ERROR - Handling failure of drone 1: Crashed
2026-02-13 18:32:34,318 - SwarmManager - ERROR - Drone 3 crashed
2026-02-13 18:32:34,319 - SwarmManager - ERROR - Handling failure of drone 3: Crashed
2026-02-13 18:32:34,319 - SwarmManager - ERROR - Drone 4 crashed
2026-02-13 18:32:34,319 - SwarmManager - ERROR - Handling failure of drone 4: Crashed
2026-02-13 18:32:35,320 - SwarmManager - ERROR - Drone 1 heartbeat timeout
2026-02-13 18:32:35,320 - SwarmManager - ERROR - Handling failure of drone 1: Heartbeat timeout
2026-02-13 18:32:35,320 - SwarmManager - ERROR - Drone 3 heartbeat timeout
2026-02-13 18:32:35,320 - SwarmManager - ERROR - Handling failure of drone 3: Heartbeat timeout
2026-02-13 18:32:35,321 - SwarmManager - ERROR - Drone 4 heartbeat timeout
2026-02-13 18:32:35,321 - SwarmManager - ERROR - Handling failure of drone 4: Heartbeat timeout
2026-02-13 18:32:35,321 - SwarmManager - ERROR - Drone 1 crashed
2026-02-13 18:32:35,321 - SwarmManager - ERROR - Handling failure of drone 1: Crashed
2026-02-13 18:32:35,321 - SwarmManager - ERROR - Drone 3 crashed
2026-02-13 18:32:35,321 - SwarmManager - ERROR - Handling failure of drone 3: Crashed
2026-02-13 18:32:35,322 - SwarmManager - ERROR - Drone 4 crashed
2026-02-13 18:32:35,322 - SwarmManager - ERROR - Handling failure of drone 4: Crashed
2026-02-13 18:32:36,323 - SwarmManager - ERROR - Drone 1 heartbeat timeout
2026-02-13 18:32:36,323 - SwarmManager - ERROR - Handling failure of drone 1: Heartbeat timeout
2026-02-13 18:32:36,323 - SwarmManager - ERROR - Drone 3 heartbeat timeout
2026-02-13 18:32:36,324 - SwarmManager - ERROR - Handling failure of drone 3: Heartbeat timeout
2026-02-13 18:32:36,324 - SwarmManager - ERROR - Drone 4 heartbeat timeout
2026-02-13 18:32:36,324 - SwarmManager - ERROR - Handling failure of drone 4: Heartbeat timeout
2026-02-13 18:32:36,325 - SwarmManager - ERROR - Drone 1 crashed
2026-02-13 18:32:36,325 - SwarmManager - ERROR - Handling failure of drone 1: Crashed
2026-02-13 18:32:36,325 - SwarmManager - ERROR - Drone 3 crashed
2026-02-13 18:32:36,325 - SwarmManager - ERROR - Handling failure of drone 3: Crashed
2026-02-13 18:32:36,325 - SwarmManager - ERROR - Drone 4 crashed
2026-02-13 18:32:36,326 - SwarmManager - ERROR - Handling failure of drone 4: Crashed
2026-02-13 18:32:37,326 - SwarmManager - ERROR - Drone 1 heartbeat timeout
2026-02-13 18:32:37,328 - SwarmManager - ERROR - Handling failure of drone 1: Heartbeat timeout
2026-02-13 18:32:37,329 - SwarmManager - ERROR - Drone 3 heartbeat timeout
2026-02-13 18:32:37,330 - SwarmManager - ERROR - Handling failure of drone 3: Heartbeat timeout
2026-02-13 18:32:37,330 - SwarmManager - ERROR - Drone 4 heartbeat timeout
2026-02-13 18:32:37,331 - SwarmManager - ERROR - Handling failure of drone 4: Heartbeat timeout
2026-02-13 18:32:37,332 - SwarmManager - ERROR - Drone 1 crashed
2026-02-13 18:32:37,332 - SwarmManager - ERROR - Handling failure of drone 1: Crashed
2026-02-13 18:32:37,332 - SwarmManager - ERROR - Drone 3 crashed
2026-02-13 18:32:37,332 - SwarmManager - ERROR - Handling failure of drone 3: Crashed
2026-02-13 18:32:37,333 - SwarmManager - ERROR - Drone 4 crashed
2026-02-13 18:32:37,333 - SwarmManager - ERROR - Handling failure of drone 4: Crashed
2026-02-13 18:32:38,333 - SwarmManager - ERROR - Drone 1 heartbeat timeout
2026-02-13 18:32:38,334 - SwarmManager - ERROR - Handling failure of drone 1: Heartbeat timeout
2026-02-13 18:32:38,335 - SwarmManager - ERROR - Drone 3 heartbeat timeout
2026-02-13 18:32:38,335 - SwarmManager - ERROR - Handling failure of drone 3: Heartbeat timeout
2026-02-13 18:32:38,336 - SwarmManager - ERROR - Drone 4 heartbeat timeout
2026-02-13 18:32:38,336 - SwarmManager - ERROR - Handling failure of drone 4: Heartbeat timeout
2026-02-13 18:32:38,337 - SwarmManager - ERROR - Drone 1 crashed
2026-02-13 18:32:38,337 - SwarmManager - ERROR - Handling failure of drone 1: Crashed
2026-02-13 18:32:38,337 - SwarmManager - ERROR - Drone 3 crashed
2026-02-13 18:32:38,337 - SwarmManager - ERROR - Handling failure of drone 3: Crashed
2026-02-13 18:32:38,338 - SwarmManager - ERROR - Drone 4 crashed
2026-02-13 18:32:38,338 - SwarmManager - ERROR - Handling failure of drone 4: Crashed
2026-02-13 18:32:39,339 - SwarmManager - ERROR - Drone 1 heartbeat timeout
2026-02-13 18:32:39,339 - SwarmManager - ERROR - Handling failure of drone 1: Heartbeat timeout
2026-02-13 18:32:39,339 - SwarmManager - ERROR - Drone 3 heartbeat timeout
2026-02-13 18:32:39,339 - SwarmManager - ERROR - Handling failure of drone 3: Heartbeat timeout
2026-02-13 18:32:39,339 - SwarmManager - ERROR - Drone 4 heartbeat timeout
2026-02-13 18:32:39,340 - SwarmManager - ERROR - Handling failure of drone 4: Heartbeat timeout
2026-02-13 18:32:39,340 - SwarmManager - ERROR - Drone 1 crashed
2026-02-13 18:32:39,340 - SwarmManager - ERROR - Handling failure of drone 1: Crashed
2026-02-13 18:32:39,340 - SwarmManager - ERROR - Drone 3 crashed
2026-02-13 18:32:39,340 - SwarmManager - ERROR - Handling failure of drone 3: Crashed
2026-02-13 18:32:39,340 - SwarmManager - ERROR - Drone 4 crashed
2026-02-13 18:32:39,340 - SwarmManager - ERROR - Handling failure of drone 4: Crashed
2026-02-13 18:32:40,341 - SwarmManager - ERROR - Drone 1 heartbeat timeout
2026-02-13 18:32:40,342 - SwarmManager - ERROR - Handling failure of drone 1: Heartbeat timeout
2026-02-13 18:32:40,343 - SwarmManager - ERROR - Drone 3 heartbeat timeout
2026-02-13 18:32:40,343 - SwarmManager - ERROR - Handling failure of drone 3: Heartbeat timeout
2026-02-13 18:32:40,344 - SwarmManager - ERROR - Drone 4 heartbeat timeout
2026-02-13 18:32:40,345 - SwarmManager - ERROR - Handling failure of drone 4: Heartbeat timeout
2026-02-13 18:32:40,345 - SwarmManager - ERROR - Drone 1 crashed
2026-02-13 18:32:40,346 - SwarmManager - ERROR - Handling failure of drone 1: Crashed
2026-02-13 18:32:40,346 - SwarmManager - ERROR - Drone 3 crashed
2026-02-13 18:32:40,346 - SwarmManager - ERROR - Handling failure of drone 3: Crashed
2026-02-13 18:32:40,347 - SwarmManager - ERROR - Drone 4 crashed
2026-02-13 18:32:40,347 - SwarmManager - ERROR - Handling failure of drone 4: Crashed
2026-02-13 18:32:41,348 - SwarmManager - ERROR - Drone 1 heartbeat timeout
2026-02-13 18:32:41,348 - SwarmManager - ERROR - Handling failure of drone 1: Heartbeat timeout
2026-02-13 18:32:41,349 - SwarmManager - ERROR - Drone 3 heartbeat timeout
2026-02-13 18:32:41,349 - SwarmManager - ERROR - Handling failure of drone 3: Heartbeat timeout
2026-02-13 18:32:41,351 - SwarmManager - ERROR - Drone 4 heartbeat timeout
2026-02-13 18:32:41,351 - SwarmManager - ERROR - Handling failure of drone 4: Heartbeat timeout
2026-02-13 18:32:41,352 - SwarmManager - ERROR - Drone 1 crashed
2026-02-13 18:32:41,352 - SwarmManager - ERROR - Handling failure of drone 1: Crashed
2026-02-13 18:32:41,353 - SwarmManager - ERROR - Drone 3 crashed
2026-02-13 18:32:41,353 - SwarmManager - ERROR - Handling failure of drone 3: Crashed
2026-02-13 18:32:41,353 - SwarmManager - ERROR - Drone 4 crashed
2026-02-13 18:32:41,353 - SwarmManager - ERROR - Handling failure of drone 4: Crashed
2026-02-13 18:32:41,519 - Drone_5 - ERROR - Drone 5: Motor 0 failed!
2026-02-13 18:32:42,354 - SwarmManager - ERROR - Drone 1 heartbeat timeout
2026-02-13 18:32:42,354 - SwarmManager - ERROR - Handling failure of drone 1: Heartbeat timeout
2026-02-13 18:32:42,354 - SwarmManager - ERROR - Drone 3 heartbeat timeout
2026-02-13 18:32:42,355 - SwarmManager - ERROR - Handling failure of drone 3: Heartbeat timeout
2026-02-13 18:32:42,355 - SwarmManager - ERROR - Drone 4 heartbeat timeout
2026-02-13 18:32:42,355 - SwarmManager - ERROR - Handling failure of drone 4: Heartbeat timeout
2026-02-13 18:32:42,356 - SwarmManager - ERROR - Drone 1 crashed
2026-02-13 18:32:42,357 - SwarmManager - ERROR - Handling failure of drone 1: Crashed
2026-02-13 18:32:42,358 - SwarmManager - ERROR - Drone 3 crashed
2026-02-13 18:32:42,359 - SwarmManager - ERROR - Handling failure of drone 3: Crashed
2026-02-13 18:32:42,360 - SwarmManager - ERROR - Drone 4 crashed
2026-02-13 18:32:42,361 - SwarmManager - ERROR - Handling failure of drone 4: Crashed
2026-02-13 18:32:43,362 - SwarmManager - ERROR - Drone 1 heartbeat timeout
2026-02-13 18:32:43,363 - SwarmManager - ERROR - Handling failure of drone 1: Heartbeat timeout
2026-02-13 18:32:43,364 - SwarmManager - ERROR - Drone 3 heartbeat timeout
2026-02-13 18:32:43,365 - SwarmManager - ERROR - Handling failure of drone 3: Heartbeat timeout
2026-02-13 18:32:43,366 - SwarmManager - ERROR - Drone 4 heartbeat timeout
2026-02-13 18:32:43,367 - SwarmManager - ERROR - Handling failure of drone 4: Heartbeat timeout
2026-02-13 18:32:43,368 - SwarmManager - ERROR - Drone 1 crashed
2026-02-13 18:32:43,368 - SwarmManager - ERROR - Handling failure of drone 1: Crashed
2026-02-13 18:32:43,369 - SwarmManager - ERROR - Drone 3 crashed
2026-02-13 18:32:43,370 - SwarmManager - ERROR - Handling failure of drone 3: Crashed
2026-02-13 18:32:43,370 - SwarmManager - ERROR - Drone 4 crashed
2026-02-13 18:32:43,372 - SwarmManager - ERROR - Handling failure of drone 4: Crashed
2026-02-13 18:32:44,373 - SwarmManager - ERROR - Drone 1 heartbeat timeout
2026-02-13 18:32:44,374 - SwarmManager - ERROR - Handling failure of drone 1: Heartbeat timeout
2026-02-13 18:32:44,374 - SwarmManager - ERROR - Drone 3 heartbeat timeout
2026-02-13 18:32:44,374 - SwarmManager - ERROR - Handling failure of drone 3: Heartbeat timeout
2026-02-13 18:32:44,374 - SwarmManager - ERROR - Drone 4 heartbeat timeout
2026-02-13 18:32:44,375 - SwarmManager - ERROR - Handling failure of drone 4: Heartbeat timeout
2026-02-13 18:32:44,375 - SwarmManager - ERROR - Drone 1 crashed
2026-02-13 18:32:44,375 - SwarmManager - ERROR - Handling failure of drone 1: Crashed
2026-02-13 18:32:44,376 - SwarmManager - ERROR - Drone 3 crashed
2026-02-13 18:32:44,376 - SwarmManager - ERROR - Handling failure of drone 3: Crashed
2026-02-13 18:32:44,376 - SwarmManager - ERROR - Drone 4 crashed
2026-02-13 18:32:44,377 - SwarmManager - ERROR - Handling failure of drone 4: Crashed
2026-02-13 18:32:45,377 - SwarmManager - ERROR - Drone 1 heartbeat timeout
2026-02-13 18:32:45,377 - SwarmManager - ERROR - Handling failure of drone 1: Heartbeat timeout
2026-02-13 18:32:45,378 - SwarmManager - ERROR - Drone 3 heartbeat timeout
2026-02-13 18:32:45,378 - SwarmManager - ERROR - Handling failure of drone 3: Heartbeat timeout
2026-02-13 18:32:45,378 - SwarmManager - ERROR - Drone 4 heartbeat timeout
2026-02-13 18:32:45,379 - SwarmManager - ERROR - Handling failure of drone 4: Heartbeat timeout
2026-02-13 18:32:45,379 - SwarmManager - ERROR - Drone 1 crashed
2026-02-13 18:32:45,379 - SwarmManager - ERROR - Handling failure of drone 1: Crashed
2026-02-13 18:32:45,380 - SwarmManager - ERROR - Drone 3 crashed
2026-02-13 18:32:45,380 - SwarmManager - ERROR - Handling failure of drone 3: Crashed
2026-02-13 18:32:45,380 - SwarmManager - ERROR - Drone 4 crashed
2026-02-13 18:32:45,381 - SwarmManager - ERROR - Handling failure of drone 4: Crashed
2026-02-13 18:32:46,381 - SwarmManager - ERROR - Drone 1 heartbeat timeout
2026-02-13 18:32:46,381 - SwarmManager - ERROR - Handling failure of drone 1: Heartbeat timeout
2026-02-13 18:32:46,382 - SwarmManager - ERROR - Drone 3 heartbeat timeout
2026-02-13 18:32:46,382 - SwarmManager - ERROR - Handling failure of drone 3: Heartbeat timeout
2026-02-13 18:32:46,382 - SwarmManager - ERROR - Drone 4 heartbeat timeout
2026-02-13 18:32:46,382 - SwarmManager - ERROR - Handling failure of drone 4: Heartbeat timeout
2026-02-13 18:32:46,382 - SwarmManager - ERROR - Drone 1 crashed
2026-02-13 18:32:46,382 - SwarmManager - ERROR - Handling failure of drone 1: Crashed
2026-02-13 18:32:46,382 - SwarmManager - ERROR - Drone 3 crashed
2026-02-13 18:32:46,382 - SwarmManager - ERROR - Handling failure of drone 3: Crashed
2026-02-13 18:32:46,383 - SwarmManager - ERROR - Drone 4 crashed
2026-02-13 18:32:46,383 - SwarmManager - ERROR - Handling failure of drone 4: Crashed
2026-02-13 18:32:47,384 - SwarmManager - ERROR - Drone 1 heartbeat timeout
2026-02-13 18:32:47,385 - SwarmManager - ERROR - Handling failure of drone 1: Heartbeat timeout
2026-02-13 18:32:47,385 - SwarmManager - ERROR - Drone 3 heartbeat timeout
2026-02-13 18:32:47,386 - SwarmManager - ERROR - Handling failure of drone 3: Heartbeat timeout
2026-02-13 18:32:47,386 - SwarmManager - ERROR - Drone 4 heartbeat timeout
2026-02-13 18:32:47,386 - SwarmManager - ERROR - Handling failure of drone 4: Heartbeat timeout
2026-02-13 18:32:47,387 - SwarmManager - ERROR - Drone 1 crashed
2026-02-13 18:32:47,387 - SwarmManager - ERROR - Handling failure of drone 1: Crashed
2026-02-13 18:32:47,387 - SwarmManager - ERROR - Drone 3 crashed
2026-02-13 18:32:47,388 - SwarmManager - ERROR - Handling failure of drone 3: Crashed
2026-02-13 18:32:47,388 - SwarmManager - ERROR - Drone 4 crashed
2026-02-13 18:32:47,388 - SwarmManager - ERROR - Handling failure of drone 4: Crashed
2026-02-13 18:32:48,389 - SwarmManager - ERROR - Drone 1 heartbeat timeout
2026-02-13 18:32:48,389 - SwarmManager - ERROR - Handling failure of drone 1: Heartbeat timeout
2026-02-13 18:32:48,390 - SwarmManager - ERROR - Drone 3 heartbeat timeout
2026-02-13 18:32:48,390 - SwarmManager - ERROR - Handling failure of drone 3: Heartbeat timeout
2026-02-13 18:32:48,391 - SwarmManager - ERROR - Drone 4 heartbeat timeout
2026-02-13 18:32:48,391 - SwarmManager - ERROR - Handling failure of drone 4: Heartbeat timeout
2026-02-13 18:32:48,391 - SwarmManager - ERROR - Drone 1 crashed
2026-02-13 18:32:48,392 - SwarmManager - ERROR - Handling failure of drone 1: Crashed
2026-02-13 18:32:48,392 - SwarmManager - ERROR - Drone 3 crashed
2026-02-13 18:32:48,392 - SwarmManager - ERROR - Handling failure of drone 3: Crashed
2026-02-13 18:32:48,392 - SwarmManager - ERROR - Drone 4 crashed
2026-02-13 18:32:48,393 - SwarmManager - ERROR - Handling failure of drone 4: Crashed
2026-02-13 18:32:49,393 - SwarmManager - ERROR - Drone 1 heartbeat timeout
2026-02-13 18:32:49,394 - SwarmManager - ERROR - Handling failure of drone 1: Heartbeat timeout
2026-02-13 18:32:49,395 - SwarmManager - ERROR - Drone 3 heartbeat timeout
2026-02-13 18:32:49,395 - SwarmManager - ERROR - Handling failure of drone 3: Heartbeat timeout
2026-02-13 18:32:49,396 - SwarmManager - ERROR - Drone 4 heartbeat timeout
2026-02-13 18:32:49,396 - SwarmManager - ERROR - Handling failure of drone 4: Heartbeat timeout
2026-02-13 18:32:49,397 - SwarmManager - ERROR - Drone 1 crashed
2026-02-13 18:32:49,397 - SwarmManager - ERROR - Handling failure of drone 1: Crashed
2026-02-13 18:32:49,398 - SwarmManager - ERROR - Drone 3 crashed
2026-02-13 18:32:49,398 - SwarmManager - ERROR - Handling failure of drone 3: Crashed
2026-02-13 18:32:49,398 - SwarmManager - ERROR - Drone 4 crashed
2026-02-13 18:32:49,399 - SwarmManager - ERROR - Handling failure of drone 4: Crashed
2026-02-13 18:32:50,399 - SwarmManager - ERROR - Drone 1 heartbeat timeout
2026-02-13 18:32:50,400 - SwarmManager - ERROR - Handling failure of drone 1: Heartbeat timeout
2026-02-13 18:32:50,401 - SwarmManager - ERROR - Drone 3 heartbeat timeout
2026-02-13 18:32:50,402 - SwarmManager - ERROR - Handling failure of drone 3: Heartbeat timeout
2026-02-13 18:32:50,403 - SwarmManager - ERROR - Drone 4 heartbeat timeout
2026-02-13 18:32:50,404 - SwarmManager - ERROR - Handling failure of drone 4: Heartbeat timeout
2026-02-13 18:32:50,405 - SwarmManager - ERROR - Drone 1 crashed
2026-02-13 18:32:50,405 - SwarmManager - ERROR - Handling failure of drone 1: Crashed
2026-02-13 18:32:50,405 - SwarmManager - ERROR - Drone 3 crashed
2026-02-13 18:32:50,406 - SwarmManager - ERROR - Handling failure of drone 3: Crashed
2026-02-13 18:32:50,407 - SwarmManager - ERROR - Drone 4 crashed
2026-02-13 18:32:50,407 - SwarmManager - ERROR - Handling failure of drone 4: Crashed
2026-02-13 18:32:50,758 - PhysicalMLTrainer_Drone2 - INFO - Physical ML model trained drone=2 samples=2301 degree=2 alpha=0.0 val_mse=0.000001
2026-02-13 18:32:50,758 - PhysicalMLTrainer_Drone5 - INFO - Physical ML model trained drone=5 samples=2301 degree=2 alpha=0.0 val_mse=0.000724
2026-02-13 18:32:51,409 - SwarmManager - ERROR - Drone 1 heartbeat timeout
2026-02-13 18:32:51,410 - SwarmManager - ERROR - Handling failure of drone 1: Heartbeat timeout
2026-02-13 18:32:51,410 - SwarmManager - ERROR - Drone 3 heartbeat timeout
2026-02-13 18:32:51,411 - SwarmManager - ERROR - Handling failure of drone 3: Heartbeat timeout
2026-02-13 18:32:51,411 - SwarmManager - ERROR - Drone 4 heartbeat timeout
2026-02-13 18:32:51,412 - SwarmManager - ERROR - Handling failure of drone 4: Heartbeat timeout
2026-02-13 18:32:51,412 - SwarmManager - ERROR - Drone 1 crashed
2026-02-13 18:32:51,412 - SwarmManager - ERROR - Handling failure of drone 1: Crashed
2026-02-13 18:32:51,413 - SwarmManager - ERROR - Drone 3 crashed
2026-02-13 18:32:51,413 - SwarmManager - ERROR - Handling failure of drone 3: Crashed
2026-02-13 18:32:51,413 - SwarmManager - ERROR - Drone 4 crashed
2026-02-13 18:32:51,413 - SwarmManager - ERROR - Handling failure of drone 4: Crashed
2026-02-13 18:32:52,414 - SwarmManager - ERROR - Drone 1 heartbeat timeout
2026-02-13 18:32:52,415 - SwarmManager - ERROR - Handling failure of drone 1: Heartbeat timeout
2026-02-13 18:32:52,415 - SwarmManager - ERROR - Drone 3 heartbeat timeout
2026-02-13 18:32:52,416 - SwarmManager - ERROR - Handling failure of drone 3: Heartbeat timeout
2026-02-13 18:32:52,416 - SwarmManager - ERROR - Drone 4 heartbeat timeout
2026-02-13 18:32:52,416 - SwarmManager - ERROR - Handling failure of drone 4: Heartbeat timeout
2026-02-13 18:32:52,417 - SwarmManager - ERROR - Drone 1 crashed
2026-02-13 18:32:52,417 - SwarmManager - ERROR - Handling failure of drone 1: Crashed
2026-02-13 18:32:52,417 - SwarmManager - ERROR - Drone 3 crashed
2026-02-13 18:32:52,418 - SwarmManager - ERROR - Handling failure of drone 3: Crashed
2026-02-13 18:32:52,418 - SwarmManager - ERROR - Drone 4 crashed
2026-02-13 18:32:52,419 - SwarmManager - ERROR - Handling failure of drone 4: Crashed
2026-02-13 18:32:53,420 - SwarmManager - ERROR - Drone 1 heartbeat timeout
2026-02-13 18:32:53,420 - SwarmManager - ERROR - Handling failure of drone 1: Heartbeat timeout
2026-02-13 18:32:53,420 - SwarmManager - ERROR - Drone 3 heartbeat timeout
2026-02-13 18:32:53,421 - SwarmManager - ERROR - Handling failure of drone 3: Heartbeat timeout
2026-02-13 18:32:53,421 - SwarmManager - ERROR - Drone 4 heartbeat timeout
2026-02-13 18:32:53,421 - SwarmManager - ERROR - Handling failure of drone 4: Heartbeat timeout
2026-02-13 18:32:53,421 - SwarmManager - ERROR - Drone 1 crashed
2026-02-13 18:32:53,422 - SwarmManager - ERROR - Handling failure of drone 1: Crashed
2026-02-13 18:32:53,422 - SwarmManager - ERROR - Drone 3 crashed
2026-02-13 18:32:53,422 - SwarmManager - ERROR - Handling failure of drone 3: Crashed
2026-02-13 18:32:53,422 - SwarmManager - ERROR - Drone 4 crashed
2026-02-13 18:32:53,423 - SwarmManager - ERROR - Handling failure of drone 4: Crashed
2026-02-13 18:32:54,423 - SwarmManager - ERROR - Drone 1 heartbeat timeout
2026-02-13 18:32:54,424 - SwarmManager - ERROR - Handling failure of drone 1: Heartbeat timeout
2026-02-13 18:32:54,424 - SwarmManager - ERROR - Drone 3 heartbeat timeout
2026-02-13 18:32:54,424 - SwarmManager - ERROR - Handling failure of drone 3: Heartbeat timeout
2026-02-13 18:32:54,424 - SwarmManager - ERROR - Drone 4 heartbeat timeout
2026-02-13 18:32:54,425 - SwarmManager - ERROR - Handling failure of drone 4: Heartbeat timeout
2026-02-13 18:32:54,425 - SwarmManager - ERROR - Drone 1 crashed
2026-02-13 18:32:54,425 - SwarmManager - ERROR - Handling failure of drone 1: Crashed
2026-02-13 18:32:54,425 - SwarmManager - ERROR - Drone 3 crashed
2026-02-13 18:32:54,425 - SwarmManager - ERROR - Handling failure of drone 3: Crashed
2026-02-13 18:32:54,425 - SwarmManager - ERROR - Drone 4 crashed
2026-02-13 18:32:54,426 - SwarmManager - ERROR - Handling failure of drone 4: Crashed
2026-02-13 18:32:55,426 - SwarmManager - ERROR - Drone 1 heartbeat timeout
2026-02-13 18:32:55,427 - SwarmManager - ERROR - Handling failure of drone 1: Heartbeat timeout
2026-02-13 18:32:55,428 - SwarmManager - ERROR - Drone 3 heartbeat timeout
2026-02-13 18:32:55,428 - SwarmManager - ERROR - Handling failure of drone 3: Heartbeat timeout
2026-02-13 18:32:55,429 - SwarmManager - ERROR - Drone 4 heartbeat timeout
2026-02-13 18:32:55,429 - SwarmManager - ERROR - Handling failure of drone 4: Heartbeat timeout
2026-02-13 18:32:55,429 - SwarmManager - ERROR - Drone 1 crashed
2026-02-13 18:32:55,430 - SwarmManager - ERROR - Handling failure of drone 1: Crashed
2026-02-13 18:32:55,430 - SwarmManager - ERROR - Drone 3 crashed
2026-02-13 18:32:55,430 - SwarmManager - ERROR - Handling failure of drone 3: Crashed
2026-02-13 18:32:55,430 - SwarmManager - ERROR - Drone 4 crashed
2026-02-13 18:32:55,431 - SwarmManager - ERROR - Handling failure of drone 4: Crashed
2026-02-13 18:32:56,431 - SwarmManager - ERROR - Drone 1 heartbeat timeout
2026-02-13 18:32:56,432 - SwarmManager - ERROR - Handling failure of drone 1: Heartbeat timeout
2026-02-13 18:32:56,433 - SwarmManager - ERROR - Drone 3 heartbeat timeout
2026-02-13 18:32:56,434 - SwarmManager - ERROR - Handling failure of drone 3: Heartbeat timeout
2026-02-13 18:32:56,434 - SwarmManager - ERROR - Drone 4 heartbeat timeout
2026-02-13 18:32:56,435 - SwarmManager - ERROR - Handling failure of drone 4: Heartbeat timeout
2026-02-13 18:32:56,436 - SwarmManager - ERROR - Drone 1 crashed
2026-02-13 18:32:56,437 - SwarmManager - ERROR - Handling failure of drone 1: Crashed
2026-02-13 18:32:56,437 - SwarmManager - ERROR - Drone 3 crashed
2026-02-13 18:32:56,437 - SwarmManager - ERROR - Handling failure of drone 3: Crashed
2026-02-13 18:32:56,438 - SwarmManager - ERROR - Drone 4 crashed
2026-02-13 18:32:56,438 - SwarmManager - ERROR - Handling failure of drone 4: Crashed
2026-02-13 18:32:57,441 - SwarmManager - ERROR - Drone 1 heartbeat timeout
2026-02-13 18:32:57,441 - SwarmManager - ERROR - Handling failure of drone 1: Heartbeat timeout
2026-02-13 18:32:57,442 - SwarmManager - ERROR - Drone 3 heartbeat timeout
2026-02-13 18:32:57,442 - SwarmManager - ERROR - Handling failure of drone 3: Heartbeat timeout
2026-02-13 18:32:57,442 - SwarmManager - ERROR - Drone 4 heartbeat timeout
2026-02-13 18:32:57,442 - SwarmManager - ERROR - Handling failure of drone 4: Heartbeat timeout
2026-02-13 18:32:57,442 - SwarmManager - ERROR - Drone 1 crashed
2026-02-13 18:32:57,442 - SwarmManager - ERROR - Handling failure of drone 1: Crashed
2026-02-13 18:32:57,443 - SwarmManager - ERROR - Drone 3 crashed
2026-02-13 18:32:57,443 - SwarmManager - ERROR - Handling failure of drone 3: Crashed
2026-02-13 18:32:57,443 - SwarmManager - ERROR - Drone 4 crashed
2026-02-13 18:32:57,443 - SwarmManager - ERROR - Handling failure of drone 4: Crashed
2026-02-13 18:32:58,444 - SwarmManager - ERROR - Drone 1 heartbeat timeout
2026-02-13 18:32:58,444 - SwarmManager - ERROR - Handling failure of drone 1: Heartbeat timeout
2026-02-13 18:32:58,444 - SwarmManager - ERROR - Drone 3 heartbeat timeout
2026-02-13 18:32:58,445 - SwarmManager - ERROR - Handling failure of drone 3: Heartbeat timeout
2026-02-13 18:32:58,445 - SwarmManager - ERROR - Drone 4 heartbeat timeout
2026-02-13 18:32:58,445 - SwarmManager - ERROR - Handling failure of drone 4: Heartbeat timeout
2026-02-13 18:32:58,445 - SwarmManager - ERROR - Drone 1 crashed
2026-02-13 18:32:58,445 - SwarmManager - ERROR - Handling failure of drone 1: Crashed
2026-02-13 18:32:58,445 - SwarmManager - ERROR - Drone 3 crashed
2026-02-13 18:32:58,446 - SwarmManager - ERROR - Handling failure of drone 3: Crashed
2026-02-13 18:32:58,446 - SwarmManager - ERROR - Drone 4 crashed
2026-02-13 18:32:58,446 - SwarmManager - ERROR - Handling failure of drone 4: Crashed
2026-02-13 18:32:59,447 - SwarmManager - ERROR - Drone 1 heartbeat timeout
2026-02-13 18:32:59,447 - SwarmManager - ERROR - Handling failure of drone 1: Heartbeat timeout
2026-02-13 18:32:59,448 - SwarmManager - ERROR - Drone 3 heartbeat timeout
2026-02-13 18:32:59,448 - SwarmManager - ERROR - Handling failure of drone 3: Heartbeat timeout
2026-02-13 18:32:59,448 - SwarmManager - ERROR - Drone 4 heartbeat timeout
2026-02-13 18:32:59,448 - SwarmManager - ERROR - Handling failure of drone 4: Heartbeat timeout
2026-02-13 18:32:59,448 - SwarmManager - ERROR - Drone 1 crashed
2026-02-13 18:32:59,449 - SwarmManager - ERROR - Handling failure of drone 1: Crashed
2026-02-13 18:32:59,449 - SwarmManager - ERROR - Drone 3 crashed
2026-02-13 18:32:59,449 - SwarmManager - ERROR - Handling failure of drone 3: Crashed
2026-02-13 18:32:59,449 - SwarmManager - ERROR - Drone 4 crashed
2026-02-13 18:32:59,449 - SwarmManager - ERROR - Handling failure of drone 4: Crashed
2026-02-13 18:33:00,450 - SwarmManager - ERROR - Drone 1 heartbeat timeout
2026-02-13 18:33:00,450 - SwarmManager - ERROR - Handling failure of drone 1: Heartbeat timeout
2026-02-13 18:33:00,451 - SwarmManager - ERROR - Drone 3 heartbeat timeout
2026-02-13 18:33:00,451 - SwarmManager - ERROR - Handling failure of drone 3: Heartbeat timeout
2026-02-13 18:33:00,451 - SwarmManager - ERROR - Drone 4 heartbeat timeout
2026-02-13 18:33:00,451 - SwarmManager - ERROR - Handling failure of drone 4: Heartbeat timeout
2026-02-13 18:33:00,451 - SwarmManager - ERROR - Drone 1 crashed
2026-02-13 18:33:00,451 - SwarmManager - ERROR - Handling failure of drone 1: Crashed
2026-02-13 18:33:00,452 - SwarmManager - ERROR - Drone 3 crashed
2026-02-13 18:33:00,452 - SwarmManager - ERROR - Handling failure of drone 3: Crashed
2026-02-13 18:33:00,452 - SwarmManager - ERROR - Drone 4 crashed
2026-02-13 18:33:00,452 - SwarmManager - ERROR - Handling failure of drone 4: Crashed
2026-02-13 18:33:01,452 - SwarmManager - ERROR - Drone 1 heartbeat timeout
2026-02-13 18:33:01,453 - SwarmManager - ERROR - Handling failure of drone 1: Heartbeat timeout
2026-02-13 18:33:01,453 - SwarmManager - ERROR - Drone 3 heartbeat timeout
2026-02-13 18:33:01,453 - SwarmManager - ERROR - Handling failure of drone 3: Heartbeat timeout
2026-02-13 18:33:01,453 - SwarmManager - ERROR - Drone 4 heartbeat timeout
2026-02-13 18:33:01,454 - SwarmManager - ERROR - Handling failure of drone 4: Heartbeat timeout
2026-02-13 18:33:01,454 - SwarmManager - ERROR - Drone 1 crashed
2026-02-13 18:33:01,454 - SwarmManager - ERROR - Handling failure of drone 1: Crashed
2026-02-13 18:33:01,454 - SwarmManager - ERROR - Drone 3 crashed
2026-02-13 18:33:01,455 - SwarmManager - ERROR - Handling failure of drone 3: Crashed
2026-02-13 18:33:01,455 - SwarmManager - ERROR - Drone 4 crashed
2026-02-13 18:33:01,455 - SwarmManager - ERROR - Handling failure of drone 4: Crashed
2026-02-13 18:33:02,456 - SwarmManager - ERROR - Drone 1 heartbeat timeout
2026-02-13 18:33:02,457 - SwarmManager - ERROR - Handling failure of drone 1: Heartbeat timeout
2026-02-13 18:33:02,458 - SwarmManager - ERROR - Drone 3 heartbeat timeout
2026-02-13 18:33:02,458 - SwarmManager - ERROR - Handling failure of drone 3: Heartbeat timeout
2026-02-13 18:33:02,459 - SwarmManager - ERROR - Drone 4 heartbeat timeout
2026-02-13 18:33:02,460 - SwarmManager - ERROR - Handling failure of drone 4: Heartbeat timeout
2026-02-13 18:33:02,460 - SwarmManager - ERROR - Drone 1 crashed
2026-02-13 18:33:02,460 - SwarmManager - ERROR - Handling failure of drone 1: Crashed
2026-02-13 18:33:02,461 - SwarmManager - ERROR - Drone 3 crashed
2026-02-13 18:33:02,461 - SwarmManager - ERROR - Handling failure of drone 3: Crashed
2026-02-13 18:33:02,461 - SwarmManager - ERROR - Drone 4 crashed
2026-02-13 18:33:02,461 - SwarmManager - ERROR - Handling failure of drone 4: Crashed
2026-02-13 18:33:03,463 - SwarmManager - ERROR - Drone 1 heartbeat timeout
2026-02-13 18:33:03,464 - SwarmManager - ERROR - Handling failure of drone 1: Heartbeat timeout
2026-02-13 18:33:03,464 - SwarmManager - ERROR - Drone 3 heartbeat timeout
2026-02-13 18:33:03,465 - SwarmManager - ERROR - Handling failure of drone 3: Heartbeat timeout
2026-02-13 18:33:03,465 - SwarmManager - ERROR - Drone 4 heartbeat timeout
2026-02-13 18:33:03,466 - SwarmManager - ERROR - Handling failure of drone 4: Heartbeat timeout
2026-02-13 18:33:03,466 - SwarmManager - ERROR - Drone 1 crashed
2026-02-13 18:33:03,466 - SwarmManager - ERROR - Handling failure of drone 1: Crashed
2026-02-13 18:33:03,467 - SwarmManager - ERROR - Drone 3 crashed
2026-02-13 18:33:03,467 - SwarmManager - ERROR - Handling failure of drone 3: Crashed
2026-02-13 18:33:03,467 - SwarmManager - ERROR - Drone 4 crashed
2026-02-13 18:33:03,468 - SwarmManager - ERROR - Handling failure of drone 4: Crashed
2026-02-13 18:33:04,468 - SwarmManager - ERROR - Drone 1 heartbeat timeout
2026-02-13 18:33:04,468 - SwarmManager - ERROR - Handling failure of drone 1: Heartbeat timeout
2026-02-13 18:33:04,469 - SwarmManager - ERROR - Drone 3 heartbeat timeout
2026-02-13 18:33:04,469 - SwarmManager - ERROR - Handling failure of drone 3: Heartbeat timeout
2026-02-13 18:33:04,469 - SwarmManager - ERROR - Drone 4 heartbeat timeout
2026-02-13 18:33:04,470 - SwarmManager - ERROR - Handling failure of drone 4: Heartbeat timeout
2026-02-13 18:33:04,470 - SwarmManager - ERROR - Drone 1 crashed
2026-02-13 18:33:04,470 - SwarmManager - ERROR - Handling failure of drone 1: Crashed
2026-02-13 18:33:04,471 - SwarmManager - ERROR - Drone 3 crashed
2026-02-13 18:33:04,471 - SwarmManager - ERROR - Handling failure of drone 3: Crashed
2026-02-13 18:33:04,471 - SwarmManager - ERROR - Drone 4 crashed
2026-02-13 18:33:04,471 - SwarmManager - ERROR - Handling failure of drone 4: Crashed
2026-02-13 18:33:05,472 - SwarmManager - ERROR - Drone 1 heartbeat timeout
2026-02-13 18:33:05,473 - SwarmManager - ERROR - Handling failure of drone 1: Heartbeat timeout
2026-02-13 18:33:05,473 - SwarmManager - ERROR - Drone 3 heartbeat timeout
2026-02-13 18:33:05,474 - SwarmManager - ERROR - Handling failure of drone 3: Heartbeat timeout
2026-02-13 18:33:05,474 - SwarmManager - ERROR - Drone 4 heartbeat timeout
2026-02-13 18:33:05,475 - SwarmManager - ERROR - Handling failure of drone 4: Heartbeat timeout
2026-02-13 18:33:05,475 - SwarmManager - ERROR - Drone 1 crashed
2026-02-13 18:33:05,475 - SwarmManager - ERROR - Handling failure of drone 1: Crashed
2026-02-13 18:33:05,475 - SwarmManager - ERROR - Drone 3 crashed
2026-02-13 18:33:05,476 - SwarmManager - ERROR - Handling failure of drone 3: Crashed
2026-02-13 18:33:05,476 - SwarmManager - ERROR - Drone 4 crashed
2026-02-13 18:33:05,476 - SwarmManager - ERROR - Handling failure of drone 4: Crashed
2026-02-13 18:33:05,523 - Drone_5 - ERROR - Drone 5: Motor 0 failed!
2026-02-13 18:33:06,477 - SwarmManager - ERROR - Drone 1 heartbeat timeout
2026-02-13 18:33:06,478 - SwarmManager - ERROR - Handling failure of drone 1: Heartbeat timeout
2026-02-13 18:33:06,478 - SwarmManager - ERROR - Drone 3 heartbeat timeout
2026-02-13 18:33:06,479 - SwarmManager - ERROR - Handling failure of drone 3: Heartbeat timeout
2026-02-13 18:33:06,479 - SwarmManager - ERROR - Drone 4 heartbeat timeout
2026-02-13 18:33:06,479 - SwarmManager - ERROR - Handling failure of drone 4: Heartbeat timeout
2026-02-13 18:33:06,480 - SwarmManager - ERROR - Drone 1 crashed
2026-02-13 18:33:06,480 - SwarmManager - ERROR - Handling failure of drone 1: Crashed
2026-02-13 18:33:06,480 - SwarmManager - ERROR - Drone 3 crashed
2026-02-13 18:33:06,481 - SwarmManager - ERROR - Handling failure of drone 3: Crashed
2026-02-13 18:33:06,481 - SwarmManager - ERROR - Drone 4 crashed
2026-02-13 18:33:06,482 - SwarmManager - ERROR - Handling failure of drone 4: Crashed
2026-02-13 18:33:07,483 - SwarmManager - ERROR - Drone 1 heartbeat timeout
2026-02-13 18:33:07,483 - SwarmManager - ERROR - Handling failure of drone 1: Heartbeat timeout
2026-02-13 18:33:07,484 - SwarmManager - ERROR - Drone 3 heartbeat timeout
2026-02-13 18:33:07,484 - SwarmManager - ERROR - Handling failure of drone 3: Heartbeat timeout
2026-02-13 18:33:07,484 - SwarmManager - ERROR - Drone 4 heartbeat timeout
2026-02-13 18:33:07,484 - SwarmManager - ERROR - Handling failure of drone 4: Heartbeat timeout
2026-02-13 18:33:07,485 - SwarmManager - ERROR - Drone 1 crashed
2026-02-13 18:33:07,485 - SwarmManager - ERROR - Handling failure of drone 1: Crashed
2026-02-13 18:33:07,485 - SwarmManager - ERROR - Drone 3 crashed
2026-02-13 18:33:07,485 - SwarmManager - ERROR - Handling failure of drone 3: Crashed
2026-02-13 18:33:07,485 - SwarmManager - ERROR - Drone 4 crashed
2026-02-13 18:33:07,486 - SwarmManager - ERROR - Handling failure of drone 4: Crashed
2026-02-13 18:33:08,486 - SwarmManager - ERROR - Drone 1 heartbeat timeout
2026-02-13 18:33:08,487 - SwarmManager - ERROR - Handling failure of drone 1: Heartbeat timeout
2026-02-13 18:33:08,488 - SwarmManager - ERROR - Drone 3 heartbeat timeout
2026-02-13 18:33:08,489 - SwarmManager - ERROR - Handling failure of drone 3: Heartbeat timeout
2026-02-13 18:33:08,489 - SwarmManager - ERROR - Drone 4 heartbeat timeout
2026-02-13 18:33:08,490 - SwarmManager - ERROR - Handling failure of drone 4: Heartbeat timeout
2026-02-13 18:33:08,490 - SwarmManager - ERROR - Drone 1 crashed
2026-02-13 18:33:08,491 - SwarmManager - ERROR - Handling failure of drone 1: Crashed
2026-02-13 18:33:08,492 - SwarmManager - ERROR - Drone 3 crashed
2026-02-13 18:33:08,492 - SwarmManager - ERROR - Handling failure of drone 3: Crashed
2026-02-13 18:33:08,492 - SwarmManager - ERROR - Drone 4 crashed
2026-02-13 18:33:08,492 - SwarmManager - ERROR - Handling failure of drone 4: Crashed
2026-02-13 18:33:09,493 - SwarmManager - ERROR - Drone 1 heartbeat timeout
2026-02-13 18:33:09,494 - SwarmManager - ERROR - Handling failure of drone 1: Heartbeat timeout
2026-02-13 18:33:09,494 - SwarmManager - ERROR - Drone 3 heartbeat timeout
2026-02-13 18:33:09,494 - SwarmManager - ERROR - Handling failure of drone 3: Heartbeat timeout
2026-02-13 18:33:09,495 - SwarmManager - ERROR - Drone 4 heartbeat timeout
2026-02-13 18:33:09,495 - SwarmManager - ERROR - Handling failure of drone 4: Heartbeat timeout
2026-02-13 18:33:09,495 - SwarmManager - ERROR - Drone 1 crashed
2026-02-13 18:33:09,495 - SwarmManager - ERROR - Handling failure of drone 1: Crashed
2026-02-13 18:33:09,496 - SwarmManager - ERROR - Drone 3 crashed
2026-02-13 18:33:09,496 - SwarmManager - ERROR - Handling failure of drone 3: Crashed
2026-02-13 18:33:09,496 - SwarmManager - ERROR - Drone 4 crashed
2026-02-13 18:33:09,496 - SwarmManager - ERROR - Handling failure of drone 4: Crashed
2026-02-13 18:33:10,497 - SwarmManager - ERROR - Drone 1 heartbeat timeout
2026-02-13 18:33:10,497 - SwarmManager - ERROR - Handling failure of drone 1: Heartbeat timeout
2026-02-13 18:33:10,497 - SwarmManager - ERROR - Drone 3 heartbeat timeout
2026-02-13 18:33:10,497 - SwarmManager - ERROR - Handling failure of drone 3: Heartbeat timeout
2026-02-13 18:33:10,498 - SwarmManager - ERROR - Drone 4 heartbeat timeout
2026-02-13 18:33:10,498 - SwarmManager - ERROR - Handling failure of drone 4: Heartbeat timeout
2026-02-13 18:33:10,501 - SwarmManager - ERROR - Drone 1 crashed
2026-02-13 18:33:10,501 - SwarmManager - ERROR - Handling failure of drone 1: Crashed
2026-02-13 18:33:10,502 - SwarmManager - ERROR - Drone 3 crashed
2026-02-13 18:33:10,502 - SwarmManager - ERROR - Handling failure of drone 3: Crashed
2026-02-13 18:33:10,503 - SwarmManager - ERROR - Drone 4 crashed
2026-02-13 18:33:10,504 - SwarmManager - ERROR - Handling failure of drone 4: Crashed
2026-02-13 18:33:10,868 - PhysicalMLTrainer_Drone2 - INFO - Physical ML model trained drone=2 samples=2501 degree=2 alpha=0.0 val_mse=0.000001
2026-02-13 18:33:10,879 - PhysicalMLTrainer_Drone5 - INFO - Physical ML model trained drone=5 samples=2501 degree=2 alpha=0.0 val_mse=0.000891
2026-02-13 18:33:11,504 - SwarmManager - ERROR - Drone 1 heartbeat timeout
2026-02-13 18:33:11,505 - SwarmManager - ERROR - Handling failure of drone 1: Heartbeat timeout
2026-02-13 18:33:11,505 - SwarmManager - ERROR - Drone 3 heartbeat timeout
2026-02-13 18:33:11,505 - SwarmManager - ERROR - Handling failure of drone 3: Heartbeat timeout
2026-02-13 18:33:11,505 - SwarmManager - ERROR - Drone 4 heartbeat timeout
2026-02-13 18:33:11,506 - SwarmManager - ERROR - Handling failure of drone 4: Heartbeat timeout
2026-02-13 18:33:11,506 - SwarmManager - ERROR - Drone 1 crashed
2026-02-13 18:33:11,506 - SwarmManager - ERROR - Handling failure of drone 1: Crashed
2026-02-13 18:33:11,506 - SwarmManager - ERROR - Drone 3 crashed
2026-02-13 18:33:11,506 - SwarmManager - ERROR - Handling failure of drone 3: Crashed
2026-02-13 18:33:11,506 - SwarmManager - ERROR - Drone 4 crashed
2026-02-13 18:33:11,506 - SwarmManager - ERROR - Handling failure of drone 4: Crashed
2026-02-13 18:33:12,507 - SwarmManager - ERROR - Drone 1 heartbeat timeout
2026-02-13 18:33:12,507 - SwarmManager - ERROR - Handling failure of drone 1: Heartbeat timeout
2026-02-13 18:33:12,507 - SwarmManager - ERROR - Drone 3 heartbeat timeout
2026-02-13 18:33:12,508 - SwarmManager - ERROR - Handling failure of drone 3: Heartbeat timeout
2026-02-13 18:33:12,508 - SwarmManager - ERROR - Drone 4 heartbeat timeout
2026-02-13 18:33:12,508 - SwarmManager - ERROR - Handling failure of drone 4: Heartbeat timeout
2026-02-13 18:33:12,508 - SwarmManager - ERROR - Drone 1 crashed
2026-02-13 18:33:12,509 - SwarmManager - ERROR - Handling failure of drone 1: Crashed
2026-02-13 18:33:12,509 - SwarmManager - ERROR - Drone 3 crashed
2026-02-13 18:33:12,509 - SwarmManager - ERROR - Handling failure of drone 3: Crashed
2026-02-13 18:33:12,510 - SwarmManager - ERROR - Drone 4 crashed
2026-02-13 18:33:12,510 - SwarmManager - ERROR - Handling failure of drone 4: Crashed
2026-02-13 18:33:13,511 - SwarmManager - ERROR - Drone 1 heartbeat timeout
2026-02-13 18:33:13,512 - SwarmManager - ERROR - Handling failure of drone 1: Heartbeat timeout
2026-02-13 18:33:13,513 - SwarmManager - ERROR - Drone 3 heartbeat timeout
2026-02-13 18:33:13,514 - SwarmManager - ERROR - Handling failure of drone 3: Heartbeat timeout
2026-02-13 18:33:13,515 - SwarmManager - ERROR - Drone 4 heartbeat timeout
2026-02-13 18:33:13,515 - SwarmManager - ERROR - Handling failure of drone 4: Heartbeat timeout
2026-02-13 18:33:13,516 - SwarmManager - ERROR - Drone 1 crashed
2026-02-13 18:33:13,516 - SwarmManager - ERROR - Handling failure of drone 1: Crashed
2026-02-13 18:33:13,517 - SwarmManager - ERROR - Drone 3 crashed
2026-02-13 18:33:13,517 - SwarmManager - ERROR - Handling failure of drone 3: Crashed
2026-02-13 18:33:13,518 - SwarmManager - ERROR - Drone 4 crashed
2026-02-13 18:33:13,518 - SwarmManager - ERROR - Handling failure of drone 4: Crashed
2026-02-13 18:33:14,519 - SwarmManager - ERROR - Drone 1 heartbeat timeout
2026-02-13 18:33:14,519 - SwarmManager - ERROR - Handling failure of drone 1: Heartbeat timeout
2026-02-13 18:33:14,520 - SwarmManager - ERROR - Drone 3 heartbeat timeout
2026-02-13 18:33:14,520 - SwarmManager - ERROR - Handling failure of drone 3: Heartbeat timeout
2026-02-13 18:33:14,520 - SwarmManager - ERROR - Drone 4 heartbeat timeout
2026-02-13 18:33:14,521 - SwarmManager - ERROR - Handling failure of drone 4: Heartbeat timeout
2026-02-13 18:33:14,521 - SwarmManager - ERROR - Drone 1 crashed
2026-02-13 18:33:14,521 - SwarmManager - ERROR - Handling failure of drone 1: Crashed
2026-02-13 18:33:14,521 - SwarmManager - ERROR - Drone 3 crashed
2026-02-13 18:33:14,522 - SwarmManager - ERROR - Handling failure of drone 3: Crashed
2026-02-13 18:33:14,522 - SwarmManager - ERROR - Drone 4 crashed
2026-02-13 18:33:14,522 - SwarmManager - ERROR - Handling failure of drone 4: Crashed
2026-02-13 18:33:15,523 - SwarmManager - ERROR - Drone 1 heartbeat timeout
2026-02-13 18:33:15,524 - SwarmManager - ERROR - Handling failure of drone 1: Heartbeat timeout
2026-02-13 18:33:15,525 - SwarmManager - ERROR - Drone 3 heartbeat timeout
2026-02-13 18:33:15,525 - SwarmManager - ERROR - Handling failure of drone 3: Heartbeat timeout
2026-02-13 18:33:15,526 - SwarmManager - ERROR - Drone 4 heartbeat timeout
2026-02-13 18:33:15,526 - SwarmManager - ERROR - Handling failure of drone 4: Heartbeat timeout
2026-02-13 18:33:15,527 - SwarmManager - ERROR - Drone 1 crashed
2026-02-13 18:33:15,527 - SwarmManager - ERROR - Handling failure of drone 1: Crashed
2026-02-13 18:33:15,527 - SwarmManager - ERROR - Drone 3 crashed
2026-02-13 18:33:15,527 - SwarmManager - ERROR - Handling failure of drone 3: Crashed
2026-02-13 18:33:15,528 - SwarmManager - ERROR - Drone 4 crashed
2026-02-13 18:33:15,528 - SwarmManager - ERROR - Handling failure of drone 4: Crashed
2026-02-13 18:33:16,528 - SwarmManager - ERROR - Drone 1 heartbeat timeout
2026-02-13 18:33:16,529 - SwarmManager - ERROR - Handling failure of drone 1: Heartbeat timeout
2026-02-13 18:33:16,529 - SwarmManager - ERROR - Drone 3 heartbeat timeout
2026-02-13 18:33:16,529 - SwarmManager - ERROR - Handling failure of drone 3: Heartbeat timeout
2026-02-13 18:33:16,529 - SwarmManager - ERROR - Drone 4 heartbeat timeout
2026-02-13 18:33:16,529 - SwarmManager - ERROR - Handling failure of drone 4: Heartbeat timeout
2026-02-13 18:33:16,530 - SwarmManager - ERROR - Drone 1 crashed
2026-02-13 18:33:16,530 - SwarmManager - ERROR - Handling failure of drone 1: Crashed
2026-02-13 18:33:16,530 - SwarmManager - ERROR - Drone 3 crashed
2026-02-13 18:33:16,530 - SwarmManager - ERROR - Handling failure of drone 3: Crashed
2026-02-13 18:33:16,530 - SwarmManager - ERROR - Drone 4 crashed
2026-02-13 18:33:16,531 - SwarmManager - ERROR - Handling failure of drone 4: Crashed
2026-02-13 18:33:17,531 - SwarmManager - ERROR - Drone 1 heartbeat timeout
2026-02-13 18:33:17,531 - SwarmManager - ERROR - Handling failure of drone 1: Heartbeat timeout
2026-02-13 18:33:17,532 - SwarmManager - ERROR - Drone 3 heartbeat timeout
2026-02-13 18:33:17,532 - SwarmManager - ERROR - Handling failure of drone 3: Heartbeat timeout
2026-02-13 18:33:17,532 - SwarmManager - ERROR - Drone 4 heartbeat timeout
2026-02-13 18:33:17,532 - SwarmManager - ERROR - Handling failure of drone 4: Heartbeat timeout
2026-02-13 18:33:17,533 - SwarmManager - ERROR - Drone 1 crashed
2026-02-13 18:33:17,533 - SwarmManager - ERROR - Handling failure of drone 1: Crashed
2026-02-13 18:33:17,533 - SwarmManager - ERROR - Drone 3 crashed
2026-02-13 18:33:17,533 - SwarmManager - ERROR - Handling failure of drone 3: Crashed
2026-02-13 18:33:17,533 - SwarmManager - ERROR - Drone 4 crashed
2026-02-13 18:33:17,534 - SwarmManager - ERROR - Handling failure of drone 4: Crashed
2026-02-13 18:33:18,534 - SwarmManager - ERROR - Drone 1 heartbeat timeout
2026-02-13 18:33:18,535 - SwarmManager - ERROR - Handling failure of drone 1: Heartbeat timeout
2026-02-13 18:33:18,536 - SwarmManager - ERROR - Drone 3 heartbeat timeout
2026-02-13 18:33:18,536 - SwarmManager - ERROR - Handling failure of drone 3: Heartbeat timeout
2026-02-13 18:33:18,537 - SwarmManager - ERROR - Drone 4 heartbeat timeout
2026-02-13 18:33:18,537 - SwarmManager - ERROR - Handling failure of drone 4: Heartbeat timeout
2026-02-13 18:33:18,538 - SwarmManager - ERROR - Drone 1 crashed
2026-02-13 18:33:18,538 - SwarmManager - ERROR - Handling failure of drone 1: Crashed
2026-02-13 18:33:18,538 - SwarmManager - ERROR - Drone 3 crashed
2026-02-13 18:33:18,539 - SwarmManager - ERROR - Handling failure of drone 3: Crashed
2026-02-13 18:33:18,539 - SwarmManager - ERROR - Drone 4 crashed
2026-02-13 18:33:18,539 - SwarmManager - ERROR - Handling failure of drone 4: Crashed
2026-02-13 18:33:19,540 - SwarmManager - ERROR - Drone 1 heartbeat timeout
2026-02-13 18:33:19,541 - SwarmManager - ERROR - Handling failure of drone 1: Heartbeat timeout
2026-02-13 18:33:19,541 - SwarmManager - ERROR - Drone 3 heartbeat timeout
2026-02-13 18:33:19,542 - SwarmManager - ERROR - Handling failure of drone 3: Heartbeat timeout
2026-02-13 18:33:19,542 - SwarmManager - ERROR - Drone 4 heartbeat timeout
2026-02-13 18:33:19,542 - SwarmManager - ERROR - Handling failure of drone 4: Heartbeat timeout
2026-02-13 18:33:19,543 - SwarmManager - ERROR - Drone 1 crashed
2026-02-13 18:33:19,543 - SwarmManager - ERROR - Handling failure of drone 1: Crashed
2026-02-13 18:33:19,543 - SwarmManager - ERROR - Drone 3 crashed
2026-02-13 18:33:19,543 - SwarmManager - ERROR - Handling failure of drone 3: Crashed
2026-02-13 18:33:19,544 - SwarmManager - ERROR - Drone 4 crashed
2026-02-13 18:33:19,544 - SwarmManager - ERROR - Handling failure of drone 4: Crashed
2026-02-13 18:33:20,545 - SwarmManager - ERROR - Drone 1 heartbeat timeout
2026-02-13 18:33:20,545 - SwarmManager - ERROR - Handling failure of drone 1: Heartbeat timeout
2026-02-13 18:33:20,545 - SwarmManager - ERROR - Drone 3 heartbeat timeout
2026-02-13 18:33:20,545 - SwarmManager - ERROR - Handling failure of drone 3: Heartbeat timeout
2026-02-13 18:33:20,546 - SwarmManager - ERROR - Drone 4 heartbeat timeout
2026-02-13 18:33:20,546 - SwarmManager - ERROR - Handling failure of drone 4: Heartbeat timeout
2026-02-13 18:33:20,546 - SwarmManager - ERROR - Drone 1 crashed
2026-02-13 18:33:20,547 - SwarmManager - ERROR - Handling failure of drone 1: Crashed
2026-02-13 18:33:20,547 - SwarmManager - ERROR - Drone 3 crashed
2026-02-13 18:33:20,548 - SwarmManager - ERROR - Handling failure of drone 3: Crashed
2026-02-13 18:33:20,548 - SwarmManager - ERROR - Drone 4 crashed
2026-02-13 18:33:20,548 - SwarmManager - ERROR - Handling failure of drone 4: Crashed
2026-02-13 18:33:21,549 - SwarmManager - ERROR - Drone 1 heartbeat timeout
2026-02-13 18:33:21,549 - SwarmManager - ERROR - Handling failure of drone 1: Heartbeat timeout
2026-02-13 18:33:21,550 - SwarmManager - ERROR - Drone 3 heartbeat timeout
2026-02-13 18:33:21,550 - SwarmManager - ERROR - Handling failure of drone 3: Heartbeat timeout
2026-02-13 18:33:21,550 - SwarmManager - ERROR - Drone 4 heartbeat timeout
2026-02-13 18:33:21,551 - SwarmManager - ERROR - Handling failure of drone 4: Heartbeat timeout
2026-02-13 18:33:21,554 - SwarmManager - ERROR - Drone 1 crashed
2026-02-13 18:33:21,554 - SwarmManager - ERROR - Handling failure of drone 1: Crashed
2026-02-13 18:33:21,555 - SwarmManager - ERROR - Drone 3 crashed
2026-02-13 18:33:21,556 - SwarmManager - ERROR - Handling failure of drone 3: Crashed
2026-02-13 18:33:21,557 - SwarmManager - ERROR - Drone 4 crashed
2026-02-13 18:33:21,558 - SwarmManager - ERROR - Handling failure of drone 4: Crashed
2026-02-13 18:33:22,558 - SwarmManager - ERROR - Drone 1 heartbeat timeout
2026-02-13 18:33:22,558 - SwarmManager - ERROR - Handling failure of drone 1: Heartbeat timeout
2026-02-13 18:33:22,559 - SwarmManager - ERROR - Drone 3 heartbeat timeout
2026-02-13 18:33:22,559 - SwarmManager - ERROR - Handling failure of drone 3: Heartbeat timeout
2026-02-13 18:33:22,559 - SwarmManager - ERROR - Drone 4 heartbeat timeout
2026-02-13 18:33:22,559 - SwarmManager - ERROR - Handling failure of drone 4: Heartbeat timeout
2026-02-13 18:33:22,559 - SwarmManager - ERROR - Drone 1 crashed
2026-02-13 18:33:22,559 - SwarmManager - ERROR - Handling failure of drone 1: Crashed
2026-02-13 18:33:22,559 - SwarmManager - ERROR - Drone 3 crashed
2026-02-13 18:33:22,560 - SwarmManager - ERROR - Handling failure of drone 3: Crashed
2026-02-13 18:33:22,560 - SwarmManager - ERROR - Drone 4 crashed
2026-02-13 18:33:22,560 - SwarmManager - ERROR - Handling failure of drone 4: Crashed
2026-02-13 18:33:23,560 - SwarmManager - ERROR - Drone 1 heartbeat timeout
2026-02-13 18:33:23,561 - SwarmManager - ERROR - Handling failure of drone 1: Heartbeat timeout
2026-02-13 18:33:23,561 - SwarmManager - ERROR - Drone 3 heartbeat timeout
2026-02-13 18:33:23,562 - SwarmManager - ERROR - Handling failure of drone 3: Heartbeat timeout
2026-02-13 18:33:23,562 - SwarmManager - ERROR - Drone 4 heartbeat timeout
2026-02-13 18:33:23,562 - SwarmManager - ERROR - Handling failure of drone 4: Heartbeat timeout
2026-02-13 18:33:23,562 - SwarmManager - ERROR - Drone 1 crashed
2026-02-13 18:33:23,562 - SwarmManager - ERROR - Handling failure of drone 1: Crashed
2026-02-13 18:33:23,563 - SwarmManager - ERROR - Drone 3 crashed
2026-02-13 18:33:23,563 - SwarmManager - ERROR - Handling failure of drone 3: Crashed
2026-02-13 18:33:23,563 - SwarmManager - ERROR - Drone 4 crashed
2026-02-13 18:33:23,563 - SwarmManager - ERROR - Handling failure of drone 4: Crashed
2026-02-13 18:33:24,564 - SwarmManager - ERROR - Drone 1 heartbeat timeout
2026-02-13 18:33:24,564 - SwarmManager - ERROR - Handling failure of drone 1: Heartbeat timeout
2026-02-13 18:33:24,564 - SwarmManager - ERROR - Drone 3 heartbeat timeout
2026-02-13 18:33:24,565 - SwarmManager - ERROR - Handling failure of drone 3: Heartbeat timeout
2026-02-13 18:33:24,565 - SwarmManager - ERROR - Drone 4 heartbeat timeout
2026-02-13 18:33:24,565 - SwarmManager - ERROR - Handling failure of drone 4: Heartbeat timeout
2026-02-13 18:33:24,565 - SwarmManager - ERROR - Drone 1 crashed
2026-02-13 18:33:24,566 - SwarmManager - ERROR - Handling failure of drone 1: Crashed
2026-02-13 18:33:24,566 - SwarmManager - ERROR - Drone 3 crashed
2026-02-13 18:33:24,566 - SwarmManager - ERROR - Handling failure of drone 3: Crashed
2026-02-13 18:33:24,567 - SwarmManager - ERROR - Drone 4 crashed
2026-02-13 18:33:24,567 - SwarmManager - ERROR - Handling failure of drone 4: Crashed
2026-02-13 18:33:25,568 - SwarmManager - ERROR - Drone 1 heartbeat timeout
2026-02-13 18:33:25,568 - SwarmManager - ERROR - Handling failure of drone 1: Heartbeat timeout
2026-02-13 18:33:25,568 - SwarmManager - ERROR - Drone 3 heartbeat timeout
2026-02-13 18:33:25,568 - SwarmManager - ERROR - Handling failure of drone 3: Heartbeat timeout
2026-02-13 18:33:25,569 - SwarmManager - ERROR - Drone 4 heartbeat timeout
2026-02-13 18:33:25,569 - SwarmManager - ERROR - Handling failure of drone 4: Heartbeat timeout
2026-02-13 18:33:25,569 - SwarmManager - ERROR - Drone 1 crashed
2026-02-13 18:33:25,569 - SwarmManager - ERROR - Handling failure of drone 1: Crashed
2026-02-13 18:33:25,569 - SwarmManager - ERROR - Drone 3 crashed
2026-02-13 18:33:25,569 - SwarmManager - ERROR - Handling failure of drone 3: Crashed
2026-02-13 18:33:25,570 - SwarmManager - ERROR - Drone 4 crashed
2026-02-13 18:33:25,570 - SwarmManager - ERROR - Handling failure of drone 4: Crashed
2026-02-13 18:33:26,570 - SwarmManager - ERROR - Drone 1 heartbeat timeout
2026-02-13 18:33:26,571 - SwarmManager - ERROR - Handling failure of drone 1: Heartbeat timeout
2026-02-13 18:33:26,571 - SwarmManager - ERROR - Drone 3 heartbeat timeout
2026-02-13 18:33:26,572 - SwarmManager - ERROR - Handling failure of drone 3: Heartbeat timeout
2026-02-13 18:33:26,572 - SwarmManager - ERROR - Drone 4 heartbeat timeout
2026-02-13 18:33:26,573 - SwarmManager - ERROR - Handling failure of drone 4: Heartbeat timeout
2026-02-13 18:33:26,573 - SwarmManager - ERROR - Drone 1 crashed
2026-02-13 18:33:26,573 - SwarmManager - ERROR - Handling failure of drone 1: Crashed
2026-02-13 18:33:26,574 - SwarmManager - ERROR - Drone 3 crashed
2026-02-13 18:33:26,574 - SwarmManager - ERROR - Handling failure of drone 3: Crashed
2026-02-13 18:33:26,574 - SwarmManager - ERROR - Drone 4 crashed
2026-02-13 18:33:26,575 - SwarmManager - ERROR - Handling failure of drone 4: Crashed
2026-02-13 18:33:27,575 - SwarmManager - ERROR - Drone 1 heartbeat timeout
2026-02-13 18:33:27,576 - SwarmManager - ERROR - Handling failure of drone 1: Heartbeat timeout
2026-02-13 18:33:27,577 - SwarmManager - ERROR - Drone 3 heartbeat timeout
2026-02-13 18:33:27,577 - SwarmManager - ERROR - Handling failure of drone 3: Heartbeat timeout
2026-02-13 18:33:27,578 - SwarmManager - ERROR - Drone 4 heartbeat timeout
2026-02-13 18:33:27,578 - SwarmManager - ERROR - Handling failure of drone 4: Heartbeat timeout
2026-02-13 18:33:27,579 - SwarmManager - ERROR - Drone 1 crashed
2026-02-13 18:33:27,579 - SwarmManager - ERROR - Handling failure of drone 1: Crashed
2026-02-13 18:33:27,579 - SwarmManager - ERROR - Drone 3 crashed
2026-02-13 18:33:27,580 - SwarmManager - ERROR - Handling failure of drone 3: Crashed
2026-02-13 18:33:27,580 - SwarmManager - ERROR - Drone 4 crashed
2026-02-13 18:33:27,580 - SwarmManager - ERROR - Handling failure of drone 4: Crashed
2026-02-13 18:33:28,581 - SwarmManager - ERROR - Drone 1 heartbeat timeout
2026-02-13 18:33:28,582 - SwarmManager - ERROR - Handling failure of drone 1: Heartbeat timeout
2026-02-13 18:33:28,582 - SwarmManager - ERROR - Drone 3 heartbeat timeout
2026-02-13 18:33:28,582 - SwarmManager - ERROR - Handling failure of drone 3: Heartbeat timeout
2026-02-13 18:33:28,582 - SwarmManager - ERROR - Drone 4 heartbeat timeout
2026-02-13 18:33:28,583 - SwarmManager - ERROR - Handling failure of drone 4: Heartbeat timeout
2026-02-13 18:33:28,584 - SwarmManager - ERROR - Drone 1 crashed
2026-02-13 18:33:28,584 - SwarmManager - ERROR - Handling failure of drone 1: Crashed
2026-02-13 18:33:28,584 - SwarmManager - ERROR - Drone 3 crashed
2026-02-13 18:33:28,585 - SwarmManager - ERROR - Handling failure of drone 3: Crashed
2026-02-13 18:33:28,585 - SwarmManager - ERROR - Drone 4 crashed
2026-02-13 18:33:28,585 - SwarmManager - ERROR - Handling failure of drone 4: Crashed
2026-02-13 18:33:29,520 - Drone_5 - ERROR - Drone 5: Motor 0 failed!
2026-02-13 18:33:29,586 - SwarmManager - ERROR - Drone 1 heartbeat timeout
2026-02-13 18:33:29,586 - SwarmManager - ERROR - Handling failure of drone 1: Heartbeat timeout
2026-02-13 18:33:29,586 - SwarmManager - ERROR - Drone 3 heartbeat timeout
2026-02-13 18:33:29,587 - SwarmManager - ERROR - Handling failure of drone 3: Heartbeat timeout
2026-02-13 18:33:29,587 - SwarmManager - ERROR - Drone 4 heartbeat timeout
2026-02-13 18:33:29,587 - SwarmManager - ERROR - Handling failure of drone 4: Heartbeat timeout
2026-02-13 18:33:29,587 - SwarmManager - ERROR - Drone 1 crashed
2026-02-13 18:33:29,588 - SwarmManager - ERROR - Handling failure of drone 1: Crashed
2026-02-13 18:33:29,588 - SwarmManager - ERROR - Drone 3 crashed
2026-02-13 18:33:29,588 - SwarmManager - ERROR - Handling failure of drone 3: Crashed
2026-02-13 18:33:29,589 - SwarmManager - ERROR - Drone 4 crashed
2026-02-13 18:33:29,589 - SwarmManager - ERROR - Handling failure of drone 4: Crashed
2026-02-13 18:33:30,590 - SwarmManager - ERROR - Drone 1 heartbeat timeout
2026-02-13 18:33:30,590 - SwarmManager - ERROR - Handling failure of drone 1: Heartbeat timeout
2026-02-13 18:33:30,590 - SwarmManager - ERROR - Drone 3 heartbeat timeout
2026-02-13 18:33:30,590 - SwarmManager - ERROR - Handling failure of drone 3: Heartbeat timeout
2026-02-13 18:33:30,590 - SwarmManager - ERROR - Drone 4 heartbeat timeout
2026-02-13 18:33:30,591 - SwarmManager - ERROR - Handling failure of drone 4: Heartbeat timeout
2026-02-13 18:33:30,591 - SwarmManager - ERROR - Drone 1 crashed
2026-02-13 18:33:30,591 - SwarmManager - ERROR - Handling failure of drone 1: Crashed
2026-02-13 18:33:30,591 - SwarmManager - ERROR - Drone 3 crashed
2026-02-13 18:33:30,591 - SwarmManager - ERROR - Handling failure of drone 3: Crashed
2026-02-13 18:33:30,591 - SwarmManager - ERROR - Drone 4 crashed
2026-02-13 18:33:30,592 - SwarmManager - ERROR - Handling failure of drone 4: Crashed
2026-02-13 18:33:30,977 - PhysicalMLTrainer_Drone2 - INFO - Physical ML model trained drone=2 samples=2701 degree=2 alpha=0.0 val_mse=0.000000
2026-02-13 18:33:31,004 - PhysicalMLTrainer_Drone5 - INFO - Physical ML model trained drone=5 samples=2701 degree=2 alpha=0.0 val_mse=0.000029
2026-02-13 18:33:31,592 - SwarmManager - ERROR - Drone 1 heartbeat timeout
2026-02-13 18:33:31,593 - SwarmManager - ERROR - Handling failure of drone 1: Heartbeat timeout
2026-02-13 18:33:31,594 - SwarmManager - ERROR - Drone 3 heartbeat timeout
2026-02-13 18:33:31,595 - SwarmManager - ERROR - Handling failure of drone 3: Heartbeat timeout
2026-02-13 18:33:31,595 - SwarmManager - ERROR - Drone 4 heartbeat timeout
2026-02-13 18:33:31,596 - SwarmManager - ERROR - Handling failure of drone 4: Heartbeat timeout
2026-02-13 18:33:31,596 - SwarmManager - ERROR - Drone 1 crashed
2026-02-13 18:33:31,596 - SwarmManager - ERROR - Handling failure of drone 1: Crashed
2026-02-13 18:33:31,597 - SwarmManager - ERROR - Drone 3 crashed
2026-02-13 18:33:31,597 - SwarmManager - ERROR - Handling failure of drone 3: Crashed
2026-02-13 18:33:31,597 - SwarmManager - ERROR - Drone 4 crashed
2026-02-13 18:33:31,597 - SwarmManager - ERROR - Handling failure of drone 4: Crashed
2026-02-13 18:33:32,598 - SwarmManager - ERROR - Drone 1 heartbeat timeout
2026-02-13 18:33:32,599 - SwarmManager - ERROR - Handling failure of drone 1: Heartbeat timeout
2026-02-13 18:33:32,600 - SwarmManager - ERROR - Drone 3 heartbeat timeout
2026-02-13 18:33:32,601 - SwarmManager - ERROR - Handling failure of drone 3: Heartbeat timeout
2026-02-13 18:33:32,602 - SwarmManager - ERROR - Drone 4 heartbeat timeout
2026-02-13 18:33:32,603 - SwarmManager - ERROR - Handling failure of drone 4: Heartbeat timeout
2026-02-13 18:33:32,603 - SwarmManager - ERROR - Drone 1 crashed
2026-02-13 18:33:32,604 - SwarmManager - ERROR - Handling failure of drone 1: Crashed
2026-02-13 18:33:32,604 - SwarmManager - ERROR - Drone 3 crashed
2026-02-13 18:33:32,604 - SwarmManager - ERROR - Handling failure of drone 3: Crashed
2026-02-13 18:33:32,605 - SwarmManager - ERROR - Drone 4 crashed
2026-02-13 18:33:32,605 - SwarmManager - ERROR - Handling failure of drone 4: Crashed
2026-02-13 18:33:33,607 - SwarmManager - ERROR - Drone 1 heartbeat timeout
2026-02-13 18:33:33,608 - SwarmManager - ERROR - Handling failure of drone 1: Heartbeat timeout
2026-02-13 18:33:33,609 - SwarmManager - ERROR - Drone 3 heartbeat timeout
2026-02-13 18:33:33,610 - SwarmManager - ERROR - Handling failure of drone 3: Heartbeat timeout
2026-02-13 18:33:33,611 - SwarmManager - ERROR - Drone 4 heartbeat timeout
2026-02-13 18:33:33,612 - SwarmManager - ERROR - Handling failure of drone 4: Heartbeat timeout
2026-02-13 18:33:33,612 - SwarmManager - ERROR - Drone 1 crashed
2026-02-13 18:33:33,613 - SwarmManager - ERROR - Handling failure of drone 1: Crashed
2026-02-13 18:33:33,613 - SwarmManager - ERROR - Drone 3 crashed
2026-02-13 18:33:33,615 - SwarmManager - ERROR - Handling failure of drone 3: Crashed
2026-02-13 18:33:33,615 - SwarmManager - ERROR - Drone 4 crashed
2026-02-13 18:33:33,616 - SwarmManager - ERROR - Handling failure of drone 4: Crashed
2026-02-13 18:33:34,617 - SwarmManager - ERROR - Drone 1 heartbeat timeout
2026-02-13 18:33:34,617 - SwarmManager - ERROR - Handling failure of drone 1: Heartbeat timeout
2026-02-13 18:33:34,618 - SwarmManager - ERROR - Drone 3 heartbeat timeout
2026-02-13 18:33:34,618 - SwarmManager - ERROR - Handling failure of drone 3: Heartbeat timeout
2026-02-13 18:33:34,618 - SwarmManager - ERROR - Drone 4 heartbeat timeout
2026-02-13 18:33:34,618 - SwarmManager - ERROR - Handling failure of drone 4: Heartbeat timeout
2026-02-13 18:33:34,618 - SwarmManager - ERROR - Drone 1 crashed
2026-02-13 18:33:34,618 - SwarmManager - ERROR - Handling failure of drone 1: Crashed
2026-02-13 18:33:34,619 - SwarmManager - ERROR - Drone 3 crashed
2026-02-13 18:33:34,619 - SwarmManager - ERROR - Handling failure of drone 3: Crashed
2026-02-13 18:33:34,619 - SwarmManager - ERROR - Drone 4 crashed
2026-02-13 18:33:34,619 - SwarmManager - ERROR - Handling failure of drone 4: Crashed
2026-02-13 18:33:35,620 - Drone_1 - INFO - Drone 1 stopped
2026-02-13 18:33:35,711 - Drone_2 - INFO - Drone 2 stopped
2026-02-13 18:33:35,711 - Drone_3 - INFO - Drone 3 stopped
2026-02-13 18:33:35,712 - Drone_4 - INFO - Drone 4 stopped
2026-02-13 18:33:35,726 - Drone_5 - INFO - Drone 5 stopped
2026-02-13 18:33:35,726 - SwarmManager - INFO - Swarm monitoring stopped
2026-02-13 18:33:35,727 - Main - INFO - System shutdown complete
