2026-02-12 02:22:42,702 - Main - INFO - Starting Drone Swarm Management System
2026-02-12 02:22:42,703 - SwarmManager - INFO - Swarm Manager initialized
2026-02-12 02:22:42,704 - MLDecisionSupport_Drone1 - INFO - ML Decision Support initialized
2026-02-12 02:22:42,714 - Drone_1 - INFO - Drone 1: Personal ML system initialized
2026-02-12 02:22:42,714 - Drone_1 - INFO - Drone 1 initialized at {'x': 0, 'y': 0, 'z': 0}
2026-02-12 02:22:42,715 - Drone_1 - INFO - Drone 1 started
2026-02-12 02:22:42,716 - SwarmManager - INFO - Drone 1 added to swarm
2026-02-12 02:22:42,716 - SwarmManager - INFO - Starting leader election...
2026-02-12 02:22:42,718 - SwarmManager - INFO -   Drone 1: suitability score = 100.00
2026-02-12 02:22:42,718 - Drone_1 - INFO - Drone 1: Role changed from follower to leader
2026-02-12 02:22:42,723 - MLDecisionSupport_Drone2 - INFO - ML Decision Support initialized
2026-02-12 02:22:42,727 - Drone_2 - INFO - Drone 2: Personal ML system initialized
2026-02-12 02:22:42,727 - Drone_2 - INFO - Drone 2 initialized at {'x': 1200, 'y': 300, 'z': 0}
2026-02-12 02:22:42,728 - Drone_2 - INFO - Drone 2 started
2026-02-12 02:22:42,728 - SwarmManager - INFO - Drone 2 added to swarm
2026-02-12 02:22:42,729 - MLDecisionSupport_Drone3 - INFO - ML Decision Support initialized
2026-02-12 02:22:42,730 - Drone_3 - INFO - Drone 3: Personal ML system initialized
2026-02-12 02:22:42,730 - Drone_3 - INFO - Drone 3 initialized at {'x': -1400, 'y': -500, 'z': 0}
2026-02-12 02:22:42,731 - Drone_3 - INFO - Drone 3 started
2026-02-12 02:22:42,731 - SwarmManager - INFO - Drone 3 added to swarm
2026-02-12 02:22:42,732 - MLDecisionSupport_Drone4 - INFO - ML Decision Support initialized
2026-02-12 02:22:42,734 - Drone_4 - INFO - Drone 4: Personal ML system initialized
2026-02-12 02:22:42,734 - Drone_4 - INFO - Drone 4 initialized at {'x': 800, 'y': -1500, 'z': 0}
2026-02-12 02:22:42,735 - Drone_4 - INFO - Drone 4 started
2026-02-12 02:22:42,735 - SwarmManager - INFO - Drone 4 added to swarm
2026-02-12 02:22:42,736 - MLDecisionSupport_Drone5 - INFO - ML Decision Support initialized
2026-02-12 02:22:42,738 - Drone_5 - INFO - Drone 5: Personal ML system initialized
2026-02-12 02:22:42,738 - Drone_5 - INFO - Drone 5 initialized at {'x': -900, 'y': 1600, 'z': 0}
2026-02-12 02:22:42,739 - Drone_5 - INFO - Drone 5 started
2026-02-12 02:22:42,739 - SwarmManager - INFO - Drone 5 added to swarm
2026-02-12 02:22:42,740 - SwarmManager - INFO - Swarm monitoring started
2026-02-12 02:22:42,740 - Main - INFO - Swarm created with 5 drones
2026-02-12 02:22:42,740 - Main - INFO - Leader elected: Drone 1
2026-02-12 02:22:42,740 - Main - INFO - Starting GUI...
2026-02-12 02:22:58,063 - Drone_1 - INFO - Drone 1: Armed
2026-02-12 02:22:58,065 - Drone_2 - INFO - Drone 2: Armed
2026-02-12 02:22:58,065 - Drone_3 - INFO - Drone 3: Armed
2026-02-12 02:22:58,066 - Drone_4 - INFO - Drone 4: Armed
2026-02-12 02:22:58,067 - Drone_5 - INFO - Drone 5: Armed
2026-02-12 02:23:01,191 - Drone_1 - INFO - Drone 1: Taking off
2026-02-12 02:23:01,192 - Drone_2 - INFO - Drone 2: Taking off
2026-02-12 02:23:01,193 - Drone_3 - INFO - Drone 3: Taking off
2026-02-12 02:23:01,193 - Drone_4 - INFO - Drone 4: Taking off
2026-02-12 02:23:01,194 - Drone_5 - INFO - Drone 5: Taking off
2026-02-12 02:23:01,749 - Drone_2 - WARNING - Drone 2: Cannot goto - invalid flight mode
2026-02-12 02:23:01,750 - Drone_3 - WARNING - Drone 3: Cannot goto - invalid flight mode
2026-02-12 02:23:01,751 - Drone_4 - WARNING - Drone 4: Cannot goto - invalid flight mode
2026-02-12 02:23:01,752 - Drone_5 - WARNING - Drone 5: Cannot goto - invalid flight mode
2026-02-12 02:23:02,754 - Drone_2 - WARNING - Drone 2: Cannot goto - invalid flight mode
2026-02-12 02:23:02,755 - Drone_3 - WARNING - Drone 3: Cannot goto - invalid flight mode
2026-02-12 02:23:02,755 - Drone_4 - WARNING - Drone 4: Cannot goto - invalid flight mode
2026-02-12 02:23:02,755 - Drone_5 - WARNING - Drone 5: Cannot goto - invalid flight mode
2026-02-12 02:23:02,800 - PhysicalMLTrainer_Drone3 - INFO - Physical ML model trained for drone=3 samples=200
2026-02-12 02:23:02,803 - PhysicalMLTrainer_Drone5 - INFO - Physical ML model trained for drone=5 samples=200
2026-02-12 02:23:02,804 - PhysicalMLTrainer_Drone4 - INFO - Physical ML model trained for drone=4 samples=200
2026-02-12 02:23:02,810 - PhysicalMLTrainer_Drone1 - INFO - Physical ML model trained for drone=1 samples=200
2026-02-12 02:23:02,810 - PhysicalMLTrainer_Drone2 - INFO - Physical ML model trained for drone=2 samples=200
2026-02-12 02:23:03,756 - Drone_2 - WARNING - Drone 2: Cannot goto - invalid flight mode
2026-02-12 02:23:03,756 - Drone_3 - WARNING - Drone 3: Cannot goto - invalid flight mode
2026-02-12 02:23:03,756 - Drone_4 - WARNING - Drone 4: Cannot goto - invalid flight mode
2026-02-12 02:23:03,757 - Drone_5 - WARNING - Drone 5: Cannot goto - invalid flight mode
2026-02-12 02:23:04,757 - Drone_2 - WARNING - Drone 2: Cannot goto - invalid flight mode
2026-02-12 02:23:04,758 - Drone_3 - WARNING - Drone 3: Cannot goto - invalid flight mode
2026-02-12 02:23:04,759 - Drone_4 - WARNING - Drone 4: Cannot goto - invalid flight mode
2026-02-12 02:23:04,759 - Drone_5 - WARNING - Drone 5: Cannot goto - invalid flight mode
2026-02-12 02:23:05,760 - Drone_2 - WARNING - Drone 2: Cannot goto - invalid flight mode
2026-02-12 02:23:05,760 - Drone_3 - WARNING - Drone 3: Cannot goto - invalid flight mode
2026-02-12 02:23:05,761 - Drone_4 - WARNING - Drone 4: Cannot goto - invalid flight mode
2026-02-12 02:23:05,761 - Drone_5 - WARNING - Drone 5: Cannot goto - invalid flight mode
2026-02-12 02:23:06,762 - Drone_2 - WARNING - Drone 2: Cannot goto - invalid flight mode
2026-02-12 02:23:06,762 - Drone_3 - WARNING - Drone 3: Cannot goto - invalid flight mode
2026-02-12 02:23:06,763 - Drone_4 - WARNING - Drone 4: Cannot goto - invalid flight mode
2026-02-12 02:23:06,763 - Drone_5 - WARNING - Drone 5: Cannot goto - invalid flight mode
2026-02-12 02:23:07,764 - Drone_2 - WARNING - Drone 2: Cannot goto - invalid flight mode
2026-02-12 02:23:07,765 - Drone_3 - WARNING - Drone 3: Cannot goto - invalid flight mode
2026-02-12 02:23:07,767 - Drone_4 - WARNING - Drone 4: Cannot goto - invalid flight mode
2026-02-12 02:23:07,768 - Drone_5 - WARNING - Drone 5: Cannot goto - invalid flight mode
2026-02-12 02:23:08,769 - Drone_2 - WARNING - Drone 2: Cannot goto - invalid flight mode
2026-02-12 02:23:08,770 - Drone_3 - WARNING - Drone 3: Cannot goto - invalid flight mode
2026-02-12 02:23:08,772 - Drone_4 - WARNING - Drone 4: Cannot goto - invalid flight mode
2026-02-12 02:23:08,772 - Drone_5 - WARNING - Drone 5: Cannot goto - invalid flight mode
2026-02-12 02:23:09,774 - Drone_2 - WARNING - Drone 2: Cannot goto - invalid flight mode
2026-02-12 02:23:09,775 - Drone_3 - WARNING - Drone 3: Cannot goto - invalid flight mode
2026-02-12 02:23:09,776 - Drone_4 - WARNING - Drone 4: Cannot goto - invalid flight mode
2026-02-12 02:23:09,777 - Drone_5 - WARNING - Drone 5: Cannot goto - invalid flight mode
2026-02-12 02:23:10,778 - Drone_2 - WARNING - Drone 2: Cannot goto - invalid flight mode
2026-02-12 02:23:10,779 - Drone_3 - WARNING - Drone 3: Cannot goto - invalid flight mode
2026-02-12 02:23:10,781 - Drone_4 - WARNING - Drone 4: Cannot goto - invalid flight mode
2026-02-12 02:23:10,781 - Drone_5 - WARNING - Drone 5: Cannot goto - invalid flight mode
2026-02-12 02:23:11,782 - Drone_2 - WARNING - Drone 2: Cannot goto - invalid flight mode
2026-02-12 02:23:11,783 - Drone_3 - WARNING - Drone 3: Cannot goto - invalid flight mode
2026-02-12 02:23:11,783 - Drone_4 - WARNING - Drone 4: Cannot goto - invalid flight mode
2026-02-12 02:23:11,783 - Drone_5 - WARNING - Drone 5: Cannot goto - invalid flight mode
2026-02-12 02:23:12,784 - Drone_2 - WARNING - Drone 2: Cannot goto - invalid flight mode
2026-02-12 02:23:12,784 - Drone_3 - WARNING - Drone 3: Cannot goto - invalid flight mode
2026-02-12 02:23:12,785 - Drone_4 - WARNING - Drone 4: Cannot goto - invalid flight mode
2026-02-12 02:23:12,786 - Drone_5 - WARNING - Drone 5: Cannot goto - invalid flight mode
2026-02-12 02:23:13,787 - Drone_2 - WARNING - Drone 2: Cannot goto - invalid flight mode
2026-02-12 02:23:13,787 - Drone_3 - WARNING - Drone 3: Cannot goto - invalid flight mode
2026-02-12 02:23:13,787 - Drone_4 - WARNING - Drone 4: Cannot goto - invalid flight mode
2026-02-12 02:23:13,787 - Drone_5 - WARNING - Drone 5: Cannot goto - invalid flight mode
2026-02-12 02:23:14,788 - Drone_2 - WARNING - Drone 2: Cannot goto - invalid flight mode
2026-02-12 02:23:14,789 - Drone_3 - WARNING - Drone 3: Cannot goto - invalid flight mode
2026-02-12 02:23:14,791 - Drone_4 - WARNING - Drone 4: Cannot goto - invalid flight mode
2026-02-12 02:23:14,791 - Drone_5 - WARNING - Drone 5: Cannot goto - invalid flight mode
2026-02-12 02:23:15,792 - Drone_2 - WARNING - Drone 2: Cannot goto - invalid flight mode
2026-02-12 02:23:15,794 - Drone_3 - WARNING - Drone 3: Cannot goto - invalid flight mode
2026-02-12 02:23:15,796 - Drone_4 - WARNING - Drone 4: Cannot goto - invalid flight mode
2026-02-12 02:23:15,796 - Drone_5 - WARNING - Drone 5: Cannot goto - invalid flight mode
2026-02-12 02:23:16,798 - Drone_2 - WARNING - Drone 2: Cannot goto - invalid flight mode
2026-02-12 02:23:16,799 - Drone_3 - WARNING - Drone 3: Cannot goto - invalid flight mode
2026-02-12 02:23:16,801 - Drone_4 - WARNING - Drone 4: Cannot goto - invalid flight mode
2026-02-12 02:23:16,801 - Drone_5 - WARNING - Drone 5: Cannot goto - invalid flight mode
2026-02-12 02:23:17,802 - Drone_2 - WARNING - Drone 2: Cannot goto - invalid flight mode
2026-02-12 02:23:17,803 - Drone_3 - WARNING - Drone 3: Cannot goto - invalid flight mode
2026-02-12 02:23:17,803 - Drone_4 - WARNING - Drone 4: Cannot goto - invalid flight mode
2026-02-12 02:23:17,804 - Drone_5 - WARNING - Drone 5: Cannot goto - invalid flight mode
2026-02-12 02:23:18,805 - Drone_2 - WARNING - Drone 2: Cannot goto - invalid flight mode
2026-02-12 02:23:18,805 - Drone_3 - WARNING - Drone 3: Cannot goto - invalid flight mode
2026-02-12 02:23:18,806 - Drone_4 - WARNING - Drone 4: Cannot goto - invalid flight mode
2026-02-12 02:23:18,806 - Drone_5 - WARNING - Drone 5: Cannot goto - invalid flight mode
2026-02-12 02:23:19,806 - Drone_2 - WARNING - Drone 2: Cannot goto - invalid flight mode
2026-02-12 02:23:19,807 - Drone_3 - WARNING - Drone 3: Cannot goto - invalid flight mode
2026-02-12 02:23:19,807 - Drone_4 - WARNING - Drone 4: Cannot goto - invalid flight mode
2026-02-12 02:23:19,807 - Drone_5 - WARNING - Drone 5: Cannot goto - invalid flight mode
2026-02-12 02:23:20,808 - Drone_2 - WARNING - Drone 2: Cannot goto - invalid flight mode
2026-02-12 02:23:20,809 - Drone_3 - WARNING - Drone 3: Cannot goto - invalid flight mode
2026-02-12 02:23:20,810 - Drone_4 - WARNING - Drone 4: Cannot goto - invalid flight mode
2026-02-12 02:23:20,811 - Drone_5 - WARNING - Drone 5: Cannot goto - invalid flight mode
2026-02-12 02:23:21,812 - Drone_2 - WARNING - Drone 2: Cannot goto - invalid flight mode
2026-02-12 02:23:21,812 - Drone_3 - WARNING - Drone 3: Cannot goto - invalid flight mode
2026-02-12 02:23:21,813 - Drone_4 - WARNING - Drone 4: Cannot goto - invalid flight mode
2026-02-12 02:23:21,813 - Drone_5 - WARNING - Drone 5: Cannot goto - invalid flight mode
2026-02-12 02:23:22,813 - Drone_2 - WARNING - Drone 2: Cannot goto - invalid flight mode
2026-02-12 02:23:22,814 - Drone_3 - WARNING - Drone 3: Cannot goto - invalid flight mode
2026-02-12 02:23:22,815 - Drone_4 - WARNING - Drone 4: Cannot goto - invalid flight mode
2026-02-12 02:23:22,816 - Drone_5 - WARNING - Drone 5: Cannot goto - invalid flight mode
2026-02-12 02:23:22,903 - PhysicalMLTrainer_Drone3 - INFO - Physical ML model trained for drone=3 samples=400
2026-02-12 02:23:22,906 - PhysicalMLTrainer_Drone5 - INFO - Physical ML model trained for drone=5 samples=400
2026-02-12 02:23:22,908 - PhysicalMLTrainer_Drone4 - INFO - Physical ML model trained for drone=4 samples=400
2026-02-12 02:23:22,915 - PhysicalMLTrainer_Drone1 - INFO - Physical ML model trained for drone=1 samples=400
2026-02-12 02:23:22,915 - PhysicalMLTrainer_Drone2 - INFO - Physical ML model trained for drone=2 samples=400
2026-02-12 02:23:23,817 - Drone_2 - WARNING - Drone 2: Cannot goto - invalid flight mode
2026-02-12 02:23:23,817 - Drone_3 - WARNING - Drone 3: Cannot goto - invalid flight mode
2026-02-12 02:23:23,819 - Drone_4 - WARNING - Drone 4: Cannot goto - invalid flight mode
2026-02-12 02:23:23,819 - Drone_5 - WARNING - Drone 5: Cannot goto - invalid flight mode
2026-02-12 02:23:24,821 - Drone_2 - WARNING - Drone 2: Cannot goto - invalid flight mode
2026-02-12 02:23:24,821 - Drone_3 - WARNING - Drone 3: Cannot goto - invalid flight mode
2026-02-12 02:23:24,822 - Drone_4 - WARNING - Drone 4: Cannot goto - invalid flight mode
2026-02-12 02:23:24,822 - Drone_5 - WARNING - Drone 5: Cannot goto - invalid flight mode
2026-02-12 02:23:25,823 - Drone_2 - WARNING - Drone 2: Cannot goto - invalid flight mode
2026-02-12 02:23:25,823 - Drone_3 - WARNING - Drone 3: Cannot goto - invalid flight mode
2026-02-12 02:23:25,823 - Drone_4 - WARNING - Drone 4: Cannot goto - invalid flight mode
2026-02-12 02:23:25,823 - Drone_5 - WARNING - Drone 5: Cannot goto - invalid flight mode
2026-02-12 02:23:26,824 - Drone_2 - WARNING - Drone 2: Cannot goto - invalid flight mode
2026-02-12 02:23:26,824 - Drone_3 - WARNING - Drone 3: Cannot goto - invalid flight mode
2026-02-12 02:23:26,825 - Drone_4 - WARNING - Drone 4: Cannot goto - invalid flight mode
2026-02-12 02:23:26,825 - Drone_5 - WARNING - Drone 5: Cannot goto - invalid flight mode
2026-02-12 02:23:27,826 - Drone_2 - WARNING - Drone 2: Cannot goto - invalid flight mode
2026-02-12 02:23:27,827 - Drone_3 - WARNING - Drone 3: Cannot goto - invalid flight mode
2026-02-12 02:23:27,827 - Drone_4 - WARNING - Drone 4: Cannot goto - invalid flight mode
2026-02-12 02:23:27,828 - Drone_5 - WARNING - Drone 5: Cannot goto - invalid flight mode
2026-02-12 02:23:28,828 - Drone_2 - WARNING - Drone 2: Cannot goto - invalid flight mode
2026-02-12 02:23:28,829 - Drone_3 - WARNING - Drone 3: Cannot goto - invalid flight mode
2026-02-12 02:23:28,829 - Drone_4 - WARNING - Drone 4: Cannot goto - invalid flight mode
2026-02-12 02:23:28,829 - Drone_5 - WARNING - Drone 5: Cannot goto - invalid flight mode
2026-02-12 02:23:29,830 - Drone_2 - WARNING - Drone 2: Cannot goto - invalid flight mode
2026-02-12 02:23:29,831 - Drone_3 - WARNING - Drone 3: Cannot goto - invalid flight mode
2026-02-12 02:23:29,832 - Drone_4 - WARNING - Drone 4: Cannot goto - invalid flight mode
2026-02-12 02:23:29,832 - Drone_5 - WARNING - Drone 5: Cannot goto - invalid flight mode
2026-02-12 02:23:30,833 - Drone_2 - WARNING - Drone 2: Cannot goto - invalid flight mode
2026-02-12 02:23:30,834 - Drone_3 - WARNING - Drone 3: Cannot goto - invalid flight mode
2026-02-12 02:23:30,835 - Drone_4 - WARNING - Drone 4: Cannot goto - invalid flight mode
2026-02-12 02:23:30,835 - Drone_5 - WARNING - Drone 5: Cannot goto - invalid flight mode
2026-02-12 02:23:31,835 - Drone_2 - WARNING - Drone 2: Cannot goto - invalid flight mode
2026-02-12 02:23:31,836 - Drone_3 - WARNING - Drone 3: Cannot goto - invalid flight mode
2026-02-12 02:23:31,836 - Drone_4 - WARNING - Drone 4: Cannot goto - invalid flight mode
2026-02-12 02:23:31,836 - Drone_5 - WARNING - Drone 5: Cannot goto - invalid flight mode
2026-02-12 02:23:32,837 - Drone_2 - WARNING - Drone 2: Cannot goto - invalid flight mode
2026-02-12 02:23:32,838 - Drone_3 - WARNING - Drone 3: Cannot goto - invalid flight mode
2026-02-12 02:23:32,839 - Drone_4 - WARNING - Drone 4: Cannot goto - invalid flight mode
2026-02-12 02:23:32,840 - Drone_5 - WARNING - Drone 5: Cannot goto - invalid flight mode
2026-02-12 02:23:33,841 - Drone_2 - WARNING - Drone 2: Cannot goto - invalid flight mode
2026-02-12 02:23:33,841 - Drone_3 - WARNING - Drone 3: Cannot goto - invalid flight mode
2026-02-12 02:23:33,842 - Drone_4 - WARNING - Drone 4: Cannot goto - invalid flight mode
2026-02-12 02:23:33,842 - Drone_5 - WARNING - Drone 5: Cannot goto - invalid flight mode
2026-02-12 02:23:34,843 - Drone_2 - WARNING - Drone 2: Cannot goto - invalid flight mode
2026-02-12 02:23:34,844 - Drone_3 - WARNING - Drone 3: Cannot goto - invalid flight mode
2026-02-12 02:23:34,845 - Drone_4 - WARNING - Drone 4: Cannot goto - invalid flight mode
2026-02-12 02:23:34,845 - Drone_5 - WARNING - Drone 5: Cannot goto - invalid flight mode
2026-02-12 02:23:35,847 - Drone_2 - WARNING - Drone 2: Cannot goto - invalid flight mode
2026-02-12 02:23:35,847 - Drone_3 - WARNING - Drone 3: Cannot goto - invalid flight mode
2026-02-12 02:23:35,848 - Drone_4 - WARNING - Drone 4: Cannot goto - invalid flight mode
2026-02-12 02:23:35,848 - Drone_5 - WARNING - Drone 5: Cannot goto - invalid flight mode
2026-02-12 02:23:36,849 - Drone_2 - WARNING - Drone 2: Cannot goto - invalid flight mode
2026-02-12 02:23:36,849 - Drone_3 - WARNING - Drone 3: Cannot goto - invalid flight mode
2026-02-12 02:23:36,850 - Drone_4 - WARNING - Drone 4: Cannot goto - invalid flight mode
2026-02-12 02:23:36,850 - Drone_5 - WARNING - Drone 5: Cannot goto - invalid flight mode
2026-02-12 02:23:37,851 - Drone_2 - WARNING - Drone 2: Cannot goto - invalid flight mode
2026-02-12 02:23:37,851 - Drone_3 - WARNING - Drone 3: Cannot goto - invalid flight mode
2026-02-12 02:23:37,851 - Drone_4 - WARNING - Drone 4: Cannot goto - invalid flight mode
2026-02-12 02:23:37,851 - Drone_5 - WARNING - Drone 5: Cannot goto - invalid flight mode
2026-02-12 02:23:38,854 - Drone_2 - WARNING - Drone 2: Cannot goto - invalid flight mode
2026-02-12 02:23:38,855 - Drone_3 - WARNING - Drone 3: Cannot goto - invalid flight mode
2026-02-12 02:23:38,855 - Drone_4 - WARNING - Drone 4: Cannot goto - invalid flight mode
2026-02-12 02:23:38,855 - Drone_5 - WARNING - Drone 5: Cannot goto - invalid flight mode
2026-02-12 02:23:39,857 - Drone_2 - WARNING - Drone 2: Cannot goto - invalid flight mode
2026-02-12 02:23:39,857 - Drone_3 - WARNING - Drone 3: Cannot goto - invalid flight mode
2026-02-12 02:23:39,857 - Drone_4 - WARNING - Drone 4: Cannot goto - invalid flight mode
2026-02-12 02:23:39,857 - Drone_5 - WARNING - Drone 5: Cannot goto - invalid flight mode
2026-02-12 02:23:40,858 - Drone_2 - WARNING - Drone 2: Cannot goto - invalid flight mode
2026-02-12 02:23:40,859 - Drone_3 - WARNING - Drone 3: Cannot goto - invalid flight mode
2026-02-12 02:23:40,859 - Drone_4 - WARNING - Drone 4: Cannot goto - invalid flight mode
2026-02-12 02:23:40,860 - Drone_5 - WARNING - Drone 5: Cannot goto - invalid flight mode
2026-02-12 02:23:41,860 - Drone_2 - WARNING - Drone 2: Cannot goto - invalid flight mode
2026-02-12 02:23:41,861 - Drone_3 - WARNING - Drone 3: Cannot goto - invalid flight mode
2026-02-12 02:23:41,862 - Drone_4 - WARNING - Drone 4: Cannot goto - invalid flight mode
2026-02-12 02:23:41,862 - Drone_5 - WARNING - Drone 5: Cannot goto - invalid flight mode
2026-02-12 02:23:42,863 - Drone_2 - WARNING - Drone 2: Cannot goto - invalid flight mode
2026-02-12 02:23:42,864 - Drone_3 - WARNING - Drone 3: Cannot goto - invalid flight mode
2026-02-12 02:23:42,864 - Drone_4 - WARNING - Drone 4: Cannot goto - invalid flight mode
2026-02-12 02:23:42,864 - Drone_5 - WARNING - Drone 5: Cannot goto - invalid flight mode
2026-02-12 02:23:43,010 - PhysicalMLTrainer_Drone3 - INFO - Physical ML model trained for drone=3 samples=600
2026-02-12 02:23:43,017 - PhysicalMLTrainer_Drone4 - INFO - Physical ML model trained for drone=4 samples=600
2026-02-12 02:23:43,018 - PhysicalMLTrainer_Drone5 - INFO - Physical ML model trained for drone=5 samples=600
2026-02-12 02:23:43,022 - PhysicalMLTrainer_Drone2 - INFO - Physical ML model trained for drone=2 samples=600
2026-02-12 02:23:43,022 - PhysicalMLTrainer_Drone1 - INFO - Physical ML model trained for drone=1 samples=600
2026-02-12 02:23:43,866 - Drone_2 - WARNING - Drone 2: Cannot goto - invalid flight mode
2026-02-12 02:23:43,866 - Drone_3 - WARNING - Drone 3: Cannot goto - invalid flight mode
2026-02-12 02:23:43,867 - Drone_4 - WARNING - Drone 4: Cannot goto - invalid flight mode
2026-02-12 02:23:43,867 - Drone_5 - WARNING - Drone 5: Cannot goto - invalid flight mode
2026-02-12 02:23:44,868 - Drone_2 - WARNING - Drone 2: Cannot goto - invalid flight mode
2026-02-12 02:23:44,868 - Drone_3 - WARNING - Drone 3: Cannot goto - invalid flight mode
2026-02-12 02:23:44,869 - Drone_4 - WARNING - Drone 4: Cannot goto - invalid flight mode
2026-02-12 02:23:44,869 - Drone_5 - WARNING - Drone 5: Cannot goto - invalid flight mode
2026-02-12 02:23:45,870 - Drone_2 - WARNING - Drone 2: Cannot goto - invalid flight mode
2026-02-12 02:23:45,870 - Drone_3 - WARNING - Drone 3: Cannot goto - invalid flight mode
2026-02-12 02:23:45,870 - Drone_4 - WARNING - Drone 4: Cannot goto - invalid flight mode
2026-02-12 02:23:45,870 - Drone_5 - WARNING - Drone 5: Cannot goto - invalid flight mode
2026-02-12 02:23:46,871 - Drone_2 - WARNING - Drone 2: Cannot goto - invalid flight mode
2026-02-12 02:23:46,871 - Drone_3 - WARNING - Drone 3: Cannot goto - invalid flight mode
2026-02-12 02:23:46,871 - Drone_4 - WARNING - Drone 4: Cannot goto - invalid flight mode
2026-02-12 02:23:46,872 - Drone_5 - WARNING - Drone 5: Cannot goto - invalid flight mode
2026-02-12 02:23:47,872 - Drone_2 - WARNING - Drone 2: Cannot goto - invalid flight mode
2026-02-12 02:23:47,873 - Drone_3 - WARNING - Drone 3: Cannot goto - invalid flight mode
2026-02-12 02:23:47,873 - Drone_4 - WARNING - Drone 4: Cannot goto - invalid flight mode
2026-02-12 02:23:47,873 - Drone_5 - WARNING - Drone 5: Cannot goto - invalid flight mode
2026-02-12 02:23:48,874 - Drone_2 - WARNING - Drone 2: Cannot goto - invalid flight mode
2026-02-12 02:23:48,874 - Drone_3 - WARNING - Drone 3: Cannot goto - invalid flight mode
2026-02-12 02:23:48,875 - Drone_4 - WARNING - Drone 4: Cannot goto - invalid flight mode
2026-02-12 02:23:48,875 - Drone_5 - WARNING - Drone 5: Cannot goto - invalid flight mode
2026-02-12 02:23:49,876 - Drone_2 - WARNING - Drone 2: Cannot goto - invalid flight mode
2026-02-12 02:23:49,877 - Drone_3 - WARNING - Drone 3: Cannot goto - invalid flight mode
2026-02-12 02:23:49,877 - Drone_4 - WARNING - Drone 4: Cannot goto - invalid flight mode
2026-02-12 02:23:49,877 - Drone_5 - WARNING - Drone 5: Cannot goto - invalid flight mode
2026-02-12 02:23:50,878 - Drone_2 - WARNING - Drone 2: Cannot goto - invalid flight mode
2026-02-12 02:23:50,879 - Drone_3 - WARNING - Drone 3: Cannot goto - invalid flight mode
2026-02-12 02:23:50,880 - Drone_4 - WARNING - Drone 4: Cannot goto - invalid flight mode
2026-02-12 02:23:50,880 - Drone_5 - WARNING - Drone 5: Cannot goto - invalid flight mode
2026-02-12 02:23:51,881 - Drone_2 - WARNING - Drone 2: Cannot goto - invalid flight mode
2026-02-12 02:23:51,881 - Drone_3 - WARNING - Drone 3: Cannot goto - invalid flight mode
2026-02-12 02:23:51,881 - Drone_4 - WARNING - Drone 4: Cannot goto - invalid flight mode
2026-02-12 02:23:51,882 - Drone_5 - WARNING - Drone 5: Cannot goto - invalid flight mode
2026-02-12 02:23:52,882 - Drone_2 - WARNING - Drone 2: Cannot goto - invalid flight mode
2026-02-12 02:23:52,882 - Drone_3 - WARNING - Drone 3: Cannot goto - invalid flight mode
2026-02-12 02:23:52,882 - Drone_4 - WARNING - Drone 4: Cannot goto - invalid flight mode
2026-02-12 02:23:52,883 - Drone_5 - WARNING - Drone 5: Cannot goto - invalid flight mode
2026-02-12 02:23:53,883 - Drone_2 - WARNING - Drone 2: Cannot goto - invalid flight mode
2026-02-12 02:23:53,883 - Drone_3 - WARNING - Drone 3: Cannot goto - invalid flight mode
2026-02-12 02:23:53,883 - Drone_4 - WARNING - Drone 4: Cannot goto - invalid flight mode
2026-02-12 02:23:53,884 - Drone_5 - WARNING - Drone 5: Cannot goto - invalid flight mode
2026-02-12 02:23:54,884 - Drone_2 - WARNING - Drone 2: Cannot goto - invalid flight mode
2026-02-12 02:23:54,884 - Drone_3 - WARNING - Drone 3: Cannot goto - invalid flight mode
2026-02-12 02:23:54,884 - Drone_4 - WARNING - Drone 4: Cannot goto - invalid flight mode
2026-02-12 02:23:54,885 - Drone_5 - WARNING - Drone 5: Cannot goto - invalid flight mode
2026-02-12 02:23:55,885 - Drone_2 - WARNING - Drone 2: Cannot goto - invalid flight mode
2026-02-12 02:23:55,886 - Drone_3 - WARNING - Drone 3: Cannot goto - invalid flight mode
2026-02-12 02:23:55,886 - Drone_4 - WARNING - Drone 4: Cannot goto - invalid flight mode
2026-02-12 02:23:55,886 - Drone_5 - WARNING - Drone 5: Cannot goto - invalid flight mode
2026-02-12 02:23:56,886 - Drone_2 - WARNING - Drone 2: Cannot goto - invalid flight mode
2026-02-12 02:23:56,887 - Drone_3 - WARNING - Drone 3: Cannot goto - invalid flight mode
2026-02-12 02:23:56,887 - Drone_4 - WARNING - Drone 4: Cannot goto - invalid flight mode
2026-02-12 02:23:56,887 - Drone_5 - WARNING - Drone 5: Cannot goto - invalid flight mode
2026-02-12 02:23:57,887 - Drone_2 - WARNING - Drone 2: Cannot goto - invalid flight mode
2026-02-12 02:23:57,888 - Drone_3 - WARNING - Drone 3: Cannot goto - invalid flight mode
2026-02-12 02:23:57,888 - Drone_4 - WARNING - Drone 4: Cannot goto - invalid flight mode
2026-02-12 02:23:57,888 - Drone_5 - WARNING - Drone 5: Cannot goto - invalid flight mode
2026-02-12 02:23:58,889 - Drone_2 - WARNING - Drone 2: Cannot goto - invalid flight mode
2026-02-12 02:23:58,889 - Drone_3 - WARNING - Drone 3: Cannot goto - invalid flight mode
2026-02-12 02:23:58,890 - Drone_4 - WARNING - Drone 4: Cannot goto - invalid flight mode
2026-02-12 02:23:58,890 - Drone_5 - WARNING - Drone 5: Cannot goto - invalid flight mode
2026-02-12 02:23:59,891 - Drone_2 - WARNING - Drone 2: Cannot goto - invalid flight mode
2026-02-12 02:23:59,891 - Drone_3 - WARNING - Drone 3: Cannot goto - invalid flight mode
2026-02-12 02:23:59,891 - Drone_4 - WARNING - Drone 4: Cannot goto - invalid flight mode
2026-02-12 02:23:59,892 - Drone_5 - WARNING - Drone 5: Cannot goto - invalid flight mode
2026-02-12 02:24:00,892 - Drone_2 - WARNING - Drone 2: Cannot goto - invalid flight mode
2026-02-12 02:24:00,892 - Drone_3 - WARNING - Drone 3: Cannot goto - invalid flight mode
2026-02-12 02:24:00,893 - Drone_4 - WARNING - Drone 4: Cannot goto - invalid flight mode
2026-02-12 02:24:00,893 - Drone_5 - WARNING - Drone 5: Cannot goto - invalid flight mode
2026-02-12 02:24:01,893 - Drone_2 - WARNING - Drone 2: Cannot goto - invalid flight mode
2026-02-12 02:24:01,894 - Drone_3 - WARNING - Drone 3: Cannot goto - invalid flight mode
2026-02-12 02:24:01,894 - Drone_4 - WARNING - Drone 4: Cannot goto - invalid flight mode
2026-02-12 02:24:01,895 - Drone_5 - WARNING - Drone 5: Cannot goto - invalid flight mode
2026-02-12 02:24:02,895 - Drone_2 - WARNING - Drone 2: Cannot goto - invalid flight mode
2026-02-12 02:24:02,896 - Drone_3 - WARNING - Drone 3: Cannot goto - invalid flight mode
2026-02-12 02:24:02,897 - Drone_4 - WARNING - Drone 4: Cannot goto - invalid flight mode
2026-02-12 02:24:02,898 - Drone_5 - WARNING - Drone 5: Cannot goto - invalid flight mode
2026-02-12 02:24:03,103 - PhysicalMLTrainer_Drone3 - INFO - Physical ML model trained for drone=3 samples=800
2026-02-12 02:24:03,121 - PhysicalMLTrainer_Drone2 - INFO - Physical ML model trained for drone=2 samples=800
2026-02-12 02:24:03,122 - PhysicalMLTrainer_Drone1 - INFO - Physical ML model trained for drone=1 samples=800
2026-02-12 02:24:03,122 - PhysicalMLTrainer_Drone5 - INFO - Physical ML model trained for drone=5 samples=800
2026-02-12 02:24:03,122 - PhysicalMLTrainer_Drone4 - INFO - Physical ML model trained for drone=4 samples=800
2026-02-12 02:24:03,898 - Drone_2 - WARNING - Drone 2: Cannot goto - invalid flight mode
2026-02-12 02:24:03,899 - Drone_3 - WARNING - Drone 3: Cannot goto - invalid flight mode
2026-02-12 02:24:03,899 - Drone_4 - WARNING - Drone 4: Cannot goto - invalid flight mode
2026-02-12 02:24:03,899 - Drone_5 - WARNING - Drone 5: Cannot goto - invalid flight mode
2026-02-12 02:24:04,900 - Drone_2 - WARNING - Drone 2: Cannot goto - invalid flight mode
2026-02-12 02:24:04,900 - Drone_3 - WARNING - Drone 3: Cannot goto - invalid flight mode
2026-02-12 02:24:04,900 - Drone_4 - WARNING - Drone 4: Cannot goto - invalid flight mode
2026-02-12 02:24:04,901 - Drone_5 - WARNING - Drone 5: Cannot goto - invalid flight mode
2026-02-12 02:24:05,901 - Drone_2 - WARNING - Drone 2: Cannot goto - invalid flight mode
2026-02-12 02:24:05,901 - Drone_3 - WARNING - Drone 3: Cannot goto - invalid flight mode
2026-02-12 02:24:05,902 - Drone_4 - WARNING - Drone 4: Cannot goto - invalid flight mode
2026-02-12 02:24:05,902 - Drone_5 - WARNING - Drone 5: Cannot goto - invalid flight mode
2026-02-12 02:24:06,905 - Drone_2 - WARNING - Drone 2: Cannot goto - invalid flight mode
2026-02-12 02:24:06,906 - Drone_3 - WARNING - Drone 3: Cannot goto - invalid flight mode
2026-02-12 02:24:06,906 - Drone_4 - WARNING - Drone 4: Cannot goto - invalid flight mode
2026-02-12 02:24:06,907 - Drone_5 - WARNING - Drone 5: Cannot goto - invalid flight mode
2026-02-12 02:24:07,908 - Drone_2 - WARNING - Drone 2: Cannot goto - invalid flight mode
2026-02-12 02:24:07,908 - Drone_3 - WARNING - Drone 3: Cannot goto - invalid flight mode
2026-02-12 02:24:07,908 - Drone_4 - WARNING - Drone 4: Cannot goto - invalid flight mode
2026-02-12 02:24:07,909 - Drone_5 - WARNING - Drone 5: Cannot goto - invalid flight mode
2026-02-12 02:24:08,910 - Drone_2 - WARNING - Drone 2: Cannot goto - invalid flight mode
2026-02-12 02:24:08,910 - Drone_3 - WARNING - Drone 3: Cannot goto - invalid flight mode
2026-02-12 02:24:08,910 - Drone_4 - WARNING - Drone 4: Cannot goto - invalid flight mode
2026-02-12 02:24:08,911 - Drone_5 - WARNING - Drone 5: Cannot goto - invalid flight mode
2026-02-12 02:24:09,912 - Drone_2 - WARNING - Drone 2: Cannot goto - invalid flight mode
2026-02-12 02:24:09,912 - Drone_3 - WARNING - Drone 3: Cannot goto - invalid flight mode
2026-02-12 02:24:09,912 - Drone_4 - WARNING - Drone 4: Cannot goto - invalid flight mode
2026-02-12 02:24:09,912 - Drone_5 - WARNING - Drone 5: Cannot goto - invalid flight mode
2026-02-12 02:24:10,913 - Drone_2 - WARNING - Drone 2: Cannot goto - invalid flight mode
2026-02-12 02:24:10,914 - Drone_3 - WARNING - Drone 3: Cannot goto - invalid flight mode
2026-02-12 02:24:10,914 - Drone_4 - WARNING - Drone 4: Cannot goto - invalid flight mode
2026-02-12 02:24:10,914 - Drone_5 - WARNING - Drone 5: Cannot goto - invalid flight mode
2026-02-12 02:24:11,915 - Drone_2 - WARNING - Drone 2: Cannot goto - invalid flight mode
2026-02-12 02:24:11,916 - Drone_3 - WARNING - Drone 3: Cannot goto - invalid flight mode
2026-02-12 02:24:11,916 - Drone_4 - WARNING - Drone 4: Cannot goto - invalid flight mode
2026-02-12 02:24:11,916 - Drone_5 - WARNING - Drone 5: Cannot goto - invalid flight mode
2026-02-12 02:24:12,917 - Drone_2 - WARNING - Drone 2: Cannot goto - invalid flight mode
2026-02-12 02:24:12,919 - Drone_3 - WARNING - Drone 3: Cannot goto - invalid flight mode
2026-02-12 02:24:12,920 - Drone_4 - WARNING - Drone 4: Cannot goto - invalid flight mode
2026-02-12 02:24:12,921 - Drone_5 - WARNING - Drone 5: Cannot goto - invalid flight mode
2026-02-12 02:24:13,922 - Drone_2 - WARNING - Drone 2: Cannot goto - invalid flight mode
2026-02-12 02:24:13,922 - Drone_3 - WARNING - Drone 3: Cannot goto - invalid flight mode
2026-02-12 02:24:13,922 - Drone_4 - WARNING - Drone 4: Cannot goto - invalid flight mode
2026-02-12 02:24:13,923 - Drone_5 - WARNING - Drone 5: Cannot goto - invalid flight mode
2026-02-12 02:24:14,924 - Drone_2 - WARNING - Drone 2: Cannot goto - invalid flight mode
2026-02-12 02:24:14,925 - Drone_3 - WARNING - Drone 3: Cannot goto - invalid flight mode
2026-02-12 02:24:14,925 - Drone_4 - WARNING - Drone 4: Cannot goto - invalid flight mode
2026-02-12 02:24:14,926 - Drone_5 - WARNING - Drone 5: Cannot goto - invalid flight mode
2026-02-12 02:24:15,927 - Drone_2 - WARNING - Drone 2: Cannot goto - invalid flight mode
2026-02-12 02:24:15,928 - Drone_3 - WARNING - Drone 3: Cannot goto - invalid flight mode
2026-02-12 02:24:15,928 - Drone_4 - WARNING - Drone 4: Cannot goto - invalid flight mode
2026-02-12 02:24:15,929 - Drone_5 - WARNING - Drone 5: Cannot goto - invalid flight mode
2026-02-12 02:24:16,684 - Drone_1 - INFO - Drone 1: Flying to {'x': -1000, 'y': 0, 'z': 150.97796821594238}
2026-02-12 02:24:16,930 - Drone_2 - WARNING - Drone 2: Cannot goto - invalid flight mode
2026-02-12 02:24:16,931 - Drone_3 - WARNING - Drone 3: Cannot goto - invalid flight mode
2026-02-12 02:24:16,932 - Drone_4 - WARNING - Drone 4: Cannot goto - invalid flight mode
2026-02-12 02:24:16,932 - Drone_5 - WARNING - Drone 5: Cannot goto - invalid flight mode
2026-02-12 02:24:17,036 - Drone_1 - INFO - Drone 1: Flying to {'x': -1006.0376524925232, 'y': 0.0, 'z': 150.97796821594238}
2026-02-12 02:24:17,934 - Drone_2 - WARNING - Drone 2: Cannot goto - invalid flight mode
2026-02-12 02:24:17,935 - Drone_3 - WARNING - Drone 3: Cannot goto - invalid flight mode
2026-02-12 02:24:17,936 - Drone_4 - WARNING - Drone 4: Cannot goto - invalid flight mode
2026-02-12 02:24:17,938 - Drone_5 - WARNING - Drone 5: Cannot goto - invalid flight mode
2026-02-12 02:24:18,939 - Drone_2 - WARNING - Drone 2: Cannot goto - invalid flight mode
2026-02-12 02:24:18,940 - Drone_3 - WARNING - Drone 3: Cannot goto - invalid flight mode
2026-02-12 02:24:18,940 - Drone_4 - WARNING - Drone 4: Cannot goto - invalid flight mode
2026-02-12 02:24:18,940 - Drone_5 - WARNING - Drone 5: Cannot goto - invalid flight mode
2026-02-12 02:24:19,941 - Drone_2 - WARNING - Drone 2: Cannot goto - invalid flight mode
2026-02-12 02:24:19,942 - Drone_3 - WARNING - Drone 3: Cannot goto - invalid flight mode
2026-02-12 02:24:19,942 - Drone_4 - WARNING - Drone 4: Cannot goto - invalid flight mode
2026-02-12 02:24:19,943 - Drone_5 - WARNING - Drone 5: Cannot goto - invalid flight mode
2026-02-12 02:24:20,944 - Drone_2 - WARNING - Drone 2: Cannot goto - invalid flight mode
2026-02-12 02:24:20,945 - Drone_3 - WARNING - Drone 3: Cannot goto - invalid flight mode
2026-02-12 02:24:20,946 - Drone_4 - WARNING - Drone 4: Cannot goto - invalid flight mode
2026-02-12 02:24:20,947 - Drone_5 - WARNING - Drone 5: Cannot goto - invalid flight mode
2026-02-12 02:24:21,948 - Drone_2 - WARNING - Drone 2: Cannot goto - invalid flight mode
2026-02-12 02:24:21,949 - Drone_3 - WARNING - Drone 3: Cannot goto - invalid flight mode
2026-02-12 02:24:21,950 - Drone_4 - WARNING - Drone 4: Cannot goto - invalid flight mode
2026-02-12 02:24:21,951 - Drone_5 - WARNING - Drone 5: Cannot goto - invalid flight mode
2026-02-12 02:24:22,953 - Drone_2 - WARNING - Drone 2: Cannot goto - invalid flight mode
2026-02-12 02:24:22,954 - Drone_3 - WARNING - Drone 3: Cannot goto - invalid flight mode
2026-02-12 02:24:22,954 - Drone_4 - WARNING - Drone 4: Cannot goto - invalid flight mode
2026-02-12 02:24:22,955 - Drone_5 - WARNING - Drone 5: Cannot goto - invalid flight mode
2026-02-12 02:24:23,208 - PhysicalMLTrainer_Drone3 - INFO - Physical ML model trained for drone=3 samples=1000
2026-02-12 02:24:23,234 - PhysicalMLTrainer_Drone2 - INFO - Physical ML model trained for drone=2 samples=1000
2026-02-12 02:24:23,234 - PhysicalMLTrainer_Drone4 - INFO - Physical ML model trained for drone=4 samples=1000
2026-02-12 02:24:23,235 - PhysicalMLTrainer_Drone5 - INFO - Physical ML model trained for drone=5 samples=1000
2026-02-12 02:24:23,235 - PhysicalMLTrainer_Drone1 - INFO - Physical ML model trained for drone=1 samples=1000
2026-02-12 02:24:23,955 - Drone_2 - WARNING - Drone 2: Cannot goto - invalid flight mode
2026-02-12 02:24:23,957 - Drone_3 - WARNING - Drone 3: Cannot goto - invalid flight mode
2026-02-12 02:24:23,958 - Drone_4 - WARNING - Drone 4: Cannot goto - invalid flight mode
2026-02-12 02:24:23,959 - Drone_5 - WARNING - Drone 5: Cannot goto - invalid flight mode
2026-02-12 02:24:24,961 - Drone_2 - WARNING - Drone 2: Cannot goto - invalid flight mode
2026-02-12 02:24:24,962 - Drone_3 - WARNING - Drone 3: Cannot goto - invalid flight mode
2026-02-12 02:24:24,963 - Drone_4 - WARNING - Drone 4: Cannot goto - invalid flight mode
2026-02-12 02:24:24,964 - Drone_5 - WARNING - Drone 5: Cannot goto - invalid flight mode
2026-02-12 02:24:25,965 - Drone_2 - WARNING - Drone 2: Cannot goto - invalid flight mode
2026-02-12 02:24:25,965 - Drone_3 - WARNING - Drone 3: Cannot goto - invalid flight mode
2026-02-12 02:24:25,966 - Drone_4 - WARNING - Drone 4: Cannot goto - invalid flight mode
2026-02-12 02:24:25,966 - Drone_5 - WARNING - Drone 5: Cannot goto - invalid flight mode
2026-02-12 02:24:26,966 - Drone_2 - WARNING - Drone 2: Cannot goto - invalid flight mode
2026-02-12 02:24:26,967 - Drone_3 - WARNING - Drone 3: Cannot goto - invalid flight mode
2026-02-12 02:24:26,967 - Drone_4 - WARNING - Drone 4: Cannot goto - invalid flight mode
2026-02-12 02:24:26,968 - Drone_5 - WARNING - Drone 5: Cannot goto - invalid flight mode
2026-02-12 02:24:27,968 - Drone_2 - WARNING - Drone 2: Cannot goto - invalid flight mode
2026-02-12 02:24:27,969 - Drone_3 - WARNING - Drone 3: Cannot goto - invalid flight mode
2026-02-12 02:24:27,969 - Drone_4 - WARNING - Drone 4: Cannot goto - invalid flight mode
2026-02-12 02:24:27,970 - Drone_5 - WARNING - Drone 5: Cannot goto - invalid flight mode
2026-02-12 02:24:28,970 - Drone_2 - WARNING - Drone 2: Cannot goto - invalid flight mode
2026-02-12 02:24:28,970 - Drone_3 - WARNING - Drone 3: Cannot goto - invalid flight mode
2026-02-12 02:24:28,971 - Drone_4 - WARNING - Drone 4: Cannot goto - invalid flight mode
2026-02-12 02:24:28,971 - Drone_5 - WARNING - Drone 5: Cannot goto - invalid flight mode
2026-02-12 02:24:29,972 - Drone_2 - WARNING - Drone 2: Cannot goto - invalid flight mode
2026-02-12 02:24:29,974 - Drone_3 - WARNING - Drone 3: Cannot goto - invalid flight mode
2026-02-12 02:24:29,975 - Drone_4 - WARNING - Drone 4: Cannot goto - invalid flight mode
2026-02-12 02:24:29,976 - Drone_5 - WARNING - Drone 5: Cannot goto - invalid flight mode
2026-02-12 02:24:30,977 - Drone_2 - WARNING - Drone 2: Cannot goto - invalid flight mode
2026-02-12 02:24:30,978 - Drone_3 - WARNING - Drone 3: Cannot goto - invalid flight mode
2026-02-12 02:24:30,980 - Drone_4 - WARNING - Drone 4: Cannot goto - invalid flight mode
2026-02-12 02:24:30,981 - Drone_5 - WARNING - Drone 5: Cannot goto - invalid flight mode
2026-02-12 02:24:31,983 - Drone_2 - WARNING - Drone 2: Cannot goto - invalid flight mode
2026-02-12 02:24:31,983 - Drone_3 - WARNING - Drone 3: Cannot goto - invalid flight mode
2026-02-12 02:24:31,984 - Drone_4 - WARNING - Drone 4: Cannot goto - invalid flight mode
2026-02-12 02:24:31,985 - Drone_5 - WARNING - Drone 5: Cannot goto - invalid flight mode
2026-02-12 02:24:32,986 - Drone_2 - WARNING - Drone 2: Cannot goto - invalid flight mode
2026-02-12 02:24:32,987 - Drone_3 - WARNING - Drone 3: Cannot goto - invalid flight mode
2026-02-12 02:24:32,987 - Drone_4 - WARNING - Drone 4: Cannot goto - invalid flight mode
2026-02-12 02:24:32,988 - Drone_5 - WARNING - Drone 5: Cannot goto - invalid flight mode
2026-02-12 02:24:33,990 - Drone_2 - WARNING - Drone 2: Cannot goto - invalid flight mode
2026-02-12 02:24:33,990 - Drone_3 - WARNING - Drone 3: Cannot goto - invalid flight mode
2026-02-12 02:24:33,991 - Drone_4 - WARNING - Drone 4: Cannot goto - invalid flight mode
2026-02-12 02:24:33,992 - Drone_5 - WARNING - Drone 5: Cannot goto - invalid flight mode
2026-02-12 02:24:34,992 - Drone_2 - WARNING - Drone 2: Cannot goto - invalid flight mode
2026-02-12 02:24:34,993 - Drone_3 - WARNING - Drone 3: Cannot goto - invalid flight mode
2026-02-12 02:24:34,994 - Drone_4 - WARNING - Drone 4: Cannot goto - invalid flight mode
2026-02-12 02:24:34,994 - Drone_5 - WARNING - Drone 5: Cannot goto - invalid flight mode
2026-02-12 02:24:35,995 - Drone_2 - WARNING - Drone 2: Cannot goto - invalid flight mode
2026-02-12 02:24:35,996 - Drone_3 - WARNING - Drone 3: Cannot goto - invalid flight mode
2026-02-12 02:24:35,997 - Drone_4 - WARNING - Drone 4: Cannot goto - invalid flight mode
2026-02-12 02:24:35,997 - Drone_5 - WARNING - Drone 5: Cannot goto - invalid flight mode
2026-02-12 02:24:36,998 - Drone_2 - WARNING - Drone 2: Cannot goto - invalid flight mode
2026-02-12 02:24:36,999 - Drone_3 - WARNING - Drone 3: Cannot goto - invalid flight mode
2026-02-12 02:24:37,001 - Drone_4 - WARNING - Drone 4: Cannot goto - invalid flight mode
2026-02-12 02:24:37,002 - Drone_5 - WARNING - Drone 5: Cannot goto - invalid flight mode
2026-02-12 02:24:37,814 - Drone_1 - INFO - Drone 1: Flying to {'x': -1317.0200109481812, 'y': 0.0, 'z': 150.97796821594238}
2026-02-12 02:24:38,003 - Drone_2 - WARNING - Drone 2: Cannot goto - invalid flight mode
2026-02-12 02:24:38,004 - Drone_3 - WARNING - Drone 3: Cannot goto - invalid flight mode
2026-02-12 02:24:38,005 - Drone_4 - WARNING - Drone 4: Cannot goto - invalid flight mode
2026-02-12 02:24:38,006 - Drone_5 - WARNING - Drone 5: Cannot goto - invalid flight mode
2026-02-12 02:24:39,006 - Drone_2 - WARNING - Drone 2: Cannot goto - invalid flight mode
2026-02-12 02:24:39,007 - Drone_3 - WARNING - Drone 3: Cannot goto - invalid flight mode
2026-02-12 02:24:39,010 - Drone_4 - WARNING - Drone 4: Cannot goto - invalid flight mode
2026-02-12 02:24:39,010 - Drone_5 - WARNING - Drone 5: Cannot goto - invalid flight mode
2026-02-12 02:24:40,011 - Drone_2 - WARNING - Drone 2: Cannot goto - invalid flight mode
2026-02-12 02:24:40,011 - Drone_3 - WARNING - Drone 3: Cannot goto - invalid flight mode
2026-02-12 02:24:40,012 - Drone_4 - WARNING - Drone 4: Cannot goto - invalid flight mode
2026-02-12 02:24:40,012 - Drone_5 - WARNING - Drone 5: Cannot goto - invalid flight mode
2026-02-12 02:24:41,013 - Drone_2 - WARNING - Drone 2: Cannot goto - invalid flight mode
2026-02-12 02:24:41,014 - Drone_3 - WARNING - Drone 3: Cannot goto - invalid flight mode
2026-02-12 02:24:41,014 - Drone_4 - WARNING - Drone 4: Cannot goto - invalid flight mode
2026-02-12 02:24:41,015 - Drone_5 - WARNING - Drone 5: Cannot goto - invalid flight mode
2026-02-12 02:24:42,015 - Drone_2 - WARNING - Drone 2: Cannot goto - invalid flight mode
2026-02-12 02:24:42,016 - Drone_3 - WARNING - Drone 3: Cannot goto - invalid flight mode
2026-02-12 02:24:42,017 - Drone_4 - WARNING - Drone 4: Cannot goto - invalid flight mode
2026-02-12 02:24:42,017 - Drone_5 - WARNING - Drone 5: Cannot goto - invalid flight mode
2026-02-12 02:24:43,018 - Drone_2 - WARNING - Drone 2: Cannot goto - invalid flight mode
2026-02-12 02:24:43,019 - Drone_3 - WARNING - Drone 3: Cannot goto - invalid flight mode
2026-02-12 02:24:43,020 - Drone_4 - WARNING - Drone 4: Cannot goto - invalid flight mode
2026-02-12 02:24:43,021 - Drone_5 - WARNING - Drone 5: Cannot goto - invalid flight mode
2026-02-12 02:24:43,321 - PhysicalMLTrainer_Drone3 - INFO - Physical ML model trained for drone=3 samples=1200
2026-02-12 02:24:43,362 - PhysicalMLTrainer_Drone4 - INFO - Physical ML model trained for drone=4 samples=1200
2026-02-12 02:24:43,362 - PhysicalMLTrainer_Drone2 - INFO - Physical ML model trained for drone=2 samples=1200
2026-02-12 02:24:43,364 - PhysicalMLTrainer_Drone1 - INFO - Physical ML model trained for drone=1 samples=1200
2026-02-12 02:24:43,364 - PhysicalMLTrainer_Drone5 - INFO - Physical ML model trained for drone=5 samples=1200
2026-02-12 02:24:44,022 - Drone_2 - WARNING - Drone 2: Cannot goto - invalid flight mode
2026-02-12 02:24:44,023 - Drone_3 - WARNING - Drone 3: Cannot goto - invalid flight mode
2026-02-12 02:24:44,025 - Drone_4 - WARNING - Drone 4: Cannot goto - invalid flight mode
2026-02-12 02:24:44,025 - Drone_5 - WARNING - Drone 5: Cannot goto - invalid flight mode
2026-02-12 02:24:45,026 - Drone_2 - WARNING - Drone 2: Cannot goto - invalid flight mode
2026-02-12 02:24:45,027 - Drone_3 - WARNING - Drone 3: Cannot goto - invalid flight mode
2026-02-12 02:24:45,027 - Drone_4 - WARNING - Drone 4: Cannot goto - invalid flight mode
2026-02-12 02:24:45,028 - Drone_5 - WARNING - Drone 5: Cannot goto - invalid flight mode
2026-02-12 02:24:46,029 - Drone_2 - WARNING - Drone 2: Cannot goto - invalid flight mode
2026-02-12 02:24:46,030 - Drone_3 - WARNING - Drone 3: Cannot goto - invalid flight mode
2026-02-12 02:24:46,031 - Drone_4 - WARNING - Drone 4: Cannot goto - invalid flight mode
2026-02-12 02:24:46,032 - Drone_5 - WARNING - Drone 5: Cannot goto - invalid flight mode
2026-02-12 02:24:47,035 - Drone_2 - WARNING - Drone 2: Cannot goto - invalid flight mode
2026-02-12 02:24:47,036 - Drone_3 - WARNING - Drone 3: Cannot goto - invalid flight mode
2026-02-12 02:24:47,038 - Drone_4 - WARNING - Drone 4: Cannot goto - invalid flight mode
2026-02-12 02:24:47,038 - Drone_5 - WARNING - Drone 5: Cannot goto - invalid flight mode
2026-02-12 02:24:48,038 - Drone_2 - WARNING - Drone 2: Cannot goto - invalid flight mode
2026-02-12 02:24:48,039 - Drone_3 - WARNING - Drone 3: Cannot goto - invalid flight mode
2026-02-12 02:24:48,041 - Drone_4 - WARNING - Drone 4: Cannot goto - invalid flight mode
2026-02-12 02:24:48,041 - Drone_5 - WARNING - Drone 5: Cannot goto - invalid flight mode
2026-02-12 02:24:49,042 - Drone_2 - WARNING - Drone 2: Cannot goto - invalid flight mode
2026-02-12 02:24:49,043 - Drone_3 - WARNING - Drone 3: Cannot goto - invalid flight mode
2026-02-12 02:24:49,043 - Drone_4 - WARNING - Drone 4: Cannot goto - invalid flight mode
2026-02-12 02:24:49,043 - Drone_5 - WARNING - Drone 5: Cannot goto - invalid flight mode
2026-02-12 02:24:50,044 - Drone_2 - WARNING - Drone 2: Cannot goto - invalid flight mode
2026-02-12 02:24:50,045 - Drone_3 - WARNING - Drone 3: Cannot goto - invalid flight mode
2026-02-12 02:24:50,045 - Drone_4 - WARNING - Drone 4: Cannot goto - invalid flight mode
2026-02-12 02:24:50,045 - Drone_5 - WARNING - Drone 5: Cannot goto - invalid flight mode
2026-02-12 02:24:51,046 - Drone_2 - WARNING - Drone 2: Cannot goto - invalid flight mode
2026-02-12 02:24:51,047 - Drone_3 - WARNING - Drone 3: Cannot goto - invalid flight mode
2026-02-12 02:24:51,048 - Drone_4 - WARNING - Drone 4: Cannot goto - invalid flight mode
2026-02-12 02:24:51,048 - Drone_5 - WARNING - Drone 5: Cannot goto - invalid flight mode
2026-02-12 02:24:52,049 - Drone_2 - WARNING - Drone 2: Cannot goto - invalid flight mode
2026-02-12 02:24:52,049 - Drone_3 - WARNING - Drone 3: Cannot goto - invalid flight mode
2026-02-12 02:24:52,050 - Drone_4 - WARNING - Drone 4: Cannot goto - invalid flight mode
2026-02-12 02:24:52,050 - Drone_5 - WARNING - Drone 5: Cannot goto - invalid flight mode
2026-02-12 02:24:53,050 - Drone_2 - WARNING - Drone 2: Cannot goto - invalid flight mode
2026-02-12 02:24:53,051 - Drone_3 - WARNING - Drone 3: Cannot goto - invalid flight mode
2026-02-12 02:24:53,052 - Drone_4 - WARNING - Drone 4: Cannot goto - invalid flight mode
2026-02-12 02:24:53,053 - Drone_5 - WARNING - Drone 5: Cannot goto - invalid flight mode
2026-02-12 02:24:54,054 - Drone_2 - WARNING - Drone 2: Cannot goto - invalid flight mode
2026-02-12 02:24:54,055 - Drone_3 - WARNING - Drone 3: Cannot goto - invalid flight mode
2026-02-12 02:24:54,056 - Drone_4 - WARNING - Drone 4: Cannot goto - invalid flight mode
2026-02-12 02:24:54,057 - Drone_5 - WARNING - Drone 5: Cannot goto - invalid flight mode
2026-02-12 02:24:55,060 - Drone_2 - WARNING - Drone 2: Cannot goto - invalid flight mode
2026-02-12 02:24:55,060 - Drone_3 - WARNING - Drone 3: Cannot goto - invalid flight mode
2026-02-12 02:24:55,061 - Drone_4 - WARNING - Drone 4: Cannot goto - invalid flight mode
2026-02-12 02:24:55,061 - Drone_5 - WARNING - Drone 5: Cannot goto - invalid flight mode
2026-02-12 02:24:56,062 - Drone_2 - WARNING - Drone 2: Cannot goto - invalid flight mode
2026-02-12 02:24:56,062 - Drone_3 - WARNING - Drone 3: Cannot goto - invalid flight mode
2026-02-12 02:24:56,063 - Drone_4 - WARNING - Drone 4: Cannot goto - invalid flight mode
2026-02-12 02:24:56,063 - Drone_5 - WARNING - Drone 5: Cannot goto - invalid flight mode
2026-02-12 02:24:57,064 - Drone_2 - WARNING - Drone 2: Cannot goto - invalid flight mode
2026-02-12 02:24:57,064 - Drone_3 - WARNING - Drone 3: Cannot goto - invalid flight mode
2026-02-12 02:24:57,065 - Drone_4 - WARNING - Drone 4: Cannot goto - invalid flight mode
2026-02-12 02:24:57,065 - Drone_5 - WARNING - Drone 5: Cannot goto - invalid flight mode
2026-02-12 02:24:58,067 - Drone_2 - WARNING - Drone 2: Cannot goto - invalid flight mode
2026-02-12 02:24:58,068 - Drone_3 - WARNING - Drone 3: Cannot goto - invalid flight mode
2026-02-12 02:24:58,069 - Drone_4 - WARNING - Drone 4: Cannot goto - invalid flight mode
2026-02-12 02:24:58,070 - Drone_5 - WARNING - Drone 5: Cannot goto - invalid flight mode
2026-02-12 02:24:59,071 - Drone_2 - WARNING - Drone 2: Cannot goto - invalid flight mode
2026-02-12 02:24:59,072 - Drone_3 - WARNING - Drone 3: Cannot goto - invalid flight mode
2026-02-12 02:24:59,074 - Drone_4 - WARNING - Drone 4: Cannot goto - invalid flight mode
2026-02-12 02:24:59,074 - Drone_5 - WARNING - Drone 5: Cannot goto - invalid flight mode
2026-02-12 02:25:00,075 - Drone_2 - WARNING - Drone 2: Cannot goto - invalid flight mode
2026-02-12 02:25:00,076 - Drone_3 - WARNING - Drone 3: Cannot goto - invalid flight mode
2026-02-12 02:25:00,077 - Drone_4 - WARNING - Drone 4: Cannot goto - invalid flight mode
2026-02-12 02:25:00,078 - Drone_5 - WARNING - Drone 5: Cannot goto - invalid flight mode
2026-02-12 02:25:01,078 - Drone_2 - WARNING - Drone 2: Cannot goto - invalid flight mode
2026-02-12 02:25:01,079 - Drone_3 - WARNING - Drone 3: Cannot goto - invalid flight mode
2026-02-12 02:25:01,079 - Drone_4 - WARNING - Drone 4: Cannot goto - invalid flight mode
2026-02-12 02:25:01,079 - Drone_5 - WARNING - Drone 5: Cannot goto - invalid flight mode
2026-02-12 02:25:02,082 - Drone_2 - WARNING - Drone 2: Cannot goto - invalid flight mode
2026-02-12 02:25:02,082 - Drone_3 - WARNING - Drone 3: Cannot goto - invalid flight mode
2026-02-12 02:25:02,083 - Drone_4 - WARNING - Drone 4: Cannot goto - invalid flight mode
2026-02-12 02:25:02,083 - Drone_5 - WARNING - Drone 5: Cannot goto - invalid flight mode
2026-02-12 02:25:03,084 - Drone_2 - WARNING - Drone 2: Cannot goto - invalid flight mode
2026-02-12 02:25:03,084 - Drone_3 - WARNING - Drone 3: Cannot goto - invalid flight mode
2026-02-12 02:25:03,085 - Drone_4 - WARNING - Drone 4: Cannot goto - invalid flight mode
2026-02-12 02:25:03,085 - Drone_5 - WARNING - Drone 5: Cannot goto - invalid flight mode
2026-02-12 02:25:03,438 - PhysicalMLTrainer_Drone3 - INFO - Physical ML model trained for drone=3 samples=1400
2026-02-12 02:25:03,479 - PhysicalMLTrainer_Drone2 - INFO - Physical ML model trained for drone=2 samples=1400
2026-02-12 02:25:03,485 - PhysicalMLTrainer_Drone1 - INFO - Physical ML model trained for drone=1 samples=1400
2026-02-12 02:25:03,486 - PhysicalMLTrainer_Drone5 - INFO - Physical ML model trained for drone=5 samples=1400
2026-02-12 02:25:03,490 - PhysicalMLTrainer_Drone4 - INFO - Physical ML model trained for drone=4 samples=1400
2026-02-12 02:25:04,086 - Drone_2 - WARNING - Drone 2: Cannot goto - invalid flight mode
2026-02-12 02:25:04,086 - Drone_3 - WARNING - Drone 3: Cannot goto - invalid flight mode
2026-02-12 02:25:04,087 - Drone_4 - WARNING - Drone 4: Cannot goto - invalid flight mode
2026-02-12 02:25:04,087 - Drone_5 - WARNING - Drone 5: Cannot goto - invalid flight mode
2026-02-12 02:25:05,088 - Drone_2 - WARNING - Drone 2: Cannot goto - invalid flight mode
2026-02-12 02:25:05,089 - Drone_3 - WARNING - Drone 3: Cannot goto - invalid flight mode
2026-02-12 02:25:05,089 - Drone_4 - WARNING - Drone 4: Cannot goto - invalid flight mode
2026-02-12 02:25:05,089 - Drone_5 - WARNING - Drone 5: Cannot goto - invalid flight mode
2026-02-12 02:25:06,090 - Drone_2 - WARNING - Drone 2: Cannot goto - invalid flight mode
2026-02-12 02:25:06,091 - Drone_3 - WARNING - Drone 3: Cannot goto - invalid flight mode
2026-02-12 02:25:06,092 - Drone_4 - WARNING - Drone 4: Cannot goto - invalid flight mode
2026-02-12 02:25:06,092 - Drone_5 - WARNING - Drone 5: Cannot goto - invalid flight mode
2026-02-12 02:25:07,094 - Drone_2 - WARNING - Drone 2: Cannot goto - invalid flight mode
2026-02-12 02:25:07,094 - Drone_3 - WARNING - Drone 3: Cannot goto - invalid flight mode
2026-02-12 02:25:07,094 - Drone_4 - WARNING - Drone 4: Cannot goto - invalid flight mode
2026-02-12 02:25:07,095 - Drone_5 - WARNING - Drone 5: Cannot goto - invalid flight mode
2026-02-12 02:25:08,096 - Drone_2 - WARNING - Drone 2: Cannot goto - invalid flight mode
2026-02-12 02:25:08,096 - Drone_3 - WARNING - Drone 3: Cannot goto - invalid flight mode
2026-02-12 02:25:08,097 - Drone_4 - WARNING - Drone 4: Cannot goto - invalid flight mode
2026-02-12 02:25:08,098 - Drone_5 - WARNING - Drone 5: Cannot goto - invalid flight mode
2026-02-12 02:25:09,099 - Drone_2 - WARNING - Drone 2: Cannot goto - invalid flight mode
2026-02-12 02:25:09,100 - Drone_3 - WARNING - Drone 3: Cannot goto - invalid flight mode
2026-02-12 02:25:09,100 - Drone_4 - WARNING - Drone 4: Cannot goto - invalid flight mode
2026-02-12 02:25:09,100 - Drone_5 - WARNING - Drone 5: Cannot goto - invalid flight mode
2026-02-12 02:25:10,101 - Drone_2 - WARNING - Drone 2: Cannot goto - invalid flight mode
2026-02-12 02:25:10,101 - Drone_3 - WARNING - Drone 3: Cannot goto - invalid flight mode
2026-02-12 02:25:10,101 - Drone_4 - WARNING - Drone 4: Cannot goto - invalid flight mode
2026-02-12 02:25:10,101 - Drone_5 - WARNING - Drone 5: Cannot goto - invalid flight mode
2026-02-12 02:25:11,102 - Drone_2 - WARNING - Drone 2: Cannot goto - invalid flight mode
2026-02-12 02:25:11,102 - Drone_3 - WARNING - Drone 3: Cannot goto - invalid flight mode
2026-02-12 02:25:11,102 - Drone_4 - WARNING - Drone 4: Cannot goto - invalid flight mode
2026-02-12 02:25:11,102 - Drone_5 - WARNING - Drone 5: Cannot goto - invalid flight mode
2026-02-12 02:25:12,103 - Drone_2 - WARNING - Drone 2: Cannot goto - invalid flight mode
2026-02-12 02:25:12,104 - Drone_3 - WARNING - Drone 3: Cannot goto - invalid flight mode
2026-02-12 02:25:12,104 - Drone_4 - WARNING - Drone 4: Cannot goto - invalid flight mode
2026-02-12 02:25:12,105 - Drone_5 - WARNING - Drone 5: Cannot goto - invalid flight mode
2026-02-12 02:25:13,106 - Drone_2 - WARNING - Drone 2: Cannot goto - invalid flight mode
2026-02-12 02:25:13,107 - Drone_3 - WARNING - Drone 3: Cannot goto - invalid flight mode
2026-02-12 02:25:13,107 - Drone_4 - WARNING - Drone 4: Cannot goto - invalid flight mode
2026-02-12 02:25:13,107 - Drone_5 - WARNING - Drone 5: Cannot goto - invalid flight mode
2026-02-12 02:25:14,108 - Drone_2 - WARNING - Drone 2: Cannot goto - invalid flight mode
2026-02-12 02:25:14,108 - Drone_3 - WARNING - Drone 3: Cannot goto - invalid flight mode
2026-02-12 02:25:14,109 - Drone_4 - WARNING - Drone 4: Cannot goto - invalid flight mode
2026-02-12 02:25:14,109 - Drone_5 - WARNING - Drone 5: Cannot goto - invalid flight mode
2026-02-12 02:25:15,109 - Drone_2 - WARNING - Drone 2: Cannot goto - invalid flight mode
2026-02-12 02:25:15,109 - Drone_3 - WARNING - Drone 3: Cannot goto - invalid flight mode
2026-02-12 02:25:15,110 - Drone_4 - WARNING - Drone 4: Cannot goto - invalid flight mode
2026-02-12 02:25:15,110 - Drone_5 - WARNING - Drone 5: Cannot goto - invalid flight mode
2026-02-12 02:25:16,110 - Drone_2 - WARNING - Drone 2: Cannot goto - invalid flight mode
2026-02-12 02:25:16,111 - Drone_3 - WARNING - Drone 3: Cannot goto - invalid flight mode
2026-02-12 02:25:16,111 - Drone_4 - WARNING - Drone 4: Cannot goto - invalid flight mode
2026-02-12 02:25:16,111 - Drone_5 - WARNING - Drone 5: Cannot goto - invalid flight mode
2026-02-12 02:25:17,112 - Drone_2 - WARNING - Drone 2: Cannot goto - invalid flight mode
2026-02-12 02:25:17,112 - Drone_3 - WARNING - Drone 3: Cannot goto - invalid flight mode
2026-02-12 02:25:17,112 - Drone_4 - WARNING - Drone 4: Cannot goto - invalid flight mode
2026-02-12 02:25:17,113 - Drone_5 - WARNING - Drone 5: Cannot goto - invalid flight mode
2026-02-12 02:25:18,113 - Drone_2 - WARNING - Drone 2: Cannot goto - invalid flight mode
2026-02-12 02:25:18,114 - Drone_3 - WARNING - Drone 3: Cannot goto - invalid flight mode
2026-02-12 02:25:18,114 - Drone_4 - WARNING - Drone 4: Cannot goto - invalid flight mode
2026-02-12 02:25:18,115 - Drone_5 - WARNING - Drone 5: Cannot goto - invalid flight mode
2026-02-12 02:25:19,116 - Drone_2 - WARNING - Drone 2: Cannot goto - invalid flight mode
2026-02-12 02:25:19,116 - Drone_3 - WARNING - Drone 3: Cannot goto - invalid flight mode
2026-02-12 02:25:19,117 - Drone_4 - WARNING - Drone 4: Cannot goto - invalid flight mode
2026-02-12 02:25:19,117 - Drone_5 - WARNING - Drone 5: Cannot goto - invalid flight mode
2026-02-12 02:25:20,117 - Drone_2 - WARNING - Drone 2: Cannot goto - invalid flight mode
2026-02-12 02:25:20,118 - Drone_3 - WARNING - Drone 3: Cannot goto - invalid flight mode
2026-02-12 02:25:20,118 - Drone_4 - WARNING - Drone 4: Cannot goto - invalid flight mode
2026-02-12 02:25:20,118 - Drone_5 - WARNING - Drone 5: Cannot goto - invalid flight mode
2026-02-12 02:25:21,119 - Drone_2 - WARNING - Drone 2: Cannot goto - invalid flight mode
2026-02-12 02:25:21,120 - Drone_3 - WARNING - Drone 3: Cannot goto - invalid flight mode
2026-02-12 02:25:21,121 - Drone_4 - WARNING - Drone 4: Cannot goto - invalid flight mode
2026-02-12 02:25:21,122 - Drone_5 - WARNING - Drone 5: Cannot goto - invalid flight mode
2026-02-12 02:25:22,123 - Drone_2 - WARNING - Drone 2: Cannot goto - invalid flight mode
2026-02-12 02:25:22,124 - Drone_3 - WARNING - Drone 3: Cannot goto - invalid flight mode
2026-02-12 02:25:22,125 - Drone_4 - WARNING - Drone 4: Cannot goto - invalid flight mode
2026-02-12 02:25:22,126 - Drone_5 - WARNING - Drone 5: Cannot goto - invalid flight mode
2026-02-12 02:25:23,127 - Drone_2 - WARNING - Drone 2: Cannot goto - invalid flight mode
2026-02-12 02:25:23,128 - Drone_3 - WARNING - Drone 3: Cannot goto - invalid flight mode
2026-02-12 02:25:23,128 - Drone_4 - WARNING - Drone 4: Cannot goto - invalid flight mode
2026-02-12 02:25:23,129 - Drone_5 - WARNING - Drone 5: Cannot goto - invalid flight mode
2026-02-12 02:25:23,557 - PhysicalMLTrainer_Drone3 - INFO - Physical ML model trained for drone=3 samples=1600
2026-02-12 02:25:23,587 - PhysicalMLTrainer_Drone2 - INFO - Physical ML model trained for drone=2 samples=1600
2026-02-12 02:25:23,602 - PhysicalMLTrainer_Drone1 - INFO - Physical ML model trained for drone=1 samples=1600
2026-02-12 02:25:23,611 - PhysicalMLTrainer_Drone5 - INFO - Physical ML model trained for drone=5 samples=1600
2026-02-12 02:25:23,611 - PhysicalMLTrainer_Drone4 - INFO - Physical ML model trained for drone=4 samples=1600
2026-02-12 02:25:24,130 - Drone_2 - WARNING - Drone 2: Cannot goto - invalid flight mode
2026-02-12 02:25:24,131 - Drone_3 - WARNING - Drone 3: Cannot goto - invalid flight mode
2026-02-12 02:25:24,132 - Drone_4 - WARNING - Drone 4: Cannot goto - invalid flight mode
2026-02-12 02:25:24,133 - Drone_5 - WARNING - Drone 5: Cannot goto - invalid flight mode
2026-02-12 02:25:25,135 - Drone_2 - WARNING - Drone 2: Cannot goto - invalid flight mode
2026-02-12 02:25:25,136 - Drone_3 - WARNING - Drone 3: Cannot goto - invalid flight mode
2026-02-12 02:25:25,136 - Drone_4 - WARNING - Drone 4: Cannot goto - invalid flight mode
2026-02-12 02:25:25,137 - Drone_5 - WARNING - Drone 5: Cannot goto - invalid flight mode
2026-02-12 02:25:26,138 - Drone_2 - WARNING - Drone 2: Cannot goto - invalid flight mode
2026-02-12 02:25:26,138 - Drone_3 - WARNING - Drone 3: Cannot goto - invalid flight mode
2026-02-12 02:25:26,139 - Drone_4 - WARNING - Drone 4: Cannot goto - invalid flight mode
2026-02-12 02:25:26,139 - Drone_5 - WARNING - Drone 5: Cannot goto - invalid flight mode
2026-02-12 02:25:27,139 - Drone_2 - WARNING - Drone 2: Cannot goto - invalid flight mode
2026-02-12 02:25:27,140 - Drone_3 - WARNING - Drone 3: Cannot goto - invalid flight mode
2026-02-12 02:25:27,140 - Drone_4 - WARNING - Drone 4: Cannot goto - invalid flight mode
2026-02-12 02:25:27,140 - Drone_5 - WARNING - Drone 5: Cannot goto - invalid flight mode
2026-02-12 02:25:28,141 - Drone_2 - WARNING - Drone 2: Cannot goto - invalid flight mode
2026-02-12 02:25:28,142 - Drone_3 - WARNING - Drone 3: Cannot goto - invalid flight mode
2026-02-12 02:25:28,142 - Drone_4 - WARNING - Drone 4: Cannot goto - invalid flight mode
2026-02-12 02:25:28,142 - Drone_5 - WARNING - Drone 5: Cannot goto - invalid flight mode
2026-02-12 02:25:29,143 - Drone_2 - WARNING - Drone 2: Cannot goto - invalid flight mode
2026-02-12 02:25:29,144 - Drone_3 - WARNING - Drone 3: Cannot goto - invalid flight mode
2026-02-12 02:25:29,145 - Drone_4 - WARNING - Drone 4: Cannot goto - invalid flight mode
2026-02-12 02:25:29,145 - Drone_5 - WARNING - Drone 5: Cannot goto - invalid flight mode
2026-02-12 02:25:30,147 - Drone_2 - WARNING - Drone 2: Cannot goto - invalid flight mode
2026-02-12 02:25:30,147 - Drone_3 - WARNING - Drone 3: Cannot goto - invalid flight mode
2026-02-12 02:25:30,148 - Drone_4 - WARNING - Drone 4: Cannot goto - invalid flight mode
2026-02-12 02:25:30,148 - Drone_5 - WARNING - Drone 5: Cannot goto - invalid flight mode
2026-02-12 02:25:31,149 - Drone_2 - WARNING - Drone 2: Cannot goto - invalid flight mode
2026-02-12 02:25:31,150 - Drone_3 - WARNING - Drone 3: Cannot goto - invalid flight mode
2026-02-12 02:25:31,151 - Drone_4 - WARNING - Drone 4: Cannot goto - invalid flight mode
2026-02-12 02:25:31,151 - Drone_5 - WARNING - Drone 5: Cannot goto - invalid flight mode
2026-02-12 02:25:32,153 - Drone_2 - WARNING - Drone 2: Cannot goto - invalid flight mode
2026-02-12 02:25:32,154 - Drone_3 - WARNING - Drone 3: Cannot goto - invalid flight mode
2026-02-12 02:25:32,154 - Drone_4 - WARNING - Drone 4: Cannot goto - invalid flight mode
2026-02-12 02:25:32,154 - Drone_5 - WARNING - Drone 5: Cannot goto - invalid flight mode
2026-02-12 02:25:33,155 - Drone_2 - WARNING - Drone 2: Cannot goto - invalid flight mode
2026-02-12 02:25:33,155 - Drone_3 - WARNING - Drone 3: Cannot goto - invalid flight mode
2026-02-12 02:25:33,156 - Drone_4 - WARNING - Drone 4: Cannot goto - invalid flight mode
2026-02-12 02:25:33,156 - Drone_5 - WARNING - Drone 5: Cannot goto - invalid flight mode
2026-02-12 02:25:34,157 - Drone_2 - WARNING - Drone 2: Cannot goto - invalid flight mode
2026-02-12 02:25:34,158 - Drone_3 - WARNING - Drone 3: Cannot goto - invalid flight mode
2026-02-12 02:25:34,158 - Drone_4 - WARNING - Drone 4: Cannot goto - invalid flight mode
2026-02-12 02:25:34,159 - Drone_5 - WARNING - Drone 5: Cannot goto - invalid flight mode
2026-02-12 02:25:35,160 - Drone_2 - WARNING - Drone 2: Cannot goto - invalid flight mode
2026-02-12 02:25:35,161 - Drone_3 - WARNING - Drone 3: Cannot goto - invalid flight mode
2026-02-12 02:25:35,162 - Drone_4 - WARNING - Drone 4: Cannot goto - invalid flight mode
2026-02-12 02:25:35,162 - Drone_5 - WARNING - Drone 5: Cannot goto - invalid flight mode
2026-02-12 02:25:36,164 - Drone_2 - WARNING - Drone 2: Cannot goto - invalid flight mode
2026-02-12 02:25:36,165 - Drone_3 - WARNING - Drone 3: Cannot goto - invalid flight mode
2026-02-12 02:25:36,165 - Drone_4 - WARNING - Drone 4: Cannot goto - invalid flight mode
2026-02-12 02:25:36,166 - Drone_5 - WARNING - Drone 5: Cannot goto - invalid flight mode
2026-02-12 02:25:37,168 - Drone_2 - WARNING - Drone 2: Cannot goto - invalid flight mode
2026-02-12 02:25:37,169 - Drone_3 - WARNING - Drone 3: Cannot goto - invalid flight mode
2026-02-12 02:25:37,170 - Drone_4 - WARNING - Drone 4: Cannot goto - invalid flight mode
2026-02-12 02:25:37,170 - Drone_5 - WARNING - Drone 5: Cannot goto - invalid flight mode
2026-02-12 02:25:38,172 - Drone_2 - WARNING - Drone 2: Cannot goto - invalid flight mode
2026-02-12 02:25:38,172 - Drone_3 - WARNING - Drone 3: Cannot goto - invalid flight mode
2026-02-12 02:25:38,172 - Drone_4 - WARNING - Drone 4: Cannot goto - invalid flight mode
2026-02-12 02:25:38,173 - Drone_5 - WARNING - Drone 5: Cannot goto - invalid flight mode
2026-02-12 02:25:39,174 - Drone_2 - WARNING - Drone 2: Cannot goto - invalid flight mode
2026-02-12 02:25:39,174 - Drone_3 - WARNING - Drone 3: Cannot goto - invalid flight mode
2026-02-12 02:25:39,175 - Drone_4 - WARNING - Drone 4: Cannot goto - invalid flight mode
2026-02-12 02:25:39,175 - Drone_5 - WARNING - Drone 5: Cannot goto - invalid flight mode
2026-02-12 02:25:40,176 - Drone_2 - WARNING - Drone 2: Cannot goto - invalid flight mode
2026-02-12 02:25:40,176 - Drone_3 - WARNING - Drone 3: Cannot goto - invalid flight mode
2026-02-12 02:25:40,177 - Drone_4 - WARNING - Drone 4: Cannot goto - invalid flight mode
2026-02-12 02:25:40,178 - Drone_5 - WARNING - Drone 5: Cannot goto - invalid flight mode
2026-02-12 02:25:41,179 - Drone_2 - WARNING - Drone 2: Cannot goto - invalid flight mode
2026-02-12 02:25:41,180 - Drone_3 - WARNING - Drone 3: Cannot goto - invalid flight mode
2026-02-12 02:25:41,180 - Drone_4 - WARNING - Drone 4: Cannot goto - invalid flight mode
2026-02-12 02:25:41,181 - Drone_5 - WARNING - Drone 5: Cannot goto - invalid flight mode
2026-02-12 02:25:42,182 - Drone_2 - WARNING - Drone 2: Cannot goto - invalid flight mode
2026-02-12 02:25:42,183 - Drone_3 - WARNING - Drone 3: Cannot goto - invalid flight mode
2026-02-12 02:25:42,184 - Drone_4 - WARNING - Drone 4: Cannot goto - invalid flight mode
2026-02-12 02:25:42,184 - Drone_5 - WARNING - Drone 5: Cannot goto - invalid flight mode
2026-02-12 02:25:43,186 - Drone_2 - WARNING - Drone 2: Cannot goto - invalid flight mode
2026-02-12 02:25:43,187 - Drone_3 - WARNING - Drone 3: Cannot goto - invalid flight mode
2026-02-12 02:25:43,188 - Drone_4 - WARNING - Drone 4: Cannot goto - invalid flight mode
2026-02-12 02:25:43,189 - Drone_5 - WARNING - Drone 5: Cannot goto - invalid flight mode
2026-02-12 02:25:43,678 - PhysicalMLTrainer_Drone3 - INFO - Physical ML model trained for drone=3 samples=1800
2026-02-12 02:25:43,704 - PhysicalMLTrainer_Drone2 - INFO - Physical ML model trained for drone=2 samples=1800
2026-02-12 02:25:43,733 - PhysicalMLTrainer_Drone4 - INFO - Physical ML model trained for drone=4 samples=1800
2026-02-12 02:25:43,734 - PhysicalMLTrainer_Drone1 - INFO - Physical ML model trained for drone=1 samples=1800
2026-02-12 02:25:43,734 - PhysicalMLTrainer_Drone5 - INFO - Physical ML model trained for drone=5 samples=1800
2026-02-12 02:25:44,190 - Drone_2 - WARNING - Drone 2: Cannot goto - invalid flight mode
2026-02-12 02:25:44,191 - Drone_3 - WARNING - Drone 3: Cannot goto - invalid flight mode
2026-02-12 02:25:44,191 - Drone_4 - WARNING - Drone 4: Cannot goto - invalid flight mode
2026-02-12 02:25:44,191 - Drone_5 - WARNING - Drone 5: Cannot goto - invalid flight mode
2026-02-12 02:25:44,439 - Drone_1 - INFO - Drone 1: Reached target position
2026-02-12 02:26:03,804 - PhysicalMLTrainer_Drone3 - INFO - Physical ML model trained for drone=3 samples=2000
2026-02-12 02:26:03,826 - PhysicalMLTrainer_Drone2 - INFO - Physical ML model trained for drone=2 samples=2000
2026-02-12 02:26:03,867 - PhysicalMLTrainer_Drone5 - INFO - Physical ML model trained for drone=5 samples=2000
2026-02-12 02:26:03,869 - PhysicalMLTrainer_Drone1 - INFO - Physical ML model trained for drone=1 samples=2000
2026-02-12 02:26:03,870 - PhysicalMLTrainer_Drone4 - INFO - Physical ML model trained for drone=4 samples=2000
2026-02-12 02:26:19,633 - Drone_1 - INFO - Drone 1: Flying to {'x': -317.02001094818115, 'y': 0.0, 'z': 150.97796821594238}
2026-02-12 02:26:20,154 - Drone_1 - INFO - Drone 1: Flying to {'x': -309.46794748306274, 'y': 0.0, 'z': 150.97796821594238}
2026-02-12 02:26:20,176 - Drone_1 - INFO - Drone 1: Flying to {'x': -307.95854687690735, 'y': 0.0, 'z': 150.97796821594238}
2026-02-12 02:26:20,205 - Drone_1 - INFO - Drone 1: Flying to {'x': -307.95854687690735, 'y': 0.0, 'z': 150.97796821594238}
2026-02-12 02:26:20,213 - Drone_2 - WARNING - Drone 2: Cannot goto - invalid flight mode
2026-02-12 02:26:20,213 - Drone_3 - WARNING - Drone 3: Cannot goto - invalid flight mode
2026-02-12 02:26:20,214 - Drone_4 - WARNING - Drone 4: Cannot goto - invalid flight mode
2026-02-12 02:26:20,215 - Drone_5 - WARNING - Drone 5: Cannot goto - invalid flight mode
2026-02-12 02:26:20,235 - Drone_1 - INFO - Drone 1: Flying to {'x': -307.95854687690735, 'y': 0.0, 'z': 150.97796821594238}
2026-02-12 02:26:20,267 - Drone_1 - INFO - Drone 1: Flying to {'x': -306.4556550979614, 'y': 0.0, 'z': 150.97796821594238}
2026-02-12 02:26:20,310 - Drone_1 - INFO - Drone 1: Flying to {'x': -306.4556550979614, 'y': 0.0, 'z': 150.97796821594238}
2026-02-12 02:26:20,342 - Drone_1 - INFO - Drone 1: Flying to {'x': -306.4556550979614, 'y': 0.0, 'z': 150.97796821594238}
2026-02-12 02:26:20,371 - Drone_1 - INFO - Drone 1: Flying to {'x': -304.9471914768219, 'y': 0.0, 'z': 150.97796821594238}
2026-02-12 02:26:20,403 - Drone_1 - INFO - Drone 1: Flying to {'x': -304.9471914768219, 'y': 0.0, 'z': 150.97796821594238}
2026-02-12 02:26:20,436 - Drone_1 - INFO - Drone 1: Flying to {'x': -304.9471914768219, 'y': 0.0, 'z': 150.97796821594238}
2026-02-12 02:26:20,464 - Drone_1 - INFO - Drone 1: Flying to {'x': -303.43904972076416, 'y': 0.0, 'z': 150.97796821594238}
2026-02-12 02:26:20,509 - Drone_1 - INFO - Drone 1: Flying to {'x': -303.43904972076416, 'y': 0.0, 'z': 150.97796821594238}
2026-02-12 02:26:20,545 - Drone_1 - INFO - Drone 1: Flying to {'x': -303.43904972076416, 'y': 0.0, 'z': 150.97796821594238}
2026-02-12 02:26:20,574 - Drone_1 - INFO - Drone 1: Flying to {'x': -301.93198800086975, 'y': 0.0, 'z': 150.97796821594238}
2026-02-12 02:26:20,604 - Drone_1 - INFO - Drone 1: Flying to {'x': -301.93198800086975, 'y': 0.0, 'z': 150.97796821594238}
2026-02-12 02:26:20,636 - Drone_1 - INFO - Drone 1: Flying to {'x': -301.93198800086975, 'y': 0.0, 'z': 150.97796821594238}
2026-02-12 02:26:20,664 - Drone_1 - INFO - Drone 1: Flying to {'x': -301.93198800086975, 'y': 0.0, 'z': 150.97796821594238}
2026-02-12 02:26:20,705 - Drone_1 - INFO - Drone 1: Flying to {'x': -300.4279911518097, 'y': 0.0, 'z': 150.97796821594238}
2026-02-12 02:26:20,742 - Drone_1 - INFO - Drone 1: Flying to {'x': -300.4279911518097, 'y': 0.0, 'z': 150.97796821594238}
2026-02-12 02:26:20,773 - Drone_1 - INFO - Drone 1: Flying to {'x': -298.9232325553894, 'y': 0.0, 'z': 150.97796821594238}
2026-02-12 02:26:20,813 - Drone_1 - INFO - Drone 1: Flying to {'x': -298.9232325553894, 'y': 0.0, 'z': 150.97796821594238}
2026-02-12 02:26:20,833 - Drone_1 - INFO - Drone 1: Flying to {'x': -298.9232325553894, 'y': 0.0, 'z': 150.97796821594238}
2026-02-12 02:26:20,867 - Drone_1 - INFO - Drone 1: Flying to {'x': -297.4126160144806, 'y': 0.0, 'z': 150.97796821594238}
2026-02-12 02:26:20,897 - Drone_1 - INFO - Drone 1: Flying to {'x': -297.4126160144806, 'y': 0.0, 'z': 150.97796821594238}
2026-02-12 02:26:20,926 - Drone_1 - INFO - Drone 1: Flying to {'x': -297.4126160144806, 'y': 0.0, 'z': 150.97796821594238}
2026-02-12 02:26:20,959 - Drone_1 - INFO - Drone 1: Flying to {'x': -297.4126160144806, 'y': 0.0, 'z': 150.97796821594238}
2026-02-12 02:26:21,003 - Drone_1 - INFO - Drone 1: Flying to {'x': -295.90571880340576, 'y': 0.0, 'z': 150.97796821594238}
2026-02-12 02:26:21,034 - Drone_1 - INFO - Drone 1: Flying to {'x': -295.90571880340576, 'y': 0.0, 'z': 150.97796821594238}
2026-02-12 02:26:21,067 - Drone_1 - INFO - Drone 1: Flying to {'x': -294.3956387042999, 'y': 0.0, 'z': 150.97796821594238}
2026-02-12 02:26:21,099 - Drone_1 - INFO - Drone 1: Flying to {'x': -294.3956387042999, 'y': 0.0, 'z': 150.97796821594238}
2026-02-12 02:26:21,137 - Drone_1 - INFO - Drone 1: Flying to {'x': -294.3956387042999, 'y': 0.0, 'z': 150.97796821594238}
2026-02-12 02:26:21,159 - Drone_1 - INFO - Drone 1: Flying to {'x': -294.3956387042999, 'y': 0.0, 'z': 150.97796821594238}
2026-02-12 02:26:21,190 - Drone_1 - INFO - Drone 1: Flying to {'x': -292.89355874061584, 'y': 0.0, 'z': 150.97796821594238}
2026-02-12 02:26:21,216 - Drone_2 - WARNING - Drone 2: Cannot goto - invalid flight mode
2026-02-12 02:26:21,217 - Drone_3 - WARNING - Drone 3: Cannot goto - invalid flight mode
2026-02-12 02:26:21,217 - Drone_4 - WARNING - Drone 4: Cannot goto - invalid flight mode
2026-02-12 02:26:21,218 - Drone_5 - WARNING - Drone 5: Cannot goto - invalid flight mode
2026-02-12 02:26:22,219 - Drone_2 - WARNING - Drone 2: Cannot goto - invalid flight mode
2026-02-12 02:26:22,221 - Drone_3 - WARNING - Drone 3: Cannot goto - invalid flight mode
2026-02-12 02:26:22,222 - Drone_4 - WARNING - Drone 4: Cannot goto - invalid flight mode
2026-02-12 02:26:22,223 - Drone_5 - WARNING - Drone 5: Cannot goto - invalid flight mode
2026-02-12 02:26:22,323 - Drone_1 - INFO - Drone 1: Flying to {'x': -276.3021147251129, 'y': 0.0, 'z': 150.97796821594238}
2026-02-12 02:26:22,837 - Drone_1 - INFO - Drone 1: Flying to {'x': -268.75532269477844, 'y': 0.0, 'z': 150.97796821594238}
2026-02-12 02:26:22,855 - Drone_1 - INFO - Drone 1: Flying to {'x': -268.75532269477844, 'y': 0.0, 'z': 150.97796821594238}
2026-02-12 02:26:22,898 - Drone_1 - INFO - Drone 1: Flying to {'x': -267.2455608844757, 'y': 0.0, 'z': 150.97796821594238}
2026-02-12 02:26:22,928 - Drone_1 - INFO - Drone 1: Flying to {'x': -267.2455608844757, 'y': 0.0, 'z': 150.97796821594238}
2026-02-12 02:26:22,960 - Drone_1 - INFO - Drone 1: Flying to {'x': -267.2455608844757, 'y': 0.0, 'z': 150.97796821594238}
2026-02-12 02:26:22,999 - Drone_1 - INFO - Drone 1: Flying to {'x': -265.73734402656555, 'y': 0.0, 'z': 150.97796821594238}
2026-02-12 02:26:23,022 - Drone_1 - INFO - Drone 1: Flying to {'x': -265.73734402656555, 'y': 0.0, 'z': 150.97796821594238}
2026-02-12 02:26:23,069 - Drone_1 - INFO - Drone 1: Flying to {'x': -265.73734402656555, 'y': 0.0, 'z': 150.97796821594238}
2026-02-12 02:26:23,107 - Drone_1 - INFO - Drone 1: Flying to {'x': -264.23226714134216, 'y': 0.0, 'z': 150.97796821594238}
2026-02-12 02:26:23,127 - Drone_1 - INFO - Drone 1: Flying to {'x': -264.23226714134216, 'y': 0.0, 'z': 150.97796821594238}
2026-02-12 02:26:23,159 - Drone_1 - INFO - Drone 1: Flying to {'x': -264.23226714134216, 'y': 0.0, 'z': 150.97796821594238}
2026-02-12 02:26:23,191 - Drone_1 - INFO - Drone 1: Flying to {'x': -262.7242863178253, 'y': 0.0, 'z': 150.97796821594238}
2026-02-12 02:26:23,220 - Drone_1 - INFO - Drone 1: Flying to {'x': -262.7242863178253, 'y': 0.0, 'z': 150.97796821594238}
2026-02-12 02:26:23,225 - Drone_2 - WARNING - Drone 2: Cannot goto - invalid flight mode
2026-02-12 02:26:23,225 - Drone_3 - WARNING - Drone 3: Cannot goto - invalid flight mode
2026-02-12 02:26:23,226 - Drone_4 - WARNING - Drone 4: Cannot goto - invalid flight mode
2026-02-12 02:26:23,226 - Drone_5 - WARNING - Drone 5: Cannot goto - invalid flight mode
2026-02-12 02:26:23,252 - Drone_1 - INFO - Drone 1: Flying to {'x': -262.7242863178253, 'y': 0.0, 'z': 150.97796821594238}
2026-02-12 02:26:23,284 - Drone_1 - INFO - Drone 1: Flying to {'x': -261.2173926830292, 'y': 0.0, 'z': 150.97796821594238}
2026-02-12 02:26:23,328 - Drone_1 - INFO - Drone 1: Flying to {'x': -261.2173926830292, 'y': 0.0, 'z': 150.97796821594238}
2026-02-12 02:26:23,359 - Drone_1 - INFO - Drone 1: Flying to {'x': -261.2173926830292, 'y': 0.0, 'z': 150.97796821594238}
2026-02-12 02:26:23,390 - Drone_1 - INFO - Drone 1: Flying to {'x': -259.7076988220215, 'y': 0.0, 'z': 150.97796821594238}
2026-02-12 02:26:23,429 - Drone_1 - INFO - Drone 1: Flying to {'x': -259.7076988220215, 'y': 0.0, 'z': 150.97796821594238}
2026-02-12 02:26:23,450 - Drone_1 - INFO - Drone 1: Flying to {'x': -259.7076988220215, 'y': 0.0, 'z': 150.97796821594238}
2026-02-12 02:26:23,484 - Drone_1 - INFO - Drone 1: Flying to {'x': -258.202486038208, 'y': 0.0, 'z': 150.97796821594238}
2026-02-12 02:26:23,538 - Drone_1 - INFO - Drone 1: Flying to {'x': -258.202486038208, 'y': 0.0, 'z': 150.97796821594238}
2026-02-12 02:26:23,560 - Drone_1 - INFO - Drone 1: Flying to {'x': -258.202486038208, 'y': 0.0, 'z': 150.97796821594238}
2026-02-12 02:26:23,591 - Drone_1 - INFO - Drone 1: Flying to {'x': -256.6975128650665, 'y': 0.0, 'z': 150.97796821594238}
2026-02-12 02:26:23,622 - Drone_1 - INFO - Drone 1: Flying to {'x': -256.6975128650665, 'y': 0.0, 'z': 150.97796821594238}
2026-02-12 02:26:23,662 - Drone_1 - INFO - Drone 1: Flying to {'x': -256.6975128650665, 'y': 0.0, 'z': 150.97796821594238}
2026-02-12 02:26:23,682 - Drone_1 - INFO - Drone 1: Flying to {'x': -255.18784761428833, 'y': 0.0, 'z': 150.97796821594238}
2026-02-12 02:26:23,715 - Drone_1 - INFO - Drone 1: Flying to {'x': -255.18784761428833, 'y': 0.0, 'z': 150.97796821594238}
2026-02-12 02:26:23,769 - Drone_1 - INFO - Drone 1: Flying to {'x': -255.18784761428833, 'y': 0.0, 'z': 150.97796821594238}
2026-02-12 02:26:23,789 - Drone_1 - INFO - Drone 1: Flying to {'x': -253.6815369129181, 'y': 0.0, 'z': 150.97796821594238}
2026-02-12 02:26:23,819 - Drone_1 - INFO - Drone 1: Flying to {'x': -253.6815369129181, 'y': 0.0, 'z': 150.97796821594238}
2026-02-12 02:26:23,854 - Drone_1 - INFO - Drone 1: Flying to {'x': -253.6815369129181, 'y': 0.0, 'z': 150.97796821594238}
2026-02-12 02:26:23,881 - Drone_1 - INFO - Drone 1: Flying to {'x': -252.1788454055786, 'y': 0.0, 'z': 150.97796821594238}
2026-02-12 02:26:23,915 - Drone_1 - INFO - Drone 1: Flying to {'x': -252.1788454055786, 'y': 0.0, 'z': 150.97796821594238}
2026-02-12 02:26:23,921 - PhysicalMLTrainer_Drone3 - INFO - Physical ML model trained for drone=3 samples=2200
2026-02-12 02:26:23,937 - PhysicalMLTrainer_Drone2 - INFO - Physical ML model trained for drone=2 samples=2200
2026-02-12 02:26:23,944 - Drone_1 - INFO - Drone 1: Flying to {'x': -252.1788454055786, 'y': 0.0, 'z': 150.97796821594238}
2026-02-12 02:26:23,993 - PhysicalMLTrainer_Drone5 - INFO - Physical ML model trained for drone=5 samples=2200
2026-02-12 02:26:23,993 - PhysicalMLTrainer_Drone4 - INFO - Physical ML model trained for drone=4 samples=2200
2026-02-12 02:26:23,994 - PhysicalMLTrainer_Drone1 - INFO - Physical ML model trained for drone=1 samples=2200
2026-02-12 02:26:23,994 - Drone_1 - INFO - Drone 1: Flying to {'x': -250.6151568889618, 'y': 0.0, 'z': 150.97796821594238}
2026-02-12 02:26:24,021 - Drone_1 - INFO - Drone 1: Flying to {'x': -250.6151568889618, 'y': 0.0, 'z': 150.97796821594238}
2026-02-12 02:26:24,053 - Drone_1 - INFO - Drone 1: Flying to {'x': -250.6151568889618, 'y': 0.0, 'z': 150.97796821594238}
2026-02-12 02:26:24,093 - Drone_1 - INFO - Drone 1: Flying to {'x': -250.6151568889618, 'y': 0.0, 'z': 150.97796821594238}
2026-02-12 02:26:24,112 - Drone_1 - INFO - Drone 1: Flying to {'x': -248.98608684539795, 'y': 0.0, 'z': 150.97796821594238}
2026-02-12 02:26:24,146 - Drone_1 - INFO - Drone 1: Flying to {'x': -248.98608684539795, 'y': 0.0, 'z': 150.97796821594238}
2026-02-12 02:26:24,178 - Drone_1 - INFO - Drone 1: Flying to {'x': -248.98608684539795, 'y': 0.0, 'z': 150.97796821594238}
2026-02-12 02:26:24,221 - Drone_1 - INFO - Drone 1: Flying to {'x': -247.44155287742615, 'y': 0.0, 'z': 150.97796821594238}
2026-02-12 02:26:24,227 - Drone_2 - WARNING - Drone 2: Cannot goto - invalid flight mode
2026-02-12 02:26:24,227 - Drone_3 - WARNING - Drone 3: Cannot goto - invalid flight mode
2026-02-12 02:26:24,228 - Drone_4 - WARNING - Drone 4: Cannot goto - invalid flight mode
2026-02-12 02:26:24,228 - Drone_5 - WARNING - Drone 5: Cannot goto - invalid flight mode
2026-02-12 02:26:24,254 - Drone_1 - INFO - Drone 1: Flying to {'x': -247.44155287742615, 'y': 0.0, 'z': 150.97796821594238}
2026-02-12 02:26:24,284 - Drone_1 - INFO - Drone 1: Flying to {'x': -247.44155287742615, 'y': 0.0, 'z': 150.97796821594238}
2026-02-12 02:26:24,313 - Drone_1 - INFO - Drone 1: Flying to {'x': -245.9272849559784, 'y': 0.0, 'z': 150.97796821594238}
2026-02-12 02:26:24,345 - Drone_1 - INFO - Drone 1: Flying to {'x': -245.9272849559784, 'y': 0.0, 'z': 150.97796821594238}
2026-02-12 02:26:24,376 - Drone_1 - INFO - Drone 1: Flying to {'x': -245.9272849559784, 'y': 0.0, 'z': 150.97796821594238}
2026-02-12 02:26:24,415 - Drone_1 - INFO - Drone 1: Flying to {'x': -244.41697597503662, 'y': 0.0, 'z': 150.97796821594238}
2026-02-12 02:26:24,452 - Drone_1 - INFO - Drone 1: Flying to {'x': -244.41697597503662, 'y': 0.0, 'z': 150.97796821594238}
2026-02-12 02:26:24,484 - Drone_1 - INFO - Drone 1: Flying to {'x': -244.41697597503662, 'y': 0.0, 'z': 150.97796821594238}
2026-02-12 02:26:24,523 - Drone_1 - INFO - Drone 1: Flying to {'x': -242.91101574897766, 'y': 0.0, 'z': 150.97796821594238}
2026-02-12 02:26:24,545 - Drone_1 - INFO - Drone 1: Flying to {'x': -242.91101574897766, 'y': 0.0, 'z': 150.97796821594238}
2026-02-12 02:26:24,578 - Drone_1 - INFO - Drone 1: Flying to {'x': -242.91101574897766, 'y': 0.0, 'z': 150.97796821594238}
2026-02-12 02:26:24,608 - Drone_1 - INFO - Drone 1: Flying to {'x': -241.40722274780273, 'y': 0.0, 'z': 150.97796821594238}
2026-02-12 02:26:24,648 - Drone_1 - INFO - Drone 1: Flying to {'x': -241.40722274780273, 'y': 0.0, 'z': 150.97796821594238}
2026-02-12 02:26:24,684 - Drone_1 - INFO - Drone 1: Flying to {'x': -241.40722274780273, 'y': 0.0, 'z': 150.97796821594238}
2026-02-12 02:26:24,714 - Drone_1 - INFO - Drone 1: Flying to {'x': -239.9025285243988, 'y': 0.0, 'z': 150.97796821594238}
2026-02-12 02:26:24,754 - Drone_1 - INFO - Drone 1: Flying to {'x': -239.9025285243988, 'y': 0.0, 'z': 150.97796821594238}
2026-02-12 02:26:24,774 - Drone_1 - INFO - Drone 1: Flying to {'x': -239.9025285243988, 'y': 0.0, 'z': 150.97796821594238}
2026-02-12 02:26:24,808 - Drone_1 - INFO - Drone 1: Flying to {'x': -238.39710474014282, 'y': 0.0, 'z': 150.97796821594238}
2026-02-12 02:26:24,839 - Drone_1 - INFO - Drone 1: Flying to {'x': -238.39710474014282, 'y': 0.0, 'z': 150.97796821594238}
2026-02-12 02:26:24,883 - Drone_1 - INFO - Drone 1: Flying to {'x': -238.39710474014282, 'y': 0.0, 'z': 150.97796821594238}
2026-02-12 02:26:24,914 - Drone_1 - INFO - Drone 1: Flying to {'x': -236.88797235488892, 'y': 0.0, 'z': 150.97796821594238}
2026-02-12 02:26:24,948 - Drone_1 - INFO - Drone 1: Flying to {'x': -236.88797235488892, 'y': 0.0, 'z': 150.97796821594238}
2026-02-12 02:26:24,975 - Drone_1 - INFO - Drone 1: Flying to {'x': -236.88797235488892, 'y': 0.0, 'z': 150.97796821594238}
2026-02-12 02:26:25,006 - Drone_1 - INFO - Drone 1: Flying to {'x': -235.38018107414246, 'y': 0.0, 'z': 150.97796821594238}
2026-02-12 02:26:25,037 - Drone_1 - INFO - Drone 1: Flying to {'x': -235.38018107414246, 'y': 0.0, 'z': 150.97796821594238}
2026-02-12 02:26:25,075 - Drone_1 - INFO - Drone 1: Flying to {'x': -235.38018107414246, 'y': 0.0, 'z': 150.97796821594238}
2026-02-12 02:26:25,114 - Drone_1 - INFO - Drone 1: Flying to {'x': -233.8768494129181, 'y': 0.0, 'z': 150.97796821594238}
2026-02-12 02:26:25,145 - Drone_1 - INFO - Drone 1: Flying to {'x': -233.8768494129181, 'y': 0.0, 'z': 150.97796821594238}
2026-02-12 02:26:25,184 - Drone_1 - INFO - Drone 1: Flying to {'x': -233.8768494129181, 'y': 0.0, 'z': 150.97796821594238}
2026-02-12 02:26:25,207 - Drone_1 - INFO - Drone 1: Flying to {'x': -232.37382888793945, 'y': 0.0, 'z': 150.97796821594238}
2026-02-12 02:26:25,229 - Drone_2 - WARNING - Drone 2: Cannot goto - invalid flight mode
2026-02-12 02:26:25,230 - Drone_3 - WARNING - Drone 3: Cannot goto - invalid flight mode
2026-02-12 02:26:25,230 - Drone_4 - WARNING - Drone 4: Cannot goto - invalid flight mode
2026-02-12 02:26:25,231 - Drone_5 - WARNING - Drone 5: Cannot goto - invalid flight mode
2026-02-12 02:26:25,237 - Drone_1 - INFO - Drone 1: Flying to {'x': -232.37382888793945, 'y': 0.0, 'z': 150.97796821594238}
2026-02-12 02:26:25,270 - Drone_1 - INFO - Drone 1: Flying to {'x': -232.37382888793945, 'y': 0.0, 'z': 150.97796821594238}
2026-02-12 02:26:25,297 - Drone_1 - INFO - Drone 1: Flying to {'x': -232.37382888793945, 'y': 0.0, 'z': 150.97796821594238}
2026-02-12 02:26:25,332 - Drone_1 - INFO - Drone 1: Flying to {'x': -230.86644530296326, 'y': 0.0, 'z': 150.97796821594238}
2026-02-12 02:26:25,364 - Drone_1 - INFO - Drone 1: Flying to {'x': -230.86644530296326, 'y': 0.0, 'z': 150.97796821594238}
2026-02-12 02:26:25,406 - Drone_1 - INFO - Drone 1: Flying to {'x': -229.3623161315918, 'y': 0.0, 'z': 150.97796821594238}
2026-02-12 02:26:25,437 - Drone_1 - INFO - Drone 1: Flying to {'x': -229.3623161315918, 'y': 0.0, 'z': 150.97796821594238}
2026-02-12 02:26:25,468 - Drone_1 - INFO - Drone 1: Flying to {'x': -229.3623161315918, 'y': 0.0, 'z': 150.97796821594238}
2026-02-12 02:26:25,508 - Drone_1 - INFO - Drone 1: Flying to {'x': -227.85588026046753, 'y': 0.0, 'z': 150.97796821594238}
2026-02-12 02:26:25,530 - Drone_1 - INFO - Drone 1: Flying to {'x': -227.85588026046753, 'y': 0.0, 'z': 150.97796821594238}
2026-02-12 02:26:25,578 - Drone_1 - INFO - Drone 1: Flying to {'x': -227.85588026046753, 'y': 0.0, 'z': 150.97796821594238}
2026-02-12 02:26:25,616 - Drone_1 - INFO - Drone 1: Flying to {'x': -226.34814262390137, 'y': 0.0, 'z': 150.97796821594238}
2026-02-12 02:26:25,638 - Drone_1 - INFO - Drone 1: Flying to {'x': -226.34814262390137, 'y': 0.0, 'z': 150.97796821594238}
2026-02-12 02:26:25,667 - Drone_1 - INFO - Drone 1: Flying to {'x': -226.34814262390137, 'y': 0.0, 'z': 150.97796821594238}
2026-02-12 02:26:25,699 - Drone_1 - INFO - Drone 1: Flying to {'x': -226.34814262390137, 'y': 0.0, 'z': 150.97796821594238}
2026-02-12 02:26:25,737 - Drone_1 - INFO - Drone 1: Flying to {'x': -224.84453201293945, 'y': 0.0, 'z': 150.97796821594238}
2026-02-12 02:26:25,759 - Drone_1 - INFO - Drone 1: Flying to {'x': -224.84453201293945, 'y': 0.0, 'z': 150.97796821594238}
2026-02-12 02:26:25,807 - Drone_1 - INFO - Drone 1: Flying to {'x': -223.3313548564911, 'y': 0.0, 'z': 150.97796821594238}
2026-02-12 02:26:25,847 - Drone_1 - INFO - Drone 1: Flying to {'x': -223.3313548564911, 'y': 0.0, 'z': 150.97796821594238}
2026-02-12 02:26:25,867 - Drone_1 - INFO - Drone 1: Flying to {'x': -223.3313548564911, 'y': 0.0, 'z': 150.97796821594238}
2026-02-12 02:26:25,900 - Drone_1 - INFO - Drone 1: Flying to {'x': -223.3313548564911, 'y': 0.0, 'z': 150.97796821594238}
2026-02-12 02:26:25,932 - Drone_1 - INFO - Drone 1: Flying to {'x': -221.82883858680725, 'y': 0.0, 'z': 150.97796821594238}
2026-02-12 02:26:25,961 - Drone_1 - INFO - Drone 1: Flying to {'x': -221.82883858680725, 'y': 0.0, 'z': 150.97796821594238}
2026-02-12 02:26:25,992 - Drone_1 - INFO - Drone 1: Flying to {'x': -221.82883858680725, 'y': 0.0, 'z': 150.97796821594238}
2026-02-12 02:26:26,024 - Drone_1 - INFO - Drone 1: Flying to {'x': -220.3182291984558, 'y': 0.0, 'z': 150.97796821594238}
2026-02-12 02:26:26,068 - Drone_1 - INFO - Drone 1: Flying to {'x': -220.3182291984558, 'y': 0.0, 'z': 150.97796821594238}
2026-02-12 02:26:26,099 - Drone_1 - INFO - Drone 1: Flying to {'x': -220.3182291984558, 'y': 0.0, 'z': 150.97796821594238}
2026-02-12 02:26:26,131 - Drone_1 - INFO - Drone 1: Flying to {'x': -218.81645321846008, 'y': 0.0, 'z': 150.97796821594238}
2026-02-12 02:26:26,169 - Drone_1 - INFO - Drone 1: Flying to {'x': -218.81645321846008, 'y': 0.0, 'z': 150.97796821594238}
2026-02-12 02:26:26,191 - Drone_1 - INFO - Drone 1: Flying to {'x': -218.81645321846008, 'y': 0.0, 'z': 150.97796821594238}
2026-02-12 02:26:26,225 - Drone_1 - INFO - Drone 1: Flying to {'x': -217.30503916740417, 'y': 0.0, 'z': 150.97796821594238}
2026-02-12 02:26:26,231 - Drone_2 - WARNING - Drone 2: Cannot goto - invalid flight mode
2026-02-12 02:26:26,232 - Drone_3 - WARNING - Drone 3: Cannot goto - invalid flight mode
2026-02-12 02:26:26,232 - Drone_4 - WARNING - Drone 4: Cannot goto - invalid flight mode
2026-02-12 02:26:26,233 - Drone_5 - WARNING - Drone 5: Cannot goto - invalid flight mode
2026-02-12 02:26:26,276 - Drone_1 - INFO - Drone 1: Flying to {'x': -217.30503916740417, 'y': 0.0, 'z': 150.97796821594238}
2026-02-12 02:26:26,299 - Drone_1 - INFO - Drone 1: Flying to {'x': -217.30503916740417, 'y': 0.0, 'z': 150.97796821594238}
2026-02-12 02:26:26,331 - Drone_1 - INFO - Drone 1: Flying to {'x': -215.79634308815002, 'y': 0.0, 'z': 150.97796821594238}
2026-02-12 02:26:26,362 - Drone_1 - INFO - Drone 1: Flying to {'x': -215.79634308815002, 'y': 0.0, 'z': 150.97796821594238}
2026-02-12 02:26:26,392 - Drone_1 - INFO - Drone 1: Flying to {'x': -215.79634308815002, 'y': 0.0, 'z': 150.97796821594238}
2026-02-12 02:26:26,422 - Drone_1 - INFO - Drone 1: Flying to {'x': -214.2917025089264, 'y': 0.0, 'z': 150.97796821594238}
2026-02-12 02:26:26,453 - Drone_1 - INFO - Drone 1: Flying to {'x': -214.2917025089264, 'y': 0.0, 'z': 150.97796821594238}
2026-02-12 02:26:26,499 - Drone_1 - INFO - Drone 1: Flying to {'x': -214.2917025089264, 'y': 0.0, 'z': 150.97796821594238}
2026-02-12 02:26:26,530 - Drone_1 - INFO - Drone 1: Flying to {'x': -212.7858853340149, 'y': 0.0, 'z': 150.97796821594238}
2026-02-12 02:26:26,561 - Drone_1 - INFO - Drone 1: Flying to {'x': -212.7858853340149, 'y': 0.0, 'z': 150.97796821594238}
2026-02-12 02:26:26,601 - Drone_1 - INFO - Drone 1: Flying to {'x': -212.7858853340149, 'y': 0.0, 'z': 150.97796821594238}
2026-02-12 02:26:26,623 - Drone_1 - INFO - Drone 1: Flying to {'x': -211.2761378288269, 'y': 0.0, 'z': 150.97796821594238}
2026-02-12 02:26:26,656 - Drone_1 - INFO - Drone 1: Flying to {'x': -211.2761378288269, 'y': 0.0, 'z': 150.97796821594238}
2026-02-12 02:26:26,687 - Drone_1 - INFO - Drone 1: Flying to {'x': -211.2761378288269, 'y': 0.0, 'z': 150.97796821594238}
2026-02-12 02:26:26,721 - Drone_1 - INFO - Drone 1: Flying to {'x': -209.7705101966858, 'y': 0.0, 'z': 150.97796821594238}
2026-02-12 02:26:26,760 - Drone_1 - INFO - Drone 1: Flying to {'x': -209.7705101966858, 'y': 0.0, 'z': 150.97796821594238}
2026-02-12 02:26:26,791 - Drone_1 - INFO - Drone 1: Flying to {'x': -209.7705101966858, 'y': 0.0, 'z': 150.97796821594238}
2026-02-12 02:26:26,833 - Drone_1 - INFO - Drone 1: Flying to {'x': -208.2647466659546, 'y': 0.0, 'z': 150.97796821594238}
2026-02-12 02:26:26,853 - Drone_1 - INFO - Drone 1: Flying to {'x': -208.2647466659546, 'y': 0.0, 'z': 150.97796821594238}
2026-02-12 02:26:26,884 - Drone_1 - INFO - Drone 1: Flying to {'x': -208.2647466659546, 'y': 0.0, 'z': 150.97796821594238}
2026-02-12 02:26:26,914 - Drone_1 - INFO - Drone 1: Flying to {'x': -206.75829648971558, 'y': 0.0, 'z': 150.97796821594238}
2026-02-12 02:26:26,961 - Drone_1 - INFO - Drone 1: Flying to {'x': -206.75829648971558, 'y': 0.0, 'z': 150.97796821594238}
2026-02-12 02:26:27,234 - Drone_2 - WARNING - Drone 2: Cannot goto - invalid flight mode
2026-02-12 02:26:27,235 - Drone_3 - WARNING - Drone 3: Cannot goto - invalid flight mode
2026-02-12 02:26:27,235 - Drone_4 - WARNING - Drone 4: Cannot goto - invalid flight mode
2026-02-12 02:26:27,235 - Drone_5 - WARNING - Drone 5: Cannot goto - invalid flight mode
2026-02-12 02:26:27,429 - Drone_1 - INFO - Drone 1: Flying to {'x': -199.22789096832275, 'y': 0.0, 'z': 150.97796821594238}
2026-02-12 02:26:27,637 - Drone_1 - INFO - Drone 1: Flying to {'x': -196.211017370224, 'y': 0.0, 'z': 150.97796821594238}
2026-02-12 02:26:27,828 - Drone_1 - INFO - Drone 1: Flying to {'x': -193.2007348537445, 'y': 0.0, 'z': 150.97796821594238}
2026-02-12 02:26:28,000 - Drone_1 - INFO - Drone 1: Flying to {'x': -191.68854475021362, 'y': 0.0, 'z': 150.97796821594238}
2026-02-12 02:26:28,206 - Drone_1 - INFO - Drone 1: Flying to {'x': -188.66263031959534, 'y': 0.0, 'z': 150.97796821594238}
2026-02-12 02:26:28,237 - Drone_2 - WARNING - Drone 2: Cannot goto - invalid flight mode
2026-02-12 02:26:28,238 - Drone_3 - WARNING - Drone 3: Cannot goto - invalid flight mode
2026-02-12 02:26:28,238 - Drone_4 - WARNING - Drone 4: Cannot goto - invalid flight mode
2026-02-12 02:26:28,239 - Drone_5 - WARNING - Drone 5: Cannot goto - invalid flight mode
2026-02-12 02:26:28,382 - Drone_1 - INFO - Drone 1: Flying to {'x': -185.64685106277466, 'y': 0.0, 'z': 150.97796821594238}
2026-02-12 02:26:28,594 - Drone_1 - INFO - Drone 1: Flying to {'x': -182.63052821159363, 'y': 0.0, 'z': 150.97796821594238}
2026-02-12 02:26:28,742 - Drone_1 - INFO - Drone 1: Flying to {'x': -179.61829662322998, 'y': 0.0, 'z': 150.97796821594238}
2026-02-12 02:26:28,917 - Drone_1 - INFO - Drone 1: Flying to {'x': -178.10996532440186, 'y': 0.0, 'z': 150.97796821594238}
2026-02-12 02:26:29,110 - Drone_1 - INFO - Drone 1: Flying to {'x': -175.08517026901245, 'y': 0.0, 'z': 150.97796821594238}
2026-02-12 02:26:29,240 - Drone_2 - WARNING - Drone 2: Cannot goto - invalid flight mode
2026-02-12 02:26:29,241 - Drone_3 - WARNING - Drone 3: Cannot goto - invalid flight mode
2026-02-12 02:26:29,243 - Drone_4 - WARNING - Drone 4: Cannot goto - invalid flight mode
2026-02-12 02:26:29,244 - Drone_5 - WARNING - Drone 5: Cannot goto - invalid flight mode
2026-02-12 02:26:29,318 - Drone_1 - INFO - Drone 1: Flying to {'x': -172.073096036911, 'y': 0.0, 'z': 150.97796821594238}
2026-02-12 02:26:29,501 - Drone_1 - INFO - Drone 1: Flying to {'x': -169.05510663986206, 'y': 0.0, 'z': 150.97796821594238}
2026-02-12 02:26:29,995 - Drone_1 - INFO - Drone 1: Flying to {'x': -161.51078581809998, 'y': 0.0, 'z': 150.97796821594238}
2026-02-12 02:26:30,024 - Drone_1 - INFO - Drone 1: Flying to {'x': -161.51078581809998, 'y': 0.0, 'z': 150.97796821594238}
2026-02-12 02:26:30,071 - Drone_1 - INFO - Drone 1: Flying to {'x': -160.00617027282715, 'y': 0.0, 'z': 150.97796821594238}
2026-02-12 02:26:30,102 - Drone_1 - INFO - Drone 1: Flying to {'x': -160.00617027282715, 'y': 0.0, 'z': 150.97796821594238}
2026-02-12 02:26:30,133 - Drone_1 - INFO - Drone 1: Flying to {'x': -158.50030660629272, 'y': 0.0, 'z': 150.97796821594238}
2026-02-12 02:26:30,163 - Drone_1 - INFO - Drone 1: Flying to {'x': -158.50030660629272, 'y': 0.0, 'z': 150.97796821594238}
2026-02-12 02:26:30,195 - Drone_1 - INFO - Drone 1: Flying to {'x': -158.50030660629272, 'y': 0.0, 'z': 150.97796821594238}
2026-02-12 02:26:30,235 - Drone_1 - INFO - Drone 1: Flying to {'x': -156.9920575618744, 'y': 0.0, 'z': 150.97796821594238}
2026-02-12 02:26:30,245 - Drone_2 - WARNING - Drone 2: Cannot goto - invalid flight mode
2026-02-12 02:26:30,246 - Drone_3 - WARNING - Drone 3: Cannot goto - invalid flight mode
2026-02-12 02:26:30,246 - Drone_4 - WARNING - Drone 4: Cannot goto - invalid flight mode
2026-02-12 02:26:30,246 - Drone_5 - WARNING - Drone 5: Cannot goto - invalid flight mode
2026-02-12 02:26:30,255 - Drone_1 - INFO - Drone 1: Flying to {'x': -156.9920575618744, 'y': 0.0, 'z': 150.97796821594238}
2026-02-12 02:26:30,303 - Drone_1 - INFO - Drone 1: Flying to {'x': -156.9920575618744, 'y': 0.0, 'z': 150.97796821594238}
2026-02-12 02:26:30,343 - Drone_1 - INFO - Drone 1: Flying to {'x': -155.4823100566864, 'y': 0.0, 'z': 150.97796821594238}
2026-02-12 02:26:30,364 - Drone_1 - INFO - Drone 1: Flying to {'x': -155.4823100566864, 'y': 0.0, 'z': 150.97796821594238}
2026-02-12 02:26:30,397 - Drone_1 - INFO - Drone 1: Flying to {'x': -155.4823100566864, 'y': 0.0, 'z': 150.97796821594238}
2026-02-12 02:26:30,427 - Drone_1 - INFO - Drone 1: Flying to {'x': -155.4823100566864, 'y': 0.0, 'z': 150.97796821594238}
2026-02-12 02:26:30,456 - Drone_1 - INFO - Drone 1: Flying to {'x': -153.9771866798401, 'y': 0.0, 'z': 150.97796821594238}
2026-02-12 02:26:30,488 - Drone_1 - INFO - Drone 1: Flying to {'x': -153.9771866798401, 'y': 0.0, 'z': 150.97796821594238}
2026-02-12 02:26:30,520 - Drone_1 - INFO - Drone 1: Flying to {'x': -153.9771866798401, 'y': 0.0, 'z': 150.97796821594238}
2026-02-12 02:26:30,558 - Drone_1 - INFO - Drone 1: Flying to {'x': -152.47084021568298, 'y': 0.0, 'z': 150.97796821594238}
2026-02-12 02:26:30,595 - Drone_1 - INFO - Drone 1: Flying to {'x': -152.47084021568298, 'y': 0.0, 'z': 150.97796821594238}
2026-02-12 02:26:30,626 - Drone_1 - INFO - Drone 1: Flying to {'x': -152.47084021568298, 'y': 0.0, 'z': 150.97796821594238}
2026-02-12 02:26:30,679 - Drone_1 - INFO - Drone 1: Flying to {'x': -150.96771240234375, 'y': 0.0, 'z': 150.97796821594238}
2026-02-12 02:26:30,686 - Drone_1 - INFO - Drone 1: Flying to {'x': -150.96771240234375, 'y': 0.0, 'z': 150.97796821594238}
2026-02-12 02:26:30,717 - Drone_1 - INFO - Drone 1: Flying to {'x': -150.96771240234375, 'y': 0.0, 'z': 150.97796821594238}
2026-02-12 02:26:30,751 - Drone_1 - INFO - Drone 1: Flying to {'x': -149.45756435394287, 'y': 0.0, 'z': 150.97796821594238}
2026-02-12 02:26:30,795 - Drone_1 - INFO - Drone 1: Flying to {'x': -149.45756435394287, 'y': 0.0, 'z': 150.97796821594238}
2026-02-12 02:26:30,827 - Drone_1 - INFO - Drone 1: Flying to {'x': -149.45756435394287, 'y': 0.0, 'z': 150.97796821594238}
2026-02-12 02:26:30,862 - Drone_1 - INFO - Drone 1: Flying to {'x': -147.95056343078613, 'y': 0.0, 'z': 150.97796821594238}
2026-02-12 02:26:30,887 - Drone_1 - INFO - Drone 1: Flying to {'x': -147.95056343078613, 'y': 0.0, 'z': 150.97796821594238}
2026-02-12 02:26:30,918 - Drone_1 - INFO - Drone 1: Flying to {'x': -147.95056343078613, 'y': 0.0, 'z': 150.97796821594238}
2026-02-12 02:26:30,949 - Drone_1 - INFO - Drone 1: Flying to {'x': -146.4463770389557, 'y': 0.0, 'z': 150.97796821594238}
2026-02-12 02:26:30,997 - Drone_1 - INFO - Drone 1: Flying to {'x': -146.4463770389557, 'y': 0.0, 'z': 150.97796821594238}
2026-02-12 02:26:31,024 - Drone_1 - INFO - Drone 1: Flying to {'x': -146.4463770389557, 'y': 0.0, 'z': 150.97796821594238}
2026-02-12 02:26:31,058 - Drone_1 - INFO - Drone 1: Flying to {'x': -144.9408745765686, 'y': 0.0, 'z': 150.97796821594238}
2026-02-12 02:26:31,089 - Drone_1 - INFO - Drone 1: Flying to {'x': -144.9408745765686, 'y': 0.0, 'z': 150.97796821594238}
2026-02-12 02:26:31,128 - Drone_1 - INFO - Drone 1: Flying to {'x': -144.9408745765686, 'y': 0.0, 'z': 150.97796821594238}
2026-02-12 02:26:31,147 - Drone_1 - INFO - Drone 1: Flying to {'x': -143.43689918518066, 'y': 0.0, 'z': 150.97796821594238}
2026-02-12 02:26:31,182 - Drone_1 - INFO - Drone 1: Flying to {'x': -143.43689918518066, 'y': 0.0, 'z': 150.97796821594238}
2026-02-12 02:26:31,212 - Drone_1 - INFO - Drone 1: Flying to {'x': -143.43689918518066, 'y': 0.0, 'z': 150.97796821594238}
2026-02-12 02:26:31,247 - Drone_2 - WARNING - Drone 2: Cannot goto - invalid flight mode
2026-02-12 02:26:31,248 - Drone_3 - WARNING - Drone 3: Cannot goto - invalid flight mode
2026-02-12 02:26:31,248 - Drone_4 - WARNING - Drone 4: Cannot goto - invalid flight mode
2026-02-12 02:26:31,249 - Drone_5 - WARNING - Drone 5: Cannot goto - invalid flight mode
2026-02-12 02:26:31,257 - Drone_1 - INFO - Drone 1: Flying to {'x': -141.90582633018494, 'y': 0.0, 'z': 150.97796821594238}
2026-02-12 02:26:31,288 - Drone_1 - INFO - Drone 1: Flying to {'x': -141.90582633018494, 'y': 0.0, 'z': 150.97796821594238}
2026-02-12 02:26:31,321 - Drone_1 - INFO - Drone 1: Flying to {'x': -141.90582633018494, 'y': 0.0, 'z': 150.97796821594238}
2026-02-12 02:26:31,349 - Drone_1 - INFO - Drone 1: Flying to {'x': -140.39049983024597, 'y': 0.0, 'z': 150.97796821594238}
2026-02-12 02:26:31,783 - Drone_1 - INFO - Drone 1: Flying to {'x': -134.34672117233276, 'y': 0.0, 'z': 150.97796821594238}
2026-02-12 02:26:32,009 - Drone_1 - INFO - Drone 1: Flying to {'x': -131.32367134094238, 'y': 0.0, 'z': 150.97796821594238}
2026-02-12 02:26:32,201 - Drone_1 - INFO - Drone 1: Flying to {'x': -128.30750226974487, 'y': 0.0, 'z': 150.97796821594238}
2026-02-12 02:26:32,250 - Drone_2 - WARNING - Drone 2: Cannot goto - invalid flight mode
2026-02-12 02:26:32,251 - Drone_3 - WARNING - Drone 3: Cannot goto - invalid flight mode
2026-02-12 02:26:32,251 - Drone_4 - WARNING - Drone 4: Cannot goto - invalid flight mode
2026-02-12 02:26:32,252 - Drone_5 - WARNING - Drone 5: Cannot goto - invalid flight mode
2026-02-12 02:26:32,349 - Drone_1 - INFO - Drone 1: Flying to {'x': -125.29289603233337, 'y': 0.0, 'z': 150.97796821594238}
2026-02-12 02:26:32,503 - Drone_1 - INFO - Drone 1: Flying to {'x': -123.78292679786682, 'y': 0.0, 'z': 150.97796821594238}
2026-02-12 02:26:32,694 - Drone_1 - INFO - Drone 1: Flying to {'x': -120.76935768127441, 'y': 0.0, 'z': 150.97796821594238}
2026-02-12 02:26:32,903 - Drone_1 - INFO - Drone 1: Flying to {'x': -117.75531649589539, 'y': 0.0, 'z': 150.97796821594238}
2026-02-12 02:26:33,119 - Drone_1 - INFO - Drone 1: Flying to {'x': -114.73944783210754, 'y': 0.0, 'z': 150.97796821594238}
2026-02-12 02:26:33,252 - Drone_2 - WARNING - Drone 2: Cannot goto - invalid flight mode
2026-02-12 02:26:33,253 - Drone_3 - WARNING - Drone 3: Cannot goto - invalid flight mode
2026-02-12 02:26:33,253 - Drone_4 - WARNING - Drone 4: Cannot goto - invalid flight mode
2026-02-12 02:26:33,253 - Drone_5 - WARNING - Drone 5: Cannot goto - invalid flight mode
2026-02-12 02:26:33,271 - Drone_1 - INFO - Drone 1: Flying to {'x': -111.72272443771362, 'y': 0.0, 'z': 150.97796821594238}
2026-02-12 02:26:33,463 - Drone_1 - INFO - Drone 1: Flying to {'x': -108.70865106582642, 'y': 0.0, 'z': 150.97796821594238}
2026-02-12 02:26:33,660 - Drone_1 - INFO - Drone 1: Flying to {'x': -105.68214297294617, 'y': 0.0, 'z': 150.97796821594238}
2026-02-12 02:26:34,254 - Drone_2 - WARNING - Drone 2: Cannot goto - invalid flight mode
2026-02-12 02:26:34,254 - Drone_3 - WARNING - Drone 3: Cannot goto - invalid flight mode
2026-02-12 02:26:34,255 - Drone_4 - WARNING - Drone 4: Cannot goto - invalid flight mode
2026-02-12 02:26:34,255 - Drone_5 - WARNING - Drone 5: Cannot goto - invalid flight mode
2026-02-12 02:26:34,428 - Drone_1 - INFO - Drone 1: Flying to {'x': -95.11622786521912, 'y': 0.0, 'z': 150.97796821594238}
2026-02-12 02:26:34,655 - Drone_1 - INFO - Drone 1: Flying to {'x': -90.59412002563477, 'y': 0.0, 'z': 150.97796821594238}
2026-02-12 02:26:34,859 - Drone_1 - INFO - Drone 1: Flying to {'x': -87.58199214935303, 'y': 0.0, 'z': 150.97796821594238}
2026-02-12 02:26:35,043 - Drone_1 - INFO - Drone 1: Flying to {'x': -86.07330679893494, 'y': 0.0, 'z': 150.97796821594238}
2026-02-12 02:26:35,253 - Drone_1 - INFO - Drone 1: Flying to {'x': -83.05744886398315, 'y': 0.0, 'z': 150.97796821594238}
2026-02-12 02:26:35,256 - Drone_2 - WARNING - Drone 2: Cannot goto - invalid flight mode
2026-02-12 02:26:35,257 - Drone_3 - WARNING - Drone 3: Cannot goto - invalid flight mode
2026-02-12 02:26:35,258 - Drone_4 - WARNING - Drone 4: Cannot goto - invalid flight mode
2026-02-12 02:26:35,258 - Drone_5 - WARNING - Drone 5: Cannot goto - invalid flight mode
2026-02-12 02:26:35,424 - Drone_1 - INFO - Drone 1: Flying to {'x': -80.04082202911377, 'y': 0.0, 'z': 150.97796821594238}
2026-02-12 02:26:35,628 - Drone_1 - INFO - Drone 1: Flying to {'x': -77.02827215194702, 'y': 0.0, 'z': 150.97796821594238}
2026-02-12 02:26:35,809 - Drone_1 - INFO - Drone 1: Flying to {'x': -74.01000738143921, 'y': 0.0, 'z': 150.97796821594238}
2026-02-12 02:26:35,977 - Drone_1 - INFO - Drone 1: Flying to {'x': -70.99138498306274, 'y': 0.0, 'z': 150.97796821594238}
2026-02-12 02:26:36,153 - Drone_1 - INFO - Drone 1: Flying to {'x': -69.48451638221741, 'y': 0.0, 'z': 150.97796821594238}
2026-02-12 02:26:36,259 - Drone_2 - WARNING - Drone 2: Cannot goto - invalid flight mode
2026-02-12 02:26:36,262 - Drone_3 - WARNING - Drone 3: Cannot goto - invalid flight mode
2026-02-12 02:26:36,262 - Drone_4 - WARNING - Drone 4: Cannot goto - invalid flight mode
2026-02-12 02:26:36,263 - Drone_5 - WARNING - Drone 5: Cannot goto - invalid flight mode
2026-02-12 02:26:36,457 - Drone_1 - INFO - Drone 1: Flying to {'x': -64.96532678604126, 'y': 0.0, 'z': 150.97796821594238}
2026-02-12 02:26:36,691 - Drone_1 - INFO - Drone 1: Flying to {'x': -60.43919920921326, 'y': 0.0, 'z': 150.97796821594238}
2026-02-12 02:26:36,872 - Drone_1 - INFO - Drone 1: Flying to {'x': -57.425276041030884, 'y': 0.0, 'z': 150.97796821594238}
2026-02-12 02:26:37,042 - Drone_1 - INFO - Drone 1: Flying to {'x': -55.913615226745605, 'y': 0.0, 'z': 150.97796821594238}
2026-02-12 02:26:37,225 - Drone_1 - INFO - Drone 1: Flying to {'x': -52.897764444351196, 'y': 0.0, 'z': 150.97796821594238}
2026-02-12 02:26:37,267 - Drone_2 - WARNING - Drone 2: Cannot goto - invalid flight mode
2026-02-12 02:26:37,267 - Drone_3 - WARNING - Drone 3: Cannot goto - invalid flight mode
2026-02-12 02:26:37,267 - Drone_4 - WARNING - Drone 4: Cannot goto - invalid flight mode
2026-02-12 02:26:37,268 - Drone_5 - WARNING - Drone 5: Cannot goto - invalid flight mode
2026-02-12 02:26:37,417 - Drone_1 - INFO - Drone 1: Flying to {'x': -49.877893924713135, 'y': 0.0, 'z': 150.97796821594238}
2026-02-12 02:26:37,617 - Drone_1 - INFO - Drone 1: Flying to {'x': -46.86537981033325, 'y': 0.0, 'z': 150.97796821594238}
2026-02-12 02:26:37,825 - Drone_1 - INFO - Drone 1: Flying to {'x': -43.84906053543091, 'y': 0.0, 'z': 150.97796821594238}
2026-02-12 02:26:38,011 - Drone_1 - INFO - Drone 1: Flying to {'x': -40.82686185836792, 'y': 0.0, 'z': 150.97796821594238}
2026-02-12 02:26:38,204 - Drone_1 - INFO - Drone 1: Flying to {'x': -37.80809283256531, 'y': 0.0, 'z': 150.97796821594238}
2026-02-12 02:26:38,269 - Drone_2 - WARNING - Drone 2: Cannot goto - invalid flight mode
2026-02-12 02:26:38,269 - Drone_3 - WARNING - Drone 3: Cannot goto - invalid flight mode
2026-02-12 02:26:38,269 - Drone_4 - WARNING - Drone 4: Cannot goto - invalid flight mode
2026-02-12 02:26:38,270 - Drone_5 - WARNING - Drone 5: Cannot goto - invalid flight mode
2026-02-12 02:26:38,377 - Drone_1 - INFO - Drone 1: Flying to {'x': -34.79240655899048, 'y': 0.0, 'z': 150.97796821594238}
2026-02-12 02:26:39,271 - Drone_2 - WARNING - Drone 2: Cannot goto - invalid flight mode
2026-02-12 02:26:39,271 - Drone_3 - WARNING - Drone 3: Cannot goto - invalid flight mode
2026-02-12 02:26:39,272 - Drone_4 - WARNING - Drone 4: Cannot goto - invalid flight mode
2026-02-12 02:26:39,273 - Drone_5 - WARNING - Drone 5: Cannot goto - invalid flight mode
2026-02-12 02:26:39,289 - Drone_1 - INFO - Drone 1: Flying to {'x': -1021.1948907375336, 'y': 1000.0, 'z': 150.97796821594238}
2026-02-12 02:26:39,795 - Drone_1 - INFO - Drone 1: Flying to {'x': -1021.1948907375336, 'y': 1007.5537157058716, 'z': 150.97796821594238}
2026-02-12 02:26:39,817 - Drone_1 - INFO - Drone 1: Flying to {'x': -1021.1948907375336, 'y': 1007.5537157058716, 'z': 150.97796821594238}
2026-02-12 02:26:39,848 - Drone_1 - INFO - Drone 1: Flying to {'x': -1021.1948907375336, 'y': 1007.5537157058716, 'z': 150.97796821594238}
2026-02-12 02:26:39,883 - Drone_1 - INFO - Drone 1: Flying to {'x': -1021.1948907375336, 'y': 1007.5537157058716, 'z': 150.97796821594238}
2026-02-12 02:26:39,924 - Drone_1 - INFO - Drone 1: Flying to {'x': -1021.1948907375336, 'y': 1009.0625584125519, 'z': 150.97796821594238}
2026-02-12 02:26:39,955 - Drone_1 - INFO - Drone 1: Flying to {'x': -1021.1948907375336, 'y': 1009.0625584125519, 'z': 150.97796821594238}
2026-02-12 02:26:39,985 - Drone_1 - INFO - Drone 1: Flying to {'x': -1021.1948907375336, 'y': 1010.5646419525146, 'z': 150.97796821594238}
2026-02-12 02:26:40,016 - Drone_1 - INFO - Drone 1: Flying to {'x': -1021.1948907375336, 'y': 1010.5646419525146, 'z': 150.97796821594238}
2026-02-12 02:26:40,047 - Drone_1 - INFO - Drone 1: Flying to {'x': -1021.1948907375336, 'y': 1010.5646419525146, 'z': 150.97796821594238}
2026-02-12 02:26:40,079 - Drone_1 - INFO - Drone 1: Flying to {'x': -1021.1948907375336, 'y': 1010.5646419525146, 'z': 150.97796821594238}
2026-02-12 02:26:40,125 - Drone_1 - INFO - Drone 1: Flying to {'x': -1021.1948907375336, 'y': 1012.0702230930328, 'z': 150.97796821594238}
2026-02-12 02:26:40,153 - Drone_1 - INFO - Drone 1: Flying to {'x': -1021.1948907375336, 'y': 1012.0702230930328, 'z': 150.97796821594238}
2026-02-12 02:26:40,187 - Drone_1 - INFO - Drone 1: Flying to {'x': -1021.1948907375336, 'y': 1013.5779964923859, 'z': 150.97796821594238}
2026-02-12 02:26:40,227 - Drone_1 - INFO - Drone 1: Flying to {'x': -1021.1948907375336, 'y': 1013.5779964923859, 'z': 150.97796821594238}
2026-02-12 02:26:40,248 - Drone_1 - INFO - Drone 1: Flying to {'x': -1021.1948907375336, 'y': 1013.5779964923859, 'z': 150.97796821594238}
2026-02-12 02:26:40,274 - Drone_2 - WARNING - Drone 2: Cannot goto - invalid flight mode
2026-02-12 02:26:40,275 - Drone_3 - WARNING - Drone 3: Cannot goto - invalid flight mode
2026-02-12 02:26:40,275 - Drone_4 - WARNING - Drone 4: Cannot goto - invalid flight mode
2026-02-12 02:26:40,277 - Drone_5 - WARNING - Drone 5: Cannot goto - invalid flight mode
2026-02-12 02:26:40,280 - Drone_1 - INFO - Drone 1: Flying to {'x': -1021.1948907375336, 'y': 1013.5779964923859, 'z': 150.97796821594238}
2026-02-12 02:26:40,312 - Drone_1 - INFO - Drone 1: Flying to {'x': -1021.1948907375336, 'y': 1015.08944272995, 'z': 150.97796821594238}
2026-02-12 02:26:40,356 - Drone_1 - INFO - Drone 1: Flying to {'x': -1021.1948907375336, 'y': 1015.08944272995, 'z': 150.97796821594238}
2026-02-12 02:26:40,385 - Drone_1 - INFO - Drone 1: Flying to {'x': -1021.1948907375336, 'y': 1015.08944272995, 'z': 150.97796821594238}
2026-02-12 02:26:40,419 - Drone_1 - INFO - Drone 1: Flying to {'x': -1021.1948907375336, 'y': 1016.5909147262573, 'z': 150.97796821594238}
2026-02-12 02:26:40,459 - Drone_1 - INFO - Drone 1: Flying to {'x': -1021.1948907375336, 'y': 1016.5909147262573, 'z': 150.97796821594238}
2026-02-12 02:26:40,479 - Drone_1 - INFO - Drone 1: Flying to {'x': -1021.1948907375336, 'y': 1016.5909147262573, 'z': 150.97796821594238}
2026-02-12 02:26:40,510 - Drone_1 - INFO - Drone 1: Flying to {'x': -1021.1948907375336, 'y': 1018.1006371974945, 'z': 150.97796821594238}
2026-02-12 02:26:40,542 - Drone_1 - INFO - Drone 1: Flying to {'x': -1021.1948907375336, 'y': 1018.1006371974945, 'z': 150.97796821594238}
2026-02-12 02:26:40,586 - Drone_1 - INFO - Drone 1: Flying to {'x': -1021.1948907375336, 'y': 1018.1006371974945, 'z': 150.97796821594238}
2026-02-12 02:26:40,618 - Drone_1 - INFO - Drone 1: Flying to {'x': -1021.1948907375336, 'y': 1019.6049880981445, 'z': 150.97796821594238}
2026-02-12 02:26:40,648 - Drone_1 - INFO - Drone 1: Flying to {'x': -1021.1948907375336, 'y': 1019.6049880981445, 'z': 150.97796821594238}
2026-02-12 02:26:40,677 - Drone_1 - INFO - Drone 1: Flying to {'x': -1021.1948907375336, 'y': 1019.6049880981445, 'z': 150.97796821594238}
2026-02-12 02:26:40,708 - Drone_1 - INFO - Drone 1: Flying to {'x': -1021.1948907375336, 'y': 1021.1117208003998, 'z': 150.97796821594238}
2026-02-12 02:26:40,741 - Drone_1 - INFO - Drone 1: Flying to {'x': -1021.1948907375336, 'y': 1021.1117208003998, 'z': 150.97796821594238}
2026-02-12 02:26:40,785 - Drone_1 - INFO - Drone 1: Flying to {'x': -1021.1948907375336, 'y': 1021.1117208003998, 'z': 150.97796821594238}
2026-02-12 02:26:41,278 - Drone_2 - WARNING - Drone 2: Cannot goto - invalid flight mode
2026-02-12 02:26:41,279 - Drone_3 - WARNING - Drone 3: Cannot goto - invalid flight mode
2026-02-12 02:26:41,279 - Drone_4 - WARNING - Drone 4: Cannot goto - invalid flight mode
2026-02-12 02:26:41,280 - Drone_5 - WARNING - Drone 5: Cannot goto - invalid flight mode
2026-02-12 02:26:42,281 - Drone_2 - WARNING - Drone 2: Cannot goto - invalid flight mode
2026-02-12 02:26:42,282 - Drone_3 - WARNING - Drone 3: Cannot goto - invalid flight mode
2026-02-12 02:26:42,283 - Drone_4 - WARNING - Drone 4: Cannot goto - invalid flight mode
2026-02-12 02:26:42,283 - Drone_5 - WARNING - Drone 5: Cannot goto - invalid flight mode
2026-02-12 02:26:43,284 - Drone_2 - WARNING - Drone 2: Cannot goto - invalid flight mode
2026-02-12 02:26:43,285 - Drone_3 - WARNING - Drone 3: Cannot goto - invalid flight mode
2026-02-12 02:26:43,285 - Drone_4 - WARNING - Drone 4: Cannot goto - invalid flight mode
2026-02-12 02:26:43,286 - Drone_5 - WARNING - Drone 5: Cannot goto - invalid flight mode
2026-02-12 02:26:44,032 - PhysicalMLTrainer_Drone3 - INFO - Physical ML model trained for drone=3 samples=2400
2026-02-12 02:26:44,050 - PhysicalMLTrainer_Drone2 - INFO - Physical ML model trained for drone=2 samples=2400
2026-02-12 02:26:44,120 - PhysicalMLTrainer_Drone1 - INFO - Physical ML model trained for drone=1 samples=2400
2026-02-12 02:26:44,120 - PhysicalMLTrainer_Drone5 - INFO - Physical ML model trained for drone=5 samples=2400
2026-02-12 02:26:44,120 - PhysicalMLTrainer_Drone4 - INFO - Physical ML model trained for drone=4 samples=2400
2026-02-12 02:26:44,287 - Drone_2 - WARNING - Drone 2: Cannot goto - invalid flight mode
2026-02-12 02:26:44,287 - Drone_3 - WARNING - Drone 3: Cannot goto - invalid flight mode
2026-02-12 02:26:44,287 - Drone_4 - WARNING - Drone 4: Cannot goto - invalid flight mode
2026-02-12 02:26:44,287 - Drone_5 - WARNING - Drone 5: Cannot goto - invalid flight mode
2026-02-12 02:26:45,288 - Drone_2 - WARNING - Drone 2: Cannot goto - invalid flight mode
2026-02-12 02:26:45,288 - Drone_3 - WARNING - Drone 3: Cannot goto - invalid flight mode
2026-02-12 02:26:45,288 - Drone_4 - WARNING - Drone 4: Cannot goto - invalid flight mode
2026-02-12 02:26:45,289 - Drone_5 - WARNING - Drone 5: Cannot goto - invalid flight mode
2026-02-12 02:26:46,289 - Drone_2 - WARNING - Drone 2: Cannot goto - invalid flight mode
2026-02-12 02:26:46,290 - Drone_3 - WARNING - Drone 3: Cannot goto - invalid flight mode
2026-02-12 02:26:46,291 - Drone_4 - WARNING - Drone 4: Cannot goto - invalid flight mode
2026-02-12 02:26:46,291 - Drone_5 - WARNING - Drone 5: Cannot goto - invalid flight mode
2026-02-12 02:26:47,292 - Drone_2 - WARNING - Drone 2: Cannot goto - invalid flight mode
2026-02-12 02:26:47,292 - Drone_3 - WARNING - Drone 3: Cannot goto - invalid flight mode
2026-02-12 02:26:47,292 - Drone_4 - WARNING - Drone 4: Cannot goto - invalid flight mode
2026-02-12 02:26:47,292 - Drone_5 - WARNING - Drone 5: Cannot goto - invalid flight mode
2026-02-12 02:26:48,293 - Drone_2 - WARNING - Drone 2: Cannot goto - invalid flight mode
2026-02-12 02:26:48,293 - Drone_3 - WARNING - Drone 3: Cannot goto - invalid flight mode
2026-02-12 02:26:48,293 - Drone_4 - WARNING - Drone 4: Cannot goto - invalid flight mode
2026-02-12 02:26:48,294 - Drone_5 - WARNING - Drone 5: Cannot goto - invalid flight mode
2026-02-12 02:26:49,294 - Drone_2 - WARNING - Drone 2: Cannot goto - invalid flight mode
2026-02-12 02:26:49,295 - Drone_3 - WARNING - Drone 3: Cannot goto - invalid flight mode
2026-02-12 02:26:49,295 - Drone_4 - WARNING - Drone 4: Cannot goto - invalid flight mode
2026-02-12 02:26:49,295 - Drone_5 - WARNING - Drone 5: Cannot goto - invalid flight mode
2026-02-12 02:26:49,892 - Drone_1 - WARNING - Drone 1: Cannot takeoff - already flying
2026-02-12 02:26:49,893 - Drone_2 - WARNING - Drone 2: Cannot takeoff - already flying
2026-02-12 02:26:49,894 - Drone_3 - WARNING - Drone 3: Cannot takeoff - already flying
2026-02-12 02:26:49,894 - Drone_4 - WARNING - Drone 4: Cannot takeoff - already flying
2026-02-12 02:26:49,895 - Drone_5 - WARNING - Drone 5: Cannot takeoff - already flying
2026-02-12 02:26:50,296 - Drone_2 - WARNING - Drone 2: Cannot goto - invalid flight mode
2026-02-12 02:26:50,297 - Drone_3 - WARNING - Drone 3: Cannot goto - invalid flight mode
2026-02-12 02:26:50,298 - Drone_4 - WARNING - Drone 4: Cannot goto - invalid flight mode
2026-02-12 02:26:50,299 - Drone_5 - WARNING - Drone 5: Cannot goto - invalid flight mode
2026-02-12 02:26:51,300 - Drone_2 - WARNING - Drone 2: Cannot goto - invalid flight mode
2026-02-12 02:26:51,301 - Drone_3 - WARNING - Drone 3: Cannot goto - invalid flight mode
2026-02-12 02:26:51,302 - Drone_4 - WARNING - Drone 4: Cannot goto - invalid flight mode
2026-02-12 02:26:51,303 - Drone_5 - WARNING - Drone 5: Cannot goto - invalid flight mode
2026-02-12 02:26:52,304 - Drone_2 - WARNING - Drone 2: Cannot goto - invalid flight mode
2026-02-12 02:26:52,305 - Drone_3 - WARNING - Drone 3: Cannot goto - invalid flight mode
2026-02-12 02:26:52,306 - Drone_4 - WARNING - Drone 4: Cannot goto - invalid flight mode
2026-02-12 02:26:52,306 - Drone_5 - WARNING - Drone 5: Cannot goto - invalid flight mode
2026-02-12 02:26:53,129 - Drone_1 - WARNING - Drone 1: Cannot takeoff - already flying
2026-02-12 02:26:53,130 - Drone_2 - WARNING - Drone 2: Cannot takeoff - already flying
2026-02-12 02:26:53,131 - Drone_3 - WARNING - Drone 3: Cannot takeoff - already flying
2026-02-12 02:26:53,131 - Drone_4 - WARNING - Drone 4: Cannot takeoff - already flying
2026-02-12 02:26:53,132 - Drone_5 - WARNING - Drone 5: Cannot takeoff - already flying
2026-02-12 02:26:53,307 - Drone_2 - WARNING - Drone 2: Cannot goto - invalid flight mode
2026-02-12 02:26:53,308 - Drone_3 - WARNING - Drone 3: Cannot goto - invalid flight mode
2026-02-12 02:26:53,308 - Drone_4 - WARNING - Drone 4: Cannot goto - invalid flight mode
2026-02-12 02:26:53,309 - Drone_5 - WARNING - Drone 5: Cannot goto - invalid flight mode
2026-02-12 02:26:54,310 - Drone_2 - WARNING - Drone 2: Cannot goto - invalid flight mode
2026-02-12 02:26:54,310 - Drone_3 - WARNING - Drone 3: Cannot goto - invalid flight mode
2026-02-12 02:26:54,310 - Drone_4 - WARNING - Drone 4: Cannot goto - invalid flight mode
2026-02-12 02:26:54,311 - Drone_5 - WARNING - Drone 5: Cannot goto - invalid flight mode
2026-02-12 02:26:55,311 - Drone_2 - WARNING - Drone 2: Cannot goto - invalid flight mode
2026-02-12 02:26:55,311 - Drone_3 - WARNING - Drone 3: Cannot goto - invalid flight mode
2026-02-12 02:26:55,312 - Drone_4 - WARNING - Drone 4: Cannot goto - invalid flight mode
2026-02-12 02:26:55,312 - Drone_5 - WARNING - Drone 5: Cannot goto - invalid flight mode
2026-02-12 02:26:56,312 - Drone_2 - WARNING - Drone 2: Cannot goto - invalid flight mode
2026-02-12 02:26:56,313 - Drone_3 - WARNING - Drone 3: Cannot goto - invalid flight mode
2026-02-12 02:26:56,313 - Drone_4 - WARNING - Drone 4: Cannot goto - invalid flight mode
2026-02-12 02:26:56,313 - Drone_5 - WARNING - Drone 5: Cannot goto - invalid flight mode
2026-02-12 02:26:56,719 - SwarmManager - INFO - Commanding all drones to return home
2026-02-12 02:26:56,720 - Drone_1 - INFO - Drone 1: Returning to home - Swarm RTH command
2026-02-12 02:26:56,720 - Drone_2 - INFO - Drone 2: Returning to home - Swarm RTH command
2026-02-12 02:26:56,720 - Drone_3 - INFO - Drone 3: Returning to home - Swarm RTH command
2026-02-12 02:26:56,720 - Drone_4 - INFO - Drone 4: Returning to home - Swarm RTH command
2026-02-12 02:26:56,720 - Drone_5 - INFO - Drone 5: Returning to home - Swarm RTH command
2026-02-12 02:27:04,147 - PhysicalMLTrainer_Drone3 - INFO - Physical ML model trained for drone=3 samples=2600
2026-02-12 02:27:04,161 - PhysicalMLTrainer_Drone2 - INFO - Physical ML model trained for drone=2 samples=2600
2026-02-12 02:27:04,246 - PhysicalMLTrainer_Drone1 - INFO - Physical ML model trained for drone=1 samples=2600
2026-02-12 02:27:04,247 - PhysicalMLTrainer_Drone4 - INFO - Physical ML model trained for drone=4 samples=2600
2026-02-12 02:27:04,251 - PhysicalMLTrainer_Drone5 - INFO - Physical ML model trained for drone=5 samples=2600
2026-02-12 02:27:24,282 - PhysicalMLTrainer_Drone3 - INFO - Physical ML model trained for drone=3 samples=2800
2026-02-12 02:27:24,286 - PhysicalMLTrainer_Drone2 - INFO - Physical ML model trained for drone=2 samples=2800
2026-02-12 02:27:24,375 - PhysicalMLTrainer_Drone4 - INFO - Physical ML model trained for drone=4 samples=2800
2026-02-12 02:27:24,375 - PhysicalMLTrainer_Drone5 - INFO - Physical ML model trained for drone=5 samples=2800
2026-02-12 02:27:24,386 - PhysicalMLTrainer_Drone1 - INFO - Physical ML model trained for drone=1 samples=2800
2026-02-12 02:27:44,406 - PhysicalMLTrainer_Drone3 - INFO - Physical ML model trained for drone=3 samples=3000
2026-02-12 02:27:44,412 - PhysicalMLTrainer_Drone2 - INFO - Physical ML model trained for drone=2 samples=3000
2026-02-12 02:27:44,501 - PhysicalMLTrainer_Drone5 - INFO - Physical ML model trained for drone=5 samples=3000
2026-02-12 02:27:44,502 - PhysicalMLTrainer_Drone4 - INFO - Physical ML model trained for drone=4 samples=3000
2026-02-12 02:27:44,514 - PhysicalMLTrainer_Drone1 - INFO - Physical ML model trained for drone=1 samples=3000
2026-02-12 02:28:04,538 - PhysicalMLTrainer_Drone3 - INFO - Physical ML model trained for drone=3 samples=3200
2026-02-12 02:28:04,538 - PhysicalMLTrainer_Drone2 - INFO - Physical ML model trained for drone=2 samples=3200
2026-02-12 02:28:04,639 - PhysicalMLTrainer_Drone5 - INFO - Physical ML model trained for drone=5 samples=3200
2026-02-12 02:28:04,640 - PhysicalMLTrainer_Drone1 - INFO - Physical ML model trained for drone=1 samples=3200
2026-02-12 02:28:04,640 - PhysicalMLTrainer_Drone4 - INFO - Physical ML model trained for drone=4 samples=3200
2026-02-12 02:28:24,665 - PhysicalMLTrainer_Drone3 - INFO - Physical ML model trained for drone=3 samples=3400
2026-02-12 02:28:24,671 - PhysicalMLTrainer_Drone2 - INFO - Physical ML model trained for drone=2 samples=3400
2026-02-12 02:28:24,763 - PhysicalMLTrainer_Drone1 - INFO - Physical ML model trained for drone=1 samples=3400
2026-02-12 02:28:24,779 - PhysicalMLTrainer_Drone5 - INFO - Physical ML model trained for drone=5 samples=3400
2026-02-12 02:28:24,779 - PhysicalMLTrainer_Drone4 - INFO - Physical ML model trained for drone=4 samples=3400
2026-02-12 02:28:43,375 - Drone_1 - INFO - Drone 1 stopped
2026-02-12 02:28:43,384 - Drone_2 - INFO - Drone 2 stopped
2026-02-12 02:28:43,386 - Drone_3 - INFO - Drone 3 stopped
2026-02-12 02:28:43,391 - Drone_4 - INFO - Drone 4 stopped
2026-02-12 02:28:43,393 - Drone_5 - INFO - Drone 5 stopped
2026-02-12 02:28:43,393 - SwarmManager - INFO - Swarm monitoring stopped
2026-02-12 02:28:43,393 - Main - INFO - System shutdown complete
