2026-02-13 18:42:49,601 - Main - INFO - Starting Drone Swarm Management System
2026-02-13 18:42:49,602 - SwarmManager - INFO - Swarm Manager initialized
2026-02-13 18:42:49,603 - MLDecisionSupport_Drone1 - INFO - ML Decision Support initialized
2026-02-13 18:42:49,616 - PhysicalMLTrainer_Drone1 - INFO - Physical ML model trained drone=1 samples=250 degree=2 alpha=0.0 val_mse=0.000155
2026-02-13 18:42:49,617 - Drone_1 - INFO - Drone 1: bootstrap personal trainer loaded 250 rows from datasets/personal_drone_1.csv
2026-02-13 18:42:49,617 - Drone_1 - INFO - Drone 1: Personal ML system initialized
2026-02-13 18:42:49,619 - Drone_1 - INFO - Drone 1 initialized at {'x': 0, 'y': 0, 'z': 0}
2026-02-13 18:42:49,620 - Drone_1 - INFO - Drone 1 started
2026-02-13 18:42:49,621 - SwarmManager - INFO - Drone 1 added to swarm
2026-02-13 18:42:49,621 - SwarmManager - INFO - Starting leader election...
2026-02-13 18:42:49,623 - SwarmManager - INFO -   Drone 1: suitability score = 100.00
2026-02-13 18:42:49,623 - Drone_1 - INFO - Drone 1: Role changed from follower to leader
2026-02-13 18:42:49,625 - PhysicalMLTrainer_Drone1 - INFO - Physical ML model trained drone=1 samples=251 degree=2 alpha=0.0 val_mse=0.000157
2026-02-13 18:42:49,629 - MLDecisionSupport_Drone2 - INFO - ML Decision Support initialized
2026-02-13 18:42:49,635 - PhysicalMLTrainer_Drone2 - INFO - Physical ML model trained drone=2 samples=300 degree=2 alpha=0.1 val_mse=0.000128
2026-02-13 18:42:49,636 - Drone_2 - INFO - Drone 2: bootstrap personal trainer loaded 300 rows from datasets/personal_training.csv
2026-02-13 18:42:49,636 - Drone_2 - INFO - Drone 2: Personal ML system initialized
2026-02-13 18:42:49,636 - Drone_2 - INFO - Drone 2 initialized at {'x': 1200, 'y': 300, 'z': 0}
2026-02-13 18:42:49,637 - Drone_2 - INFO - Drone 2 started
2026-02-13 18:42:49,638 - SwarmManager - INFO - Drone 2 added to swarm
2026-02-13 18:42:49,640 - MLDecisionSupport_Drone3 - INFO - ML Decision Support initialized
2026-02-13 18:42:49,641 - PhysicalMLTrainer_Drone2 - INFO - Physical ML model trained drone=2 samples=301 degree=2 alpha=0.1 val_mse=0.000128
2026-02-13 18:42:49,646 - PhysicalMLTrainer_Drone3 - INFO - Physical ML model trained drone=3 samples=300 degree=2 alpha=0.1 val_mse=0.000128
2026-02-13 18:42:49,646 - Drone_3 - INFO - Drone 3: bootstrap personal trainer loaded 300 rows from datasets/personal_training.csv
2026-02-13 18:42:49,647 - Drone_3 - INFO - Drone 3: Personal ML system initialized
2026-02-13 18:42:49,647 - Drone_3 - INFO - Drone 3 initialized at {'x': -1400, 'y': -500, 'z': 0}
2026-02-13 18:42:49,647 - Drone_3 - INFO - Drone 3 started
2026-02-13 18:42:49,648 - SwarmManager - INFO - Drone 3 added to swarm
2026-02-13 18:42:49,649 - MLDecisionSupport_Drone4 - INFO - ML Decision Support initialized
2026-02-13 18:42:49,650 - PhysicalMLTrainer_Drone3 - INFO - Physical ML model trained drone=3 samples=301 degree=2 alpha=0.1 val_mse=0.000128
2026-02-13 18:42:49,656 - PhysicalMLTrainer_Drone4 - INFO - Physical ML model trained drone=4 samples=300 degree=2 alpha=0.1 val_mse=0.000128
2026-02-13 18:42:49,656 - Drone_4 - INFO - Drone 4: bootstrap personal trainer loaded 300 rows from datasets/personal_training.csv
2026-02-13 18:42:49,656 - Drone_4 - INFO - Drone 4: Personal ML system initialized
2026-02-13 18:42:49,656 - Drone_4 - INFO - Drone 4 initialized at {'x': 800, 'y': -1500, 'z': 0}
2026-02-13 18:42:49,657 - Drone_4 - INFO - Drone 4 started
2026-02-13 18:42:49,657 - SwarmManager - INFO - Drone 4 added to swarm
2026-02-13 18:42:49,658 - MLDecisionSupport_Drone5 - INFO - ML Decision Support initialized
2026-02-13 18:42:49,660 - PhysicalMLTrainer_Drone4 - INFO - Physical ML model trained drone=4 samples=301 degree=2 alpha=0.1 val_mse=0.000128
2026-02-13 18:42:49,664 - PhysicalMLTrainer_Drone5 - INFO - Physical ML model trained drone=5 samples=300 degree=2 alpha=0.1 val_mse=0.000128
2026-02-13 18:42:49,665 - Drone_5 - INFO - Drone 5: bootstrap personal trainer loaded 300 rows from datasets/personal_training.csv
2026-02-13 18:42:49,665 - Drone_5 - INFO - Drone 5: Personal ML system initialized
2026-02-13 18:42:49,665 - Drone_5 - INFO - Drone 5 initialized at {'x': -900, 'y': 1600, 'z': 0}
2026-02-13 18:42:49,666 - Drone_5 - INFO - Drone 5 started
2026-02-13 18:42:49,667 - SwarmManager - INFO - Drone 5 added to swarm
2026-02-13 18:42:49,668 - SwarmManager - INFO - Swarm monitoring started
2026-02-13 18:42:49,668 - Main - INFO - Swarm created with 5 drones
2026-02-13 18:42:49,668 - Main - INFO - Leader elected: Drone 1
2026-02-13 18:42:49,669 - Main - INFO - Starting GUI...
2026-02-13 18:42:49,670 - PhysicalMLTrainer_Drone5 - INFO - Physical ML model trained drone=5 samples=301 degree=2 alpha=0.1 val_mse=0.000128
2026-02-13 18:43:03,997 - Drone_1 - INFO - Drone 1: Armed
2026-02-13 18:43:03,999 - Drone_2 - INFO - Drone 2: Armed
2026-02-13 18:43:04,000 - Drone_3 - INFO - Drone 3: Armed
2026-02-13 18:43:04,001 - Drone_4 - INFO - Drone 4: Armed
2026-02-13 18:43:04,002 - Drone_5 - INFO - Drone 5: Armed
2026-02-13 18:43:06,182 - SwarmManager - INFO - Leader-follow enabled=True
2026-02-13 18:43:06,182 - Drone_1 - INFO - Drone 1: Taking off
2026-02-13 18:43:06,183 - Drone_2 - INFO - Drone 2: Taking off
2026-02-13 18:43:06,183 - Drone_3 - INFO - Drone 3: Taking off
2026-02-13 18:43:06,184 - Drone_4 - INFO - Drone 4: Taking off
2026-02-13 18:43:06,185 - Drone_5 - INFO - Drone 5: Taking off
2026-02-13 18:43:07,676 - Drone_2 - INFO - Drone 2: Flying to {'x': 0.0, 'y': 0.0, 'z': 3.030454635620117}
2026-02-13 18:43:07,676 - Drone_3 - INFO - Drone 3: Flying to {'x': 0.0, 'y': 0.0, 'z': 3.030454635620117}
2026-02-13 18:43:07,676 - Drone_4 - INFO - Drone 4: Flying to {'x': 0.0, 'y': 0.0, 'z': 3.030454635620117}
2026-02-13 18:43:07,677 - Drone_5 - INFO - Drone 5: Flying to {'x': 0.0, 'y': 0.0, 'z': 3.030454635620117}
2026-02-13 18:43:07,718 - Drone_2 - INFO - Drone 2: Flying to {'x': 2553.9057647468726, 'y': 2622.797543233282, 'z': 60.0}
2026-02-13 18:43:07,719 - Drone_3 - INFO - Drone 3: Flying to {'x': 2503.5942352531274, 'y': 2606.450336353161, 'z': 60.0}
2026-02-13 18:43:07,720 - Drone_4 - INFO - Drone 4: Flying to {'x': 2503.5942352531274, 'y': 2553.549663646839, 'z': 60.0}
2026-02-13 18:43:07,720 - Drone_5 - INFO - Drone 5: Flying to {'x': 2553.9057647468726, 'y': 2537.202456766718, 'z': 60.0}
2026-02-13 18:43:08,677 - Drone_2 - INFO - Drone 2: Flying to {'x': 0.0, 'y': 0.0, 'z': 5.039820671081543}
2026-02-13 18:43:08,678 - Drone_3 - INFO - Drone 3: Flying to {'x': 0.0, 'y': 0.0, 'z': 5.039820671081543}
2026-02-13 18:43:08,678 - Drone_4 - INFO - Drone 4: Flying to {'x': 0.0, 'y': 0.0, 'z': 5.039820671081543}
2026-02-13 18:43:08,679 - Drone_5 - INFO - Drone 5: Flying to {'x': 0.0, 'y': 0.0, 'z': 5.039820671081543}
2026-02-13 18:43:09,679 - Drone_2 - INFO - Drone 2: Flying to {'x': 0.0, 'y': 0.0, 'z': 7.054131507873535}
2026-02-13 18:43:09,680 - Drone_3 - INFO - Drone 3: Flying to {'x': 0.0, 'y': 0.0, 'z': 7.054131507873535}
2026-02-13 18:43:09,680 - Drone_4 - INFO - Drone 4: Flying to {'x': 0.0, 'y': 0.0, 'z': 7.054131507873535}
2026-02-13 18:43:09,680 - Drone_5 - INFO - Drone 5: Flying to {'x': 0.0, 'y': 0.0, 'z': 7.054131507873535}
2026-02-13 18:43:09,813 - PhysicalMLTrainer_Drone5 - INFO - Physical ML model trained drone=5 samples=501 degree=2 alpha=0.0 val_mse=0.084932
2026-02-13 18:43:09,827 - PhysicalMLTrainer_Drone1 - INFO - Physical ML model trained drone=1 samples=451 degree=2 alpha=0.0 val_mse=0.048813
2026-02-13 18:43:09,828 - PhysicalMLTrainer_Drone2 - INFO - Physical ML model trained drone=2 samples=501 degree=2 alpha=0.0 val_mse=0.087303
2026-02-13 18:43:09,828 - PhysicalMLTrainer_Drone4 - INFO - Physical ML model trained drone=4 samples=501 degree=2 alpha=0.0 val_mse=0.089997
2026-02-13 18:43:09,829 - PhysicalMLTrainer_Drone3 - INFO - Physical ML model trained drone=3 samples=501 degree=2 alpha=0.0 val_mse=0.083060
2026-02-13 18:43:10,139 - Drone_1 - INFO - Drone 1: Flying to {'x': 0, 'y': 100, 'z': 8.077025413513184}
2026-02-13 18:43:10,234 - Drone_1 - INFO - Drone 1: Flying to {'x': 2585.0, 'y': 2580.0, 'z': 60.0}
2026-02-13 18:43:10,682 - Drone_2 - INFO - Drone 2: Flying to {'x': 2576.974935376029, 'y': 2524.3254022216497, 'z': 60.0}
2026-02-13 18:43:10,683 - Drone_3 - INFO - Drone 3: Flying to {'x': 2529.3053680380717, 'y': 2572.115174661075, 'z': 60.0}
2026-02-13 18:43:10,683 - Drone_4 - INFO - Drone 4: Flying to {'x': 2568.949870752057, 'y': 2468.6508044432994, 'z': 60.0}
2026-02-13 18:43:10,684 - Drone_5 - INFO - Drone 5: Flying to {'x': 2473.6107360761434, 'y': 2564.230349322149, 'z': 60.0}
2026-02-13 18:43:11,685 - Drone_2 - INFO - Drone 2: Flying to {'x': 2576.974935376029, 'y': 2524.3254022216497, 'z': 60.0}
2026-02-13 18:43:11,686 - Drone_3 - INFO - Drone 3: Flying to {'x': 2529.3053680380717, 'y': 2572.115174661075, 'z': 60.0}
2026-02-13 18:43:11,686 - Drone_4 - INFO - Drone 4: Flying to {'x': 2568.949870752057, 'y': 2468.6508044432994, 'z': 60.0}
2026-02-13 18:43:11,686 - Drone_5 - INFO - Drone 5: Flying to {'x': 2473.6107360761434, 'y': 2564.230349322149, 'z': 60.0}
2026-02-13 18:43:12,687 - Drone_2 - INFO - Drone 2: Flying to {'x': 2576.974935376029, 'y': 2524.3254022216497, 'z': 60.0}
2026-02-13 18:43:12,687 - Drone_3 - INFO - Drone 3: Flying to {'x': 2529.3053680380717, 'y': 2572.115174661075, 'z': 60.0}
2026-02-13 18:43:12,688 - Drone_4 - INFO - Drone 4: Flying to {'x': 2568.949870752057, 'y': 2468.6508044432994, 'z': 60.0}
2026-02-13 18:43:12,688 - Drone_5 - INFO - Drone 5: Flying to {'x': 2473.6107360761434, 'y': 2564.230349322149, 'z': 60.0}
2026-02-13 18:43:13,689 - Drone_2 - INFO - Drone 2: Flying to {'x': 2576.974935376029, 'y': 2524.3254022216497, 'z': 60.0}
2026-02-13 18:43:13,689 - Drone_3 - INFO - Drone 3: Flying to {'x': 2529.3053680380717, 'y': 2572.115174661075, 'z': 60.0}
2026-02-13 18:43:13,689 - Drone_4 - INFO - Drone 4: Flying to {'x': 2568.949870752057, 'y': 2468.6508044432994, 'z': 60.0}
2026-02-13 18:43:13,690 - Drone_5 - INFO - Drone 5: Flying to {'x': 2473.6107360761434, 'y': 2564.230349322149, 'z': 60.0}
2026-02-13 18:43:14,690 - Drone_2 - INFO - Drone 2: Flying to {'x': 2576.974935376029, 'y': 2524.3254022216497, 'z': 60.0}
2026-02-13 18:43:14,691 - Drone_3 - INFO - Drone 3: Flying to {'x': 2529.3053680380717, 'y': 2572.115174661075, 'z': 60.0}
2026-02-13 18:43:14,691 - Drone_4 - INFO - Drone 4: Flying to {'x': 2568.949870752057, 'y': 2468.6508044432994, 'z': 60.0}
2026-02-13 18:43:14,692 - Drone_5 - INFO - Drone 5: Flying to {'x': 2473.6107360761434, 'y': 2564.230349322149, 'z': 60.0}
2026-02-13 18:43:15,693 - Drone_2 - INFO - Drone 2: Flying to {'x': 2576.974935376029, 'y': 2524.3254022216497, 'z': 60.0}
2026-02-13 18:43:15,693 - Drone_3 - INFO - Drone 3: Flying to {'x': 2529.3053680380717, 'y': 2572.115174661075, 'z': 60.0}
2026-02-13 18:43:15,693 - Drone_4 - INFO - Drone 4: Flying to {'x': 2568.949870752057, 'y': 2468.6508044432994, 'z': 60.0}
2026-02-13 18:43:15,694 - Drone_5 - INFO - Drone 5: Flying to {'x': 2473.6107360761434, 'y': 2564.230349322149, 'z': 60.0}
2026-02-13 18:43:16,695 - Drone_2 - INFO - Drone 2: Flying to {'x': 2576.974935376029, 'y': 2524.3254022216497, 'z': 60.0}
2026-02-13 18:43:16,695 - Drone_3 - INFO - Drone 3: Flying to {'x': 2529.3053680380717, 'y': 2572.115174661075, 'z': 60.0}
2026-02-13 18:43:16,696 - Drone_4 - INFO - Drone 4: Flying to {'x': 2568.949870752057, 'y': 2468.6508044432994, 'z': 60.0}
2026-02-13 18:43:16,697 - Drone_5 - INFO - Drone 5: Flying to {'x': 2473.6107360761434, 'y': 2564.230349322149, 'z': 60.0}
2026-02-13 18:43:17,699 - Drone_2 - INFO - Drone 2: Flying to {'x': 2576.974935376029, 'y': 2524.3254022216497, 'z': 60.0}
2026-02-13 18:43:17,699 - Drone_3 - INFO - Drone 3: Flying to {'x': 2529.3053680380717, 'y': 2572.115174661075, 'z': 60.0}
2026-02-13 18:43:17,700 - Drone_4 - INFO - Drone 4: Flying to {'x': 2568.949870752057, 'y': 2468.6508044432994, 'z': 60.0}
2026-02-13 18:43:17,700 - Drone_5 - INFO - Drone 5: Flying to {'x': 2473.6107360761434, 'y': 2564.230349322149, 'z': 60.0}
2026-02-13 18:43:18,701 - Drone_2 - INFO - Drone 2: Flying to {'x': 2576.974935376029, 'y': 2524.3254022216497, 'z': 60.0}
2026-02-13 18:43:18,702 - Drone_3 - INFO - Drone 3: Flying to {'x': 2529.3053680380717, 'y': 2572.115174661075, 'z': 60.0}
2026-02-13 18:43:18,703 - Drone_4 - INFO - Drone 4: Flying to {'x': 2568.949870752057, 'y': 2468.6508044432994, 'z': 60.0}
2026-02-13 18:43:18,703 - Drone_5 - INFO - Drone 5: Flying to {'x': 2473.6107360761434, 'y': 2564.230349322149, 'z': 60.0}
2026-02-13 18:43:19,705 - Drone_2 - INFO - Drone 2: Flying to {'x': 2576.974935376029, 'y': 2524.3254022216497, 'z': 60.0}
2026-02-13 18:43:19,705 - Drone_3 - INFO - Drone 3: Flying to {'x': 2529.3053680380717, 'y': 2572.115174661075, 'z': 60.0}
2026-02-13 18:43:19,706 - Drone_4 - INFO - Drone 4: Flying to {'x': 2568.949870752057, 'y': 2468.6508044432994, 'z': 60.0}
2026-02-13 18:43:19,707 - Drone_5 - INFO - Drone 5: Flying to {'x': 2473.6107360761434, 'y': 2564.230349322149, 'z': 60.0}
2026-02-13 18:43:20,708 - Drone_2 - INFO - Drone 2: Flying to {'x': 2576.974935376029, 'y': 2524.3254022216497, 'z': 60.0}
2026-02-13 18:43:20,709 - Drone_3 - INFO - Drone 3: Flying to {'x': 2529.3053680380717, 'y': 2572.115174661075, 'z': 60.0}
2026-02-13 18:43:20,710 - Drone_4 - INFO - Drone 4: Flying to {'x': 2568.949870752057, 'y': 2468.6508044432994, 'z': 60.0}
2026-02-13 18:43:20,711 - Drone_5 - INFO - Drone 5: Flying to {'x': 2473.6107360761434, 'y': 2564.230349322149, 'z': 60.0}
2026-02-13 18:43:21,712 - Drone_2 - INFO - Drone 2: Flying to {'x': 2576.974935376029, 'y': 2524.3254022216497, 'z': 60.0}
2026-02-13 18:43:21,713 - Drone_3 - INFO - Drone 3: Flying to {'x': 2529.3053680380717, 'y': 2572.115174661075, 'z': 60.0}
2026-02-13 18:43:21,714 - Drone_4 - INFO - Drone 4: Flying to {'x': 2568.949870752057, 'y': 2468.6508044432994, 'z': 60.0}
2026-02-13 18:43:21,716 - Drone_5 - INFO - Drone 5: Flying to {'x': 2473.6107360761434, 'y': 2564.230349322149, 'z': 60.0}
2026-02-13 18:43:22,717 - Drone_2 - INFO - Drone 2: Flying to {'x': 2576.974935376029, 'y': 2524.3254022216497, 'z': 60.0}
2026-02-13 18:43:22,717 - Drone_3 - INFO - Drone 3: Flying to {'x': 2529.3053680380717, 'y': 2572.115174661075, 'z': 60.0}
2026-02-13 18:43:22,718 - Drone_4 - INFO - Drone 4: Flying to {'x': 2568.949870752057, 'y': 2468.6508044432994, 'z': 60.0}
2026-02-13 18:43:22,718 - Drone_5 - INFO - Drone 5: Flying to {'x': 2473.6107360761434, 'y': 2564.230349322149, 'z': 60.0}
2026-02-13 18:43:23,719 - Drone_2 - INFO - Drone 2: Flying to {'x': 2576.974935376029, 'y': 2524.3254022216497, 'z': 60.0}
2026-02-13 18:43:23,719 - Drone_3 - INFO - Drone 3: Flying to {'x': 2529.3053680380717, 'y': 2572.115174661075, 'z': 60.0}
2026-02-13 18:43:23,720 - Drone_4 - INFO - Drone 4: Flying to {'x': 2568.949870752057, 'y': 2468.6508044432994, 'z': 60.0}
2026-02-13 18:43:23,721 - Drone_5 - INFO - Drone 5: Flying to {'x': 2473.6107360761434, 'y': 2564.230349322149, 'z': 60.0}
2026-02-13 18:43:24,722 - Drone_2 - INFO - Drone 2: Flying to {'x': 2576.974935376029, 'y': 2524.3254022216497, 'z': 60.0}
2026-02-13 18:43:24,722 - Drone_3 - INFO - Drone 3: Flying to {'x': 2529.3053680380717, 'y': 2572.115174661075, 'z': 60.0}
2026-02-13 18:43:24,723 - Drone_4 - INFO - Drone 4: Flying to {'x': 2568.949870752057, 'y': 2468.6508044432994, 'z': 60.0}
2026-02-13 18:43:24,724 - Drone_5 - INFO - Drone 5: Flying to {'x': 2473.6107360761434, 'y': 2564.230349322149, 'z': 60.0}
2026-02-13 18:43:25,725 - Drone_2 - INFO - Drone 2: Flying to {'x': 2576.974935376029, 'y': 2524.3254022216497, 'z': 60.0}
2026-02-13 18:43:25,725 - Drone_3 - INFO - Drone 3: Flying to {'x': 2529.3053680380717, 'y': 2572.115174661075, 'z': 60.0}
2026-02-13 18:43:25,726 - Drone_4 - INFO - Drone 4: Flying to {'x': 2568.949870752057, 'y': 2468.6508044432994, 'z': 60.0}
2026-02-13 18:43:25,726 - Drone_5 - INFO - Drone 5: Flying to {'x': 2473.6107360761434, 'y': 2564.230349322149, 'z': 60.0}
2026-02-13 18:43:25,845 - Drone_3 - ERROR - Drone 3: Motor 0 failed!
2026-02-13 18:43:25,846 - Drone_3 - WARNING - Drone 3: Degraded return active - Motor failure simulation: return to home with degraded control
2026-02-13 18:43:26,728 - Drone_2 - INFO - Drone 2: Flying to {'x': 2576.974935376029, 'y': 2524.3254022216497, 'z': 60.0}
2026-02-13 18:43:26,728 - Drone_4 - INFO - Drone 4: Flying to {'x': 2529.3053680380717, 'y': 2572.115174661075, 'z': 60.0}
2026-02-13 18:43:26,729 - Drone_5 - INFO - Drone 5: Flying to {'x': 2568.949870752057, 'y': 2468.6508044432994, 'z': 60.0}
2026-02-13 18:43:27,730 - Drone_2 - INFO - Drone 2: Flying to {'x': 2576.974935376029, 'y': 2524.3254022216497, 'z': 60.0}
2026-02-13 18:43:27,731 - Drone_4 - INFO - Drone 4: Flying to {'x': 2529.3053680380717, 'y': 2572.115174661075, 'z': 60.0}
2026-02-13 18:43:27,731 - Drone_5 - INFO - Drone 5: Flying to {'x': 2568.949870752057, 'y': 2468.6508044432994, 'z': 60.0}
2026-02-13 18:43:28,732 - Drone_2 - INFO - Drone 2: Flying to {'x': 2576.974935376029, 'y': 2524.3254022216497, 'z': 60.0}
2026-02-13 18:43:28,732 - Drone_4 - INFO - Drone 4: Flying to {'x': 2529.3053680380717, 'y': 2572.115174661075, 'z': 60.0}
2026-02-13 18:43:28,733 - Drone_5 - INFO - Drone 5: Flying to {'x': 2568.949870752057, 'y': 2468.6508044432994, 'z': 60.0}
2026-02-13 18:43:29,734 - Drone_2 - INFO - Drone 2: Flying to {'x': 2576.974935376029, 'y': 2524.3254022216497, 'z': 60.0}
2026-02-13 18:43:29,735 - Drone_4 - INFO - Drone 4: Flying to {'x': 2529.3053680380717, 'y': 2572.115174661075, 'z': 60.0}
2026-02-13 18:43:29,736 - Drone_5 - INFO - Drone 5: Flying to {'x': 2568.949870752057, 'y': 2468.6508044432994, 'z': 60.0}
2026-02-13 18:43:29,922 - PhysicalMLTrainer_Drone5 - INFO - Physical ML model trained drone=5 samples=701 degree=2 alpha=0.0 val_mse=0.000728
2026-02-13 18:43:29,941 - PhysicalMLTrainer_Drone1 - INFO - Physical ML model trained drone=1 samples=651 degree=2 alpha=0.0 val_mse=0.000584
2026-02-13 18:43:29,942 - PhysicalMLTrainer_Drone2 - INFO - Physical ML model trained drone=2 samples=701 degree=2 alpha=0.0 val_mse=0.001353
2026-02-13 18:43:29,943 - PhysicalMLTrainer_Drone3 - INFO - Physical ML model trained drone=3 samples=701 degree=2 alpha=0.0 val_mse=0.015556
2026-02-13 18:43:29,949 - PhysicalMLTrainer_Drone4 - INFO - Physical ML model trained drone=4 samples=701 degree=2 alpha=0.0 val_mse=0.000640
2026-02-13 18:43:30,737 - Drone_2 - INFO - Drone 2: Flying to {'x': 2576.974935376029, 'y': 2524.3254022216497, 'z': 60.0}
2026-02-13 18:43:30,738 - Drone_4 - INFO - Drone 4: Flying to {'x': 2529.3053680380717, 'y': 2572.115174661075, 'z': 60.0}
2026-02-13 18:43:30,739 - Drone_5 - INFO - Drone 5: Flying to {'x': 2568.949870752057, 'y': 2468.6508044432994, 'z': 60.0}
2026-02-13 18:43:31,740 - Drone_2 - INFO - Drone 2: Flying to {'x': 2576.974935376029, 'y': 2524.3254022216497, 'z': 60.0}
2026-02-13 18:43:31,740 - Drone_4 - INFO - Drone 4: Flying to {'x': 2529.3053680380717, 'y': 2572.115174661075, 'z': 60.0}
2026-02-13 18:43:31,741 - Drone_5 - INFO - Drone 5: Flying to {'x': 2568.949870752057, 'y': 2468.6508044432994, 'z': 60.0}
2026-02-13 18:43:32,741 - Drone_2 - INFO - Drone 2: Flying to {'x': 2576.974935376029, 'y': 2524.3254022216497, 'z': 60.0}
2026-02-13 18:43:32,742 - Drone_4 - INFO - Drone 4: Flying to {'x': 2529.3053680380717, 'y': 2572.115174661075, 'z': 60.0}
2026-02-13 18:43:32,743 - Drone_5 - INFO - Drone 5: Flying to {'x': 2568.949870752057, 'y': 2468.6508044432994, 'z': 60.0}
2026-02-13 18:43:33,744 - Drone_2 - INFO - Drone 2: Flying to {'x': 2576.974935376029, 'y': 2524.3254022216497, 'z': 60.0}
2026-02-13 18:43:33,744 - Drone_4 - INFO - Drone 4: Flying to {'x': 2529.3053680380717, 'y': 2572.115174661075, 'z': 60.0}
2026-02-13 18:43:33,745 - Drone_5 - INFO - Drone 5: Flying to {'x': 2568.949870752057, 'y': 2468.6508044432994, 'z': 60.0}
2026-02-13 18:43:34,746 - Drone_2 - INFO - Drone 2: Flying to {'x': 2576.974935376029, 'y': 2524.3254022216497, 'z': 60.0}
2026-02-13 18:43:34,746 - Drone_4 - INFO - Drone 4: Flying to {'x': 2529.3053680380717, 'y': 2572.115174661075, 'z': 60.0}
2026-02-13 18:43:34,747 - Drone_5 - INFO - Drone 5: Flying to {'x': 2568.949870752057, 'y': 2468.6508044432994, 'z': 60.0}
2026-02-13 18:43:35,747 - Drone_2 - INFO - Drone 2: Flying to {'x': 2576.974935376029, 'y': 2524.3254022216497, 'z': 60.0}
2026-02-13 18:43:35,748 - Drone_4 - INFO - Drone 4: Flying to {'x': 2529.3053680380717, 'y': 2572.115174661075, 'z': 60.0}
2026-02-13 18:43:35,748 - Drone_5 - INFO - Drone 5: Flying to {'x': 2568.949870752057, 'y': 2468.6508044432994, 'z': 60.0}
2026-02-13 18:43:36,749 - Drone_2 - INFO - Drone 2: Flying to {'x': 2576.974935376029, 'y': 2524.3254022216497, 'z': 60.0}
2026-02-13 18:43:36,750 - Drone_4 - INFO - Drone 4: Flying to {'x': 2529.3053680380717, 'y': 2572.115174661075, 'z': 60.0}
2026-02-13 18:43:36,751 - Drone_5 - INFO - Drone 5: Flying to {'x': 2568.949870752057, 'y': 2468.6508044432994, 'z': 60.0}
2026-02-13 18:43:37,752 - Drone_2 - INFO - Drone 2: Flying to {'x': 2576.974935376029, 'y': 2524.3254022216497, 'z': 60.0}
2026-02-13 18:43:37,752 - Drone_4 - INFO - Drone 4: Flying to {'x': 2529.3053680380717, 'y': 2572.115174661075, 'z': 60.0}
2026-02-13 18:43:37,752 - Drone_5 - INFO - Drone 5: Flying to {'x': 2568.949870752057, 'y': 2468.6508044432994, 'z': 60.0}
2026-02-13 18:43:38,753 - SwarmManager - WARNING - Leader drone 1 no longer operational
2026-02-13 18:43:38,754 - SwarmManager - ERROR - Handling failure of drone 1: Leader failure
2026-02-13 18:43:38,754 - SwarmManager - WARNING - Leader drone 1 failed - initiating leader election
2026-02-13 18:43:39,755 - SwarmManager - INFO - Starting leader election...
2026-02-13 18:43:39,755 - SwarmManager - INFO -   Drone 2: suitability score = 99.72
2026-02-13 18:43:39,756 - SwarmManager - INFO -   Drone 4: suitability score = 99.72
2026-02-13 18:43:39,756 - SwarmManager - INFO -   Drone 5: suitability score = 99.72
2026-02-13 18:43:39,757 - Drone_1 - INFO - Drone 1: Role changed from leader to follower
2026-02-13 18:43:39,757 - Drone_2 - INFO - Drone 2: Role changed from follower to follower
2026-02-13 18:43:39,757 - Drone_3 - INFO - Drone 3: Role changed from emergency to follower
2026-02-13 18:43:39,757 - Drone_4 - INFO - Drone 4: Role changed from follower to follower
2026-02-13 18:43:39,758 - Drone_5 - INFO - Drone 5: Role changed from follower to leader
2026-02-13 18:43:39,761 - SwarmManager - ERROR - Drone 1 crashed
2026-02-13 18:43:39,762 - SwarmManager - ERROR - Handling failure of drone 1: Crashed
2026-02-13 18:43:39,762 - Drone_2 - INFO - Drone 2: Flying to {'x': 2533.7633268566633, 'y': 2424.7649339529294, 'z': 60.0}
2026-02-13 18:43:39,762 - Drone_4 - INFO - Drone 4: Flying to {'x': 2498.57678296127, 'y': 2380.8790634625593, 'z': 60.0}
2026-02-13 18:43:40,763 - SwarmManager - ERROR - Drone 1 crashed
2026-02-13 18:43:40,765 - SwarmManager - ERROR - Handling failure of drone 1: Crashed
2026-02-13 18:43:40,766 - Drone_2 - INFO - Drone 2: Flying to {'x': 2533.7633268566633, 'y': 2424.7649339529294, 'z': 60.0}
2026-02-13 18:43:40,767 - Drone_4 - INFO - Drone 4: Flying to {'x': 2498.57678296127, 'y': 2380.8790634625593, 'z': 60.0}
2026-02-13 18:43:41,767 - SwarmManager - ERROR - Drone 1 crashed
2026-02-13 18:43:41,769 - SwarmManager - ERROR - Handling failure of drone 1: Crashed
2026-02-13 18:43:41,771 - Drone_2 - INFO - Drone 2: Flying to {'x': 2533.7633268566633, 'y': 2424.7649339529294, 'z': 60.0}
2026-02-13 18:43:41,771 - Drone_4 - INFO - Drone 4: Flying to {'x': 2498.57678296127, 'y': 2380.8790634625593, 'z': 60.0}
2026-02-13 18:43:42,772 - SwarmManager - ERROR - Drone 1 crashed
2026-02-13 18:43:42,774 - SwarmManager - ERROR - Handling failure of drone 1: Crashed
2026-02-13 18:43:42,776 - Drone_2 - INFO - Drone 2: Flying to {'x': 2533.7633268566633, 'y': 2424.7649339529294, 'z': 60.0}
2026-02-13 18:43:42,776 - Drone_4 - INFO - Drone 4: Flying to {'x': 2498.57678296127, 'y': 2380.8790634625593, 'z': 60.0}
2026-02-13 18:43:43,777 - SwarmManager - ERROR - Drone 1 heartbeat timeout
2026-02-13 18:43:43,780 - SwarmManager - ERROR - Handling failure of drone 1: Heartbeat timeout
2026-02-13 18:43:43,782 - SwarmManager - ERROR - Drone 1 crashed
2026-02-13 18:43:43,783 - SwarmManager - ERROR - Handling failure of drone 1: Crashed
2026-02-13 18:43:43,784 - Drone_2 - INFO - Drone 2: Flying to {'x': 2533.7633268566633, 'y': 2424.7649339529294, 'z': 60.0}
2026-02-13 18:43:43,784 - Drone_4 - INFO - Drone 4: Flying to {'x': 2498.57678296127, 'y': 2380.8790634625593, 'z': 60.0}
2026-02-13 18:43:44,785 - SwarmManager - ERROR - Drone 1 heartbeat timeout
2026-02-13 18:43:44,786 - SwarmManager - ERROR - Handling failure of drone 1: Heartbeat timeout
2026-02-13 18:43:44,787 - SwarmManager - ERROR - Drone 1 crashed
2026-02-13 18:43:44,787 - SwarmManager - ERROR - Handling failure of drone 1: Crashed
2026-02-13 18:43:44,788 - Drone_2 - INFO - Drone 2: Flying to {'x': 2533.7633268566633, 'y': 2424.7649339529294, 'z': 60.0}
2026-02-13 18:43:44,788 - Drone_4 - INFO - Drone 4: Flying to {'x': 2498.57678296127, 'y': 2380.8790634625593, 'z': 60.0}
2026-02-13 18:43:45,789 - SwarmManager - ERROR - Drone 1 heartbeat timeout
2026-02-13 18:43:45,789 - SwarmManager - ERROR - Handling failure of drone 1: Heartbeat timeout
2026-02-13 18:43:45,790 - SwarmManager - ERROR - Drone 1 crashed
2026-02-13 18:43:45,790 - SwarmManager - ERROR - Handling failure of drone 1: Crashed
2026-02-13 18:43:45,791 - Drone_2 - INFO - Drone 2: Flying to {'x': 2533.7633268566633, 'y': 2424.764933952929, 'z': 60.0}
2026-02-13 18:43:45,791 - Drone_4 - INFO - Drone 4: Flying to {'x': 2498.57678296127, 'y': 2380.8790634625593, 'z': 60.0}
2026-02-13 18:43:46,792 - SwarmManager - ERROR - Drone 1 heartbeat timeout
2026-02-13 18:43:46,793 - SwarmManager - ERROR - Handling failure of drone 1: Heartbeat timeout
2026-02-13 18:43:46,793 - SwarmManager - ERROR - Drone 1 crashed
2026-02-13 18:43:46,793 - SwarmManager - ERROR - Handling failure of drone 1: Crashed
2026-02-13 18:43:46,794 - Drone_2 - INFO - Drone 2: Flying to {'x': 2533.7633268566633, 'y': 2424.764933952929, 'z': 60.0}
2026-02-13 18:43:46,794 - Drone_4 - INFO - Drone 4: Flying to {'x': 2498.57678296127, 'y': 2380.8790634625593, 'z': 60.0}
2026-02-13 18:43:47,795 - SwarmManager - ERROR - Drone 1 heartbeat timeout
2026-02-13 18:43:47,795 - SwarmManager - ERROR - Handling failure of drone 1: Heartbeat timeout
2026-02-13 18:43:47,796 - SwarmManager - ERROR - Drone 1 crashed
2026-02-13 18:43:47,796 - SwarmManager - ERROR - Handling failure of drone 1: Crashed
2026-02-13 18:43:47,796 - Drone_2 - INFO - Drone 2: Flying to {'x': 2533.7633268566633, 'y': 2424.764933952929, 'z': 60.0}
2026-02-13 18:43:47,796 - Drone_4 - INFO - Drone 4: Flying to {'x': 2498.57678296127, 'y': 2380.8790634625593, 'z': 60.0}
2026-02-13 18:43:48,797 - SwarmManager - ERROR - Drone 1 heartbeat timeout
2026-02-13 18:43:48,798 - SwarmManager - ERROR - Handling failure of drone 1: Heartbeat timeout
2026-02-13 18:43:48,798 - SwarmManager - ERROR - Drone 1 crashed
2026-02-13 18:43:48,799 - SwarmManager - ERROR - Handling failure of drone 1: Crashed
2026-02-13 18:43:48,799 - Drone_2 - INFO - Drone 2: Flying to {'x': 2533.7633268566633, 'y': 2424.764933952929, 'z': 60.0}
2026-02-13 18:43:48,800 - Drone_4 - INFO - Drone 4: Flying to {'x': 2498.57678296127, 'y': 2380.8790634625593, 'z': 60.0}
2026-02-13 18:43:49,800 - SwarmManager - ERROR - Drone 1 heartbeat timeout
2026-02-13 18:43:49,801 - SwarmManager - ERROR - Handling failure of drone 1: Heartbeat timeout
2026-02-13 18:43:49,803 - SwarmManager - ERROR - Drone 1 crashed
2026-02-13 18:43:49,804 - SwarmManager - ERROR - Handling failure of drone 1: Crashed
2026-02-13 18:43:49,805 - Drone_2 - INFO - Drone 2: Flying to {'x': 2533.7633268566633, 'y': 2424.764933952929, 'z': 60.0}
2026-02-13 18:43:49,805 - Drone_4 - INFO - Drone 4: Flying to {'x': 2498.57678296127, 'y': 2380.8790634625593, 'z': 60.0}
2026-02-13 18:43:50,036 - PhysicalMLTrainer_Drone5 - INFO - Physical ML model trained drone=5 samples=901 degree=2 alpha=0.0 val_mse=0.001579
2026-02-13 18:43:50,057 - PhysicalMLTrainer_Drone3 - INFO - Physical ML model trained drone=3 samples=901 degree=2 alpha=0.0 val_mse=0.000132
2026-02-13 18:43:50,061 - PhysicalMLTrainer_Drone2 - INFO - Physical ML model trained drone=2 samples=901 degree=2 alpha=0.0 val_mse=0.003194
2026-02-13 18:43:50,070 - PhysicalMLTrainer_Drone4 - INFO - Physical ML model trained drone=4 samples=901 degree=2 alpha=0.0 val_mse=0.001344
2026-02-13 18:43:50,807 - SwarmManager - ERROR - Drone 1 heartbeat timeout
2026-02-13 18:43:50,808 - SwarmManager - ERROR - Handling failure of drone 1: Heartbeat timeout
2026-02-13 18:43:50,809 - SwarmManager - ERROR - Drone 1 crashed
2026-02-13 18:43:50,810 - SwarmManager - ERROR - Handling failure of drone 1: Crashed
2026-02-13 18:43:50,811 - Drone_2 - INFO - Drone 2: Flying to {'x': 2533.7633268566633, 'y': 2424.764933952929, 'z': 60.0}
2026-02-13 18:43:50,812 - Drone_4 - INFO - Drone 4: Flying to {'x': 2498.57678296127, 'y': 2380.8790634625593, 'z': 60.0}
2026-02-13 18:43:51,813 - SwarmManager - ERROR - Drone 1 heartbeat timeout
2026-02-13 18:43:51,814 - SwarmManager - ERROR - Handling failure of drone 1: Heartbeat timeout
2026-02-13 18:43:51,814 - SwarmManager - ERROR - Drone 1 crashed
2026-02-13 18:43:51,815 - SwarmManager - ERROR - Handling failure of drone 1: Crashed
2026-02-13 18:43:51,815 - Drone_2 - INFO - Drone 2: Flying to {'x': 2533.7633268566633, 'y': 2424.764933952929, 'z': 60.0}
2026-02-13 18:43:51,815 - Drone_4 - INFO - Drone 4: Flying to {'x': 2498.57678296127, 'y': 2380.8790634625593, 'z': 60.0}
2026-02-13 18:43:52,816 - SwarmManager - ERROR - Drone 1 heartbeat timeout
2026-02-13 18:43:52,816 - SwarmManager - ERROR - Handling failure of drone 1: Heartbeat timeout
2026-02-13 18:43:52,816 - SwarmManager - ERROR - Drone 1 crashed
2026-02-13 18:43:52,817 - SwarmManager - ERROR - Handling failure of drone 1: Crashed
2026-02-13 18:43:52,817 - Drone_2 - INFO - Drone 2: Flying to {'x': 2533.7633268566633, 'y': 2424.764933952929, 'z': 60.0}
2026-02-13 18:43:52,817 - Drone_4 - INFO - Drone 4: Flying to {'x': 2498.57678296127, 'y': 2380.8790634625593, 'z': 60.0}
2026-02-13 18:43:53,817 - SwarmManager - ERROR - Drone 1 heartbeat timeout
2026-02-13 18:43:53,818 - SwarmManager - ERROR - Handling failure of drone 1: Heartbeat timeout
2026-02-13 18:43:53,818 - SwarmManager - ERROR - Drone 1 crashed
2026-02-13 18:43:53,818 - SwarmManager - ERROR - Handling failure of drone 1: Crashed
2026-02-13 18:43:53,818 - Drone_2 - INFO - Drone 2: Flying to {'x': 2533.7633268566633, 'y': 2424.764933952929, 'z': 60.0}
2026-02-13 18:43:53,818 - Drone_4 - INFO - Drone 4: Flying to {'x': 2498.57678296127, 'y': 2380.8790634625593, 'z': 60.0}
2026-02-13 18:43:54,819 - SwarmManager - ERROR - Drone 1 heartbeat timeout
2026-02-13 18:43:54,820 - SwarmManager - ERROR - Handling failure of drone 1: Heartbeat timeout
2026-02-13 18:43:54,820 - SwarmManager - ERROR - Drone 1 crashed
2026-02-13 18:43:54,821 - SwarmManager - ERROR - Handling failure of drone 1: Crashed
2026-02-13 18:43:54,822 - Drone_2 - INFO - Drone 2: Flying to {'x': 2533.7633268566633, 'y': 2424.7649339529294, 'z': 60.0}
2026-02-13 18:43:54,822 - Drone_4 - INFO - Drone 4: Flying to {'x': 2498.57678296127, 'y': 2380.8790634625593, 'z': 60.0}
2026-02-13 18:43:55,822 - SwarmManager - ERROR - Drone 1 heartbeat timeout
2026-02-13 18:43:55,823 - SwarmManager - ERROR - Handling failure of drone 1: Heartbeat timeout
2026-02-13 18:43:55,823 - SwarmManager - ERROR - Drone 1 crashed
2026-02-13 18:43:55,824 - SwarmManager - ERROR - Handling failure of drone 1: Crashed
2026-02-13 18:43:55,824 - Drone_2 - INFO - Drone 2: Flying to {'x': 2533.7633268566633, 'y': 2424.7649339529294, 'z': 60.0}
2026-02-13 18:43:55,824 - Drone_4 - INFO - Drone 4: Flying to {'x': 2498.57678296127, 'y': 2380.8790634625593, 'z': 60.0}
2026-02-13 18:43:56,825 - SwarmManager - ERROR - Drone 1 heartbeat timeout
2026-02-13 18:43:56,826 - SwarmManager - ERROR - Handling failure of drone 1: Heartbeat timeout
2026-02-13 18:43:56,827 - SwarmManager - ERROR - Drone 1 crashed
2026-02-13 18:43:56,827 - SwarmManager - ERROR - Handling failure of drone 1: Crashed
2026-02-13 18:43:56,828 - Drone_2 - INFO - Drone 2: Flying to {'x': 2533.7633268566633, 'y': 2424.764933952929, 'z': 60.0}
2026-02-13 18:43:56,828 - Drone_4 - INFO - Drone 4: Flying to {'x': 2498.57678296127, 'y': 2380.8790634625593, 'z': 60.0}
2026-02-13 18:43:57,296 - Drone_3 - INFO - Drone 3: Reached home position
2026-02-13 18:43:57,698 - Drone_3 - INFO - Drone 3: Landed safely
2026-02-13 18:43:57,829 - SwarmManager - ERROR - Drone 1 heartbeat timeout
2026-02-13 18:43:57,830 - SwarmManager - ERROR - Handling failure of drone 1: Heartbeat timeout
2026-02-13 18:43:57,835 - SwarmManager - ERROR - Drone 1 crashed
2026-02-13 18:43:57,836 - SwarmManager - ERROR - Handling failure of drone 1: Crashed
2026-02-13 18:43:57,837 - Drone_2 - INFO - Drone 2: Flying to {'x': 2533.7633268566633, 'y': 2424.764933952929, 'z': 60.0}
2026-02-13 18:43:57,837 - Drone_4 - INFO - Drone 4: Flying to {'x': 2516.9672027905917, 'y': 2490.1418428455736, 'z': 60.0}
2026-02-13 18:43:58,838 - SwarmManager - ERROR - Drone 1 heartbeat timeout
2026-02-13 18:43:58,838 - SwarmManager - ERROR - Handling failure of drone 1: Heartbeat timeout
2026-02-13 18:43:58,839 - SwarmManager - ERROR - Drone 1 crashed
2026-02-13 18:43:58,839 - SwarmManager - ERROR - Handling failure of drone 1: Crashed
2026-02-13 18:43:58,839 - Drone_2 - INFO - Drone 2: Flying to {'x': 2533.7633268566633, 'y': 2424.764933952929, 'z': 60.0}
2026-02-13 18:43:58,839 - Drone_4 - INFO - Drone 4: Flying to {'x': 2516.9672027905917, 'y': 2490.1418428455736, 'z': 60.0}
2026-02-13 18:43:59,840 - SwarmManager - ERROR - Drone 1 heartbeat timeout
2026-02-13 18:43:59,841 - SwarmManager - ERROR - Handling failure of drone 1: Heartbeat timeout
2026-02-13 18:43:59,841 - SwarmManager - ERROR - Drone 1 crashed
2026-02-13 18:43:59,841 - SwarmManager - ERROR - Handling failure of drone 1: Crashed
2026-02-13 18:43:59,842 - Drone_2 - INFO - Drone 2: Flying to {'x': 2533.7633268566633, 'y': 2424.764933952929, 'z': 60.0}
2026-02-13 18:43:59,842 - Drone_4 - INFO - Drone 4: Flying to {'x': 2516.9672027905917, 'y': 2490.1418428455736, 'z': 60.0}
2026-02-13 18:44:00,843 - SwarmManager - ERROR - Drone 1 heartbeat timeout
2026-02-13 18:44:00,843 - SwarmManager - ERROR - Handling failure of drone 1: Heartbeat timeout
2026-02-13 18:44:00,844 - SwarmManager - ERROR - Drone 1 crashed
2026-02-13 18:44:00,844 - SwarmManager - ERROR - Handling failure of drone 1: Crashed
2026-02-13 18:44:00,845 - Drone_2 - INFO - Drone 2: Flying to {'x': 2533.7633268566633, 'y': 2424.764933952929, 'z': 60.0}
2026-02-13 18:44:00,845 - Drone_4 - INFO - Drone 4: Flying to {'x': 2516.9672027905917, 'y': 2490.1418428455736, 'z': 60.0}
2026-02-13 18:44:01,845 - SwarmManager - ERROR - Drone 1 heartbeat timeout
2026-02-13 18:44:01,847 - SwarmManager - ERROR - Handling failure of drone 1: Heartbeat timeout
2026-02-13 18:44:01,847 - SwarmManager - ERROR - Drone 1 crashed
2026-02-13 18:44:01,848 - SwarmManager - ERROR - Handling failure of drone 1: Crashed
2026-02-13 18:44:01,848 - Drone_2 - INFO - Drone 2: Flying to {'x': 2533.7633268566633, 'y': 2424.764933952929, 'z': 60.0}
2026-02-13 18:44:01,849 - Drone_4 - INFO - Drone 4: Flying to {'x': 2516.9672027905917, 'y': 2490.1418428455736, 'z': 60.0}
2026-02-13 18:44:02,850 - SwarmManager - ERROR - Drone 1 heartbeat timeout
2026-02-13 18:44:02,851 - SwarmManager - ERROR - Handling failure of drone 1: Heartbeat timeout
2026-02-13 18:44:02,852 - SwarmManager - ERROR - Drone 1 crashed
2026-02-13 18:44:02,852 - SwarmManager - ERROR - Handling failure of drone 1: Crashed
2026-02-13 18:44:02,853 - Drone_2 - INFO - Drone 2: Flying to {'x': 2533.7633268566633, 'y': 2424.764933952929, 'z': 60.0}
2026-02-13 18:44:02,854 - Drone_4 - INFO - Drone 4: Flying to {'x': 2516.9672027905917, 'y': 2490.1418428455736, 'z': 60.0}
2026-02-13 18:44:03,855 - SwarmManager - ERROR - Drone 1 heartbeat timeout
2026-02-13 18:44:03,857 - SwarmManager - ERROR - Handling failure of drone 1: Heartbeat timeout
2026-02-13 18:44:03,858 - SwarmManager - ERROR - Drone 1 crashed
2026-02-13 18:44:03,859 - SwarmManager - ERROR - Handling failure of drone 1: Crashed
2026-02-13 18:44:03,860 - Drone_2 - INFO - Drone 2: Flying to {'x': 2533.7633268566633, 'y': 2424.7649339529294, 'z': 60.0}
2026-02-13 18:44:03,861 - Drone_4 - INFO - Drone 4: Flying to {'x': 2516.9672027905917, 'y': 2490.141842845574, 'z': 60.0}
2026-02-13 18:44:04,861 - SwarmManager - ERROR - Drone 1 heartbeat timeout
2026-02-13 18:44:04,862 - SwarmManager - ERROR - Handling failure of drone 1: Heartbeat timeout
2026-02-13 18:44:04,862 - SwarmManager - ERROR - Drone 1 crashed
2026-02-13 18:44:04,862 - SwarmManager - ERROR - Handling failure of drone 1: Crashed
2026-02-13 18:44:04,862 - Drone_2 - INFO - Drone 2: Flying to {'x': 2533.7633268566633, 'y': 2424.7649339529294, 'z': 60.0}
2026-02-13 18:44:04,863 - Drone_4 - INFO - Drone 4: Flying to {'x': 2516.9672027905917, 'y': 2490.141842845574, 'z': 60.0}
2026-02-13 18:44:05,864 - SwarmManager - ERROR - Drone 1 heartbeat timeout
2026-02-13 18:44:05,864 - SwarmManager - ERROR - Handling failure of drone 1: Heartbeat timeout
2026-02-13 18:44:05,864 - SwarmManager - ERROR - Drone 1 crashed
2026-02-13 18:44:05,864 - SwarmManager - ERROR - Handling failure of drone 1: Crashed
2026-02-13 18:44:05,865 - Drone_2 - INFO - Drone 2: Flying to {'x': 2533.7633268566633, 'y': 2424.764933952929, 'z': 60.0}
2026-02-13 18:44:05,865 - Drone_4 - INFO - Drone 4: Flying to {'x': 2516.9672027905917, 'y': 2490.1418428455736, 'z': 60.0}
2026-02-13 18:44:06,865 - SwarmManager - ERROR - Drone 1 heartbeat timeout
2026-02-13 18:44:06,866 - SwarmManager - ERROR - Handling failure of drone 1: Heartbeat timeout
2026-02-13 18:44:06,866 - SwarmManager - ERROR - Drone 1 crashed
2026-02-13 18:44:06,866 - SwarmManager - ERROR - Handling failure of drone 1: Crashed
2026-02-13 18:44:06,866 - Drone_2 - INFO - Drone 2: Flying to {'x': 2533.7633268566633, 'y': 2424.764933952929, 'z': 60.0}
2026-02-13 18:44:06,866 - Drone_4 - INFO - Drone 4: Flying to {'x': 2516.9672027905917, 'y': 2490.1418428455736, 'z': 60.0}
2026-02-13 18:44:07,867 - SwarmManager - ERROR - Drone 1 heartbeat timeout
2026-02-13 18:44:07,867 - SwarmManager - ERROR - Handling failure of drone 1: Heartbeat timeout
2026-02-13 18:44:07,868 - SwarmManager - ERROR - Drone 1 crashed
2026-02-13 18:44:07,868 - SwarmManager - ERROR - Handling failure of drone 1: Crashed
2026-02-13 18:44:07,869 - Drone_2 - INFO - Drone 2: Flying to {'x': 2533.7633268566633, 'y': 2424.7649339529294, 'z': 60.0}
2026-02-13 18:44:07,869 - Drone_4 - INFO - Drone 4: Flying to {'x': 2516.9672027905917, 'y': 2490.141842845574, 'z': 60.0}
2026-02-13 18:44:08,869 - SwarmManager - ERROR - Drone 1 heartbeat timeout
2026-02-13 18:44:08,870 - SwarmManager - ERROR - Handling failure of drone 1: Heartbeat timeout
2026-02-13 18:44:08,870 - SwarmManager - ERROR - Drone 1 crashed
2026-02-13 18:44:08,870 - SwarmManager - ERROR - Handling failure of drone 1: Crashed
2026-02-13 18:44:08,870 - Drone_2 - INFO - Drone 2: Flying to {'x': 2533.7633268566633, 'y': 2424.7649339529294, 'z': 60.0}
2026-02-13 18:44:08,871 - Drone_4 - INFO - Drone 4: Flying to {'x': 2516.9672027905917, 'y': 2490.141842845574, 'z': 60.0}
2026-02-13 18:44:09,871 - SwarmManager - ERROR - Drone 1 heartbeat timeout
2026-02-13 18:44:09,872 - SwarmManager - ERROR - Handling failure of drone 1: Heartbeat timeout
2026-02-13 18:44:09,872 - SwarmManager - ERROR - Drone 1 crashed
2026-02-13 18:44:09,872 - SwarmManager - ERROR - Handling failure of drone 1: Crashed
2026-02-13 18:44:09,872 - Drone_2 - INFO - Drone 2: Flying to {'x': 2533.7633268566633, 'y': 2424.7649339529294, 'z': 60.0}
2026-02-13 18:44:09,873 - Drone_4 - INFO - Drone 4: Flying to {'x': 2516.9672027905917, 'y': 2490.141842845574, 'z': 60.0}
2026-02-13 18:44:10,128 - PhysicalMLTrainer_Drone5 - INFO - Physical ML model trained drone=5 samples=1101 degree=2 alpha=0.0 val_mse=0.002465
2026-02-13 18:44:10,151 - PhysicalMLTrainer_Drone2 - INFO - Physical ML model trained drone=2 samples=1101 degree=2 alpha=0.1 val_mse=0.004012
2026-02-13 18:44:10,170 - PhysicalMLTrainer_Drone3 - INFO - Physical ML model trained drone=3 samples=1101 degree=2 alpha=0.0 val_mse=0.000277
2026-02-13 18:44:10,174 - PhysicalMLTrainer_Drone4 - INFO - Physical ML model trained drone=4 samples=1101 degree=2 alpha=0.0 val_mse=0.002201
2026-02-13 18:44:10,873 - SwarmManager - ERROR - Drone 1 heartbeat timeout
2026-02-13 18:44:10,874 - SwarmManager - ERROR - Handling failure of drone 1: Heartbeat timeout
2026-02-13 18:44:10,874 - SwarmManager - ERROR - Drone 1 crashed
2026-02-13 18:44:10,875 - SwarmManager - ERROR - Handling failure of drone 1: Crashed
2026-02-13 18:44:10,875 - Drone_2 - INFO - Drone 2: Flying to {'x': 2533.7633268566633, 'y': 2424.7649339529294, 'z': 60.0}
2026-02-13 18:44:10,875 - Drone_4 - INFO - Drone 4: Flying to {'x': 2516.9672027905917, 'y': 2490.141842845574, 'z': 60.0}
2026-02-13 18:44:11,876 - SwarmManager - ERROR - Drone 1 heartbeat timeout
2026-02-13 18:44:11,877 - SwarmManager - ERROR - Handling failure of drone 1: Heartbeat timeout
2026-02-13 18:44:11,878 - SwarmManager - ERROR - Drone 1 crashed
2026-02-13 18:44:11,879 - SwarmManager - ERROR - Handling failure of drone 1: Crashed
2026-02-13 18:44:11,879 - Drone_2 - INFO - Drone 2: Flying to {'x': 2533.7633268566633, 'y': 2424.7649339529294, 'z': 60.0}
2026-02-13 18:44:11,879 - Drone_4 - INFO - Drone 4: Flying to {'x': 2516.9672027905917, 'y': 2490.141842845574, 'z': 60.0}
2026-02-13 18:44:12,880 - SwarmManager - ERROR - Drone 1 heartbeat timeout
2026-02-13 18:44:12,881 - SwarmManager - ERROR - Handling failure of drone 1: Heartbeat timeout
2026-02-13 18:44:12,882 - SwarmManager - ERROR - Drone 1 crashed
2026-02-13 18:44:12,883 - SwarmManager - ERROR - Handling failure of drone 1: Crashed
2026-02-13 18:44:12,884 - Drone_2 - INFO - Drone 2: Flying to {'x': 2533.7633268566633, 'y': 2424.7649339529294, 'z': 60.0}
2026-02-13 18:44:12,884 - Drone_4 - INFO - Drone 4: Flying to {'x': 2516.9672027905917, 'y': 2490.141842845574, 'z': 60.0}
2026-02-13 18:44:13,885 - SwarmManager - ERROR - Drone 1 heartbeat timeout
2026-02-13 18:44:13,885 - SwarmManager - ERROR - Handling failure of drone 1: Heartbeat timeout
2026-02-13 18:44:13,885 - SwarmManager - ERROR - Drone 1 crashed
2026-02-13 18:44:13,886 - SwarmManager - ERROR - Handling failure of drone 1: Crashed
2026-02-13 18:44:13,886 - Drone_2 - INFO - Drone 2: Flying to {'x': 2533.7633268566633, 'y': 2424.7649339529294, 'z': 60.0}
2026-02-13 18:44:13,886 - Drone_4 - INFO - Drone 4: Flying to {'x': 2516.9672027905917, 'y': 2490.141842845574, 'z': 60.0}
2026-02-13 18:44:14,886 - SwarmManager - ERROR - Drone 1 heartbeat timeout
2026-02-13 18:44:14,887 - SwarmManager - ERROR - Handling failure of drone 1: Heartbeat timeout
2026-02-13 18:44:14,887 - SwarmManager - ERROR - Drone 1 crashed
2026-02-13 18:44:14,887 - SwarmManager - ERROR - Handling failure of drone 1: Crashed
2026-02-13 18:44:14,887 - Drone_2 - INFO - Drone 2: Flying to {'x': 2533.7633268566633, 'y': 2424.7649339529294, 'z': 60.0}
2026-02-13 18:44:14,887 - Drone_4 - INFO - Drone 4: Flying to {'x': 2516.9672027905917, 'y': 2490.141842845574, 'z': 60.0}
2026-02-13 18:44:15,888 - SwarmManager - ERROR - Drone 1 heartbeat timeout
2026-02-13 18:44:15,888 - SwarmManager - ERROR - Handling failure of drone 1: Heartbeat timeout
2026-02-13 18:44:15,889 - SwarmManager - ERROR - Drone 1 crashed
2026-02-13 18:44:15,889 - SwarmManager - ERROR - Handling failure of drone 1: Crashed
2026-02-13 18:44:15,889 - Drone_2 - INFO - Drone 2: Flying to {'x': 2533.7633268566633, 'y': 2424.7649339529294, 'z': 60.0}
2026-02-13 18:44:15,889 - Drone_4 - INFO - Drone 4: Flying to {'x': 2516.9672027905917, 'y': 2490.141842845574, 'z': 60.0}
2026-02-13 18:44:16,890 - SwarmManager - ERROR - Drone 1 heartbeat timeout
2026-02-13 18:44:16,890 - SwarmManager - ERROR - Handling failure of drone 1: Heartbeat timeout
2026-02-13 18:44:16,891 - SwarmManager - ERROR - Drone 1 crashed
2026-02-13 18:44:16,891 - SwarmManager - ERROR - Handling failure of drone 1: Crashed
2026-02-13 18:44:16,891 - Drone_2 - INFO - Drone 2: Flying to {'x': 2533.7633268566633, 'y': 2424.7649339529294, 'z': 60.0}
2026-02-13 18:44:16,892 - Drone_4 - INFO - Drone 4: Flying to {'x': 2516.9672027905917, 'y': 2490.141842845574, 'z': 60.0}
2026-02-13 18:44:17,892 - SwarmManager - ERROR - Drone 1 heartbeat timeout
2026-02-13 18:44:17,894 - SwarmManager - ERROR - Handling failure of drone 1: Heartbeat timeout
2026-02-13 18:44:17,894 - SwarmManager - ERROR - Drone 1 crashed
2026-02-13 18:44:17,896 - SwarmManager - ERROR - Handling failure of drone 1: Crashed
2026-02-13 18:44:17,897 - Drone_2 - INFO - Drone 2: Flying to {'x': 2533.7633268566633, 'y': 2424.7649339529294, 'z': 60.0}
2026-02-13 18:44:17,898 - Drone_4 - INFO - Drone 4: Flying to {'x': 2516.9672027905917, 'y': 2490.141842845574, 'z': 60.0}
2026-02-13 18:44:18,898 - SwarmManager - ERROR - Drone 1 heartbeat timeout
2026-02-13 18:44:18,899 - SwarmManager - ERROR - Handling failure of drone 1: Heartbeat timeout
2026-02-13 18:44:18,899 - SwarmManager - ERROR - Drone 1 crashed
2026-02-13 18:44:18,900 - SwarmManager - ERROR - Handling failure of drone 1: Crashed
2026-02-13 18:44:18,900 - Drone_2 - INFO - Drone 2: Flying to {'x': 2533.7633268566633, 'y': 2424.7649339529294, 'z': 60.0}
2026-02-13 18:44:18,900 - Drone_4 - INFO - Drone 4: Flying to {'x': 2516.9672027905917, 'y': 2490.141842845574, 'z': 60.0}
2026-02-13 18:44:19,900 - SwarmManager - ERROR - Drone 1 heartbeat timeout
2026-02-13 18:44:19,901 - SwarmManager - ERROR - Handling failure of drone 1: Heartbeat timeout
2026-02-13 18:44:19,901 - SwarmManager - ERROR - Drone 1 crashed
2026-02-13 18:44:19,901 - SwarmManager - ERROR - Handling failure of drone 1: Crashed
2026-02-13 18:44:19,902 - Drone_2 - INFO - Drone 2: Flying to {'x': 2533.7633268566633, 'y': 2424.764933952929, 'z': 60.0}
2026-02-13 18:44:19,902 - Drone_4 - INFO - Drone 4: Flying to {'x': 2516.9672027905917, 'y': 2490.1418428455736, 'z': 60.0}
2026-02-13 18:44:20,903 - SwarmManager - ERROR - Drone 1 heartbeat timeout
2026-02-13 18:44:20,904 - SwarmManager - ERROR - Handling failure of drone 1: Heartbeat timeout
2026-02-13 18:44:20,904 - SwarmManager - ERROR - Drone 1 crashed
2026-02-13 18:44:20,905 - SwarmManager - ERROR - Handling failure of drone 1: Crashed
2026-02-13 18:44:20,906 - Drone_2 - INFO - Drone 2: Flying to {'x': 2533.7633268566633, 'y': 2424.764933952929, 'z': 60.0}
2026-02-13 18:44:20,906 - Drone_4 - INFO - Drone 4: Flying to {'x': 2516.9672027905917, 'y': 2490.1418428455736, 'z': 60.0}
2026-02-13 18:44:21,907 - SwarmManager - ERROR - Drone 1 heartbeat timeout
2026-02-13 18:44:21,908 - SwarmManager - ERROR - Handling failure of drone 1: Heartbeat timeout
2026-02-13 18:44:21,908 - SwarmManager - ERROR - Drone 1 crashed
2026-02-13 18:44:21,908 - SwarmManager - ERROR - Handling failure of drone 1: Crashed
2026-02-13 18:44:21,909 - Drone_2 - INFO - Drone 2: Flying to {'x': 2533.7633268566633, 'y': 2424.7649339529294, 'z': 60.0}
2026-02-13 18:44:21,909 - Drone_4 - INFO - Drone 4: Flying to {'x': 2516.9672027905917, 'y': 2490.141842845574, 'z': 60.0}
2026-02-13 18:44:22,910 - SwarmManager - ERROR - Drone 1 heartbeat timeout
2026-02-13 18:44:22,911 - SwarmManager - ERROR - Handling failure of drone 1: Heartbeat timeout
2026-02-13 18:44:22,913 - SwarmManager - ERROR - Drone 1 crashed
2026-02-13 18:44:22,914 - SwarmManager - ERROR - Handling failure of drone 1: Crashed
2026-02-13 18:44:22,915 - Drone_2 - INFO - Drone 2: Flying to {'x': 2533.7633268566633, 'y': 2424.764933952929, 'z': 60.0}
2026-02-13 18:44:22,915 - Drone_4 - INFO - Drone 4: Flying to {'x': 2516.9672027905917, 'y': 2490.1418428455736, 'z': 60.0}
2026-02-13 18:44:23,916 - SwarmManager - ERROR - Drone 1 heartbeat timeout
2026-02-13 18:44:23,917 - SwarmManager - ERROR - Handling failure of drone 1: Heartbeat timeout
2026-02-13 18:44:23,918 - SwarmManager - ERROR - Drone 1 crashed
2026-02-13 18:44:23,920 - SwarmManager - ERROR - Handling failure of drone 1: Crashed
2026-02-13 18:44:23,921 - Drone_2 - INFO - Drone 2: Flying to {'x': 2533.7633268566633, 'y': 2424.764933952929, 'z': 60.0}
2026-02-13 18:44:23,921 - Drone_4 - INFO - Drone 4: Flying to {'x': 2516.9672027905917, 'y': 2490.1418428455736, 'z': 60.0}
2026-02-13 18:44:24,922 - SwarmManager - ERROR - Drone 1 heartbeat timeout
2026-02-13 18:44:24,923 - SwarmManager - ERROR - Handling failure of drone 1: Heartbeat timeout
2026-02-13 18:44:24,924 - SwarmManager - ERROR - Drone 1 crashed
2026-02-13 18:44:24,925 - SwarmManager - ERROR - Handling failure of drone 1: Crashed
2026-02-13 18:44:24,926 - Drone_2 - INFO - Drone 2: Flying to {'x': 2533.7633268566633, 'y': 2424.764933952929, 'z': 60.0}
2026-02-13 18:44:24,926 - Drone_4 - INFO - Drone 4: Flying to {'x': 2516.9672027905917, 'y': 2490.1418428455736, 'z': 60.0}
2026-02-13 18:44:25,928 - SwarmManager - ERROR - Drone 1 heartbeat timeout
2026-02-13 18:44:25,929 - SwarmManager - ERROR - Handling failure of drone 1: Heartbeat timeout
2026-02-13 18:44:25,930 - SwarmManager - ERROR - Drone 1 crashed
2026-02-13 18:44:25,931 - SwarmManager - ERROR - Handling failure of drone 1: Crashed
2026-02-13 18:44:25,932 - Drone_2 - INFO - Drone 2: Flying to {'x': 2533.7633268566633, 'y': 2424.764933952929, 'z': 60.0}
2026-02-13 18:44:25,933 - Drone_4 - INFO - Drone 4: Flying to {'x': 2516.9672027905917, 'y': 2490.1418428455736, 'z': 60.0}
2026-02-13 18:44:26,934 - SwarmManager - ERROR - Drone 1 heartbeat timeout
2026-02-13 18:44:26,935 - SwarmManager - ERROR - Handling failure of drone 1: Heartbeat timeout
2026-02-13 18:44:26,935 - SwarmManager - ERROR - Drone 1 crashed
2026-02-13 18:44:26,935 - SwarmManager - ERROR - Handling failure of drone 1: Crashed
2026-02-13 18:44:26,936 - Drone_2 - INFO - Drone 2: Flying to {'x': 2533.7633268566633, 'y': 2424.764933952929, 'z': 60.0}
2026-02-13 18:44:26,936 - Drone_4 - INFO - Drone 4: Flying to {'x': 2516.9672027905917, 'y': 2490.1418428455736, 'z': 60.0}
2026-02-13 18:44:27,937 - SwarmManager - ERROR - Drone 1 heartbeat timeout
2026-02-13 18:44:27,937 - SwarmManager - ERROR - Handling failure of drone 1: Heartbeat timeout
2026-02-13 18:44:27,938 - SwarmManager - ERROR - Drone 1 crashed
2026-02-13 18:44:27,938 - SwarmManager - ERROR - Handling failure of drone 1: Crashed
2026-02-13 18:44:27,938 - Drone_2 - INFO - Drone 2: Flying to {'x': 2533.7633268566633, 'y': 2424.764933952929, 'z': 60.0}
2026-02-13 18:44:27,939 - Drone_4 - INFO - Drone 4: Flying to {'x': 2516.9672027905917, 'y': 2490.1418428455736, 'z': 60.0}
2026-02-13 18:44:28,939 - SwarmManager - ERROR - Drone 1 heartbeat timeout
2026-02-13 18:44:28,940 - SwarmManager - ERROR - Handling failure of drone 1: Heartbeat timeout
2026-02-13 18:44:28,940 - SwarmManager - ERROR - Drone 1 crashed
2026-02-13 18:44:28,940 - SwarmManager - ERROR - Handling failure of drone 1: Crashed
2026-02-13 18:44:28,940 - Drone_2 - INFO - Drone 2: Flying to {'x': 2533.7633268566633, 'y': 2424.764933952929, 'z': 60.0}
2026-02-13 18:44:28,940 - Drone_4 - INFO - Drone 4: Flying to {'x': 2516.9672027905917, 'y': 2490.1418428455736, 'z': 60.0}
2026-02-13 18:44:29,942 - SwarmManager - ERROR - Drone 1 heartbeat timeout
2026-02-13 18:44:29,942 - SwarmManager - ERROR - Handling failure of drone 1: Heartbeat timeout
2026-02-13 18:44:29,943 - SwarmManager - ERROR - Drone 1 crashed
2026-02-13 18:44:29,943 - SwarmManager - ERROR - Handling failure of drone 1: Crashed
2026-02-13 18:44:29,943 - Drone_2 - INFO - Drone 2: Flying to {'x': 2533.7633268566633, 'y': 2424.764933952929, 'z': 60.0}
2026-02-13 18:44:29,944 - Drone_4 - INFO - Drone 4: Flying to {'x': 2516.9672027905917, 'y': 2490.1418428455736, 'z': 60.0}
2026-02-13 18:44:30,252 - PhysicalMLTrainer_Drone5 - INFO - Physical ML model trained drone=5 samples=1301 degree=2 alpha=0.0 val_mse=0.002504
2026-02-13 18:44:30,274 - PhysicalMLTrainer_Drone2 - INFO - Physical ML model trained drone=2 samples=1301 degree=2 alpha=0.0 val_mse=0.003059
2026-02-13 18:44:30,291 - PhysicalMLTrainer_Drone3 - INFO - Physical ML model trained drone=3 samples=1301 degree=2 alpha=0.0 val_mse=0.000013
2026-02-13 18:44:30,291 - PhysicalMLTrainer_Drone4 - INFO - Physical ML model trained drone=4 samples=1301 degree=2 alpha=0.0 val_mse=0.002302
2026-02-13 18:44:30,944 - SwarmManager - ERROR - Drone 1 heartbeat timeout
2026-02-13 18:44:30,944 - SwarmManager - ERROR - Handling failure of drone 1: Heartbeat timeout
2026-02-13 18:44:30,945 - SwarmManager - ERROR - Drone 1 crashed
2026-02-13 18:44:30,945 - SwarmManager - ERROR - Handling failure of drone 1: Crashed
2026-02-13 18:44:30,945 - Drone_2 - INFO - Drone 2: Flying to {'x': 2533.7633268566633, 'y': 2424.764933952929, 'z': 60.0}
2026-02-13 18:44:30,946 - Drone_4 - INFO - Drone 4: Flying to {'x': 2516.9672027905917, 'y': 2490.1418428455736, 'z': 60.0}
2026-02-13 18:44:31,946 - SwarmManager - ERROR - Drone 1 heartbeat timeout
2026-02-13 18:44:31,947 - SwarmManager - ERROR - Handling failure of drone 1: Heartbeat timeout
2026-02-13 18:44:31,948 - SwarmManager - ERROR - Drone 1 crashed
2026-02-13 18:44:31,948 - SwarmManager - ERROR - Handling failure of drone 1: Crashed
2026-02-13 18:44:31,949 - Drone_2 - INFO - Drone 2: Flying to {'x': 2533.7633268566633, 'y': 2424.764933952929, 'z': 60.0}
2026-02-13 18:44:31,949 - Drone_4 - INFO - Drone 4: Flying to {'x': 2516.9672027905917, 'y': 2490.1418428455736, 'z': 60.0}
2026-02-13 18:44:32,950 - SwarmManager - ERROR - Drone 1 heartbeat timeout
2026-02-13 18:44:32,951 - SwarmManager - ERROR - Handling failure of drone 1: Heartbeat timeout
2026-02-13 18:44:32,952 - SwarmManager - ERROR - Drone 1 crashed
2026-02-13 18:44:32,953 - SwarmManager - ERROR - Handling failure of drone 1: Crashed
2026-02-13 18:44:32,954 - Drone_2 - INFO - Drone 2: Flying to {'x': 2533.7633268566633, 'y': 2424.764933952929, 'z': 60.0}
2026-02-13 18:44:32,955 - Drone_4 - INFO - Drone 4: Flying to {'x': 2516.9672027905917, 'y': 2490.1418428455736, 'z': 60.0}
2026-02-13 18:44:33,956 - SwarmManager - ERROR - Drone 1 heartbeat timeout
2026-02-13 18:44:33,957 - SwarmManager - ERROR - Handling failure of drone 1: Heartbeat timeout
2026-02-13 18:44:33,958 - SwarmManager - ERROR - Drone 1 crashed
2026-02-13 18:44:33,959 - SwarmManager - ERROR - Handling failure of drone 1: Crashed
2026-02-13 18:44:33,961 - Drone_2 - INFO - Drone 2: Flying to {'x': 2533.7633268566633, 'y': 2424.764933952929, 'z': 60.0}
2026-02-13 18:44:33,961 - Drone_4 - INFO - Drone 4: Flying to {'x': 2516.9672027905917, 'y': 2490.1418428455736, 'z': 60.0}
2026-02-13 18:44:34,962 - SwarmManager - ERROR - Drone 1 heartbeat timeout
2026-02-13 18:44:34,963 - SwarmManager - ERROR - Handling failure of drone 1: Heartbeat timeout
2026-02-13 18:44:34,965 - SwarmManager - ERROR - Drone 1 crashed
2026-02-13 18:44:34,966 - SwarmManager - ERROR - Handling failure of drone 1: Crashed
2026-02-13 18:44:34,967 - Drone_2 - INFO - Drone 2: Flying to {'x': 2533.7633268566633, 'y': 2424.764933952929, 'z': 60.0}
2026-02-13 18:44:34,968 - Drone_4 - INFO - Drone 4: Flying to {'x': 2516.9672027905917, 'y': 2490.1418428455736, 'z': 60.0}
2026-02-13 18:44:35,968 - SwarmManager - ERROR - Drone 1 heartbeat timeout
2026-02-13 18:44:35,969 - SwarmManager - ERROR - Handling failure of drone 1: Heartbeat timeout
2026-02-13 18:44:35,969 - SwarmManager - ERROR - Drone 1 crashed
2026-02-13 18:44:35,969 - SwarmManager - ERROR - Handling failure of drone 1: Crashed
2026-02-13 18:44:35,970 - Drone_2 - INFO - Drone 2: Flying to {'x': 2533.7633268566633, 'y': 2424.764933952929, 'z': 60.0}
2026-02-13 18:44:35,970 - Drone_4 - INFO - Drone 4: Flying to {'x': 2516.9672027905917, 'y': 2490.1418428455736, 'z': 60.0}
2026-02-13 18:44:36,971 - SwarmManager - ERROR - Drone 1 heartbeat timeout
2026-02-13 18:44:36,971 - SwarmManager - ERROR - Handling failure of drone 1: Heartbeat timeout
2026-02-13 18:44:36,971 - SwarmManager - ERROR - Drone 1 crashed
2026-02-13 18:44:36,972 - SwarmManager - ERROR - Handling failure of drone 1: Crashed
2026-02-13 18:44:36,972 - Drone_2 - INFO - Drone 2: Flying to {'x': 2533.7633268566633, 'y': 2424.764933952929, 'z': 60.0}
2026-02-13 18:44:36,973 - Drone_4 - INFO - Drone 4: Flying to {'x': 2516.9672027905917, 'y': 2490.1418428455736, 'z': 60.0}
2026-02-13 18:44:37,974 - SwarmManager - ERROR - Drone 1 heartbeat timeout
2026-02-13 18:44:37,975 - SwarmManager - ERROR - Handling failure of drone 1: Heartbeat timeout
2026-02-13 18:44:37,976 - SwarmManager - ERROR - Drone 1 crashed
2026-02-13 18:44:37,976 - SwarmManager - ERROR - Handling failure of drone 1: Crashed
2026-02-13 18:44:37,978 - Drone_2 - INFO - Drone 2: Flying to {'x': 2533.7633268566633, 'y': 2424.764933952929, 'z': 60.0}
2026-02-13 18:44:37,978 - Drone_4 - INFO - Drone 4: Flying to {'x': 2516.9672027905917, 'y': 2490.1418428455736, 'z': 60.0}
2026-02-13 18:44:38,979 - SwarmManager - ERROR - Drone 1 heartbeat timeout
2026-02-13 18:44:38,980 - SwarmManager - ERROR - Handling failure of drone 1: Heartbeat timeout
2026-02-13 18:44:38,981 - SwarmManager - ERROR - Drone 1 crashed
2026-02-13 18:44:38,983 - SwarmManager - ERROR - Handling failure of drone 1: Crashed
2026-02-13 18:44:38,983 - Drone_2 - INFO - Drone 2: Flying to {'x': 2533.7633268566633, 'y': 2424.764933952929, 'z': 60.0}
2026-02-13 18:44:38,984 - Drone_4 - INFO - Drone 4: Flying to {'x': 2516.9672027905917, 'y': 2490.1418428455736, 'z': 60.0}
2026-02-13 18:44:39,984 - SwarmManager - ERROR - Drone 1 heartbeat timeout
2026-02-13 18:44:39,985 - SwarmManager - ERROR - Handling failure of drone 1: Heartbeat timeout
2026-02-13 18:44:39,987 - SwarmManager - ERROR - Drone 1 crashed
2026-02-13 18:44:39,988 - SwarmManager - ERROR - Handling failure of drone 1: Crashed
2026-02-13 18:44:39,989 - Drone_2 - INFO - Drone 2: Flying to {'x': 2533.7633268566633, 'y': 2424.764933952929, 'z': 60.0}
2026-02-13 18:44:39,990 - Drone_4 - INFO - Drone 4: Flying to {'x': 2516.9672027905917, 'y': 2490.1418428455736, 'z': 60.0}
2026-02-13 18:44:40,992 - SwarmManager - ERROR - Drone 1 heartbeat timeout
2026-02-13 18:44:40,992 - SwarmManager - ERROR - Handling failure of drone 1: Heartbeat timeout
2026-02-13 18:44:40,993 - SwarmManager - ERROR - Drone 1 crashed
2026-02-13 18:44:40,993 - SwarmManager - ERROR - Handling failure of drone 1: Crashed
2026-02-13 18:44:40,994 - Drone_2 - INFO - Drone 2: Flying to {'x': 2533.7633268566633, 'y': 2424.764933952929, 'z': 60.0}
2026-02-13 18:44:40,994 - Drone_4 - INFO - Drone 4: Flying to {'x': 2516.9672027905917, 'y': 2490.1418428455736, 'z': 60.0}
2026-02-13 18:44:41,994 - SwarmManager - ERROR - Drone 1 heartbeat timeout
2026-02-13 18:44:41,995 - SwarmManager - ERROR - Handling failure of drone 1: Heartbeat timeout
2026-02-13 18:44:41,995 - SwarmManager - ERROR - Drone 1 crashed
2026-02-13 18:44:41,995 - SwarmManager - ERROR - Handling failure of drone 1: Crashed
2026-02-13 18:44:41,998 - Drone_2 - INFO - Drone 2: Flying to {'x': 2533.7633268566633, 'y': 2424.764933952929, 'z': 60.0}
2026-02-13 18:44:42,000 - Drone_4 - INFO - Drone 4: Flying to {'x': 2516.9672027905917, 'y': 2490.1418428455736, 'z': 60.0}
2026-02-13 18:44:43,001 - SwarmManager - ERROR - Drone 1 heartbeat timeout
2026-02-13 18:44:43,002 - SwarmManager - ERROR - Handling failure of drone 1: Heartbeat timeout
2026-02-13 18:44:43,002 - SwarmManager - ERROR - Drone 1 crashed
2026-02-13 18:44:43,003 - SwarmManager - ERROR - Handling failure of drone 1: Crashed
2026-02-13 18:44:43,003 - Drone_2 - INFO - Drone 2: Flying to {'x': 2533.7633268566633, 'y': 2424.764933952929, 'z': 60.0}
2026-02-13 18:44:43,004 - Drone_4 - INFO - Drone 4: Flying to {'x': 2516.9672027905917, 'y': 2490.1418428455736, 'z': 60.0}
2026-02-13 18:44:44,005 - SwarmManager - ERROR - Drone 1 heartbeat timeout
2026-02-13 18:44:44,005 - SwarmManager - ERROR - Handling failure of drone 1: Heartbeat timeout
2026-02-13 18:44:44,006 - SwarmManager - ERROR - Drone 1 crashed
2026-02-13 18:44:44,006 - SwarmManager - ERROR - Handling failure of drone 1: Crashed
2026-02-13 18:44:44,006 - Drone_2 - INFO - Drone 2: Flying to {'x': 2533.7633268566633, 'y': 2424.764933952929, 'z': 60.0}
2026-02-13 18:44:44,007 - Drone_4 - INFO - Drone 4: Flying to {'x': 2516.9672027905917, 'y': 2490.1418428455736, 'z': 60.0}
2026-02-13 18:44:45,008 - SwarmManager - ERROR - Drone 1 heartbeat timeout
2026-02-13 18:44:45,008 - SwarmManager - ERROR - Handling failure of drone 1: Heartbeat timeout
2026-02-13 18:44:45,008 - SwarmManager - ERROR - Drone 1 crashed
2026-02-13 18:44:45,009 - SwarmManager - ERROR - Handling failure of drone 1: Crashed
2026-02-13 18:44:45,009 - Drone_2 - INFO - Drone 2: Flying to {'x': 2533.7633268566633, 'y': 2424.764933952929, 'z': 60.0}
2026-02-13 18:44:45,009 - Drone_4 - INFO - Drone 4: Flying to {'x': 2516.9672027905917, 'y': 2490.1418428455736, 'z': 60.0}
2026-02-13 18:44:46,010 - SwarmManager - ERROR - Drone 1 heartbeat timeout
2026-02-13 18:44:46,012 - SwarmManager - ERROR - Handling failure of drone 1: Heartbeat timeout
2026-02-13 18:44:46,013 - SwarmManager - ERROR - Drone 1 crashed
2026-02-13 18:44:46,014 - SwarmManager - ERROR - Handling failure of drone 1: Crashed
2026-02-13 18:44:46,015 - Drone_2 - INFO - Drone 2: Flying to {'x': 2533.7633268566633, 'y': 2424.764933952929, 'z': 60.0}
2026-02-13 18:44:46,016 - Drone_4 - INFO - Drone 4: Flying to {'x': 2516.9672027905917, 'y': 2490.1418428455736, 'z': 60.0}
2026-02-13 18:44:47,017 - SwarmManager - ERROR - Drone 1 heartbeat timeout
2026-02-13 18:44:47,018 - SwarmManager - ERROR - Handling failure of drone 1: Heartbeat timeout
2026-02-13 18:44:47,020 - SwarmManager - ERROR - Drone 1 crashed
2026-02-13 18:44:47,021 - SwarmManager - ERROR - Handling failure of drone 1: Crashed
2026-02-13 18:44:47,022 - Drone_2 - INFO - Drone 2: Flying to {'x': 2533.7633268566633, 'y': 2424.764933952929, 'z': 60.0}
2026-02-13 18:44:47,022 - Drone_4 - INFO - Drone 4: Flying to {'x': 2516.9672027905917, 'y': 2490.1418428455736, 'z': 60.0}
2026-02-13 18:44:48,024 - SwarmManager - ERROR - Drone 1 heartbeat timeout
2026-02-13 18:44:48,024 - SwarmManager - ERROR - Handling failure of drone 1: Heartbeat timeout
2026-02-13 18:44:48,025 - SwarmManager - ERROR - Drone 1 crashed
2026-02-13 18:44:48,025 - SwarmManager - ERROR - Handling failure of drone 1: Crashed
2026-02-13 18:44:48,025 - Drone_2 - INFO - Drone 2: Flying to {'x': 2533.7633268566633, 'y': 2424.764933952929, 'z': 60.0}
2026-02-13 18:44:48,025 - Drone_4 - INFO - Drone 4: Flying to {'x': 2516.9672027905917, 'y': 2490.1418428455736, 'z': 60.0}
2026-02-13 18:44:49,026 - SwarmManager - ERROR - Drone 1 heartbeat timeout
2026-02-13 18:44:49,027 - SwarmManager - ERROR - Handling failure of drone 1: Heartbeat timeout
2026-02-13 18:44:49,027 - SwarmManager - ERROR - Drone 1 crashed
2026-02-13 18:44:49,027 - SwarmManager - ERROR - Handling failure of drone 1: Crashed
2026-02-13 18:44:49,028 - Drone_2 - INFO - Drone 2: Flying to {'x': 2533.7633268566633, 'y': 2424.764933952929, 'z': 60.0}
2026-02-13 18:44:49,028 - Drone_4 - INFO - Drone 4: Flying to {'x': 2516.9672027905917, 'y': 2490.1418428455736, 'z': 60.0}
2026-02-13 18:44:50,029 - SwarmManager - ERROR - Drone 1 heartbeat timeout
2026-02-13 18:44:50,030 - SwarmManager - ERROR - Handling failure of drone 1: Heartbeat timeout
2026-02-13 18:44:50,031 - SwarmManager - ERROR - Drone 1 crashed
2026-02-13 18:44:50,031 - SwarmManager - ERROR - Handling failure of drone 1: Crashed
2026-02-13 18:44:50,032 - Drone_2 - INFO - Drone 2: Flying to {'x': 2533.7633268566633, 'y': 2424.764933952929, 'z': 60.0}
2026-02-13 18:44:50,032 - Drone_4 - INFO - Drone 4: Flying to {'x': 2516.9672027905917, 'y': 2490.1418428455736, 'z': 60.0}
2026-02-13 18:44:50,382 - PhysicalMLTrainer_Drone5 - INFO - Physical ML model trained drone=5 samples=1501 degree=2 alpha=0.0 val_mse=0.001971
2026-02-13 18:44:50,413 - PhysicalMLTrainer_Drone2 - INFO - Physical ML model trained drone=2 samples=1501 degree=2 alpha=0.0 val_mse=0.002015
2026-02-13 18:44:50,417 - PhysicalMLTrainer_Drone3 - INFO - Physical ML model trained drone=3 samples=1501 degree=2 alpha=0.0 val_mse=0.000005
2026-02-13 18:44:50,420 - PhysicalMLTrainer_Drone4 - INFO - Physical ML model trained drone=4 samples=1501 degree=2 alpha=0.0 val_mse=0.001878
2026-02-13 18:44:51,034 - SwarmManager - ERROR - Drone 1 heartbeat timeout
2026-02-13 18:44:51,035 - SwarmManager - ERROR - Handling failure of drone 1: Heartbeat timeout
2026-02-13 18:44:51,036 - SwarmManager - ERROR - Drone 1 crashed
2026-02-13 18:44:51,037 - SwarmManager - ERROR - Handling failure of drone 1: Crashed
2026-02-13 18:44:51,038 - Drone_2 - INFO - Drone 2: Flying to {'x': 2533.7633268566633, 'y': 2424.764933952929, 'z': 60.0}
2026-02-13 18:44:51,038 - Drone_4 - INFO - Drone 4: Flying to {'x': 2516.9672027905917, 'y': 2490.1418428455736, 'z': 60.0}
2026-02-13 18:44:52,039 - SwarmManager - ERROR - Drone 1 heartbeat timeout
2026-02-13 18:44:52,040 - SwarmManager - ERROR - Handling failure of drone 1: Heartbeat timeout
2026-02-13 18:44:52,040 - SwarmManager - ERROR - Drone 1 crashed
2026-02-13 18:44:52,040 - SwarmManager - ERROR - Handling failure of drone 1: Crashed
2026-02-13 18:44:52,041 - Drone_2 - INFO - Drone 2: Flying to {'x': 2533.7633268566633, 'y': 2424.764933952929, 'z': 60.0}
2026-02-13 18:44:52,041 - Drone_4 - INFO - Drone 4: Flying to {'x': 2516.9672027905917, 'y': 2490.1418428455736, 'z': 60.0}
2026-02-13 18:44:53,042 - SwarmManager - ERROR - Drone 1 heartbeat timeout
2026-02-13 18:44:53,043 - SwarmManager - ERROR - Handling failure of drone 1: Heartbeat timeout
2026-02-13 18:44:53,044 - SwarmManager - ERROR - Drone 1 crashed
2026-02-13 18:44:53,045 - SwarmManager - ERROR - Handling failure of drone 1: Crashed
2026-02-13 18:44:53,046 - Drone_2 - INFO - Drone 2: Flying to {'x': 2533.7633268566633, 'y': 2424.764933952929, 'z': 60.0}
2026-02-13 18:44:53,047 - Drone_4 - INFO - Drone 4: Flying to {'x': 2516.9672027905917, 'y': 2490.1418428455736, 'z': 60.0}
2026-02-13 18:44:54,048 - SwarmManager - ERROR - Drone 1 heartbeat timeout
2026-02-13 18:44:54,050 - SwarmManager - ERROR - Handling failure of drone 1: Heartbeat timeout
2026-02-13 18:44:54,051 - SwarmManager - ERROR - Drone 1 crashed
2026-02-13 18:44:54,052 - SwarmManager - ERROR - Handling failure of drone 1: Crashed
2026-02-13 18:44:54,053 - Drone_2 - INFO - Drone 2: Flying to {'x': 2533.7633268566633, 'y': 2424.7649339529294, 'z': 60.0}
2026-02-13 18:44:54,053 - Drone_4 - INFO - Drone 4: Flying to {'x': 2516.9672027905917, 'y': 2490.141842845574, 'z': 60.0}
2026-02-13 18:44:55,054 - SwarmManager - ERROR - Drone 1 heartbeat timeout
2026-02-13 18:44:55,054 - SwarmManager - ERROR - Handling failure of drone 1: Heartbeat timeout
2026-02-13 18:44:55,055 - SwarmManager - ERROR - Drone 1 crashed
2026-02-13 18:44:55,055 - SwarmManager - ERROR - Handling failure of drone 1: Crashed
2026-02-13 18:44:55,055 - Drone_2 - INFO - Drone 2: Flying to {'x': 2533.7633268566633, 'y': 2424.7649339529294, 'z': 60.0}
2026-02-13 18:44:55,055 - Drone_4 - INFO - Drone 4: Flying to {'x': 2516.9672027905917, 'y': 2490.141842845574, 'z': 60.0}
2026-02-13 18:44:56,056 - SwarmManager - ERROR - Drone 1 heartbeat timeout
2026-02-13 18:44:56,058 - SwarmManager - ERROR - Handling failure of drone 1: Heartbeat timeout
2026-02-13 18:44:56,058 - SwarmManager - ERROR - Drone 1 crashed
2026-02-13 18:44:56,059 - SwarmManager - ERROR - Handling failure of drone 1: Crashed
2026-02-13 18:44:56,060 - Drone_2 - INFO - Drone 2: Flying to {'x': 2533.7633268566633, 'y': 2424.7649339529294, 'z': 60.0}
2026-02-13 18:44:56,061 - Drone_4 - INFO - Drone 4: Flying to {'x': 2516.9672027905917, 'y': 2490.141842845574, 'z': 60.0}
2026-02-13 18:44:57,062 - SwarmManager - ERROR - Drone 1 heartbeat timeout
2026-02-13 18:44:57,063 - SwarmManager - ERROR - Handling failure of drone 1: Heartbeat timeout
2026-02-13 18:44:57,065 - SwarmManager - ERROR - Drone 1 crashed
2026-02-13 18:44:57,066 - SwarmManager - ERROR - Handling failure of drone 1: Crashed
2026-02-13 18:44:57,067 - Drone_2 - INFO - Drone 2: Flying to {'x': 2533.7633268566633, 'y': 2424.7649339529294, 'z': 60.0}
2026-02-13 18:44:57,067 - Drone_4 - INFO - Drone 4: Flying to {'x': 2516.9672027905917, 'y': 2490.141842845574, 'z': 60.0}
2026-02-13 18:44:58,068 - SwarmManager - ERROR - Drone 1 heartbeat timeout
2026-02-13 18:44:58,069 - SwarmManager - ERROR - Handling failure of drone 1: Heartbeat timeout
2026-02-13 18:44:58,070 - SwarmManager - ERROR - Drone 1 crashed
2026-02-13 18:44:58,071 - SwarmManager - ERROR - Handling failure of drone 1: Crashed
2026-02-13 18:44:58,071 - Drone_2 - INFO - Drone 2: Flying to {'x': 2533.7633268566633, 'y': 2424.7649339529294, 'z': 60.0}
2026-02-13 18:44:58,072 - Drone_4 - INFO - Drone 4: Flying to {'x': 2516.9672027905917, 'y': 2490.141842845574, 'z': 60.0}
2026-02-13 18:44:59,073 - SwarmManager - ERROR - Drone 1 heartbeat timeout
2026-02-13 18:44:59,073 - SwarmManager - ERROR - Handling failure of drone 1: Heartbeat timeout
2026-02-13 18:44:59,074 - SwarmManager - ERROR - Drone 1 crashed
2026-02-13 18:44:59,074 - SwarmManager - ERROR - Handling failure of drone 1: Crashed
2026-02-13 18:44:59,075 - Drone_2 - INFO - Drone 2: Flying to {'x': 2533.7633268566633, 'y': 2424.764933952929, 'z': 60.0}
2026-02-13 18:44:59,075 - Drone_4 - INFO - Drone 4: Flying to {'x': 2516.9672027905917, 'y': 2490.1418428455736, 'z': 60.0}
2026-02-13 18:45:00,076 - SwarmManager - ERROR - Drone 1 heartbeat timeout
2026-02-13 18:45:00,077 - SwarmManager - ERROR - Handling failure of drone 1: Heartbeat timeout
2026-02-13 18:45:00,078 - SwarmManager - ERROR - Drone 1 crashed
2026-02-13 18:45:00,080 - SwarmManager - ERROR - Handling failure of drone 1: Crashed
2026-02-13 18:45:00,081 - Drone_2 - INFO - Drone 2: Flying to {'x': 2533.7633268566633, 'y': 2424.764933952929, 'z': 60.0}
2026-02-13 18:45:00,082 - Drone_4 - INFO - Drone 4: Flying to {'x': 2516.9672027905917, 'y': 2490.1418428455736, 'z': 60.0}
2026-02-13 18:45:01,086 - SwarmManager - ERROR - Drone 1 heartbeat timeout
2026-02-13 18:45:01,087 - SwarmManager - ERROR - Handling failure of drone 1: Heartbeat timeout
2026-02-13 18:45:01,088 - SwarmManager - ERROR - Drone 1 crashed
2026-02-13 18:45:01,088 - SwarmManager - ERROR - Handling failure of drone 1: Crashed
2026-02-13 18:45:01,089 - Drone_2 - INFO - Drone 2: Flying to {'x': 2533.7633268566633, 'y': 2424.764933952929, 'z': 60.0}
2026-02-13 18:45:01,089 - Drone_4 - INFO - Drone 4: Flying to {'x': 2516.9672027905917, 'y': 2490.1418428455736, 'z': 60.0}
2026-02-13 18:45:02,090 - SwarmManager - ERROR - Drone 1 heartbeat timeout
2026-02-13 18:45:02,091 - SwarmManager - ERROR - Handling failure of drone 1: Heartbeat timeout
2026-02-13 18:45:02,092 - SwarmManager - ERROR - Drone 1 crashed
2026-02-13 18:45:02,093 - SwarmManager - ERROR - Handling failure of drone 1: Crashed
2026-02-13 18:45:02,094 - Drone_2 - INFO - Drone 2: Flying to {'x': 2533.7633268566633, 'y': 2424.7649339529294, 'z': 60.0}
2026-02-13 18:45:02,094 - Drone_4 - INFO - Drone 4: Flying to {'x': 2516.9672027905917, 'y': 2490.141842845574, 'z': 60.0}
2026-02-13 18:45:03,096 - SwarmManager - ERROR - Drone 1 heartbeat timeout
2026-02-13 18:45:03,097 - SwarmManager - ERROR - Handling failure of drone 1: Heartbeat timeout
2026-02-13 18:45:03,098 - SwarmManager - ERROR - Drone 1 crashed
2026-02-13 18:45:03,098 - SwarmManager - ERROR - Handling failure of drone 1: Crashed
2026-02-13 18:45:03,099 - Drone_2 - INFO - Drone 2: Flying to {'x': 2533.7633268566633, 'y': 2424.7649339529294, 'z': 60.0}
2026-02-13 18:45:03,099 - Drone_4 - INFO - Drone 4: Flying to {'x': 2516.9672027905917, 'y': 2490.141842845574, 'z': 60.0}
2026-02-13 18:45:04,100 - SwarmManager - ERROR - Drone 1 heartbeat timeout
2026-02-13 18:45:04,100 - SwarmManager - ERROR - Handling failure of drone 1: Heartbeat timeout
2026-02-13 18:45:04,101 - SwarmManager - ERROR - Drone 1 crashed
2026-02-13 18:45:04,101 - SwarmManager - ERROR - Handling failure of drone 1: Crashed
2026-02-13 18:45:04,102 - Drone_2 - INFO - Drone 2: Flying to {'x': 2533.7633268566633, 'y': 2424.7649339529294, 'z': 60.0}
2026-02-13 18:45:04,102 - Drone_4 - INFO - Drone 4: Flying to {'x': 2516.9672027905917, 'y': 2490.141842845574, 'z': 60.0}
2026-02-13 18:45:05,103 - SwarmManager - ERROR - Drone 1 heartbeat timeout
2026-02-13 18:45:05,103 - SwarmManager - ERROR - Handling failure of drone 1: Heartbeat timeout
2026-02-13 18:45:05,104 - SwarmManager - ERROR - Drone 1 crashed
2026-02-13 18:45:05,104 - SwarmManager - ERROR - Handling failure of drone 1: Crashed
2026-02-13 18:45:05,104 - Drone_2 - INFO - Drone 2: Flying to {'x': 2533.7633268566633, 'y': 2424.7649339529294, 'z': 60.0}
2026-02-13 18:45:05,105 - Drone_4 - INFO - Drone 4: Flying to {'x': 2516.9672027905917, 'y': 2490.141842845574, 'z': 60.0}
2026-02-13 18:45:06,106 - SwarmManager - ERROR - Drone 1 heartbeat timeout
2026-02-13 18:45:06,108 - SwarmManager - ERROR - Handling failure of drone 1: Heartbeat timeout
2026-02-13 18:45:06,109 - SwarmManager - ERROR - Drone 1 crashed
2026-02-13 18:45:06,110 - SwarmManager - ERROR - Handling failure of drone 1: Crashed
2026-02-13 18:45:06,111 - Drone_2 - INFO - Drone 2: Flying to {'x': 2533.7633268566633, 'y': 2424.7649339529294, 'z': 60.0}
2026-02-13 18:45:06,113 - Drone_4 - INFO - Drone 4: Flying to {'x': 2516.9672027905917, 'y': 2490.141842845574, 'z': 60.0}
2026-02-13 18:45:07,114 - SwarmManager - ERROR - Drone 1 heartbeat timeout
2026-02-13 18:45:07,115 - SwarmManager - ERROR - Handling failure of drone 1: Heartbeat timeout
2026-02-13 18:45:07,115 - SwarmManager - ERROR - Drone 1 crashed
2026-02-13 18:45:07,116 - SwarmManager - ERROR - Handling failure of drone 1: Crashed
2026-02-13 18:45:07,117 - Drone_2 - INFO - Drone 2: Flying to {'x': 2533.7633268566633, 'y': 2424.7649339529294, 'z': 60.0}
2026-02-13 18:45:07,118 - Drone_4 - INFO - Drone 4: Flying to {'x': 2516.9672027905917, 'y': 2490.141842845574, 'z': 60.0}
2026-02-13 18:45:08,118 - SwarmManager - ERROR - Drone 1 heartbeat timeout
2026-02-13 18:45:08,119 - SwarmManager - ERROR - Handling failure of drone 1: Heartbeat timeout
2026-02-13 18:45:08,119 - SwarmManager - ERROR - Drone 1 crashed
2026-02-13 18:45:08,120 - SwarmManager - ERROR - Handling failure of drone 1: Crashed
2026-02-13 18:45:08,120 - Drone_2 - INFO - Drone 2: Flying to {'x': 2533.7633268566633, 'y': 2424.7649339529294, 'z': 60.0}
2026-02-13 18:45:08,121 - Drone_4 - INFO - Drone 4: Flying to {'x': 2516.9672027905917, 'y': 2490.141842845574, 'z': 60.0}
2026-02-13 18:45:09,121 - SwarmManager - ERROR - Drone 1 heartbeat timeout
2026-02-13 18:45:09,122 - SwarmManager - ERROR - Handling failure of drone 1: Heartbeat timeout
2026-02-13 18:45:09,122 - SwarmManager - ERROR - Drone 1 crashed
2026-02-13 18:45:09,122 - SwarmManager - ERROR - Handling failure of drone 1: Crashed
2026-02-13 18:45:09,122 - Drone_2 - INFO - Drone 2: Flying to {'x': 2533.7633268566633, 'y': 2424.7649339529294, 'z': 60.0}
2026-02-13 18:45:09,123 - Drone_4 - INFO - Drone 4: Flying to {'x': 2516.9672027905917, 'y': 2490.141842845574, 'z': 60.0}
2026-02-13 18:45:10,123 - SwarmManager - ERROR - Drone 1 heartbeat timeout
2026-02-13 18:45:10,124 - SwarmManager - ERROR - Handling failure of drone 1: Heartbeat timeout
2026-02-13 18:45:10,125 - SwarmManager - ERROR - Drone 1 crashed
2026-02-13 18:45:10,125 - SwarmManager - ERROR - Handling failure of drone 1: Crashed
2026-02-13 18:45:10,125 - Drone_2 - INFO - Drone 2: Flying to {'x': 2533.7633268566633, 'y': 2424.7649339529294, 'z': 60.0}
2026-02-13 18:45:10,126 - Drone_4 - INFO - Drone 4: Flying to {'x': 2516.9672027905917, 'y': 2490.141842845574, 'z': 60.0}
2026-02-13 18:45:10,515 - PhysicalMLTrainer_Drone5 - INFO - Physical ML model trained drone=5 samples=1701 degree=2 alpha=0.0 val_mse=0.001425
2026-02-13 18:45:10,541 - PhysicalMLTrainer_Drone3 - INFO - Physical ML model trained drone=3 samples=1701 degree=2 alpha=0.0 val_mse=0.000003
2026-02-13 18:45:10,557 - PhysicalMLTrainer_Drone4 - INFO - Physical ML model trained drone=4 samples=1701 degree=2 alpha=0.0 val_mse=0.001377
2026-02-13 18:45:10,558 - PhysicalMLTrainer_Drone2 - INFO - Physical ML model trained drone=2 samples=1701 degree=2 alpha=0.0 val_mse=0.001397
2026-02-13 18:45:11,126 - SwarmManager - ERROR - Drone 1 heartbeat timeout
2026-02-13 18:45:11,127 - SwarmManager - ERROR - Handling failure of drone 1: Heartbeat timeout
2026-02-13 18:45:11,127 - SwarmManager - ERROR - Drone 1 crashed
2026-02-13 18:45:11,128 - SwarmManager - ERROR - Handling failure of drone 1: Crashed
2026-02-13 18:45:11,128 - Drone_2 - INFO - Drone 2: Flying to {'x': 2533.7633268566633, 'y': 2424.7649339529294, 'z': 60.0}
2026-02-13 18:45:11,128 - Drone_4 - INFO - Drone 4: Flying to {'x': 2516.9672027905917, 'y': 2490.141842845574, 'z': 60.0}
2026-02-13 18:45:12,129 - SwarmManager - ERROR - Drone 1 heartbeat timeout
2026-02-13 18:45:12,131 - SwarmManager - ERROR - Handling failure of drone 1: Heartbeat timeout
2026-02-13 18:45:12,132 - SwarmManager - ERROR - Drone 1 crashed
2026-02-13 18:45:12,133 - SwarmManager - ERROR - Handling failure of drone 1: Crashed
2026-02-13 18:45:12,134 - Drone_2 - INFO - Drone 2: Flying to {'x': 2533.7633268566633, 'y': 2424.7649339529294, 'z': 60.0}
2026-02-13 18:45:12,134 - Drone_4 - INFO - Drone 4: Flying to {'x': 2516.9672027905917, 'y': 2490.141842845574, 'z': 60.0}
2026-02-13 18:45:13,135 - SwarmManager - ERROR - Drone 1 heartbeat timeout
2026-02-13 18:45:13,137 - SwarmManager - ERROR - Handling failure of drone 1: Heartbeat timeout
2026-02-13 18:45:13,138 - SwarmManager - ERROR - Drone 1 crashed
2026-02-13 18:45:13,140 - SwarmManager - ERROR - Handling failure of drone 1: Crashed
2026-02-13 18:45:13,141 - Drone_2 - INFO - Drone 2: Flying to {'x': 2533.7633268566633, 'y': 2424.7649339529294, 'z': 60.0}
2026-02-13 18:45:13,141 - Drone_4 - INFO - Drone 4: Flying to {'x': 2516.9672027905917, 'y': 2490.141842845574, 'z': 60.0}
2026-02-13 18:45:14,142 - SwarmManager - ERROR - Drone 1 heartbeat timeout
2026-02-13 18:45:14,144 - SwarmManager - ERROR - Handling failure of drone 1: Heartbeat timeout
2026-02-13 18:45:14,146 - SwarmManager - ERROR - Drone 1 crashed
2026-02-13 18:45:14,147 - SwarmManager - ERROR - Handling failure of drone 1: Crashed
2026-02-13 18:45:14,148 - Drone_2 - INFO - Drone 2: Flying to {'x': 2533.7633268566633, 'y': 2424.7649339529294, 'z': 60.0}
2026-02-13 18:45:14,148 - Drone_4 - INFO - Drone 4: Flying to {'x': 2516.9672027905917, 'y': 2490.141842845574, 'z': 60.0}
2026-02-13 18:45:15,149 - SwarmManager - ERROR - Drone 1 heartbeat timeout
2026-02-13 18:45:15,150 - SwarmManager - ERROR - Handling failure of drone 1: Heartbeat timeout
2026-02-13 18:45:15,151 - SwarmManager - ERROR - Drone 1 crashed
2026-02-13 18:45:15,152 - SwarmManager - ERROR - Handling failure of drone 1: Crashed
2026-02-13 18:45:15,153 - Drone_2 - INFO - Drone 2: Flying to {'x': 2533.7633268566633, 'y': 2424.7649339529294, 'z': 60.0}
2026-02-13 18:45:15,153 - Drone_4 - INFO - Drone 4: Flying to {'x': 2516.9672027905917, 'y': 2490.141842845574, 'z': 60.0}
2026-02-13 18:45:16,154 - SwarmManager - ERROR - Drone 1 heartbeat timeout
2026-02-13 18:45:16,154 - SwarmManager - ERROR - Handling failure of drone 1: Heartbeat timeout
2026-02-13 18:45:16,155 - SwarmManager - ERROR - Drone 1 crashed
2026-02-13 18:45:16,155 - SwarmManager - ERROR - Handling failure of drone 1: Crashed
2026-02-13 18:45:16,156 - Drone_2 - INFO - Drone 2: Flying to {'x': 2533.7633268566633, 'y': 2424.7649339529294, 'z': 60.0}
2026-02-13 18:45:16,156 - Drone_4 - INFO - Drone 4: Flying to {'x': 2516.9672027905917, 'y': 2490.141842845574, 'z': 60.0}
2026-02-13 18:45:17,156 - SwarmManager - ERROR - Drone 1 heartbeat timeout
2026-02-13 18:45:17,157 - SwarmManager - ERROR - Handling failure of drone 1: Heartbeat timeout
2026-02-13 18:45:17,158 - SwarmManager - ERROR - Drone 1 crashed
2026-02-13 18:45:17,158 - SwarmManager - ERROR - Handling failure of drone 1: Crashed
2026-02-13 18:45:17,159 - Drone_2 - INFO - Drone 2: Flying to {'x': 2533.7633268566633, 'y': 2424.764933952929, 'z': 60.0}
2026-02-13 18:45:17,159 - Drone_4 - INFO - Drone 4: Flying to {'x': 2516.9672027905917, 'y': 2490.1418428455736, 'z': 60.0}
2026-02-13 18:45:18,160 - SwarmManager - ERROR - Drone 1 heartbeat timeout
2026-02-13 18:45:18,162 - SwarmManager - ERROR - Handling failure of drone 1: Heartbeat timeout
2026-02-13 18:45:18,164 - SwarmManager - ERROR - Drone 1 crashed
2026-02-13 18:45:18,165 - SwarmManager - ERROR - Handling failure of drone 1: Crashed
2026-02-13 18:45:18,166 - Drone_2 - INFO - Drone 2: Flying to {'x': 2533.7633268566633, 'y': 2424.764933952929, 'z': 60.0}
2026-02-13 18:45:18,167 - Drone_4 - INFO - Drone 4: Flying to {'x': 2516.9672027905917, 'y': 2490.1418428455736, 'z': 60.0}
2026-02-13 18:45:19,168 - SwarmManager - ERROR - Drone 1 heartbeat timeout
2026-02-13 18:45:19,170 - SwarmManager - ERROR - Handling failure of drone 1: Heartbeat timeout
2026-02-13 18:45:19,172 - SwarmManager - ERROR - Drone 1 crashed
2026-02-13 18:45:19,173 - SwarmManager - ERROR - Handling failure of drone 1: Crashed
2026-02-13 18:45:19,175 - Drone_2 - INFO - Drone 2: Flying to {'x': 2533.7633268566633, 'y': 2424.764933952929, 'z': 60.0}
2026-02-13 18:45:19,175 - Drone_4 - INFO - Drone 4: Flying to {'x': 2516.9672027905917, 'y': 2490.1418428455736, 'z': 60.0}
2026-02-13 18:45:20,177 - SwarmManager - ERROR - Drone 1 heartbeat timeout
2026-02-13 18:45:20,178 - SwarmManager - ERROR - Handling failure of drone 1: Heartbeat timeout
2026-02-13 18:45:20,180 - SwarmManager - ERROR - Drone 1 crashed
2026-02-13 18:45:20,181 - SwarmManager - ERROR - Handling failure of drone 1: Crashed
2026-02-13 18:45:20,182 - Drone_2 - INFO - Drone 2: Flying to {'x': 2533.7633268566633, 'y': 2424.764933952929, 'z': 60.0}
2026-02-13 18:45:20,183 - Drone_4 - INFO - Drone 4: Flying to {'x': 2516.9672027905917, 'y': 2490.1418428455736, 'z': 60.0}
2026-02-13 18:45:21,184 - SwarmManager - ERROR - Drone 1 heartbeat timeout
2026-02-13 18:45:21,185 - SwarmManager - ERROR - Handling failure of drone 1: Heartbeat timeout
2026-02-13 18:45:21,185 - SwarmManager - ERROR - Drone 1 crashed
2026-02-13 18:45:21,185 - SwarmManager - ERROR - Handling failure of drone 1: Crashed
2026-02-13 18:45:21,186 - Drone_2 - INFO - Drone 2: Flying to {'x': 2533.7633268566633, 'y': 2424.764933952929, 'z': 60.0}
2026-02-13 18:45:21,186 - Drone_4 - INFO - Drone 4: Flying to {'x': 2516.9672027905917, 'y': 2490.1418428455736, 'z': 60.0}
2026-02-13 18:45:22,187 - SwarmManager - ERROR - Drone 1 heartbeat timeout
2026-02-13 18:45:22,187 - SwarmManager - ERROR - Handling failure of drone 1: Heartbeat timeout
2026-02-13 18:45:22,188 - SwarmManager - ERROR - Drone 1 crashed
2026-02-13 18:45:22,188 - SwarmManager - ERROR - Handling failure of drone 1: Crashed
2026-02-13 18:45:22,189 - Drone_2 - INFO - Drone 2: Flying to {'x': 2533.7633268566633, 'y': 2424.764933952929, 'z': 60.0}
2026-02-13 18:45:22,189 - Drone_4 - INFO - Drone 4: Flying to {'x': 2516.9672027905917, 'y': 2490.1418428455736, 'z': 60.0}
2026-02-13 18:45:23,190 - SwarmManager - ERROR - Drone 1 heartbeat timeout
2026-02-13 18:45:23,192 - SwarmManager - ERROR - Handling failure of drone 1: Heartbeat timeout
2026-02-13 18:45:23,193 - SwarmManager - ERROR - Drone 1 crashed
2026-02-13 18:45:23,194 - SwarmManager - ERROR - Handling failure of drone 1: Crashed
2026-02-13 18:45:23,195 - Drone_2 - INFO - Drone 2: Flying to {'x': 2533.7633268566633, 'y': 2424.764933952929, 'z': 60.0}
2026-02-13 18:45:23,195 - Drone_4 - INFO - Drone 4: Flying to {'x': 2516.9672027905917, 'y': 2490.1418428455736, 'z': 60.0}
2026-02-13 18:45:24,196 - SwarmManager - ERROR - Drone 1 heartbeat timeout
2026-02-13 18:45:24,198 - SwarmManager - ERROR - Handling failure of drone 1: Heartbeat timeout
2026-02-13 18:45:24,199 - SwarmManager - ERROR - Drone 1 crashed
2026-02-13 18:45:24,201 - SwarmManager - ERROR - Handling failure of drone 1: Crashed
2026-02-13 18:45:24,203 - Drone_2 - INFO - Drone 2: Flying to {'x': 2533.7633268566633, 'y': 2424.764933952929, 'z': 60.0}
2026-02-13 18:45:24,204 - Drone_4 - INFO - Drone 4: Flying to {'x': 2516.9672027905917, 'y': 2490.1418428455736, 'z': 60.0}
2026-02-13 18:45:25,204 - SwarmManager - ERROR - Drone 1 heartbeat timeout
2026-02-13 18:45:25,207 - SwarmManager - ERROR - Handling failure of drone 1: Heartbeat timeout
2026-02-13 18:45:25,209 - SwarmManager - ERROR - Drone 1 crashed
2026-02-13 18:45:25,210 - SwarmManager - ERROR - Handling failure of drone 1: Crashed
2026-02-13 18:45:25,211 - Drone_2 - INFO - Drone 2: Flying to {'x': 2533.7633268566633, 'y': 2424.764933952929, 'z': 60.0}
2026-02-13 18:45:25,211 - Drone_4 - INFO - Drone 4: Flying to {'x': 2516.9672027905917, 'y': 2490.1418428455736, 'z': 60.0}
2026-02-13 18:45:26,212 - SwarmManager - ERROR - Drone 1 heartbeat timeout
2026-02-13 18:45:26,213 - SwarmManager - ERROR - Handling failure of drone 1: Heartbeat timeout
2026-02-13 18:45:26,214 - SwarmManager - ERROR - Drone 1 crashed
2026-02-13 18:45:26,214 - SwarmManager - ERROR - Handling failure of drone 1: Crashed
2026-02-13 18:45:26,214 - Drone_2 - INFO - Drone 2: Flying to {'x': 2533.7633268566633, 'y': 2424.764933952929, 'z': 60.0}
2026-02-13 18:45:26,214 - Drone_4 - INFO - Drone 4: Flying to {'x': 2516.9672027905917, 'y': 2490.1418428455736, 'z': 60.0}
2026-02-13 18:45:27,215 - SwarmManager - ERROR - Drone 1 heartbeat timeout
2026-02-13 18:45:27,215 - SwarmManager - ERROR - Handling failure of drone 1: Heartbeat timeout
2026-02-13 18:45:27,215 - SwarmManager - ERROR - Drone 1 crashed
2026-02-13 18:45:27,216 - SwarmManager - ERROR - Handling failure of drone 1: Crashed
2026-02-13 18:45:27,216 - Drone_2 - INFO - Drone 2: Flying to {'x': 2533.7633268566633, 'y': 2424.764933952929, 'z': 60.0}
2026-02-13 18:45:27,216 - Drone_4 - INFO - Drone 4: Flying to {'x': 2516.9672027905917, 'y': 2490.1418428455736, 'z': 60.0}
2026-02-13 18:45:28,217 - SwarmManager - ERROR - Drone 1 heartbeat timeout
2026-02-13 18:45:28,218 - SwarmManager - ERROR - Handling failure of drone 1: Heartbeat timeout
2026-02-13 18:45:28,219 - SwarmManager - ERROR - Drone 1 crashed
2026-02-13 18:45:28,220 - SwarmManager - ERROR - Handling failure of drone 1: Crashed
2026-02-13 18:45:28,221 - Drone_2 - INFO - Drone 2: Flying to {'x': 2533.7633268566633, 'y': 2424.764933952929, 'z': 60.0}
2026-02-13 18:45:28,222 - Drone_4 - INFO - Drone 4: Flying to {'x': 2516.9672027905917, 'y': 2490.1418428455736, 'z': 60.0}
2026-02-13 18:45:29,223 - SwarmManager - ERROR - Drone 1 heartbeat timeout
2026-02-13 18:45:29,224 - SwarmManager - ERROR - Handling failure of drone 1: Heartbeat timeout
2026-02-13 18:45:29,225 - SwarmManager - ERROR - Drone 1 crashed
2026-02-13 18:45:29,227 - SwarmManager - ERROR - Handling failure of drone 1: Crashed
2026-02-13 18:45:29,228 - Drone_2 - INFO - Drone 2: Flying to {'x': 2533.7633268566633, 'y': 2424.764933952929, 'z': 60.0}
2026-02-13 18:45:29,229 - Drone_4 - INFO - Drone 4: Flying to {'x': 2516.9672027905917, 'y': 2490.1418428455736, 'z': 60.0}
2026-02-13 18:45:30,230 - SwarmManager - ERROR - Drone 1 heartbeat timeout
2026-02-13 18:45:30,231 - SwarmManager - ERROR - Handling failure of drone 1: Heartbeat timeout
2026-02-13 18:45:30,232 - SwarmManager - ERROR - Drone 1 crashed
2026-02-13 18:45:30,234 - SwarmManager - ERROR - Handling failure of drone 1: Crashed
2026-02-13 18:45:30,235 - Drone_2 - INFO - Drone 2: Flying to {'x': 2533.7633268566633, 'y': 2424.764933952929, 'z': 60.0}
2026-02-13 18:45:30,236 - Drone_4 - INFO - Drone 4: Flying to {'x': 2516.9672027905917, 'y': 2490.1418428455736, 'z': 60.0}
2026-02-13 18:45:30,644 - PhysicalMLTrainer_Drone5 - INFO - Physical ML model trained drone=5 samples=1901 degree=2 alpha=0.0 val_mse=0.001051
2026-02-13 18:45:30,664 - PhysicalMLTrainer_Drone3 - INFO - Physical ML model trained drone=3 samples=1901 degree=2 alpha=0.0 val_mse=0.000002
2026-02-13 18:45:30,684 - PhysicalMLTrainer_Drone2 - INFO - Physical ML model trained drone=2 samples=1901 degree=2 alpha=0.0 val_mse=0.001084
2026-02-13 18:45:30,688 - PhysicalMLTrainer_Drone4 - INFO - Physical ML model trained drone=4 samples=1901 degree=2 alpha=0.0 val_mse=0.000994
2026-02-13 18:45:31,239 - SwarmManager - ERROR - Drone 1 heartbeat timeout
2026-02-13 18:45:31,241 - SwarmManager - ERROR - Handling failure of drone 1: Heartbeat timeout
2026-02-13 18:45:31,242 - SwarmManager - ERROR - Drone 1 crashed
2026-02-13 18:45:31,243 - SwarmManager - ERROR - Handling failure of drone 1: Crashed
2026-02-13 18:45:31,243 - Drone_2 - INFO - Drone 2: Flying to {'x': 2533.7633268566633, 'y': 2424.764933952929, 'z': 60.0}
2026-02-13 18:45:31,244 - Drone_4 - INFO - Drone 4: Flying to {'x': 2516.9672027905917, 'y': 2490.1418428455736, 'z': 60.0}
2026-02-13 18:45:32,245 - SwarmManager - ERROR - Drone 1 heartbeat timeout
2026-02-13 18:45:32,245 - SwarmManager - ERROR - Handling failure of drone 1: Heartbeat timeout
2026-02-13 18:45:32,245 - SwarmManager - ERROR - Drone 1 crashed
2026-02-13 18:45:32,245 - SwarmManager - ERROR - Handling failure of drone 1: Crashed
2026-02-13 18:45:32,246 - Drone_2 - INFO - Drone 2: Flying to {'x': 2533.7633268566633, 'y': 2424.764933952929, 'z': 60.0}
2026-02-13 18:45:32,246 - Drone_4 - INFO - Drone 4: Flying to {'x': 2516.9672027905917, 'y': 2490.1418428455736, 'z': 60.0}
2026-02-13 18:45:33,247 - SwarmManager - ERROR - Drone 1 heartbeat timeout
2026-02-13 18:45:33,247 - SwarmManager - ERROR - Handling failure of drone 1: Heartbeat timeout
2026-02-13 18:45:33,247 - SwarmManager - ERROR - Drone 1 crashed
2026-02-13 18:45:33,248 - SwarmManager - ERROR - Handling failure of drone 1: Crashed
2026-02-13 18:45:33,248 - Drone_2 - INFO - Drone 2: Flying to {'x': 2533.7633268566633, 'y': 2424.764933952929, 'z': 60.0}
2026-02-13 18:45:33,249 - Drone_4 - INFO - Drone 4: Flying to {'x': 2516.9672027905917, 'y': 2490.1418428455736, 'z': 60.0}
2026-02-13 18:45:34,250 - SwarmManager - ERROR - Drone 1 heartbeat timeout
2026-02-13 18:45:34,251 - SwarmManager - ERROR - Handling failure of drone 1: Heartbeat timeout
2026-02-13 18:45:34,252 - SwarmManager - ERROR - Drone 1 crashed
2026-02-13 18:45:34,253 - SwarmManager - ERROR - Handling failure of drone 1: Crashed
2026-02-13 18:45:34,254 - Drone_2 - INFO - Drone 2: Flying to {'x': 2533.7633268566633, 'y': 2424.764933952929, 'z': 60.0}
2026-02-13 18:45:34,254 - Drone_4 - INFO - Drone 4: Flying to {'x': 2516.9672027905917, 'y': 2490.1418428455736, 'z': 60.0}
2026-02-13 18:45:35,255 - SwarmManager - ERROR - Drone 1 heartbeat timeout
2026-02-13 18:45:35,257 - SwarmManager - ERROR - Handling failure of drone 1: Heartbeat timeout
2026-02-13 18:45:35,258 - SwarmManager - ERROR - Drone 1 crashed
2026-02-13 18:45:35,260 - SwarmManager - ERROR - Handling failure of drone 1: Crashed
2026-02-13 18:45:35,261 - Drone_2 - INFO - Drone 2: Flying to {'x': 2533.7633268566633, 'y': 2424.764933952929, 'z': 60.0}
2026-02-13 18:45:35,261 - Drone_4 - INFO - Drone 4: Flying to {'x': 2516.9672027905917, 'y': 2490.1418428455736, 'z': 60.0}
2026-02-13 18:45:36,262 - SwarmManager - ERROR - Drone 1 heartbeat timeout
2026-02-13 18:45:36,263 - SwarmManager - ERROR - Handling failure of drone 1: Heartbeat timeout
2026-02-13 18:45:36,264 - SwarmManager - ERROR - Drone 1 crashed
2026-02-13 18:45:36,264 - SwarmManager - ERROR - Handling failure of drone 1: Crashed
2026-02-13 18:45:36,265 - Drone_2 - INFO - Drone 2: Flying to {'x': 2533.7633268566633, 'y': 2424.764933952929, 'z': 60.0}
2026-02-13 18:45:36,265 - Drone_4 - INFO - Drone 4: Flying to {'x': 2516.9672027905917, 'y': 2490.1418428455736, 'z': 60.0}
2026-02-13 18:45:37,266 - SwarmManager - ERROR - Drone 1 heartbeat timeout
2026-02-13 18:45:37,266 - SwarmManager - ERROR - Handling failure of drone 1: Heartbeat timeout
2026-02-13 18:45:37,267 - SwarmManager - ERROR - Drone 1 crashed
2026-02-13 18:45:37,267 - SwarmManager - ERROR - Handling failure of drone 1: Crashed
2026-02-13 18:45:37,267 - Drone_2 - INFO - Drone 2: Flying to {'x': 2533.7633268566633, 'y': 2424.764933952929, 'z': 60.0}
2026-02-13 18:45:37,267 - Drone_4 - INFO - Drone 4: Flying to {'x': 2516.9672027905917, 'y': 2490.1418428455736, 'z': 60.0}
2026-02-13 18:45:38,268 - SwarmManager - ERROR - Drone 1 heartbeat timeout
2026-02-13 18:45:38,268 - SwarmManager - ERROR - Handling failure of drone 1: Heartbeat timeout
2026-02-13 18:45:38,269 - SwarmManager - ERROR - Drone 1 crashed
2026-02-13 18:45:38,271 - SwarmManager - ERROR - Handling failure of drone 1: Crashed
2026-02-13 18:45:38,272 - Drone_2 - INFO - Drone 2: Flying to {'x': 2533.7633268566633, 'y': 2424.764933952929, 'z': 60.0}
2026-02-13 18:45:38,272 - Drone_4 - INFO - Drone 4: Flying to {'x': 2516.9672027905917, 'y': 2490.1418428455736, 'z': 60.0}
2026-02-13 18:45:39,273 - SwarmManager - ERROR - Drone 1 heartbeat timeout
2026-02-13 18:45:39,274 - SwarmManager - ERROR - Handling failure of drone 1: Heartbeat timeout
2026-02-13 18:45:39,275 - SwarmManager - ERROR - Drone 1 crashed
2026-02-13 18:45:39,275 - SwarmManager - ERROR - Handling failure of drone 1: Crashed
2026-02-13 18:45:39,276 - Drone_2 - INFO - Drone 2: Flying to {'x': 2533.7633268566638, 'y': 2424.764933952929, 'z': 60.0}
2026-02-13 18:45:39,276 - Drone_4 - INFO - Drone 4: Flying to {'x': 2516.9672027905913, 'y': 2490.1418428455736, 'z': 60.0}
2026-02-13 18:45:40,277 - SwarmManager - ERROR - Drone 1 heartbeat timeout
2026-02-13 18:45:40,279 - SwarmManager - ERROR - Handling failure of drone 1: Heartbeat timeout
2026-02-13 18:45:40,280 - SwarmManager - ERROR - Drone 1 crashed
2026-02-13 18:45:40,281 - SwarmManager - ERROR - Handling failure of drone 1: Crashed
2026-02-13 18:45:40,282 - Drone_2 - INFO - Drone 2: Flying to {'x': 2533.7633268566633, 'y': 2424.764933952929, 'z': 60.0}
2026-02-13 18:45:40,283 - Drone_4 - INFO - Drone 4: Flying to {'x': 2516.9672027905917, 'y': 2490.1418428455736, 'z': 60.0}
2026-02-13 18:45:41,284 - SwarmManager - ERROR - Drone 1 heartbeat timeout
2026-02-13 18:45:41,285 - SwarmManager - ERROR - Handling failure of drone 1: Heartbeat timeout
2026-02-13 18:45:41,286 - SwarmManager - ERROR - Drone 1 crashed
2026-02-13 18:45:41,287 - SwarmManager - ERROR - Handling failure of drone 1: Crashed
2026-02-13 18:45:41,289 - Drone_2 - INFO - Drone 2: Flying to {'x': 2533.7633268566638, 'y': 2424.764933952929, 'z': 60.0}
2026-02-13 18:45:41,289 - Drone_4 - INFO - Drone 4: Flying to {'x': 2516.9672027905913, 'y': 2490.1418428455736, 'z': 60.0}
2026-02-13 18:45:42,290 - SwarmManager - ERROR - Drone 1 heartbeat timeout
2026-02-13 18:45:42,292 - SwarmManager - ERROR - Handling failure of drone 1: Heartbeat timeout
2026-02-13 18:45:42,293 - SwarmManager - ERROR - Drone 1 crashed
2026-02-13 18:45:42,294 - SwarmManager - ERROR - Handling failure of drone 1: Crashed
2026-02-13 18:45:42,295 - Drone_2 - INFO - Drone 2: Flying to {'x': 2533.7633268566633, 'y': 2424.764933952929, 'z': 60.0}
2026-02-13 18:45:42,296 - Drone_4 - INFO - Drone 4: Flying to {'x': 2516.9672027905917, 'y': 2490.1418428455736, 'z': 60.0}
2026-02-13 18:45:43,296 - SwarmManager - ERROR - Drone 1 heartbeat timeout
2026-02-13 18:45:43,298 - SwarmManager - ERROR - Handling failure of drone 1: Heartbeat timeout
2026-02-13 18:45:43,299 - SwarmManager - ERROR - Drone 1 crashed
2026-02-13 18:45:43,300 - SwarmManager - ERROR - Handling failure of drone 1: Crashed
2026-02-13 18:45:43,301 - Drone_2 - INFO - Drone 2: Flying to {'x': 2533.7633268566633, 'y': 2424.764933952929, 'z': 60.0}
2026-02-13 18:45:43,302 - Drone_4 - INFO - Drone 4: Flying to {'x': 2516.9672027905917, 'y': 2490.1418428455736, 'z': 60.0}
2026-02-13 18:45:44,302 - SwarmManager - ERROR - Drone 1 heartbeat timeout
2026-02-13 18:45:44,303 - SwarmManager - ERROR - Handling failure of drone 1: Heartbeat timeout
2026-02-13 18:45:44,303 - SwarmManager - ERROR - Drone 1 crashed
2026-02-13 18:45:44,304 - SwarmManager - ERROR - Handling failure of drone 1: Crashed
2026-02-13 18:45:44,304 - Drone_2 - INFO - Drone 2: Flying to {'x': 2533.7633268566633, 'y': 2424.764933952929, 'z': 60.0}
2026-02-13 18:45:44,305 - Drone_4 - INFO - Drone 4: Flying to {'x': 2516.9672027905917, 'y': 2490.1418428455736, 'z': 60.0}
2026-02-13 18:45:45,305 - SwarmManager - ERROR - Drone 1 heartbeat timeout
2026-02-13 18:45:45,306 - SwarmManager - ERROR - Handling failure of drone 1: Heartbeat timeout
2026-02-13 18:45:45,306 - SwarmManager - ERROR - Drone 1 crashed
2026-02-13 18:45:45,307 - SwarmManager - ERROR - Handling failure of drone 1: Crashed
2026-02-13 18:45:45,307 - Drone_2 - INFO - Drone 2: Flying to {'x': 2533.7633268566633, 'y': 2424.764933952929, 'z': 60.0}
2026-02-13 18:45:45,308 - Drone_4 - INFO - Drone 4: Flying to {'x': 2516.9672027905917, 'y': 2490.1418428455736, 'z': 60.0}
2026-02-13 18:45:46,308 - SwarmManager - ERROR - Drone 1 heartbeat timeout
2026-02-13 18:45:46,309 - SwarmManager - ERROR - Handling failure of drone 1: Heartbeat timeout
2026-02-13 18:45:46,309 - SwarmManager - ERROR - Drone 1 crashed
2026-02-13 18:45:46,309 - SwarmManager - ERROR - Handling failure of drone 1: Crashed
2026-02-13 18:45:46,310 - Drone_2 - INFO - Drone 2: Flying to {'x': 2533.7633268566633, 'y': 2424.764933952929, 'z': 60.0}
2026-02-13 18:45:46,310 - Drone_4 - INFO - Drone 4: Flying to {'x': 2516.9672027905917, 'y': 2490.1418428455736, 'z': 60.0}
2026-02-13 18:45:47,311 - SwarmManager - ERROR - Drone 1 heartbeat timeout
2026-02-13 18:45:47,312 - SwarmManager - ERROR - Handling failure of drone 1: Heartbeat timeout
2026-02-13 18:45:47,312 - SwarmManager - ERROR - Drone 1 crashed
2026-02-13 18:45:47,312 - SwarmManager - ERROR - Handling failure of drone 1: Crashed
2026-02-13 18:45:47,313 - Drone_2 - INFO - Drone 2: Flying to {'x': 2533.7633268566633, 'y': 2424.764933952929, 'z': 60.0}
2026-02-13 18:45:47,313 - Drone_4 - INFO - Drone 4: Flying to {'x': 2516.9672027905917, 'y': 2490.1418428455736, 'z': 60.0}
2026-02-13 18:45:48,313 - SwarmManager - ERROR - Drone 1 heartbeat timeout
2026-02-13 18:45:48,314 - SwarmManager - ERROR - Handling failure of drone 1: Heartbeat timeout
2026-02-13 18:45:48,314 - SwarmManager - ERROR - Drone 1 crashed
2026-02-13 18:45:48,314 - SwarmManager - ERROR - Handling failure of drone 1: Crashed
2026-02-13 18:45:48,314 - Drone_2 - INFO - Drone 2: Flying to {'x': 2533.7633268566633, 'y': 2424.764933952929, 'z': 60.0}
2026-02-13 18:45:48,315 - Drone_4 - INFO - Drone 4: Flying to {'x': 2516.9672027905917, 'y': 2490.1418428455736, 'z': 60.0}
2026-02-13 18:45:49,315 - SwarmManager - ERROR - Drone 1 heartbeat timeout
2026-02-13 18:45:49,316 - SwarmManager - ERROR - Handling failure of drone 1: Heartbeat timeout
2026-02-13 18:45:49,318 - SwarmManager - ERROR - Drone 1 crashed
2026-02-13 18:45:49,319 - SwarmManager - ERROR - Handling failure of drone 1: Crashed
2026-02-13 18:45:49,320 - Drone_2 - INFO - Drone 2: Flying to {'x': 2533.7633268566633, 'y': 2424.764933952929, 'z': 60.0}
2026-02-13 18:45:49,321 - Drone_4 - INFO - Drone 4: Flying to {'x': 2516.9672027905917, 'y': 2490.1418428455736, 'z': 60.0}
2026-02-13 18:45:50,322 - SwarmManager - ERROR - Drone 1 heartbeat timeout
2026-02-13 18:45:50,323 - SwarmManager - ERROR - Handling failure of drone 1: Heartbeat timeout
2026-02-13 18:45:50,324 - SwarmManager - ERROR - Drone 1 crashed
2026-02-13 18:45:50,324 - SwarmManager - ERROR - Handling failure of drone 1: Crashed
2026-02-13 18:45:50,325 - Drone_2 - INFO - Drone 2: Flying to {'x': 2533.7633268566633, 'y': 2424.764933952929, 'z': 60.0}
2026-02-13 18:45:50,325 - Drone_4 - INFO - Drone 4: Flying to {'x': 2516.9672027905917, 'y': 2490.1418428455736, 'z': 60.0}
2026-02-13 18:45:50,771 - PhysicalMLTrainer_Drone5 - INFO - Physical ML model trained drone=5 samples=2101 degree=2 alpha=0.0 val_mse=0.000827
2026-02-13 18:45:50,794 - PhysicalMLTrainer_Drone3 - INFO - Physical ML model trained drone=3 samples=2101 degree=2 alpha=0.0 val_mse=0.000001
2026-02-13 18:45:50,818 - PhysicalMLTrainer_Drone4 - INFO - Physical ML model trained drone=4 samples=2101 degree=2 alpha=0.0 val_mse=0.000743
2026-02-13 18:45:50,819 - PhysicalMLTrainer_Drone2 - INFO - Physical ML model trained drone=2 samples=2101 degree=2 alpha=0.0 val_mse=0.000933
2026-02-13 18:45:51,326 - SwarmManager - ERROR - Drone 1 heartbeat timeout
2026-02-13 18:45:51,327 - SwarmManager - ERROR - Handling failure of drone 1: Heartbeat timeout
2026-02-13 18:45:51,327 - SwarmManager - ERROR - Drone 1 crashed
2026-02-13 18:45:51,328 - SwarmManager - ERROR - Handling failure of drone 1: Crashed
2026-02-13 18:45:51,328 - Drone_2 - INFO - Drone 2: Flying to {'x': 2533.7633268566633, 'y': 2424.764933952929, 'z': 60.0}
2026-02-13 18:45:51,328 - Drone_4 - INFO - Drone 4: Flying to {'x': 2516.9672027905917, 'y': 2490.1418428455736, 'z': 60.0}
2026-02-13 18:45:52,329 - SwarmManager - ERROR - Drone 1 heartbeat timeout
2026-02-13 18:45:52,329 - SwarmManager - ERROR - Handling failure of drone 1: Heartbeat timeout
2026-02-13 18:45:52,330 - SwarmManager - ERROR - Drone 1 crashed
2026-02-13 18:45:52,330 - SwarmManager - ERROR - Handling failure of drone 1: Crashed
2026-02-13 18:45:52,330 - Drone_2 - INFO - Drone 2: Flying to {'x': 2533.7633268566633, 'y': 2424.764933952929, 'z': 60.0}
2026-02-13 18:45:52,330 - Drone_4 - INFO - Drone 4: Flying to {'x': 2516.9672027905917, 'y': 2490.1418428455736, 'z': 60.0}
2026-02-13 18:45:53,331 - SwarmManager - ERROR - Drone 1 heartbeat timeout
2026-02-13 18:45:53,332 - SwarmManager - ERROR - Handling failure of drone 1: Heartbeat timeout
2026-02-13 18:45:53,332 - SwarmManager - ERROR - Drone 1 crashed
2026-02-13 18:45:53,332 - SwarmManager - ERROR - Handling failure of drone 1: Crashed
2026-02-13 18:45:53,333 - Drone_2 - INFO - Drone 2: Flying to {'x': 2533.7633268566633, 'y': 2424.764933952929, 'z': 60.0}
2026-02-13 18:45:53,333 - Drone_4 - INFO - Drone 4: Flying to {'x': 2516.9672027905917, 'y': 2490.1418428455736, 'z': 60.0}
2026-02-13 18:45:54,334 - SwarmManager - ERROR - Drone 1 heartbeat timeout
2026-02-13 18:45:54,334 - SwarmManager - ERROR - Handling failure of drone 1: Heartbeat timeout
2026-02-13 18:45:54,335 - SwarmManager - ERROR - Drone 1 crashed
2026-02-13 18:45:54,335 - SwarmManager - ERROR - Handling failure of drone 1: Crashed
2026-02-13 18:45:54,336 - Drone_2 - INFO - Drone 2: Flying to {'x': 2533.7633268566633, 'y': 2424.764933952929, 'z': 60.0}
2026-02-13 18:45:54,336 - Drone_4 - INFO - Drone 4: Flying to {'x': 2516.9672027905917, 'y': 2490.1418428455736, 'z': 60.0}
2026-02-13 18:45:55,336 - SwarmManager - ERROR - Drone 1 heartbeat timeout
2026-02-13 18:45:55,338 - SwarmManager - ERROR - Handling failure of drone 1: Heartbeat timeout
2026-02-13 18:45:55,339 - SwarmManager - ERROR - Drone 1 crashed
2026-02-13 18:45:55,340 - SwarmManager - ERROR - Handling failure of drone 1: Crashed
2026-02-13 18:45:55,341 - Drone_2 - INFO - Drone 2: Flying to {'x': 2533.7633268566633, 'y': 2424.764933952929, 'z': 60.0}
2026-02-13 18:45:55,342 - Drone_4 - INFO - Drone 4: Flying to {'x': 2516.9672027905917, 'y': 2490.1418428455736, 'z': 60.0}
2026-02-13 18:45:56,343 - SwarmManager - ERROR - Drone 1 heartbeat timeout
2026-02-13 18:45:56,344 - SwarmManager - ERROR - Handling failure of drone 1: Heartbeat timeout
2026-02-13 18:45:56,345 - SwarmManager - ERROR - Drone 1 crashed
2026-02-13 18:45:56,346 - SwarmManager - ERROR - Handling failure of drone 1: Crashed
2026-02-13 18:45:56,347 - Drone_2 - INFO - Drone 2: Flying to {'x': 2533.7633268566633, 'y': 2424.764933952929, 'z': 60.0}
2026-02-13 18:45:56,348 - Drone_4 - INFO - Drone 4: Flying to {'x': 2516.9672027905917, 'y': 2490.1418428455736, 'z': 60.0}
2026-02-13 18:45:57,349 - SwarmManager - ERROR - Drone 1 heartbeat timeout
2026-02-13 18:45:57,351 - SwarmManager - ERROR - Handling failure of drone 1: Heartbeat timeout
2026-02-13 18:45:57,353 - SwarmManager - ERROR - Drone 1 crashed
2026-02-13 18:45:57,354 - SwarmManager - ERROR - Handling failure of drone 1: Crashed
2026-02-13 18:45:57,355 - Drone_2 - INFO - Drone 2: Flying to {'x': 2533.7633268566633, 'y': 2424.764933952929, 'z': 60.0}
2026-02-13 18:45:57,356 - Drone_4 - INFO - Drone 4: Flying to {'x': 2516.9672027905917, 'y': 2490.1418428455736, 'z': 60.0}
2026-02-13 18:45:58,357 - SwarmManager - ERROR - Drone 1 heartbeat timeout
2026-02-13 18:45:58,358 - SwarmManager - ERROR - Handling failure of drone 1: Heartbeat timeout
2026-02-13 18:45:58,358 - SwarmManager - ERROR - Drone 1 crashed
2026-02-13 18:45:58,359 - SwarmManager - ERROR - Handling failure of drone 1: Crashed
2026-02-13 18:45:58,359 - Drone_2 - INFO - Drone 2: Flying to {'x': 2533.7633268566638, 'y': 2424.764933952929, 'z': 60.0}
2026-02-13 18:45:58,359 - Drone_4 - INFO - Drone 4: Flying to {'x': 2516.9672027905913, 'y': 2490.1418428455736, 'z': 60.0}
2026-02-13 18:45:58,666 - Drone_2 - INFO - Drone 2: Reached target position
2026-02-13 18:45:59,360 - SwarmManager - ERROR - Drone 1 heartbeat timeout
2026-02-13 18:45:59,361 - SwarmManager - ERROR - Handling failure of drone 1: Heartbeat timeout
2026-02-13 18:45:59,361 - SwarmManager - ERROR - Drone 1 crashed
2026-02-13 18:45:59,361 - SwarmManager - ERROR - Handling failure of drone 1: Crashed
2026-02-13 18:45:59,362 - Drone_2 - INFO - Drone 2: Flying to {'x': 2533.7633268566638, 'y': 2424.764933952929, 'z': 60.0}
2026-02-13 18:45:59,362 - Drone_4 - INFO - Drone 4: Flying to {'x': 2516.9672027905913, 'y': 2490.1418428455736, 'z': 60.0}
2026-02-13 18:45:59,672 - Drone_2 - INFO - Drone 2: Reached target position
2026-02-13 18:46:00,362 - SwarmManager - ERROR - Drone 1 heartbeat timeout
2026-02-13 18:46:00,363 - SwarmManager - ERROR - Handling failure of drone 1: Heartbeat timeout
2026-02-13 18:46:00,363 - SwarmManager - ERROR - Drone 1 crashed
2026-02-13 18:46:00,364 - SwarmManager - ERROR - Handling failure of drone 1: Crashed
2026-02-13 18:46:00,364 - Drone_2 - INFO - Drone 2: Flying to {'x': 2533.7633268566638, 'y': 2424.764933952929, 'z': 60.0}
2026-02-13 18:46:00,365 - Drone_4 - INFO - Drone 4: Flying to {'x': 2516.9672027905913, 'y': 2490.1418428455736, 'z': 60.0}
2026-02-13 18:46:00,679 - Drone_2 - INFO - Drone 2: Reached target position
2026-02-13 18:46:01,365 - SwarmManager - ERROR - Drone 1 heartbeat timeout
2026-02-13 18:46:01,367 - SwarmManager - ERROR - Handling failure of drone 1: Heartbeat timeout
2026-02-13 18:46:01,368 - SwarmManager - ERROR - Drone 1 crashed
2026-02-13 18:46:01,369 - SwarmManager - ERROR - Handling failure of drone 1: Crashed
2026-02-13 18:46:01,370 - Drone_2 - INFO - Drone 2: Flying to {'x': 2533.7633268566638, 'y': 2424.764933952929, 'z': 60.0}
2026-02-13 18:46:01,370 - Drone_4 - INFO - Drone 4: Flying to {'x': 2516.9672027905913, 'y': 2490.1418428455736, 'z': 60.0}
2026-02-13 18:46:01,684 - Drone_2 - INFO - Drone 2: Reached target position
2026-02-13 18:46:02,371 - SwarmManager - ERROR - Drone 1 heartbeat timeout
2026-02-13 18:46:02,373 - SwarmManager - ERROR - Handling failure of drone 1: Heartbeat timeout
2026-02-13 18:46:02,374 - SwarmManager - ERROR - Drone 1 crashed
2026-02-13 18:46:02,375 - SwarmManager - ERROR - Handling failure of drone 1: Crashed
2026-02-13 18:46:02,376 - Drone_2 - INFO - Drone 2: Flying to {'x': 2533.7633268566638, 'y': 2424.764933952929, 'z': 60.0}
2026-02-13 18:46:02,377 - Drone_4 - INFO - Drone 4: Flying to {'x': 2516.9672027905913, 'y': 2490.1418428455736, 'z': 60.0}
2026-02-13 18:46:02,691 - Drone_2 - INFO - Drone 2: Reached target position
2026-02-13 18:46:03,378 - SwarmManager - ERROR - Drone 1 heartbeat timeout
2026-02-13 18:46:03,379 - SwarmManager - ERROR - Handling failure of drone 1: Heartbeat timeout
2026-02-13 18:46:03,379 - SwarmManager - ERROR - Drone 1 crashed
2026-02-13 18:46:03,379 - SwarmManager - ERROR - Handling failure of drone 1: Crashed
2026-02-13 18:46:03,380 - Drone_2 - INFO - Drone 2: Flying to {'x': 2533.7633268566638, 'y': 2424.764933952929, 'z': 60.0}
2026-02-13 18:46:03,380 - Drone_4 - INFO - Drone 4: Flying to {'x': 2516.9672027905913, 'y': 2490.1418428455736, 'z': 60.0}
2026-02-13 18:46:03,700 - Drone_2 - INFO - Drone 2: Reached target position
2026-02-13 18:46:04,381 - SwarmManager - ERROR - Drone 1 heartbeat timeout
2026-02-13 18:46:04,382 - SwarmManager - ERROR - Handling failure of drone 1: Heartbeat timeout
2026-02-13 18:46:04,383 - SwarmManager - ERROR - Drone 1 crashed
2026-02-13 18:46:04,383 - SwarmManager - ERROR - Handling failure of drone 1: Crashed
2026-02-13 18:46:04,384 - Drone_2 - INFO - Drone 2: Flying to {'x': 2533.7633268566638, 'y': 2424.764933952929, 'z': 60.0}
2026-02-13 18:46:04,384 - Drone_4 - INFO - Drone 4: Flying to {'x': 2516.9672027905913, 'y': 2490.1418428455736, 'z': 60.0}
2026-02-13 18:46:04,706 - Drone_2 - INFO - Drone 2: Reached target position
2026-02-13 18:46:05,385 - SwarmManager - ERROR - Drone 1 heartbeat timeout
2026-02-13 18:46:05,386 - SwarmManager - ERROR - Handling failure of drone 1: Heartbeat timeout
2026-02-13 18:46:05,388 - SwarmManager - ERROR - Drone 1 crashed
2026-02-13 18:46:05,389 - SwarmManager - ERROR - Handling failure of drone 1: Crashed
2026-02-13 18:46:05,390 - Drone_2 - INFO - Drone 2: Flying to {'x': 2533.7633268566638, 'y': 2424.764933952929, 'z': 60.0}
2026-02-13 18:46:05,390 - Drone_4 - INFO - Drone 4: Flying to {'x': 2516.9672027905913, 'y': 2490.1418428455736, 'z': 60.0}
2026-02-13 18:46:05,713 - Drone_2 - INFO - Drone 2: Reached target position
2026-02-13 18:46:06,391 - SwarmManager - ERROR - Drone 1 heartbeat timeout
2026-02-13 18:46:06,392 - SwarmManager - ERROR - Handling failure of drone 1: Heartbeat timeout
2026-02-13 18:46:06,392 - SwarmManager - ERROR - Drone 1 crashed
2026-02-13 18:46:06,393 - SwarmManager - ERROR - Handling failure of drone 1: Crashed
2026-02-13 18:46:06,394 - Drone_2 - INFO - Drone 2: Flying to {'x': 2533.7633268566638, 'y': 2424.764933952929, 'z': 60.0}
2026-02-13 18:46:06,394 - Drone_4 - INFO - Drone 4: Flying to {'x': 2516.9672027905913, 'y': 2490.1418428455736, 'z': 60.0}
2026-02-13 18:46:06,720 - Drone_2 - INFO - Drone 2: Reached target position
2026-02-13 18:46:07,395 - SwarmManager - ERROR - Drone 1 heartbeat timeout
2026-02-13 18:46:07,396 - SwarmManager - ERROR - Handling failure of drone 1: Heartbeat timeout
2026-02-13 18:46:07,397 - SwarmManager - ERROR - Drone 1 crashed
2026-02-13 18:46:07,399 - SwarmManager - ERROR - Handling failure of drone 1: Crashed
2026-02-13 18:46:07,400 - Drone_2 - INFO - Drone 2: Flying to {'x': 2533.7633268566638, 'y': 2424.764933952929, 'z': 60.0}
2026-02-13 18:46:07,400 - Drone_4 - INFO - Drone 4: Flying to {'x': 2516.9672027905913, 'y': 2490.1418428455736, 'z': 60.0}
2026-02-13 18:46:07,727 - Drone_2 - INFO - Drone 2: Reached target position
2026-02-13 18:46:08,401 - SwarmManager - ERROR - Drone 1 heartbeat timeout
2026-02-13 18:46:08,402 - SwarmManager - ERROR - Handling failure of drone 1: Heartbeat timeout
2026-02-13 18:46:08,403 - SwarmManager - ERROR - Drone 1 crashed
2026-02-13 18:46:08,404 - SwarmManager - ERROR - Handling failure of drone 1: Crashed
2026-02-13 18:46:08,406 - Drone_2 - INFO - Drone 2: Flying to {'x': 2533.7633268566638, 'y': 2424.764933952929, 'z': 60.0}
2026-02-13 18:46:08,407 - Drone_4 - INFO - Drone 4: Flying to {'x': 2516.9672027905913, 'y': 2490.1418428455736, 'z': 60.0}
2026-02-13 18:46:08,735 - Drone_2 - INFO - Drone 2: Reached target position
2026-02-13 18:46:09,408 - SwarmManager - ERROR - Drone 1 heartbeat timeout
2026-02-13 18:46:09,410 - SwarmManager - ERROR - Handling failure of drone 1: Heartbeat timeout
2026-02-13 18:46:09,411 - SwarmManager - ERROR - Drone 1 crashed
2026-02-13 18:46:09,411 - SwarmManager - ERROR - Handling failure of drone 1: Crashed
2026-02-13 18:46:09,412 - Drone_2 - INFO - Drone 2: Flying to {'x': 2533.7633268566638, 'y': 2424.764933952929, 'z': 60.0}
2026-02-13 18:46:09,413 - Drone_4 - INFO - Drone 4: Flying to {'x': 2516.9672027905913, 'y': 2490.1418428455736, 'z': 60.0}
2026-02-13 18:46:09,743 - Drone_2 - INFO - Drone 2: Reached target position
2026-02-13 18:46:10,413 - SwarmManager - ERROR - Drone 1 heartbeat timeout
2026-02-13 18:46:10,414 - SwarmManager - ERROR - Handling failure of drone 1: Heartbeat timeout
2026-02-13 18:46:10,414 - SwarmManager - ERROR - Drone 1 crashed
2026-02-13 18:46:10,414 - SwarmManager - ERROR - Handling failure of drone 1: Crashed
2026-02-13 18:46:10,415 - Drone_2 - INFO - Drone 2: Flying to {'x': 2533.7633268566638, 'y': 2424.764933952929, 'z': 60.0}
2026-02-13 18:46:10,415 - Drone_4 - INFO - Drone 4: Flying to {'x': 2516.9672027905913, 'y': 2490.1418428455736, 'z': 60.0}
2026-02-13 18:46:10,750 - Drone_2 - INFO - Drone 2: Reached target position
2026-02-13 18:46:10,896 - PhysicalMLTrainer_Drone5 - INFO - Physical ML model trained drone=5 samples=2301 degree=2 alpha=0.0 val_mse=0.000701
2026-02-13 18:46:10,914 - PhysicalMLTrainer_Drone3 - INFO - Physical ML model trained drone=3 samples=2301 degree=2 alpha=0.0 val_mse=0.000001
2026-02-13 18:46:10,943 - PhysicalMLTrainer_Drone4 - INFO - Physical ML model trained drone=4 samples=2301 degree=2 alpha=0.0 val_mse=0.000587
2026-02-13 18:46:10,961 - PhysicalMLTrainer_Drone2 - INFO - Physical ML model trained drone=2 samples=2301 degree=2 alpha=1.0 val_mse=0.034464
2026-02-13 18:46:11,416 - SwarmManager - ERROR - Drone 1 heartbeat timeout
2026-02-13 18:46:11,417 - SwarmManager - ERROR - Handling failure of drone 1: Heartbeat timeout
2026-02-13 18:46:11,417 - SwarmManager - ERROR - Drone 1 crashed
2026-02-13 18:46:11,418 - SwarmManager - ERROR - Handling failure of drone 1: Crashed
2026-02-13 18:46:11,418 - Drone_2 - INFO - Drone 2: Flying to {'x': 2533.7633268566638, 'y': 2424.764933952929, 'z': 60.0}
2026-02-13 18:46:11,419 - Drone_4 - INFO - Drone 4: Flying to {'x': 2516.9672027905913, 'y': 2490.1418428455736, 'z': 60.0}
2026-02-13 18:46:11,768 - Drone_2 - INFO - Drone 2: Reached target position
2026-02-13 18:46:12,420 - SwarmManager - ERROR - Drone 1 heartbeat timeout
2026-02-13 18:46:12,421 - SwarmManager - ERROR - Handling failure of drone 1: Heartbeat timeout
2026-02-13 18:46:12,422 - SwarmManager - ERROR - Drone 1 crashed
2026-02-13 18:46:12,423 - SwarmManager - ERROR - Handling failure of drone 1: Crashed
2026-02-13 18:46:12,424 - Drone_2 - INFO - Drone 2: Flying to {'x': 2533.7633268566638, 'y': 2424.764933952929, 'z': 60.0}
2026-02-13 18:46:12,425 - Drone_4 - INFO - Drone 4: Flying to {'x': 2516.9672027905913, 'y': 2490.1418428455736, 'z': 60.0}
2026-02-13 18:46:12,775 - Drone_2 - INFO - Drone 2: Reached target position
2026-02-13 18:46:13,425 - SwarmManager - ERROR - Drone 1 heartbeat timeout
2026-02-13 18:46:13,426 - SwarmManager - ERROR - Handling failure of drone 1: Heartbeat timeout
2026-02-13 18:46:13,426 - SwarmManager - ERROR - Drone 1 crashed
2026-02-13 18:46:13,426 - SwarmManager - ERROR - Handling failure of drone 1: Crashed
2026-02-13 18:46:13,427 - Drone_2 - INFO - Drone 2: Flying to {'x': 2533.7633268566638, 'y': 2424.764933952929, 'z': 60.0}
2026-02-13 18:46:13,427 - Drone_4 - INFO - Drone 4: Flying to {'x': 2516.9672027905913, 'y': 2490.1418428455736, 'z': 60.0}
2026-02-13 18:46:13,781 - Drone_2 - INFO - Drone 2: Reached target position
2026-02-13 18:46:14,427 - SwarmManager - ERROR - Drone 1 heartbeat timeout
2026-02-13 18:46:14,428 - SwarmManager - ERROR - Handling failure of drone 1: Heartbeat timeout
2026-02-13 18:46:14,429 - SwarmManager - ERROR - Drone 1 crashed
2026-02-13 18:46:14,429 - SwarmManager - ERROR - Handling failure of drone 1: Crashed
2026-02-13 18:46:14,430 - Drone_2 - INFO - Drone 2: Flying to {'x': 2533.7633268566638, 'y': 2424.764933952929, 'z': 60.0}
2026-02-13 18:46:14,430 - Drone_4 - INFO - Drone 4: Flying to {'x': 2516.9672027905913, 'y': 2490.1418428455736, 'z': 60.0}
2026-02-13 18:46:14,788 - Drone_2 - INFO - Drone 2: Reached target position
2026-02-13 18:46:15,431 - SwarmManager - ERROR - Drone 1 heartbeat timeout
2026-02-13 18:46:15,432 - SwarmManager - ERROR - Handling failure of drone 1: Heartbeat timeout
2026-02-13 18:46:15,432 - SwarmManager - ERROR - Drone 1 crashed
2026-02-13 18:46:15,432 - SwarmManager - ERROR - Handling failure of drone 1: Crashed
2026-02-13 18:46:15,433 - Drone_2 - INFO - Drone 2: Flying to {'x': 2533.7633268566638, 'y': 2424.764933952929, 'z': 60.0}
2026-02-13 18:46:15,433 - Drone_4 - INFO - Drone 4: Flying to {'x': 2516.9672027905913, 'y': 2490.1418428455736, 'z': 60.0}
2026-02-13 18:46:15,794 - Drone_2 - INFO - Drone 2: Reached target position
2026-02-13 18:46:16,434 - SwarmManager - ERROR - Drone 1 heartbeat timeout
2026-02-13 18:46:16,435 - SwarmManager - ERROR - Handling failure of drone 1: Heartbeat timeout
2026-02-13 18:46:16,435 - SwarmManager - ERROR - Drone 1 crashed
2026-02-13 18:46:16,436 - SwarmManager - ERROR - Handling failure of drone 1: Crashed
2026-02-13 18:46:16,436 - Drone_2 - INFO - Drone 2: Flying to {'x': 2533.7633268566638, 'y': 2424.764933952929, 'z': 60.0}
2026-02-13 18:46:16,437 - Drone_4 - INFO - Drone 4: Flying to {'x': 2516.9672027905913, 'y': 2490.1418428455736, 'z': 60.0}
2026-02-13 18:46:16,799 - Drone_2 - INFO - Drone 2: Reached target position
2026-02-13 18:46:17,440 - SwarmManager - ERROR - Drone 1 heartbeat timeout
2026-02-13 18:46:17,440 - SwarmManager - ERROR - Handling failure of drone 1: Heartbeat timeout
2026-02-13 18:46:17,441 - SwarmManager - ERROR - Drone 1 crashed
2026-02-13 18:46:17,441 - SwarmManager - ERROR - Handling failure of drone 1: Crashed
2026-02-13 18:46:17,442 - Drone_2 - INFO - Drone 2: Flying to {'x': 2533.7633268566638, 'y': 2424.764933952929, 'z': 60.0}
2026-02-13 18:46:17,442 - Drone_4 - INFO - Drone 4: Flying to {'x': 2516.9672027905913, 'y': 2490.1418428455736, 'z': 60.0}
2026-02-13 18:46:17,809 - Drone_2 - INFO - Drone 2: Reached target position
2026-02-13 18:46:18,443 - SwarmManager - ERROR - Drone 1 heartbeat timeout
2026-02-13 18:46:18,444 - SwarmManager - ERROR - Handling failure of drone 1: Heartbeat timeout
2026-02-13 18:46:18,445 - SwarmManager - ERROR - Drone 1 crashed
2026-02-13 18:46:18,446 - SwarmManager - ERROR - Handling failure of drone 1: Crashed
2026-02-13 18:46:18,447 - Drone_2 - INFO - Drone 2: Flying to {'x': 2533.7633268566638, 'y': 2424.764933952929, 'z': 60.0}
2026-02-13 18:46:18,448 - Drone_4 - INFO - Drone 4: Flying to {'x': 2516.9672027905913, 'y': 2490.1418428455736, 'z': 60.0}
2026-02-13 18:46:18,815 - Drone_2 - INFO - Drone 2: Reached target position
2026-02-13 18:46:19,450 - SwarmManager - ERROR - Drone 1 heartbeat timeout
2026-02-13 18:46:19,451 - SwarmManager - ERROR - Handling failure of drone 1: Heartbeat timeout
2026-02-13 18:46:19,452 - SwarmManager - ERROR - Drone 1 crashed
2026-02-13 18:46:19,453 - SwarmManager - ERROR - Handling failure of drone 1: Crashed
2026-02-13 18:46:19,454 - Drone_2 - INFO - Drone 2: Flying to {'x': 2533.7633268566638, 'y': 2424.764933952929, 'z': 60.0}
2026-02-13 18:46:19,455 - Drone_4 - INFO - Drone 4: Flying to {'x': 2516.9672027905913, 'y': 2490.1418428455736, 'z': 60.0}
2026-02-13 18:46:19,823 - Drone_2 - INFO - Drone 2: Reached target position
2026-02-13 18:46:20,456 - SwarmManager - ERROR - Drone 1 heartbeat timeout
2026-02-13 18:46:20,458 - SwarmManager - ERROR - Handling failure of drone 1: Heartbeat timeout
2026-02-13 18:46:20,460 - SwarmManager - ERROR - Drone 1 crashed
2026-02-13 18:46:20,461 - SwarmManager - ERROR - Handling failure of drone 1: Crashed
2026-02-13 18:46:20,462 - Drone_2 - INFO - Drone 2: Flying to {'x': 2533.7633268566638, 'y': 2424.764933952929, 'z': 60.0}
2026-02-13 18:46:20,463 - Drone_4 - INFO - Drone 4: Flying to {'x': 2516.9672027905913, 'y': 2490.1418428455736, 'z': 60.0}
2026-02-13 18:46:20,829 - Drone_2 - INFO - Drone 2: Reached target position
2026-02-13 18:46:21,465 - SwarmManager - ERROR - Drone 1 heartbeat timeout
2026-02-13 18:46:21,466 - SwarmManager - ERROR - Handling failure of drone 1: Heartbeat timeout
2026-02-13 18:46:21,466 - SwarmManager - ERROR - Drone 1 crashed
2026-02-13 18:46:21,467 - SwarmManager - ERROR - Handling failure of drone 1: Crashed
2026-02-13 18:46:21,467 - Drone_2 - INFO - Drone 2: Flying to {'x': 2533.7633268566638, 'y': 2424.764933952929, 'z': 60.0}
2026-02-13 18:46:21,467 - Drone_4 - INFO - Drone 4: Flying to {'x': 2516.9672027905913, 'y': 2490.1418428455736, 'z': 60.0}
2026-02-13 18:46:21,835 - Drone_2 - INFO - Drone 2: Reached target position
2026-02-13 18:46:22,470 - SwarmManager - ERROR - Drone 1 heartbeat timeout
2026-02-13 18:46:22,471 - SwarmManager - ERROR - Handling failure of drone 1: Heartbeat timeout
2026-02-13 18:46:22,471 - SwarmManager - ERROR - Drone 1 crashed
2026-02-13 18:46:22,471 - SwarmManager - ERROR - Handling failure of drone 1: Crashed
2026-02-13 18:46:22,472 - Drone_2 - INFO - Drone 2: Flying to {'x': 2533.7633268566638, 'y': 2424.764933952929, 'z': 60.0}
2026-02-13 18:46:22,472 - Drone_4 - INFO - Drone 4: Flying to {'x': 2516.9672027905913, 'y': 2490.1418428455736, 'z': 60.0}
2026-02-13 18:46:22,841 - Drone_2 - INFO - Drone 2: Reached target position
2026-02-13 18:46:23,472 - SwarmManager - ERROR - Drone 1 heartbeat timeout
2026-02-13 18:46:23,473 - SwarmManager - ERROR - Handling failure of drone 1: Heartbeat timeout
2026-02-13 18:46:23,474 - SwarmManager - ERROR - Drone 1 crashed
2026-02-13 18:46:23,474 - SwarmManager - ERROR - Handling failure of drone 1: Crashed
2026-02-13 18:46:23,475 - Drone_2 - INFO - Drone 2: Flying to {'x': 2533.7633268566638, 'y': 2424.764933952929, 'z': 60.0}
2026-02-13 18:46:23,475 - Drone_4 - INFO - Drone 4: Flying to {'x': 2516.9672027905913, 'y': 2490.1418428455736, 'z': 60.0}
2026-02-13 18:46:23,848 - Drone_2 - INFO - Drone 2: Reached target position
2026-02-13 18:46:24,476 - SwarmManager - ERROR - Drone 1 heartbeat timeout
2026-02-13 18:46:24,478 - SwarmManager - ERROR - Handling failure of drone 1: Heartbeat timeout
2026-02-13 18:46:24,478 - SwarmManager - ERROR - Drone 1 crashed
2026-02-13 18:46:24,479 - SwarmManager - ERROR - Handling failure of drone 1: Crashed
2026-02-13 18:46:24,480 - Drone_2 - INFO - Drone 2: Flying to {'x': 2533.7633268566638, 'y': 2424.764933952929, 'z': 60.0}
2026-02-13 18:46:24,481 - Drone_4 - INFO - Drone 4: Flying to {'x': 2516.9672027905913, 'y': 2490.1418428455736, 'z': 60.0}
2026-02-13 18:46:24,853 - Drone_2 - INFO - Drone 2: Reached target position
2026-02-13 18:46:25,482 - SwarmManager - ERROR - Drone 1 heartbeat timeout
2026-02-13 18:46:25,483 - SwarmManager - ERROR - Handling failure of drone 1: Heartbeat timeout
2026-02-13 18:46:25,484 - SwarmManager - ERROR - Drone 1 crashed
2026-02-13 18:46:25,485 - SwarmManager - ERROR - Handling failure of drone 1: Crashed
2026-02-13 18:46:25,486 - Drone_2 - INFO - Drone 2: Flying to {'x': 2533.7633268566638, 'y': 2424.764933952929, 'z': 60.0}
2026-02-13 18:46:25,487 - Drone_4 - INFO - Drone 4: Flying to {'x': 2516.9672027905913, 'y': 2490.1418428455736, 'z': 60.0}
2026-02-13 18:46:25,861 - Drone_2 - INFO - Drone 2: Reached target position
2026-02-13 18:46:26,488 - SwarmManager - ERROR - Drone 1 heartbeat timeout
2026-02-13 18:46:26,490 - SwarmManager - ERROR - Handling failure of drone 1: Heartbeat timeout
2026-02-13 18:46:26,491 - SwarmManager - ERROR - Drone 1 crashed
2026-02-13 18:46:26,492 - SwarmManager - ERROR - Handling failure of drone 1: Crashed
2026-02-13 18:46:26,493 - Drone_2 - INFO - Drone 2: Flying to {'x': 2533.7633268566638, 'y': 2424.7649339529294, 'z': 60.0}
2026-02-13 18:46:26,494 - Drone_4 - INFO - Drone 4: Flying to {'x': 2516.9672027905913, 'y': 2490.141842845573, 'z': 60.0}
2026-02-13 18:46:26,869 - Drone_2 - INFO - Drone 2: Reached target position
2026-02-13 18:46:27,495 - SwarmManager - ERROR - Drone 1 heartbeat timeout
2026-02-13 18:46:27,496 - SwarmManager - ERROR - Handling failure of drone 1: Heartbeat timeout
2026-02-13 18:46:27,497 - SwarmManager - ERROR - Drone 1 crashed
2026-02-13 18:46:27,498 - SwarmManager - ERROR - Handling failure of drone 1: Crashed
2026-02-13 18:46:27,499 - Drone_2 - INFO - Drone 2: Flying to {'x': 2533.7633268566638, 'y': 2424.7649339529294, 'z': 60.0}
2026-02-13 18:46:27,500 - Drone_4 - INFO - Drone 4: Flying to {'x': 2516.9672027905913, 'y': 2490.141842845573, 'z': 60.0}
2026-02-13 18:46:27,876 - Drone_2 - INFO - Drone 2: Reached target position
2026-02-13 18:46:28,501 - SwarmManager - ERROR - Drone 1 heartbeat timeout
2026-02-13 18:46:28,501 - SwarmManager - ERROR - Handling failure of drone 1: Heartbeat timeout
2026-02-13 18:46:28,502 - SwarmManager - ERROR - Drone 1 crashed
2026-02-13 18:46:28,502 - SwarmManager - ERROR - Handling failure of drone 1: Crashed
2026-02-13 18:46:28,503 - Drone_2 - INFO - Drone 2: Flying to {'x': 2533.7633268566638, 'y': 2424.7649339529294, 'z': 60.0}
2026-02-13 18:46:28,503 - Drone_4 - INFO - Drone 4: Flying to {'x': 2516.9672027905913, 'y': 2490.141842845573, 'z': 60.0}
2026-02-13 18:46:28,888 - Drone_2 - INFO - Drone 2: Reached target position
2026-02-13 18:46:29,504 - SwarmManager - ERROR - Drone 1 heartbeat timeout
2026-02-13 18:46:29,504 - SwarmManager - ERROR - Handling failure of drone 1: Heartbeat timeout
2026-02-13 18:46:29,505 - SwarmManager - ERROR - Drone 1 crashed
2026-02-13 18:46:29,505 - SwarmManager - ERROR - Handling failure of drone 1: Crashed
2026-02-13 18:46:29,506 - Drone_2 - INFO - Drone 2: Flying to {'x': 2533.7633268566638, 'y': 2424.7649339529294, 'z': 60.0}
2026-02-13 18:46:29,506 - Drone_4 - INFO - Drone 4: Flying to {'x': 2516.9672027905913, 'y': 2490.141842845573, 'z': 60.0}
2026-02-13 18:46:29,894 - Drone_2 - INFO - Drone 2: Reached target position
2026-02-13 18:46:30,507 - SwarmManager - ERROR - Drone 1 heartbeat timeout
2026-02-13 18:46:30,507 - SwarmManager - ERROR - Handling failure of drone 1: Heartbeat timeout
2026-02-13 18:46:30,508 - SwarmManager - ERROR - Drone 1 crashed
2026-02-13 18:46:30,508 - SwarmManager - ERROR - Handling failure of drone 1: Crashed
2026-02-13 18:46:30,509 - Drone_2 - INFO - Drone 2: Flying to {'x': 2533.7633268566638, 'y': 2424.764933952929, 'z': 60.0}
2026-02-13 18:46:30,509 - Drone_4 - INFO - Drone 4: Flying to {'x': 2516.9672027905913, 'y': 2490.1418428455727, 'z': 60.0}
2026-02-13 18:46:30,900 - Drone_2 - INFO - Drone 2: Reached target position
2026-02-13 18:46:31,020 - PhysicalMLTrainer_Drone5 - INFO - Physical ML model trained drone=5 samples=2501 degree=2 alpha=0.0 val_mse=0.000634
2026-02-13 18:46:31,036 - PhysicalMLTrainer_Drone3 - INFO - Physical ML model trained drone=3 samples=2501 degree=2 alpha=0.0 val_mse=0.000001
2026-02-13 18:46:31,068 - PhysicalMLTrainer_Drone4 - INFO - Physical ML model trained drone=4 samples=2501 degree=2 alpha=0.0 val_mse=0.000492
2026-02-13 18:46:31,110 - PhysicalMLTrainer_Drone2 - INFO - Physical ML model trained drone=2 samples=2501 degree=2 alpha=1.0 val_mse=0.080985
2026-02-13 18:46:31,510 - SwarmManager - ERROR - Drone 1 heartbeat timeout
2026-02-13 18:46:31,510 - SwarmManager - ERROR - Handling failure of drone 1: Heartbeat timeout
2026-02-13 18:46:31,510 - SwarmManager - ERROR - Drone 1 crashed
2026-02-13 18:46:31,511 - SwarmManager - ERROR - Handling failure of drone 1: Crashed
2026-02-13 18:46:31,511 - Drone_2 - INFO - Drone 2: Flying to {'x': 2533.7633268566638, 'y': 2424.764933952929, 'z': 60.0}
2026-02-13 18:46:31,511 - Drone_4 - INFO - Drone 4: Flying to {'x': 2516.9672027905913, 'y': 2490.1418428455727, 'z': 60.0}
2026-02-13 18:46:31,815 - Drone_2 - INFO - Drone 2: Reached target position
2026-02-13 18:46:32,512 - SwarmManager - ERROR - Drone 1 heartbeat timeout
2026-02-13 18:46:32,514 - SwarmManager - ERROR - Handling failure of drone 1: Heartbeat timeout
2026-02-13 18:46:32,515 - SwarmManager - ERROR - Drone 1 crashed
2026-02-13 18:46:32,516 - SwarmManager - ERROR - Handling failure of drone 1: Crashed
2026-02-13 18:46:32,517 - Drone_2 - INFO - Drone 2: Flying to {'x': 2533.7633268566638, 'y': 2424.764933952929, 'z': 60.0}
2026-02-13 18:46:32,517 - Drone_4 - INFO - Drone 4: Flying to {'x': 2516.9672027905913, 'y': 2490.1418428455727, 'z': 60.0}
2026-02-13 18:46:32,821 - Drone_2 - INFO - Drone 2: Reached target position
2026-02-13 18:46:33,518 - SwarmManager - ERROR - Drone 1 heartbeat timeout
2026-02-13 18:46:33,519 - SwarmManager - ERROR - Handling failure of drone 1: Heartbeat timeout
2026-02-13 18:46:33,519 - SwarmManager - ERROR - Drone 1 crashed
2026-02-13 18:46:33,519 - SwarmManager - ERROR - Handling failure of drone 1: Crashed
2026-02-13 18:46:33,520 - Drone_2 - INFO - Drone 2: Flying to {'x': 2533.7633268566638, 'y': 2424.764933952929, 'z': 60.0}
2026-02-13 18:46:33,520 - Drone_4 - INFO - Drone 4: Flying to {'x': 2516.9672027905913, 'y': 2490.1418428455727, 'z': 60.0}
2026-02-13 18:46:33,826 - Drone_2 - INFO - Drone 2: Reached target position
2026-02-13 18:46:34,521 - SwarmManager - ERROR - Drone 1 heartbeat timeout
2026-02-13 18:46:34,522 - SwarmManager - ERROR - Handling failure of drone 1: Heartbeat timeout
2026-02-13 18:46:34,523 - SwarmManager - ERROR - Drone 1 crashed
2026-02-13 18:46:34,524 - SwarmManager - ERROR - Handling failure of drone 1: Crashed
2026-02-13 18:46:34,525 - Drone_2 - INFO - Drone 2: Flying to {'x': 2533.7633268566638, 'y': 2424.764933952929, 'z': 60.0}
2026-02-13 18:46:34,526 - Drone_4 - INFO - Drone 4: Flying to {'x': 2516.9672027905913, 'y': 2490.1418428455727, 'z': 60.0}
2026-02-13 18:46:34,833 - Drone_2 - INFO - Drone 2: Reached target position
2026-02-13 18:46:35,527 - SwarmManager - ERROR - Drone 1 heartbeat timeout
2026-02-13 18:46:35,528 - SwarmManager - ERROR - Handling failure of drone 1: Heartbeat timeout
2026-02-13 18:46:35,529 - SwarmManager - ERROR - Drone 1 crashed
2026-02-13 18:46:35,530 - SwarmManager - ERROR - Handling failure of drone 1: Crashed
2026-02-13 18:46:35,531 - Drone_2 - INFO - Drone 2: Flying to {'x': 2533.7633268566638, 'y': 2424.764933952929, 'z': 60.0}
2026-02-13 18:46:35,531 - Drone_4 - INFO - Drone 4: Flying to {'x': 2516.9672027905913, 'y': 2490.1418428455727, 'z': 60.0}
2026-02-13 18:46:35,841 - Drone_2 - INFO - Drone 2: Reached target position
2026-02-13 18:46:36,532 - SwarmManager - ERROR - Drone 1 heartbeat timeout
2026-02-13 18:46:36,534 - SwarmManager - ERROR - Handling failure of drone 1: Heartbeat timeout
2026-02-13 18:46:36,535 - SwarmManager - ERROR - Drone 1 crashed
2026-02-13 18:46:36,536 - SwarmManager - ERROR - Handling failure of drone 1: Crashed
2026-02-13 18:46:36,537 - Drone_2 - INFO - Drone 2: Flying to {'x': 2533.7633268566638, 'y': 2424.764933952929, 'z': 60.0}
2026-02-13 18:46:36,538 - Drone_4 - INFO - Drone 4: Flying to {'x': 2516.9672027905913, 'y': 2490.1418428455727, 'z': 60.0}
2026-02-13 18:46:36,847 - Drone_2 - INFO - Drone 2: Reached target position
2026-02-13 18:46:37,539 - SwarmManager - ERROR - Drone 1 heartbeat timeout
2026-02-13 18:46:37,539 - SwarmManager - ERROR - Handling failure of drone 1: Heartbeat timeout
2026-02-13 18:46:37,540 - SwarmManager - ERROR - Drone 1 crashed
2026-02-13 18:46:37,540 - SwarmManager - ERROR - Handling failure of drone 1: Crashed
2026-02-13 18:46:37,540 - Drone_2 - INFO - Drone 2: Flying to {'x': 2533.7633268566638, 'y': 2424.764933952929, 'z': 60.0}
2026-02-13 18:46:37,540 - Drone_4 - INFO - Drone 4: Flying to {'x': 2516.9672027905913, 'y': 2490.1418428455727, 'z': 60.0}
2026-02-13 18:46:37,854 - Drone_2 - INFO - Drone 2: Reached target position
2026-02-13 18:46:38,541 - SwarmManager - ERROR - Drone 1 heartbeat timeout
2026-02-13 18:46:38,541 - SwarmManager - ERROR - Handling failure of drone 1: Heartbeat timeout
2026-02-13 18:46:38,542 - SwarmManager - ERROR - Drone 1 crashed
2026-02-13 18:46:38,542 - SwarmManager - ERROR - Handling failure of drone 1: Crashed
2026-02-13 18:46:38,542 - Drone_2 - INFO - Drone 2: Flying to {'x': 2533.7633268566638, 'y': 2424.764933952929, 'z': 60.0}
2026-02-13 18:46:38,543 - Drone_4 - INFO - Drone 4: Flying to {'x': 2516.9672027905913, 'y': 2490.1418428455727, 'z': 60.0}
2026-02-13 18:46:38,861 - Drone_2 - INFO - Drone 2: Reached target position
2026-02-13 18:46:39,543 - SwarmManager - ERROR - Drone 1 heartbeat timeout
2026-02-13 18:46:39,544 - SwarmManager - ERROR - Handling failure of drone 1: Heartbeat timeout
2026-02-13 18:46:39,544 - SwarmManager - ERROR - Drone 1 crashed
2026-02-13 18:46:39,544 - SwarmManager - ERROR - Handling failure of drone 1: Crashed
2026-02-13 18:46:39,544 - Drone_2 - INFO - Drone 2: Flying to {'x': 2533.7633268566638, 'y': 2424.7649339529294, 'z': 60.0}
2026-02-13 18:46:39,544 - Drone_4 - INFO - Drone 4: Flying to {'x': 2516.9672027905913, 'y': 2490.141842845573, 'z': 60.0}
2026-02-13 18:46:39,867 - Drone_2 - INFO - Drone 2: Reached target position
2026-02-13 18:46:40,545 - SwarmManager - ERROR - Drone 1 heartbeat timeout
2026-02-13 18:46:40,547 - SwarmManager - ERROR - Handling failure of drone 1: Heartbeat timeout
2026-02-13 18:46:40,548 - SwarmManager - ERROR - Drone 1 crashed
2026-02-13 18:46:40,549 - SwarmManager - ERROR - Handling failure of drone 1: Crashed
2026-02-13 18:46:40,550 - Drone_2 - INFO - Drone 2: Flying to {'x': 2533.7633268566638, 'y': 2424.764933952929, 'z': 60.0}
2026-02-13 18:46:40,550 - Drone_4 - INFO - Drone 4: Flying to {'x': 2516.9672027905913, 'y': 2490.1418428455727, 'z': 60.0}
2026-02-13 18:46:40,872 - Drone_2 - INFO - Drone 2: Reached target position
2026-02-13 18:46:41,551 - SwarmManager - ERROR - Drone 1 heartbeat timeout
2026-02-13 18:46:41,552 - SwarmManager - ERROR - Handling failure of drone 1: Heartbeat timeout
2026-02-13 18:46:41,553 - SwarmManager - ERROR - Drone 1 crashed
2026-02-13 18:46:41,554 - SwarmManager - ERROR - Handling failure of drone 1: Crashed
2026-02-13 18:46:41,555 - Drone_2 - INFO - Drone 2: Flying to {'x': 2533.7633268566638, 'y': 2424.764933952929, 'z': 60.0}
2026-02-13 18:46:41,556 - Drone_4 - INFO - Drone 4: Flying to {'x': 2516.9672027905913, 'y': 2490.1418428455727, 'z': 60.0}
2026-02-13 18:46:41,882 - Drone_2 - INFO - Drone 2: Reached target position
2026-02-13 18:46:42,556 - SwarmManager - ERROR - Drone 1 heartbeat timeout
2026-02-13 18:46:42,558 - SwarmManager - ERROR - Handling failure of drone 1: Heartbeat timeout
2026-02-13 18:46:42,559 - SwarmManager - ERROR - Drone 1 crashed
2026-02-13 18:46:42,560 - SwarmManager - ERROR - Handling failure of drone 1: Crashed
2026-02-13 18:46:42,561 - Drone_2 - INFO - Drone 2: Flying to {'x': 2533.7633268566638, 'y': 2424.764933952929, 'z': 60.0}
2026-02-13 18:46:42,562 - Drone_4 - INFO - Drone 4: Flying to {'x': 2516.9672027905913, 'y': 2490.1418428455727, 'z': 60.0}
2026-02-13 18:46:42,889 - Drone_2 - INFO - Drone 2: Reached target position
2026-02-13 18:46:43,563 - SwarmManager - ERROR - Drone 1 heartbeat timeout
2026-02-13 18:46:43,564 - SwarmManager - ERROR - Handling failure of drone 1: Heartbeat timeout
2026-02-13 18:46:43,564 - SwarmManager - ERROR - Drone 1 crashed
2026-02-13 18:46:43,565 - SwarmManager - ERROR - Handling failure of drone 1: Crashed
2026-02-13 18:46:43,565 - Drone_2 - INFO - Drone 2: Flying to {'x': 2533.7633268566638, 'y': 2424.764933952929, 'z': 60.0}
2026-02-13 18:46:43,565 - Drone_4 - INFO - Drone 4: Flying to {'x': 2516.9672027905913, 'y': 2490.1418428455727, 'z': 60.0}
2026-02-13 18:46:43,894 - Drone_2 - INFO - Drone 2: Reached target position
2026-02-13 18:46:44,566 - SwarmManager - ERROR - Drone 1 heartbeat timeout
2026-02-13 18:46:44,567 - SwarmManager - ERROR - Handling failure of drone 1: Heartbeat timeout
2026-02-13 18:46:44,568 - SwarmManager - ERROR - Drone 1 crashed
2026-02-13 18:46:44,569 - SwarmManager - ERROR - Handling failure of drone 1: Crashed
2026-02-13 18:46:44,570 - Drone_2 - INFO - Drone 2: Flying to {'x': 2533.7633268566638, 'y': 2424.764933952929, 'z': 60.0}
2026-02-13 18:46:44,571 - Drone_4 - INFO - Drone 4: Flying to {'x': 2516.9672027905913, 'y': 2490.1418428455727, 'z': 60.0}
2026-02-13 18:46:44,900 - Drone_2 - INFO - Drone 2: Reached target position
2026-02-13 18:46:45,571 - SwarmManager - ERROR - Drone 1 heartbeat timeout
2026-02-13 18:46:45,573 - SwarmManager - ERROR - Handling failure of drone 1: Heartbeat timeout
2026-02-13 18:46:45,574 - SwarmManager - ERROR - Drone 1 crashed
2026-02-13 18:46:45,575 - SwarmManager - ERROR - Handling failure of drone 1: Crashed
2026-02-13 18:46:45,576 - Drone_2 - INFO - Drone 2: Flying to {'x': 2533.7633268566638, 'y': 2424.764933952929, 'z': 60.0}
2026-02-13 18:46:45,577 - Drone_4 - INFO - Drone 4: Flying to {'x': 2516.9672027905913, 'y': 2490.1418428455727, 'z': 60.0}
2026-02-13 18:46:45,908 - Drone_2 - INFO - Drone 2: Reached target position
2026-02-13 18:46:46,578 - SwarmManager - ERROR - Drone 1 heartbeat timeout
2026-02-13 18:46:46,579 - SwarmManager - ERROR - Handling failure of drone 1: Heartbeat timeout
2026-02-13 18:46:46,580 - SwarmManager - ERROR - Drone 1 crashed
2026-02-13 18:46:46,582 - SwarmManager - ERROR - Handling failure of drone 1: Crashed
2026-02-13 18:46:46,583 - Drone_2 - INFO - Drone 2: Flying to {'x': 2533.7633268566638, 'y': 2424.764933952929, 'z': 60.0}
2026-02-13 18:46:46,583 - Drone_4 - INFO - Drone 4: Flying to {'x': 2516.9672027905913, 'y': 2490.1418428455727, 'z': 60.0}
2026-02-13 18:46:46,914 - Drone_2 - INFO - Drone 2: Reached target position
2026-02-13 18:46:47,584 - SwarmManager - ERROR - Drone 1 heartbeat timeout
2026-02-13 18:46:47,584 - SwarmManager - ERROR - Handling failure of drone 1: Heartbeat timeout
2026-02-13 18:46:47,585 - SwarmManager - ERROR - Drone 1 crashed
2026-02-13 18:46:47,585 - SwarmManager - ERROR - Handling failure of drone 1: Crashed
2026-02-13 18:46:47,585 - Drone_2 - INFO - Drone 2: Flying to {'x': 2533.7633268566638, 'y': 2424.764933952929, 'z': 60.0}
2026-02-13 18:46:47,586 - Drone_4 - INFO - Drone 4: Flying to {'x': 2516.9672027905913, 'y': 2490.1418428455727, 'z': 60.0}
2026-02-13 18:46:47,922 - Drone_2 - INFO - Drone 2: Reached target position
2026-02-13 18:46:48,586 - SwarmManager - ERROR - Drone 1 heartbeat timeout
2026-02-13 18:46:48,587 - SwarmManager - ERROR - Handling failure of drone 1: Heartbeat timeout
2026-02-13 18:46:48,588 - SwarmManager - ERROR - Drone 1 crashed
2026-02-13 18:46:48,589 - SwarmManager - ERROR - Handling failure of drone 1: Crashed
2026-02-13 18:46:48,590 - Drone_2 - INFO - Drone 2: Flying to {'x': 2533.7633268566638, 'y': 2424.764933952929, 'z': 60.0}
2026-02-13 18:46:48,590 - Drone_4 - INFO - Drone 4: Flying to {'x': 2516.9672027905913, 'y': 2490.1418428455727, 'z': 60.0}
2026-02-13 18:46:48,928 - Drone_2 - INFO - Drone 2: Reached target position
2026-02-13 18:46:49,591 - SwarmManager - ERROR - Drone 1 heartbeat timeout
2026-02-13 18:46:49,591 - SwarmManager - ERROR - Handling failure of drone 1: Heartbeat timeout
2026-02-13 18:46:49,592 - SwarmManager - ERROR - Drone 1 crashed
2026-02-13 18:46:49,592 - SwarmManager - ERROR - Handling failure of drone 1: Crashed
2026-02-13 18:46:49,592 - Drone_2 - INFO - Drone 2: Flying to {'x': 2533.7633268566638, 'y': 2424.764933952929, 'z': 60.0}
2026-02-13 18:46:49,592 - Drone_4 - INFO - Drone 4: Flying to {'x': 2516.9672027905913, 'y': 2490.1418428455727, 'z': 60.0}
2026-02-13 18:46:49,935 - Drone_2 - INFO - Drone 2: Reached target position
2026-02-13 18:46:50,593 - SwarmManager - ERROR - Drone 1 heartbeat timeout
2026-02-13 18:46:50,595 - SwarmManager - ERROR - Handling failure of drone 1: Heartbeat timeout
2026-02-13 18:46:50,596 - SwarmManager - ERROR - Drone 1 crashed
2026-02-13 18:46:50,597 - SwarmManager - ERROR - Handling failure of drone 1: Crashed
2026-02-13 18:46:50,598 - Drone_2 - INFO - Drone 2: Flying to {'x': 2533.7633268566638, 'y': 2424.7649339529294, 'z': 60.0}
2026-02-13 18:46:50,599 - Drone_4 - INFO - Drone 4: Flying to {'x': 2516.9672027905913, 'y': 2490.141842845573, 'z': 60.0}
2026-02-13 18:46:50,941 - Drone_2 - INFO - Drone 2: Reached target position
2026-02-13 18:46:51,158 - PhysicalMLTrainer_Drone5 - INFO - Physical ML model trained drone=5 samples=2701 degree=2 alpha=0.0 val_mse=0.000602
2026-02-13 18:46:51,160 - PhysicalMLTrainer_Drone3 - INFO - Physical ML model trained drone=3 samples=2701 degree=2 alpha=0.0 val_mse=0.000001
2026-02-13 18:46:51,192 - PhysicalMLTrainer_Drone4 - INFO - Physical ML model trained drone=4 samples=2701 degree=2 alpha=0.0 val_mse=0.000435
2026-02-13 18:46:51,258 - PhysicalMLTrainer_Drone2 - INFO - Physical ML model trained drone=2 samples=2701 degree=2 alpha=1.0 val_mse=0.119749
2026-02-13 18:46:51,600 - SwarmManager - ERROR - Drone 1 heartbeat timeout
2026-02-13 18:46:51,601 - SwarmManager - ERROR - Handling failure of drone 1: Heartbeat timeout
2026-02-13 18:46:51,601 - SwarmManager - ERROR - Drone 1 crashed
2026-02-13 18:46:51,602 - SwarmManager - ERROR - Handling failure of drone 1: Crashed
2026-02-13 18:46:51,602 - Drone_2 - INFO - Drone 2: Flying to {'x': 2533.7633268566638, 'y': 2424.764933952929, 'z': 60.0}
2026-02-13 18:46:51,603 - Drone_4 - INFO - Drone 4: Flying to {'x': 2516.9672027905913, 'y': 2490.1418428455727, 'z': 60.0}
2026-02-13 18:46:51,962 - Drone_2 - INFO - Drone 2: Reached target position
2026-02-13 18:46:52,604 - SwarmManager - ERROR - Drone 1 heartbeat timeout
2026-02-13 18:46:52,605 - SwarmManager - ERROR - Handling failure of drone 1: Heartbeat timeout
2026-02-13 18:46:52,606 - SwarmManager - ERROR - Drone 1 crashed
2026-02-13 18:46:52,607 - SwarmManager - ERROR - Handling failure of drone 1: Crashed
2026-02-13 18:46:52,608 - Drone_2 - INFO - Drone 2: Flying to {'x': 2533.7633268566638, 'y': 2424.764933952929, 'z': 60.0}
2026-02-13 18:46:52,609 - Drone_4 - INFO - Drone 4: Flying to {'x': 2516.9672027905913, 'y': 2490.1418428455727, 'z': 60.0}
2026-02-13 18:46:52,969 - Drone_2 - INFO - Drone 2: Reached target position
2026-02-13 18:46:53,610 - SwarmManager - ERROR - Drone 1 heartbeat timeout
2026-02-13 18:46:53,611 - SwarmManager - ERROR - Handling failure of drone 1: Heartbeat timeout
2026-02-13 18:46:53,612 - SwarmManager - ERROR - Drone 1 crashed
2026-02-13 18:46:53,613 - SwarmManager - ERROR - Handling failure of drone 1: Crashed
2026-02-13 18:46:53,615 - Drone_2 - INFO - Drone 2: Flying to {'x': 2533.7633268566638, 'y': 2424.764933952929, 'z': 60.0}
2026-02-13 18:46:53,615 - Drone_4 - INFO - Drone 4: Flying to {'x': 2516.9672027905913, 'y': 2490.1418428455727, 'z': 60.0}
2026-02-13 18:46:53,977 - Drone_2 - INFO - Drone 2: Reached target position
2026-02-13 18:46:54,616 - SwarmManager - ERROR - Drone 1 heartbeat timeout
2026-02-13 18:46:54,617 - SwarmManager - ERROR - Handling failure of drone 1: Heartbeat timeout
2026-02-13 18:46:54,618 - SwarmManager - ERROR - Drone 1 crashed
2026-02-13 18:46:54,620 - SwarmManager - ERROR - Handling failure of drone 1: Crashed
2026-02-13 18:46:54,622 - Drone_2 - INFO - Drone 2: Flying to {'x': 2533.7633268566638, 'y': 2424.7649339529294, 'z': 60.0}
2026-02-13 18:46:54,622 - Drone_4 - INFO - Drone 4: Flying to {'x': 2516.9672027905913, 'y': 2490.141842845573, 'z': 60.0}
2026-02-13 18:46:54,983 - Drone_2 - INFO - Drone 2: Reached target position
2026-02-13 18:46:55,623 - SwarmManager - ERROR - Drone 1 heartbeat timeout
2026-02-13 18:46:55,623 - SwarmManager - ERROR - Handling failure of drone 1: Heartbeat timeout
2026-02-13 18:46:55,624 - SwarmManager - ERROR - Drone 1 crashed
2026-02-13 18:46:55,624 - SwarmManager - ERROR - Handling failure of drone 1: Crashed
2026-02-13 18:46:55,624 - Drone_2 - INFO - Drone 2: Flying to {'x': 2533.7633268566638, 'y': 2424.7649339529294, 'z': 60.0}
2026-02-13 18:46:55,625 - Drone_4 - INFO - Drone 4: Flying to {'x': 2516.9672027905913, 'y': 2490.141842845573, 'z': 60.0}
2026-02-13 18:46:55,989 - Drone_2 - INFO - Drone 2: Reached target position
2026-02-13 18:46:56,625 - SwarmManager - ERROR - Drone 1 heartbeat timeout
2026-02-13 18:46:56,626 - SwarmManager - ERROR - Handling failure of drone 1: Heartbeat timeout
2026-02-13 18:46:56,628 - SwarmManager - ERROR - Drone 1 crashed
2026-02-13 18:46:56,629 - SwarmManager - ERROR - Handling failure of drone 1: Crashed
2026-02-13 18:46:56,630 - Drone_2 - INFO - Drone 2: Flying to {'x': 2533.7633268566638, 'y': 2424.764933952929, 'z': 60.0}
2026-02-13 18:46:56,630 - Drone_4 - INFO - Drone 4: Flying to {'x': 2516.9672027905913, 'y': 2490.1418428455727, 'z': 60.0}
2026-02-13 18:46:56,995 - Drone_2 - INFO - Drone 2: Reached target position
2026-02-13 18:46:57,632 - SwarmManager - ERROR - Drone 1 heartbeat timeout
2026-02-13 18:46:57,633 - SwarmManager - ERROR - Handling failure of drone 1: Heartbeat timeout
2026-02-13 18:46:57,634 - SwarmManager - ERROR - Drone 1 crashed
2026-02-13 18:46:57,635 - SwarmManager - ERROR - Handling failure of drone 1: Crashed
2026-02-13 18:46:57,637 - Drone_2 - INFO - Drone 2: Flying to {'x': 2533.7633268566638, 'y': 2424.764933952929, 'z': 60.0}
2026-02-13 18:46:57,638 - Drone_4 - INFO - Drone 4: Flying to {'x': 2516.9672027905913, 'y': 2490.1418428455727, 'z': 60.0}
2026-02-13 18:46:58,001 - Drone_2 - INFO - Drone 2: Reached target position
2026-02-13 18:46:58,639 - SwarmManager - ERROR - Drone 1 heartbeat timeout
2026-02-13 18:46:58,641 - SwarmManager - ERROR - Handling failure of drone 1: Heartbeat timeout
2026-02-13 18:46:58,641 - SwarmManager - ERROR - Drone 1 crashed
2026-02-13 18:46:58,642 - SwarmManager - ERROR - Handling failure of drone 1: Crashed
2026-02-13 18:46:58,642 - Drone_2 - INFO - Drone 2: Flying to {'x': 2533.7633268566638, 'y': 2424.764933952929, 'z': 60.0}
2026-02-13 18:46:58,643 - Drone_4 - INFO - Drone 4: Flying to {'x': 2516.9672027905913, 'y': 2490.1418428455727, 'z': 60.0}
2026-02-13 18:46:59,008 - Drone_2 - INFO - Drone 2: Reached target position
2026-02-13 18:46:59,644 - SwarmManager - ERROR - Drone 1 heartbeat timeout
2026-02-13 18:46:59,645 - SwarmManager - ERROR - Handling failure of drone 1: Heartbeat timeout
2026-02-13 18:46:59,645 - SwarmManager - ERROR - Drone 1 crashed
2026-02-13 18:46:59,646 - SwarmManager - ERROR - Handling failure of drone 1: Crashed
2026-02-13 18:46:59,646 - Drone_2 - INFO - Drone 2: Flying to {'x': 2533.763326856664, 'y': 2424.764933952929, 'z': 60.0}
2026-02-13 18:46:59,646 - Drone_4 - INFO - Drone 4: Flying to {'x': 2516.967202790591, 'y': 2490.1418428455727, 'z': 60.0}
2026-02-13 18:47:00,014 - Drone_2 - INFO - Drone 2: Reached target position
2026-02-13 18:47:00,647 - SwarmManager - ERROR - Drone 1 heartbeat timeout
2026-02-13 18:47:00,648 - SwarmManager - ERROR - Handling failure of drone 1: Heartbeat timeout
2026-02-13 18:47:00,649 - SwarmManager - ERROR - Drone 1 crashed
2026-02-13 18:47:00,650 - SwarmManager - ERROR - Handling failure of drone 1: Crashed
2026-02-13 18:47:00,651 - Drone_2 - INFO - Drone 2: Flying to {'x': 2533.763326856664, 'y': 2424.764933952929, 'z': 60.0}
2026-02-13 18:47:00,651 - Drone_4 - INFO - Drone 4: Flying to {'x': 2516.967202790591, 'y': 2490.1418428455727, 'z': 60.0}
2026-02-13 18:47:01,020 - Drone_2 - INFO - Drone 2: Reached target position
2026-02-13 18:47:01,652 - SwarmManager - ERROR - Drone 1 heartbeat timeout
2026-02-13 18:47:01,652 - SwarmManager - ERROR - Handling failure of drone 1: Heartbeat timeout
2026-02-13 18:47:01,653 - SwarmManager - ERROR - Drone 1 crashed
2026-02-13 18:47:01,653 - SwarmManager - ERROR - Handling failure of drone 1: Crashed
2026-02-13 18:47:01,653 - Drone_2 - INFO - Drone 2: Flying to {'x': 2533.7633268566638, 'y': 2424.7649339529294, 'z': 60.0}
2026-02-13 18:47:01,653 - Drone_4 - INFO - Drone 4: Flying to {'x': 2516.9672027905913, 'y': 2490.141842845573, 'z': 60.0}
2026-02-13 18:47:02,026 - Drone_2 - INFO - Drone 2: Reached target position
2026-02-13 18:47:02,654 - SwarmManager - ERROR - Drone 1 heartbeat timeout
2026-02-13 18:47:02,655 - SwarmManager - ERROR - Handling failure of drone 1: Heartbeat timeout
2026-02-13 18:47:02,658 - SwarmManager - ERROR - Drone 1 crashed
2026-02-13 18:47:02,659 - SwarmManager - ERROR - Handling failure of drone 1: Crashed
2026-02-13 18:47:02,660 - Drone_2 - INFO - Drone 2: Flying to {'x': 2533.7633268566638, 'y': 2424.7649339529294, 'z': 60.0}
2026-02-13 18:47:02,660 - Drone_4 - INFO - Drone 4: Flying to {'x': 2516.9672027905913, 'y': 2490.141842845573, 'z': 60.0}
2026-02-13 18:47:03,032 - Drone_2 - INFO - Drone 2: Reached target position
2026-02-13 18:47:03,661 - SwarmManager - ERROR - Drone 1 heartbeat timeout
2026-02-13 18:47:03,662 - SwarmManager - ERROR - Handling failure of drone 1: Heartbeat timeout
2026-02-13 18:47:03,663 - SwarmManager - ERROR - Drone 1 crashed
2026-02-13 18:47:03,663 - SwarmManager - ERROR - Handling failure of drone 1: Crashed
2026-02-13 18:47:03,663 - Drone_2 - INFO - Drone 2: Flying to {'x': 2533.7633268566638, 'y': 2424.764933952929, 'z': 60.0}
2026-02-13 18:47:03,664 - Drone_4 - INFO - Drone 4: Flying to {'x': 2516.9672027905913, 'y': 2490.1418428455736, 'z': 60.0}
2026-02-13 18:47:04,040 - Drone_2 - INFO - Drone 2: Reached target position
2026-02-13 18:47:04,665 - SwarmManager - ERROR - Drone 1 heartbeat timeout
2026-02-13 18:47:04,665 - SwarmManager - ERROR - Handling failure of drone 1: Heartbeat timeout
2026-02-13 18:47:04,665 - SwarmManager - ERROR - Drone 1 crashed
2026-02-13 18:47:04,665 - SwarmManager - ERROR - Handling failure of drone 1: Crashed
2026-02-13 18:47:04,666 - Drone_2 - INFO - Drone 2: Flying to {'x': 2533.7633268566638, 'y': 2424.764933952929, 'z': 60.0}
2026-02-13 18:47:04,666 - Drone_4 - INFO - Drone 4: Flying to {'x': 2516.9672027905913, 'y': 2490.1418428455736, 'z': 60.0}
2026-02-13 18:47:05,045 - Drone_2 - INFO - Drone 2: Reached target position
2026-02-13 18:47:05,667 - SwarmManager - ERROR - Drone 1 heartbeat timeout
2026-02-13 18:47:05,668 - SwarmManager - ERROR - Handling failure of drone 1: Heartbeat timeout
2026-02-13 18:47:05,669 - SwarmManager - ERROR - Drone 1 crashed
2026-02-13 18:47:05,671 - SwarmManager - ERROR - Handling failure of drone 1: Crashed
2026-02-13 18:47:05,672 - Drone_2 - INFO - Drone 2: Flying to {'x': 2533.763326856664, 'y': 2424.7649339529285, 'z': 60.0}
2026-02-13 18:47:05,673 - Drone_4 - INFO - Drone 4: Flying to {'x': 2516.967202790591, 'y': 2490.1418428455722, 'z': 60.0}
2026-02-13 18:47:06,052 - Drone_2 - INFO - Drone 2: Reached target position
2026-02-13 18:47:06,674 - SwarmManager - ERROR - Drone 1 heartbeat timeout
2026-02-13 18:47:06,675 - SwarmManager - ERROR - Handling failure of drone 1: Heartbeat timeout
2026-02-13 18:47:06,676 - SwarmManager - ERROR - Drone 1 crashed
2026-02-13 18:47:06,677 - SwarmManager - ERROR - Handling failure of drone 1: Crashed
2026-02-13 18:47:06,678 - Drone_2 - INFO - Drone 2: Flying to {'x': 2533.7633268566638, 'y': 2424.764933952929, 'z': 60.0}
2026-02-13 18:47:06,679 - Drone_4 - INFO - Drone 4: Flying to {'x': 2516.9672027905913, 'y': 2490.1418428455736, 'z': 60.0}
2026-02-13 18:47:07,059 - Drone_2 - INFO - Drone 2: Reached target position
2026-02-13 18:47:07,658 - Drone_5 - INFO - Drone 5: Reached target position
2026-02-13 18:47:07,679 - SwarmManager - ERROR - Drone 1 heartbeat timeout
2026-02-13 18:47:07,680 - SwarmManager - ERROR - Handling failure of drone 1: Heartbeat timeout
2026-02-13 18:47:07,680 - SwarmManager - ERROR - Drone 1 crashed
2026-02-13 18:47:07,681 - SwarmManager - ERROR - Handling failure of drone 1: Crashed
2026-02-13 18:47:07,681 - Drone_2 - INFO - Drone 2: Flying to {'x': 2533.7677930146056, 'y': 2424.770504299065, 'z': 60.0}
2026-02-13 18:47:07,681 - Drone_4 - INFO - Drone 4: Flying to {'x': 2516.973800847106, 'y': 2490.139115030867, 'z': 60.0}
2026-02-13 18:47:08,065 - Drone_2 - INFO - Drone 2: Reached target position
2026-02-13 18:47:08,682 - SwarmManager - ERROR - Drone 1 heartbeat timeout
2026-02-13 18:47:08,686 - SwarmManager - ERROR - Handling failure of drone 1: Heartbeat timeout
2026-02-13 18:47:08,687 - SwarmManager - ERROR - Drone 1 crashed
2026-02-13 18:47:08,687 - SwarmManager - ERROR - Handling failure of drone 1: Crashed
2026-02-13 18:47:08,688 - Drone_2 - INFO - Drone 2: Flying to {'x': 2596.5241425816507, 'y': 2510.416387436968, 'z': 60.0}
2026-02-13 18:47:08,688 - Drone_4 - INFO - Drone 4: Flying to {'x': 2613.025927076875, 'y': 2444.9645646321505, 'z': 60.0}
2026-02-13 18:47:09,689 - SwarmManager - ERROR - Drone 1 heartbeat timeout
2026-02-13 18:47:09,690 - SwarmManager - ERROR - Handling failure of drone 1: Heartbeat timeout
2026-02-13 18:47:09,690 - SwarmManager - ERROR - Drone 1 crashed
2026-02-13 18:47:09,690 - SwarmManager - ERROR - Handling failure of drone 1: Crashed
2026-02-13 18:47:09,690 - Drone_2 - INFO - Drone 2: Flying to {'x': 2588.634636837755, 'y': 2508.5100491414764, 'z': 60.0}
2026-02-13 18:47:09,691 - Drone_4 - INFO - Drone 4: Flying to {'x': 2605.2659706047184, 'y': 2443.09102486618, 'z': 60.0}
2026-02-13 18:47:10,691 - SwarmManager - ERROR - Drone 1 heartbeat timeout
2026-02-13 18:47:10,692 - SwarmManager - ERROR - Handling failure of drone 1: Heartbeat timeout
2026-02-13 18:47:10,694 - SwarmManager - ERROR - Drone 1 crashed
2026-02-13 18:47:10,695 - SwarmManager - ERROR - Handling failure of drone 1: Crashed
2026-02-13 18:47:10,696 - Drone_2 - INFO - Drone 2: Flying to {'x': 2580.753390140526, 'y': 2506.5891429014564, 'z': 60.0}
2026-02-13 18:47:10,696 - Drone_4 - INFO - Drone 4: Flying to {'x': 2597.514066456866, 'y': 2441.203137293078, 'z': 60.0}
2026-02-13 18:47:11,298 - PhysicalMLTrainer_Drone5 - INFO - Physical ML model trained drone=5 samples=2901 degree=2 alpha=1.0 val_mse=0.016880
2026-02-13 18:47:11,303 - PhysicalMLTrainer_Drone3 - INFO - Physical ML model trained drone=3 samples=2901 degree=2 alpha=0.0 val_mse=0.000000
2026-02-13 18:47:11,321 - PhysicalMLTrainer_Drone4 - INFO - Physical ML model trained drone=4 samples=2901 degree=2 alpha=0.0 val_mse=0.000624
2026-02-13 18:47:11,404 - PhysicalMLTrainer_Drone2 - INFO - Physical ML model trained drone=2 samples=2901 degree=2 alpha=0.0 val_mse=0.001864
2026-02-13 18:47:11,697 - SwarmManager - ERROR - Drone 1 heartbeat timeout
2026-02-13 18:47:11,698 - SwarmManager - ERROR - Handling failure of drone 1: Heartbeat timeout
2026-02-13 18:47:11,699 - SwarmManager - ERROR - Drone 1 crashed
2026-02-13 18:47:11,700 - SwarmManager - ERROR - Handling failure of drone 1: Crashed
2026-02-13 18:47:11,701 - Drone_2 - INFO - Drone 2: Flying to {'x': 2572.7239177532556, 'y': 2504.6148681902396, 'z': 60.0}
2026-02-13 18:47:11,701 - Drone_4 - INFO - Drone 4: Flying to {'x': 2589.6160132482382, 'y': 2439.262690645888, 'z': 60.0}
2026-02-13 18:47:12,702 - SwarmManager - ERROR - Drone 1 heartbeat timeout
2026-02-13 18:47:12,703 - SwarmManager - ERROR - Handling failure of drone 1: Heartbeat timeout
2026-02-13 18:47:12,703 - SwarmManager - ERROR - Drone 1 crashed
2026-02-13 18:47:12,704 - SwarmManager - ERROR - Handling failure of drone 1: Crashed
2026-02-13 18:47:12,704 - Drone_2 - INFO - Drone 2: Flying to {'x': 2565.636666312507, 'y': 2502.857706954934, 'z': 60.0}
2026-02-13 18:47:12,705 - Drone_4 - INFO - Drone 4: Flying to {'x': 2582.644230294952, 'y': 2437.535484339786, 'z': 60.0}
2026-02-13 18:47:13,705 - SwarmManager - ERROR - Drone 1 heartbeat timeout
2026-02-13 18:47:13,706 - SwarmManager - ERROR - Handling failure of drone 1: Heartbeat timeout
2026-02-13 18:47:13,706 - SwarmManager - ERROR - Drone 1 crashed
2026-02-13 18:47:13,706 - SwarmManager - ERROR - Handling failure of drone 1: Crashed
2026-02-13 18:47:13,707 - Drone_2 - INFO - Drone 2: Flying to {'x': 2557.7682293011135, 'y': 2500.8907394275366, 'z': 60.0}
2026-02-13 18:47:13,707 - Drone_4 - INFO - Drone 4: Flying to {'x': 2574.9031516231466, 'y': 2435.601808995051, 'z': 60.0}
2026-02-13 18:47:14,708 - SwarmManager - ERROR - Drone 1 heartbeat timeout
2026-02-13 18:47:14,709 - SwarmManager - ERROR - Handling failure of drone 1: Heartbeat timeout
2026-02-13 18:47:14,709 - SwarmManager - ERROR - Drone 1 crashed
2026-02-13 18:47:14,710 - SwarmManager - ERROR - Handling failure of drone 1: Crashed
2026-02-13 18:47:14,710 - Drone_2 - INFO - Drone 2: Flying to {'x': 2549.899796623112, 'y': 2498.9067161045386, 'z': 60.0}
2026-02-13 18:47:14,711 - Drone_4 - INFO - Drone 4: Flying to {'x': 2567.160926295697, 'y': 2433.6510389382856, 'z': 60.0}
2026-02-13 18:47:15,227 - Drone_2 - INFO - Drone 2: Reached target position
2026-02-13 18:47:15,712 - SwarmManager - ERROR - Drone 1 heartbeat timeout
2026-02-13 18:47:15,712 - SwarmManager - ERROR - Handling failure of drone 1: Heartbeat timeout
2026-02-13 18:47:15,712 - SwarmManager - ERROR - Drone 1 crashed
2026-02-13 18:47:15,713 - SwarmManager - ERROR - Handling failure of drone 1: Crashed
2026-02-13 18:47:15,713 - Drone_2 - INFO - Drone 2: Flying to {'x': 2542.038897320126, 'y': 2496.907502005638, 'z': 60.0}
2026-02-13 18:47:15,713 - Drone_4 - INFO - Drone 4: Flying to {'x': 2559.424683877108, 'y': 2431.684925961794, 'z': 60.0}
2026-02-13 18:47:16,134 - Drone_2 - INFO - Drone 2: Reached target position
2026-02-13 18:47:16,714 - SwarmManager - ERROR - Drone 1 heartbeat timeout
2026-02-13 18:47:16,715 - SwarmManager - ERROR - Handling failure of drone 1: Heartbeat timeout
2026-02-13 18:47:16,716 - SwarmManager - ERROR - Drone 1 crashed
2026-02-13 18:47:16,717 - SwarmManager - ERROR - Handling failure of drone 1: Crashed
2026-02-13 18:47:16,718 - Drone_2 - INFO - Drone 2: Flying to {'x': 2534.17558725029, 'y': 2494.89055982147, 'z': 60.0}
2026-02-13 18:47:16,718 - Drone_4 - INFO - Drone 4: Flying to {'x': 2551.6843571170557, 'y': 2429.700890565118, 'z': 60.0}
2026-02-13 18:47:17,141 - Drone_2 - INFO - Drone 2: Reached target position
2026-02-13 18:47:17,720 - SwarmManager - ERROR - Drone 1 heartbeat timeout
2026-02-13 18:47:17,721 - SwarmManager - ERROR - Handling failure of drone 1: Heartbeat timeout
2026-02-13 18:47:17,722 - SwarmManager - ERROR - Drone 1 crashed
2026-02-13 18:47:17,723 - SwarmManager - ERROR - Handling failure of drone 1: Crashed
2026-02-13 18:47:17,724 - Drone_2 - INFO - Drone 2: Flying to {'x': 2526.3233843867306, 'y': 2492.8593980005408, 'z': 60.0}
2026-02-13 18:47:17,726 - Drone_4 - INFO - Drone 4: Flying to {'x': 2543.952972347875, 'y': 2427.702298400265, 'z': 60.0}
2026-02-13 18:47:18,147 - Drone_2 - INFO - Drone 2: Reached target position
2026-02-13 18:47:18,727 - SwarmManager - ERROR - Drone 1 heartbeat timeout
2026-02-13 18:47:18,728 - SwarmManager - ERROR - Handling failure of drone 1: Heartbeat timeout
2026-02-13 18:47:18,729 - SwarmManager - ERROR - Drone 1 crashed
2026-02-13 18:47:18,730 - SwarmManager - ERROR - Handling failure of drone 1: Crashed
2026-02-13 18:47:18,732 - Drone_2 - INFO - Drone 2: Flying to {'x': 2518.4767863003553, 'y': 2490.812694148484, 'z': 60.0}
2026-02-13 18:47:18,732 - Drone_4 - INFO - Drone 4: Flying to {'x': 2536.2248343794354, 'y': 2425.687761984353, 'z': 60.0}
2026-02-13 18:47:19,154 - Drone_2 - INFO - Drone 2: Reached target position
2026-02-13 18:47:19,733 - SwarmManager - ERROR - Drone 1 heartbeat timeout
2026-02-13 18:47:19,734 - SwarmManager - ERROR - Handling failure of drone 1: Heartbeat timeout
2026-02-13 18:47:19,734 - SwarmManager - ERROR - Drone 1 crashed
2026-02-13 18:47:19,735 - SwarmManager - ERROR - Handling failure of drone 1: Crashed
2026-02-13 18:47:19,735 - Drone_2 - INFO - Drone 2: Flying to {'x': 2510.633863024464, 'y': 2488.7500580061755, 'z': 60.0}
2026-02-13 18:47:19,735 - Drone_4 - INFO - Drone 4: Flying to {'x': 2528.497762104375, 'y': 2423.656808665996, 'z': 60.0}
2026-02-13 18:47:20,160 - Drone_2 - INFO - Drone 2: Reached target position
2026-02-13 18:47:20,736 - SwarmManager - ERROR - Drone 1 heartbeat timeout
2026-02-13 18:47:20,737 - SwarmManager - ERROR - Handling failure of drone 1: Heartbeat timeout
2026-02-13 18:47:20,738 - SwarmManager - ERROR - Drone 1 crashed
2026-02-13 18:47:20,739 - SwarmManager - ERROR - Handling failure of drone 1: Crashed
2026-02-13 18:47:20,740 - Drone_2 - INFO - Drone 2: Flying to {'x': 2502.7888616741934, 'y': 2486.6701011881864, 'z': 60.0}
2026-02-13 18:47:20,740 - Drone_4 - INFO - Drone 4: Flying to {'x': 2520.765803373531, 'y': 2421.607980356334, 'z': 60.0}
2026-02-13 18:47:21,166 - Drone_2 - INFO - Drone 2: Reached target position
2026-02-13 18:47:21,742 - SwarmManager - ERROR - Drone 1 heartbeat timeout
2026-02-13 18:47:21,743 - SwarmManager - ERROR - Handling failure of drone 1: Heartbeat timeout
2026-02-13 18:47:21,744 - SwarmManager - ERROR - Drone 1 crashed
2026-02-13 18:47:21,745 - SwarmManager - ERROR - Handling failure of drone 1: Crashed
2026-02-13 18:47:21,746 - Drone_2 - INFO - Drone 2: Flying to {'x': 2494.950678142211, 'y': 2484.575355467519, 'z': 60.0}
2026-02-13 18:47:21,746 - Drone_4 - INFO - Drone 4: Flying to {'x': 2513.037443512632, 'y': 2419.5436791979087, 'z': 60.0}
2026-02-13 18:47:22,173 - Drone_2 - INFO - Drone 2: Reached target position
2026-02-13 18:47:22,747 - SwarmManager - ERROR - Drone 1 heartbeat timeout
2026-02-13 18:47:22,748 - SwarmManager - ERROR - Handling failure of drone 1: Heartbeat timeout
2026-02-13 18:47:22,749 - SwarmManager - ERROR - Drone 1 crashed
2026-02-13 18:47:22,750 - SwarmManager - ERROR - Handling failure of drone 1: Crashed
2026-02-13 18:47:22,751 - Drone_2 - INFO - Drone 2: Flying to {'x': 2487.1176925612344, 'y': 2482.4656205176548, 'z': 60.0}
2026-02-13 18:47:22,751 - Drone_4 - INFO - Drone 4: Flying to {'x': 2505.310808103207, 'y': 2417.4636163418104, 'z': 60.0}
2026-02-13 18:47:23,178 - Drone_2 - INFO - Drone 2: Reached target position
2026-02-13 18:47:23,752 - SwarmManager - ERROR - Drone 1 heartbeat timeout
2026-02-13 18:47:23,753 - SwarmManager - ERROR - Handling failure of drone 1: Heartbeat timeout
2026-02-13 18:47:23,753 - SwarmManager - ERROR - Drone 1 crashed
2026-02-13 18:47:23,754 - SwarmManager - ERROR - Handling failure of drone 1: Crashed
2026-02-13 18:47:23,754 - Drone_2 - INFO - Drone 2: Flying to {'x': 2479.3057654657578, 'y': 2480.345483312122, 'z': 60.0}
2026-02-13 18:47:23,755 - Drone_4 - INFO - Drone 4: Flying to {'x': 2497.6012771226715, 'y': 2415.3722253269193, 'z': 60.0}
2026-02-13 18:47:24,184 - Drone_2 - INFO - Drone 2: Reached target position
2026-02-13 18:47:24,756 - SwarmManager - ERROR - Drone 1 heartbeat timeout
2026-02-13 18:47:24,757 - SwarmManager - ERROR - Handling failure of drone 1: Heartbeat timeout
2026-02-13 18:47:24,759 - SwarmManager - ERROR - Drone 1 crashed
2026-02-13 18:47:24,760 - SwarmManager - ERROR - Handling failure of drone 1: Crashed
2026-02-13 18:47:24,761 - Drone_2 - INFO - Drone 2: Flying to {'x': 2471.4889380195837, 'y': 2478.208215945658, 'z': 60.0}
2026-02-13 18:47:24,762 - Drone_4 - INFO - Drone 4: Flying to {'x': 2489.882962356186, 'y': 2413.2627783175653, 'z': 60.0}
2026-02-13 18:47:25,190 - Drone_2 - INFO - Drone 2: Reached target position
2026-02-13 18:47:25,763 - SwarmManager - ERROR - Drone 1 heartbeat timeout
2026-02-13 18:47:25,764 - SwarmManager - ERROR - Handling failure of drone 1: Heartbeat timeout
2026-02-13 18:47:25,764 - SwarmManager - ERROR - Drone 1 crashed
2026-02-13 18:47:25,765 - SwarmManager - ERROR - Handling failure of drone 1: Crashed
2026-02-13 18:47:25,765 - Drone_2 - INFO - Drone 2: Flying to {'x': 2463.67838972541, 'y': 2476.0571881053093, 'z': 60.0}
2026-02-13 18:47:25,765 - Drone_4 - INFO - Drone 4: Flying to {'x': 2482.1666245039924, 'y': 2411.138506858907, 'z': 60.0}
2026-02-13 18:47:26,197 - Drone_2 - INFO - Drone 2: Reached target position
2026-02-13 18:47:26,765 - SwarmManager - ERROR - Drone 1 heartbeat timeout
2026-02-13 18:47:26,766 - SwarmManager - ERROR - Handling failure of drone 1: Heartbeat timeout
2026-02-13 18:47:26,767 - SwarmManager - ERROR - Drone 1 crashed
2026-02-13 18:47:26,767 - SwarmManager - ERROR - Handling failure of drone 1: Crashed
2026-02-13 18:47:26,768 - Drone_2 - INFO - Drone 2: Flying to {'x': 2455.8688796354268, 'y': 2473.891324547703, 'z': 60.0}
2026-02-13 18:47:26,768 - Drone_4 - INFO - Drone 4: Flying to {'x': 2474.446815082342, 'y': 2408.9982562389055, 'z': 60.0}
2026-02-13 18:47:27,204 - Drone_2 - INFO - Drone 2: Reached target position
2026-02-13 18:47:27,769 - SwarmManager - ERROR - Drone 1 heartbeat timeout
2026-02-13 18:47:27,770 - SwarmManager - ERROR - Handling failure of drone 1: Heartbeat timeout
2026-02-13 18:47:27,770 - SwarmManager - ERROR - Drone 1 crashed
2026-02-13 18:47:27,771 - SwarmManager - ERROR - Handling failure of drone 1: Crashed
2026-02-13 18:47:27,771 - Drone_2 - INFO - Drone 2: Flying to {'x': 2448.07524947806, 'y': 2471.715176270716, 'z': 60.0}
2026-02-13 18:47:27,771 - Drone_4 - INFO - Drone 4: Flying to {'x': 2466.737947152824, 'y': 2406.8464340638534, 'z': 60.0}
2026-02-13 18:47:28,213 - Drone_2 - INFO - Drone 2: Reached target position
2026-02-13 18:47:28,772 - SwarmManager - ERROR - Drone 1 heartbeat timeout
2026-02-13 18:47:28,774 - SwarmManager - ERROR - Handling failure of drone 1: Heartbeat timeout
2026-02-13 18:47:28,775 - SwarmManager - ERROR - Drone 1 crashed
2026-02-13 18:47:28,776 - SwarmManager - ERROR - Handling failure of drone 1: Crashed
2026-02-13 18:47:28,777 - Drone_2 - INFO - Drone 2: Flying to {'x': 2440.292595437911, 'y': 2469.5278717704996, 'z': 60.0}
2026-02-13 18:47:28,778 - Drone_4 - INFO - Drone 4: Flying to {'x': 2459.0349265752025, 'y': 2404.682093006264, 'z': 60.0}
2026-02-13 18:47:29,219 - Drone_2 - INFO - Drone 2: Reached target position
2026-02-13 18:47:29,778 - SwarmManager - ERROR - Drone 1 heartbeat timeout
2026-02-13 18:47:29,779 - SwarmManager - ERROR - Handling failure of drone 1: Heartbeat timeout
2026-02-13 18:47:29,779 - SwarmManager - ERROR - Drone 1 crashed
2026-02-13 18:47:29,780 - SwarmManager - ERROR - Handling failure of drone 1: Crashed
2026-02-13 18:47:29,780 - Drone_2 - INFO - Drone 2: Flying to {'x': 2432.505281800508, 'y': 2467.3254943674324, 'z': 60.0}
2026-02-13 18:47:29,780 - Drone_4 - INFO - Drone 4: Flying to {'x': 2451.322019870193, 'y': 2402.501267658455, 'z': 60.0}
2026-02-13 18:47:30,224 - Drone_2 - INFO - Drone 2: Reached target position
2026-02-13 18:47:30,781 - SwarmManager - ERROR - Drone 1 heartbeat timeout
2026-02-13 18:47:30,782 - SwarmManager - ERROR - Handling failure of drone 1: Heartbeat timeout
2026-02-13 18:47:30,783 - SwarmManager - ERROR - Drone 1 crashed
2026-02-13 18:47:30,784 - SwarmManager - ERROR - Handling failure of drone 1: Crashed
2026-02-13 18:47:30,785 - Drone_2 - INFO - Drone 2: Flying to {'x': 2424.7282106604143, 'y': 2465.112774242519, 'z': 60.0}
2026-02-13 18:47:30,786 - Drone_4 - INFO - Drone 4: Flying to {'x': 2443.6137342082975, 'y': 2400.308553698466, 'z': 60.0}
2026-02-13 18:47:31,231 - Drone_2 - INFO - Drone 2: Reached target position
2026-02-13 18:47:31,444 - PhysicalMLTrainer_Drone5 - INFO - Physical ML model trained drone=5 samples=3101 degree=2 alpha=1.0 val_mse=0.101256
2026-02-13 18:47:31,444 - PhysicalMLTrainer_Drone3 - INFO - Physical ML model trained drone=3 samples=3101 degree=2 alpha=0.0 val_mse=0.000000
2026-02-13 18:47:31,448 - PhysicalMLTrainer_Drone4 - INFO - Physical ML model trained drone=4 samples=3101 degree=2 alpha=0.0 val_mse=0.001065
2026-02-13 18:47:31,543 - PhysicalMLTrainer_Drone2 - INFO - Physical ML model trained drone=2 samples=3101 degree=2 alpha=0.0 val_mse=0.042301
2026-02-13 18:47:31,787 - SwarmManager - ERROR - Drone 1 heartbeat timeout
2026-02-13 18:47:31,787 - SwarmManager - ERROR - Handling failure of drone 1: Heartbeat timeout
2026-02-13 18:47:31,788 - SwarmManager - ERROR - Drone 1 crashed
2026-02-13 18:47:31,788 - SwarmManager - ERROR - Handling failure of drone 1: Crashed
2026-02-13 18:47:31,789 - Drone_2 - INFO - Drone 2: Flying to {'x': 2416.7945887541828, 'y': 2462.8424283457616, 'z': 60.0}
2026-02-13 18:47:31,789 - Drone_4 - INFO - Drone 4: Flying to {'x': 2435.74433300739, 'y': 2398.0569578084715, 'z': 60.0}
2026-02-13 18:47:32,247 - Drone_2 - INFO - Drone 2: Reached target position
2026-02-13 18:47:32,790 - SwarmManager - ERROR - Drone 1 heartbeat timeout
2026-02-13 18:47:32,791 - SwarmManager - ERROR - Handling failure of drone 1: Heartbeat timeout
2026-02-13 18:47:32,792 - SwarmManager - ERROR - Drone 1 crashed
2026-02-13 18:47:32,793 - SwarmManager - ERROR - Handling failure of drone 1: Crashed
2026-02-13 18:47:32,794 - Drone_2 - INFO - Drone 2: Flying to {'x': 2409.0138679760666, 'y': 2460.6036106096985, 'z': 60.0}
2026-02-13 18:47:32,795 - Drone_4 - INFO - Drone 4: Flying to {'x': 2428.0205099517834, 'y': 2395.8348097808507, 'z': 60.0}
2026-02-13 18:47:33,254 - Drone_2 - INFO - Drone 2: Reached target position
2026-02-13 18:47:33,796 - SwarmManager - ERROR - Drone 1 heartbeat timeout
2026-02-13 18:47:33,798 - SwarmManager - ERROR - Handling failure of drone 1: Heartbeat timeout
2026-02-13 18:47:33,799 - SwarmManager - ERROR - Drone 1 crashed
2026-02-13 18:47:33,800 - SwarmManager - ERROR - Handling failure of drone 1: Crashed
2026-02-13 18:47:33,800 - Drone_2 - INFO - Drone 2: Flying to {'x': 2401.2511452499784, 'y': 2458.358517014319, 'z': 60.0}
2026-02-13 18:47:33,801 - Drone_4 - INFO - Drone 4: Flying to {'x': 2420.3083098616216, 'y': 2393.604563644932, 'z': 60.0}
2026-02-13 18:47:34,262 - Drone_2 - INFO - Drone 2: Reached target position
2026-02-13 18:47:34,802 - SwarmManager - ERROR - Drone 1 heartbeat timeout
2026-02-13 18:47:34,802 - SwarmManager - ERROR - Handling failure of drone 1: Heartbeat timeout
2026-02-13 18:47:34,803 - SwarmManager - ERROR - Drone 1 crashed
2026-02-13 18:47:34,803 - SwarmManager - ERROR - Handling failure of drone 1: Crashed
2026-02-13 18:47:34,803 - Drone_2 - INFO - Drone 2: Flying to {'x': 2393.4981715795484, 'y': 2456.105474949891, 'z': 60.0}
2026-02-13 18:47:34,804 - Drone_4 - INFO - Drone 4: Flying to {'x': 2412.599344127054, 'y': 2391.364489420549, 'z': 60.0}
2026-02-13 18:47:35,270 - Drone_2 - INFO - Drone 2: Reached target position
2026-02-13 18:47:35,805 - SwarmManager - ERROR - Drone 1 heartbeat timeout
2026-02-13 18:47:35,806 - SwarmManager - ERROR - Handling failure of drone 1: Heartbeat timeout
2026-02-13 18:47:35,806 - SwarmManager - ERROR - Drone 1 crashed
2026-02-13 18:47:35,807 - SwarmManager - ERROR - Handling failure of drone 1: Crashed
2026-02-13 18:47:35,808 - Drone_2 - INFO - Drone 2: Flying to {'x': 2385.7520213582966, 'y': 2453.8443566132783, 'z': 60.0}
2026-02-13 18:47:35,808 - Drone_4 - INFO - Drone 4: Flying to {'x': 2404.8905083600566, 'y': 2389.1143920274435, 'z': 60.0}
2026-02-13 18:47:36,278 - Drone_2 - INFO - Drone 2: Reached target position
2026-02-13 18:47:36,809 - SwarmManager - ERROR - Drone 1 heartbeat timeout
2026-02-13 18:47:36,810 - SwarmManager - ERROR - Handling failure of drone 1: Heartbeat timeout
2026-02-13 18:47:36,811 - SwarmManager - ERROR - Drone 1 crashed
2026-02-13 18:47:36,812 - SwarmManager - ERROR - Handling failure of drone 1: Crashed
2026-02-13 18:47:36,813 - Drone_2 - INFO - Drone 2: Flying to {'x': 2378.0106528738474, 'y': 2451.5753122868887, 'z': 60.0}
2026-02-13 18:47:36,814 - Drone_4 - INFO - Drone 4: Flying to {'x': 2397.179581099877, 'y': 2386.854355938382, 'z': 60.0}
2026-02-13 18:47:37,285 - Drone_2 - INFO - Drone 2: Reached target position
2026-02-13 18:47:37,815 - SwarmManager - ERROR - Drone 1 heartbeat timeout
2026-02-13 18:47:37,816 - SwarmManager - ERROR - Handling failure of drone 1: Heartbeat timeout
2026-02-13 18:47:37,817 - SwarmManager - ERROR - Drone 1 crashed
2026-02-13 18:47:37,818 - SwarmManager - ERROR - Handling failure of drone 1: Crashed
2026-02-13 18:47:37,818 - Drone_2 - INFO - Drone 2: Flying to {'x': 2370.2743258847813, 'y': 2449.299194718944, 'z': 60.0}
2026-02-13 18:47:37,819 - Drone_4 - INFO - Drone 4: Flying to {'x': 2389.466642214774, 'y': 2384.5851700110843, 'z': 60.0}
2026-02-13 18:47:38,292 - Drone_2 - INFO - Drone 2: Reached target position
2026-02-13 18:47:38,820 - SwarmManager - ERROR - Drone 1 heartbeat timeout
2026-02-13 18:47:38,821 - SwarmManager - ERROR - Handling failure of drone 1: Heartbeat timeout
2026-02-13 18:47:38,822 - SwarmManager - ERROR - Drone 1 crashed
2026-02-13 18:47:38,823 - SwarmManager - ERROR - Handling failure of drone 1: Crashed
2026-02-13 18:47:38,825 - Drone_2 - INFO - Drone 2: Flying to {'x': 2362.5305090294505, 'y': 2447.013108041958, 'z': 60.0}
2026-02-13 18:47:38,825 - Drone_4 - INFO - Drone 4: Flying to {'x': 2381.739016272405, 'y': 2382.3038872964, 'z': 60.0}
2026-02-13 18:47:39,297 - Drone_2 - INFO - Drone 2: Reached target position
2026-02-13 18:47:39,827 - SwarmManager - ERROR - Drone 1 heartbeat timeout
2026-02-13 18:47:39,827 - SwarmManager - ERROR - Handling failure of drone 1: Heartbeat timeout
2026-02-13 18:47:39,827 - SwarmManager - ERROR - Drone 1 crashed
2026-02-13 18:47:39,828 - SwarmManager - ERROR - Handling failure of drone 1: Crashed
2026-02-13 18:47:39,828 - Drone_2 - INFO - Drone 2: Flying to {'x': 2354.824224813387, 'y': 2444.731212152788, 'z': 60.0}
2026-02-13 18:47:39,828 - Drone_4 - INFO - Drone 4: Flying to {'x': 2374.041511122948, 'y': 2380.0245980635286, 'z': 60.0}
2026-02-13 18:47:40,302 - Drone_2 - INFO - Drone 2: Reached target position
2026-02-13 18:47:40,829 - SwarmManager - ERROR - Drone 1 heartbeat timeout
2026-02-13 18:47:40,829 - SwarmManager - ERROR - Handling failure of drone 1: Heartbeat timeout
2026-02-13 18:47:40,830 - SwarmManager - ERROR - Drone 1 crashed
2026-02-13 18:47:40,830 - SwarmManager - ERROR - Handling failure of drone 1: Crashed
2026-02-13 18:47:40,831 - Drone_2 - INFO - Drone 2: Flying to {'x': 2347.105449479449, 'y': 2442.439583111618, 'z': 60.0}
2026-02-13 18:47:40,831 - Drone_4 - INFO - Drone 4: Flying to {'x': 2366.324049308063, 'y': 2377.7333591402903, 'z': 60.0}
2026-02-13 18:47:41,307 - Drone_2 - INFO - Drone 2: Reached target position
2026-02-13 18:47:41,831 - SwarmManager - ERROR - Drone 1 heartbeat timeout
2026-02-13 18:47:41,834 - SwarmManager - ERROR - Handling failure of drone 1: Heartbeat timeout
2026-02-13 18:47:41,835 - SwarmManager - ERROR - Drone 1 crashed
2026-02-13 18:47:41,836 - SwarmManager - ERROR - Handling failure of drone 1: Crashed
2026-02-13 18:47:41,838 - Drone_2 - INFO - Drone 2: Flying to {'x': 2339.376738966554, 'y': 2440.13984246361, 'z': 60.0}
2026-02-13 18:47:41,839 - Drone_4 - INFO - Drone 4: Flying to {'x': 2358.589024310379, 'y': 2375.4317433424994, 'z': 60.0}
2026-02-13 18:47:42,313 - Drone_2 - INFO - Drone 2: Reached target position
2026-02-13 18:47:42,839 - SwarmManager - ERROR - Drone 1 heartbeat timeout
2026-02-13 18:47:42,840 - SwarmManager - ERROR - Handling failure of drone 1: Heartbeat timeout
2026-02-13 18:47:42,840 - SwarmManager - ERROR - Drone 1 crashed
2026-02-13 18:47:42,840 - SwarmManager - ERROR - Handling failure of drone 1: Crashed
2026-02-13 18:47:42,841 - Drone_2 - INFO - Drone 2: Flying to {'x': 2331.671280937022, 'y': 2437.8427939060266, 'z': 60.0}
2026-02-13 18:47:42,841 - Drone_4 - INFO - Drone 4: Flying to {'x': 2350.8695602862254, 'y': 2373.130537956864, 'z': 60.0}
2026-02-13 18:47:43,321 - Drone_2 - INFO - Drone 2: Reached target position
2026-02-13 18:47:43,841 - SwarmManager - ERROR - Drone 1 heartbeat timeout
2026-02-13 18:47:43,842 - SwarmManager - ERROR - Handling failure of drone 1: Heartbeat timeout
2026-02-13 18:47:43,842 - SwarmManager - ERROR - Drone 1 crashed
2026-02-13 18:47:43,842 - SwarmManager - ERROR - Handling failure of drone 1: Crashed
2026-02-13 18:47:43,843 - Drone_2 - INFO - Drone 2: Flying to {'x': 2323.97757561638, 'y': 2435.545976909625, 'z': 60.0}
2026-02-13 18:47:43,843 - Drone_4 - INFO - Drone 4: Flying to {'x': 2343.1540990830545, 'y': 2370.8272705896434, 'z': 60.0}
2026-02-13 18:47:44,328 - Drone_2 - INFO - Drone 2: Reached target position
2026-02-13 18:47:44,843 - SwarmManager - ERROR - Drone 1 heartbeat timeout
2026-02-13 18:47:44,844 - SwarmManager - ERROR - Handling failure of drone 1: Heartbeat timeout
2026-02-13 18:47:44,844 - SwarmManager - ERROR - Drone 1 crashed
2026-02-13 18:47:44,845 - SwarmManager - ERROR - Handling failure of drone 1: Crashed
2026-02-13 18:47:44,845 - Drone_2 - INFO - Drone 2: Flying to {'x': 2316.2800134394606, 'y': 2433.245700372804, 'z': 60.0}
2026-02-13 18:47:44,845 - Drone_4 - INFO - Drone 4: Flying to {'x': 2335.4269302267817, 'y': 2368.518228789717, 'z': 60.0}
2026-02-13 18:47:45,336 - Drone_2 - INFO - Drone 2: Reached target position
2026-02-13 18:47:45,846 - SwarmManager - ERROR - Drone 1 heartbeat timeout
2026-02-13 18:47:45,846 - SwarmManager - ERROR - Handling failure of drone 1: Heartbeat timeout
2026-02-13 18:47:45,847 - SwarmManager - ERROR - Drone 1 crashed
2026-02-13 18:47:45,848 - SwarmManager - ERROR - Handling failure of drone 1: Crashed
2026-02-13 18:47:45,848 - Drone_2 - INFO - Drone 2: Flying to {'x': 2308.5809390184427, 'y': 2430.9436500333145, 'z': 60.0}
2026-02-13 18:47:45,848 - Drone_4 - INFO - Drone 4: Flying to {'x': 2327.690352776344, 'y': 2366.205096559906, 'z': 60.0}
2026-02-13 18:47:46,340 - Drone_2 - INFO - Drone 2: Reached target position
2026-02-13 18:47:46,849 - SwarmManager - ERROR - Drone 1 heartbeat timeout
2026-02-13 18:47:46,850 - SwarmManager - ERROR - Handling failure of drone 1: Heartbeat timeout
2026-02-13 18:47:46,851 - SwarmManager - ERROR - Drone 1 crashed
2026-02-13 18:47:46,851 - SwarmManager - ERROR - Handling failure of drone 1: Crashed
2026-02-13 18:47:46,852 - Drone_2 - INFO - Drone 2: Flying to {'x': 2300.900481012037, 'y': 2428.646852826329, 'z': 60.0}
2026-02-13 18:47:46,852 - Drone_4 - INFO - Drone 4: Flying to {'x': 2319.9645970468646, 'y': 2363.894945674411, 'z': 60.0}
2026-02-13 18:47:47,347 - Drone_2 - INFO - Drone 2: Reached target position
2026-02-13 18:47:47,852 - SwarmManager - ERROR - Drone 1 heartbeat timeout
2026-02-13 18:47:47,853 - SwarmManager - ERROR - Handling failure of drone 1: Heartbeat timeout
2026-02-13 18:47:47,853 - SwarmManager - ERROR - Drone 1 crashed
2026-02-13 18:47:47,854 - SwarmManager - ERROR - Handling failure of drone 1: Crashed
2026-02-13 18:47:47,854 - Drone_2 - INFO - Drone 2: Flying to {'x': 2293.208088152707, 'y': 2426.3471982402843, 'z': 60.0}
2026-02-13 18:47:47,854 - Drone_4 - INFO - Drone 4: Flying to {'x': 2312.218943961957, 'y': 2361.5796341252126, 'z': 60.0}
2026-02-13 18:47:48,353 - Drone_2 - INFO - Drone 2: Reached target position
2026-02-13 18:47:48,855 - SwarmManager - ERROR - Drone 1 heartbeat timeout
2026-02-13 18:47:48,856 - SwarmManager - ERROR - Handling failure of drone 1: Heartbeat timeout
2026-02-13 18:47:48,858 - SwarmManager - ERROR - Drone 1 crashed
2026-02-13 18:47:48,859 - SwarmManager - ERROR - Handling failure of drone 1: Crashed
2026-02-13 18:47:48,859 - Drone_2 - INFO - Drone 2: Flying to {'x': 2285.5158303224434, 'y': 2424.0493361808835, 'z': 60.0}
2026-02-13 18:47:48,860 - Drone_4 - INFO - Drone 4: Flying to {'x': 2304.465556717124, 'y': 2359.2638604199788, 'z': 60.0}
2026-02-13 18:47:49,361 - Drone_2 - INFO - Drone 2: Reached target position
2026-02-13 18:47:49,861 - SwarmManager - ERROR - Drone 1 heartbeat timeout
2026-02-13 18:47:49,862 - SwarmManager - ERROR - Handling failure of drone 1: Heartbeat timeout
2026-02-13 18:47:49,863 - SwarmManager - ERROR - Drone 1 crashed
2026-02-13 18:47:49,864 - SwarmManager - ERROR - Handling failure of drone 1: Crashed
2026-02-13 18:47:49,865 - Drone_2 - INFO - Drone 2: Flying to {'x': 2278.5924996934336, 'y': 2421.98353994234, 'z': 60.0}
2026-02-13 18:47:49,866 - Drone_4 - INFO - Drone 4: Flying to {'x': 2297.4805226513336, 'y': 2357.1800478393534, 'z': 60.0}
2026-02-13 18:47:50,167 - Drone_2 - INFO - Drone 2: Reached target position
2026-02-13 18:47:50,666 - Drone_4 - INFO - Drone 4: Reached target position
2026-02-13 18:47:50,866 - SwarmManager - ERROR - Drone 1 heartbeat timeout
2026-02-13 18:47:50,867 - SwarmManager - ERROR - Handling failure of drone 1: Heartbeat timeout
2026-02-13 18:47:50,867 - SwarmManager - ERROR - Drone 1 crashed
2026-02-13 18:47:50,867 - SwarmManager - ERROR - Handling failure of drone 1: Crashed
2026-02-13 18:47:50,868 - Drone_2 - INFO - Drone 2: Flying to {'x': 2270.9309857288254, 'y': 2419.701065602895, 'z': 60.0}
2026-02-13 18:47:50,868 - Drone_4 - INFO - Drone 4: Flying to {'x': 2289.7434184426356, 'y': 2354.875589319351, 'z': 60.0}
2026-02-13 18:47:51,273 - Drone_2 - INFO - Drone 2: Reached target position
2026-02-13 18:47:51,471 - Drone_4 - INFO - Drone 4: Reached target position
2026-02-13 18:47:51,600 - PhysicalMLTrainer_Drone4 - INFO - Physical ML model trained drone=4 samples=3301 degree=2 alpha=1.0 val_mse=0.056165
2026-02-13 18:47:51,601 - PhysicalMLTrainer_Drone5 - INFO - Physical ML model trained drone=5 samples=3301 degree=2 alpha=1.0 val_mse=0.177857
2026-02-13 18:47:51,602 - PhysicalMLTrainer_Drone3 - INFO - Physical ML model trained drone=3 samples=3301 degree=2 alpha=0.0 val_mse=0.000000
2026-02-13 18:47:51,693 - PhysicalMLTrainer_Drone2 - INFO - Physical ML model trained drone=2 samples=3301 degree=2 alpha=0.0 val_mse=0.069459
2026-02-13 18:47:51,868 - SwarmManager - ERROR - Drone 1 heartbeat timeout
2026-02-13 18:47:51,870 - SwarmManager - ERROR - Handling failure of drone 1: Heartbeat timeout
2026-02-13 18:47:51,870 - SwarmManager - ERROR - Drone 1 crashed
2026-02-13 18:47:51,871 - SwarmManager - ERROR - Handling failure of drone 1: Crashed
2026-02-13 18:47:51,872 - Drone_2 - INFO - Drone 2: Flying to {'x': 2263.0473606780697, 'y': 2417.3574485973018, 'z': 60.0}
2026-02-13 18:47:51,872 - Drone_4 - INFO - Drone 4: Flying to {'x': 2281.774107459337, 'y': 2352.507167526282, 'z': 60.0}
2026-02-13 18:47:52,297 - Drone_2 - INFO - Drone 2: Reached target position
2026-02-13 18:47:52,305 - Drone_4 - INFO - Drone 4: Reached target position
2026-02-13 18:47:52,873 - SwarmManager - ERROR - Drone 1 heartbeat timeout
2026-02-13 18:47:52,874 - SwarmManager - ERROR - Handling failure of drone 1: Heartbeat timeout
2026-02-13 18:47:52,875 - SwarmManager - ERROR - Drone 1 crashed
2026-02-13 18:47:52,876 - SwarmManager - ERROR - Handling failure of drone 1: Crashed
2026-02-13 18:47:52,877 - Drone_2 - INFO - Drone 2: Flying to {'x': 2255.3786766390776, 'y': 2415.0836711454735, 'z': 60.0}
2026-02-13 18:47:52,878 - Drone_4 - INFO - Drone 4: Flying to {'x': 2274.014520062421, 'y': 2350.20720900472, 'z': 60.0}
2026-02-13 18:47:53,303 - Drone_2 - INFO - Drone 2: Reached target position
2026-02-13 18:47:53,311 - Drone_4 - INFO - Drone 4: Reached target position
2026-02-13 18:47:53,879 - SwarmManager - ERROR - Drone 1 heartbeat timeout
2026-02-13 18:47:53,880 - SwarmManager - ERROR - Handling failure of drone 1: Heartbeat timeout
2026-02-13 18:47:53,880 - SwarmManager - ERROR - Drone 1 crashed
2026-02-13 18:47:53,881 - SwarmManager - ERROR - Handling failure of drone 1: Crashed
2026-02-13 18:47:53,881 - Drone_2 - INFO - Drone 2: Flying to {'x': 2247.717781882887, 'y': 2412.8191398825825, 'z': 60.0}
2026-02-13 18:47:53,882 - Drone_4 - INFO - Drone 4: Flying to {'x': 2266.255543896673, 'y': 2347.9145839599028, 'z': 60.0}
2026-02-13 18:47:54,309 - Drone_2 - INFO - Drone 2: Reached target position
2026-02-13 18:47:54,319 - Drone_4 - INFO - Drone 4: Reached target position
2026-02-13 18:47:54,882 - SwarmManager - ERROR - Drone 1 heartbeat timeout
2026-02-13 18:47:54,883 - SwarmManager - ERROR - Handling failure of drone 1: Heartbeat timeout
2026-02-13 18:47:54,885 - SwarmManager - ERROR - Drone 1 crashed
2026-02-13 18:47:54,886 - SwarmManager - ERROR - Handling failure of drone 1: Crashed
2026-02-13 18:47:54,887 - Drone_2 - INFO - Drone 2: Flying to {'x': 2240.0442420690415, 'y': 2410.5588784974025, 'z': 60.0}
2026-02-13 18:47:54,888 - Drone_4 - INFO - Drone 4: Flying to {'x': 2258.476671758437, 'y': 2345.6243304066866, 'z': 60.0}
2026-02-13 18:47:55,317 - Drone_2 - INFO - Drone 2: Reached target position
2026-02-13 18:47:55,327 - Drone_4 - INFO - Drone 4: Reached target position
2026-02-13 18:47:55,889 - SwarmManager - ERROR - Drone 1 heartbeat timeout
2026-02-13 18:47:55,891 - SwarmManager - ERROR - Handling failure of drone 1: Heartbeat timeout
2026-02-13 18:47:55,892 - SwarmManager - ERROR - Drone 1 crashed
2026-02-13 18:47:55,893 - SwarmManager - ERROR - Handling failure of drone 1: Crashed
2026-02-13 18:47:55,893 - Drone_2 - INFO - Drone 2: Flying to {'x': 2232.3779705089523, 'y': 2408.309805075371, 'z': 60.0}
2026-02-13 18:47:55,894 - Drone_4 - INFO - Drone 4: Flying to {'x': 2250.6983078847393, 'y': 2343.3435427660975, 'z': 60.0}
2026-02-13 18:47:56,324 - Drone_2 - INFO - Drone 2: Reached target position
2026-02-13 18:47:56,334 - Drone_4 - INFO - Drone 4: Reached target position
2026-02-13 18:47:56,895 - SwarmManager - ERROR - Drone 1 heartbeat timeout
2026-02-13 18:47:56,895 - SwarmManager - ERROR - Handling failure of drone 1: Heartbeat timeout
2026-02-13 18:47:56,896 - SwarmManager - ERROR - Drone 1 crashed
2026-02-13 18:47:56,896 - SwarmManager - ERROR - Handling failure of drone 1: Crashed
2026-02-13 18:47:56,897 - Drone_2 - INFO - Drone 2: Flying to {'x': 2224.71145913311, 'y': 2406.0707376853725, 'z': 60.0}
2026-02-13 18:47:56,897 - Drone_4 - INFO - Drone 4: Flying to {'x': 2242.913098348152, 'y': 2341.0711197642995, 'z': 60.0}
2026-02-13 18:47:57,330 - Drone_2 - INFO - Drone 2: Reached target position
2026-02-13 18:47:57,341 - Drone_4 - INFO - Drone 4: Reached target position
2026-02-13 18:47:57,898 - SwarmManager - ERROR - Drone 1 heartbeat timeout
2026-02-13 18:47:57,898 - SwarmManager - ERROR - Handling failure of drone 1: Heartbeat timeout
2026-02-13 18:47:57,899 - SwarmManager - ERROR - Drone 1 crashed
2026-02-13 18:47:57,899 - SwarmManager - ERROR - Handling failure of drone 1: Crashed
2026-02-13 18:47:57,900 - Drone_2 - INFO - Drone 2: Flying to {'x': 2217.04847753685, 'y': 2403.843784481989, 'z': 60.0}
2026-02-13 18:47:57,900 - Drone_4 - INFO - Drone 4: Flying to {'x': 2235.125158589098, 'y': 2338.8093043800054, 'z': 60.0}
2026-02-13 18:47:58,336 - Drone_2 - INFO - Drone 2: Reached target position
2026-02-13 18:47:58,346 - Drone_4 - INFO - Drone 4: Reached target position
2026-02-13 18:47:58,900 - SwarmManager - ERROR - Drone 1 heartbeat timeout
2026-02-13 18:47:58,900 - SwarmManager - ERROR - Handling failure of drone 1: Heartbeat timeout
2026-02-13 18:47:58,901 - SwarmManager - ERROR - Drone 1 crashed
2026-02-13 18:47:58,901 - SwarmManager - ERROR - Handling failure of drone 1: Crashed
2026-02-13 18:47:58,901 - Drone_2 - INFO - Drone 2: Flying to {'x': 2209.380074325159, 'y': 2401.627342622279, 'z': 60.0}
2026-02-13 18:47:58,901 - Drone_4 - INFO - Drone 4: Flying to {'x': 2227.325700926605, 'y': 2336.5565774056204, 'z': 60.0}
2026-02-13 18:47:59,342 - Drone_2 - INFO - Drone 2: Reached target position
2026-02-13 18:47:59,352 - Drone_4 - INFO - Drone 4: Reached target position
2026-02-13 18:47:59,902 - SwarmManager - ERROR - Drone 1 heartbeat timeout
2026-02-13 18:47:59,903 - SwarmManager - ERROR - Handling failure of drone 1: Heartbeat timeout
2026-02-13 18:47:59,904 - SwarmManager - ERROR - Drone 1 crashed
2026-02-13 18:47:59,904 - SwarmManager - ERROR - Handling failure of drone 1: Crashed
2026-02-13 18:47:59,906 - Drone_2 - INFO - Drone 2: Flying to {'x': 2201.7173105722827, 'y': 2399.425574203718, 'z': 60.0}
2026-02-13 18:47:59,906 - Drone_4 - INFO - Drone 4: Flying to {'x': 2219.5263150516744, 'y': 2334.3172847203273, 'z': 60.0}
2026-02-13 18:48:00,347 - Drone_2 - INFO - Drone 2: Reached target position
2026-02-13 18:48:00,358 - Drone_4 - INFO - Drone 4: Reached target position
2026-02-13 18:48:00,907 - SwarmManager - ERROR - Drone 1 heartbeat timeout
2026-02-13 18:48:00,908 - SwarmManager - ERROR - Handling failure of drone 1: Heartbeat timeout
2026-02-13 18:48:00,909 - SwarmManager - ERROR - Drone 1 crashed
2026-02-13 18:48:00,910 - SwarmManager - ERROR - Handling failure of drone 1: Crashed
2026-02-13 18:48:00,911 - Drone_2 - INFO - Drone 2: Flying to {'x': 2194.0570699867985, 'y': 2397.2384991631034, 'z': 60.0}
2026-02-13 18:48:00,912 - Drone_4 - INFO - Drone 4: Flying to {'x': 2211.7242037465085, 'y': 2332.0915699590605, 'z': 60.0}
2026-02-13 18:48:01,355 - Drone_2 - INFO - Drone 2: Reached target position
2026-02-13 18:48:01,365 - Drone_4 - INFO - Drone 4: Reached target position
2026-02-13 18:48:01,913 - SwarmManager - ERROR - Drone 1 heartbeat timeout
2026-02-13 18:48:01,914 - SwarmManager - ERROR - Handling failure of drone 1: Heartbeat timeout
2026-02-13 18:48:01,915 - SwarmManager - ERROR - Drone 1 crashed
2026-02-13 18:48:01,916 - SwarmManager - ERROR - Handling failure of drone 1: Crashed
2026-02-13 18:48:01,917 - Drone_2 - INFO - Drone 2: Flying to {'x': 2186.3839849398964, 'y': 2395.062664100626, 'z': 60.0}
2026-02-13 18:48:01,917 - Drone_4 - INFO - Drone 4: Flying to {'x': 2203.9040959661534, 'y': 2329.8760419329788, 'z': 60.0}
2026-02-13 18:48:02,364 - Drone_2 - INFO - Drone 2: Reached target position
2026-02-13 18:48:02,371 - Drone_4 - INFO - Drone 4: Reached target position
2026-02-13 18:48:02,918 - SwarmManager - ERROR - Drone 1 heartbeat timeout
2026-02-13 18:48:02,919 - SwarmManager - ERROR - Handling failure of drone 1: Heartbeat timeout
2026-02-13 18:48:02,920 - SwarmManager - ERROR - Drone 1 crashed
2026-02-13 18:48:02,921 - SwarmManager - ERROR - Handling failure of drone 1: Crashed
2026-02-13 18:48:02,923 - Drone_2 - INFO - Drone 2: Flying to {'x': 2178.7045796177763, 'y': 2392.9008423289683, 'z': 60.0}
2026-02-13 18:48:02,923 - Drone_4 - INFO - Drone 4: Flying to {'x': 2196.073039305521, 'y': 2327.673650084666, 'z': 60.0}
2026-02-13 18:48:03,371 - Drone_2 - INFO - Drone 2: Reached target position
2026-02-13 18:48:03,379 - Drone_4 - INFO - Drone 4: Reached target position
2026-02-13 18:48:03,925 - SwarmManager - ERROR - Drone 1 heartbeat timeout
2026-02-13 18:48:03,926 - SwarmManager - ERROR - Handling failure of drone 1: Heartbeat timeout
2026-02-13 18:48:03,927 - SwarmManager - ERROR - Drone 1 crashed
2026-02-13 18:48:03,927 - SwarmManager - ERROR - Handling failure of drone 1: Crashed
2026-02-13 18:48:03,928 - Drone_2 - INFO - Drone 2: Flying to {'x': 2171.0463508161447, 'y': 2390.761547583274, 'z': 60.0}
2026-02-13 18:48:03,928 - Drone_4 - INFO - Drone 4: Flying to {'x': 2188.2595238391277, 'y': 2325.493203997116, 'z': 60.0}
2026-02-13 18:48:04,378 - Drone_2 - INFO - Drone 2: Reached target position
2026-02-13 18:48:04,385 - Drone_4 - INFO - Drone 4: Reached target position
2026-02-13 18:48:04,929 - SwarmManager - ERROR - Drone 1 heartbeat timeout
2026-02-13 18:48:04,930 - SwarmManager - ERROR - Handling failure of drone 1: Heartbeat timeout
2026-02-13 18:48:04,930 - SwarmManager - ERROR - Drone 1 crashed
2026-02-13 18:48:04,930 - SwarmManager - ERROR - Handling failure of drone 1: Crashed
2026-02-13 18:48:04,931 - Drone_2 - INFO - Drone 2: Flying to {'x': 2163.3808999820963, 'y': 2388.6375814969233, 'z': 60.0}
2026-02-13 18:48:04,931 - Drone_4 - INFO - Drone 4: Flying to {'x': 2180.435043618066, 'y': 2323.3275042894684, 'z': 60.0}
2026-02-13 18:48:05,384 - Drone_2 - INFO - Drone 2: Reached target position
2026-02-13 18:48:05,390 - Drone_4 - INFO - Drone 4: Reached target position
2026-02-13 18:48:05,932 - SwarmManager - ERROR - Drone 1 heartbeat timeout
2026-02-13 18:48:05,932 - SwarmManager - ERROR - Handling failure of drone 1: Heartbeat timeout
2026-02-13 18:48:05,932 - SwarmManager - ERROR - Drone 1 crashed
2026-02-13 18:48:05,933 - SwarmManager - ERROR - Handling failure of drone 1: Crashed
2026-02-13 18:48:05,933 - Drone_2 - INFO - Drone 2: Flying to {'x': 2155.707427240466, 'y': 2386.5295021808292, 'z': 60.0}
2026-02-13 18:48:05,933 - Drone_4 - INFO - Drone 4: Flying to {'x': 2172.59924751824, 'y': 2321.177253499522, 'z': 60.0}
2026-02-13 18:48:06,393 - Drone_2 - INFO - Drone 2: Reached target position
2026-02-13 18:48:06,397 - Drone_4 - INFO - Drone 4: Reached target position
2026-02-13 18:48:06,934 - SwarmManager - ERROR - Drone 1 heartbeat timeout
2026-02-13 18:48:06,935 - SwarmManager - ERROR - Handling failure of drone 1: Heartbeat timeout
2026-02-13 18:48:06,935 - SwarmManager - ERROR - Drone 1 crashed
2026-02-13 18:48:06,936 - SwarmManager - ERROR - Handling failure of drone 1: Crashed
2026-02-13 18:48:06,936 - Drone_2 - INFO - Drone 2: Flying to {'x': 2148.0253004213982, 'y': 2384.4378719102097, 'z': 60.0}
2026-02-13 18:48:06,936 - Drone_4 - INFO - Drone 4: Flying to {'x': 2164.751973148689, 'y': 2319.0431594368447, 'z': 60.0}
2026-02-13 18:48:07,402 - Drone_4 - INFO - Drone 4: Reached target position
2026-02-13 18:48:07,403 - Drone_2 - INFO - Drone 2: Reached target position
2026-02-13 18:48:07,937 - SwarmManager - ERROR - Drone 1 heartbeat timeout
2026-02-13 18:48:07,938 - SwarmManager - ERROR - Handling failure of drone 1: Heartbeat timeout
2026-02-13 18:48:07,938 - SwarmManager - ERROR - Drone 1 crashed
2026-02-13 18:48:07,939 - SwarmManager - ERROR - Handling failure of drone 1: Crashed
2026-02-13 18:48:07,940 - Drone_2 - INFO - Drone 2: Flying to {'x': 2140.336646720271, 'y': 2382.3639473729327, 'z': 60.0}
2026-02-13 18:48:07,940 - Drone_4 - INFO - Drone 4: Flying to {'x': 2156.8958936544, 'y': 2316.9266388939423, 'z': 60.0}
2026-02-13 18:48:08,409 - Drone_2 - INFO - Drone 2: Reached target position
2026-02-13 18:48:08,409 - Drone_4 - INFO - Drone 4: Reached target position
2026-02-13 18:48:08,941 - SwarmManager - ERROR - Drone 1 heartbeat timeout
2026-02-13 18:48:08,943 - SwarmManager - ERROR - Handling failure of drone 1: Heartbeat timeout
2026-02-13 18:48:08,944 - SwarmManager - ERROR - Drone 1 crashed
2026-02-13 18:48:08,945 - SwarmManager - ERROR - Handling failure of drone 1: Crashed
2026-02-13 18:48:08,946 - Drone_2 - INFO - Drone 2: Flying to {'x': 2132.643376944942, 'y': 2380.308849523917, 'z': 60.0}
2026-02-13 18:48:08,946 - Drone_4 - INFO - Drone 4: Flying to {'x': 2149.0334766987958, 'y': 2314.8289699420284, 'z': 60.0}
2026-02-13 18:48:09,417 - Drone_2 - INFO - Drone 2: Reached target position
2026-02-13 18:48:09,418 - Drone_4 - INFO - Drone 4: Reached target position
2026-02-13 18:48:09,947 - SwarmManager - ERROR - Drone 1 heartbeat timeout
2026-02-13 18:48:09,949 - SwarmManager - ERROR - Handling failure of drone 1: Heartbeat timeout
2026-02-13 18:48:09,950 - SwarmManager - ERROR - Drone 1 crashed
2026-02-13 18:48:09,951 - SwarmManager - ERROR - Handling failure of drone 1: Crashed
2026-02-13 18:48:09,952 - Drone_2 - INFO - Drone 2: Flying to {'x': 2124.958314310342, 'y': 2378.2764883311934, 'z': 60.0}
2026-02-13 18:48:09,953 - Drone_4 - INFO - Drone 4: Flying to {'x': 2141.178355831017, 'y': 2312.754276425096, 'z': 60.0}
2026-02-13 18:48:10,422 - Drone_2 - INFO - Drone 2: Reached target position
2026-02-13 18:48:10,424 - Drone_4 - INFO - Drone 4: Reached target position
2026-02-13 18:48:10,954 - SwarmManager - ERROR - Drone 1 heartbeat timeout
2026-02-13 18:48:10,955 - SwarmManager - ERROR - Handling failure of drone 1: Heartbeat timeout
2026-02-13 18:48:10,956 - SwarmManager - ERROR - Drone 1 crashed
2026-02-13 18:48:10,957 - SwarmManager - ERROR - Handling failure of drone 1: Crashed
2026-02-13 18:48:10,959 - Drone_2 - INFO - Drone 2: Flying to {'x': 2117.2533722304383, 'y': 2376.259924425133, 'z': 60.0}
2026-02-13 18:48:10,959 - Drone_4 - INFO - Drone 4: Flying to {'x': 2133.3023553020016, 'y': 2310.695603774579, 'z': 60.0}
2026-02-13 18:48:11,427 - Drone_2 - INFO - Drone 2: Reached target position
2026-02-13 18:48:11,430 - Drone_4 - INFO - Drone 4: Reached target position
2026-02-13 18:48:11,737 - PhysicalMLTrainer_Drone5 - INFO - Physical ML model trained drone=5 samples=3501 degree=2 alpha=1.0 val_mse=0.245838
2026-02-13 18:48:11,742 - PhysicalMLTrainer_Drone3 - INFO - Physical ML model trained drone=3 samples=3501 degree=2 alpha=0.0 val_mse=0.000000
2026-02-13 18:48:11,748 - PhysicalMLTrainer_Drone4 - INFO - Physical ML model trained drone=4 samples=3501 degree=2 alpha=1.0 val_mse=0.150333
2026-02-13 18:48:11,844 - PhysicalMLTrainer_Drone2 - INFO - Physical ML model trained drone=2 samples=3501 degree=2 alpha=0.0 val_mse=0.095397
2026-02-13 18:48:11,960 - SwarmManager - ERROR - Drone 1 heartbeat timeout
2026-02-13 18:48:11,961 - SwarmManager - ERROR - Handling failure of drone 1: Heartbeat timeout
2026-02-13 18:48:11,961 - SwarmManager - ERROR - Drone 1 crashed
2026-02-13 18:48:11,961 - SwarmManager - ERROR - Handling failure of drone 1: Crashed
2026-02-13 18:48:11,961 - Drone_2 - INFO - Drone 2: Flying to {'x': 2109.3770130847693, 'y': 2374.220700404469, 'z': 60.0}
2026-02-13 18:48:11,962 - Drone_4 - INFO - Drone 4: Flying to {'x': 2125.251113270078, 'y': 2308.613818575603, 'z': 60.0}
2026-02-13 18:48:12,448 - Drone_2 - INFO - Drone 2: Reached target position
2026-02-13 18:48:12,451 - Drone_4 - INFO - Drone 4: Reached target position
2026-02-13 18:48:12,963 - SwarmManager - ERROR - Drone 1 heartbeat timeout
2026-02-13 18:48:12,964 - SwarmManager - ERROR - Handling failure of drone 1: Heartbeat timeout
2026-02-13 18:48:12,965 - SwarmManager - ERROR - Drone 1 crashed
2026-02-13 18:48:12,966 - SwarmManager - ERROR - Handling failure of drone 1: Crashed
2026-02-13 18:48:12,967 - Drone_2 - INFO - Drone 2: Flying to {'x': 2101.6684921471847, 'y': 2372.2469154423898, 'z': 60.0}
2026-02-13 18:48:12,968 - Drone_4 - INFO - Drone 4: Flying to {'x': 2117.371964788674, 'y': 2306.5989836623403, 'z': 60.0}
2026-02-13 18:48:13,453 - Drone_2 - INFO - Drone 2: Reached target position
2026-02-13 18:48:13,457 - Drone_4 - INFO - Drone 4: Reached target position
2026-02-13 18:48:13,969 - SwarmManager - ERROR - Drone 1 heartbeat timeout
2026-02-13 18:48:13,969 - SwarmManager - ERROR - Handling failure of drone 1: Heartbeat timeout
2026-02-13 18:48:13,970 - SwarmManager - ERROR - Drone 1 crashed
2026-02-13 18:48:13,970 - SwarmManager - ERROR - Handling failure of drone 1: Crashed
2026-02-13 18:48:13,970 - Drone_2 - INFO - Drone 2: Flying to {'x': 2093.9544909677597, 'y': 2370.293762339429, 'z': 60.0}
2026-02-13 18:48:13,970 - Drone_4 - INFO - Drone 4: Flying to {'x': 2109.4882795336152, 'y': 2304.6054725703134, 'z': 60.0}
2026-02-13 18:48:14,458 - Drone_2 - INFO - Drone 2: Reached target position
2026-02-13 18:48:14,461 - Drone_4 - INFO - Drone 4: Reached target position
2026-02-13 18:48:14,972 - SwarmManager - ERROR - Drone 1 heartbeat timeout
2026-02-13 18:48:14,975 - SwarmManager - ERROR - Handling failure of drone 1: Heartbeat timeout
2026-02-13 18:48:14,976 - SwarmManager - ERROR - Drone 1 crashed
2026-02-13 18:48:14,976 - SwarmManager - ERROR - Handling failure of drone 1: Crashed
2026-02-13 18:48:14,977 - Drone_2 - INFO - Drone 2: Flying to {'x': 2086.2375758340218, 'y': 2368.362087789342, 'z': 60.0}
2026-02-13 18:48:14,977 - Drone_4 - INFO - Drone 4: Flying to {'x': 2101.6032131312018, 'y': 2302.6342611825576, 'z': 60.0}
2026-02-13 18:48:15,464 - Drone_2 - INFO - Drone 2: Reached target position
2026-02-13 18:48:15,467 - Drone_4 - INFO - Drone 4: Reached target position
2026-02-13 18:48:15,978 - SwarmManager - ERROR - Drone 1 heartbeat timeout
2026-02-13 18:48:15,979 - SwarmManager - ERROR - Handling failure of drone 1: Heartbeat timeout
2026-02-13 18:48:15,980 - SwarmManager - ERROR - Drone 1 crashed
2026-02-13 18:48:15,981 - SwarmManager - ERROR - Handling failure of drone 1: Crashed
2026-02-13 18:48:15,981 - Drone_2 - INFO - Drone 2: Flying to {'x': 2078.506151000547, 'y': 2366.4491563196652, 'z': 60.0}
2026-02-13 18:48:15,982 - Drone_4 - INFO - Drone 4: Flying to {'x': 2093.705447231133, 'y': 2300.68266489664, 'z': 60.0}
2026-02-13 18:48:16,470 - Drone_2 - INFO - Drone 2: Reached target position
2026-02-13 18:48:16,474 - Drone_4 - INFO - Drone 4: Reached target position
2026-02-13 18:48:16,982 - SwarmManager - ERROR - Drone 1 heartbeat timeout
2026-02-13 18:48:16,984 - SwarmManager - ERROR - Handling failure of drone 1: Heartbeat timeout
2026-02-13 18:48:16,986 - SwarmManager - ERROR - Drone 1 crashed
2026-02-13 18:48:16,987 - SwarmManager - ERROR - Handling failure of drone 1: Crashed
2026-02-13 18:48:16,988 - Drone_2 - INFO - Drone 2: Flying to {'x': 2070.7557984195832, 'y': 2364.5540392278667, 'z': 60.0}
2026-02-13 18:48:16,989 - Drone_4 - INFO - Drone 4: Flying to {'x': 2085.7909991036763, 'y': 2298.749839206979, 'z': 60.0}
2026-02-13 18:48:17,477 - Drone_2 - INFO - Drone 2: Reached target position
2026-02-13 18:48:17,480 - Drone_4 - INFO - Drone 4: Reached target position
2026-02-13 18:48:17,990 - SwarmManager - ERROR - Drone 1 heartbeat timeout
2026-02-13 18:48:17,991 - SwarmManager - ERROR - Handling failure of drone 1: Heartbeat timeout
2026-02-13 18:48:17,992 - SwarmManager - ERROR - Drone 1 crashed
2026-02-13 18:48:17,994 - SwarmManager - ERROR - Handling failure of drone 1: Crashed
2026-02-13 18:48:17,995 - Drone_2 - INFO - Drone 2: Flying to {'x': 2063.010140343761, 'y': 2362.6825179581606, 'z': 60.0}
2026-02-13 18:48:17,995 - Drone_4 - INFO - Drone 4: Flying to {'x': 2077.884501945304, 'y': 2296.8417755037613, 'z': 60.0}
2026-02-13 18:48:18,482 - Drone_2 - INFO - Drone 2: Reached target position
2026-02-13 18:48:18,485 - Drone_4 - INFO - Drone 4: Reached target position
2026-02-13 18:48:18,996 - SwarmManager - ERROR - Drone 1 heartbeat timeout
2026-02-13 18:48:18,998 - SwarmManager - ERROR - Handling failure of drone 1: Heartbeat timeout
2026-02-13 18:48:19,000 - SwarmManager - ERROR - Drone 1 crashed
2026-02-13 18:48:19,001 - SwarmManager - ERROR - Handling failure of drone 1: Crashed
2026-02-13 18:48:19,002 - Drone_2 - INFO - Drone 2: Flying to {'x': 2055.2468250230963, 'y': 2360.8291258797567, 'z': 60.0}
2026-02-13 18:48:19,003 - Drone_4 - INFO - Drone 4: Flying to {'x': 2069.963637586258, 'y': 2294.9529888650472, 'z': 60.0}
2026-02-13 18:48:19,488 - Drone_2 - INFO - Drone 2: Reached target position
2026-02-13 18:48:19,491 - Drone_4 - INFO - Drone 4: Reached target position
2026-02-13 18:48:20,004 - SwarmManager - ERROR - Drone 1 heartbeat timeout
2026-02-13 18:48:20,005 - SwarmManager - ERROR - Handling failure of drone 1: Heartbeat timeout
2026-02-13 18:48:20,007 - SwarmManager - ERROR - Drone 1 crashed
2026-02-13 18:48:20,008 - SwarmManager - ERROR - Handling failure of drone 1: Crashed
2026-02-13 18:48:20,009 - Drone_2 - INFO - Drone 2: Flying to {'x': 2047.498918077095, 'y': 2359.00156693998, 'z': 60.0}
2026-02-13 18:48:20,009 - Drone_4 - INFO - Drone 4: Flying to {'x': 2062.062614706307, 'y': 2293.0914103592813, 'z': 60.0}
2026-02-13 18:48:20,494 - Drone_2 - INFO - Drone 2: Reached target position
2026-02-13 18:48:20,497 - Drone_4 - INFO - Drone 4: Reached target position
2026-02-13 18:48:21,010 - SwarmManager - ERROR - Drone 1 heartbeat timeout
2026-02-13 18:48:21,011 - SwarmManager - ERROR - Handling failure of drone 1: Heartbeat timeout
2026-02-13 18:48:21,011 - SwarmManager - ERROR - Drone 1 crashed
2026-02-13 18:48:21,012 - SwarmManager - ERROR - Handling failure of drone 1: Crashed
2026-02-13 18:48:21,012 - Drone_2 - INFO - Drone 2: Flying to {'x': 2039.7451528835318, 'y': 2357.194522112847, 'z': 60.0}
2026-02-13 18:48:21,012 - Drone_4 - INFO - Drone 4: Flying to {'x': 2054.160189545878, 'y': 2291.251692949827, 'z': 60.0}
2026-02-13 18:48:21,500 - Drone_2 - INFO - Drone 2: Reached target position
2026-02-13 18:48:21,503 - Drone_4 - INFO - Drone 4: Reached target position
2026-02-13 18:48:22,013 - SwarmManager - ERROR - Drone 1 heartbeat timeout
2026-02-13 18:48:22,014 - SwarmManager - ERROR - Handling failure of drone 1: Heartbeat timeout
2026-02-13 18:48:22,014 - SwarmManager - ERROR - Drone 1 crashed
2026-02-13 18:48:22,014 - SwarmManager - ERROR - Handling failure of drone 1: Crashed
2026-02-13 18:48:22,015 - Drone_2 - INFO - Drone 2: Flying to {'x': 2031.9706353995862, 'y': 2355.4043015193506, 'z': 60.0}
2026-02-13 18:48:22,015 - Drone_4 - INFO - Drone 4: Flying to {'x': 2046.2416370891483, 'y': 2289.4301511968456, 'z': 60.0}
2026-02-13 18:48:22,506 - Drone_2 - INFO - Drone 2: Reached target position
2026-02-13 18:48:22,509 - Drone_4 - INFO - Drone 4: Reached target position
2026-02-13 18:48:23,015 - SwarmManager - ERROR - Drone 1 heartbeat timeout
2026-02-13 18:48:23,016 - SwarmManager - ERROR - Handling failure of drone 1: Heartbeat timeout
2026-02-13 18:48:23,017 - SwarmManager - ERROR - Drone 1 crashed
2026-02-13 18:48:23,018 - SwarmManager - ERROR - Handling failure of drone 1: Crashed
2026-02-13 18:48:23,018 - Drone_2 - INFO - Drone 2: Flying to {'x': 2024.203952720549, 'y': 2353.637139492444, 'z': 60.0}
2026-02-13 18:48:23,018 - Drone_4 - INFO - Drone 4: Flying to {'x': 2038.33649435358, 'y': 2287.6331906182245, 'z': 60.0}
2026-02-13 18:48:23,510 - Drone_2 - INFO - Drone 2: Reached target position
2026-02-13 18:48:23,513 - Drone_4 - INFO - Drone 4: Reached target position
2026-02-13 18:48:24,019 - SwarmManager - ERROR - Drone 1 heartbeat timeout
2026-02-13 18:48:24,020 - SwarmManager - ERROR - Handling failure of drone 1: Heartbeat timeout
2026-02-13 18:48:24,021 - SwarmManager - ERROR - Drone 1 crashed
2026-02-13 18:48:24,022 - SwarmManager - ERROR - Handling failure of drone 1: Crashed
2026-02-13 18:48:24,023 - Drone_2 - INFO - Drone 2: Flying to {'x': 2016.4024067126209, 'y': 2351.882970820054, 'z': 60.0}
2026-02-13 18:48:24,024 - Drone_4 - INFO - Drone 4: Flying to {'x': 2030.4017169051178, 'y': 2285.850635452189, 'z': 60.0}
2026-02-13 18:48:24,517 - Drone_2 - INFO - Drone 2: Reached target position
2026-02-13 18:48:24,521 - Drone_4 - INFO - Drone 4: Reached target position
2026-02-13 18:48:25,025 - SwarmManager - ERROR - Drone 1 heartbeat timeout
2026-02-13 18:48:25,027 - SwarmManager - ERROR - Handling failure of drone 1: Heartbeat timeout
2026-02-13 18:48:25,028 - SwarmManager - ERROR - Drone 1 crashed
2026-02-13 18:48:25,029 - SwarmManager - ERROR - Handling failure of drone 1: Crashed
2026-02-13 18:48:25,030 - Drone_2 - INFO - Drone 2: Flying to {'x': 2008.6053396760055, 'y': 2350.150231182053, 'z': 60.0}
2026-02-13 18:48:25,030 - Drone_4 - INFO - Drone 4: Flying to {'x': 2022.4777143067242, 'y': 2284.0911120378732, 'z': 60.0}
2026-02-13 18:48:25,523 - Drone_2 - INFO - Drone 2: Reached target position
2026-02-13 18:48:25,527 - Drone_4 - INFO - Drone 4: Reached target position
2026-02-13 18:48:26,031 - SwarmManager - ERROR - Drone 1 heartbeat timeout
2026-02-13 18:48:26,032 - SwarmManager - ERROR - Handling failure of drone 1: Heartbeat timeout
2026-02-13 18:48:26,032 - SwarmManager - ERROR - Drone 1 crashed
2026-02-13 18:48:26,032 - SwarmManager - ERROR - Handling failure of drone 1: Crashed
2026-02-13 18:48:26,033 - Drone_2 - INFO - Drone 2: Flying to {'x': 2000.7885937470296, 'y': 2348.433024364329, 'z': 60.0}
2026-02-13 18:48:26,033 - Drone_4 - INFO - Drone 4: Flying to {'x': 2014.5402900573154, 'y': 2282.3486778926444, 'z': 60.0}
2026-02-13 18:48:26,528 - Drone_2 - INFO - Drone 2: Reached target position
2026-02-13 18:48:26,532 - Drone_4 - INFO - Drone 4: Reached target position
2026-02-13 18:48:27,034 - SwarmManager - ERROR - Drone 1 heartbeat timeout
2026-02-13 18:48:27,035 - SwarmManager - ERROR - Handling failure of drone 1: Heartbeat timeout
2026-02-13 18:48:27,036 - SwarmManager - ERROR - Drone 1 crashed
2026-02-13 18:48:27,037 - SwarmManager - ERROR - Handling failure of drone 1: Crashed
2026-02-13 18:48:27,038 - Drone_2 - INFO - Drone 2: Flying to {'x': 1992.9821727277667, 'y': 2346.73732910167, 'z': 60.0}
2026-02-13 18:48:27,039 - Drone_4 - INFO - Drone 4: Flying to {'x': 2006.6202315360033, 'y': 2280.6294373493, 'z': 60.0}
2026-02-13 18:48:27,554 - Drone_2 - INFO - Drone 2: Reached target position
2026-02-13 18:48:27,554 - Drone_4 - INFO - Drone 4: Reached target position
2026-02-13 18:48:28,041 - SwarmManager - ERROR - Drone 1 heartbeat timeout
2026-02-13 18:48:28,042 - SwarmManager - ERROR - Handling failure of drone 1: Heartbeat timeout
2026-02-13 18:48:28,043 - SwarmManager - ERROR - Drone 1 crashed
2026-02-13 18:48:28,043 - SwarmManager - ERROR - Handling failure of drone 1: Crashed
2026-02-13 18:48:28,044 - Drone_2 - INFO - Drone 2: Flying to {'x': 1985.1614613231284, 'y': 2345.057115731664, 'z': 60.0}
2026-02-13 18:48:28,044 - Drone_4 - INFO - Drone 4: Flying to {'x': 1998.692851977167, 'y': 2278.9273080276657, 'z': 60.0}
2026-02-13 18:48:28,458 - Drone_2 - INFO - Drone 2: Reached target position
2026-02-13 18:48:28,461 - Drone_4 - INFO - Drone 4: Reached target position
2026-02-13 18:48:29,044 - SwarmManager - ERROR - Drone 1 heartbeat timeout
2026-02-13 18:48:29,045 - SwarmManager - ERROR - Handling failure of drone 1: Heartbeat timeout
2026-02-13 18:48:29,045 - SwarmManager - ERROR - Drone 1 crashed
2026-02-13 18:48:29,046 - SwarmManager - ERROR - Handling failure of drone 1: Crashed
2026-02-13 18:48:29,046 - Drone_2 - INFO - Drone 2: Flying to {'x': 1977.3464795189607, 'y': 2343.3959652932103, 'z': 60.0}
2026-02-13 18:48:29,047 - Drone_4 - INFO - Drone 4: Flying to {'x': 1990.7787094140126, 'y': 2277.245944884699, 'z': 60.0}
2026-02-13 18:48:29,465 - Drone_2 - INFO - Drone 2: Reached target position
2026-02-13 18:48:29,467 - Drone_4 - INFO - Drone 4: Reached target position
2026-02-13 18:48:30,048 - SwarmManager - ERROR - Drone 1 heartbeat timeout
2026-02-13 18:48:30,048 - SwarmManager - ERROR - Handling failure of drone 1: Heartbeat timeout
2026-02-13 18:48:30,049 - SwarmManager - ERROR - Drone 1 crashed
2026-02-13 18:48:30,049 - SwarmManager - ERROR - Handling failure of drone 1: Crashed
2026-02-13 18:48:30,049 - Drone_2 - INFO - Drone 2: Flying to {'x': 1969.5206869202261, 'y': 2341.749584238235, 'z': 60.0}
2026-02-13 18:48:30,049 - Drone_4 - INFO - Drone 4: Flying to {'x': 1982.861286476655, 'y': 2275.581023701716, 'z': 60.0}
2026-02-13 18:48:30,474 - Drone_2 - INFO - Drone 2: Reached target position
2026-02-13 18:48:30,474 - Drone_4 - INFO - Drone 4: Reached target position
2026-02-13 18:48:31,050 - SwarmManager - ERROR - Drone 1 heartbeat timeout
2026-02-13 18:48:31,051 - SwarmManager - ERROR - Handling failure of drone 1: Heartbeat timeout
2026-02-13 18:48:31,052 - SwarmManager - ERROR - Drone 1 crashed
2026-02-13 18:48:31,053 - SwarmManager - ERROR - Handling failure of drone 1: Crashed
2026-02-13 18:48:31,054 - Drone_2 - INFO - Drone 2: Flying to {'x': 1961.6841201884306, 'y': 2340.117209155985, 'z': 60.0}
2026-02-13 18:48:31,054 - Drone_4 - INFO - Drone 4: Flying to {'x': 1974.9408501883797, 'y': 2273.9317945262615, 'z': 60.0}
2026-02-13 18:48:31,481 - Drone_4 - INFO - Drone 4: Reached target position
2026-02-13 18:48:31,579 - Drone_2 - INFO - Drone 2: Reached target position
2026-02-13 18:48:31,887 - PhysicalMLTrainer_Drone3 - INFO - Physical ML model trained drone=3 samples=3701 degree=2 alpha=0.0 val_mse=0.000000
2026-02-13 18:48:31,894 - PhysicalMLTrainer_Drone5 - INFO - Physical ML model trained drone=5 samples=3701 degree=2 alpha=1.0 val_mse=0.000805
2026-02-13 18:48:31,897 - PhysicalMLTrainer_Drone4 - INFO - Physical ML model trained drone=4 samples=3701 degree=2 alpha=1.0 val_mse=0.277920
2026-02-13 18:48:31,996 - PhysicalMLTrainer_Drone2 - INFO - Physical ML model trained drone=2 samples=3701 degree=2 alpha=0.0 val_mse=0.004382
2026-02-13 18:48:32,055 - SwarmManager - ERROR - Drone 1 heartbeat timeout
2026-02-13 18:48:32,057 - SwarmManager - ERROR - Handling failure of drone 1: Heartbeat timeout
2026-02-13 18:48:32,057 - SwarmManager - ERROR - Drone 1 crashed
2026-02-13 18:48:32,058 - SwarmManager - ERROR - Handling failure of drone 1: Crashed
2026-02-13 18:48:32,058 - Drone_2 - INFO - Drone 2: Flying to {'x': 1954.3394496607186, 'y': 2338.6013170193296, 'z': 60.0}
2026-02-13 18:48:32,059 - Drone_4 - INFO - Drone 4: Flying to {'x': 1967.524891877277, 'y': 2272.401663594604, 'z': 60.0}
2026-02-13 18:48:32,499 - Drone_2 - INFO - Drone 2: Reached target position
2026-02-13 18:48:32,501 - Drone_4 - INFO - Drone 4: Reached target position
2026-02-13 18:48:33,060 - SwarmManager - ERROR - Drone 1 heartbeat timeout
2026-02-13 18:48:33,061 - SwarmManager - ERROR - Handling failure of drone 1: Heartbeat timeout
2026-02-13 18:48:33,062 - SwarmManager - ERROR - Drone 1 crashed
2026-02-13 18:48:33,063 - SwarmManager - ERROR - Handling failure of drone 1: Crashed
2026-02-13 18:48:33,064 - Drone_2 - INFO - Drone 2: Flying to {'x': 1946.493191366753, 'y': 2336.995971647916, 'z': 60.0}
2026-02-13 18:48:33,065 - Drone_4 - INFO - Drone 4: Flying to {'x': 1959.6104353076855, 'y': 2270.7827712163253, 'z': 60.0}
2026-02-13 18:48:33,506 - Drone_4 - INFO - Drone 4: Reached target position
2026-02-13 18:48:33,606 - Drone_2 - INFO - Drone 2: Reached target position
2026-02-13 18:48:34,066 - SwarmManager - ERROR - Drone 1 heartbeat timeout
2026-02-13 18:48:34,066 - SwarmManager - ERROR - Handling failure of drone 1: Heartbeat timeout
2026-02-13 18:48:34,067 - SwarmManager - ERROR - Drone 1 crashed
2026-02-13 18:48:34,067 - SwarmManager - ERROR - Handling failure of drone 1: Crashed
2026-02-13 18:48:34,067 - Drone_2 - INFO - Drone 2: Flying to {'x': 1938.6326330480083, 'y': 2335.4013653891757, 'z': 60.0}
2026-02-13 18:48:34,067 - Drone_4 - INFO - Drone 4: Flying to {'x': 1951.6899141950598, 'y': 2269.1763141695133, 'z': 60.0}
2026-02-13 18:48:34,513 - Drone_4 - INFO - Drone 4: Reached target position
2026-02-13 18:48:34,612 - Drone_2 - INFO - Drone 2: Reached target position
2026-02-13 18:48:35,068 - SwarmManager - ERROR - Drone 1 heartbeat timeout
2026-02-13 18:48:35,069 - SwarmManager - ERROR - Handling failure of drone 1: Heartbeat timeout
2026-02-13 18:48:35,069 - SwarmManager - ERROR - Drone 1 crashed
2026-02-13 18:48:35,069 - SwarmManager - ERROR - Handling failure of drone 1: Crashed
2026-02-13 18:48:35,070 - Drone_2 - INFO - Drone 2: Flying to {'x': 1930.7778418091211, 'y': 2333.82060783436, 'z': 60.0}
2026-02-13 18:48:35,070 - Drone_4 - INFO - Drone 4: Flying to {'x': 1943.7836549655194, 'y': 2267.5854296875414, 'z': 60.0}
2026-02-13 18:48:35,519 - Drone_4 - INFO - Drone 4: Reached target position
2026-02-13 18:48:35,618 - Drone_2 - INFO - Drone 2: Reached target position
2026-02-13 18:48:36,071 - SwarmManager - ERROR - Drone 1 heartbeat timeout
2026-02-13 18:48:36,072 - SwarmManager - ERROR - Handling failure of drone 1: Heartbeat timeout
2026-02-13 18:48:36,073 - SwarmManager - ERROR - Drone 1 crashed
2026-02-13 18:48:36,074 - SwarmManager - ERROR - Handling failure of drone 1: Crashed
2026-02-13 18:48:36,075 - Drone_2 - INFO - Drone 2: Flying to {'x': 1922.9135089697913, 'y': 2332.2496181533975, 'z': 60.0}
2026-02-13 18:48:36,075 - Drone_4 - INFO - Drone 4: Flying to {'x': 1935.8763220453209, 'y': 2266.0060110869877, 'z': 60.0}
2026-02-13 18:48:36,525 - Drone_4 - INFO - Drone 4: Reached target position
2026-02-13 18:48:36,624 - Drone_2 - INFO - Drone 2: Reached target position
2026-02-13 18:48:37,076 - SwarmManager - ERROR - Drone 1 heartbeat timeout
2026-02-13 18:48:37,077 - SwarmManager - ERROR - Handling failure of drone 1: Heartbeat timeout
2026-02-13 18:48:37,078 - SwarmManager - ERROR - Drone 1 crashed
2026-02-13 18:48:37,079 - SwarmManager - ERROR - Handling failure of drone 1: Crashed
2026-02-13 18:48:37,080 - Drone_2 - INFO - Drone 2: Flying to {'x': 1915.0278088296063, 'y': 2330.685066109673, 'z': 60.0}
2026-02-13 18:48:37,080 - Drone_4 - INFO - Drone 4: Flying to {'x': 1927.956118329098, 'y': 2264.4347165748563, 'z': 60.0}
2026-02-13 18:48:37,532 - Drone_4 - INFO - Drone 4: Reached target position
2026-02-13 18:48:37,631 - Drone_2 - INFO - Drone 2: Reached target position
2026-02-13 18:48:38,081 - SwarmManager - ERROR - Drone 1 heartbeat timeout
2026-02-13 18:48:38,082 - SwarmManager - ERROR - Handling failure of drone 1: Heartbeat timeout
2026-02-13 18:48:38,083 - SwarmManager - ERROR - Drone 1 crashed
2026-02-13 18:48:38,084 - SwarmManager - ERROR - Handling failure of drone 1: Crashed
2026-02-13 18:48:38,084 - Drone_2 - INFO - Drone 2: Flying to {'x': 1907.1425839624019, 'y': 2329.130269223017, 'z': 60.0}
2026-02-13 18:48:38,085 - Drone_4 - INFO - Drone 4: Flying to {'x': 1920.0450353320123, 'y': 2262.87487888642, 'z': 60.0}
2026-02-13 18:48:38,539 - Drone_4 - INFO - Drone 4: Reached target position
2026-02-13 18:48:38,637 - Drone_2 - INFO - Drone 2: Reached target position
2026-02-13 18:48:39,086 - SwarmManager - ERROR - Drone 1 heartbeat timeout
2026-02-13 18:48:39,086 - SwarmManager - ERROR - Handling failure of drone 1: Heartbeat timeout
2026-02-13 18:48:39,087 - SwarmManager - ERROR - Drone 1 crashed
2026-02-13 18:48:39,087 - SwarmManager - ERROR - Handling failure of drone 1: Crashed
2026-02-13 18:48:39,088 - Drone_2 - INFO - Drone 2: Flying to {'x': 1899.2662585221087, 'y': 2327.5857997310036, 'z': 60.0}
2026-02-13 18:48:39,088 - Drone_4 - INFO - Drone 4: Flying to {'x': 1912.1515057366883, 'y': 2261.327061407525, 'z': 60.0}
2026-02-13 18:48:39,545 - Drone_4 - INFO - Drone 4: Reached target position
2026-02-13 18:48:39,643 - Drone_2 - INFO - Drone 2: Reached target position
2026-02-13 18:48:40,089 - SwarmManager - ERROR - Drone 1 heartbeat timeout
2026-02-13 18:48:40,090 - SwarmManager - ERROR - Handling failure of drone 1: Heartbeat timeout
2026-02-13 18:48:40,091 - SwarmManager - ERROR - Drone 1 crashed
2026-02-13 18:48:40,092 - SwarmManager - ERROR - Handling failure of drone 1: Crashed
2026-02-13 18:48:40,093 - Drone_2 - INFO - Drone 2: Flying to {'x': 1891.377315000393, 'y': 2326.0463594021085, 'z': 60.0}
2026-02-13 18:48:40,094 - Drone_4 - INFO - Drone 4: Flying to {'x': 1904.25394567915, 'y': 2259.7859460140007, 'z': 60.0}
2026-02-13 18:48:40,649 - Drone_2 - INFO - Drone 2: Reached target position
2026-02-13 18:48:40,651 - Drone_4 - INFO - Drone 4: Reached target position
2026-02-13 18:48:41,094 - SwarmManager - ERROR - Drone 1 heartbeat timeout
2026-02-13 18:48:41,095 - SwarmManager - ERROR - Handling failure of drone 1: Heartbeat timeout
2026-02-13 18:48:41,095 - SwarmManager - ERROR - Drone 1 crashed
2026-02-13 18:48:41,095 - SwarmManager - ERROR - Handling failure of drone 1: Crashed
2026-02-13 18:48:41,096 - Drone_2 - INFO - Drone 2: Flying to {'x': 1883.4723877496356, 'y': 2324.510233363149, 'z': 60.0}
2026-02-13 18:48:41,096 - Drone_4 - INFO - Drone 4: Flying to {'x': 1896.3489863619423, 'y': 2258.249813743458, 'z': 60.0}
2026-02-13 18:48:41,656 - Drone_2 - INFO - Drone 2: Reached target position
2026-02-13 18:48:41,658 - Drone_4 - INFO - Drone 4: Reached target position
2026-02-13 18:48:42,097 - SwarmManager - ERROR - Drone 1 heartbeat timeout
2026-02-13 18:48:42,098 - SwarmManager - ERROR - Handling failure of drone 1: Heartbeat timeout
2026-02-13 18:48:42,101 - SwarmManager - ERROR - Drone 1 crashed
2026-02-13 18:48:42,102 - SwarmManager - ERROR - Handling failure of drone 1: Crashed
2026-02-13 18:48:42,103 - Drone_2 - INFO - Drone 2: Flying to {'x': 1875.5643280570255, 'y': 2322.978834581133, 'z': 60.0}
2026-02-13 18:48:42,104 - Drone_4 - INFO - Drone 4: Flying to {'x': 1888.4494441126583, 'y': 2256.7200707514867, 'z': 60.0}
2026-02-13 18:48:42,662 - Drone_2 - INFO - Drone 2: Reached target position
2026-02-13 18:48:42,663 - Drone_4 - INFO - Drone 4: Reached target position
2026-02-13 18:48:43,105 - SwarmManager - ERROR - Drone 1 heartbeat timeout
2026-02-13 18:48:43,106 - SwarmManager - ERROR - Handling failure of drone 1: Heartbeat timeout
2026-02-13 18:48:43,106 - SwarmManager - ERROR - Drone 1 crashed
2026-02-13 18:48:43,106 - SwarmManager - ERROR - Handling failure of drone 1: Crashed
2026-02-13 18:48:43,107 - Drone_2 - INFO - Drone 2: Flying to {'x': 1867.662400790073, 'y': 2321.4528445063456, 'z': 60.0}
2026-02-13 18:48:43,107 - Drone_4 - INFO - Drone 4: Flying to {'x': 1880.564484157824, 'y': 2255.197382506812, 'z': 60.0}
2026-02-13 18:48:43,667 - Drone_2 - INFO - Drone 2: Reached target position
2026-02-13 18:48:43,668 - Drone_4 - INFO - Drone 4: Reached target position
2026-02-13 18:48:44,108 - SwarmManager - ERROR - Drone 1 heartbeat timeout
2026-02-13 18:48:44,108 - SwarmManager - ERROR - Handling failure of drone 1: Heartbeat timeout
2026-02-13 18:48:44,109 - SwarmManager - ERROR - Drone 1 crashed
2026-02-13 18:48:44,109 - SwarmManager - ERROR - Handling failure of drone 1: Crashed
2026-02-13 18:48:44,109 - Drone_2 - INFO - Drone 2: Flying to {'x': 1859.7600630143468, 'y': 2319.9298857547824, 'z': 60.0}
2026-02-13 18:48:44,110 - Drone_4 - INFO - Drone 4: Flying to {'x': 1872.6874661752584, 'y': 2253.679359360532, 'z': 60.0}
2026-02-13 18:48:44,670 - Drone_2 - INFO - Drone 2: Reached target position
2026-02-13 18:48:44,676 - Drone_4 - INFO - Drone 4: Reached target position
2026-02-13 18:48:45,110 - SwarmManager - ERROR - Drone 1 heartbeat timeout
2026-02-13 18:48:45,111 - SwarmManager - ERROR - Handling failure of drone 1: Heartbeat timeout
2026-02-13 18:48:45,111 - SwarmManager - ERROR - Drone 1 crashed
2026-02-13 18:48:45,112 - SwarmManager - ERROR - Handling failure of drone 1: Crashed
2026-02-13 18:48:45,112 - Drone_2 - INFO - Drone 2: Flying to {'x': 1851.8613795613119, 'y': 2318.409634558051, 'z': 60.0}
2026-02-13 18:48:45,112 - Drone_4 - INFO - Drone 4: Flying to {'x': 1864.8223183169498, 'y': 2252.165660744786, 'z': 60.0}
2026-02-13 18:48:45,675 - Drone_2 - INFO - Drone 2: Reached target position
2026-02-13 18:48:45,680 - Drone_4 - INFO - Drone 4: Reached target position
2026-02-13 18:48:46,113 - SwarmManager - ERROR - Drone 1 heartbeat timeout
2026-02-13 18:48:46,113 - SwarmManager - ERROR - Handling failure of drone 1: Heartbeat timeout
2026-02-13 18:48:46,113 - SwarmManager - ERROR - Drone 1 crashed
2026-02-13 18:48:46,114 - SwarmManager - ERROR - Handling failure of drone 1: Crashed
2026-02-13 18:48:46,114 - Drone_2 - INFO - Drone 2: Flying to {'x': 1843.9463066402163, 'y': 2316.8871332974036, 'z': 60.0}
2026-02-13 18:48:46,114 - Drone_4 - INFO - Drone 4: Flying to {'x': 1856.9489674988004, 'y': 2250.6513362493074, 'z': 60.0}
2026-02-13 18:48:46,680 - Drone_2 - INFO - Drone 2: Reached target position
2026-02-13 18:48:46,686 - Drone_4 - INFO - Drone 4: Reached target position
2026-02-13 18:48:47,115 - SwarmManager - ERROR - Drone 1 heartbeat timeout
2026-02-13 18:48:47,115 - SwarmManager - ERROR - Handling failure of drone 1: Heartbeat timeout
2026-02-13 18:48:47,115 - SwarmManager - ERROR - Drone 1 crashed
2026-02-13 18:48:47,115 - SwarmManager - ERROR - Handling failure of drone 1: Crashed
2026-02-13 18:48:47,116 - Drone_2 - INFO - Drone 2: Flying to {'x': 1836.0388033144964, 'y': 2315.3658964590736, 'z': 60.0}
2026-02-13 18:48:47,116 - Drone_4 - INFO - Drone 4: Flying to {'x': 1849.091111470966, 'y': 2249.139864932275, 'z': 60.0}
2026-02-13 18:48:47,685 - Drone_2 - INFO - Drone 2: Reached target position
2026-02-13 18:48:47,692 - Drone_4 - INFO - Drone 4: Reached target position
2026-02-13 18:48:48,116 - SwarmManager - ERROR - Drone 1 heartbeat timeout
2026-02-13 18:48:48,117 - SwarmManager - ERROR - Handling failure of drone 1: Heartbeat timeout
2026-02-13 18:48:48,117 - SwarmManager - ERROR - Drone 1 crashed
2026-02-13 18:48:48,117 - SwarmManager - ERROR - Handling failure of drone 1: Crashed
2026-02-13 18:48:48,118 - Drone_2 - INFO - Drone 2: Flying to {'x': 1828.1187875430578, 'y': 2313.8409698337377, 'z': 60.0}
2026-02-13 18:48:48,118 - Drone_4 - INFO - Drone 4: Flying to {'x': 1841.2286393196046, 'y': 2247.6263053975495, 'z': 60.0}
2026-02-13 18:48:48,689 - Drone_2 - INFO - Drone 2: Reached target position
2026-02-13 18:48:48,697 - Drone_4 - INFO - Drone 4: Reached target position
2026-02-13 18:48:49,118 - SwarmManager - ERROR - Drone 1 heartbeat timeout
2026-02-13 18:48:49,119 - SwarmManager - ERROR - Handling failure of drone 1: Heartbeat timeout
2026-02-13 18:48:49,120 - SwarmManager - ERROR - Drone 1 crashed
2026-02-13 18:48:49,120 - SwarmManager - ERROR - Handling failure of drone 1: Crashed
2026-02-13 18:48:49,121 - Drone_2 - INFO - Drone 2: Flying to {'x': 1820.1801772049887, 'y': 2312.31009035084, 'z': 60.0}
2026-02-13 18:48:49,121 - Drone_4 - INFO - Drone 4: Flying to {'x': 1833.355383405705, 'y': 2246.108398970871, 'z': 60.0}
2026-02-13 18:48:49,694 - Drone_2 - INFO - Drone 2: Reached target position
2026-02-13 18:48:49,701 - Drone_4 - INFO - Drone 4: Reached target position
2026-02-13 18:48:50,122 - SwarmManager - ERROR - Drone 1 heartbeat timeout
2026-02-13 18:48:50,122 - SwarmManager - ERROR - Handling failure of drone 1: Heartbeat timeout
2026-02-13 18:48:50,123 - SwarmManager - ERROR - Drone 1 crashed
2026-02-13 18:48:50,123 - SwarmManager - ERROR - Handling failure of drone 1: Crashed
2026-02-13 18:48:50,123 - Drone_2 - INFO - Drone 2: Flying to {'x': 1812.2625661276013, 'y': 2310.7798286605007, 'z': 60.0}
2026-02-13 18:48:50,124 - Drone_4 - INFO - Drone 4: Flying to {'x': 1825.5104211704431, 'y': 2244.5926370237207, 'z': 60.0}
2026-02-13 18:48:50,713 - Drone_2 - INFO - Drone 2: Reached target position
2026-02-13 18:48:50,713 - Drone_4 - INFO - Drone 4: Reached target position
2026-02-13 18:48:51,124 - SwarmManager - ERROR - Drone 1 heartbeat timeout
2026-02-13 18:48:51,125 - SwarmManager - ERROR - Handling failure of drone 1: Heartbeat timeout
2026-02-13 18:48:51,125 - SwarmManager - ERROR - Drone 1 crashed
2026-02-13 18:48:51,125 - SwarmManager - ERROR - Handling failure of drone 1: Crashed
2026-02-13 18:48:51,126 - Drone_2 - INFO - Drone 2: Flying to {'x': 1804.1523525337277, 'y': 2309.2076753418305, 'z': 60.0}
2026-02-13 18:48:51,126 - Drone_4 - INFO - Drone 4: Flying to {'x': 1817.482148630197, 'y': 2243.0369375793834, 'z': 60.0}
2026-02-13 18:48:51,717 - Drone_2 - INFO - Drone 2: Reached target position
2026-02-13 18:48:51,718 - Drone_4 - INFO - Drone 4: Reached target position
2026-02-13 18:48:51,999 - PhysicalMLTrainer_Drone3 - INFO - Physical ML model trained drone=3 samples=3901 degree=2 alpha=0.0 val_mse=0.000000
2026-02-13 18:48:52,040 - PhysicalMLTrainer_Drone5 - INFO - Physical ML model trained drone=5 samples=3901 degree=2 alpha=1.0 val_mse=0.000479
2026-02-13 18:48:52,040 - PhysicalMLTrainer_Drone4 - INFO - Physical ML model trained drone=4 samples=3901 degree=2 alpha=1.0 val_mse=0.390828
2026-02-13 18:48:52,126 - SwarmManager - ERROR - Drone 1 heartbeat timeout
2026-02-13 18:48:52,127 - SwarmManager - ERROR - Handling failure of drone 1: Heartbeat timeout
2026-02-13 18:48:52,127 - SwarmManager - ERROR - Drone 1 crashed
2026-02-13 18:48:52,128 - SwarmManager - ERROR - Handling failure of drone 1: Crashed
2026-02-13 18:48:52,128 - Drone_2 - INFO - Drone 2: Flying to {'x': 1797.0161730737452, 'y': 2307.819579925726, 'z': 60.0}
2026-02-13 18:48:52,128 - Drone_4 - INFO - Drone 4: Flying to {'x': 1810.4241927274618, 'y': 2241.664648069019, 'z': 60.0}
2026-02-13 18:48:52,130 - PhysicalMLTrainer_Drone2 - INFO - Physical ML model trained drone=2 samples=3901 degree=2 alpha=0.0 val_mse=0.002718
2026-02-13 18:48:52,543 - Drone_4 - INFO - Drone 4: Reached target position
2026-02-13 18:48:52,632 - Drone_2 - INFO - Drone 2: Reached target position
2026-02-13 18:48:53,129 - SwarmManager - ERROR - Drone 1 heartbeat timeout
2026-02-13 18:48:53,129 - SwarmManager - ERROR - Handling failure of drone 1: Heartbeat timeout
2026-02-13 18:48:53,129 - SwarmManager - ERROR - Drone 1 crashed
2026-02-13 18:48:53,130 - SwarmManager - ERROR - Handling failure of drone 1: Crashed
2026-02-13 18:48:53,130 - Drone_2 - INFO - Drone 2: Flying to {'x': 1788.9115922090564, 'y': 2306.2367033350642, 'z': 60.0}
2026-02-13 18:48:53,130 - Drone_4 - INFO - Drone 4: Flying to {'x': 1802.4151926453815, 'y': 2240.101215317994, 'z': 60.0}
2026-02-13 18:48:53,637 - Drone_2 - INFO - Drone 2: Reached target position
2026-02-13 18:48:53,649 - Drone_4 - INFO - Drone 4: Reached target position
2026-02-13 18:48:54,130 - SwarmManager - ERROR - Drone 1 heartbeat timeout
2026-02-13 18:48:54,131 - SwarmManager - ERROR - Handling failure of drone 1: Heartbeat timeout
2026-02-13 18:48:54,132 - SwarmManager - ERROR - Drone 1 crashed
2026-02-13 18:48:54,132 - SwarmManager - ERROR - Handling failure of drone 1: Crashed
2026-02-13 18:48:54,132 - Drone_2 - INFO - Drone 2: Flying to {'x': 1780.9707527222458, 'y': 2304.6782339126457, 'z': 60.0}
2026-02-13 18:48:54,133 - Drone_4 - INFO - Drone 4: Flying to {'x': 1794.5747352374087, 'y': 2238.5633213760084, 'z': 60.0}
2026-02-13 18:48:54,643 - Drone_2 - INFO - Drone 2: Reached target position
2026-02-13 18:48:54,655 - Drone_4 - INFO - Drone 4: Reached target position
2026-02-13 18:48:55,133 - SwarmManager - ERROR - Drone 1 heartbeat timeout
2026-02-13 18:48:55,134 - SwarmManager - ERROR - Handling failure of drone 1: Heartbeat timeout
2026-02-13 18:48:55,134 - SwarmManager - ERROR - Drone 1 crashed
2026-02-13 18:48:55,134 - SwarmManager - ERROR - Handling failure of drone 1: Crashed
2026-02-13 18:48:55,135 - Drone_2 - INFO - Drone 2: Flying to {'x': 1773.0381671774942, 'y': 2303.112899262148, 'z': 60.0}
2026-02-13 18:48:55,135 - Drone_4 - INFO - Drone 4: Flying to {'x': 1786.7488447930084, 'y': 2237.0200303629736, 'z': 60.0}
2026-02-13 18:48:55,648 - Drone_2 - INFO - Drone 2: Reached target position
2026-02-13 18:48:55,659 - Drone_4 - INFO - Drone 4: Reached target position
2026-02-13 18:48:56,136 - SwarmManager - ERROR - Drone 1 heartbeat timeout
2026-02-13 18:48:56,136 - SwarmManager - ERROR - Handling failure of drone 1: Heartbeat timeout
2026-02-13 18:48:56,137 - SwarmManager - ERROR - Drone 1 crashed
2026-02-13 18:48:56,137 - SwarmManager - ERROR - Handling failure of drone 1: Crashed
2026-02-13 18:48:56,138 - Drone_2 - INFO - Drone 2: Flying to {'x': 1765.1020749429451, 'y': 2301.537426230069, 'z': 60.0}
2026-02-13 18:48:56,138 - Drone_4 - INFO - Drone 4: Flying to {'x': 1778.9256715717618, 'y': 2235.468082535404, 'z': 60.0}
2026-02-13 18:48:56,654 - Drone_2 - INFO - Drone 2: Reached target position
2026-02-13 18:48:56,663 - Drone_4 - INFO - Drone 4: Reached target position
2026-02-13 18:48:57,139 - SwarmManager - ERROR - Drone 1 heartbeat timeout
2026-02-13 18:48:57,139 - SwarmManager - ERROR - Handling failure of drone 1: Heartbeat timeout
2026-02-13 18:48:57,140 - SwarmManager - ERROR - Drone 1 crashed
2026-02-13 18:48:57,141 - SwarmManager - ERROR - Handling failure of drone 1: Crashed
2026-02-13 18:48:57,141 - Drone_2 - INFO - Drone 2: Flying to {'x': 1757.1621391354436, 'y': 2299.95079840416, 'z': 60.0}
2026-02-13 18:48:57,141 - Drone_4 - INFO - Drone 4: Flying to {'x': 1771.1046434086272, 'y': 2233.906445317827, 'z': 60.0}
2026-02-13 18:48:57,658 - Drone_2 - INFO - Drone 2: Reached target position
2026-02-13 18:48:57,668 - Drone_4 - INFO - Drone 4: Reached target position
2026-02-13 18:48:58,142 - SwarmManager - ERROR - Drone 1 heartbeat timeout
2026-02-13 18:48:58,142 - SwarmManager - ERROR - Handling failure of drone 1: Heartbeat timeout
2026-02-13 18:48:58,143 - SwarmManager - ERROR - Drone 1 crashed
2026-02-13 18:48:58,143 - SwarmManager - ERROR - Handling failure of drone 1: Crashed
2026-02-13 18:48:58,143 - Drone_2 - INFO - Drone 2: Flying to {'x': 1749.2318545069036, 'y': 2298.3548149261765, 'z': 60.0}
2026-02-13 18:48:58,143 - Drone_4 - INFO - Drone 4: Flying to {'x': 1763.2987917849657, 'y': 2232.3368531611, 'z': 60.0}
2026-02-13 18:48:58,667 - Drone_2 - INFO - Drone 2: Reached target position
2026-02-13 18:48:58,673 - Drone_4 - INFO - Drone 4: Reached target position
2026-02-13 18:48:59,144 - SwarmManager - ERROR - Drone 1 heartbeat timeout
2026-02-13 18:48:59,144 - SwarmManager - ERROR - Handling failure of drone 1: Heartbeat timeout
2026-02-13 18:48:59,145 - SwarmManager - ERROR - Drone 1 crashed
2026-02-13 18:48:59,145 - SwarmManager - ERROR - Handling failure of drone 1: Crashed
2026-02-13 18:48:59,145 - Drone_2 - INFO - Drone 2: Flying to {'x': 1741.2872587689799, 'y': 2296.743754192916, 'z': 60.0}
2026-02-13 18:48:59,146 - Drone_4 - INFO - Drone 4: Flying to {'x': 1755.4842739803662, 'y': 2230.7536431224867, 'z': 60.0}
2026-02-13 18:48:59,675 - Drone_2 - INFO - Drone 2: Reached target position
2026-02-13 18:48:59,678 - Drone_4 - INFO - Drone 4: Reached target position
2026-02-13 18:49:00,147 - SwarmManager - ERROR - Drone 1 heartbeat timeout
2026-02-13 18:49:00,148 - SwarmManager - ERROR - Handling failure of drone 1: Heartbeat timeout
2026-02-13 18:49:00,149 - SwarmManager - ERROR - Drone 1 crashed
2026-02-13 18:49:00,149 - SwarmManager - ERROR - Handling failure of drone 1: Crashed
2026-02-13 18:49:00,149 - Drone_2 - INFO - Drone 2: Flying to {'x': 1733.339291444253, 'y': 2295.1189330710586, 'z': 60.0}
2026-02-13 18:49:00,150 - Drone_4 - INFO - Drone 4: Flying to {'x': 1747.6716009475826, 'y': 2229.158074190198, 'z': 60.0}
2026-02-13 18:49:00,682 - Drone_2 - INFO - Drone 2: Reached target position
2026-02-13 18:49:00,683 - Drone_4 - INFO - Drone 4: Reached target position
2026-02-13 18:49:01,150 - SwarmManager - ERROR - Drone 1 heartbeat timeout
2026-02-13 18:49:01,151 - SwarmManager - ERROR - Handling failure of drone 1: Heartbeat timeout
2026-02-13 18:49:01,151 - SwarmManager - ERROR - Drone 1 crashed
2026-02-13 18:49:01,151 - SwarmManager - ERROR - Handling failure of drone 1: Crashed
2026-02-13 18:49:01,151 - Drone_2 - INFO - Drone 2: Flying to {'x': 1725.3882290786441, 'y': 2293.4795563061475, 'z': 60.0}
2026-02-13 18:49:01,152 - Drone_4 - INFO - Drone 4: Flying to {'x': 1739.8607773805784, 'y': 2227.5493254128146, 'z': 60.0}
2026-02-13 18:49:01,687 - Drone_2 - INFO - Drone 2: Reached target position
2026-02-13 18:49:01,687 - Drone_4 - INFO - Drone 4: Reached target position
2026-02-13 18:49:02,152 - SwarmManager - ERROR - Drone 1 heartbeat timeout
2026-02-13 18:49:02,153 - SwarmManager - ERROR - Handling failure of drone 1: Heartbeat timeout
2026-02-13 18:49:02,153 - SwarmManager - ERROR - Drone 1 crashed
2026-02-13 18:49:02,154 - SwarmManager - ERROR - Handling failure of drone 1: Crashed
2026-02-13 18:49:02,155 - Drone_2 - INFO - Drone 2: Flying to {'x': 1717.4425387187302, 'y': 2291.8265697013057, 'z': 60.0}
2026-02-13 18:49:02,155 - Drone_4 - INFO - Drone 4: Flying to {'x': 1732.0598405153141, 'y': 2225.928280738787, 'z': 60.0}
2026-02-13 18:49:02,691 - Drone_2 - INFO - Drone 2: Reached target position
2026-02-13 18:49:02,691 - Drone_4 - INFO - Drone 4: Reached target position
2026-02-13 18:49:03,156 - SwarmManager - ERROR - Drone 1 heartbeat timeout
2026-02-13 18:49:03,156 - SwarmManager - ERROR - Handling failure of drone 1: Heartbeat timeout
2026-02-13 18:49:03,156 - SwarmManager - ERROR - Drone 1 crashed
2026-02-13 18:49:03,157 - SwarmManager - ERROR - Handling failure of drone 1: Crashed
2026-02-13 18:49:03,157 - Drone_2 - INFO - Drone 2: Flying to {'x': 1709.503991658321, 'y': 2290.1596005486113, 'z': 60.0}
2026-02-13 18:49:03,157 - Drone_4 - INFO - Drone 4: Flying to {'x': 1724.270235759826, 'y': 2224.2945260771226, 'z': 60.0}
2026-02-13 18:49:03,696 - Drone_2 - INFO - Drone 2: Reached target position
2026-02-13 18:49:03,696 - Drone_4 - INFO - Drone 4: Reached target position
2026-02-13 18:49:04,158 - SwarmManager - ERROR - Drone 1 heartbeat timeout
2026-02-13 18:49:04,158 - SwarmManager - ERROR - Handling failure of drone 1: Heartbeat timeout
2026-02-13 18:49:04,159 - SwarmManager - ERROR - Drone 1 crashed
2026-02-13 18:49:04,159 - SwarmManager - ERROR - Handling failure of drone 1: Crashed
2026-02-13 18:49:04,160 - Drone_2 - INFO - Drone 2: Flying to {'x': 1701.564717056783, 'y': 2288.4762679780483, 'z': 60.0}
2026-02-13 18:49:04,160 - Drone_4 - INFO - Drone 4: Flying to {'x': 1716.483947437265, 'y': 2222.6456780911717, 'z': 60.0}
2026-02-13 18:49:04,700 - Drone_2 - INFO - Drone 2: Reached target position
2026-02-13 18:49:04,701 - Drone_4 - INFO - Drone 4: Reached target position
2026-02-13 18:49:05,161 - SwarmManager - ERROR - Drone 1 heartbeat timeout
2026-02-13 18:49:05,162 - SwarmManager - ERROR - Handling failure of drone 1: Heartbeat timeout
2026-02-13 18:49:05,162 - SwarmManager - ERROR - Drone 1 crashed
2026-02-13 18:49:05,163 - SwarmManager - ERROR - Handling failure of drone 1: Crashed
2026-02-13 18:49:05,164 - Drone_2 - INFO - Drone 2: Flying to {'x': 1693.6322914421146, 'y': 2286.777483804793, 'z': 60.0}
2026-02-13 18:49:05,164 - Drone_4 - INFO - Drone 4: Flying to {'x': 1708.7081100925932, 'y': 2220.982577527651, 'z': 60.0}
2026-02-13 18:49:05,706 - Drone_2 - INFO - Drone 2: Reached target position
2026-02-13 18:49:05,708 - Drone_4 - INFO - Drone 4: Reached target position
2026-02-13 18:49:06,165 - SwarmManager - ERROR - Drone 1 heartbeat timeout
2026-02-13 18:49:06,166 - SwarmManager - ERROR - Handling failure of drone 1: Heartbeat timeout
2026-02-13 18:49:06,167 - SwarmManager - ERROR - Drone 1 crashed
2026-02-13 18:49:06,168 - SwarmManager - ERROR - Handling failure of drone 1: Crashed
2026-02-13 18:49:06,168 - Drone_2 - INFO - Drone 2: Flying to {'x': 1685.6972306161185, 'y': 2285.060545888696, 'z': 60.0}
2026-02-13 18:49:06,169 - Drone_4 - INFO - Drone 4: Flying to {'x': 1700.9331279222872, 'y': 2219.3025240717657, 'z': 60.0}
2026-02-13 18:49:06,710 - Drone_2 - INFO - Drone 2: Reached target position
2026-02-13 18:49:06,713 - Drone_4 - INFO - Drone 4: Reached target position
2026-02-13 18:49:07,169 - SwarmManager - ERROR - Drone 1 heartbeat timeout
2026-02-13 18:49:07,170 - SwarmManager - ERROR - Handling failure of drone 1: Heartbeat timeout
2026-02-13 18:49:07,171 - SwarmManager - ERROR - Drone 1 crashed
2026-02-13 18:49:07,171 - SwarmManager - ERROR - Handling failure of drone 1: Crashed
2026-02-13 18:49:07,172 - Drone_2 - INFO - Drone 2: Flying to {'x': 1677.7648796299761, 'y': 2283.3259604167392, 'z': 60.0}
2026-02-13 18:49:07,172 - Drone_4 - INFO - Drone 4: Flying to {'x': 1693.1639380260797, 'y': 2217.6059558480133, 'z': 60.0}
2026-02-13 18:49:07,716 - Drone_2 - INFO - Drone 2: Reached target position
2026-02-13 18:49:07,718 - Drone_4 - INFO - Drone 4: Reached target position
2026-02-13 18:49:08,173 - SwarmManager - ERROR - Drone 1 heartbeat timeout
2026-02-13 18:49:08,173 - SwarmManager - ERROR - Handling failure of drone 1: Heartbeat timeout
2026-02-13 18:49:08,176 - SwarmManager - ERROR - Drone 1 crashed
2026-02-13 18:49:08,177 - SwarmManager - ERROR - Handling failure of drone 1: Crashed
2026-02-13 18:49:08,177 - Drone_2 - INFO - Drone 2: Flying to {'x': 1669.8347748730337, 'y': 2281.5730244046467, 'z': 60.0}
2026-02-13 18:49:08,178 - Drone_4 - INFO - Drone 4: Flying to {'x': 1685.3997790982683, 'y': 2215.892124262608, 'z': 60.0}
2026-02-13 18:49:08,721 - Drone_2 - INFO - Drone 2: Reached target position
2026-02-13 18:49:08,723 - Drone_4 - INFO - Drone 4: Reached target position
2026-02-13 18:49:09,179 - SwarmManager - ERROR - Drone 1 heartbeat timeout
2026-02-13 18:49:09,179 - SwarmManager - ERROR - Handling failure of drone 1: Heartbeat timeout
2026-02-13 18:49:09,179 - SwarmManager - ERROR - Drone 1 crashed
2026-02-13 18:49:09,180 - SwarmManager - ERROR - Handling failure of drone 1: Crashed
2026-02-13 18:49:09,180 - Drone_2 - INFO - Drone 2: Flying to {'x': 1661.9139058590506, 'y': 2279.802740397251, 'z': 60.0}
2026-02-13 18:49:09,180 - Drone_4 - INFO - Drone 4: Flying to {'x': 1677.6471803261886, 'y': 2214.1619445874676, 'z': 60.0}
2026-02-13 18:49:09,726 - Drone_2 - INFO - Drone 2: Reached target position
2026-02-13 18:49:09,728 - Drone_4 - INFO - Drone 4: Reached target position
2026-02-13 18:49:10,180 - SwarmManager - ERROR - Drone 1 heartbeat timeout
2026-02-13 18:49:10,181 - SwarmManager - ERROR - Handling failure of drone 1: Heartbeat timeout
2026-02-13 18:49:10,181 - SwarmManager - ERROR - Drone 1 crashed
2026-02-13 18:49:10,182 - SwarmManager - ERROR - Handling failure of drone 1: Crashed
2026-02-13 18:49:10,183 - Drone_2 - INFO - Drone 2: Flying to {'x': 1653.9855873838465, 'y': 2278.010832328904, 'z': 60.0}
2026-02-13 18:49:10,183 - Drone_4 - INFO - Drone 4: Flying to {'x': 1669.8894975105673, 'y': 2212.4111704190955, 'z': 60.0}
2026-02-13 18:49:10,730 - Drone_2 - INFO - Drone 2: Reached target position
2026-02-13 18:49:10,732 - Drone_4 - INFO - Drone 4: Reached target position
2026-02-13 18:49:11,184 - SwarmManager - ERROR - Drone 1 heartbeat timeout
2026-02-13 18:49:11,186 - SwarmManager - ERROR - Handling failure of drone 1: Heartbeat timeout
2026-02-13 18:49:11,187 - SwarmManager - ERROR - Drone 1 crashed
2026-02-13 18:49:11,188 - SwarmManager - ERROR - Handling failure of drone 1: Crashed
2026-02-13 18:49:11,189 - Drone_2 - INFO - Drone 2: Flying to {'x': 1646.0650188502154, 'y': 2276.2002222113915, 'z': 60.0}
2026-02-13 18:49:11,189 - Drone_4 - INFO - Drone 4: Flying to {'x': 1662.1412862459047, 'y': 2210.64258629747, 'z': 60.0}
2026-02-13 18:49:11,735 - Drone_2 - INFO - Drone 2: Reached target position
2026-02-13 18:49:11,737 - Drone_4 - INFO - Drone 4: Reached target position
2026-02-13 18:49:12,148 - PhysicalMLTrainer_Drone3 - INFO - Physical ML model trained drone=3 samples=4101 degree=2 alpha=0.0 val_mse=0.000000
2026-02-13 18:49:12,153 - PhysicalMLTrainer_Drone5 - INFO - Physical ML model trained drone=5 samples=4101 degree=2 alpha=1.0 val_mse=0.000633
2026-02-13 18:49:12,157 - PhysicalMLTrainer_Drone4 - INFO - Physical ML model trained drone=4 samples=4101 degree=2 alpha=1.0 val_mse=0.090960
2026-02-13 18:49:12,191 - SwarmManager - ERROR - Drone 1 heartbeat timeout
2026-02-13 18:49:12,191 - SwarmManager - ERROR - Handling failure of drone 1: Heartbeat timeout
2026-02-13 18:49:12,191 - SwarmManager - ERROR - Drone 1 crashed
2026-02-13 18:49:12,191 - SwarmManager - ERROR - Handling failure of drone 1: Crashed
2026-02-13 18:49:12,191 - Drone_2 - INFO - Drone 2: Flying to {'x': 1638.1428739328624, 'y': 2274.368319022596, 'z': 60.0}
2026-02-13 18:49:12,191 - Drone_4 - INFO - Drone 4: Flying to {'x': 1654.3930998450576, 'y': 2208.853586650384, 'z': 60.0}
2026-02-13 18:49:12,247 - PhysicalMLTrainer_Drone2 - INFO - Physical ML model trained drone=2 samples=4101 degree=2 alpha=0.0 val_mse=0.003335
2026-02-13 18:49:12,660 - Drone_4 - INFO - Drone 4: Reached target position
2026-02-13 18:49:12,750 - Drone_2 - INFO - Drone 2: Reached target position
2026-02-13 18:49:13,192 - SwarmManager - ERROR - Drone 1 heartbeat timeout
2026-02-13 18:49:13,193 - SwarmManager - ERROR - Handling failure of drone 1: Heartbeat timeout
2026-02-13 18:49:13,193 - SwarmManager - ERROR - Drone 1 crashed
2026-02-13 18:49:13,193 - SwarmManager - ERROR - Handling failure of drone 1: Crashed
2026-02-13 18:49:13,194 - Drone_2 - INFO - Drone 2: Flying to {'x': 1630.0591779988767, 'y': 2272.4769892053823, 'z': 60.0}
2026-02-13 18:49:13,194 - Drone_4 - INFO - Drone 4: Flying to {'x': 1646.488186764946, 'y': 2207.0068611242154, 'z': 60.0}
2026-02-13 18:49:13,755 - Drone_2 - INFO - Drone 2: Reached target position
2026-02-13 18:49:13,765 - Drone_4 - INFO - Drone 4: Reached target position
2026-02-13 18:49:14,194 - SwarmManager - ERROR - Drone 1 heartbeat timeout
2026-02-13 18:49:14,195 - SwarmManager - ERROR - Handling failure of drone 1: Heartbeat timeout
2026-02-13 18:49:14,195 - SwarmManager - ERROR - Drone 1 crashed
2026-02-13 18:49:14,196 - SwarmManager - ERROR - Handling failure of drone 1: Crashed
2026-02-13 18:49:14,196 - Drone_2 - INFO - Drone 2: Flying to {'x': 1622.1451139309281, 'y': 2270.6033915402504, 'z': 60.0}
2026-02-13 18:49:14,196 - Drone_4 - INFO - Drone 4: Flying to {'x': 1638.7500689007586, 'y': 2205.1776667032273, 'z': 60.0}
2026-02-13 18:49:14,761 - Drone_2 - INFO - Drone 2: Reached target position
2026-02-13 18:49:14,769 - Drone_4 - INFO - Drone 4: Reached target position
2026-02-13 18:49:15,197 - SwarmManager - ERROR - Drone 1 heartbeat timeout
2026-02-13 18:49:15,197 - SwarmManager - ERROR - Handling failure of drone 1: Heartbeat timeout
2026-02-13 18:49:15,197 - SwarmManager - ERROR - Drone 1 crashed
2026-02-13 18:49:15,198 - SwarmManager - ERROR - Handling failure of drone 1: Crashed
2026-02-13 18:49:15,198 - Drone_2 - INFO - Drone 2: Flying to {'x': 1614.2340613748595, 'y': 2268.7083942750387, 'z': 60.0}
2026-02-13 18:49:15,198 - Drone_4 - INFO - Drone 4: Flying to {'x': 1631.0154635424472, 'y': 2203.327704914267, 'z': 60.0}
2026-02-13 18:49:15,767 - Drone_2 - INFO - Drone 2: Reached target position
2026-02-13 18:49:15,775 - Drone_4 - INFO - Drone 4: Reached target position
2026-02-13 18:49:16,198 - SwarmManager - ERROR - Drone 1 heartbeat timeout
2026-02-13 18:49:16,199 - SwarmManager - ERROR - Handling failure of drone 1: Heartbeat timeout
2026-02-13 18:49:16,199 - SwarmManager - ERROR - Drone 1 crashed
2026-02-13 18:49:16,199 - SwarmManager - ERROR - Handling failure of drone 1: Crashed
2026-02-13 18:49:16,199 - Drone_2 - INFO - Drone 2: Flying to {'x': 1606.3477083738658, 'y': 2266.7969802077346, 'z': 60.0}
2026-02-13 18:49:16,199 - Drone_4 - INFO - Drone 4: Flying to {'x': 1623.3052352185482, 'y': 2201.461750175906, 'z': 60.0}
2026-02-13 18:49:16,771 - Drone_2 - INFO - Drone 2: Reached target position
2026-02-13 18:49:16,779 - Drone_4 - INFO - Drone 4: Reached target position
2026-02-13 18:49:17,200 - SwarmManager - ERROR - Drone 1 heartbeat timeout
2026-02-13 18:49:17,200 - SwarmManager - ERROR - Handling failure of drone 1: Heartbeat timeout
2026-02-13 18:49:17,201 - SwarmManager - ERROR - Drone 1 crashed
2026-02-13 18:49:17,201 - SwarmManager - ERROR - Handling failure of drone 1: Crashed
2026-02-13 18:49:17,201 - Drone_2 - INFO - Drone 2: Flying to {'x': 1598.4635774645608, 'y': 2264.8635200695, 'z': 60.0}
2026-02-13 18:49:17,201 - Drone_4 - INFO - Drone 4: Flying to {'x': 1615.5970665157383, 'y': 2199.5742134953507, 'z': 60.0}
2026-02-13 18:49:17,776 - Drone_2 - INFO - Drone 2: Reached target position
2026-02-13 18:49:17,783 - Drone_4 - INFO - Drone 4: Reached target position
2026-02-13 18:49:18,202 - SwarmManager - ERROR - Drone 1 heartbeat timeout
2026-02-13 18:49:18,202 - SwarmManager - ERROR - Handling failure of drone 1: Heartbeat timeout
2026-02-13 18:49:18,203 - SwarmManager - ERROR - Drone 1 crashed
2026-02-13 18:49:18,203 - SwarmManager - ERROR - Handling failure of drone 1: Crashed
2026-02-13 18:49:18,204 - Drone_2 - INFO - Drone 2: Flying to {'x': 1590.5791415085998, 'y': 2262.907148613848, 'z': 60.0}
2026-02-13 18:49:18,204 - Drone_4 - INFO - Drone 4: Flying to {'x': 1607.8881413933275, 'y': 2197.664152645005, 'z': 60.0}
2026-02-13 18:49:18,782 - Drone_2 - INFO - Drone 2: Reached target position
2026-02-13 18:49:18,787 - Drone_4 - INFO - Drone 4: Reached target position
2026-02-13 18:49:19,204 - SwarmManager - ERROR - Drone 1 heartbeat timeout
2026-02-13 18:49:19,205 - SwarmManager - ERROR - Handling failure of drone 1: Heartbeat timeout
2026-02-13 18:49:19,206 - SwarmManager - ERROR - Drone 1 crashed
2026-02-13 18:49:19,206 - SwarmManager - ERROR - Handling failure of drone 1: Crashed
2026-02-13 18:49:19,207 - Drone_2 - INFO - Drone 2: Flying to {'x': 1582.7003460471558, 'y': 2260.9291516444073, 'z': 60.0}
2026-02-13 18:49:19,207 - Drone_4 - INFO - Drone 4: Flying to {'x': 1600.1839235350174, 'y': 2195.732721387637, 'z': 60.0}
2026-02-13 18:49:19,787 - Drone_2 - INFO - Drone 2: Reached target position
2026-02-13 18:49:19,791 - Drone_4 - INFO - Drone 4: Reached target position
2026-02-13 18:49:20,208 - SwarmManager - ERROR - Drone 1 heartbeat timeout
2026-02-13 18:49:20,209 - SwarmManager - ERROR - Handling failure of drone 1: Heartbeat timeout
2026-02-13 18:49:20,209 - SwarmManager - ERROR - Drone 1 crashed
2026-02-13 18:49:20,210 - SwarmManager - ERROR - Handling failure of drone 1: Crashed
2026-02-13 18:49:20,210 - Drone_2 - INFO - Drone 2: Flying to {'x': 1574.8337126526885, 'y': 2258.93107288582, 'z': 60.0}
2026-02-13 18:49:20,210 - Drone_4 - INFO - Drone 4: Flying to {'x': 1592.4904387837692, 'y': 2193.7813221393126, 'z': 60.0}
2026-02-13 18:49:20,791 - Drone_2 - INFO - Drone 2: Reached target position
2026-02-13 18:49:20,795 - Drone_4 - INFO - Drone 4: Reached target position
2026-02-13 18:49:21,211 - SwarmManager - ERROR - Drone 1 heartbeat timeout
2026-02-13 18:49:21,211 - SwarmManager - ERROR - Handling failure of drone 1: Heartbeat timeout
2026-02-13 18:49:21,212 - SwarmManager - ERROR - Drone 1 crashed
2026-02-13 18:49:21,212 - SwarmManager - ERROR - Handling failure of drone 1: Crashed
2026-02-13 18:49:21,212 - Drone_2 - INFO - Drone 2: Flying to {'x': 1566.9472639191574, 'y': 2256.9046203359067, 'z': 60.0}
2026-02-13 18:49:21,212 - Drone_4 - INFO - Drone 4: Flying to {'x': 1584.776051463876, 'y': 2191.801745325003, 'z': 60.0}
2026-02-13 18:49:21,797 - Drone_2 - INFO - Drone 2: Reached target position
2026-02-13 18:49:21,800 - Drone_4 - INFO - Drone 4: Reached target position
2026-02-13 18:49:22,213 - SwarmManager - ERROR - Drone 1 heartbeat timeout
2026-02-13 18:49:22,213 - SwarmManager - ERROR - Handling failure of drone 1: Heartbeat timeout
2026-02-13 18:49:22,214 - SwarmManager - ERROR - Drone 1 crashed
2026-02-13 18:49:22,214 - SwarmManager - ERROR - Handling failure of drone 1: Crashed
2026-02-13 18:49:22,215 - Drone_2 - INFO - Drone 2: Flying to {'x': 1559.0887744669512, 'y': 2254.8620241290905, 'z': 60.0}
2026-02-13 18:49:22,215 - Drone_4 - INFO - Drone 4: Flying to {'x': 1577.0871325110706, 'y': 2189.805824518941, 'z': 60.0}
2026-02-13 18:49:22,802 - Drone_2 - INFO - Drone 2: Reached target position
2026-02-13 18:49:22,804 - Drone_4 - INFO - Drone 4: Reached target position
2026-02-13 18:49:23,215 - SwarmManager - ERROR - Drone 1 heartbeat timeout
2026-02-13 18:49:23,216 - SwarmManager - ERROR - Handling failure of drone 1: Heartbeat timeout
2026-02-13 18:49:23,216 - SwarmManager - ERROR - Drone 1 crashed
2026-02-13 18:49:23,216 - SwarmManager - ERROR - Handling failure of drone 1: Crashed
2026-02-13 18:49:23,216 - Drone_2 - INFO - Drone 2: Flying to {'x': 1551.2358664106443, 'y': 2252.79756847224, 'z': 60.0}
2026-02-13 18:49:23,216 - Drone_4 - INFO - Drone 4: Flying to {'x': 1569.4014310129803, 'y': 2187.787859484441, 'z': 60.0}
2026-02-13 18:49:23,806 - Drone_2 - INFO - Drone 2: Reached target position
2026-02-13 18:49:23,810 - Drone_4 - INFO - Drone 4: Reached target position
2026-02-13 18:49:24,217 - SwarmManager - ERROR - Drone 1 heartbeat timeout
2026-02-13 18:49:24,218 - SwarmManager - ERROR - Handling failure of drone 1: Heartbeat timeout
2026-02-13 18:49:24,218 - SwarmManager - ERROR - Drone 1 crashed
2026-02-13 18:49:24,218 - SwarmManager - ERROR - Handling failure of drone 1: Crashed
2026-02-13 18:49:24,218 - Drone_2 - INFO - Drone 2: Flying to {'x': 1543.3811396061014, 'y': 2250.7093225439266, 'z': 60.0}
2026-02-13 18:49:24,219 - Drone_4 - INFO - Drone 4: Flying to {'x': 1561.7113333614166, 'y': 2185.7458405183097, 'z': 60.0}
2026-02-13 18:49:24,811 - Drone_2 - INFO - Drone 2: Reached target position
2026-02-13 18:49:24,814 - Drone_4 - INFO - Drone 4: Reached target position
2026-02-13 18:49:25,219 - Drone_1 - INFO - Drone 1 stopped
2026-02-13 18:49:25,313 - Drone_2 - INFO - Drone 2 stopped
2026-02-13 18:49:25,410 - Drone_3 - INFO - Drone 3 stopped
2026-02-13 18:49:25,417 - Drone_4 - INFO - Drone 4 stopped
2026-02-13 18:49:25,511 - Drone_5 - INFO - Drone 5 stopped
2026-02-13 18:49:25,511 - SwarmManager - INFO - Swarm monitoring stopped
2026-02-13 18:49:25,511 - Main - INFO - System shutdown complete
