2026-02-13 20:47:37,377 - Main - INFO - Starting Drone Swarm Management System
2026-02-13 20:47:37,378 - MLDecisionSupport_Drone1 - INFO - ML Decision Support initialized
2026-02-13 20:47:37,393 - PhysicalMLTrainer_Drone1 - INFO - Physical ML model trained drone=1 samples=250 degree=2 alpha=0.0 val_mse=0.000155
2026-02-13 20:47:37,394 - Drone_1 - INFO - Drone 1: bootstrap personal trainer loaded 250 rows from datasets/personal_drone_1.csv
2026-02-13 20:47:37,394 - Drone_1 - INFO - Drone 1: Personal ML system initialized
2026-02-13 20:47:37,394 - Drone_1 - INFO - Drone 1 initialized at {'x': 0, 'y': 0, 'z': 0}
2026-02-13 20:47:37,397 - Drone_1 - INFO - Drone 1 started
2026-02-13 20:47:37,398 - Drone_1 - INFO - Drone 1: Role changed from follower to leader
2026-02-13 20:47:37,400 - PhysicalMLTrainer_Drone1 - INFO - Physical ML model trained drone=1 samples=251 degree=2 alpha=0.0 val_mse=0.000157
2026-02-13 20:47:37,402 - MLDecisionSupport_Drone2 - INFO - ML Decision Support initialized
2026-02-13 20:47:37,408 - PhysicalMLTrainer_Drone2 - INFO - Physical ML model trained drone=2 samples=300 degree=2 alpha=0.1 val_mse=0.000128
2026-02-13 20:47:37,408 - Drone_2 - INFO - Drone 2: bootstrap personal trainer loaded 300 rows from datasets/personal_training.csv
2026-02-13 20:47:37,408 - Drone_2 - INFO - Drone 2: Personal ML system initialized
2026-02-13 20:47:37,408 - Drone_2 - INFO - Drone 2 initialized at {'x': 1200, 'y': 300, 'z': 0}
2026-02-13 20:47:37,409 - Drone_2 - INFO - Drone 2 started
2026-02-13 20:47:37,411 - MLDecisionSupport_Drone3 - INFO - ML Decision Support initialized
2026-02-13 20:47:37,412 - PhysicalMLTrainer_Drone2 - INFO - Physical ML model trained drone=2 samples=301 degree=2 alpha=0.1 val_mse=0.000128
2026-02-13 20:47:37,417 - PhysicalMLTrainer_Drone3 - INFO - Physical ML model trained drone=3 samples=300 degree=2 alpha=0.1 val_mse=0.000128
2026-02-13 20:47:37,417 - Drone_3 - INFO - Drone 3: bootstrap personal trainer loaded 300 rows from datasets/personal_training.csv
2026-02-13 20:47:37,417 - Drone_3 - INFO - Drone 3: Personal ML system initialized
2026-02-13 20:47:37,418 - Drone_3 - INFO - Drone 3 initialized at {'x': -1400, 'y': -500, 'z': 0}
2026-02-13 20:47:37,418 - Drone_3 - INFO - Drone 3 started
2026-02-13 20:47:37,420 - MLDecisionSupport_Drone4 - INFO - ML Decision Support initialized
2026-02-13 20:47:37,421 - PhysicalMLTrainer_Drone3 - INFO - Physical ML model trained drone=3 samples=301 degree=2 alpha=0.1 val_mse=0.000128
2026-02-13 20:47:37,425 - PhysicalMLTrainer_Drone4 - INFO - Physical ML model trained drone=4 samples=300 degree=2 alpha=0.1 val_mse=0.000128
2026-02-13 20:47:37,425 - Drone_4 - INFO - Drone 4: bootstrap personal trainer loaded 300 rows from datasets/personal_training.csv
2026-02-13 20:47:37,426 - Drone_4 - INFO - Drone 4: Personal ML system initialized
2026-02-13 20:47:37,426 - Drone_4 - INFO - Drone 4 initialized at {'x': 800, 'y': -1500, 'z': 0}
2026-02-13 20:47:37,427 - Drone_4 - INFO - Drone 4 started
2026-02-13 20:47:37,428 - MLDecisionSupport_Drone5 - INFO - ML Decision Support initialized
2026-02-13 20:47:37,429 - PhysicalMLTrainer_Drone4 - INFO - Physical ML model trained drone=4 samples=301 degree=2 alpha=0.1 val_mse=0.000128
2026-02-13 20:47:37,434 - PhysicalMLTrainer_Drone5 - INFO - Physical ML model trained drone=5 samples=300 degree=2 alpha=0.1 val_mse=0.000128
2026-02-13 20:47:37,434 - Drone_5 - INFO - Drone 5: bootstrap personal trainer loaded 300 rows from datasets/personal_training.csv
2026-02-13 20:47:37,435 - Drone_5 - INFO - Drone 5: Personal ML system initialized
2026-02-13 20:47:37,435 - Drone_5 - INFO - Drone 5 initialized at {'x': -900, 'y': 1600, 'z': 0}
2026-02-13 20:47:37,436 - Drone_5 - INFO - Drone 5 started
2026-02-13 20:47:37,437 - Main - INFO - Swarm created with 5 drones
2026-02-13 20:47:37,437 - Main - INFO - Leader elected: Drone 1
2026-02-13 20:47:37,437 - Main - INFO - Starting GUI...
2026-02-13 20:47:37,438 - PhysicalMLTrainer_Drone5 - INFO - Physical ML model trained drone=5 samples=301 degree=2 alpha=0.1 val_mse=0.000128
2026-02-13 20:47:42,640 - Drone_1 - INFO - Drone 1: Armed
2026-02-13 20:47:42,642 - Drone_2 - INFO - Drone 2: Armed
2026-02-13 20:47:42,642 - Drone_3 - INFO - Drone 3: Armed
2026-02-13 20:47:42,643 - Drone_4 - INFO - Drone 4: Armed
2026-02-13 20:47:42,643 - Drone_5 - INFO - Drone 5: Armed
2026-02-13 20:47:46,378 - Drone_1 - INFO - Drone 1: Taking off
2026-02-13 20:47:46,379 - Drone_2 - INFO - Drone 2: Taking off
2026-02-13 20:47:46,379 - Drone_3 - INFO - Drone 3: Taking off
2026-02-13 20:47:46,380 - Drone_4 - INFO - Drone 4: Taking off
2026-02-13 20:47:46,380 - Drone_5 - INFO - Drone 5: Taking off
2026-02-13 20:47:47,441 - Drone_2 - INFO - Drone 2: Flying to {'x': 0.0, 'y': 0.0, 'z': 2.2168455123901367}
2026-02-13 20:47:47,442 - Drone_2 - INFO - Drone 2: Flying to {'x': 2553.9057647468726, 'y': 2622.797543233282, 'z': 60.0}
2026-02-13 20:47:47,443 - Drone_3 - INFO - Drone 3: Flying to {'x': 0.0, 'y': 0.0, 'z': 2.2168455123901367}
2026-02-13 20:47:47,444 - Drone_3 - INFO - Drone 3: Flying to {'x': 2503.5942352531274, 'y': 2606.450336353161, 'z': 60.0}
2026-02-13 20:47:47,444 - Drone_4 - INFO - Drone 4: Flying to {'x': 0.0, 'y': 0.0, 'z': 2.2168455123901367}
2026-02-13 20:47:47,445 - Drone_4 - INFO - Drone 4: Flying to {'x': 2503.5942352531274, 'y': 2553.549663646839, 'z': 60.0}
2026-02-13 20:47:47,445 - Drone_5 - INFO - Drone 5: Flying to {'x': 0.0, 'y': 0.0, 'z': 2.2168455123901367}
2026-02-13 20:47:47,446 - Drone_5 - INFO - Drone 5: Flying to {'x': 2553.9057647468726, 'y': 2537.202456766718, 'z': 60.0}
2026-02-13 20:47:48,447 - Drone_2 - INFO - Drone 2: Flying to {'x': 0.0, 'y': 0.0, 'z': 4.229864597320557}
2026-02-13 20:47:48,448 - Drone_3 - INFO - Drone 3: Flying to {'x': 0.0, 'y': 0.0, 'z': 4.229864597320557}
2026-02-13 20:47:48,448 - Drone_4 - INFO - Drone 4: Flying to {'x': 0.0, 'y': 0.0, 'z': 4.229864597320557}
2026-02-13 20:47:48,449 - Drone_5 - INFO - Drone 5: Flying to {'x': 0.0, 'y': 0.0, 'z': 4.229864597320557}
2026-02-13 20:47:49,450 - Drone_2 - INFO - Drone 2: Flying to {'x': 0.0, 'y': 0.0, 'z': 6.241252899169922}
2026-02-13 20:47:49,451 - Drone_3 - INFO - Drone 3: Flying to {'x': 0.0, 'y': 0.0, 'z': 6.241252899169922}
2026-02-13 20:47:49,451 - Drone_4 - INFO - Drone 4: Flying to {'x': 0.0, 'y': 0.0, 'z': 6.241252899169922}
2026-02-13 20:47:49,452 - Drone_5 - INFO - Drone 5: Flying to {'x': 0.0, 'y': 0.0, 'z': 6.241252899169922}
2026-02-13 20:47:50,453 - Drone_2 - INFO - Drone 2: Flying to {'x': 0.0, 'y': 0.0, 'z': 8.250827312469482}
2026-02-13 20:47:50,454 - Drone_3 - INFO - Drone 3: Flying to {'x': 0.0, 'y': 0.0, 'z': 8.250827312469482}
2026-02-13 20:47:50,456 - Drone_4 - INFO - Drone 4: Flying to {'x': 0.0, 'y': 0.0, 'z': 8.250827312469482}
2026-02-13 20:47:50,456 - Drone_5 - INFO - Drone 5: Flying to {'x': 0.0, 'y': 0.0, 'z': 8.250827312469482}
2026-02-13 20:47:51,458 - Drone_2 - INFO - Drone 2: Flying to {'x': 0.0, 'y': 0.0, 'z': 10.259843349456787}
2026-02-13 20:47:51,458 - Drone_3 - INFO - Drone 3: Flying to {'x': 0.0, 'y': 0.0, 'z': 10.259843349456787}
2026-02-13 20:47:51,459 - Drone_4 - INFO - Drone 4: Flying to {'x': 0.0, 'y': 0.0, 'z': 10.259843349456787}
2026-02-13 20:47:51,459 - Drone_5 - INFO - Drone 5: Flying to {'x': 0.0, 'y': 0.0, 'z': 10.259843349456787}
2026-02-13 20:47:52,460 - Drone_2 - INFO - Drone 2: Flying to {'x': 0.0, 'y': 0.0, 'z': 12.268739700317383}
2026-02-13 20:47:52,462 - Drone_3 - INFO - Drone 3: Flying to {'x': 0.0, 'y': 0.0, 'z': 12.268739700317383}
2026-02-13 20:47:52,463 - Drone_4 - INFO - Drone 4: Flying to {'x': 0.0, 'y': 0.0, 'z': 12.268739700317383}
2026-02-13 20:47:52,464 - Drone_5 - INFO - Drone 5: Flying to {'x': 0.0, 'y': 0.0, 'z': 12.268739700317383}
2026-02-13 20:47:53,465 - Drone_2 - INFO - Drone 2: Flying to {'x': 0.0, 'y': 0.0, 'z': 14.279233932495117}
2026-02-13 20:47:53,466 - Drone_3 - INFO - Drone 3: Flying to {'x': 0.0, 'y': 0.0, 'z': 14.279233932495117}
2026-02-13 20:47:53,467 - Drone_4 - INFO - Drone 4: Flying to {'x': 0.0, 'y': 0.0, 'z': 14.279233932495117}
2026-02-13 20:47:53,468 - Drone_5 - INFO - Drone 5: Flying to {'x': 0.0, 'y': 0.0, 'z': 14.279233932495117}
2026-02-13 20:47:53,557 - Drone_1 - INFO - Drone 1: Flying to {'x': 0, 'y': 100, 'z': 14.279233932495117}
2026-02-13 20:47:53,565 - Drone_1 - INFO - Drone 1: Flying to {'x': 2585.0, 'y': 2580.0, 'z': 60.0}
2026-02-13 20:47:54,469 - Drone_2 - INFO - Drone 2: Flying to {'x': 2576.9749115541717, 'y': 2524.3254056553924, 'z': 60.0}
2026-02-13 20:47:54,470 - Drone_3 - INFO - Drone 3: Flying to {'x': 2529.305364664345, 'y': 2572.115198491505, 'z': 60.0}
2026-02-13 20:47:54,470 - Drone_4 - INFO - Drone 4: Flying to {'x': 2568.9498231083435, 'y': 2468.650811310785, 'z': 60.0}
2026-02-13 20:47:54,471 - Drone_5 - INFO - Drone 5: Flying to {'x': 2473.6107293286896, 'y': 2564.23039698301, 'z': 60.0}
2026-02-13 20:47:55,472 - Drone_2 - INFO - Drone 2: Flying to {'x': 2576.9749115541717, 'y': 2524.3254056553924, 'z': 60.0}
2026-02-13 20:47:55,473 - Drone_3 - INFO - Drone 3: Flying to {'x': 2529.305364664345, 'y': 2572.115198491505, 'z': 60.0}
2026-02-13 20:47:55,474 - Drone_4 - INFO - Drone 4: Flying to {'x': 2568.9498231083435, 'y': 2468.650811310785, 'z': 60.0}
2026-02-13 20:47:55,475 - Drone_5 - INFO - Drone 5: Flying to {'x': 2473.6107293286896, 'y': 2564.23039698301, 'z': 60.0}
2026-02-13 20:47:56,476 - Drone_2 - INFO - Drone 2: Flying to {'x': 2576.9749115541717, 'y': 2524.3254056553924, 'z': 60.0}
2026-02-13 20:47:56,477 - Drone_3 - INFO - Drone 3: Flying to {'x': 2529.305364664345, 'y': 2572.115198491505, 'z': 60.0}
2026-02-13 20:47:56,479 - Drone_4 - INFO - Drone 4: Flying to {'x': 2568.9498231083435, 'y': 2468.650811310785, 'z': 60.0}
2026-02-13 20:47:56,480 - Drone_5 - INFO - Drone 5: Flying to {'x': 2473.6107293286896, 'y': 2564.23039698301, 'z': 60.0}
2026-02-13 20:47:57,481 - Drone_2 - INFO - Drone 2: Flying to {'x': 2576.9749115541717, 'y': 2524.3254056553924, 'z': 60.0}
2026-02-13 20:47:57,482 - Drone_3 - INFO - Drone 3: Flying to {'x': 2529.305364664345, 'y': 2572.115198491505, 'z': 60.0}
2026-02-13 20:47:57,482 - Drone_4 - INFO - Drone 4: Flying to {'x': 2568.9498231083435, 'y': 2468.650811310785, 'z': 60.0}
2026-02-13 20:47:57,483 - Drone_5 - INFO - Drone 5: Flying to {'x': 2473.6107293286896, 'y': 2564.23039698301, 'z': 60.0}
2026-02-13 20:47:57,589 - PhysicalMLTrainer_Drone5 - INFO - Physical ML model trained drone=5 samples=501 degree=2 alpha=0.0 val_mse=0.306311
2026-02-13 20:47:57,590 - PhysicalMLTrainer_Drone2 - INFO - Physical ML model trained drone=2 samples=501 degree=2 alpha=0.0 val_mse=0.315964
2026-02-13 20:47:57,590 - PhysicalMLTrainer_Drone1 - INFO - Physical ML model trained drone=1 samples=451 degree=2 alpha=0.0 val_mse=0.186986
2026-02-13 20:47:57,597 - PhysicalMLTrainer_Drone4 - INFO - Physical ML model trained drone=4 samples=501 degree=2 alpha=0.0 val_mse=0.330676
2026-02-13 20:47:57,597 - PhysicalMLTrainer_Drone3 - INFO - Physical ML model trained drone=3 samples=501 degree=2 alpha=0.0 val_mse=0.297578
2026-02-13 20:47:58,484 - Drone_2 - INFO - Drone 2: Flying to {'x': 2576.9749115541717, 'y': 2524.3254056553924, 'z': 60.0}
2026-02-13 20:47:58,485 - Drone_3 - INFO - Drone 3: Flying to {'x': 2529.305364664345, 'y': 2572.115198491505, 'z': 60.0}
2026-02-13 20:47:58,487 - Drone_4 - INFO - Drone 4: Flying to {'x': 2568.9498231083435, 'y': 2468.650811310785, 'z': 60.0}
2026-02-13 20:47:58,488 - Drone_5 - INFO - Drone 5: Flying to {'x': 2473.6107293286896, 'y': 2564.23039698301, 'z': 60.0}
2026-02-13 20:47:59,489 - Drone_2 - INFO - Drone 2: Flying to {'x': 2576.9749115541717, 'y': 2524.3254056553924, 'z': 60.0}
2026-02-13 20:47:59,490 - Drone_3 - INFO - Drone 3: Flying to {'x': 2529.305364664345, 'y': 2572.115198491505, 'z': 60.0}
2026-02-13 20:47:59,490 - Drone_4 - INFO - Drone 4: Flying to {'x': 2568.9498231083435, 'y': 2468.650811310785, 'z': 60.0}
2026-02-13 20:47:59,491 - Drone_5 - INFO - Drone 5: Flying to {'x': 2473.6107293286896, 'y': 2564.23039698301, 'z': 60.0}
2026-02-13 20:48:00,491 - Drone_2 - INFO - Drone 2: Flying to {'x': 2576.9749115541717, 'y': 2524.3254056553924, 'z': 60.0}
2026-02-13 20:48:00,492 - Drone_3 - INFO - Drone 3: Flying to {'x': 2529.305364664345, 'y': 2572.115198491505, 'z': 60.0}
2026-02-13 20:48:00,492 - Drone_4 - INFO - Drone 4: Flying to {'x': 2568.9498231083435, 'y': 2468.650811310785, 'z': 60.0}
2026-02-13 20:48:00,493 - Drone_5 - INFO - Drone 5: Flying to {'x': 2473.6107293286896, 'y': 2564.23039698301, 'z': 60.0}
2026-02-13 20:48:01,493 - Drone_2 - INFO - Drone 2: Flying to {'x': 2576.9749115541717, 'y': 2524.3254056553924, 'z': 60.0}
2026-02-13 20:48:01,494 - Drone_3 - INFO - Drone 3: Flying to {'x': 2529.305364664345, 'y': 2572.115198491505, 'z': 60.0}
2026-02-13 20:48:01,494 - Drone_4 - INFO - Drone 4: Flying to {'x': 2568.9498231083435, 'y': 2468.650811310785, 'z': 60.0}
2026-02-13 20:48:01,494 - Drone_5 - INFO - Drone 5: Flying to {'x': 2473.6107293286896, 'y': 2564.23039698301, 'z': 60.0}
2026-02-13 20:48:01,587 - Drone_5 - ERROR - Drone 5: Motor 0 failed!
2026-02-13 20:48:01,587 - Drone_5 - WARNING - Drone 5: Degraded return active - Motor failure simulation: return to home with degraded control
2026-02-13 20:48:02,495 - Drone_2 - INFO - Drone 2: Flying to {'x': 2576.9749115541717, 'y': 2524.3254056553924, 'z': 60.0}
2026-02-13 20:48:02,495 - Drone_3 - INFO - Drone 3: Flying to {'x': 2529.305364664345, 'y': 2572.115198491505, 'z': 60.0}
2026-02-13 20:48:02,496 - Drone_4 - INFO - Drone 4: Flying to {'x': 2568.9498231083435, 'y': 2468.650811310785, 'z': 60.0}
2026-02-13 20:48:03,497 - Drone_2 - INFO - Drone 2: Flying to {'x': 2576.9749115541717, 'y': 2524.3254056553924, 'z': 60.0}
2026-02-13 20:48:03,497 - Drone_3 - INFO - Drone 3: Flying to {'x': 2529.305364664345, 'y': 2572.115198491505, 'z': 60.0}
2026-02-13 20:48:03,497 - Drone_4 - INFO - Drone 4: Flying to {'x': 2568.9498231083435, 'y': 2468.650811310785, 'z': 60.0}
2026-02-13 20:48:04,498 - Drone_2 - INFO - Drone 2: Flying to {'x': 2576.9749115541717, 'y': 2524.3254056553924, 'z': 60.0}
2026-02-13 20:48:04,499 - Drone_3 - INFO - Drone 3: Flying to {'x': 2529.305364664345, 'y': 2572.115198491505, 'z': 60.0}
2026-02-13 20:48:04,501 - Drone_4 - INFO - Drone 4: Flying to {'x': 2568.9498231083435, 'y': 2468.650811310785, 'z': 60.0}
2026-02-13 20:48:05,502 - Drone_2 - INFO - Drone 2: Flying to {'x': 2576.9749115541717, 'y': 2524.3254056553924, 'z': 60.0}
2026-02-13 20:48:05,503 - Drone_3 - INFO - Drone 3: Flying to {'x': 2529.305364664345, 'y': 2572.115198491505, 'z': 60.0}
2026-02-13 20:48:05,503 - Drone_4 - INFO - Drone 4: Flying to {'x': 2568.9498231083435, 'y': 2468.650811310785, 'z': 60.0}
2026-02-13 20:48:06,505 - Drone_2 - INFO - Drone 2: Flying to {'x': 2576.9749115541717, 'y': 2524.3254056553924, 'z': 60.0}
2026-02-13 20:48:06,506 - Drone_3 - INFO - Drone 3: Flying to {'x': 2529.305364664345, 'y': 2572.115198491505, 'z': 60.0}
2026-02-13 20:48:06,507 - Drone_4 - INFO - Drone 4: Flying to {'x': 2568.9498231083435, 'y': 2468.650811310785, 'z': 60.0}
2026-02-13 20:48:07,509 - Drone_2 - INFO - Drone 2: Flying to {'x': 2576.9749115541717, 'y': 2524.3254056553924, 'z': 60.0}
2026-02-13 20:48:07,510 - Drone_3 - INFO - Drone 3: Flying to {'x': 2529.305364664345, 'y': 2572.115198491505, 'z': 60.0}
2026-02-13 20:48:07,510 - Drone_4 - INFO - Drone 4: Flying to {'x': 2568.9498231083435, 'y': 2468.650811310785, 'z': 60.0}
2026-02-13 20:48:08,511 - Drone_2 - INFO - Drone 2: Flying to {'x': 2576.9749115541717, 'y': 2524.3254056553924, 'z': 60.0}
2026-02-13 20:48:08,512 - Drone_3 - INFO - Drone 3: Flying to {'x': 2529.305364664345, 'y': 2572.115198491505, 'z': 60.0}
2026-02-13 20:48:08,512 - Drone_4 - INFO - Drone 4: Flying to {'x': 2568.9498231083435, 'y': 2468.650811310785, 'z': 60.0}
2026-02-13 20:48:09,513 - Drone_2 - INFO - Drone 2: Flying to {'x': 2576.9749115541717, 'y': 2524.3254056553924, 'z': 60.0}
2026-02-13 20:48:09,513 - Drone_3 - INFO - Drone 3: Flying to {'x': 2529.305364664345, 'y': 2572.115198491505, 'z': 60.0}
2026-02-13 20:48:09,514 - Drone_4 - INFO - Drone 4: Flying to {'x': 2568.9498231083435, 'y': 2468.650811310785, 'z': 60.0}
2026-02-13 20:48:10,514 - Drone_2 - INFO - Drone 2: Flying to {'x': 2576.9749115541717, 'y': 2524.3254056553924, 'z': 60.0}
2026-02-13 20:48:10,515 - Drone_3 - INFO - Drone 3: Flying to {'x': 2529.305364664345, 'y': 2572.115198491505, 'z': 60.0}
2026-02-13 20:48:10,516 - Drone_4 - INFO - Drone 4: Flying to {'x': 2568.9498231083435, 'y': 2468.650811310785, 'z': 60.0}
2026-02-13 20:48:11,517 - Drone_2 - INFO - Drone 2: Flying to {'x': 2576.9749115541717, 'y': 2524.3254056553924, 'z': 60.0}
2026-02-13 20:48:11,518 - Drone_3 - INFO - Drone 3: Flying to {'x': 2529.305364664345, 'y': 2572.115198491505, 'z': 60.0}
2026-02-13 20:48:11,519 - Drone_4 - INFO - Drone 4: Flying to {'x': 2568.9498231083435, 'y': 2468.650811310785, 'z': 60.0}
2026-02-13 20:48:12,521 - Drone_2 - INFO - Drone 2: Flying to {'x': 2576.9749115541717, 'y': 2524.3254056553924, 'z': 60.0}
2026-02-13 20:48:12,522 - Drone_3 - INFO - Drone 3: Flying to {'x': 2529.305364664345, 'y': 2572.115198491505, 'z': 60.0}
2026-02-13 20:48:12,522 - Drone_4 - INFO - Drone 4: Flying to {'x': 2568.9498231083435, 'y': 2468.650811310785, 'z': 60.0}
2026-02-13 20:48:13,523 - Drone_2 - INFO - Drone 2: Flying to {'x': 2576.9749115541717, 'y': 2524.3254056553924, 'z': 60.0}
2026-02-13 20:48:13,524 - Drone_3 - INFO - Drone 3: Flying to {'x': 2529.305364664345, 'y': 2572.115198491505, 'z': 60.0}
2026-02-13 20:48:13,525 - Drone_4 - INFO - Drone 4: Flying to {'x': 2568.9498231083435, 'y': 2468.650811310785, 'z': 60.0}
2026-02-13 20:48:15,529 - Drone_1 - INFO - Drone 1: Role changed from leader to follower
2026-02-13 20:48:15,529 - Drone_2 - INFO - Drone 2: Role changed from follower to leader
2026-02-13 20:48:15,530 - Drone_3 - INFO - Drone 3: Role changed from follower to follower
2026-02-13 20:48:15,530 - Drone_4 - INFO - Drone 4: Role changed from follower to follower
2026-02-13 20:48:15,530 - Drone_5 - INFO - Drone 5: Role changed from emergency to follower
2026-02-13 20:48:15,533 - Drone_3 - INFO - Drone 3: Flying to {'x': 2580.662456185629, 'y': 2468.19640678145, 'z': 60.0}
2026-02-13 20:48:15,533 - Drone_4 - INFO - Drone 4: Flying to {'x': 2524.1235851319952, 'y': 2505.06924312449, 'z': 60.0}
2026-02-13 20:48:16,534 - Drone_3 - INFO - Drone 3: Flying to {'x': 2580.662456185629, 'y': 2468.19640678145, 'z': 60.0}
2026-02-13 20:48:16,535 - Drone_4 - INFO - Drone 4: Flying to {'x': 2524.1235851319952, 'y': 2505.06924312449, 'z': 60.0}
2026-02-13 20:48:17,537 - Drone_3 - INFO - Drone 3: Flying to {'x': 2580.662456185629, 'y': 2468.19640678145, 'z': 60.0}
2026-02-13 20:48:17,537 - Drone_4 - INFO - Drone 4: Flying to {'x': 2524.1235851319952, 'y': 2505.06924312449, 'z': 60.0}
2026-02-13 20:48:17,704 - PhysicalMLTrainer_Drone3 - INFO - Physical ML model trained drone=3 samples=701 degree=2 alpha=0.0 val_mse=0.000629
2026-02-13 20:48:17,709 - PhysicalMLTrainer_Drone4 - INFO - Physical ML model trained drone=4 samples=701 degree=2 alpha=0.0 val_mse=0.000714
2026-02-13 20:48:17,710 - PhysicalMLTrainer_Drone5 - INFO - Physical ML model trained drone=5 samples=701 degree=2 alpha=0.0 val_mse=0.000731
2026-02-13 20:48:17,711 - PhysicalMLTrainer_Drone2 - INFO - Physical ML model trained drone=2 samples=701 degree=2 alpha=0.0 val_mse=0.001579
2026-02-13 20:48:18,538 - Drone_3 - INFO - Drone 3: Flying to {'x': 2580.662456185629, 'y': 2468.19640678145, 'z': 60.0}
2026-02-13 20:48:18,539 - Drone_4 - INFO - Drone 4: Flying to {'x': 2524.1235851319952, 'y': 2505.06924312449, 'z': 60.0}
2026-02-13 20:48:19,542 - Drone_3 - INFO - Drone 3: Flying to {'x': 2580.662456185629, 'y': 2468.19640678145, 'z': 60.0}
2026-02-13 20:48:19,542 - Drone_4 - INFO - Drone 4: Flying to {'x': 2524.1235851319952, 'y': 2505.06924312449, 'z': 60.0}
2026-02-13 20:48:20,544 - Drone_3 - INFO - Drone 3: Flying to {'x': 2580.662456185629, 'y': 2468.19640678145, 'z': 60.0}
2026-02-13 20:48:20,544 - Drone_4 - INFO - Drone 4: Flying to {'x': 2524.1235851319952, 'y': 2505.06924312449, 'z': 60.0}
2026-02-13 20:48:21,547 - Drone_3 - INFO - Drone 3: Flying to {'x': 2580.662456185629, 'y': 2468.19640678145, 'z': 60.0}
2026-02-13 20:48:21,547 - Drone_4 - INFO - Drone 4: Flying to {'x': 2524.1235851319952, 'y': 2505.06924312449, 'z': 60.0}
2026-02-13 20:48:22,339 - Drone_5 - INFO - Drone 5: Reached home position
2026-02-13 20:48:22,549 - Drone_3 - INFO - Drone 3: Flying to {'x': 2580.662456185629, 'y': 2468.19640678145, 'z': 60.0}
2026-02-13 20:48:22,549 - Drone_4 - INFO - Drone 4: Flying to {'x': 2524.1235851319952, 'y': 2505.06924312449, 'z': 60.0}
2026-02-13 20:48:22,742 - Drone_5 - INFO - Drone 5: Landed safely
2026-02-13 20:48:23,552 - Drone_3 - INFO - Drone 3: Flying to {'x': 2580.662456185629, 'y': 2468.19640678145, 'z': 60.0}
2026-02-13 20:48:23,552 - Drone_4 - INFO - Drone 4: Flying to {'x': 2524.1235851319952, 'y': 2505.06924312449, 'z': 60.0}
2026-02-13 20:48:24,555 - Drone_3 - INFO - Drone 3: Flying to {'x': 2580.662456185629, 'y': 2468.19640678145, 'z': 60.0}
2026-02-13 20:48:24,556 - Drone_4 - INFO - Drone 4: Flying to {'x': 2524.1235851319952, 'y': 2505.06924312449, 'z': 60.0}
2026-02-13 20:48:25,558 - Drone_3 - INFO - Drone 3: Flying to {'x': 2580.662456185629, 'y': 2468.19640678145, 'z': 60.0}
2026-02-13 20:48:25,558 - Drone_4 - INFO - Drone 4: Flying to {'x': 2524.1235851319952, 'y': 2505.06924312449, 'z': 60.0}
2026-02-13 20:48:26,561 - Drone_3 - INFO - Drone 3: Flying to {'x': 2580.662456185629, 'y': 2468.19640678145, 'z': 60.0}
2026-02-13 20:48:26,562 - Drone_4 - INFO - Drone 4: Flying to {'x': 2524.1235851319952, 'y': 2505.06924312449, 'z': 60.0}
2026-02-13 20:48:27,564 - Drone_3 - INFO - Drone 3: Flying to {'x': 2580.662456185629, 'y': 2468.19640678145, 'z': 60.0}
2026-02-13 20:48:27,564 - Drone_4 - INFO - Drone 4: Flying to {'x': 2524.1235851319952, 'y': 2505.06924312449, 'z': 60.0}
2026-02-13 20:48:28,565 - Drone_3 - INFO - Drone 3: Flying to {'x': 2580.662456185629, 'y': 2468.19640678145, 'z': 60.0}
2026-02-13 20:48:28,565 - Drone_4 - INFO - Drone 4: Flying to {'x': 2524.1235851319952, 'y': 2505.06924312449, 'z': 60.0}
2026-02-13 20:48:29,567 - Drone_3 - INFO - Drone 3: Flying to {'x': 2580.662456185629, 'y': 2468.19640678145, 'z': 60.0}
2026-02-13 20:48:29,567 - Drone_4 - INFO - Drone 4: Flying to {'x': 2524.1235851319952, 'y': 2505.06924312449, 'z': 60.0}
2026-02-13 20:48:30,569 - Drone_3 - INFO - Drone 3: Flying to {'x': 2580.662456185629, 'y': 2468.19640678145, 'z': 60.0}
2026-02-13 20:48:30,569 - Drone_4 - INFO - Drone 4: Flying to {'x': 2524.1235851319952, 'y': 2505.06924312449, 'z': 60.0}
2026-02-13 20:48:31,572 - Drone_3 - INFO - Drone 3: Flying to {'x': 2580.662456185629, 'y': 2468.19640678145, 'z': 60.0}
2026-02-13 20:48:31,573 - Drone_4 - INFO - Drone 4: Flying to {'x': 2524.1235851319952, 'y': 2505.06924312449, 'z': 60.0}
2026-02-13 20:48:32,575 - Drone_3 - INFO - Drone 3: Flying to {'x': 2580.662456185629, 'y': 2468.19640678145, 'z': 60.0}
2026-02-13 20:48:32,576 - Drone_4 - INFO - Drone 4: Flying to {'x': 2524.1235851319952, 'y': 2505.06924312449, 'z': 60.0}
2026-02-13 20:48:33,579 - Drone_3 - INFO - Drone 3: Flying to {'x': 2580.662456185629, 'y': 2468.19640678145, 'z': 60.0}
2026-02-13 20:48:33,579 - Drone_4 - INFO - Drone 4: Flying to {'x': 2524.1235851319952, 'y': 2505.06924312449, 'z': 60.0}
2026-02-13 20:48:34,582 - Drone_3 - INFO - Drone 3: Flying to {'x': 2580.662456185629, 'y': 2468.19640678145, 'z': 60.0}
2026-02-13 20:48:34,583 - Drone_4 - INFO - Drone 4: Flying to {'x': 2524.1235851319952, 'y': 2505.06924312449, 'z': 60.0}
2026-02-13 20:48:35,585 - Drone_3 - INFO - Drone 3: Flying to {'x': 2580.662456185629, 'y': 2468.19640678145, 'z': 60.0}
2026-02-13 20:48:35,585 - Drone_4 - INFO - Drone 4: Flying to {'x': 2524.1235851319952, 'y': 2505.06924312449, 'z': 60.0}
2026-02-13 20:48:36,588 - Drone_3 - INFO - Drone 3: Flying to {'x': 2580.662456185629, 'y': 2468.19640678145, 'z': 60.0}
2026-02-13 20:48:36,589 - Drone_4 - INFO - Drone 4: Flying to {'x': 2524.1235851319952, 'y': 2505.06924312449, 'z': 60.0}
2026-02-13 20:48:37,591 - Drone_3 - INFO - Drone 3: Flying to {'x': 2580.662456185629, 'y': 2468.19640678145, 'z': 60.0}
2026-02-13 20:48:37,591 - Drone_4 - INFO - Drone 4: Flying to {'x': 2524.1235851319952, 'y': 2505.06924312449, 'z': 60.0}
2026-02-13 20:48:37,835 - PhysicalMLTrainer_Drone3 - INFO - Physical ML model trained drone=3 samples=901 degree=2 alpha=0.0 val_mse=0.001250
2026-02-13 20:48:37,839 - PhysicalMLTrainer_Drone5 - INFO - Physical ML model trained drone=5 samples=901 degree=2 alpha=0.0 val_mse=0.000449
2026-02-13 20:48:37,839 - PhysicalMLTrainer_Drone4 - INFO - Physical ML model trained drone=4 samples=901 degree=2 alpha=0.0 val_mse=0.001560
2026-02-13 20:48:37,841 - PhysicalMLTrainer_Drone2 - INFO - Physical ML model trained drone=2 samples=901 degree=2 alpha=0.0 val_mse=0.003349
2026-02-13 20:48:38,593 - Drone_3 - INFO - Drone 3: Flying to {'x': 2580.662456185629, 'y': 2468.19640678145, 'z': 60.0}
2026-02-13 20:48:38,593 - Drone_4 - INFO - Drone 4: Flying to {'x': 2524.1235851319952, 'y': 2505.06924312449, 'z': 60.0}
2026-02-13 20:48:39,595 - Drone_3 - INFO - Drone 3: Flying to {'x': 2580.662456185629, 'y': 2468.19640678145, 'z': 60.0}
2026-02-13 20:48:39,595 - Drone_4 - INFO - Drone 4: Flying to {'x': 2524.1235851319952, 'y': 2505.06924312449, 'z': 60.0}
2026-02-13 20:48:40,597 - Drone_3 - INFO - Drone 3: Flying to {'x': 2580.662456185629, 'y': 2468.19640678145, 'z': 60.0}
2026-02-13 20:48:40,598 - Drone_4 - INFO - Drone 4: Flying to {'x': 2524.1235851319952, 'y': 2505.06924312449, 'z': 60.0}
2026-02-13 20:48:41,600 - Drone_3 - INFO - Drone 3: Flying to {'x': 2580.662456185629, 'y': 2468.19640678145, 'z': 60.0}
2026-02-13 20:48:41,601 - Drone_4 - INFO - Drone 4: Flying to {'x': 2524.1235851319952, 'y': 2505.06924312449, 'z': 60.0}
2026-02-13 20:48:42,604 - Drone_3 - INFO - Drone 3: Flying to {'x': 2580.662456185629, 'y': 2468.19640678145, 'z': 60.0}
2026-02-13 20:48:42,605 - Drone_4 - INFO - Drone 4: Flying to {'x': 2524.1235851319952, 'y': 2505.06924312449, 'z': 60.0}
2026-02-13 20:48:43,607 - Drone_3 - INFO - Drone 3: Flying to {'x': 2580.662456185629, 'y': 2468.19640678145, 'z': 60.0}
2026-02-13 20:48:43,607 - Drone_4 - INFO - Drone 4: Flying to {'x': 2524.1235851319952, 'y': 2505.06924312449, 'z': 60.0}
2026-02-13 20:48:44,608 - Drone_3 - INFO - Drone 3: Flying to {'x': 2580.662456185629, 'y': 2468.19640678145, 'z': 60.0}
2026-02-13 20:48:44,609 - Drone_4 - INFO - Drone 4: Flying to {'x': 2524.1235851319952, 'y': 2505.06924312449, 'z': 60.0}
2026-02-13 20:48:45,610 - Drone_3 - INFO - Drone 3: Flying to {'x': 2580.662456185629, 'y': 2468.19640678145, 'z': 60.0}
2026-02-13 20:48:45,610 - Drone_4 - INFO - Drone 4: Flying to {'x': 2524.1235851319952, 'y': 2505.06924312449, 'z': 60.0}
2026-02-13 20:48:46,611 - Drone_3 - INFO - Drone 3: Flying to {'x': 2580.662456185629, 'y': 2468.19640678145, 'z': 60.0}
2026-02-13 20:48:46,612 - Drone_4 - INFO - Drone 4: Flying to {'x': 2524.1235851319952, 'y': 2505.06924312449, 'z': 60.0}
2026-02-13 20:48:47,613 - Drone_3 - INFO - Drone 3: Flying to {'x': 2580.662456185629, 'y': 2468.19640678145, 'z': 60.0}
2026-02-13 20:48:47,614 - Drone_4 - INFO - Drone 4: Flying to {'x': 2524.1235851319952, 'y': 2505.06924312449, 'z': 60.0}
2026-02-13 20:48:48,615 - Drone_3 - INFO - Drone 3: Flying to {'x': 2580.662456185629, 'y': 2468.19640678145, 'z': 60.0}
2026-02-13 20:48:48,615 - Drone_4 - INFO - Drone 4: Flying to {'x': 2524.1235851319952, 'y': 2505.06924312449, 'z': 60.0}
2026-02-13 20:48:49,617 - Drone_3 - INFO - Drone 3: Flying to {'x': 2580.662456185629, 'y': 2468.19640678145, 'z': 60.0}
2026-02-13 20:48:49,617 - Drone_4 - INFO - Drone 4: Flying to {'x': 2524.1235851319952, 'y': 2505.06924312449, 'z': 60.0}
2026-02-13 20:48:50,619 - Drone_3 - INFO - Drone 3: Flying to {'x': 2580.662456185629, 'y': 2468.19640678145, 'z': 60.0}
2026-02-13 20:48:50,619 - Drone_4 - INFO - Drone 4: Flying to {'x': 2524.1235851319952, 'y': 2505.06924312449, 'z': 60.0}
2026-02-13 20:48:51,621 - Drone_3 - INFO - Drone 3: Flying to {'x': 2580.662456185629, 'y': 2468.19640678145, 'z': 60.0}
2026-02-13 20:48:51,623 - Drone_4 - INFO - Drone 4: Flying to {'x': 2524.1235851319952, 'y': 2505.06924312449, 'z': 60.0}
2026-02-13 20:48:52,625 - Drone_3 - INFO - Drone 3: Flying to {'x': 2580.662456185629, 'y': 2468.19640678145, 'z': 60.0}
2026-02-13 20:48:52,626 - Drone_4 - INFO - Drone 4: Flying to {'x': 2524.1235851319952, 'y': 2505.06924312449, 'z': 60.0}
2026-02-13 20:48:53,629 - Drone_3 - INFO - Drone 3: Flying to {'x': 2580.662456185629, 'y': 2468.19640678145, 'z': 60.0}
2026-02-13 20:48:53,630 - Drone_4 - INFO - Drone 4: Flying to {'x': 2524.1235851319952, 'y': 2505.06924312449, 'z': 60.0}
2026-02-13 20:48:54,632 - Drone_3 - INFO - Drone 3: Flying to {'x': 2580.662456185629, 'y': 2468.19640678145, 'z': 60.0}
2026-02-13 20:48:54,632 - Drone_4 - INFO - Drone 4: Flying to {'x': 2524.1235851319952, 'y': 2505.06924312449, 'z': 60.0}
2026-02-13 20:48:55,635 - Drone_3 - INFO - Drone 3: Flying to {'x': 2580.662456185629, 'y': 2468.19640678145, 'z': 60.0}
2026-02-13 20:48:55,635 - Drone_4 - INFO - Drone 4: Flying to {'x': 2524.1235851319952, 'y': 2505.06924312449, 'z': 60.0}
2026-02-13 20:48:56,637 - Drone_3 - INFO - Drone 3: Flying to {'x': 2580.662456185629, 'y': 2468.19640678145, 'z': 60.0}
2026-02-13 20:48:56,637 - Drone_4 - INFO - Drone 4: Flying to {'x': 2524.1235851319952, 'y': 2505.06924312449, 'z': 60.0}
2026-02-13 20:48:57,639 - Drone_3 - INFO - Drone 3: Flying to {'x': 2580.662456185629, 'y': 2468.19640678145, 'z': 60.0}
2026-02-13 20:48:57,639 - Drone_4 - INFO - Drone 4: Flying to {'x': 2524.1235851319952, 'y': 2505.06924312449, 'z': 60.0}
2026-02-13 20:48:57,977 - PhysicalMLTrainer_Drone3 - INFO - Physical ML model trained drone=3 samples=1101 degree=2 alpha=0.0 val_mse=0.001861
2026-02-13 20:48:57,979 - PhysicalMLTrainer_Drone4 - INFO - Physical ML model trained drone=4 samples=1101 degree=2 alpha=0.0 val_mse=0.002217
2026-02-13 20:48:57,979 - PhysicalMLTrainer_Drone2 - INFO - Physical ML model trained drone=2 samples=1101 degree=2 alpha=0.0 val_mse=0.003590
2026-02-13 20:48:57,980 - PhysicalMLTrainer_Drone5 - INFO - Physical ML model trained drone=5 samples=1101 degree=2 alpha=0.0 val_mse=0.000013
2026-02-13 20:48:58,642 - Drone_3 - INFO - Drone 3: Flying to {'x': 2580.662456185629, 'y': 2468.19640678145, 'z': 60.0}
2026-02-13 20:48:58,643 - Drone_4 - INFO - Drone 4: Flying to {'x': 2524.1235851319952, 'y': 2505.06924312449, 'z': 60.0}
2026-02-13 20:48:59,644 - Drone_3 - INFO - Drone 3: Flying to {'x': 2580.662456185629, 'y': 2468.19640678145, 'z': 60.0}
2026-02-13 20:48:59,645 - Drone_4 - INFO - Drone 4: Flying to {'x': 2524.1235851319952, 'y': 2505.06924312449, 'z': 60.0}
2026-02-13 20:49:00,646 - Drone_3 - INFO - Drone 3: Flying to {'x': 2580.662456185629, 'y': 2468.19640678145, 'z': 60.0}
2026-02-13 20:49:00,647 - Drone_4 - INFO - Drone 4: Flying to {'x': 2524.1235851319952, 'y': 2505.06924312449, 'z': 60.0}
2026-02-13 20:49:01,649 - Drone_3 - INFO - Drone 3: Flying to {'x': 2580.6624561856283, 'y': 2468.19640678145, 'z': 60.0}
2026-02-13 20:49:01,649 - Drone_4 - INFO - Drone 4: Flying to {'x': 2524.123585131995, 'y': 2505.06924312449, 'z': 60.0}
2026-02-13 20:49:02,651 - Drone_3 - INFO - Drone 3: Flying to {'x': 2580.6624561856283, 'y': 2468.19640678145, 'z': 60.0}
2026-02-13 20:49:02,651 - Drone_4 - INFO - Drone 4: Flying to {'x': 2524.123585131995, 'y': 2505.06924312449, 'z': 60.0}
2026-02-13 20:49:03,653 - Drone_3 - INFO - Drone 3: Flying to {'x': 2580.662456185629, 'y': 2468.19640678145, 'z': 60.0}
2026-02-13 20:49:03,653 - Drone_4 - INFO - Drone 4: Flying to {'x': 2524.1235851319952, 'y': 2505.06924312449, 'z': 60.0}
2026-02-13 20:49:04,655 - Drone_3 - INFO - Drone 3: Flying to {'x': 2580.662456185629, 'y': 2468.19640678145, 'z': 60.0}
2026-02-13 20:49:04,655 - Drone_4 - INFO - Drone 4: Flying to {'x': 2524.1235851319952, 'y': 2505.06924312449, 'z': 60.0}
2026-02-13 20:49:05,657 - Drone_3 - INFO - Drone 3: Flying to {'x': 2580.662456185629, 'y': 2468.19640678145, 'z': 60.0}
2026-02-13 20:49:05,657 - Drone_4 - INFO - Drone 4: Flying to {'x': 2524.1235851319952, 'y': 2505.06924312449, 'z': 60.0}
2026-02-13 20:49:06,659 - Drone_3 - INFO - Drone 3: Flying to {'x': 2580.662456185629, 'y': 2468.19640678145, 'z': 60.0}
2026-02-13 20:49:06,660 - Drone_4 - INFO - Drone 4: Flying to {'x': 2524.1235851319952, 'y': 2505.06924312449, 'z': 60.0}
2026-02-13 20:49:07,661 - Drone_3 - INFO - Drone 3: Flying to {'x': 2580.662456185629, 'y': 2468.19640678145, 'z': 60.0}
2026-02-13 20:49:07,661 - Drone_4 - INFO - Drone 4: Flying to {'x': 2524.1235851319952, 'y': 2505.06924312449, 'z': 60.0}
2026-02-13 20:49:08,663 - Drone_3 - INFO - Drone 3: Flying to {'x': 2580.662456185629, 'y': 2468.19640678145, 'z': 60.0}
2026-02-13 20:49:08,663 - Drone_4 - INFO - Drone 4: Flying to {'x': 2524.1235851319952, 'y': 2505.06924312449, 'z': 60.0}
2026-02-13 20:49:09,664 - Drone_3 - INFO - Drone 3: Flying to {'x': 2580.6624561856283, 'y': 2468.19640678145, 'z': 60.0}
2026-02-13 20:49:09,665 - Drone_4 - INFO - Drone 4: Flying to {'x': 2524.123585131995, 'y': 2505.06924312449, 'z': 60.0}
2026-02-13 20:49:10,666 - Drone_3 - INFO - Drone 3: Flying to {'x': 2580.6624561856283, 'y': 2468.19640678145, 'z': 60.0}
2026-02-13 20:49:10,666 - Drone_4 - INFO - Drone 4: Flying to {'x': 2524.123585131995, 'y': 2505.06924312449, 'z': 60.0}
2026-02-13 20:49:11,668 - Drone_3 - INFO - Drone 3: Flying to {'x': 2580.6624561856283, 'y': 2468.19640678145, 'z': 60.0}
2026-02-13 20:49:11,669 - Drone_4 - INFO - Drone 4: Flying to {'x': 2524.123585131995, 'y': 2505.06924312449, 'z': 60.0}
2026-02-13 20:49:12,671 - Drone_3 - INFO - Drone 3: Flying to {'x': 2580.6624561856283, 'y': 2468.19640678145, 'z': 60.0}
2026-02-13 20:49:12,672 - Drone_4 - INFO - Drone 4: Flying to {'x': 2524.123585131995, 'y': 2505.06924312449, 'z': 60.0}
2026-02-13 20:49:13,675 - Drone_3 - INFO - Drone 3: Flying to {'x': 2580.6624561856283, 'y': 2468.19640678145, 'z': 60.0}
2026-02-13 20:49:13,675 - Drone_4 - INFO - Drone 4: Flying to {'x': 2524.123585131995, 'y': 2505.06924312449, 'z': 60.0}
2026-02-13 20:49:14,677 - Drone_3 - INFO - Drone 3: Flying to {'x': 2580.6624561856283, 'y': 2468.19640678145, 'z': 60.0}
2026-02-13 20:49:14,678 - Drone_4 - INFO - Drone 4: Flying to {'x': 2524.123585131995, 'y': 2505.06924312449, 'z': 60.0}
2026-02-13 20:49:15,680 - Drone_3 - INFO - Drone 3: Flying to {'x': 2580.6624561856283, 'y': 2468.19640678145, 'z': 60.0}
2026-02-13 20:49:15,680 - Drone_4 - INFO - Drone 4: Flying to {'x': 2524.123585131995, 'y': 2505.06924312449, 'z': 60.0}
2026-02-13 20:49:16,682 - Drone_3 - INFO - Drone 3: Flying to {'x': 2580.6624561856283, 'y': 2468.19640678145, 'z': 60.0}
2026-02-13 20:49:16,682 - Drone_4 - INFO - Drone 4: Flying to {'x': 2524.123585131995, 'y': 2505.06924312449, 'z': 60.0}
2026-02-13 20:49:17,684 - Drone_3 - INFO - Drone 3: Flying to {'x': 2580.6624561856283, 'y': 2468.19640678145, 'z': 60.0}
2026-02-13 20:49:17,685 - Drone_4 - INFO - Drone 4: Flying to {'x': 2524.123585131995, 'y': 2505.06924312449, 'z': 60.0}
2026-02-13 20:49:18,100 - PhysicalMLTrainer_Drone5 - INFO - Physical ML model trained drone=5 samples=1301 degree=2 alpha=0.0 val_mse=0.000005
2026-02-13 20:49:18,101 - PhysicalMLTrainer_Drone3 - INFO - Physical ML model trained drone=3 samples=1301 degree=2 alpha=0.0 val_mse=0.001942
2026-02-13 20:49:18,106 - PhysicalMLTrainer_Drone4 - INFO - Physical ML model trained drone=4 samples=1301 degree=2 alpha=0.0 val_mse=0.002176
2026-02-13 20:49:18,106 - PhysicalMLTrainer_Drone2 - INFO - Physical ML model trained drone=2 samples=1301 degree=2 alpha=0.0 val_mse=0.002599
2026-02-13 20:49:18,688 - Drone_3 - INFO - Drone 3: Flying to {'x': 2580.6624561856283, 'y': 2468.19640678145, 'z': 60.0}
2026-02-13 20:49:18,689 - Drone_4 - INFO - Drone 4: Flying to {'x': 2524.123585131995, 'y': 2505.06924312449, 'z': 60.0}
2026-02-13 20:49:19,691 - Drone_3 - INFO - Drone 3: Flying to {'x': 2580.6624561856283, 'y': 2468.19640678145, 'z': 60.0}
2026-02-13 20:49:19,692 - Drone_4 - INFO - Drone 4: Flying to {'x': 2524.123585131995, 'y': 2505.06924312449, 'z': 60.0}
2026-02-13 20:49:20,695 - Drone_3 - INFO - Drone 3: Flying to {'x': 2580.6624561856283, 'y': 2468.19640678145, 'z': 60.0}
2026-02-13 20:49:20,696 - Drone_4 - INFO - Drone 4: Flying to {'x': 2524.123585131995, 'y': 2505.06924312449, 'z': 60.0}
2026-02-13 20:49:21,698 - Drone_3 - INFO - Drone 3: Flying to {'x': 2580.6624561856283, 'y': 2468.19640678145, 'z': 60.0}
2026-02-13 20:49:21,699 - Drone_4 - INFO - Drone 4: Flying to {'x': 2524.123585131995, 'y': 2505.06924312449, 'z': 60.0}
2026-02-13 20:49:22,700 - Drone_3 - INFO - Drone 3: Flying to {'x': 2580.662456185629, 'y': 2468.19640678145, 'z': 60.0}
2026-02-13 20:49:22,701 - Drone_4 - INFO - Drone 4: Flying to {'x': 2524.1235851319952, 'y': 2505.06924312449, 'z': 60.0}
2026-02-13 20:49:23,703 - Drone_3 - INFO - Drone 3: Flying to {'x': 2580.662456185629, 'y': 2468.19640678145, 'z': 60.0}
2026-02-13 20:49:23,703 - Drone_4 - INFO - Drone 4: Flying to {'x': 2524.1235851319952, 'y': 2505.06924312449, 'z': 60.0}
2026-02-13 20:49:24,705 - Drone_3 - INFO - Drone 3: Flying to {'x': 2580.6624561856283, 'y': 2468.19640678145, 'z': 60.0}
2026-02-13 20:49:24,705 - Drone_4 - INFO - Drone 4: Flying to {'x': 2524.123585131995, 'y': 2505.06924312449, 'z': 60.0}
2026-02-13 20:49:25,707 - Drone_3 - INFO - Drone 3: Flying to {'x': 2580.6624561856283, 'y': 2468.19640678145, 'z': 60.0}
2026-02-13 20:49:25,707 - Drone_4 - INFO - Drone 4: Flying to {'x': 2524.123585131995, 'y': 2505.06924312449, 'z': 60.0}
2026-02-13 20:49:26,709 - Drone_3 - INFO - Drone 3: Flying to {'x': 2580.662456185629, 'y': 2468.19640678145, 'z': 60.0}
2026-02-13 20:49:26,710 - Drone_4 - INFO - Drone 4: Flying to {'x': 2524.1235851319952, 'y': 2505.06924312449, 'z': 60.0}
2026-02-13 20:49:27,713 - Drone_3 - INFO - Drone 3: Flying to {'x': 2580.6624561856283, 'y': 2468.19640678145, 'z': 60.0}
2026-02-13 20:49:27,714 - Drone_4 - INFO - Drone 4: Flying to {'x': 2524.123585131995, 'y': 2505.06924312449, 'z': 60.0}
2026-02-13 20:49:28,717 - Drone_3 - INFO - Drone 3: Flying to {'x': 2580.6624561856283, 'y': 2468.19640678145, 'z': 60.0}
2026-02-13 20:49:28,717 - Drone_4 - INFO - Drone 4: Flying to {'x': 2524.123585131995, 'y': 2505.06924312449, 'z': 60.0}
2026-02-13 20:49:29,720 - Drone_3 - INFO - Drone 3: Flying to {'x': 2580.6624561856283, 'y': 2468.19640678145, 'z': 60.0}
2026-02-13 20:49:29,721 - Drone_4 - INFO - Drone 4: Flying to {'x': 2524.123585131995, 'y': 2505.06924312449, 'z': 60.0}
2026-02-13 20:49:30,724 - Drone_3 - INFO - Drone 3: Flying to {'x': 2580.6624561856283, 'y': 2468.19640678145, 'z': 60.0}
2026-02-13 20:49:30,724 - Drone_4 - INFO - Drone 4: Flying to {'x': 2524.123585131995, 'y': 2505.06924312449, 'z': 60.0}
2026-02-13 20:49:31,727 - Drone_3 - INFO - Drone 3: Flying to {'x': 2580.6624561856283, 'y': 2468.19640678145, 'z': 60.0}
2026-02-13 20:49:31,728 - Drone_4 - INFO - Drone 4: Flying to {'x': 2524.123585131995, 'y': 2505.06924312449, 'z': 60.0}
2026-02-13 20:49:32,729 - Drone_3 - INFO - Drone 3: Flying to {'x': 2580.6624561856283, 'y': 2468.19640678145, 'z': 60.0}
2026-02-13 20:49:32,730 - Drone_4 - INFO - Drone 4: Flying to {'x': 2524.123585131995, 'y': 2505.06924312449, 'z': 60.0}
2026-02-13 20:49:33,731 - Drone_3 - INFO - Drone 3: Flying to {'x': 2580.6624561856283, 'y': 2468.19640678145, 'z': 60.0}
2026-02-13 20:49:33,732 - Drone_4 - INFO - Drone 4: Flying to {'x': 2524.123585131995, 'y': 2505.06924312449, 'z': 60.0}
2026-02-13 20:49:34,734 - Drone_3 - INFO - Drone 3: Flying to {'x': 2580.6624561856283, 'y': 2468.19640678145, 'z': 60.0}
2026-02-13 20:49:34,735 - Drone_4 - INFO - Drone 4: Flying to {'x': 2524.123585131995, 'y': 2505.06924312449, 'z': 60.0}
2026-02-13 20:49:35,738 - Drone_3 - INFO - Drone 3: Flying to {'x': 2580.6624561856283, 'y': 2468.19640678145, 'z': 60.0}
2026-02-13 20:49:35,739 - Drone_4 - INFO - Drone 4: Flying to {'x': 2524.123585131995, 'y': 2505.06924312449, 'z': 60.0}
2026-02-13 20:49:36,740 - Drone_3 - INFO - Drone 3: Flying to {'x': 2580.6624561856283, 'y': 2468.19640678145, 'z': 60.0}
2026-02-13 20:49:36,740 - Drone_4 - INFO - Drone 4: Flying to {'x': 2524.123585131995, 'y': 2505.06924312449, 'z': 60.0}
2026-02-13 20:49:37,741 - Drone_3 - INFO - Drone 3: Flying to {'x': 2580.6624561856283, 'y': 2468.19640678145, 'z': 60.0}
2026-02-13 20:49:37,742 - Drone_4 - INFO - Drone 4: Flying to {'x': 2524.123585131995, 'y': 2505.06924312449, 'z': 60.0}
2026-02-13 20:49:38,245 - PhysicalMLTrainer_Drone3 - INFO - Physical ML model trained drone=3 samples=1501 degree=2 alpha=0.0 val_mse=0.001637
2026-02-13 20:49:38,246 - PhysicalMLTrainer_Drone5 - INFO - Physical ML model trained drone=5 samples=1501 degree=2 alpha=0.0 val_mse=0.000002
2026-02-13 20:49:38,247 - PhysicalMLTrainer_Drone4 - INFO - Physical ML model trained drone=4 samples=1501 degree=2 alpha=0.0 val_mse=0.001717
2026-02-13 20:49:38,247 - PhysicalMLTrainer_Drone2 - INFO - Physical ML model trained drone=2 samples=1501 degree=2 alpha=0.0 val_mse=0.001726
2026-02-13 20:49:38,743 - Drone_3 - INFO - Drone 3: Flying to {'x': 2580.6624561856283, 'y': 2468.19640678145, 'z': 60.0}
2026-02-13 20:49:38,743 - Drone_4 - INFO - Drone 4: Flying to {'x': 2524.123585131995, 'y': 2505.06924312449, 'z': 60.0}
2026-02-13 20:49:39,745 - Drone_3 - INFO - Drone 3: Flying to {'x': 2580.6624561856283, 'y': 2468.19640678145, 'z': 60.0}
2026-02-13 20:49:39,745 - Drone_4 - INFO - Drone 4: Flying to {'x': 2524.123585131995, 'y': 2505.06924312449, 'z': 60.0}
2026-02-13 20:49:40,747 - Drone_3 - INFO - Drone 3: Flying to {'x': 2580.6624561856283, 'y': 2468.19640678145, 'z': 60.0}
2026-02-13 20:49:40,747 - Drone_4 - INFO - Drone 4: Flying to {'x': 2524.123585131995, 'y': 2505.06924312449, 'z': 60.0}
2026-02-13 20:49:41,749 - Drone_3 - INFO - Drone 3: Flying to {'x': 2580.6624561856283, 'y': 2468.19640678145, 'z': 60.0}
2026-02-13 20:49:41,749 - Drone_4 - INFO - Drone 4: Flying to {'x': 2524.123585131995, 'y': 2505.06924312449, 'z': 60.0}
2026-02-13 20:49:42,752 - Drone_3 - INFO - Drone 3: Flying to {'x': 2580.6624561856283, 'y': 2468.19640678145, 'z': 60.0}
2026-02-13 20:49:42,753 - Drone_4 - INFO - Drone 4: Flying to {'x': 2524.123585131995, 'y': 2505.06924312449, 'z': 60.0}
2026-02-13 20:49:43,757 - Drone_3 - INFO - Drone 3: Flying to {'x': 2580.6624561856283, 'y': 2468.19640678145, 'z': 60.0}
2026-02-13 20:49:43,757 - Drone_4 - INFO - Drone 4: Flying to {'x': 2524.123585131995, 'y': 2505.06924312449, 'z': 60.0}
2026-02-13 20:49:44,759 - Drone_3 - INFO - Drone 3: Flying to {'x': 2580.6624561856283, 'y': 2468.19640678145, 'z': 60.0}
2026-02-13 20:49:44,759 - Drone_4 - INFO - Drone 4: Flying to {'x': 2524.123585131995, 'y': 2505.06924312449, 'z': 60.0}
2026-02-13 20:49:45,760 - Drone_3 - INFO - Drone 3: Flying to {'x': 2580.6624561856283, 'y': 2468.19640678145, 'z': 60.0}
2026-02-13 20:49:45,761 - Drone_4 - INFO - Drone 4: Flying to {'x': 2524.123585131995, 'y': 2505.06924312449, 'z': 60.0}
2026-02-13 20:49:46,763 - Drone_3 - INFO - Drone 3: Flying to {'x': 2580.6624561856283, 'y': 2468.19640678145, 'z': 60.0}
2026-02-13 20:49:46,764 - Drone_4 - INFO - Drone 4: Flying to {'x': 2524.123585131995, 'y': 2505.06924312449, 'z': 60.0}
2026-02-13 20:49:47,767 - Drone_3 - INFO - Drone 3: Flying to {'x': 2580.6624561856283, 'y': 2468.19640678145, 'z': 60.0}
2026-02-13 20:49:47,768 - Drone_4 - INFO - Drone 4: Flying to {'x': 2524.123585131995, 'y': 2505.06924312449, 'z': 60.0}
2026-02-13 20:49:48,771 - Drone_3 - INFO - Drone 3: Flying to {'x': 2580.6624561856283, 'y': 2468.19640678145, 'z': 60.0}
2026-02-13 20:49:48,771 - Drone_4 - INFO - Drone 4: Flying to {'x': 2524.123585131995, 'y': 2505.06924312449, 'z': 60.0}
2026-02-13 20:49:49,774 - Drone_3 - INFO - Drone 3: Flying to {'x': 2580.6624561856283, 'y': 2468.19640678145, 'z': 60.0}
2026-02-13 20:49:49,774 - Drone_4 - INFO - Drone 4: Flying to {'x': 2524.123585131995, 'y': 2505.06924312449, 'z': 60.0}
2026-02-13 20:49:50,776 - Drone_3 - INFO - Drone 3: Flying to {'x': 2580.6624561856283, 'y': 2468.19640678145, 'z': 60.0}
2026-02-13 20:49:50,776 - Drone_4 - INFO - Drone 4: Flying to {'x': 2524.123585131995, 'y': 2505.06924312449, 'z': 60.0}
2026-02-13 20:49:51,777 - Drone_3 - INFO - Drone 3: Flying to {'x': 2580.662456185629, 'y': 2468.19640678145, 'z': 60.0}
2026-02-13 20:49:51,778 - Drone_4 - INFO - Drone 4: Flying to {'x': 2524.1235851319952, 'y': 2505.06924312449, 'z': 60.0}
2026-02-13 20:49:52,779 - Drone_3 - INFO - Drone 3: Flying to {'x': 2580.662456185629, 'y': 2468.19640678145, 'z': 60.0}
2026-02-13 20:49:52,779 - Drone_4 - INFO - Drone 4: Flying to {'x': 2524.1235851319952, 'y': 2505.06924312449, 'z': 60.0}
2026-02-13 20:49:53,781 - Drone_3 - INFO - Drone 3: Flying to {'x': 2580.662456185629, 'y': 2468.19640678145, 'z': 60.0}
2026-02-13 20:49:53,782 - Drone_4 - INFO - Drone 4: Flying to {'x': 2524.1235851319952, 'y': 2505.06924312449, 'z': 60.0}
2026-02-13 20:49:54,786 - Drone_3 - INFO - Drone 3: Flying to {'x': 2580.662456185629, 'y': 2468.19640678145, 'z': 60.0}
2026-02-13 20:49:54,786 - Drone_4 - INFO - Drone 4: Flying to {'x': 2524.1235851319952, 'y': 2505.06924312449, 'z': 60.0}
2026-02-13 20:49:55,789 - Drone_3 - INFO - Drone 3: Flying to {'x': 2580.662456185629, 'y': 2468.19640678145, 'z': 60.0}
2026-02-13 20:49:55,790 - Drone_4 - INFO - Drone 4: Flying to {'x': 2524.1235851319952, 'y': 2505.06924312449, 'z': 60.0}
2026-02-13 20:49:56,793 - Drone_3 - INFO - Drone 3: Flying to {'x': 2580.662456185629, 'y': 2468.19640678145, 'z': 60.0}
2026-02-13 20:49:56,793 - Drone_4 - INFO - Drone 4: Flying to {'x': 2524.1235851319952, 'y': 2505.06924312449, 'z': 60.0}
2026-02-13 20:49:57,796 - Drone_3 - INFO - Drone 3: Flying to {'x': 2580.662456185629, 'y': 2468.19640678145, 'z': 60.0}
2026-02-13 20:49:57,796 - Drone_4 - INFO - Drone 4: Flying to {'x': 2524.1235851319952, 'y': 2505.06924312449, 'z': 60.0}
2026-02-13 20:49:58,366 - PhysicalMLTrainer_Drone3 - INFO - Physical ML model trained drone=3 samples=1701 degree=2 alpha=0.0 val_mse=0.001257
2026-02-13 20:49:58,382 - PhysicalMLTrainer_Drone5 - INFO - Physical ML model trained drone=5 samples=1701 degree=2 alpha=0.0 val_mse=0.000001
2026-02-13 20:49:58,385 - PhysicalMLTrainer_Drone4 - INFO - Physical ML model trained drone=4 samples=1701 degree=2 alpha=0.0 val_mse=0.001246
2026-02-13 20:49:58,386 - PhysicalMLTrainer_Drone2 - INFO - Physical ML model trained drone=2 samples=1701 degree=2 alpha=0.0 val_mse=0.001228
2026-02-13 20:49:58,798 - Drone_3 - INFO - Drone 3: Flying to {'x': 2580.662456185629, 'y': 2468.19640678145, 'z': 60.0}
2026-02-13 20:49:58,798 - Drone_4 - INFO - Drone 4: Flying to {'x': 2524.1235851319952, 'y': 2505.06924312449, 'z': 60.0}
2026-02-13 20:49:59,800 - Drone_3 - INFO - Drone 3: Flying to {'x': 2580.662456185629, 'y': 2468.19640678145, 'z': 60.0}
2026-02-13 20:49:59,800 - Drone_4 - INFO - Drone 4: Flying to {'x': 2524.1235851319952, 'y': 2505.06924312449, 'z': 60.0}
2026-02-13 20:50:00,802 - Drone_3 - INFO - Drone 3: Flying to {'x': 2580.662456185629, 'y': 2468.19640678145, 'z': 60.0}
2026-02-13 20:50:00,803 - Drone_4 - INFO - Drone 4: Flying to {'x': 2524.1235851319952, 'y': 2505.06924312449, 'z': 60.0}
2026-02-13 20:50:01,805 - Drone_3 - INFO - Drone 3: Flying to {'x': 2580.662456185629, 'y': 2468.19640678145, 'z': 60.0}
2026-02-13 20:50:01,806 - Drone_4 - INFO - Drone 4: Flying to {'x': 2524.1235851319952, 'y': 2505.06924312449, 'z': 60.0}
2026-02-13 20:50:02,810 - Drone_3 - INFO - Drone 3: Flying to {'x': 2580.662456185629, 'y': 2468.19640678145, 'z': 60.0}
2026-02-13 20:50:02,810 - Drone_4 - INFO - Drone 4: Flying to {'x': 2524.1235851319952, 'y': 2505.06924312449, 'z': 60.0}
2026-02-13 20:50:03,813 - Drone_3 - INFO - Drone 3: Flying to {'x': 2580.662456185629, 'y': 2468.19640678145, 'z': 60.0}
2026-02-13 20:50:03,813 - Drone_4 - INFO - Drone 4: Flying to {'x': 2524.1235851319952, 'y': 2505.06924312449, 'z': 60.0}
2026-02-13 20:50:04,815 - Drone_3 - INFO - Drone 3: Flying to {'x': 2580.6624561856283, 'y': 2468.19640678145, 'z': 60.0}
2026-02-13 20:50:04,816 - Drone_4 - INFO - Drone 4: Flying to {'x': 2524.123585131995, 'y': 2505.06924312449, 'z': 60.0}
2026-02-13 20:50:05,817 - Drone_3 - INFO - Drone 3: Flying to {'x': 2580.6624561856283, 'y': 2468.19640678145, 'z': 60.0}
2026-02-13 20:50:05,817 - Drone_4 - INFO - Drone 4: Flying to {'x': 2524.123585131995, 'y': 2505.06924312449, 'z': 60.0}
2026-02-13 20:50:06,819 - Drone_3 - INFO - Drone 3: Flying to {'x': 2580.662456185629, 'y': 2468.19640678145, 'z': 60.0}
2026-02-13 20:50:06,820 - Drone_4 - INFO - Drone 4: Flying to {'x': 2524.1235851319952, 'y': 2505.06924312449, 'z': 60.0}
2026-02-13 20:50:07,822 - Drone_3 - INFO - Drone 3: Flying to {'x': 2580.662456185629, 'y': 2468.19640678145, 'z': 60.0}
2026-02-13 20:50:07,823 - Drone_4 - INFO - Drone 4: Flying to {'x': 2524.1235851319952, 'y': 2505.06924312449, 'z': 60.0}
2026-02-13 20:50:08,826 - Drone_3 - INFO - Drone 3: Flying to {'x': 2580.6624561856283, 'y': 2468.19640678145, 'z': 60.0}
2026-02-13 20:50:08,826 - Drone_4 - INFO - Drone 4: Flying to {'x': 2524.123585131995, 'y': 2505.06924312449, 'z': 60.0}
2026-02-13 20:50:09,828 - Drone_3 - INFO - Drone 3: Flying to {'x': 2580.6624561856283, 'y': 2468.19640678145, 'z': 60.0}
2026-02-13 20:50:09,828 - Drone_4 - INFO - Drone 4: Flying to {'x': 2524.123585131995, 'y': 2505.06924312449, 'z': 60.0}
2026-02-13 20:50:10,831 - Drone_3 - INFO - Drone 3: Flying to {'x': 2580.662456185629, 'y': 2468.19640678145, 'z': 60.0}
2026-02-13 20:50:10,831 - Drone_4 - INFO - Drone 4: Flying to {'x': 2524.1235851319952, 'y': 2505.06924312449, 'z': 60.0}
2026-02-13 20:50:11,834 - Drone_3 - INFO - Drone 3: Flying to {'x': 2580.662456185629, 'y': 2468.19640678145, 'z': 60.0}
2026-02-13 20:50:11,835 - Drone_4 - INFO - Drone 4: Flying to {'x': 2524.1235851319952, 'y': 2505.06924312449, 'z': 60.0}
2026-02-13 20:50:12,836 - Drone_3 - INFO - Drone 3: Flying to {'x': 2580.662456185629, 'y': 2468.19640678145, 'z': 60.0}
2026-02-13 20:50:12,836 - Drone_4 - INFO - Drone 4: Flying to {'x': 2524.1235851319952, 'y': 2505.06924312449, 'z': 60.0}
2026-02-13 20:50:13,838 - Drone_3 - INFO - Drone 3: Flying to {'x': 2580.662456185629, 'y': 2468.19640678145, 'z': 60.0}
2026-02-13 20:50:13,838 - Drone_4 - INFO - Drone 4: Flying to {'x': 2524.1235851319952, 'y': 2505.06924312449, 'z': 60.0}
2026-02-13 20:50:14,840 - Drone_3 - INFO - Drone 3: Flying to {'x': 2580.6624561856283, 'y': 2468.19640678145, 'z': 60.0}
2026-02-13 20:50:14,841 - Drone_4 - INFO - Drone 4: Flying to {'x': 2524.123585131995, 'y': 2505.06924312449, 'z': 60.0}
2026-02-13 20:50:15,843 - Drone_3 - INFO - Drone 3: Flying to {'x': 2580.6624561856283, 'y': 2468.19640678145, 'z': 60.0}
2026-02-13 20:50:15,844 - Drone_4 - INFO - Drone 4: Flying to {'x': 2524.123585131995, 'y': 2505.06924312449, 'z': 60.0}
2026-02-13 20:50:16,847 - Drone_3 - INFO - Drone 3: Flying to {'x': 2580.6624561856283, 'y': 2468.19640678145, 'z': 60.0}
2026-02-13 20:50:16,848 - Drone_4 - INFO - Drone 4: Flying to {'x': 2524.123585131995, 'y': 2505.06924312449, 'z': 60.0}
2026-02-13 20:50:17,850 - Drone_3 - INFO - Drone 3: Flying to {'x': 2580.6624561856283, 'y': 2468.19640678145, 'z': 60.0}
2026-02-13 20:50:17,851 - Drone_4 - INFO - Drone 4: Flying to {'x': 2524.123585131995, 'y': 2505.06924312449, 'z': 60.0}
2026-02-13 20:50:18,492 - PhysicalMLTrainer_Drone3 - INFO - Physical ML model trained drone=3 samples=1901 degree=2 alpha=0.0 val_mse=0.000950
2026-02-13 20:50:18,514 - PhysicalMLTrainer_Drone4 - INFO - Physical ML model trained drone=4 samples=1901 degree=2 alpha=0.0 val_mse=0.000905
2026-02-13 20:50:18,517 - PhysicalMLTrainer_Drone5 - INFO - Physical ML model trained drone=5 samples=1901 degree=2 alpha=0.0 val_mse=0.000001
2026-02-13 20:50:18,517 - PhysicalMLTrainer_Drone2 - INFO - Physical ML model trained drone=2 samples=1901 degree=2 alpha=0.0 val_mse=0.000977
2026-02-13 20:50:18,852 - Drone_3 - INFO - Drone 3: Flying to {'x': 2580.6624561856283, 'y': 2468.19640678145, 'z': 60.0}
2026-02-13 20:50:18,853 - Drone_4 - INFO - Drone 4: Flying to {'x': 2524.123585131995, 'y': 2505.06924312449, 'z': 60.0}
2026-02-13 20:50:19,854 - Drone_3 - INFO - Drone 3: Flying to {'x': 2580.6624561856283, 'y': 2468.19640678145, 'z': 60.0}
2026-02-13 20:50:19,855 - Drone_4 - INFO - Drone 4: Flying to {'x': 2524.123585131995, 'y': 2505.06924312449, 'z': 60.0}
2026-02-13 20:50:20,857 - Drone_3 - INFO - Drone 3: Flying to {'x': 2580.6624561856283, 'y': 2468.19640678145, 'z': 60.0}
2026-02-13 20:50:20,857 - Drone_4 - INFO - Drone 4: Flying to {'x': 2524.123585131995, 'y': 2505.06924312449, 'z': 60.0}
2026-02-13 20:50:21,859 - Drone_3 - INFO - Drone 3: Flying to {'x': 2580.6624561856283, 'y': 2468.19640678145, 'z': 60.0}
2026-02-13 20:50:21,859 - Drone_4 - INFO - Drone 4: Flying to {'x': 2524.123585131995, 'y': 2505.06924312449, 'z': 60.0}
2026-02-13 20:50:22,862 - Drone_3 - INFO - Drone 3: Flying to {'x': 2580.6624561856283, 'y': 2468.19640678145, 'z': 60.0}
2026-02-13 20:50:22,862 - Drone_4 - INFO - Drone 4: Flying to {'x': 2524.123585131995, 'y': 2505.06924312449, 'z': 60.0}
2026-02-13 20:50:23,865 - Drone_3 - INFO - Drone 3: Flying to {'x': 2580.6624561856283, 'y': 2468.19640678145, 'z': 60.0}
2026-02-13 20:50:23,866 - Drone_4 - INFO - Drone 4: Flying to {'x': 2524.123585131995, 'y': 2505.06924312449, 'z': 60.0}
2026-02-13 20:50:24,869 - Drone_3 - INFO - Drone 3: Flying to {'x': 2580.6624561856283, 'y': 2468.19640678145, 'z': 60.0}
2026-02-13 20:50:24,870 - Drone_4 - INFO - Drone 4: Flying to {'x': 2524.123585131995, 'y': 2505.06924312449, 'z': 60.0}
2026-02-13 20:50:25,872 - Drone_3 - INFO - Drone 3: Flying to {'x': 2580.6624561856283, 'y': 2468.19640678145, 'z': 60.0}
2026-02-13 20:50:25,872 - Drone_4 - INFO - Drone 4: Flying to {'x': 2524.123585131995, 'y': 2505.06924312449, 'z': 60.0}
2026-02-13 20:50:26,873 - Drone_3 - INFO - Drone 3: Flying to {'x': 2580.6624561856283, 'y': 2468.19640678145, 'z': 60.0}
2026-02-13 20:50:26,874 - Drone_4 - INFO - Drone 4: Flying to {'x': 2524.123585131995, 'y': 2505.06924312449, 'z': 60.0}
2026-02-13 20:50:27,876 - Drone_3 - INFO - Drone 3: Flying to {'x': 2580.6624561856283, 'y': 2468.19640678145, 'z': 60.0}
2026-02-13 20:50:27,877 - Drone_4 - INFO - Drone 4: Flying to {'x': 2524.123585131995, 'y': 2505.06924312449, 'z': 60.0}
2026-02-13 20:50:28,880 - Drone_3 - INFO - Drone 3: Flying to {'x': 2580.6624561856283, 'y': 2468.19640678145, 'z': 60.0}
2026-02-13 20:50:28,880 - Drone_4 - INFO - Drone 4: Flying to {'x': 2524.123585131995, 'y': 2505.06924312449, 'z': 60.0}
2026-02-13 20:50:29,883 - Drone_3 - INFO - Drone 3: Flying to {'x': 2580.6624561856283, 'y': 2468.19640678145, 'z': 60.0}
2026-02-13 20:50:29,884 - Drone_4 - INFO - Drone 4: Flying to {'x': 2524.123585131995, 'y': 2505.06924312449, 'z': 60.0}
2026-02-13 20:50:30,887 - Drone_3 - INFO - Drone 3: Flying to {'x': 2580.6624561856283, 'y': 2468.19640678145, 'z': 60.0}
2026-02-13 20:50:30,889 - Drone_4 - INFO - Drone 4: Flying to {'x': 2524.123585131995, 'y': 2505.06924312449, 'z': 60.0}
2026-02-13 20:50:31,891 - Drone_3 - INFO - Drone 3: Flying to {'x': 2580.6624561856283, 'y': 2468.19640678145, 'z': 60.0}
2026-02-13 20:50:31,892 - Drone_4 - INFO - Drone 4: Flying to {'x': 2524.123585131995, 'y': 2505.06924312449, 'z': 60.0}
2026-02-13 20:50:32,894 - Drone_3 - INFO - Drone 3: Flying to {'x': 2580.6624561856283, 'y': 2468.19640678145, 'z': 60.0}
2026-02-13 20:50:32,894 - Drone_4 - INFO - Drone 4: Flying to {'x': 2524.123585131995, 'y': 2505.06924312449, 'z': 60.0}
2026-02-13 20:50:33,896 - Drone_3 - INFO - Drone 3: Flying to {'x': 2580.6624561856283, 'y': 2468.19640678145, 'z': 60.0}
2026-02-13 20:50:33,896 - Drone_4 - INFO - Drone 4: Flying to {'x': 2524.123585131995, 'y': 2505.06924312449, 'z': 60.0}
2026-02-13 20:50:34,899 - Drone_3 - INFO - Drone 3: Flying to {'x': 2580.6624561856283, 'y': 2468.19640678145, 'z': 60.0}
2026-02-13 20:50:34,900 - Drone_4 - INFO - Drone 4: Flying to {'x': 2524.123585131995, 'y': 2505.06924312449, 'z': 60.0}
2026-02-13 20:50:35,902 - Drone_3 - INFO - Drone 3: Flying to {'x': 2580.6624561856283, 'y': 2468.19640678145, 'z': 60.0}
2026-02-13 20:50:35,903 - Drone_4 - INFO - Drone 4: Flying to {'x': 2524.123585131995, 'y': 2505.06924312449, 'z': 60.0}
2026-02-13 20:50:36,906 - Drone_3 - INFO - Drone 3: Flying to {'x': 2580.6624561856283, 'y': 2468.19640678145, 'z': 60.0}
2026-02-13 20:50:36,907 - Drone_4 - INFO - Drone 4: Flying to {'x': 2524.123585131995, 'y': 2505.06924312449, 'z': 60.0}
2026-02-13 20:50:37,908 - Drone_3 - INFO - Drone 3: Flying to {'x': 2580.6624561856283, 'y': 2468.19640678145, 'z': 60.0}
2026-02-13 20:50:37,909 - Drone_4 - INFO - Drone 4: Flying to {'x': 2524.123585131995, 'y': 2505.06924312449, 'z': 60.0}
2026-02-13 20:50:38,619 - PhysicalMLTrainer_Drone3 - INFO - Physical ML model trained drone=3 samples=2101 degree=2 alpha=0.0 val_mse=0.000739
2026-02-13 20:50:38,652 - PhysicalMLTrainer_Drone4 - INFO - Physical ML model trained drone=4 samples=2101 degree=2 alpha=0.0 val_mse=0.000686
2026-02-13 20:50:38,653 - PhysicalMLTrainer_Drone5 - INFO - Physical ML model trained drone=5 samples=2101 degree=2 alpha=0.0 val_mse=0.000001
2026-02-13 20:50:38,653 - PhysicalMLTrainer_Drone2 - INFO - Physical ML model trained drone=2 samples=2101 degree=2 alpha=0.0 val_mse=0.000857
2026-02-13 20:50:38,910 - Drone_3 - INFO - Drone 3: Flying to {'x': 2580.6624561856283, 'y': 2468.19640678145, 'z': 60.0}
2026-02-13 20:50:38,910 - Drone_4 - INFO - Drone 4: Flying to {'x': 2524.123585131995, 'y': 2505.06924312449, 'z': 60.0}
2026-02-13 20:50:39,912 - Drone_3 - INFO - Drone 3: Flying to {'x': 2580.6624561856283, 'y': 2468.19640678145, 'z': 60.0}
2026-02-13 20:50:39,913 - Drone_4 - INFO - Drone 4: Flying to {'x': 2524.123585131995, 'y': 2505.06924312449, 'z': 60.0}
2026-02-13 20:50:40,914 - Drone_3 - INFO - Drone 3: Flying to {'x': 2580.6624561856283, 'y': 2468.19640678145, 'z': 60.0}
2026-02-13 20:50:40,914 - Drone_4 - INFO - Drone 4: Flying to {'x': 2524.123585131995, 'y': 2505.06924312449, 'z': 60.0}
2026-02-13 20:50:41,917 - Drone_3 - INFO - Drone 3: Flying to {'x': 2580.6624561856283, 'y': 2468.19640678145, 'z': 60.0}
2026-02-13 20:50:41,917 - Drone_4 - INFO - Drone 4: Flying to {'x': 2524.123585131995, 'y': 2505.06924312449, 'z': 60.0}
2026-02-13 20:50:42,919 - Drone_3 - INFO - Drone 3: Flying to {'x': 2580.6624561856283, 'y': 2468.19640678145, 'z': 60.0}
2026-02-13 20:50:42,919 - Drone_4 - INFO - Drone 4: Flying to {'x': 2524.123585131995, 'y': 2505.06924312449, 'z': 60.0}
2026-02-13 20:50:43,920 - Drone_3 - INFO - Drone 3: Flying to {'x': 2580.6624561856283, 'y': 2468.19640678145, 'z': 60.0}
2026-02-13 20:50:43,920 - Drone_4 - INFO - Drone 4: Flying to {'x': 2524.123585131995, 'y': 2505.06924312449, 'z': 60.0}
2026-02-13 20:50:44,922 - Drone_3 - INFO - Drone 3: Flying to {'x': 2580.662456185628, 'y': 2468.1964067814497, 'z': 60.0}
2026-02-13 20:50:44,922 - Drone_4 - INFO - Drone 4: Flying to {'x': 2524.1235851319952, 'y': 2505.0692431244906, 'z': 60.0}
2026-02-13 20:50:45,923 - Drone_3 - INFO - Drone 3: Flying to {'x': 2580.6624561856283, 'y': 2468.19640678145, 'z': 60.0}
2026-02-13 20:50:45,923 - Drone_4 - INFO - Drone 4: Flying to {'x': 2524.123585131995, 'y': 2505.06924312449, 'z': 60.0}
2026-02-13 20:50:46,925 - Drone_3 - INFO - Drone 3: Flying to {'x': 2580.6624561856283, 'y': 2468.19640678145, 'z': 60.0}
2026-02-13 20:50:46,925 - Drone_4 - INFO - Drone 4: Flying to {'x': 2524.123585131995, 'y': 2505.06924312449, 'z': 60.0}
2026-02-13 20:50:47,927 - Drone_3 - INFO - Drone 3: Flying to {'x': 2580.6624561856283, 'y': 2468.19640678145, 'z': 60.0}
2026-02-13 20:50:47,928 - Drone_4 - INFO - Drone 4: Flying to {'x': 2524.123585131995, 'y': 2505.06924312449, 'z': 60.0}
2026-02-13 20:50:48,930 - Drone_3 - INFO - Drone 3: Flying to {'x': 2580.662456185628, 'y': 2468.1964067814497, 'z': 60.0}
2026-02-13 20:50:48,931 - Drone_4 - INFO - Drone 4: Flying to {'x': 2524.1235851319952, 'y': 2505.0692431244906, 'z': 60.0}
2026-02-13 20:50:49,933 - Drone_3 - INFO - Drone 3: Flying to {'x': 2580.6624561856283, 'y': 2468.19640678145, 'z': 60.0}
2026-02-13 20:50:49,934 - Drone_4 - INFO - Drone 4: Flying to {'x': 2524.123585131995, 'y': 2505.06924312449, 'z': 60.0}
2026-02-13 20:50:50,936 - Drone_3 - INFO - Drone 3: Flying to {'x': 2580.662456185629, 'y': 2468.19640678145, 'z': 60.0}
2026-02-13 20:50:50,936 - Drone_4 - INFO - Drone 4: Flying to {'x': 2524.1235851319952, 'y': 2505.06924312449, 'z': 60.0}
2026-02-13 20:50:51,938 - Drone_3 - INFO - Drone 3: Flying to {'x': 2580.662456185628, 'y': 2468.1964067814497, 'z': 60.0}
2026-02-13 20:50:51,939 - Drone_4 - INFO - Drone 4: Flying to {'x': 2524.1235851319952, 'y': 2505.0692431244906, 'z': 60.0}
2026-02-13 20:50:52,434 - Drone_2 - INFO - Drone 2: Reached target position
2026-02-13 20:50:52,941 - Drone_3 - INFO - Drone 3: Flying to {'x': 2570.841994791316, 'y': 2577.0345019245865, 'z': 60.0}
2026-02-13 20:50:52,941 - Drone_4 - INFO - Drone 4: Flying to {'x': 2627.5456686810294, 'y': 2540.4156083393195, 'z': 60.0}
2026-02-13 20:50:53,943 - Drone_3 - INFO - Drone 3: Flying to {'x': 2567.0946350115205, 'y': 2570.9648948479894, 'z': 60.0}
2026-02-13 20:50:53,943 - Drone_4 - INFO - Drone 4: Flying to {'x': 2623.6687120164493, 'y': 2534.1460978681803, 'z': 60.0}
2026-02-13 20:50:54,945 - Drone_3 - INFO - Drone 3: Flying to {'x': 2562.9077077224965, 'y': 2564.244340129401, 'z': 60.0}
2026-02-13 20:50:54,946 - Drone_4 - INFO - Drone 4: Flying to {'x': 2619.339435549534, 'y': 2527.2077353382606, 'z': 60.0}
2026-02-13 20:50:55,949 - Drone_3 - INFO - Drone 3: Flying to {'x': 2558.6941629718754, 'y': 2557.5446984022797, 'z': 60.0}
2026-02-13 20:50:55,949 - Drone_4 - INFO - Drone 4: Flying to {'x': 2614.985647950775, 'y': 2520.295286073086, 'z': 60.0}
2026-02-13 20:50:56,953 - Drone_3 - INFO - Drone 3: Flying to {'x': 2554.4483277199897, 'y': 2550.8566954040193, 'z': 60.0}
2026-02-13 20:50:56,953 - Drone_4 - INFO - Drone 4: Flying to {'x': 2610.6019500247967, 'y': 2513.3997774575423, 'z': 60.0}
2026-02-13 20:50:57,956 - Drone_3 - INFO - Drone 3: Flying to {'x': 2550.1677805007625, 'y': 2544.1762524389383, 'z': 60.0}
2026-02-13 20:50:57,956 - Drone_4 - INFO - Drone 4: Flying to {'x': 2606.186305685507, 'y': 2506.5175902730284, 'z': 60.0}
2026-02-13 20:50:58,743 - PhysicalMLTrainer_Drone3 - INFO - Physical ML model trained drone=3 samples=2301 degree=2 alpha=0.0 val_mse=0.000637
2026-02-13 20:50:58,772 - PhysicalMLTrainer_Drone5 - INFO - Physical ML model trained drone=5 samples=2301 degree=2 alpha=0.0 val_mse=0.000001
2026-02-13 20:50:58,784 - PhysicalMLTrainer_Drone4 - INFO - Physical ML model trained drone=4 samples=2301 degree=2 alpha=0.0 val_mse=0.000608
2026-02-13 20:50:58,785 - PhysicalMLTrainer_Drone2 - INFO - Physical ML model trained drone=2 samples=2301 degree=2 alpha=1.0 val_mse=0.028665
2026-02-13 20:50:58,958 - Drone_3 - INFO - Drone 3: Flying to {'x': 2545.815568843709, 'y': 2537.4461102638375, 'z': 60.0}
2026-02-13 20:50:58,958 - Drone_4 - INFO - Drone 4: Flying to {'x': 2601.701111748397, 'y': 2499.5903828999585, 'z': 60.0}
2026-02-13 20:50:59,960 - Drone_3 - INFO - Drone 3: Flying to {'x': 2541.4772742606633, 'y': 2530.7977225581385, 'z': 60.0}
2026-02-13 20:50:59,960 - Drone_4 - INFO - Drone 4: Flying to {'x': 2597.234994475422, 'y': 2492.7539762066986, 'z': 60.0}
2026-02-13 20:51:00,961 - Drone_3 - INFO - Drone 3: Flying to {'x': 2537.1142303100833, 'y': 2524.1699032235147, 'z': 60.0}
2026-02-13 20:51:00,961 - Drone_4 - INFO - Drone 4: Flying to {'x': 2592.748485475395, 'y': 2485.945831590564, 'z': 60.0}
2026-02-13 20:51:01,962 - Drone_3 - INFO - Drone 3: Flying to {'x': 2532.7249948572567, 'y': 2517.559204278257, 'z': 60.0}
2026-02-13 20:51:01,963 - Drone_4 - INFO - Drone 4: Flying to {'x': 2588.2404852997174, 'y': 2479.1628461054693, 'z': 60.0}
2026-02-13 20:51:02,965 - Drone_3 - INFO - Drone 3: Flying to {'x': 2528.3082119955034, 'y': 2510.9622461080685, 'z': 60.0}
2026-02-13 20:51:02,966 - Drone_4 - INFO - Drone 4: Flying to {'x': 2583.7099716616513, 'y': 2472.4019682836747, 'z': 60.0}
2026-02-13 20:51:03,968 - Drone_3 - INFO - Drone 3: Flying to {'x': 2523.8576347598155, 'y': 2504.3683714506756, 'z': 60.0}
2026-02-13 20:51:03,969 - Drone_4 - INFO - Drone 4: Flying to {'x': 2579.1509040159035, 'y': 2465.6526850306504, 'z': 60.0}
2026-02-13 20:51:04,973 - Drone_3 - INFO - Drone 3: Flying to {'x': 2519.3664807336822, 'y': 2497.7662989545724, 'z': 60.0}
2026-02-13 20:51:04,974 - Drone_4 - INFO - Drone 4: Flying to {'x': 2574.5567118023832, 'y': 2458.903869867042, 'z': 60.0}
2026-02-13 20:51:05,976 - Drone_3 - INFO - Drone 3: Flying to {'x': 2514.8652534070284, 'y': 2491.1990895126182, 'z': 60.0}
2026-02-13 20:51:05,976 - Drone_4 - INFO - Drone 4: Flying to {'x': 2569.9589050863374, 'y': 2452.1998645890517, 'z': 60.0}
2026-02-13 20:51:06,977 - Drone_3 - INFO - Drone 3: Flying to {'x': 2510.3372583483147, 'y': 2484.6403001664617, 'z': 60.0}
2026-02-13 20:51:06,978 - Drone_4 - INFO - Drone 4: Flying to {'x': 2565.340686659921, 'y': 2445.5139295966023, 'z': 60.0}
2026-02-13 20:51:07,979 - Drone_3 - INFO - Drone 3: Flying to {'x': 2505.78374187248, 'y': 2478.089803445829, 'z': 60.0}
2026-02-13 20:51:07,979 - Drone_4 - INFO - Drone 4: Flying to {'x': 2560.7035966253047, 'y': 2438.8462109251564, 'z': 60.0}
2026-02-13 20:51:08,981 - Drone_3 - INFO - Drone 3: Flying to {'x': 2501.207141140772, 'y': 2471.549029184243, 'z': 60.0}
2026-02-13 20:51:08,981 - Drone_4 - INFO - Drone 4: Flying to {'x': 2556.0503565208205, 'y': 2432.1984036901335, 'z': 60.0}
2026-02-13 20:51:09,984 - Drone_3 - INFO - Drone 3: Flying to {'x': 2496.6107941577193, 'y': 2465.0205152492986, 'z': 60.0}
2026-02-13 20:51:09,984 - Drone_4 - INFO - Drone 4: Flying to {'x': 2551.3845650924877, 'y': 2425.573284451871, 'z': 60.0}
2026-02-13 20:51:10,986 - Drone_3 - INFO - Drone 3: Flying to {'x': 2491.9791690731754, 'y': 2458.4800540896204, 'z': 60.0}
2026-02-13 20:51:10,986 - Drone_4 - INFO - Drone 4: Flying to {'x': 2546.690670568436, 'y': 2418.9465037287664, 'z': 60.0}
2026-02-13 20:51:11,989 - Drone_3 - INFO - Drone 3: Flying to {'x': 2487.3300834502907, 'y': 2451.9505487410265, 'z': 60.0}
2026-02-13 20:51:11,989 - Drone_4 - INFO - Drone 4: Flying to {'x': 2541.9869191508924, 'y': 2412.3414549468303, 'z': 60.0}
2026-02-13 20:51:12,992 - Drone_3 - INFO - Drone 3: Flying to {'x': 2482.67042381392, 'y': 2445.4390775767724, 'z': 60.0}
2026-02-13 20:51:12,993 - Drone_4 - INFO - Drone 4: Flying to {'x': 2537.2803852347824, 'y': 2405.765382089562, 'z': 60.0}
2026-02-13 20:51:13,996 - Drone_3 - INFO - Drone 3: Flying to {'x': 2477.995701618653, 'y': 2438.936722627502, 'z': 60.0}
2026-02-13 20:51:13,996 - Drone_4 - INFO - Drone 4: Flying to {'x': 2532.566616219596, 'y': 2399.2093356052405, 'z': 60.0}
2026-02-13 20:51:14,997 - Drone_3 - INFO - Drone 3: Flying to {'x': 2473.3036546810768, 'y': 2432.437728729081, 'z': 60.0}
2026-02-13 20:51:14,997 - Drone_4 - INFO - Drone 4: Flying to {'x': 2527.843410566035, 'y': 2392.6675762525165, 'z': 60.0}
2026-02-13 20:51:15,999 - Drone_3 - INFO - Drone 3: Flying to {'x': 2468.5968502616074, 'y': 2425.943008714218, 'z': 60.0}
2026-02-13 20:51:16,000 - Drone_4 - INFO - Drone 4: Flying to {'x': 2523.113413381255, 'y': 2386.141069746105, 'z': 60.0}
2026-02-13 20:51:17,002 - Drone_3 - INFO - Drone 3: Flying to {'x': 2463.870017837791, 'y': 2419.4426342431916, 'z': 60.0}
2026-02-13 20:51:17,003 - Drone_4 - INFO - Drone 4: Flying to {'x': 2518.3713787263464, 'y': 2379.619881182969, 'z': 60.0}
2026-02-13 20:51:18,005 - Drone_3 - INFO - Drone 3: Flying to {'x': 2459.136572844256, 'y': 2412.952317061, 'z': 60.0}
2026-02-13 20:51:18,006 - Drone_4 - INFO - Drone 4: Flying to {'x': 2513.6307784442106, 'y': 2373.1197731298134, 'z': 60.0}
2026-02-13 20:51:18,866 - PhysicalMLTrainer_Drone3 - INFO - Physical ML model trained drone=3 samples=2501 degree=2 alpha=0.0 val_mse=0.000605
2026-02-13 20:51:18,894 - PhysicalMLTrainer_Drone5 - INFO - Physical ML model trained drone=5 samples=2501 degree=2 alpha=0.0 val_mse=0.000000
2026-02-13 20:51:18,916 - PhysicalMLTrainer_Drone4 - INFO - Physical ML model trained drone=4 samples=2501 degree=2 alpha=0.0 val_mse=0.000663
2026-02-13 20:51:18,920 - PhysicalMLTrainer_Drone2 - INFO - Physical ML model trained drone=2 samples=2501 degree=2 alpha=1.0 val_mse=0.104834
2026-02-13 20:51:19,009 - Drone_3 - INFO - Drone 3: Flying to {'x': 2454.864016499302, 'y': 2407.1079980637087, 'z': 60.0}
2026-02-13 20:51:19,009 - Drone_4 - INFO - Drone 4: Flying to {'x': 2509.3586384825103, 'y': 2367.2760237854072, 'z': 60.0}
2026-02-13 20:51:20,011 - Drone_3 - INFO - Drone 3: Flying to {'x': 2450.0264919973174, 'y': 2400.504201491928, 'z': 60.0}
2026-02-13 20:51:20,011 - Drone_4 - INFO - Drone 4: Flying to {'x': 2504.529379675068, 'y': 2360.683538077232, 'z': 60.0}
2026-02-13 20:51:21,013 - Drone_3 - INFO - Drone 3: Flying to {'x': 2445.260936132476, 'y': 2394.0096512404384, 'z': 60.0}
2026-02-13 20:51:21,014 - Drone_4 - INFO - Drone 4: Flying to {'x': 2499.7799649802023, 'y': 2354.2110897902953, 'z': 60.0}
2026-02-13 20:51:22,016 - Drone_3 - INFO - Drone 3: Flying to {'x': 2440.4856756896115, 'y': 2387.5099187992896, 'z': 60.0}
2026-02-13 20:51:22,017 - Drone_4 - INFO - Drone 4: Flying to {'x': 2495.0287310753974, 'y': 2347.7442915669285, 'z': 60.0}
2026-02-13 20:51:23,019 - Drone_3 - INFO - Drone 3: Flying to {'x': 2435.70668417452, 'y': 2381.010293552296, 'z': 60.0}
2026-02-13 20:51:23,020 - Drone_4 - INFO - Drone 4: Flying to {'x': 2490.2815332872715, 'y': 2341.288311674243, 'z': 60.0}
2026-02-13 20:51:24,023 - Drone_3 - INFO - Drone 3: Flying to {'x': 2430.912266237968, 'y': 2374.4920255127317, 'z': 60.0}
2026-02-13 20:51:24,023 - Drone_4 - INFO - Drone 4: Flying to {'x': 2485.526668078937, 'y': 2334.824442884682, 'z': 60.0}
2026-02-13 20:51:25,026 - Drone_3 - INFO - Drone 3: Flying to {'x': 2426.120200839453, 'y': 2367.976440215302, 'z': 60.0}
2026-02-13 20:51:25,027 - Drone_4 - INFO - Drone 4: Flying to {'x': 2480.781656419914, 'y': 2328.3737222047243, 'z': 60.0}
2026-02-13 20:51:26,028 - Drone_3 - INFO - Drone 3: Flying to {'x': 2421.320617812899, 'y': 2361.4472657514307, 'z': 60.0}
2026-02-13 20:51:26,028 - Drone_4 - INFO - Drone 4: Flying to {'x': 2476.036584907874, 'y': 2321.9198961847414, 'z': 60.0}
2026-02-13 20:51:27,029 - Drone_3 - INFO - Drone 3: Flying to {'x': 2416.527247486011, 'y': 2354.9203523260126, 'z': 60.0}
2026-02-13 20:51:27,030 - Drone_4 - INFO - Drone 4: Flying to {'x': 2471.3048702693577, 'y': 2315.4784704971057, 'z': 60.0}
2026-02-13 20:51:28,032 - Drone_3 - INFO - Drone 3: Flying to {'x': 2411.7320675329033, 'y': 2348.381967062388, 'z': 60.0}
2026-02-13 20:51:28,033 - Drone_4 - INFO - Drone 4: Flying to {'x': 2466.578414661011, 'y': 2309.0357066720644, 'z': 60.0}
2026-02-13 20:51:29,035 - Drone_3 - INFO - Drone 3: Flying to {'x': 2406.940526686379, 'y': 2341.8367451080553, 'z': 60.0}
2026-02-13 20:51:29,036 - Drone_4 - INFO - Drone 4: Flying to {'x': 2461.8624085681854, 'y': 2302.5959896290783, 'z': 60.0}
2026-02-13 20:51:30,037 - Drone_3 - INFO - Drone 3: Flying to {'x': 2402.1478734516527, 'y': 2335.275411243723, 'z': 60.0}
2026-02-13 20:51:30,037 - Drone_4 - INFO - Drone 4: Flying to {'x': 2457.151986588215, 'y': 2296.1500034112128, 'z': 60.0}
2026-02-13 20:51:31,039 - Drone_3 - INFO - Drone 3: Flying to {'x': 2397.363932477613, 'y': 2328.7086755464393, 'z': 60.0}
2026-02-13 20:51:31,039 - Drone_4 - INFO - Drone 4: Flying to {'x': 2452.456599207957, 'y': 2289.7080592367033, 'z': 60.0}
2026-02-13 20:51:32,042 - Drone_3 - INFO - Drone 3: Flying to {'x': 2392.5824590106126, 'y': 2322.125255805592, 'z': 60.0}
2026-02-13 20:51:32,043 - Drone_4 - INFO - Drone 4: Flying to {'x': 2447.769898605498, 'y': 2283.258862726726, 'z': 60.0}
2026-02-13 20:51:33,045 - Drone_3 - INFO - Drone 3: Flying to {'x': 2387.8178158631895, 'y': 2315.5423053219392, 'z': 60.0}
2026-02-13 20:51:33,046 - Drone_4 - INFO - Drone 4: Flying to {'x': 2443.105723995844, 'y': 2276.818963339162, 'z': 60.0}
2026-02-13 20:51:34,049 - Drone_3 - INFO - Drone 3: Flying to {'x': 2383.041915561315, 'y': 2308.918291096311, 'z': 60.0}
2026-02-13 20:51:34,050 - Drone_4 - INFO - Drone 4: Flying to {'x': 2438.436361909197, 'y': 2270.347507933253, 'z': 60.0}
2026-02-13 20:51:35,052 - Drone_3 - INFO - Drone 3: Flying to {'x': 2378.289746188952, 'y': 2302.2991153974044, 'z': 60.0}
2026-02-13 20:51:35,054 - Drone_4 - INFO - Drone 4: Flying to {'x': 2433.795784810614, 'y': 2263.8890948750122, 'z': 60.0}
2026-02-13 20:51:36,067 - Drone_3 - INFO - Drone 3: Flying to {'x': 2373.5550499103015, 'y': 2295.6737041571055, 'z': 60.0}
2026-02-13 20:51:36,067 - Drone_4 - INFO - Drone 4: Flying to {'x': 2429.17759294497, 'y': 2257.4325913809785, 'z': 60.0}
2026-02-13 20:51:37,068 - Drone_3 - INFO - Drone 3: Flying to {'x': 2368.828708340323, 'y': 2289.0268339028135, 'z': 60.0}
2026-02-13 20:51:37,068 - Drone_4 - INFO - Drone 4: Flying to {'x': 2424.572627876334, 'y': 2250.9628688602343, 'z': 60.0}
2026-02-13 20:51:38,070 - Drone_3 - INFO - Drone 3: Flying to {'x': 2364.1168212499615, 'y': 2282.364624777946, 'z': 60.0}
2026-02-13 20:51:38,071 - Drone_4 - INFO - Drone 4: Flying to {'x': 2419.986570609186, 'y': 2244.485592233048, 'z': 60.0}
2026-02-13 20:51:38,998 - PhysicalMLTrainer_Drone3 - INFO - Physical ML model trained drone=3 samples=2701 degree=2 alpha=0.0 val_mse=0.000568
2026-02-13 20:51:39,018 - PhysicalMLTrainer_Drone5 - INFO - Physical ML model trained drone=5 samples=2701 degree=2 alpha=0.0 val_mse=0.000000
2026-02-13 20:51:39,046 - PhysicalMLTrainer_Drone4 - INFO - Physical ML model trained drone=4 samples=2701 degree=2 alpha=0.0 val_mse=0.000669
2026-02-13 20:51:39,050 - PhysicalMLTrainer_Drone2 - INFO - Physical ML model trained drone=2 samples=2701 degree=2 alpha=1.0 val_mse=0.168092
2026-02-13 20:51:39,072 - Drone_3 - INFO - Drone 3: Flying to {'x': 2359.4220477891677, 'y': 2275.688505850957, 'z': 60.0}
2026-02-13 20:51:39,072 - Drone_4 - INFO - Drone 4: Flying to {'x': 2415.421731299095, 'y': 2238.0018311928243, 'z': 60.0}
2026-02-13 20:51:40,075 - Drone_3 - INFO - Drone 3: Flying to {'x': 2354.70080119595, 'y': 2268.9336314074208, 'z': 60.0}
2026-02-13 20:51:40,076 - Drone_4 - INFO - Drone 4: Flying to {'x': 2410.835505664311, 'y': 2231.448368246416, 'z': 60.0}
2026-02-13 20:51:41,078 - Drone_3 - INFO - Drone 3: Flying to {'x': 2350.040059138851, 'y': 2262.2222462298478, 'z': 60.0}
2026-02-13 20:51:41,079 - Drone_4 - INFO - Drone 4: Flying to {'x': 2406.31209718536, 'y': 2224.943462262392, 'z': 60.0}
2026-02-13 20:51:42,081 - Drone_3 - INFO - Drone 3: Flying to {'x': 2345.3965173079728, 'y': 2255.4903736631177, 'z': 60.0}
2026-02-13 20:51:42,082 - Drone_4 - INFO - Drone 4: Flying to {'x': 2401.809134195995, 'y': 2218.4246663874537, 'z': 60.0}
2026-02-13 20:51:43,084 - Drone_3 - INFO - Drone 3: Flying to {'x': 2340.772225579684, 'y': 2248.738867924226, 'z': 60.0}
2026-02-13 20:51:43,084 - Drone_4 - INFO - Drone 4: Flying to {'x': 2397.328314292718, 'y': 2211.8924457168605, 'z': 60.0}
2026-02-13 20:51:44,085 - Drone_3 - INFO - Drone 3: Flying to {'x': 2336.176943439247, 'y': 2241.980096142398, 'z': 60.0}
2026-02-13 20:51:44,085 - Drone_4 - INFO - Drone 4: Flying to {'x': 2392.878790489538, 'y': 2205.358373885171, 'z': 60.0}
2026-02-13 20:51:45,086 - Drone_3 - INFO - Drone 3: Flying to {'x': 2331.5995580991707, 'y': 2235.195848320736, 'z': 60.0}
2026-02-13 20:51:45,087 - Drone_4 - INFO - Drone 4: Flying to {'x': 2388.4495004359374, 'y': 2198.804447464128, 'z': 60.0}
2026-02-13 20:51:46,091 - Drone_3 - INFO - Drone 3: Flying to {'x': 2327.5013030378427, 'y': 2229.0757214886544, 'z': 60.0}
2026-02-13 20:51:46,091 - Drone_4 - INFO - Drone 4: Flying to {'x': 2384.4860860479325, 'y': 2192.8958305920114, 'z': 60.0}
2026-02-13 20:51:47,093 - Drone_3 - INFO - Drone 3: Flying to {'x': 2322.973063387381, 'y': 2222.26056199388, 'z': 60.0}
2026-02-13 20:51:47,094 - Drone_4 - INFO - Drone 4: Flying to {'x': 2380.109063560479, 'y': 2186.3199514784797, 'z': 60.0}
2026-02-13 20:51:48,095 - Drone_3 - INFO - Drone 3: Flying to {'x': 2318.464288458485, 'y': 2215.417020508519, 'z': 60.0}
2026-02-13 20:51:48,095 - Drone_4 - INFO - Drone 4: Flying to {'x': 2375.7529246666177, 'y': 2179.7202116677804, 'z': 60.0}
2026-02-13 20:51:49,097 - Drone_3 - INFO - Drone 3: Flying to {'x': 2313.9841068349674, 'y': 2208.557341128768, 'z': 60.0}
2026-02-13 20:51:49,097 - Drone_4 - INFO - Drone 4: Flying to {'x': 2371.426186832238, 'y': 2173.107976598677, 'z': 60.0}
2026-02-13 20:51:50,099 - Drone_3 - INFO - Drone 3: Flying to {'x': 2309.518078938497, 'y': 2201.6577326363486, 'z': 60.0}
2026-02-13 20:51:50,099 - Drone_4 - INFO - Drone 4: Flying to {'x': 2367.1146051722867, 'y': 2166.459861027395, 'z': 60.0}
2026-02-13 20:51:51,102 - Drone_3 - INFO - Drone 3: Flying to {'x': 2305.0915117213194, 'y': 2194.755932672158, 'z': 60.0}
2026-02-13 20:51:51,102 - Drone_4 - INFO - Drone 4: Flying to {'x': 2362.842306593911, 'y': 2159.811753019692, 'z': 60.0}
2026-02-13 20:51:52,104 - Drone_3 - INFO - Drone 3: Flying to {'x': 2300.696239415404, 'y': 2187.8382719532906, 'z': 60.0}
2026-02-13 20:51:52,105 - Drone_4 - INFO - Drone 4: Flying to {'x': 2358.601100024797, 'y': 2153.149986930725, 'z': 60.0}
2026-02-13 20:51:53,106 - Drone_3 - INFO - Drone 3: Flying to {'x': 2296.3306079102035, 'y': 2180.901091687414, 'z': 60.0}
2026-02-13 20:51:53,106 - Drone_4 - INFO - Drone 4: Flying to {'x': 2354.3890855591912, 'y': 2146.470535881822, 'z': 60.0}
2026-02-13 20:51:54,108 - Drone_3 - INFO - Drone 3: Flying to {'x': 2291.994757436735, 'y': 2173.943615822757, 'z': 60.0}
2026-02-13 20:51:54,108 - Drone_4 - INFO - Drone 4: Flying to {'x': 2350.206096863223, 'y': 2139.772137040383, 'z': 60.0}
2026-02-13 20:51:55,111 - Drone_3 - INFO - Drone 3: Flying to {'x': 2287.6801556767173, 'y': 2166.951036448051, 'z': 60.0}
2026-02-13 20:51:55,112 - Drone_4 - INFO - Drone 4: Flying to {'x': 2346.0436022078907, 'y': 2133.0400041871053, 'z': 60.0}
2026-02-13 20:51:56,114 - Drone_3 - INFO - Drone 3: Flying to {'x': 2283.4035369472626, 'y': 2159.9496722941703, 'z': 60.0}
2026-02-13 20:51:56,115 - Drone_4 - INFO - Drone 4: Flying to {'x': 2341.91744674564, 'y': 2126.298931438918, 'z': 60.0}
2026-02-13 20:51:57,118 - Drone_3 - INFO - Drone 3: Flying to {'x': 2279.1592733016414, 'y': 2152.929869734703, 'z': 60.0}
2026-02-13 20:51:57,118 - Drone_4 - INFO - Drone 4: Flying to {'x': 2337.821904682898, 'y': 2119.5390674168975, 'z': 60.0}
2026-02-13 20:51:58,120 - Drone_3 - INFO - Drone 3: Flying to {'x': 2274.953493928719, 'y': 2145.9014726537957, 'z': 60.0}
2026-02-13 20:51:58,120 - Drone_4 - INFO - Drone 4: Flying to {'x': 2333.762598647116, 'y': 2112.769325089525, 'z': 60.0}
2026-02-13 20:51:59,122 - Drone_3 - INFO - Drone 3: Flying to {'x': 2270.778769839322, 'y': 2138.851854329595, 'z': 60.0}
2026-02-13 20:51:59,122 - Drone_4 - INFO - Drone 4: Flying to {'x': 2329.73206962151, 'y': 2105.976963534469, 'z': 60.0}
2026-02-13 20:51:59,122 - PhysicalMLTrainer_Drone3 - INFO - Physical ML model trained drone=3 samples=2901 degree=2 alpha=0.0 val_mse=0.000742
2026-02-13 20:51:59,141 - PhysicalMLTrainer_Drone5 - INFO - Physical ML model trained drone=5 samples=2901 degree=2 alpha=0.0 val_mse=0.000000
2026-02-13 20:51:59,175 - PhysicalMLTrainer_Drone4 - INFO - Physical ML model trained drone=4 samples=2901 degree=2 alpha=0.0 val_mse=0.000912
2026-02-13 20:51:59,180 - PhysicalMLTrainer_Drone2 - INFO - Physical ML model trained drone=2 samples=2901 degree=2 alpha=1.0 val_mse=0.000928
2026-02-13 20:52:00,124 - Drone_3 - INFO - Drone 3: Flying to {'x': 2266.5975739484984, 'y': 2131.7163280722593, 'z': 60.0}
2026-02-13 20:52:00,124 - Drone_4 - INFO - Drone 4: Flying to {'x': 2325.6937765991333, 'y': 2099.099019288807, 'z': 60.0}
2026-02-13 20:52:01,125 - Drone_3 - INFO - Drone 3: Flying to {'x': 2262.4913761041744, 'y': 2124.6340366429804, 'z': 60.0}
2026-02-13 20:52:01,126 - Drone_4 - INFO - Drone 4: Flying to {'x': 2321.726119335949, 'y': 2092.2690062202264, 'z': 60.0}
2026-02-13 20:52:02,128 - Drone_3 - INFO - Drone 3: Flying to {'x': 2258.4166835609167, 'y': 2117.531145461093, 'z': 60.0}
2026-02-13 20:52:02,128 - Drone_4 - INFO - Drone 4: Flying to {'x': 2317.78681727558, 'y': 2085.4151490931918, 'z': 60.0}
2026-02-13 20:52:03,129 - Drone_3 - INFO - Drone 3: Flying to {'x': 2254.3721781665945, 'y': 2110.4055109960823, 'z': 60.0}
2026-02-13 20:52:03,129 - Drone_4 - INFO - Drone 4: Flying to {'x': 2313.8743142534486, 'y': 2078.5347438088697, 'z': 60.0}
2026-02-13 20:52:04,132 - Drone_3 - INFO - Drone 3: Flying to {'x': 2250.3619344060953, 'y': 2103.264710311233, 'z': 60.0}
2026-02-13 20:52:04,133 - Drone_4 - INFO - Drone 4: Flying to {'x': 2309.9922750147434, 'y': 2071.6344640444613, 'z': 60.0}
2026-02-13 20:52:05,134 - Drone_3 - INFO - Drone 3: Flying to {'x': 2246.396564458769, 'y': 2096.1286351607887, 'z': 60.0}
2026-02-13 20:52:05,135 - Drone_4 - INFO - Drone 4: Flying to {'x': 2306.1507153287084, 'y': 2064.7329116651845, 'z': 60.0}
2026-02-13 20:52:06,137 - Drone_3 - INFO - Drone 3: Flying to {'x': 2242.4607359193606, 'y': 2088.9707178326457, 'z': 60.0}
2026-02-13 20:52:06,138 - Drone_4 - INFO - Drone 4: Flying to {'x': 2302.3345247203933, 'y': 2057.803757528354, 'z': 60.0}
2026-02-13 20:52:07,141 - Drone_3 - INFO - Drone 3: Flying to {'x': 2238.553318106198, 'y': 2081.7896602710084, 'z': 60.0}
2026-02-13 20:52:07,142 - Drone_4 - INFO - Drone 4: Flying to {'x': 2298.542333955091, 'y': 2050.8450649839283, 'z': 60.0}
2026-02-13 20:52:07,524 - Drone_4 - INFO - Drone 4: Reached target position
2026-02-13 20:52:08,147 - Drone_3 - INFO - Drone 3: Flying to {'x': 2234.6785945512943, 'y': 2074.5943884127905, 'z': 60.0}
2026-02-13 20:52:08,148 - Drone_4 - INFO - Drone 4: Flying to {'x': 2294.7780344359594, 'y': 2043.864804530975, 'z': 60.0}
2026-02-13 20:52:08,430 - Drone_4 - INFO - Drone 4: Reached target position
2026-02-13 20:52:09,149 - Drone_3 - INFO - Drone 3: Flying to {'x': 2230.845316951647, 'y': 2067.4027962414357, 'z': 60.0}
2026-02-13 20:52:09,149 - Drone_4 - INFO - Drone 4: Flying to {'x': 2291.049887225304, 'y': 2036.8796948563486, 'z': 60.0}
2026-02-13 20:52:09,336 - Drone_4 - INFO - Drone 4: Reached target position
2026-02-13 20:52:10,151 - Drone_3 - INFO - Drone 3: Flying to {'x': 2227.0371809592143, 'y': 2060.185920183534, 'z': 60.0}
2026-02-13 20:52:10,151 - Drone_4 - INFO - Drone 4: Flying to {'x': 2287.3417874111765, 'y': 2029.8609397107637, 'z': 60.0}
2026-02-13 20:52:10,343 - Drone_4 - INFO - Drone 4: Reached target position
2026-02-13 20:52:11,152 - Drone_3 - INFO - Drone 3: Flying to {'x': 2223.262697110582, 'y': 2052.9615389303817, 'z': 60.0}
2026-02-13 20:52:11,153 - Drone_4 - INFO - Drone 4: Flying to {'x': 2283.661766268742, 'y': 2022.8251415871725, 'z': 60.0}
2026-02-13 20:52:11,348 - Drone_4 - INFO - Drone 4: Reached target position
2026-02-13 20:52:12,154 - Drone_3 - INFO - Drone 3: Flying to {'x': 2219.5203358330414, 'y': 2045.7288021026686, 'z': 60.0}
2026-02-13 20:52:12,154 - Drone_4 - INFO - Drone 4: Flying to {'x': 2280.008095036223, 'y': 2015.7708150778706, 'z': 60.0}
2026-02-13 20:52:12,255 - Drone_4 - INFO - Drone 4: Reached target position
2026-02-13 20:52:13,156 - Drone_3 - INFO - Drone 3: Flying to {'x': 2216.1730947384094, 'y': 2039.201180545682, 'z': 60.0}
2026-02-13 20:52:13,156 - Drone_4 - INFO - Drone 4: Flying to {'x': 2276.7356889692865, 'y': 2009.3947688189044, 'z': 60.0}
2026-02-13 20:52:13,159 - Drone_4 - INFO - Drone 4: Reached target position
2026-02-13 20:52:14,157 - Drone_3 - INFO - Drone 3: Flying to {'x': 2212.4855721031263, 'y': 2031.9466846735668, 'z': 60.0}
2026-02-13 20:52:14,158 - Drone_4 - INFO - Drone 4: Flying to {'x': 2273.125365937025, 'y': 2002.2976475259243, 'z': 60.0}
2026-02-13 20:52:14,166 - Drone_4 - INFO - Drone 4: Reached target position
2026-02-13 20:52:15,160 - Drone_3 - INFO - Drone 3: Flying to {'x': 2208.833475437515, 'y': 2024.6974975182395, 'z': 60.0}
2026-02-13 20:52:15,161 - Drone_4 - INFO - Drone 4: Flying to {'x': 2269.5439587476126, 'y': 1995.1934771777107, 'z': 60.0}
2026-02-13 20:52:15,171 - Drone_4 - INFO - Drone 4: Reached target position
2026-02-13 20:52:16,164 - Drone_3 - INFO - Drone 3: Flying to {'x': 2205.2074998101166, 'y': 2017.4380850402854, 'z': 60.0}
2026-02-13 20:52:16,166 - Drone_4 - INFO - Drone 4: Flying to {'x': 2265.982125639042, 'y': 1988.0664174786016, 'z': 60.0}
2026-02-13 20:52:16,180 - Drone_4 - INFO - Drone 4: Reached target position
2026-02-13 20:52:17,167 - Drone_3 - INFO - Drone 3: Flying to {'x': 2201.6097919148133, 'y': 2010.1757644852983, 'z': 60.0}
2026-02-13 20:52:17,168 - Drone_4 - INFO - Drone 4: Flying to {'x': 2262.441749958205, 'y': 1980.923023064929, 'z': 60.0}
2026-02-13 20:52:17,186 - Drone_4 - INFO - Drone 4: Reached target position
2026-02-13 20:52:18,170 - Drone_3 - INFO - Drone 3: Flying to {'x': 2198.026071841877, 'y': 2002.8847034468272, 'z': 60.0}
2026-02-13 20:52:18,170 - Drone_4 - INFO - Drone 4: Flying to {'x': 2258.908529476826, 'y': 1973.737210375748, 'z': 60.0}
2026-02-13 20:52:18,192 - Drone_4 - INFO - Drone 4: Reached target position
2026-02-13 20:52:19,173 - Drone_3 - INFO - Drone 3: Flying to {'x': 2194.4761016682005, 'y': 1995.6085248932407, 'z': 60.0}
2026-02-13 20:52:19,174 - Drone_4 - INFO - Drone 4: Flying to {'x': 2255.4017227303066, 'y': 1966.5513622960996, 'z': 60.0}
2026-02-13 20:52:19,197 - Drone_4 - INFO - Drone 4: Reached target position
2026-02-13 20:52:19,243 - PhysicalMLTrainer_Drone3 - INFO - Physical ML model trained drone=3 samples=3101 degree=2 alpha=0.0 val_mse=0.003078
2026-02-13 20:52:19,266 - PhysicalMLTrainer_Drone5 - INFO - Physical ML model trained drone=5 samples=3101 degree=2 alpha=0.0 val_mse=0.000000
2026-02-13 20:52:19,307 - PhysicalMLTrainer_Drone2 - INFO - Physical ML model trained drone=2 samples=3101 degree=2 alpha=0.0 val_mse=0.001288
2026-02-13 20:52:19,308 - PhysicalMLTrainer_Drone4 - INFO - Physical ML model trained drone=4 samples=3101 degree=2 alpha=1.0 val_mse=0.055556
2026-02-13 20:52:20,178 - Drone_3 - INFO - Drone 3: Flying to {'x': 2190.8968158872394, 'y': 1988.2207140027274, 'z': 60.0}
2026-02-13 20:52:20,179 - Drone_4 - INFO - Drone 4: Flying to {'x': 2251.858682629806, 'y': 1959.2396718671946, 'z': 60.0}
2026-02-13 20:52:20,214 - Drone_4 - INFO - Drone 4: Reached target position
2026-02-13 20:52:21,183 - Drone_3 - INFO - Drone 3: Flying to {'x': 2187.3933960049676, 'y': 1980.9423744478747, 'z': 60.0}
2026-02-13 20:52:21,184 - Drone_4 - INFO - Drone 4: Flying to {'x': 2248.383317813747, 'y': 1952.020420195803, 'z': 60.0}
2026-02-13 20:52:21,220 - Drone_4 - INFO - Drone 4: Reached target position
2026-02-13 20:52:22,188 - Drone_3 - INFO - Drone 3: Flying to {'x': 2183.9054656673457, 'y': 1973.6531670437766, 'z': 60.0}
2026-02-13 20:52:22,189 - Drone_4 - INFO - Drone 4: Flying to {'x': 2244.9156852527017, 'y': 1944.7740551089096, 'z': 60.0}
2026-02-13 20:52:22,227 - Drone_4 - INFO - Drone 4: Reached target position
2026-02-13 20:52:23,192 - Drone_3 - INFO - Drone 3: Flying to {'x': 2180.4375184681944, 'y': 1966.3667310838646, 'z': 60.0}
2026-02-13 20:52:23,193 - Drone_4 - INFO - Drone 4: Flying to {'x': 2241.4600412136137, 'y': 1937.5136252235807, 'z': 60.0}
2026-02-13 20:52:23,233 - Drone_4 - INFO - Drone 4: Reached target position
2026-02-13 20:52:24,196 - Drone_3 - INFO - Drone 3: Flying to {'x': 2176.9851007910456, 'y': 1959.0782211743892, 'z': 60.0}
2026-02-13 20:52:24,198 - Drone_4 - INFO - Drone 4: Flying to {'x': 2238.0117532369477, 'y': 1930.2338509915073, 'z': 60.0}
2026-02-13 20:52:24,239 - Drone_4 - INFO - Drone 4: Reached target position
2026-02-13 20:52:25,200 - Drone_3 - INFO - Drone 3: Flying to {'x': 2173.5592409520073, 'y': 1951.8157518697658, 'z': 60.0}
2026-02-13 20:52:25,200 - Drone_4 - INFO - Drone 4: Flying to {'x': 2234.5816854584978, 'y': 1922.9624805395983, 'z': 60.0}
2026-02-13 20:52:25,248 - Drone_4 - INFO - Drone 4: Reached target position
2026-02-13 20:52:26,202 - Drone_3 - INFO - Drone 3: Flying to {'x': 2170.137170779563, 'y': 1944.5359614134643, 'z': 60.0}
2026-02-13 20:52:26,203 - Drone_4 - INFO - Drone 4: Flying to {'x': 2231.146869472877, 'y': 1915.655749063984, 'z': 60.0}
2026-02-13 20:52:26,254 - Drone_4 - INFO - Drone 4: Reached target position
2026-02-13 20:52:27,205 - Drone_3 - INFO - Drone 3: Flying to {'x': 2166.732690695916, 'y': 1937.2732152327578, 'z': 60.0}
2026-02-13 20:52:27,206 - Drone_4 - INFO - Drone 4: Flying to {'x': 2227.7209751533264, 'y': 1908.3478084259043, 'z': 60.0}
2026-02-13 20:52:27,260 - Drone_4 - INFO - Drone 4: Reached target position
2026-02-13 20:52:28,208 - Drone_3 - INFO - Drone 3: Flying to {'x': 2163.3403594879014, 'y': 1930.021190111379, 'z': 60.0}
2026-02-13 20:52:28,209 - Drone_4 - INFO - Drone 4: Flying to {'x': 2224.298402980799, 'y': 1901.0321071055641, 'z': 60.0}
2026-02-13 20:52:28,265 - Drone_4 - INFO - Drone 4: Reached target position
2026-02-13 20:52:29,212 - Drone_3 - INFO - Drone 3: Flying to {'x': 2159.9570799574335, 'y': 1922.7786434696736, 'z': 60.0}
2026-02-13 20:52:29,213 - Drone_4 - INFO - Drone 4: Flying to {'x': 2220.8758999061806, 'y': 1893.7072249275357, 'z': 60.0}
2026-02-13 20:52:29,270 - Drone_4 - INFO - Drone 4: Reached target position
2026-02-13 20:52:30,215 - Drone_3 - INFO - Drone 3: Flying to {'x': 2156.577436136885, 'y': 1915.5394766356258, 'z': 60.0}
2026-02-13 20:52:30,217 - Drone_4 - INFO - Drone 4: Flying to {'x': 2217.447856091546, 'y': 1886.366852918462, 'z': 60.0}
2026-02-13 20:52:30,278 - Drone_4 - INFO - Drone 4: Reached target position
2026-02-13 20:52:31,219 - Drone_3 - INFO - Drone 3: Flying to {'x': 2153.190478884458, 'y': 1908.285874915534, 'z': 60.0}
2026-02-13 20:52:31,219 - Drone_4 - INFO - Drone 4: Flying to {'x': 2214.003000837233, 'y': 1878.9927498903107, 'z': 60.0}
2026-02-13 20:52:31,283 - Drone_4 - INFO - Drone 4: Reached target position
2026-02-13 20:52:32,222 - Drone_3 - INFO - Drone 3: Flying to {'x': 2149.8170762007207, 'y': 1901.0682634295663, 'z': 60.0}
2026-02-13 20:52:32,223 - Drone_4 - INFO - Drone 4: Flying to {'x': 2210.5624723105625, 'y': 1871.6361916122705, 'z': 60.0}
2026-02-13 20:52:32,289 - Drone_4 - INFO - Drone 4: Reached target position
2026-02-13 20:52:33,225 - Drone_3 - INFO - Drone 3: Flying to {'x': 2146.4379485295867, 'y': 1893.8512243810633, 'z': 60.0}
2026-02-13 20:52:33,225 - Drone_4 - INFO - Drone 4: Flying to {'x': 2207.1065686086104, 'y': 1864.2612169848644, 'z': 60.0}
2026-02-13 20:52:33,294 - Drone_4 - INFO - Drone 4: Reached target position
2026-02-13 20:52:34,227 - Drone_3 - INFO - Drone 3: Flying to {'x': 2143.063153257144, 'y': 1886.6621072589571, 'z': 60.0}
2026-02-13 20:52:34,227 - Drone_4 - INFO - Drone 4: Flying to {'x': 2203.645542127899, 'y': 1856.8959493155355, 'z': 60.0}
2026-02-13 20:52:34,300 - Drone_4 - INFO - Drone 4: Reached target position
2026-02-13 20:52:35,230 - Drone_3 - INFO - Drone 3: Flying to {'x': 2139.682707761093, 'y': 1879.4855324201976, 'z': 60.0}
2026-02-13 20:52:35,231 - Drone_4 - INFO - Drone 4: Flying to {'x': 2200.1691697410674, 'y': 1849.5249263324513, 'z': 60.0}
2026-02-13 20:52:35,307 - Drone_4 - INFO - Drone 4: Reached target position
2026-02-13 20:52:36,233 - Drone_3 - INFO - Drone 3: Flying to {'x': 2136.2922522545973, 'y': 1872.318247986076, 'z': 60.0}
2026-02-13 20:52:36,234 - Drone_4 - INFO - Drone 4: Flying to {'x': 2196.6729724760357, 'y': 1842.1451038751227, 'z': 60.0}
2026-02-13 20:52:36,313 - Drone_4 - INFO - Drone 4: Reached target position
2026-02-13 20:52:37,235 - Drone_3 - INFO - Drone 3: Flying to {'x': 2132.8907200521658, 'y': 1865.1640318773468, 'z': 60.0}
2026-02-13 20:52:37,235 - Drone_4 - INFO - Drone 4: Flying to {'x': 2193.1558863389278, 'y': 1834.7607469819793, 'z': 60.0}
2026-02-13 20:52:37,319 - Drone_4 - INFO - Drone 4: Reached target position
2026-02-13 20:52:37,753 - Drone_3 - INFO - Drone 3: Reached target position
2026-02-13 20:52:38,237 - Drone_3 - INFO - Drone 3: Flying to {'x': 2129.4750924502137, 'y': 1858.0225610384755, 'z': 60.0}
2026-02-13 20:52:38,238 - Drone_4 - INFO - Drone 4: Flying to {'x': 2189.614866868335, 'y': 1827.3719895440072, 'z': 60.0}
2026-02-13 20:52:38,325 - Drone_4 - INFO - Drone 4: Reached target position
2026-02-13 20:52:38,558 - Drone_3 - INFO - Drone 3: Reached target position
2026-02-13 20:52:39,240 - Drone_3 - INFO - Drone 3: Flying to {'x': 2126.043792346142, 'y': 1850.8965326122798, 'z': 60.0}
2026-02-13 20:52:39,241 - Drone_4 - INFO - Drone 4: Flying to {'x': 2186.048397922937, 'y': 1819.9821781863307, 'z': 60.0}
2026-02-13 20:52:39,332 - Drone_4 - INFO - Drone 4: Reached target position
2026-02-13 20:52:39,377 - PhysicalMLTrainer_Drone3 - INFO - Physical ML model trained drone=3 samples=3301 degree=2 alpha=1.0 val_mse=0.076569
2026-02-13 20:52:39,403 - PhysicalMLTrainer_Drone5 - INFO - Physical ML model trained drone=5 samples=3301 degree=2 alpha=0.0 val_mse=0.000000
2026-02-13 20:52:39,445 - PhysicalMLTrainer_Drone2 - INFO - Physical ML model trained drone=2 samples=3301 degree=2 alpha=0.0 val_mse=0.002549
2026-02-13 20:52:39,445 - PhysicalMLTrainer_Drone4 - INFO - Physical ML model trained drone=4 samples=3301 degree=2 alpha=1.0 val_mse=0.122906
2026-02-13 20:52:39,578 - Drone_3 - INFO - Drone 3: Reached target position
2026-02-13 20:52:40,243 - Drone_3 - INFO - Drone 3: Flying to {'x': 2122.8901928478517, 'y': 1844.3943474799469, 'z': 60.0}
2026-02-13 20:52:40,244 - Drone_4 - INFO - Drone 4: Flying to {'x': 2182.7626938901667, 'y': 1813.224913430898, 'z': 60.0}
2026-02-13 20:52:40,351 - Drone_4 - INFO - Drone 4: Reached target position
2026-02-13 20:52:40,584 - Drone_3 - INFO - Drone 3: Reached target position
2026-02-13 20:52:41,245 - Drone_3 - INFO - Drone 3: Flying to {'x': 2119.429559252976, 'y': 1837.315465337013, 'z': 60.0}
2026-02-13 20:52:41,245 - Drone_4 - INFO - Drone 4: Flying to {'x': 2179.1487453860263, 'y': 1805.8532847449742, 'z': 60.0}
2026-02-13 20:52:41,358 - Drone_4 - INFO - Drone 4: Reached target position
2026-02-13 20:52:41,591 - Drone_3 - INFO - Drone 3: Reached target position
2026-02-13 20:52:42,246 - Drone_3 - INFO - Drone 3: Flying to {'x': 2115.947467585628, 'y': 1830.2567866298516, 'z': 60.0}
2026-02-13 20:52:42,246 - Drone_4 - INFO - Drone 4: Flying to {'x': 2175.503982492739, 'y': 1798.487752459466, 'z': 60.0}
2026-02-13 20:52:42,366 - Drone_4 - INFO - Drone 4: Reached target position
2026-02-13 20:52:42,600 - Drone_3 - INFO - Drone 3: Reached target position
2026-02-13 20:52:43,247 - Drone_3 - INFO - Drone 3: Flying to {'x': 2112.4326628176864, 'y': 1823.201293725951, 'z': 60.0}
2026-02-13 20:52:43,248 - Drone_4 - INFO - Drone 4: Flying to {'x': 2171.816912420461, 'y': 1791.1114059244119, 'z': 60.0}
2026-02-13 20:52:43,372 - Drone_4 - INFO - Drone 4: Reached target position
2026-02-13 20:52:43,608 - Drone_3 - INFO - Drone 3: Reached target position
2026-02-13 20:52:44,250 - Drone_3 - INFO - Drone 3: Flying to {'x': 2108.903615236419, 'y': 1816.191302900093, 'z': 60.0}
2026-02-13 20:52:44,251 - Drone_4 - INFO - Drone 4: Flying to {'x': 2168.1072914855667, 'y': 1783.7694781737441, 'z': 60.0}
2026-02-13 20:52:44,380 - Drone_4 - INFO - Drone 4: Reached target position
2026-02-13 20:52:44,614 - Drone_3 - INFO - Drone 3: Reached target position
2026-02-13 20:52:45,253 - Drone_3 - INFO - Drone 3: Flying to {'x': 2105.3445613801287, 'y': 1809.2003665829764, 'z': 60.0}
2026-02-13 20:52:45,254 - Drone_4 - INFO - Drone 4: Flying to {'x': 2164.359008894994, 'y': 1776.43537025282, 'z': 60.0}
2026-02-13 20:52:45,387 - Drone_4 - INFO - Drone 4: Reached target position
2026-02-13 20:52:45,621 - Drone_3 - INFO - Drone 3: Reached target position
2026-02-13 20:52:46,257 - Drone_3 - INFO - Drone 3: Flying to {'x': 2101.750194475478, 'y': 1802.223241061753, 'z': 60.0}
2026-02-13 20:52:46,258 - Drone_4 - INFO - Drone 4: Flying to {'x': 2160.566938815847, 'y': 1769.1046573782737, 'z': 60.0}
2026-02-13 20:52:46,394 - Drone_4 - INFO - Drone 4: Reached target position
2026-02-13 20:52:46,627 - Drone_3 - INFO - Drone 3: Reached target position
2026-02-13 20:52:47,261 - Drone_3 - INFO - Drone 3: Flying to {'x': 2098.1217240428223, 'y': 1795.2672205200097, 'z': 60.0}
2026-02-13 20:52:47,261 - Drone_4 - INFO - Drone 4: Flying to {'x': 2156.732879298207, 'y': 1761.7861440792926, 'z': 60.0}
2026-02-13 20:52:47,400 - Drone_4 - INFO - Drone 4: Reached target position
2026-02-13 20:52:47,635 - Drone_3 - INFO - Drone 3: Reached target position
2026-02-13 20:52:48,262 - Drone_3 - INFO - Drone 3: Flying to {'x': 2094.4611962937465, 'y': 1788.340656681103, 'z': 60.0}
2026-02-13 20:52:48,262 - Drone_4 - INFO - Drone 4: Flying to {'x': 2152.8595894566347, 'y': 1754.4898416836365, 'z': 60.0}
2026-02-13 20:52:48,408 - Drone_4 - INFO - Drone 4: Reached target position
2026-02-13 20:52:48,641 - Drone_3 - INFO - Drone 3: Reached target position
2026-02-13 20:52:49,264 - Drone_3 - INFO - Drone 3: Flying to {'x': 2090.7651394199515, 'y': 1781.441043040598, 'z': 60.0}
2026-02-13 20:52:49,264 - Drone_4 - INFO - Drone 4: Flying to {'x': 2148.9440514728835, 'y': 1747.2143839524372, 'z': 60.0}
2026-02-13 20:52:49,415 - Drone_4 - INFO - Drone 4: Reached target position
2026-02-13 20:52:49,648 - Drone_3 - INFO - Drone 3: Reached target position
2026-02-13 20:52:50,266 - Drone_3 - INFO - Drone 3: Flying to {'x': 2087.0268597096133, 'y': 1774.559901158644, 'z': 60.0}
2026-02-13 20:52:50,266 - Drone_4 - INFO - Drone 4: Flying to {'x': 2144.979869944654, 'y': 1739.9521187290054, 'z': 60.0}
2026-02-13 20:52:50,422 - Drone_4 - INFO - Drone 4: Reached target position
2026-02-13 20:52:50,656 - Drone_3 - INFO - Drone 3: Reached target position
2026-02-13 20:52:51,269 - Drone_3 - INFO - Drone 3: Flying to {'x': 2083.250991669157, 'y': 1767.7093932151106, 'z': 60.0}
2026-02-13 20:52:51,269 - Drone_4 - INFO - Drone 4: Flying to {'x': 2140.97270654175, 'y': 1732.7171993403758, 'z': 60.0}
2026-02-13 20:52:51,428 - Drone_4 - INFO - Drone 4: Reached target position
2026-02-13 20:52:51,663 - Drone_3 - INFO - Drone 3: Reached target position
2026-02-13 20:52:52,272 - Drone_3 - INFO - Drone 3: Flying to {'x': 2079.4240677058056, 'y': 1760.8686414407102, 'z': 60.0}
2026-02-13 20:52:52,273 - Drone_4 - INFO - Drone 4: Flying to {'x': 2136.9090595783314, 'y': 1725.4889055822327, 'z': 60.0}
2026-02-13 20:52:52,435 - Drone_4 - INFO - Drone 4: Reached target position
2026-02-13 20:52:52,670 - Drone_3 - INFO - Drone 3: Reached target position
2026-02-13 20:52:53,275 - Drone_3 - INFO - Drone 3: Flying to {'x': 2075.5606551308188, 'y': 1754.0666938865438, 'z': 60.0}
2026-02-13 20:52:53,275 - Drone_4 - INFO - Drone 4: Flying to {'x': 2132.80523284081, 'y': 1718.2992740354448, 'z': 60.0}
2026-02-13 20:52:53,443 - Drone_4 - INFO - Drone 4: Reached target position
2026-02-13 20:52:53,677 - Drone_3 - INFO - Drone 3: Reached target position
2026-02-13 20:52:54,277 - Drone_3 - INFO - Drone 3: Flying to {'x': 2071.648248012939, 'y': 1747.284035190744, 'z': 60.0}
2026-02-13 20:52:54,277 - Drone_4 - INFO - Drone 4: Flying to {'x': 2128.648820267749, 'y': 1711.1290249898861, 'z': 60.0}
2026-02-13 20:52:54,449 - Drone_4 - INFO - Drone 4: Reached target position
2026-02-13 20:52:54,583 - Drone_3 - INFO - Drone 3: Reached target position
2026-02-13 20:52:55,279 - Drone_3 - INFO - Drone 3: Flying to {'x': 2067.696759320098, 'y': 1740.5399656418833, 'z': 60.0}
2026-02-13 20:52:55,279 - Drone_4 - INFO - Drone 4: Flying to {'x': 2124.451257305146, 'y': 1703.9998923186793, 'z': 60.0}
2026-02-13 20:52:55,455 - Drone_4 - INFO - Drone 4: Reached target position
2026-02-13 20:52:55,591 - Drone_3 - INFO - Drone 3: Reached target position
2026-02-13 20:52:56,282 - Drone_3 - INFO - Drone 3: Flying to {'x': 2063.7010052870714, 'y': 1733.8271327027162, 'z': 60.0}
2026-02-13 20:52:56,283 - Drone_4 - INFO - Drone 4: Flying to {'x': 2120.2079633760027, 'y': 1696.9054089139247, 'z': 60.0}
2026-02-13 20:52:56,461 - Drone_4 - INFO - Drone 4: Reached target position
2026-02-13 20:52:56,598 - Drone_3 - INFO - Drone 3: Reached target position
2026-02-13 20:52:57,286 - Drone_3 - INFO - Drone 3: Flying to {'x': 2059.6498574941234, 'y': 1727.1285542578, 'z': 60.0}
2026-02-13 20:52:57,287 - Drone_4 - INFO - Drone 4: Flying to {'x': 2115.908071245035, 'y': 1689.8289110214803, 'z': 60.0}
2026-02-13 20:52:57,468 - Drone_4 - INFO - Drone 4: Reached target position
2026-02-13 20:52:57,604 - Drone_3 - INFO - Drone 3: Reached target position
2026-02-13 20:52:58,289 - Drone_3 - INFO - Drone 3: Flying to {'x': 2055.548371867503, 'y': 1720.4540878549838, 'z': 60.0}
2026-02-13 20:52:58,290 - Drone_4 - INFO - Drone 4: Flying to {'x': 2111.557916039341, 'y': 1682.7820695700152, 'z': 60.0}
2026-02-13 20:52:58,474 - Drone_4 - INFO - Drone 4: Reached target position
2026-02-13 20:52:58,613 - Drone_3 - INFO - Drone 3: Reached target position
2026-02-13 20:52:59,293 - Drone_3 - INFO - Drone 3: Flying to {'x': 2051.394129573084, 'y': 1713.8007750506824, 'z': 60.0}
2026-02-13 20:52:59,293 - Drone_4 - INFO - Drone 4: Flying to {'x': 2107.1559071275824, 'y': 1675.7629759034833, 'z': 60.0}
2026-02-13 20:52:59,482 - Drone_4 - INFO - Drone 4: Reached target position
2026-02-13 20:52:59,539 - PhysicalMLTrainer_Drone5 - INFO - Physical ML model trained drone=5 samples=3501 degree=2 alpha=0.0 val_mse=0.000000
2026-02-13 20:52:59,540 - PhysicalMLTrainer_Drone3 - INFO - Physical ML model trained drone=3 samples=3501 degree=2 alpha=1.0 val_mse=0.201322
2026-02-13 20:52:59,569 - PhysicalMLTrainer_Drone2 - INFO - Physical ML model trained drone=2 samples=3501 degree=2 alpha=0.0 val_mse=0.002255
2026-02-13 20:52:59,592 - PhysicalMLTrainer_Drone4 - INFO - Physical ML model trained drone=4 samples=3501 degree=2 alpha=1.0 val_mse=0.198249
2026-02-13 20:52:59,641 - Drone_3 - INFO - Drone 3: Reached target position
2026-02-13 20:53:00,296 - Drone_3 - INFO - Drone 3: Flying to {'x': 2047.1607103894928, 'y': 1707.1279936810347, 'z': 60.0}
2026-02-13 20:53:00,297 - Drone_4 - INFO - Drone 4: Flying to {'x': 2102.675077575208, 'y': 1668.730011494863, 'z': 60.0}
2026-02-13 20:53:00,500 - Drone_4 - INFO - Drone 4: Reached target position
2026-02-13 20:53:00,648 - Drone_3 - INFO - Drone 3: Reached target position
2026-02-13 20:53:01,298 - Drone_3 - INFO - Drone 3: Flying to {'x': 2042.9073881263014, 'y': 1700.5291121970645, 'z': 60.0}
2026-02-13 20:53:01,299 - Drone_4 - INFO - Drone 4: Flying to {'x': 2098.179124891888, 'y': 1661.7826915247533, 'z': 60.0}
2026-02-13 20:53:01,505 - Drone_4 - INFO - Drone 4: Reached target position
2026-02-13 20:53:01,653 - Drone_3 - INFO - Drone 3: Reached target position
2026-02-13 20:53:02,300 - Drone_3 - INFO - Drone 3: Flying to {'x': 2038.6133205657181, 'y': 1693.9700726877954, 'z': 60.0}
2026-02-13 20:53:02,301 - Drone_4 - INFO - Drone 4: Flying to {'x': 2093.646878683873, 'y': 1654.886092838557, 'z': 60.0}
2026-02-13 20:53:02,513 - Drone_4 - INFO - Drone 4: Reached target position
2026-02-13 20:53:02,659 - Drone_3 - INFO - Drone 3: Reached target position
2026-02-13 20:53:03,302 - Drone_3 - INFO - Drone 3: Flying to {'x': 2034.268904335331, 'y': 1687.435275980676, 'z': 60.0}
2026-02-13 20:53:03,302 - Drone_4 - INFO - Drone 4: Flying to {'x': 2089.0690995994323, 'y': 1648.0247621675273, 'z': 60.0}
2026-02-13 20:53:03,519 - Drone_4 - INFO - Drone 4: Reached target position
2026-02-13 20:53:03,665 - Drone_3 - INFO - Drone 3: Reached target position
2026-02-13 20:53:04,304 - Drone_3 - INFO - Drone 3: Flying to {'x': 2029.8784048748741, 'y': 1680.930079315842, 'z': 60.0}
2026-02-13 20:53:04,304 - Drone_4 - INFO - Drone 4: Flying to {'x': 2084.4511621452884, 'y': 1641.2052235715544, 'z': 60.0}
2026-02-13 20:53:04,525 - Drone_4 - INFO - Drone 4: Reached target position
2026-02-13 20:53:04,672 - Drone_3 - INFO - Drone 3: Reached target position
2026-02-13 20:53:05,306 - Drone_3 - INFO - Drone 3: Flying to {'x': 2025.4254077841688, 'y': 1674.4292274332697, 'z': 60.0}
2026-02-13 20:53:05,306 - Drone_4 - INFO - Drone 4: Flying to {'x': 2079.776688964822, 'y': 1634.4018838538918, 'z': 60.0}
2026-02-13 20:53:05,533 - Drone_4 - INFO - Drone 4: Reached target position
2026-02-13 20:53:05,680 - Drone_3 - INFO - Drone 3: Reached target position
2026-02-13 20:53:06,307 - Drone_3 - INFO - Drone 3: Flying to {'x': 2021.3874512132593, 'y': 1668.6147212074547, 'z': 60.0}
2026-02-13 20:53:06,307 - Drone_4 - INFO - Drone 4: Flying to {'x': 2075.5463336587577, 'y': 1628.327434723321, 'z': 60.0}
2026-02-13 20:53:06,441 - Drone_4 - INFO - Drone 4: Reached target position
2026-02-13 20:53:06,585 - Drone_3 - INFO - Drone 3: Reached target position
2026-02-13 20:53:07,309 - Drone_3 - INFO - Drone 3: Flying to {'x': 2016.8534524281135, 'y': 1662.172626748933, 'z': 60.0}
2026-02-13 20:53:07,310 - Drone_4 - INFO - Drone 4: Flying to {'x': 2070.8062842439767, 'y': 1621.6098120161114, 'z': 60.0}
2026-02-13 20:53:07,548 - Drone_4 - INFO - Drone 4: Reached target position
2026-02-13 20:53:07,592 - Drone_3 - INFO - Drone 3: Reached target position
2026-02-13 20:53:08,312 - Drone_3 - INFO - Drone 3: Flying to {'x': 2012.2724552869938, 'y': 1655.752067291312, 'z': 60.0}
2026-02-13 20:53:08,313 - Drone_4 - INFO - Drone 4: Flying to {'x': 2066.028215192391, 'y': 1614.9284432851891, 'z': 60.0}
2026-02-13 20:53:08,556 - Drone_4 - INFO - Drone 4: Reached target position
2026-02-13 20:53:08,598 - Drone_3 - INFO - Drone 3: Reached target position
2026-02-13 20:53:09,316 - Drone_3 - INFO - Drone 3: Flying to {'x': 2007.645558368141, 'y': 1649.3522107331235, 'z': 60.0}
2026-02-13 20:53:09,316 - Drone_4 - INFO - Drone 4: Flying to {'x': 2061.213958343721, 'y': 1608.283043173307, 'z': 60.0}
2026-02-13 20:53:09,563 - Drone_4 - INFO - Drone 4: Reached target position
2026-02-13 20:53:09,604 - Drone_3 - INFO - Drone 3: Reached target position
2026-02-13 20:53:10,318 - Drone_3 - INFO - Drone 3: Flying to {'x': 2002.9793275073, 'y': 1642.9793789134321, 'z': 60.0}
2026-02-13 20:53:10,318 - Drone_4 - INFO - Drone 4: Flying to {'x': 2056.3709585394977, 'y': 1601.6806654259437, 'z': 60.0}
2026-02-13 20:53:10,571 - Drone_4 - INFO - Drone 4: Reached target position
2026-02-13 20:53:10,610 - Drone_3 - INFO - Drone 3: Reached target position
2026-02-13 20:53:11,320 - Drone_3 - INFO - Drone 3: Flying to {'x': 1998.2687134736354, 'y': 1636.6237320886426, 'z': 60.0}
2026-02-13 20:53:11,321 - Drone_4 - INFO - Drone 4: Flying to {'x': 2051.4945384526463, 'y': 1595.1115464643744, 'z': 60.0}
2026-02-13 20:53:11,578 - Drone_4 - INFO - Drone 4: Reached target position
2026-02-13 20:53:11,616 - Drone_3 - INFO - Drone 3: Reached target position
2026-02-13 20:53:12,325 - Drone_3 - INFO - Drone 3: Flying to {'x': 1993.5086279951538, 'y': 1630.2755635223955, 'z': 60.0}
2026-02-13 20:53:12,326 - Drone_4 - INFO - Drone 4: Flying to {'x': 2046.5799916102078, 'y': 1588.5660878119681, 'z': 60.0}
2026-02-13 20:53:12,586 - Drone_4 - INFO - Drone 4: Reached target position
2026-02-13 20:53:12,624 - Drone_3 - INFO - Drone 3: Reached target position
2026-02-13 20:53:13,328 - Drone_3 - INFO - Drone 3: Flying to {'x': 1988.7139439281918, 'y': 1623.9514955562854, 'z': 60.0}
2026-02-13 20:53:13,328 - Drone_4 - INFO - Drone 4: Flying to {'x': 2041.6431512891531, 'y': 1582.0617711821578, 'z': 60.0}
2026-02-13 20:53:13,531 - Drone_3 - INFO - Drone 3: Reached target position
2026-02-13 20:53:13,591 - Drone_4 - INFO - Drone 4: Reached target position
2026-02-13 20:53:14,329 - Drone_3 - INFO - Drone 3: Flying to {'x': 1983.88770762077, 'y': 1617.6518536830988, 'z': 60.0}
2026-02-13 20:53:14,329 - Drone_4 - INFO - Drone 4: Flying to {'x': 2036.6875144115734, 'y': 1575.5991438672752, 'z': 60.0}
2026-02-13 20:53:14,538 - Drone_3 - INFO - Drone 3: Reached target position
2026-02-13 20:53:14,598 - Drone_4 - INFO - Drone 4: Reached target position
2026-02-13 20:53:15,331 - Drone_3 - INFO - Drone 3: Flying to {'x': 1979.0230607425062, 'y': 1611.3640092083076, 'z': 60.0}
2026-02-13 20:53:15,331 - Drone_4 - INFO - Drone 4: Flying to {'x': 2031.7063738508807, 'y': 1569.1654485702363, 'z': 60.0}
2026-02-13 20:53:15,548 - Drone_3 - INFO - Drone 3: Reached target position
2026-02-13 20:53:15,605 - Drone_4 - INFO - Drone 4: Reached target position
2026-02-13 20:53:16,333 - Drone_3 - INFO - Drone 3: Flying to {'x': 1974.1247987035413, 'y': 1605.0904550186717, 'z': 60.0}
2026-02-13 20:53:16,333 - Drone_4 - INFO - Drone 4: Flying to {'x': 2026.7049444749587, 'y': 1562.7634155444005, 'z': 60.0}
2026-02-13 20:53:16,553 - Drone_3 - INFO - Drone 3: Reached target position
2026-02-13 20:53:16,611 - Drone_4 - INFO - Drone 4: Reached target position
2026-02-13 20:53:17,334 - Drone_3 - INFO - Drone 3: Flying to {'x': 1969.1905543613361, 'y': 1598.824348173828, 'z': 60.0}
2026-02-13 20:53:17,335 - Drone_4 - INFO - Drone 4: Flying to {'x': 2021.681066604995, 'y': 1556.3862034877286, 'z': 60.0}
2026-02-13 20:53:17,560 - Drone_3 - INFO - Drone 3: Reached target position
2026-02-13 20:53:17,618 - Drone_4 - INFO - Drone 4: Reached target position
2026-02-13 20:53:18,337 - Drone_3 - INFO - Drone 3: Flying to {'x': 1964.232269190635, 'y': 1592.576842693451, 'z': 60.0}
2026-02-13 20:53:18,338 - Drone_4 - INFO - Drone 4: Flying to {'x': 2016.647079499139, 'y': 1550.0452349137827, 'z': 60.0}
2026-02-13 20:53:18,565 - Drone_3 - INFO - Drone 3: Reached target position
2026-02-13 20:53:18,624 - Drone_4 - INFO - Drone 4: Reached target position
2026-02-13 20:53:19,340 - Drone_3 - INFO - Drone 3: Flying to {'x': 1959.2204458486262, 'y': 1586.3069630084767, 'z': 60.0}
2026-02-13 20:53:19,340 - Drone_4 - INFO - Drone 4: Flying to {'x': 2011.573260253083, 'y': 1543.6990667457828, 'z': 60.0}
2026-02-13 20:53:19,572 - Drone_3 - INFO - Drone 3: Reached target position
2026-02-13 20:53:19,631 - Drone_4 - INFO - Drone 4: Reached target position
2026-02-13 20:53:19,670 - PhysicalMLTrainer_Drone5 - INFO - Physical ML model trained drone=5 samples=3701 degree=2 alpha=0.0 val_mse=0.000000
2026-02-13 20:53:19,692 - PhysicalMLTrainer_Drone3 - INFO - Physical ML model trained drone=3 samples=3701 degree=2 alpha=1.0 val_mse=0.309793
2026-02-13 20:53:19,699 - PhysicalMLTrainer_Drone2 - INFO - Physical ML model trained drone=2 samples=3701 degree=2 alpha=0.0 val_mse=0.001251
2026-02-13 20:53:19,743 - PhysicalMLTrainer_Drone4 - INFO - Physical ML model trained drone=4 samples=3701 degree=2 alpha=1.0 val_mse=0.290805
2026-02-13 20:53:20,343 - Drone_3 - INFO - Drone 3: Flying to {'x': 1954.1412173408387, 'y': 1579.9939976880728, 'z': 60.0}
2026-02-13 20:53:20,343 - Drone_4 - INFO - Drone 4: Flying to {'x': 2006.44595286679, 'y': 1537.3270943371117, 'z': 60.0}
2026-02-13 20:53:20,549 - Drone_4 - INFO - Drone 4: Reached target position
2026-02-13 20:53:20,598 - Drone_3 - INFO - Drone 3: Reached target position
2026-02-13 20:53:21,347 - Drone_3 - INFO - Drone 3: Flying to {'x': 1949.085861217141, 'y': 1573.7470135265648, 'z': 60.0}
2026-02-13 20:53:21,349 - Drone_4 - INFO - Drone 4: Flying to {'x': 2001.3573163422552, 'y': 1531.0393446706885, 'z': 60.0}
2026-02-13 20:53:21,555 - Drone_4 - INFO - Drone 4: Reached target position
2026-02-13 20:53:21,604 - Drone_3 - INFO - Drone 3: Reached target position
2026-02-13 20:53:22,350 - Drone_3 - INFO - Drone 3: Flying to {'x': 1944.020563958724, 'y': 1567.519296332304, 'z': 60.0}
2026-02-13 20:53:22,351 - Drone_4 - INFO - Drone 4: Flying to {'x': 1996.2730605427253, 'y': 1524.7884339405975, 'z': 60.0}
2026-02-13 20:53:22,562 - Drone_4 - INFO - Drone 4: Reached target position
2026-02-13 20:53:22,610 - Drone_3 - INFO - Drone 3: Reached target position
2026-02-13 20:53:23,352 - Drone_3 - INFO - Drone 3: Flying to {'x': 1938.9328814483158, 'y': 1561.2911452511842, 'z': 60.0}
2026-02-13 20:53:23,352 - Drone_4 - INFO - Drone 4: Flying to {'x': 1991.1806189673969, 'y': 1518.554464002669, 'z': 60.0}
2026-02-13 20:53:23,567 - Drone_4 - INFO - Drone 4: Reached target position
2026-02-13 20:53:23,618 - Drone_3 - INFO - Drone 3: Reached target position
2026-02-13 20:53:24,355 - Drone_3 - INFO - Drone 3: Flying to {'x': 1933.82997357791, 'y': 1555.0669882305563, 'z': 60.0}
2026-02-13 20:53:24,355 - Drone_4 - INFO - Drone 4: Flying to {'x': 1986.0870853761412, 'y': 1512.3417700742123, 'z': 60.0}
2026-02-13 20:53:24,572 - Drone_4 - INFO - Drone 4: Reached target position
2026-02-13 20:53:24,625 - Drone_3 - INFO - Drone 3: Reached target position
2026-02-13 20:53:25,357 - Drone_3 - INFO - Drone 3: Flying to {'x': 1928.7025206409905, 'y': 1548.8311291952327, 'z': 60.0}
2026-02-13 20:53:25,358 - Drone_4 - INFO - Drone 4: Flying to {'x': 1980.9830751812394, 'y': 1506.1345998636343, 'z': 60.0}
2026-02-13 20:53:25,578 - Drone_4 - INFO - Drone 4: Reached target position
2026-02-13 20:53:25,632 - Drone_3 - INFO - Drone 3: Reached target position
2026-02-13 20:53:26,359 - Drone_3 - INFO - Drone 3: Flying to {'x': 1923.5666623853836, 'y': 1542.598838321835, 'z': 60.0}
2026-02-13 20:53:26,359 - Drone_4 - INFO - Drone 4: Flying to {'x': 1975.8845288074572, 'y': 1499.9480370041333, 'z': 60.0}
2026-02-13 20:53:26,584 - Drone_4 - INFO - Drone 4: Reached target position
2026-02-13 20:53:26,638 - Drone_3 - INFO - Drone 3: Reached target position
2026-02-13 20:53:27,361 - Drone_3 - INFO - Drone 3: Flying to {'x': 1918.410965022086, 'y': 1536.3518571933919, 'z': 60.0}
2026-02-13 20:53:27,361 - Drone_4 - INFO - Drone 4: Flying to {'x': 1970.7799368703802, 'y': 1493.7638214608933, 'z': 60.0}
2026-02-13 20:53:27,592 - Drone_4 - INFO - Drone 4: Reached target position
2026-02-13 20:53:27,644 - Drone_3 - INFO - Drone 3: Reached target position
2026-02-13 20:53:28,363 - Drone_3 - INFO - Drone 3: Flying to {'x': 1913.257870726159, 'y': 1530.1129938225251, 'z': 60.0}
2026-02-13 20:53:28,364 - Drone_4 - INFO - Drone 4: Flying to {'x': 1965.6913061637686, 'y': 1487.6043494285902, 'z': 60.0}
2026-02-13 20:53:28,599 - Drone_4 - INFO - Drone 4: Reached target position
2026-02-13 20:53:28,649 - Drone_3 - INFO - Drone 3: Reached target position
2026-02-13 20:53:29,369 - Drone_3 - INFO - Drone 3: Flying to {'x': 1908.0873223793285, 'y': 1523.8535791770778, 'z': 60.0}
2026-02-13 20:53:29,370 - Drone_4 - INFO - Drone 4: Flying to {'x': 1960.5985984863967, 'y': 1481.4411295707741, 'z': 60.0}
2026-02-13 20:53:29,605 - Drone_4 - INFO - Drone 4: Reached target position
2026-02-13 20:53:29,656 - Drone_3 - INFO - Drone 3: Reached target position
2026-02-13 20:53:30,371 - Drone_3 - INFO - Drone 3: Flying to {'x': 1902.9223754567947, 'y': 1517.5971771169568, 'z': 60.0}
2026-02-13 20:53:30,371 - Drone_4 - INFO - Drone 4: Flying to {'x': 1955.5242722148396, 'y': 1475.2971717096755, 'z': 60.0}
2026-02-13 20:53:30,611 - Drone_4 - INFO - Drone 4: Reached target position
2026-02-13 20:53:30,662 - Drone_3 - INFO - Drone 3: Reached target position
2026-02-13 20:53:31,373 - Drone_3 - INFO - Drone 3: Flying to {'x': 1897.752630372513, 'y': 1511.326865852913, 'z': 60.0}
2026-02-13 20:53:31,374 - Drone_4 - INFO - Drone 4: Flying to {'x': 1950.457806976924, 'y': 1469.15561546716, 'z': 60.0}
2026-02-13 20:53:31,616 - Drone_4 - INFO - Drone 4: Reached target position
2026-02-13 20:53:31,670 - Drone_3 - INFO - Drone 3: Reached target position
2026-02-13 20:53:32,376 - Drone_3 - INFO - Drone 3: Flying to {'x': 1893.0802352733822, 'y': 1505.6492307305027, 'z': 60.0}
2026-02-13 20:53:32,376 - Drone_4 - INFO - Drone 4: Flying to {'x': 1945.8893263060113, 'y': 1463.6081805020951, 'z': 60.0}
2026-02-13 20:53:32,623 - Drone_4 - INFO - Drone 4: Reached target position
2026-02-13 20:53:32,675 - Drone_3 - INFO - Drone 3: Reached target position
2026-02-13 20:53:33,378 - Drone_3 - INFO - Drone 3: Flying to {'x': 1887.9070680322584, 'y': 1499.3474618325463, 'z': 60.0}
2026-02-13 20:53:33,378 - Drone_4 - INFO - Drone 4: Flying to {'x': 1940.8426351377188, 'y': 1457.4657744832607, 'z': 60.0}
2026-02-13 20:53:33,582 - Drone_3 - INFO - Drone 3: Reached target position
2026-02-13 20:53:33,633 - Drone_4 - INFO - Drone 4: Reached target position
2026-02-13 20:53:34,380 - Drone_3 - INFO - Drone 3: Flying to {'x': 1882.7348944474488, 'y': 1493.0263387437603, 'z': 60.0}
2026-02-13 20:53:34,380 - Drone_4 - INFO - Drone 4: Flying to {'x': 1935.808615295498, 'y': 1451.3198625638747, 'z': 60.0}
2026-02-13 20:53:34,587 - Drone_3 - INFO - Drone 3: Reached target position
2026-02-13 20:53:34,640 - Drone_4 - INFO - Drone 4: Reached target position
2026-02-13 20:53:35,382 - Drone_3 - INFO - Drone 3: Flying to {'x': 1877.582215380148, 'y': 1486.7043429977564, 'z': 60.0}
2026-02-13 20:53:35,383 - Drone_4 - INFO - Drone 4: Flying to {'x': 1930.8048938206614, 'y': 1445.1881232804255, 'z': 60.0}
2026-02-13 20:53:35,594 - Drone_3 - INFO - Drone 3: Reached target position
2026-02-13 20:53:35,649 - Drone_4 - INFO - Drone 4: Reached target position
2026-02-13 20:53:36,384 - Drone_3 - INFO - Drone 3: Flying to {'x': 1872.4323971235558, 'y': 1480.3569588742562, 'z': 60.0}
2026-02-13 20:53:36,385 - Drone_4 - INFO - Drone 4: Flying to {'x': 1925.814932964578, 'y': 1439.0464896541907, 'z': 60.0}
2026-02-13 20:53:36,599 - Drone_3 - INFO - Drone 3: Reached target position
2026-02-13 20:53:36,654 - Drone_4 - INFO - Drone 4: Reached target position
2026-02-13 20:53:37,386 - Drone_3 - INFO - Drone 3: Flying to {'x': 1867.291062429674, 'y': 1473.98694262066, 'z': 60.0}
2026-02-13 20:53:37,386 - Drone_4 - INFO - Drone 4: Flying to {'x': 1920.8438325843847, 'y': 1432.8973963983335, 'z': 60.0}
2026-02-13 20:53:37,606 - Drone_3 - INFO - Drone 3: Reached target position
2026-02-13 20:53:37,660 - Drone_4 - INFO - Drone 4: Reached target position
2026-02-13 20:53:38,388 - Drone_3 - INFO - Drone 3: Flying to {'x': 1862.1466496953608, 'y': 1467.5757004415498, 'z': 60.0}
2026-02-13 20:53:38,388 - Drone_4 - INFO - Drone 4: Flying to {'x': 1915.8800826746533, 'y': 1426.7226934498988, 'z': 60.0}
2026-02-13 20:53:38,612 - Drone_3 - INFO - Drone 3: Reached target position
2026-02-13 20:53:38,668 - Drone_4 - INFO - Drone 4: Reached target position
2026-02-13 20:53:39,391 - Drone_3 - INFO - Drone 3: Flying to {'x': 1857.0360268036407, 'y': 1461.165214564162, 'z': 60.0}
2026-02-13 20:53:39,391 - Drone_4 - INFO - Drone 4: Flying to {'x': 1910.9588506928544, 'y': 1420.5625168235829, 'z': 60.0}
2026-02-13 20:53:39,618 - Drone_3 - INFO - Drone 3: Reached target position
2026-02-13 20:53:39,675 - Drone_4 - INFO - Drone 4: Reached target position
2026-02-13 20:53:39,793 - PhysicalMLTrainer_Drone5 - INFO - Physical ML model trained drone=5 samples=3901 degree=2 alpha=0.0 val_mse=0.000000
2026-02-13 20:53:39,836 - PhysicalMLTrainer_Drone2 - INFO - Physical ML model trained drone=2 samples=3901 degree=2 alpha=0.0 val_mse=0.000786
2026-02-13 20:53:39,837 - PhysicalMLTrainer_Drone3 - INFO - Physical ML model trained drone=3 samples=3901 degree=2 alpha=1.0 val_mse=0.402802
2026-02-13 20:53:39,889 - PhysicalMLTrainer_Drone4 - INFO - Physical ML model trained drone=4 samples=3901 degree=2 alpha=1.0 val_mse=0.020200
2026-02-13 20:53:40,393 - Drone_3 - INFO - Drone 3: Flying to {'x': 1851.8625785639813, 'y': 1454.6294079902054, 'z': 60.0}
2026-02-13 20:53:40,393 - Drone_4 - INFO - Drone 4: Flying to {'x': 1905.986864791517, 'y': 1414.2956548749821, 'z': 60.0}
2026-02-13 20:53:40,642 - Drone_3 - INFO - Drone 3: Reached target position
2026-02-13 20:53:40,694 - Drone_4 - INFO - Drone 4: Reached target position
2026-02-13 20:53:41,395 - Drone_3 - INFO - Drone 3: Flying to {'x': 1846.7913915114023, 'y': 1448.173060115095, 'z': 60.0}
2026-02-13 20:53:41,396 - Drone_4 - INFO - Drone 4: Flying to {'x': 1901.12235508692, 'y': 1408.11814285197, 'z': 60.0}
2026-02-13 20:53:41,599 - Drone_4 - INFO - Drone 4: Reached target position
2026-02-13 20:53:41,647 - Drone_3 - INFO - Drone 3: Reached target position
2026-02-13 20:53:42,397 - Drone_3 - INFO - Drone 3: Flying to {'x': 1841.737644291581, 'y': 1441.6854340891807, 'z': 60.0}
2026-02-13 20:53:42,397 - Drone_4 - INFO - Drone 4: Flying to {'x': 1896.2833185030686, 'y': 1401.9233991209564, 'z': 60.0}
2026-02-13 20:53:42,604 - Drone_4 - INFO - Drone 4: Reached target position
2026-02-13 20:53:42,653 - Drone_3 - INFO - Drone 3: Reached target position
2026-02-13 20:53:43,399 - Drone_3 - INFO - Drone 3: Flying to {'x': 1836.7001210624053, 'y': 1435.1610168009267, 'z': 60.0}
2026-02-13 20:53:43,399 - Drone_4 - INFO - Drone 4: Flying to {'x': 1891.468189265795, 'y': 1395.7058687810693, 'z': 60.0}
2026-02-13 20:53:43,610 - Drone_4 - INFO - Drone 4: Reached target position
2026-02-13 20:53:43,658 - Drone_3 - INFO - Drone 3: Reached target position
2026-02-13 20:53:44,400 - Drone_3 - INFO - Drone 3: Flying to {'x': 1831.694033805335, 'y': 1428.615796691451, 'z': 60.0}
2026-02-13 20:53:44,401 - Drone_4 - INFO - Drone 4: Flying to {'x': 1886.691074346349, 'y': 1389.4804478143799, 'z': 60.0}
2026-02-13 20:53:44,615 - Drone_4 - INFO - Drone 4: Reached target position
2026-02-13 20:53:44,664 - Drone_3 - INFO - Drone 3: Reached target position
2026-02-13 20:53:45,402 - Drone_3 - INFO - Drone 3: Flying to {'x': 1826.7112298696889, 'y': 1422.0355015075334, 'z': 60.0}
2026-02-13 20:53:45,402 - Drone_4 - INFO - Drone 4: Flying to {'x': 1881.9437475560526, 'y': 1383.2331950035955, 'z': 60.0}
2026-02-13 20:53:45,621 - Drone_4 - INFO - Drone 4: Reached target position
2026-02-13 20:53:45,670 - Drone_3 - INFO - Drone 3: Reached target position
2026-02-13 20:53:46,404 - Drone_3 - INFO - Drone 3: Flying to {'x': 1821.7644661508, 'y': 1415.4334778393102, 'z': 60.0}
2026-02-13 20:53:46,404 - Drone_4 - INFO - Drone 4: Flying to {'x': 1877.2379112115525, 'y': 1376.9763992569262, 'z': 60.0}
2026-02-13 20:53:46,630 - Drone_4 - INFO - Drone 4: Reached target position
2026-02-13 20:53:46,674 - Drone_3 - INFO - Drone 3: Reached target position
2026-02-13 20:53:47,406 - Drone_3 - INFO - Drone 3: Flying to {'x': 1816.847451051114, 'y': 1408.7979446344143, 'z': 60.0}
2026-02-13 20:53:47,407 - Drone_4 - INFO - Drone 4: Flying to {'x': 1872.5671193975675, 'y': 1370.6984884786998, 'z': 60.0}
2026-02-13 20:53:47,636 - Drone_4 - INFO - Drone 4: Reached target position
2026-02-13 20:53:47,679 - Drone_3 - INFO - Drone 3: Reached target position
2026-02-13 20:53:48,409 - Drone_3 - INFO - Drone 3: Flying to {'x': 1811.9597652564955, 'y': 1402.1247987095205, 'z': 60.0}
2026-02-13 20:53:48,410 - Drone_4 - INFO - Drone 4: Flying to {'x': 1867.9305315116737, 'y': 1364.395190643597, 'z': 60.0}
2026-02-13 20:53:48,644 - Drone_4 - INFO - Drone 4: Reached target position
2026-02-13 20:53:48,684 - Drone_3 - INFO - Drone 3: Reached target position
2026-02-13 20:53:49,413 - Drone_3 - INFO - Drone 3: Flying to {'x': 1807.1134907246164, 'y': 1395.42727660608, 'z': 60.0}
2026-02-13 20:53:49,415 - Drone_4 - INFO - Drone 4: Flying to {'x': 1863.3391483353716, 'y': 1358.0785761435725, 'z': 60.0}
2026-02-13 20:53:49,650 - Drone_4 - INFO - Drone 4: Reached target position
2026-02-13 20:53:49,693 - Drone_3 - INFO - Drone 3: Reached target position
2026-02-13 20:53:50,416 - Drone_3 - INFO - Drone 3: Flying to {'x': 1802.297247711377, 'y': 1388.6863723985127, 'z': 60.0}
2026-02-13 20:53:50,416 - Drone_4 - INFO - Drone 4: Flying to {'x': 1858.7817314730967, 'y': 1351.7302755514158, 'z': 60.0}
2026-02-13 20:53:50,657 - Drone_4 - INFO - Drone 4: Reached target position
2026-02-13 20:53:50,700 - Drone_3 - INFO - Drone 3: Reached target position
2026-02-13 20:53:51,418 - Drone_3 - INFO - Drone 3: Flying to {'x': 1797.5180679482423, 'y': 1381.9085351119006, 'z': 60.0}
2026-02-13 20:53:51,418 - Drone_4 - INFO - Drone 4: Flying to {'x': 1854.2644890611023, 'y': 1345.355919735132, 'z': 60.0}
2026-02-13 20:53:51,663 - Drone_4 - INFO - Drone 4: Reached target position
2026-02-13 20:53:51,707 - Drone_3 - INFO - Drone 3: Reached target position
2026-02-13 20:53:52,420 - Drone_3 - INFO - Drone 3: Flying to {'x': 1792.7784278867603, 'y': 1375.094117904704, 'z': 60.0}
2026-02-13 20:53:52,420 - Drone_4 - INFO - Drone 4: Flying to {'x': 1849.789304353455, 'y': 1338.9553580408233, 'z': 60.0}
2026-02-13 20:53:52,668 - Drone_4 - INFO - Drone 4: Reached target position
2026-02-13 20:53:52,713 - Drone_3 - INFO - Drone 3: Reached target position
2026-02-13 20:53:53,423 - Drone_3 - INFO - Drone 3: Flying to {'x': 1788.0844908155163, 'y': 1368.2490741349034, 'z': 60.0}
2026-02-13 20:53:53,423 - Drone_4 - INFO - Drone 4: Flying to {'x': 1845.3615314156932, 'y': 1332.5336626143048, 'z': 60.0}
2026-02-13 20:53:53,676 - Drone_4 - INFO - Drone 4: Reached target position
2026-02-13 20:53:53,719 - Drone_3 - INFO - Drone 3: Reached target position
2026-02-13 20:53:54,426 - Drone_3 - INFO - Drone 3: Flying to {'x': 1783.4343056637451, 'y': 1361.367771318225, 'z': 60.0}
2026-02-13 20:53:54,427 - Drone_4 - INFO - Drone 4: Flying to {'x': 1840.9788643625482, 'y': 1326.085002660423, 'z': 60.0}
2026-02-13 20:53:54,683 - Drone_4 - INFO - Drone 4: Reached target position
2026-02-13 20:53:54,725 - Drone_3 - INFO - Drone 3: Reached target position
2026-02-13 20:53:55,430 - Drone_3 - INFO - Drone 3: Flying to {'x': 1778.8333050787173, 'y': 1354.455592489555, 'z': 60.0}
2026-02-13 20:53:55,431 - Drone_4 - INFO - Drone 4: Flying to {'x': 1836.6459595960819, 'y': 1319.6138506034806, 'z': 60.0}
2026-02-13 20:53:55,689 - Drone_4 - INFO - Drone 4: Reached target position
2026-02-13 20:53:55,733 - Drone_3 - INFO - Drone 3: Reached target position
2026-02-13 20:53:56,435 - Drone_3 - INFO - Drone 3: Flying to {'x': 1774.276916204998, 'y': 1347.5030328861346, 'z': 60.0}
2026-02-13 20:53:56,435 - Drone_4 - INFO - Drone 4: Flying to {'x': 1832.358051746216, 'y': 1313.1107126061263, 'z': 60.0}
2026-02-13 20:53:56,695 - Drone_4 - INFO - Drone 4: Reached target position
2026-02-13 20:53:56,739 - Drone_3 - INFO - Drone 3: Reached target position
2026-02-13 20:53:57,436 - Drone_3 - INFO - Drone 3: Flying to {'x': 1769.7690093042727, 'y': 1340.5133549538255, 'z': 60.0}
2026-02-13 20:53:57,436 - Drone_4 - INFO - Drone 4: Flying to {'x': 1828.118329984249, 'y': 1306.578022685152, 'z': 60.0}
2026-02-13 20:53:57,701 - Drone_4 - INFO - Drone 4: Reached target position
2026-02-13 20:53:57,745 - Drone_3 - INFO - Drone 3: Reached target position
2026-02-13 20:53:58,438 - Drone_3 - INFO - Drone 3: Flying to {'x': 1765.3096015379115, 'y': 1333.4840833773565, 'z': 60.0}
2026-02-13 20:53:58,438 - Drone_4 - INFO - Drone 4: Flying to {'x': 1823.9263589511902, 'y': 1300.0128158430548, 'z': 60.0}
2026-02-13 20:53:58,710 - Drone_4 - INFO - Drone 4: Reached target position
2026-02-13 20:53:58,752 - Drone_3 - INFO - Drone 3: Reached target position
2026-02-13 20:53:59,440 - Drone_3 - INFO - Drone 3: Flying to {'x': 1761.338515147045, 'y': 1327.12330077458, 'z': 60.0}
2026-02-13 20:53:59,441 - Drone_4 - INFO - Drone 4: Flying to {'x': 1820.1949011050726, 'y': 1294.0752171393724, 'z': 60.0}
2026-02-13 20:53:59,616 - Drone_4 - INFO - Drone 4: Reached target position
2026-02-13 20:53:59,656 - Drone_3 - INFO - Drone 3: Reached target position
2026-02-13 20:53:59,923 - PhysicalMLTrainer_Drone5 - INFO - Physical ML model trained drone=5 samples=4101 degree=2 alpha=0.0 val_mse=0.000000
2026-02-13 20:53:59,955 - PhysicalMLTrainer_Drone2 - INFO - Physical ML model trained drone=2 samples=4101 degree=2 alpha=0.0 val_mse=0.000621
2026-02-13 20:53:59,970 - PhysicalMLTrainer_Drone3 - INFO - Physical ML model trained drone=3 samples=4101 degree=2 alpha=1.0 val_mse=0.120970
2026-02-13 20:54:00,030 - PhysicalMLTrainer_Drone4 - INFO - Physical ML model trained drone=4 samples=4101 degree=2 alpha=1.0 val_mse=0.025521
2026-02-13 20:54:00,443 - Drone_3 - INFO - Drone 3: Flying to {'x': 1756.9343513445108, 'y': 1319.951266188296, 'z': 60.0}
2026-02-13 20:54:00,444 - Drone_4 - INFO - Drone 4: Flying to {'x': 1816.057767426759, 'y': 1287.3833115278421, 'z': 60.0}
2026-02-13 20:54:00,634 - Drone_4 - INFO - Drone 4: Reached target position
2026-02-13 20:54:00,776 - Drone_3 - INFO - Drone 3: Reached target position
2026-02-13 20:54:01,446 - Drone_3 - INFO - Drone 3: Flying to {'x': 1752.6354155049307, 'y': 1312.8251969662858, 'z': 60.0}
2026-02-13 20:54:01,447 - Drone_4 - INFO - Drone 4: Flying to {'x': 1812.0203835555885, 'y': 1280.7366387309532, 'z': 60.0}
2026-02-13 20:54:01,643 - Drone_4 - INFO - Drone 4: Reached target position
2026-02-13 20:54:01,783 - Drone_3 - INFO - Drone 3: Reached target position
2026-02-13 20:54:02,450 - Drone_3 - INFO - Drone 3: Flying to {'x': 1748.3892733239134, 'y': 1305.658329147157, 'z': 60.0}
2026-02-13 20:54:02,451 - Drone_4 - INFO - Drone 4: Flying to {'x': 1808.033055512881, 'y': 1274.0534363899433, 'z': 60.0}
2026-02-13 20:54:02,650 - Drone_4 - INFO - Drone 4: Reached target position
2026-02-13 20:54:02,789 - Drone_3 - INFO - Drone 3: Reached target position
2026-02-13 20:54:03,453 - Drone_3 - INFO - Drone 3: Flying to {'x': 1744.2065748513053, 'y': 1298.4671709246063, 'z': 60.0}
2026-02-13 20:54:03,453 - Drone_4 - INFO - Drone 4: Flying to {'x': 1804.1053560569765, 'y': 1267.3482697538525, 'z': 60.0}
2026-02-13 20:54:03,659 - Drone_4 - INFO - Drone 4: Reached target position
2026-02-13 20:54:03,795 - Drone_3 - INFO - Drone 3: Reached target position
2026-02-13 20:54:04,454 - Drone_3 - INFO - Drone 3: Flying to {'x': 1740.0793359812285, 'y': 1291.2367045729184, 'z': 60.0}
2026-02-13 20:54:04,454 - Drone_4 - INFO - Drone 4: Flying to {'x': 1800.2293675306144, 'y': 1260.6062670212295, 'z': 60.0}
2026-02-13 20:54:04,565 - Drone_4 - INFO - Drone 4: Reached target position
2026-02-13 20:54:04,801 - Drone_3 - INFO - Drone 3: Reached target position
2026-02-13 20:54:05,457 - Drone_3 - INFO - Drone 3: Flying to {'x': 1736.0103898378898, 'y': 1283.9704643190464, 'z': 60.0}
2026-02-13 20:54:05,457 - Drone_4 - INFO - Drone 4: Flying to {'x': 1796.4073369645794, 'y': 1253.8298143961294, 'z': 60.0}
2026-02-13 20:54:05,571 - Drone_4 - INFO - Drone 4: Reached target position
2026-02-13 20:54:05,808 - Drone_3 - INFO - Drone 3: Reached target position
2026-02-13 20:54:06,460 - Drone_3 - INFO - Drone 3: Flying to {'x': 1731.9980054835555, 'y': 1276.6640711355826, 'z': 60.0}
2026-02-13 20:54:06,460 - Drone_4 - INFO - Drone 4: Flying to {'x': 1792.6372313041356, 'y': 1247.0138722849729, 'z': 60.0}
2026-02-13 20:54:06,578 - Drone_4 - INFO - Drone 4: Reached target position
2026-02-13 20:54:06,813 - Drone_3 - INFO - Drone 3: Reached target position
2026-02-13 20:54:07,462 - Drone_3 - INFO - Drone 3: Flying to {'x': 1728.0459902201437, 'y': 1269.3234050935, 'z': 60.0}
2026-02-13 20:54:07,463 - Drone_4 - INFO - Drone 4: Flying to {'x': 1788.922228061403, 'y': 1240.162923850996, 'z': 60.0}
2026-02-13 20:54:07,584 - Drone_4 - INFO - Drone 4: Reached target position
2026-02-13 20:54:07,820 - Drone_3 - INFO - Drone 3: Reached target position
2026-02-13 20:54:08,464 - Drone_3 - INFO - Drone 3: Flying to {'x': 1724.1628984651318, 'y': 1261.9641490467054, 'z': 60.0}
2026-02-13 20:54:08,464 - Drone_4 - INFO - Drone 4: Flying to {'x': 1785.2699846443977, 'y': 1233.2905720344145, 'z': 60.0}
2026-02-13 20:54:08,590 - Drone_4 - INFO - Drone 4: Reached target position
2026-02-13 20:54:08,825 - Drone_3 - INFO - Drone 3: Reached target position
2026-02-13 20:54:09,466 - Drone_3 - INFO - Drone 3: Flying to {'x': 1720.3420386654593, 'y': 1254.5736891709382, 'z': 60.0}
2026-02-13 20:54:09,467 - Drone_4 - INFO - Drone 4: Flying to {'x': 1781.6738349691568, 'y': 1226.3839612162067, 'z': 60.0}
2026-02-13 20:54:09,597 - Drone_4 - INFO - Drone 4: Reached target position
2026-02-13 20:54:09,832 - Drone_3 - INFO - Drone 3: Reached target position
2026-02-13 20:54:10,469 - Drone_3 - INFO - Drone 3: Flying to {'x': 1716.587099121906, 'y': 1247.1593010827335, 'z': 60.0}
2026-02-13 20:54:10,469 - Drone_4 - INFO - Drone 4: Flying to {'x': 1778.1368852468433, 'y': 1219.448764675538, 'z': 60.0}
2026-02-13 20:54:10,603 - Drone_4 - INFO - Drone 4: Reached target position
2026-02-13 20:54:10,839 - Drone_3 - INFO - Drone 3: Reached target position
2026-02-13 20:54:11,470 - Drone_3 - INFO - Drone 3: Flying to {'x': 1712.8894212247778, 'y': 1239.7039342189348, 'z': 60.0}
2026-02-13 20:54:11,470 - Drone_4 - INFO - Drone 4: Flying to {'x': 1774.6506166991371, 'y': 1212.4678417389553, 'z': 60.0}
2026-02-13 20:54:11,610 - Drone_4 - INFO - Drone 4: Reached target position
2026-02-13 20:54:11,845 - Drone_3 - INFO - Drone 3: Reached target position
2026-02-13 20:54:12,471 - Drone_3 - INFO - Drone 3: Flying to {'x': 1709.2620886819527, 'y': 1232.2346095510038, 'z': 60.0}
2026-02-13 20:54:12,471 - Drone_4 - INFO - Drone 4: Flying to {'x': 1771.2270161269466, 'y': 1205.4652657649367, 'z': 60.0}
2026-02-13 20:54:12,616 - Drone_4 - INFO - Drone 4: Reached target position
2026-02-13 20:54:12,851 - Drone_3 - INFO - Drone 3: Reached target position
2026-02-13 20:54:13,473 - Drone_3 - INFO - Drone 3: Flying to {'x': 1705.6986461047848, 'y': 1224.7393739557353, 'z': 60.0}
2026-02-13 20:54:13,473 - Drone_4 - INFO - Drone 4: Flying to {'x': 1767.8596610617694, 'y': 1198.4285735209803, 'z': 60.0}
2026-02-13 20:54:13,622 - Drone_4 - INFO - Drone 4: Reached target position
2026-02-13 20:54:13,858 - Drone_3 - INFO - Drone 3: Reached target position
2026-02-13 20:54:14,474 - Drone_3 - INFO - Drone 3: Flying to {'x': 1702.1938964450853, 'y': 1217.2082128397658, 'z': 60.0}
2026-02-13 20:54:14,475 - Drone_4 - INFO - Drone 4: Flying to {'x': 1764.543299100347, 'y': 1191.3470065931108, 'z': 60.0}
2026-02-13 20:54:14,629 - Drone_4 - INFO - Drone 4: Reached target position
2026-02-13 20:54:14,865 - Drone_3 - INFO - Drone 3: Reached target position
2026-02-13 20:54:15,477 - Drone_3 - INFO - Drone 3: Flying to {'x': 1698.7586884424823, 'y': 1209.6661589219843, 'z': 60.0}
2026-02-13 20:54:15,478 - Drone_4 - INFO - Drone 4: Flying to {'x': 1761.2878723946715, 'y': 1184.2427218161702, 'z': 60.0}
2026-02-13 20:54:15,635 - Drone_4 - INFO - Drone 4: Reached target position
2026-02-13 20:54:15,873 - Drone_3 - INFO - Drone 3: Reached target position
2026-02-13 20:54:16,480 - Drone_3 - INFO - Drone 3: Flying to {'x': 1695.3848947432602, 'y': 1202.0976705378644, 'z': 60.0}
2026-02-13 20:54:16,480 - Drone_4 - INFO - Drone 4: Flying to {'x': 1758.0853688369257, 'y': 1177.0996596484042, 'z': 60.0}
2026-02-13 20:54:16,641 - Drone_4 - INFO - Drone 4: Reached target position
2026-02-13 20:54:16,880 - Drone_3 - INFO - Drone 3: Reached target position
2026-02-13 20:54:17,482 - Drone_3 - INFO - Drone 3: Flying to {'x': 1692.0784205145314, 'y': 1194.5186605488966, 'z': 60.0}
2026-02-13 20:54:17,483 - Drone_4 - INFO - Drone 4: Flying to {'x': 1754.9410867824213, 'y': 1169.9313632250364, 'z': 60.0}
2026-02-13 20:54:17,647 - Drone_4 - INFO - Drone 4: Reached target position
2026-02-13 20:54:17,785 - Drone_3 - INFO - Drone 3: Reached target position
2026-02-13 20:54:18,484 - Drone_3 - INFO - Drone 3: Flying to {'x': 1688.8327419727812, 'y': 1186.9172997395583, 'z': 60.0}
2026-02-13 20:54:18,484 - Drone_4 - INFO - Drone 4: Flying to {'x': 1751.8485203711384, 'y': 1162.725117679043, 'z': 60.0}
2026-02-13 20:54:18,653 - Drone_4 - INFO - Drone 4: Reached target position
2026-02-13 20:54:18,793 - Drone_3 - INFO - Drone 3: Reached target position
2026-02-13 20:54:19,485 - Drone_3 - INFO - Drone 3: Flying to {'x': 1685.6544911044307, 'y': 1179.3128753782041, 'z': 60.0}
2026-02-13 20:54:19,485 - Drone_4 - INFO - Drone 4: Flying to {'x': 1748.813694032891, 'y': 1155.4976473624663, 'z': 60.0}
2026-02-13 20:54:19,659 - Drone_4 - INFO - Drone 4: Reached target position
2026-02-13 20:54:19,803 - Drone_3 - INFO - Drone 3: Reached target position
2026-02-13 20:54:20,056 - PhysicalMLTrainer_Drone5 - INFO - Physical ML model trained drone=5 samples=4301 degree=2 alpha=0.0 val_mse=0.000000
2026-02-13 20:54:20,081 - PhysicalMLTrainer_Drone2 - INFO - Physical ML model trained drone=2 samples=4301 degree=2 alpha=0.0 val_mse=0.000762
2026-02-13 20:54:20,115 - PhysicalMLTrainer_Drone3 - INFO - Physical ML model trained drone=3 samples=4301 degree=2 alpha=0.0 val_mse=0.001467
2026-02-13 20:54:20,173 - PhysicalMLTrainer_Drone4 - INFO - Physical ML model trained drone=4 samples=4301 degree=2 alpha=1.0 val_mse=0.010405
2026-02-13 20:54:20,489 - Drone_3 - INFO - Drone 3: Flying to {'x': 1682.498655096768, 'y': 1171.598990993262, 'z': 60.0}
2026-02-13 20:54:20,489 - Drone_4 - INFO - Drone 4: Flying to {'x': 1745.7932067821387, 'y': 1148.145852036015, 'z': 60.0}
2026-02-13 20:54:20,675 - Drone_4 - INFO - Drone 4: Reached target position
2026-02-13 20:54:20,819 - Drone_3 - INFO - Drone 3: Reached target position
2026-02-13 20:54:21,491 - Drone_3 - INFO - Drone 3: Flying to {'x': 1679.4374629517438, 'y': 1163.956561323527, 'z': 60.0}
2026-02-13 20:54:21,491 - Drone_4 - INFO - Drone 4: Flying to {'x': 1742.855859841543, 'y': 1140.8403995329547, 'z': 60.0}
2026-02-13 20:54:21,683 - Drone_4 - INFO - Drone 4: Reached target position
2026-02-13 20:54:21,827 - Drone_3 - INFO - Drone 3: Reached target position
2026-02-13 20:54:22,494 - Drone_3 - INFO - Drone 3: Flying to {'x': 1676.734540486839, 'y': 1157.0742318555956, 'z': 60.0}
2026-02-13 20:54:22,494 - Drone_4 - INFO - Drone 4: Flying to {'x': 1740.2555774846448, 'y': 1134.2416266883486, 'z': 60.0}
2026-02-13 20:54:22,589 - Drone_4 - INFO - Drone 4: Reached target position
2026-02-13 20:54:22,835 - Drone_3 - INFO - Drone 3: Reached target position
2026-02-13 20:54:23,497 - Drone_3 - INFO - Drone 3: Flying to {'x': 1673.7876752314032, 'y': 1149.4241177342979, 'z': 60.0}
2026-02-13 20:54:23,497 - Drone_4 - INFO - Drone 4: Flying to {'x': 1737.4127313028084, 'y': 1126.8829944279823, 'z': 60.0}
2026-02-13 20:54:23,597 - Drone_4 - INFO - Drone 4: Reached target position
2026-02-13 20:54:23,841 - Drone_3 - INFO - Drone 3: Reached target position
2026-02-13 20:54:24,500 - Drone_3 - INFO - Drone 3: Flying to {'x': 1670.897692520698, 'y': 1141.7706405749987, 'z': 60.0}
2026-02-13 20:54:24,501 - Drone_4 - INFO - Drone 4: Flying to {'x': 1734.6159859896475, 'y': 1119.494440777797, 'z': 60.0}
2026-02-13 20:54:24,602 - Drone_4 - INFO - Drone 4: Reached target position
2026-02-13 20:54:24,849 - Drone_3 - INFO - Drone 3: Reached target position
2026-02-13 20:54:25,504 - Drone_3 - INFO - Drone 3: Flying to {'x': 1668.0605468619767, 'y': 1134.1099763211837, 'z': 60.0}
2026-02-13 20:54:25,505 - Drone_4 - INFO - Drone 4: Flying to {'x': 1731.861068490921, 'y': 1112.0703883061005, 'z': 60.0}
2026-02-13 20:54:25,609 - Drone_4 - INFO - Drone 4: Reached target position
2026-02-13 20:54:25,857 - Drone_3 - INFO - Drone 3: Reached target position
2026-02-13 20:54:26,506 - Drone_3 - INFO - Drone 3: Flying to {'x': 1665.273770722287, 'y': 1126.4428238862483, 'z': 60.0}
2026-02-13 20:54:26,507 - Drone_4 - INFO - Drone 4: Flying to {'x': 1729.1451867522862, 'y': 1104.6095416244634, 'z': 60.0}
2026-02-13 20:54:26,615 - Drone_4 - INFO - Drone 4: Reached target position
2026-02-13 20:54:26,862 - Drone_3 - INFO - Drone 3: Reached target position
2026-02-13 20:54:27,508 - Drone_3 - INFO - Drone 3: Flying to {'x': 1662.5356066752406, 'y': 1118.7724210099052, 'z': 60.0}
2026-02-13 20:54:27,509 - Drone_4 - INFO - Drone 4: Flying to {'x': 1726.4662006395206, 'y': 1097.1130314669297, 'z': 60.0}
2026-02-13 20:54:27,623 - Drone_4 - INFO - Drone 4: Reached target position
2026-02-13 20:54:27,870 - Drone_3 - INFO - Drone 3: Reached target position
2026-02-13 20:54:28,511 - Drone_3 - INFO - Drone 3: Flying to {'x': 1659.846943673149, 'y': 1111.1103467264568, 'z': 60.0}
2026-02-13 20:54:28,512 - Drone_4 - INFO - Drone 4: Flying to {'x': 1723.8245386701403, 'y': 1089.5901855188602, 'z': 60.0}
2026-02-13 20:54:28,630 - Drone_4 - INFO - Drone 4: Reached target position
2026-02-13 20:54:28,878 - Drone_3 - INFO - Drone 3: Reached target position
2026-02-13 20:54:29,514 - Drone_3 - INFO - Drone 3: Flying to {'x': 1657.2025254822897, 'y': 1103.4514997040867, 'z': 60.0}
2026-02-13 20:54:29,515 - Drone_4 - INFO - Drone 4: Flying to {'x': 1721.2145590947357, 'y': 1082.0339939483013, 'z': 60.0}
2026-02-13 20:54:29,637 - Drone_4 - INFO - Drone 4: Reached target position
2026-02-13 20:54:29,884 - Drone_3 - INFO - Drone 3: Reached target position
2026-02-13 20:54:30,518 - Drone_3 - INFO - Drone 3: Flying to {'x': 1654.6025845166553, 'y': 1095.8072204329703, 'z': 60.0}
2026-02-13 20:54:30,518 - Drone_4 - INFO - Drone 4: Flying to {'x': 1718.6359724142083, 'y': 1074.4536438154225, 'z': 60.0}
2026-02-13 20:54:30,648 - Drone_4 - INFO - Drone 4: Reached target position
2026-02-13 20:54:30,890 - Drone_3 - INFO - Drone 3: Reached target position
2026-02-13 20:54:31,520 - Drone_3 - INFO - Drone 3: Flying to {'x': 1652.0402630107335, 'y': 1088.1687381073884, 'z': 60.0}
2026-02-13 20:54:31,520 - Drone_4 - INFO - Drone 4: Flying to {'x': 1716.0814008543437, 'y': 1066.8384154727983, 'z': 60.0}
2026-02-13 20:54:31,655 - Drone_4 - INFO - Drone 4: Reached target position
2026-02-13 20:54:31,897 - Drone_3 - INFO - Drone 3: Reached target position
2026-02-13 20:54:32,522 - Drone_3 - INFO - Drone 3: Flying to {'x': 1649.5167493209078, 'y': 1080.5518001140892, 'z': 60.0}
2026-02-13 20:54:32,522 - Drone_4 - INFO - Drone 4: Flying to {'x': 1713.551402030193, 'y': 1059.202016686587, 'z': 60.0}
2026-02-13 20:54:32,661 - Drone_4 - INFO - Drone 4: Reached target position
2026-02-13 20:54:32,904 - Drone_3 - INFO - Drone 3: Reached target position
2026-02-13 20:54:33,524 - Drone_3 - INFO - Drone 3: Flying to {'x': 1647.0254619348168, 'y': 1072.9496024644575, 'z': 60.0}
2026-02-13 20:54:33,524 - Drone_4 - INFO - Drone 4: Flying to {'x': 1711.0386996635796, 'y': 1051.535695873625, 'z': 60.0}
2026-02-13 20:54:33,666 - Drone_4 - INFO - Drone 4: Reached target position
2026-02-13 20:54:33,911 - Drone_3 - INFO - Drone 3: Reached target position
2026-02-13 20:54:34,527 - Drone_3 - INFO - Drone 3: Flying to {'x': 1644.5575166097155, 'y': 1065.348512707721, 'z': 60.0}
2026-02-13 20:54:34,527 - Drone_4 - INFO - Drone 4: Flying to {'x': 1708.533509854672, 'y': 1043.8235902149158, 'z': 60.0}
2026-02-13 20:54:34,674 - Drone_4 - INFO - Drone 4: Reached target position
2026-02-13 20:54:34,918 - Drone_3 - INFO - Drone 3: Reached target position
2026-02-13 20:54:35,530 - Drone_3 - INFO - Drone 3: Flying to {'x': 1642.1142634119956, 'y': 1057.7670269551247, 'z': 60.0}
2026-02-13 20:54:35,531 - Drone_4 - INFO - Drone 4: Flying to {'x': 1706.0363024966932, 'y': 1036.082402926694, 'z': 60.0}
2026-02-13 20:54:35,681 - Drone_4 - INFO - Drone 4: Reached target position
2026-02-13 20:54:35,924 - Drone_3 - INFO - Drone 3: Reached target position
2026-02-13 20:54:36,534 - Drone_3 - INFO - Drone 3: Flying to {'x': 1639.693247650092, 'y': 1050.2129374168999, 'z': 60.0}
2026-02-13 20:54:36,535 - Drone_4 - INFO - Drone 4: Flying to {'x': 1703.5436637401021, 'y': 1028.3183178693357, 'z': 60.0}
2026-02-13 20:54:36,688 - Drone_4 - INFO - Drone 4: Reached target position
2026-02-13 20:54:36,932 - Drone_3 - INFO - Drone 3: Reached target position
2026-02-13 20:54:37,537 - Drone_3 - INFO - Drone 3: Flying to {'x': 1637.285963064154, 'y': 1042.6758451827923, 'z': 60.0}
2026-02-13 20:54:37,538 - Drone_4 - INFO - Drone 4: Flying to {'x': 1701.0458292686956, 'y': 1020.5189171109918, 'z': 60.0}
2026-02-13 20:54:37,694 - Drone_4 - INFO - Drone 4: Reached target position
2026-02-13 20:54:37,938 - Drone_3 - INFO - Drone 3: Reached target position
2026-02-13 20:54:38,541 - Drone_3 - INFO - Drone 3: Flying to {'x': 1634.8895095369633, 'y': 1035.1635485835645, 'z': 60.0}
2026-02-13 20:54:38,541 - Drone_4 - INFO - Drone 4: Flying to {'x': 1698.5386812422064, 'y': 1012.6906106083798, 'z': 60.0}
2026-02-13 20:54:38,700 - Drone_4 - INFO - Drone 4: Reached target position
2026-02-13 20:54:38,942 - Drone_3 - INFO - Drone 3: Reached target position
2026-02-13 20:54:39,544 - Drone_3 - INFO - Drone 3: Flying to {'x': 1632.4994505291954, 'y': 1027.6798078971979, 'z': 60.0}
2026-02-13 20:54:39,545 - Drone_4 - INFO - Drone 4: Flying to {'x': 1696.0164289535912, 'y': 1004.8359148000293, 'z': 60.0}
2026-02-13 20:54:39,707 - Drone_4 - INFO - Drone 4: Reached target position
2026-02-13 20:54:39,949 - Drone_3 - INFO - Drone 3: Reached target position
2026-02-13 20:54:40,185 - PhysicalMLTrainer_Drone5 - INFO - Physical ML model trained drone=5 samples=4501 degree=2 alpha=0.0 val_mse=0.000000
2026-02-13 20:54:40,206 - PhysicalMLTrainer_Drone2 - INFO - Physical ML model trained drone=2 samples=4501 degree=2 alpha=0.0 val_mse=0.001047
2026-02-13 20:54:40,265 - PhysicalMLTrainer_Drone3 - INFO - Physical ML model trained drone=3 samples=4501 degree=2 alpha=0.0 val_mse=0.000624
2026-02-13 20:54:40,332 - PhysicalMLTrainer_Drone4 - INFO - Physical ML model trained drone=4 samples=4501 degree=2 alpha=0.01 val_mse=0.001479
2026-02-13 20:54:40,546 - Drone_3 - INFO - Drone 3: Flying to {'x': 1630.0788419599176, 'y': 1020.1280979318333, 'z': 60.0}
2026-02-13 20:54:40,547 - Drone_4 - INFO - Drone 4: Flying to {'x': 1693.438422542646, 'y': 996.8512092140352, 'z': 60.0}
2026-02-13 20:54:40,734 - Drone_4 - INFO - Drone 4: Reached target position
2026-02-13 20:54:40,972 - Drone_3 - INFO - Drone 3: Reached target position
2026-02-13 20:54:41,548 - Drone_3 - INFO - Drone 3: Flying to {'x': 1627.688450791389, 'y': 1012.7168691816313, 'z': 60.0}
2026-02-13 20:54:41,548 - Drone_4 - INFO - Drone 4: Flying to {'x': 1690.8681595253695, 'y': 988.9560946932153, 'z': 60.0}
2026-02-13 20:54:41,740 - Drone_4 - INFO - Drone 4: Reached target position
2026-02-13 20:54:41,979 - Drone_3 - INFO - Drone 3: Reached target position
2026-02-13 20:54:42,551 - Drone_3 - INFO - Drone 3: Flying to {'x': 1625.2860751442638, 'y': 1005.3342410381009, 'z': 60.0}
2026-02-13 20:54:42,551 - Drone_4 - INFO - Drone 4: Flying to {'x': 1688.2595003155018, 'y': 981.032024632956, 'z': 60.0}
2026-02-13 20:54:42,746 - Drone_4 - INFO - Drone 4: Reached target position
2026-02-13 20:54:42,985 - Drone_3 - INFO - Drone 3: Reached target position
2026-02-13 20:54:43,553 - Drone_3 - INFO - Drone 3: Flying to {'x': 1622.8685590779119, 'y': 997.9907676169049, 'z': 60.0}
2026-02-13 20:54:43,554 - Drone_4 - INFO - Drone 4: Flying to {'x': 1685.6077482227547, 'y': 973.0900819747852, 'z': 60.0}
2026-02-13 20:54:43,751 - Drone_4 - INFO - Drone 4: Reached target position
2026-02-13 20:54:43,991 - Drone_3 - INFO - Drone 3: Reached target position
2026-02-13 20:54:44,556 - Drone_3 - INFO - Drone 3: Flying to {'x': 1620.4299361470812, 'y': 990.6889378132307, 'z': 60.0}
2026-02-13 20:54:44,557 - Drone_4 - INFO - Drone 4: Flying to {'x': 1682.9051834996712, 'y': 965.1332443530112, 'z': 60.0}
2026-02-13 20:54:44,756 - Drone_4 - INFO - Drone 4: Reached target position
2026-02-13 20:54:44,896 - Drone_3 - INFO - Drone 3: Reached target position
2026-02-13 20:54:45,559 - Drone_3 - INFO - Drone 3: Flying to {'x': 1617.9624868529613, 'y': 983.4267418076886, 'z': 60.0}
2026-02-13 20:54:45,559 - Drone_4 - INFO - Drone 4: Flying to {'x': 1680.1421477938652, 'y': 957.1600373079946, 'z': 60.0}
2026-02-13 20:54:45,762 - Drone_4 - INFO - Drone 4: Reached target position
2026-02-13 20:54:45,902 - Drone_3 - INFO - Drone 3: Reached target position
2026-02-13 20:54:46,560 - Drone_3 - INFO - Drone 3: Flying to {'x': 1615.458126796942, 'y': 976.2020661134269, 'z': 60.0}
2026-02-13 20:54:46,561 - Drone_4 - INFO - Drone 4: Flying to {'x': 1677.3085786538368, 'y': 949.1692785195079, 'z': 60.0}
2026-02-13 20:54:46,768 - Drone_4 - INFO - Drone 4: Reached target position
2026-02-13 20:54:46,908 - Drone_3 - INFO - Drone 3: Reached target position
2026-02-13 20:54:47,561 - Drone_3 - INFO - Drone 3: Flying to {'x': 1612.9121126490093, 'y': 969.0231022338767, 'z': 60.0}
2026-02-13 20:54:47,562 - Drone_4 - INFO - Drone 4: Flying to {'x': 1674.3983114220262, 'y': 941.1717582726774, 'z': 60.0}
2026-02-13 20:54:47,774 - Drone_4 - INFO - Drone 4: Reached target position
2026-02-13 20:54:47,914 - Drone_3 - INFO - Drone 3: Reached target position
2026-02-13 20:54:48,563 - Drone_3 - INFO - Drone 3: Flying to {'x': 1610.3179876527877, 'y': 961.8934050760206, 'z': 60.0}
2026-02-13 20:54:48,563 - Drone_4 - INFO - Drone 4: Flying to {'x': 1671.403483511612, 'y': 933.173861282959, 'z': 60.0}
2026-02-13 20:54:48,781 - Drone_4 - INFO - Drone 4: Reached target position
2026-02-13 20:54:48,920 - Drone_3 - INFO - Drone 3: Reached target position
2026-02-13 20:54:49,566 - Drone_3 - INFO - Drone 3: Flying to {'x': 1607.6628304182059, 'y': 954.7998436141028, 'z': 60.0}
2026-02-13 20:54:49,566 - Drone_4 - INFO - Drone 4: Flying to {'x': 1668.308953144288, 'y': 925.1637541572767, 'z': 60.0}
2026-02-13 20:54:49,787 - Drone_4 - INFO - Drone 4: Reached target position
2026-02-13 20:54:49,927 - Drone_3 - INFO - Drone 3: Reached target position
2026-02-13 20:54:50,569 - Drone_3 - INFO - Drone 3: Flying to {'x': 1604.9401780452108, 'y': 947.7479733072298, 'z': 60.0}
2026-02-13 20:54:50,569 - Drone_4 - INFO - Drone 4: Flying to {'x': 1665.1073031100923, 'y': 917.151126060709, 'z': 60.0}
2026-02-13 20:54:50,794 - Drone_4 - INFO - Drone 4: Reached target position
2026-02-13 20:54:50,933 - Drone_3 - INFO - Drone 3: Reached target position
2026-02-13 20:54:51,571 - Drone_3 - INFO - Drone 3: Flying to {'x': 1602.1504923051532, 'y': 940.7604117483684, 'z': 60.0}
2026-02-13 20:54:51,572 - Drone_4 - INFO - Drone 4: Flying to {'x': 1661.7998164907938, 'y': 909.165979894063, 'z': 60.0}
2026-02-13 20:54:51,799 - Drone_4 - INFO - Drone 4: Reached target position
2026-02-13 20:54:51,940 - Drone_3 - INFO - Drone 3: Reached target position
2026-02-13 20:54:52,576 - Drone_3 - INFO - Drone 3: Flying to {'x': 1599.571529969471, 'y': 934.516313189375, 'z': 60.0}
2026-02-13 20:54:52,576 - Drone_4 - INFO - Drone 4: Flying to {'x': 1658.7207202997454, 'y': 901.9951926171531, 'z': 60.0}
2026-02-13 20:54:52,705 - Drone_4 - INFO - Drone 4: Reached target position
2026-02-13 20:54:52,947 - Drone_3 - INFO - Drone 3: Reached target position
2026-02-13 20:54:53,579 - Drone_3 - INFO - Drone 3: Flying to {'x': 1596.6253643784535, 'y': 927.6352092004382, 'z': 60.0}
2026-02-13 20:54:53,580 - Drone_4 - INFO - Drone 4: Flying to {'x': 1655.181709462614, 'y': 894.0583652393881, 'z': 60.0}
2026-02-13 20:54:53,712 - Drone_4 - INFO - Drone 4: Reached target position
2026-02-13 20:54:53,954 - Drone_3 - INFO - Drone 3: Reached target position
2026-02-13 20:54:54,583 - Drone_3 - INFO - Drone 3: Flying to {'x': 1593.5902008344085, 'y': 920.8225914708696, 'z': 60.0}
2026-02-13 20:54:54,583 - Drone_4 - INFO - Drone 4: Flying to {'x': 1651.5162173170177, 'y': 886.16964622149, 'z': 60.0}
2026-02-13 20:54:54,719 - Drone_4 - INFO - Drone 4: Reached target position
2026-02-13 20:54:54,961 - Drone_3 - INFO - Drone 3: Reached target position
2026-02-13 20:54:55,585 - Drone_3 - INFO - Drone 3: Flying to {'x': 1590.4510379683065, 'y': 914.063413736973, 'z': 60.0}
2026-02-13 20:54:55,586 - Drone_4 - INFO - Drone 4: Flying to {'x': 1647.7092456248838, 'y': 878.3178174213945, 'z': 60.0}
2026-02-13 20:54:55,725 - Drone_4 - INFO - Drone 4: Reached target position
2026-02-13 20:54:55,967 - Drone_3 - INFO - Drone 3: Reached target position
2026-02-13 20:54:56,589 - Drone_3 - INFO - Drone 3: Flying to {'x': 1587.2054989770713, 'y': 907.370334406189, 'z': 60.0}
2026-02-13 20:54:56,589 - Drone_4 - INFO - Drone 4: Flying to {'x': 1643.7616503886215, 'y': 870.5240084358317, 'z': 60.0}
2026-02-13 20:54:56,732 - Drone_4 - INFO - Drone 4: Reached target position
2026-02-13 20:54:56,974 - Drone_3 - INFO - Drone 3: Reached target position
2026-02-13 20:54:57,593 - Drone_3 - INFO - Drone 3: Flying to {'x': 1583.8462519337904, 'y': 900.7441342110496, 'z': 60.0}
2026-02-13 20:54:57,594 - Drone_4 - INFO - Drone 4: Flying to {'x': 1639.6689070103985, 'y': 862.795732661076, 'z': 60.0}
2026-02-13 20:54:57,737 - Drone_4 - INFO - Drone 4: Reached target position
2026-02-13 20:54:57,980 - Drone_3 - INFO - Drone 3: Reached target position
2026-02-13 20:54:58,595 - Drone_3 - INFO - Drone 3: Flying to {'x': 1580.364426166806, 'y': 894.1821501705534, 'z': 60.0}
2026-02-13 20:54:58,596 - Drone_4 - INFO - Drone 4: Flying to {'x': 1635.425165877186, 'y': 855.1364725282614, 'z': 60.0}
2026-02-13 20:54:58,744 - Drone_4 - INFO - Drone 4: Reached target position
2026-02-13 20:54:58,986 - Drone_3 - INFO - Drone 3: Reached target position
2026-02-13 20:54:59,598 - Drone_3 - INFO - Drone 3: Flying to {'x': 1576.7581320510096, 'y': 887.6938224925066, 'z': 60.0}
2026-02-13 20:54:59,599 - Drone_4 - INFO - Drone 4: Flying to {'x': 1631.03357530669, 'y': 847.5637058791774, 'z': 60.0}
2026-02-13 20:54:59,752 - Drone_4 - INFO - Drone 4: Reached target position
2026-02-13 20:54:59,995 - Drone_3 - INFO - Drone 3: Reached target position
2026-02-13 20:55:00,308 - PhysicalMLTrainer_Drone5 - INFO - Physical ML model trained drone=5 samples=4701 degree=2 alpha=0.0 val_mse=0.000000
2026-02-13 20:55:00,331 - PhysicalMLTrainer_Drone2 - INFO - Physical ML model trained drone=2 samples=4701 degree=2 alpha=0.0 val_mse=0.000806
2026-02-13 20:55:00,414 - PhysicalMLTrainer_Drone3 - INFO - Physical ML model trained drone=3 samples=4701 degree=2 alpha=0.0 val_mse=0.000410
2026-02-13 20:55:00,473 - PhysicalMLTrainer_Drone4 - INFO - Physical ML model trained drone=4 samples=4701 degree=2 alpha=0.0 val_mse=0.000389
2026-02-13 20:55:00,602 - Drone_3 - INFO - Drone 3: Flying to {'x': 1572.965297224226, 'y': 881.1855821027768, 'z': 60.0}
2026-02-13 20:55:00,602 - Drone_4 - INFO - Drone 4: Flying to {'x': 1626.4246721715035, 'y': 839.9745977630844, 'z': 60.0}
2026-02-13 20:55:00,776 - Drone_4 - INFO - Drone 4: Reached target position
2026-02-13 20:55:00,917 - Drone_3 - INFO - Drone 3: Reached target position
2026-02-13 20:55:01,604 - Drone_3 - INFO - Drone 3: Flying to {'x': 1569.086148292018, 'y': 874.8388563463669, 'z': 60.0}
2026-02-13 20:55:01,605 - Drone_4 - INFO - Drone 4: Flying to {'x': 1621.7264143991035, 'y': 832.5866092561206, 'z': 60.0}
2026-02-13 20:55:01,882 - Drone_4 - INFO - Drone 4: Reached target position
2026-02-13 20:55:01,924 - Drone_3 - INFO - Drone 3: Reached target position
2026-02-13 20:55:02,606 - Drone_3 - INFO - Drone 3: Flying to {'x': 1565.0704611646327, 'y': 868.5729785258865, 'z': 60.0}
2026-02-13 20:55:02,606 - Drone_4 - INFO - Drone 4: Flying to {'x': 1616.8840247151436, 'y': 825.3109324323744, 'z': 60.0}
2026-02-13 20:55:02,888 - Drone_4 - INFO - Drone 4: Reached target position
2026-02-13 20:55:02,931 - Drone_3 - INFO - Drone 3: Reached target position
2026-02-13 20:55:03,609 - Drone_3 - INFO - Drone 3: Flying to {'x': 1560.9173286954112, 'y': 862.3914335458289, 'z': 60.0}
2026-02-13 20:55:03,609 - Drone_4 - INFO - Drone 4: Flying to {'x': 1611.902682045334, 'y': 818.1563372558519, 'z': 60.0}
2026-02-13 20:55:03,893 - Drone_4 - INFO - Drone 4: Reached target position
2026-02-13 20:55:03,935 - Drone_3 - INFO - Drone 3: Reached target position
2026-02-13 20:55:04,611 - Drone_3 - INFO - Drone 3: Flying to {'x': 1556.6204539990758, 'y': 856.288297376791, 'z': 60.0}
2026-02-13 20:55:04,611 - Drone_4 - INFO - Drone 4: Flying to {'x': 1606.7810302940788, 'y': 811.1200941166085, 'z': 60.0}
2026-02-13 20:55:04,900 - Drone_4 - INFO - Drone 4: Reached target position
2026-02-13 20:55:04,941 - Drone_3 - INFO - Drone 3: Reached target position
2026-02-13 20:55:05,612 - Drone_3 - INFO - Drone 3: Flying to {'x': 1552.1728775907673, 'y': 850.2564303751581, 'z': 60.0}
2026-02-13 20:55:05,612 - Drone_4 - INFO - Drone 4: Flying to {'x': 1601.5168883234223, 'y': 804.1975701546141, 'z': 60.0}
2026-02-13 20:55:05,847 - Drone_3 - INFO - Drone 3: Reached target position
2026-02-13 20:55:05,905 - Drone_4 - INFO - Drone 4: Reached target position
2026-02-13 20:55:06,613 - Drone_3 - INFO - Drone 3: Flying to {'x': 1547.5803344137344, 'y': 844.3046065672943, 'z': 60.0}
2026-02-13 20:55:06,614 - Drone_4 - INFO - Drone 4: Flying to {'x': 1596.1228647115981, 'y': 797.4018054539174, 'z': 60.0}
2026-02-13 20:55:06,852 - Drone_3 - INFO - Drone 3: Reached target position
2026-02-13 20:55:06,911 - Drone_4 - INFO - Drone 4: Reached target position
2026-02-13 20:55:07,615 - Drone_3 - INFO - Drone 3: Flying to {'x': 1542.8604613408008, 'y': 838.4531125940636, 'z': 60.0}
2026-02-13 20:55:07,616 - Drone_4 - INFO - Drone 4: Flying to {'x': 1590.6247871911985, 'y': 790.7580481108592, 'z': 60.0}
2026-02-13 20:55:07,859 - Drone_3 - INFO - Drone 3: Reached target position
2026-02-13 20:55:07,917 - Drone_4 - INFO - Drone 4: Reached target position
2026-02-13 20:55:08,619 - Drone_3 - INFO - Drone 3: Flying to {'x': 1538.0007850485442, 'y': 832.6824638471431, 'z': 60.0}
2026-02-13 20:55:08,620 - Drone_4 - INFO - Drone 4: Flying to {'x': 1585.0127383549086, 'y': 784.2456364704434, 'z': 60.0}
2026-02-13 20:55:08,868 - Drone_3 - INFO - Drone 3: Reached target position
2026-02-13 20:55:08,924 - Drone_4 - INFO - Drone 4: Reached target position
2026-02-13 20:55:09,623 - Drone_3 - INFO - Drone 3: Flying to {'x': 1533.00268839004, 'y': 826.9902402038994, 'z': 60.0}
2026-02-13 20:55:09,624 - Drone_4 - INFO - Drone 4: Flying to {'x': 1579.2926423601052, 'y': 777.8629548987936, 'z': 60.0}
2026-02-13 20:55:09,874 - Drone_3 - INFO - Drone 3: Reached target position
2026-02-13 20:55:09,929 - Drone_4 - INFO - Drone 4: Reached target position
2026-02-13 20:55:10,625 - Drone_3 - INFO - Drone 3: Flying to {'x': 1527.8771526349751, 'y': 821.3832504009032, 'z': 60.0}
2026-02-13 20:55:10,626 - Drone_4 - INFO - Drone 4: Flying to {'x': 1573.480760292679, 'y': 771.6181926936905, 'z': 60.0}
2026-02-13 20:55:10,879 - Drone_3 - INFO - Drone 3: Reached target position
2026-02-13 20:55:10,935 - Drone_4 - INFO - Drone 4: Reached target position
2026-02-13 20:55:11,628 - Drone_3 - INFO - Drone 3: Flying to {'x': 1522.6259899747624, 'y': 815.8564496531177, 'z': 60.0}
2026-02-13 20:55:11,629 - Drone_4 - INFO - Drone 4: Flying to {'x': 1567.5822147328663, 'y': 765.5058006453952, 'z': 60.0}
2026-02-13 20:55:11,885 - Drone_3 - INFO - Drone 3: Reached target position
2026-02-13 20:55:11,942 - Drone_4 - INFO - Drone 4: Reached target position
2026-02-13 20:55:12,631 - Drone_3 - INFO - Drone 3: Flying to {'x': 1517.2498655229113, 'y': 810.4030460982168, 'z': 60.0}
2026-02-13 20:55:12,631 - Drone_4 - INFO - Drone 4: Flying to {'x': 1561.6003832473127, 'y': 759.5180622859215, 'z': 60.0}
2026-02-13 20:55:12,891 - Drone_3 - INFO - Drone 3: Reached target position
2026-02-13 20:55:12,948 - Drone_4 - INFO - Drone 4: Reached target position
2026-02-13 20:55:13,632 - Drone_3 - INFO - Drone 3: Flying to {'x': 1511.7447897250981, 'y': 805.0114307180356, 'z': 60.0}
2026-02-13 20:55:13,632 - Drone_4 - INFO - Drone 4: Flying to {'x': 1555.5331474603008, 'y': 753.6418898708184, 'z': 60.0}
2026-02-13 20:55:13,898 - Drone_3 - INFO - Drone 3: Reached target position
2026-02-13 20:55:13,954 - Drone_4 - INFO - Drone 4: Reached target position
2026-02-13 20:55:14,634 - Drone_3 - INFO - Drone 3: Flying to {'x': 1506.144463750047, 'y': 799.7053842860093, 'z': 60.0}
2026-02-13 20:55:14,634 - Drone_4 - INFO - Drone 4: Flying to {'x': 1549.419177447812, 'y': 747.9024002563567, 'z': 60.0}
2026-02-13 20:55:14,903 - Drone_3 - INFO - Drone 3: Reached target position
2026-02-13 20:55:14,959 - Drone_4 - INFO - Drone 4: Reached target position
2026-02-13 20:55:15,637 - Drone_3 - INFO - Drone 3: Flying to {'x': 1500.421727814572, 'y': 794.4497074751368, 'z': 60.0}
2026-02-13 20:55:15,638 - Drone_4 - INFO - Drone 4: Flying to {'x': 1543.2299785515106, 'y': 742.2605930081968, 'z': 60.0}
2026-02-13 20:55:15,910 - Drone_3 - INFO - Drone 3: Reached target position
2026-02-13 20:55:15,965 - Drone_4 - INFO - Drone 4: Reached target position
2026-02-13 20:55:16,640 - Drone_3 - INFO - Drone 3: Flying to {'x': 1494.602050644912, 'y': 789.258465757033, 'z': 60.0}
2026-02-13 20:55:16,641 - Drone_4 - INFO - Drone 4: Flying to {'x': 1536.994043587593, 'y': 736.7306737384483, 'z': 60.0}
2026-02-13 20:55:16,916 - Drone_3 - INFO - Drone 3: Reached target position
2026-02-13 20:55:16,973 - Drone_4 - INFO - Drone 4: Reached target position
2026-02-13 20:55:17,643 - Drone_3 - INFO - Drone 3: Flying to {'x': 1488.6974507889386, 'y': 784.1317644131293, 'z': 60.0}
2026-02-13 20:55:17,644 - Drone_4 - INFO - Drone 4: Flying to {'x': 1530.7244572321674, 'y': 731.311496244359, 'z': 60.0}
2026-02-13 20:55:17,923 - Drone_3 - INFO - Drone 3: Reached target position
2026-02-13 20:55:17,981 - Drone_4 - INFO - Drone 4: Reached target position
2026-02-13 20:55:18,646 - Drone_3 - INFO - Drone 3: Flying to {'x': 1482.7143230242345, 'y': 779.0642377694226, 'z': 60.0}
2026-02-13 20:55:18,647 - Drone_4 - INFO - Drone 4: Flying to {'x': 1524.4278232022516, 'y': 725.996037282704, 'z': 60.0}
2026-02-13 20:55:18,929 - Drone_3 - INFO - Drone 3: Reached target position
2026-02-13 20:55:18,987 - Drone_4 - INFO - Drone 4: Reached target position
2026-02-13 20:55:19,648 - Drone_3 - INFO - Drone 3: Flying to {'x': 1476.6473462395488, 'y': 774.0407836582128, 'z': 60.0}
2026-02-13 20:55:19,648 - Drone_4 - INFO - Drone 4: Flying to {'x': 1518.098253880144, 'y': 720.7672230885375, 'z': 60.0}
2026-02-13 20:55:19,936 - Drone_3 - INFO - Drone 3: Reached target position
2026-02-13 20:55:19,993 - Drone_4 - INFO - Drone 4: Reached target position
2026-02-13 20:55:20,437 - PhysicalMLTrainer_Drone5 - INFO - Physical ML model trained drone=5 samples=4901 degree=2 alpha=0.0 val_mse=0.000000
2026-02-13 20:55:20,460 - PhysicalMLTrainer_Drone2 - INFO - Physical ML model trained drone=2 samples=4901 degree=2 alpha=0.0 val_mse=0.001187
2026-02-13 20:55:20,558 - PhysicalMLTrainer_Drone3 - INFO - Physical ML model trained drone=3 samples=4901 degree=2 alpha=0.0 val_mse=0.000385
2026-02-13 20:55:20,615 - PhysicalMLTrainer_Drone4 - INFO - Physical ML model trained drone=4 samples=4901 degree=2 alpha=0.0 val_mse=0.000211
2026-02-13 20:55:20,650 - Drone_3 - INFO - Drone 3: Flying to {'x': 1471.0334762782468, 'y': 769.4830622918922, 'z': 60.0}
2026-02-13 20:55:20,650 - Drone_4 - INFO - Drone 4: Flying to {'x': 1512.2888225792594, 'y': 716.0579146404019, 'z': 60.0}
2026-02-13 20:55:20,860 - Drone_3 - INFO - Drone 3: Reached target position
2026-02-13 20:55:20,921 - Drone_4 - INFO - Drone 4: Reached target position
2026-02-13 20:55:21,651 - Drone_3 - INFO - Drone 3: Flying to {'x': 1464.8273825699316, 'y': 764.5326222849045, 'z': 60.0}
2026-02-13 20:55:21,651 - Drone_4 - INFO - Drone 4: Flying to {'x': 1505.917220865325, 'y': 710.9800762309732, 'z': 60.0}
2026-02-13 20:55:21,867 - Drone_3 - INFO - Drone 3: Reached target position
2026-02-13 20:55:22,028 - Drone_4 - INFO - Drone 4: Reached target position
2026-02-13 20:55:22,653 - Drone_3 - INFO - Drone 3: Flying to {'x': 1458.5582467878103, 'y': 759.6128541336232, 'z': 60.0}
2026-02-13 20:55:22,654 - Drone_4 - INFO - Drone 4: Flying to {'x': 1499.532541604584, 'y': 705.9718514932165, 'z': 60.0}
2026-02-13 20:55:22,873 - Drone_3 - INFO - Drone 3: Reached target position
2026-02-13 20:55:23,034 - Drone_4 - INFO - Drone 4: Reached target position
2026-02-13 20:55:23,657 - Drone_3 - INFO - Drone 3: Flying to {'x': 1452.2227105203008, 'y': 754.7109279204744, 'z': 60.0}
2026-02-13 20:55:23,657 - Drone_4 - INFO - Drone 4: Flying to {'x': 1493.1305876053532, 'y': 701.0192563838734, 'z': 60.0}
2026-02-13 20:55:23,883 - Drone_3 - INFO - Drone 3: Reached target position
2026-02-13 20:55:24,040 - Drone_4 - INFO - Drone 4: Reached target position
2026-02-13 20:55:24,659 - Drone_3 - INFO - Drone 3: Flying to {'x': 1445.841080529301, 'y': 749.8323705772842, 'z': 60.0}
2026-02-13 20:55:24,659 - Drone_4 - INFO - Drone 4: Flying to {'x': 1486.7309448204583, 'y': 696.1269798027005, 'z': 60.0}
2026-02-13 20:55:24,888 - Drone_3 - INFO - Drone 3: Reached target position
2026-02-13 20:55:25,047 - Drone_4 - INFO - Drone 4: Reached target position
2026-02-13 20:55:25,660 - Drone_3 - INFO - Drone 3: Flying to {'x': 1439.4153342552108, 'y': 744.9685023530712, 'z': 60.0}
2026-02-13 20:55:25,661 - Drone_4 - INFO - Drone 4: Flying to {'x': 1480.3344728275674, 'y': 691.285412850917, 'z': 60.0}
2026-02-13 20:55:25,894 - Drone_3 - INFO - Drone 3: Reached target position
2026-02-13 20:55:26,053 - Drone_4 - INFO - Drone 4: Reached target position
2026-02-13 20:55:26,662 - Drone_3 - INFO - Drone 3: Flying to {'x': 1432.93857899055, 'y': 740.1042450729261, 'z': 60.0}
2026-02-13 20:55:26,662 - Drone_4 - INFO - Drone 4: Flying to {'x': 1473.9333206275696, 'y': 686.4788671431251, 'z': 60.0}
2026-02-13 20:55:26,899 - Drone_3 - INFO - Drone 3: Reached target position
2026-02-13 20:55:27,060 - Drone_4 - INFO - Drone 4: Reached target position
2026-02-13 20:55:27,664 - Drone_3 - INFO - Drone 3: Flying to {'x': 1426.4321509461417, 'y': 735.2458849369453, 'z': 60.0}
2026-02-13 20:55:27,665 - Drone_4 - INFO - Drone 4: Flying to {'x': 1467.5475211824958, 'y': 681.7129387231649, 'z': 60.0}
2026-02-13 20:55:27,905 - Drone_3 - INFO - Drone 3: Reached target position
2026-02-13 20:55:27,967 - Drone_4 - INFO - Drone 4: Reached target position
2026-02-13 20:55:28,668 - Drone_3 - INFO - Drone 3: Flying to {'x': 1419.8792420831087, 'y': 730.3712839678203, 'z': 60.0}
2026-02-13 20:55:28,669 - Drone_4 - INFO - Drone 4: Flying to {'x': 1461.1595689713126, 'y': 676.9654358610535, 'z': 60.0}
2026-02-13 20:55:28,913 - Drone_3 - INFO - Drone 3: Reached target position
2026-02-13 20:55:28,973 - Drone_4 - INFO - Drone 4: Reached target position
2026-02-13 20:55:29,671 - Drone_3 - INFO - Drone 3: Flying to {'x': 1413.3104797269923, 'y': 725.4937937028741, 'z': 60.0}
2026-02-13 20:55:29,671 - Drone_4 - INFO - Drone 4: Flying to {'x': 1454.7982797830998, 'y': 672.2489587749259, 'z': 60.0}
2026-02-13 20:55:29,919 - Drone_3 - INFO - Drone 3: Reached target position
2026-02-13 20:55:29,979 - Drone_4 - INFO - Drone 4: Reached target position
2026-02-13 20:55:30,674 - Drone_3 - INFO - Drone 3: Flying to {'x': 1406.7228042937268, 'y': 720.6018279389237, 'z': 60.0}
2026-02-13 20:55:30,674 - Drone_4 - INFO - Drone 4: Flying to {'x': 1448.4594949559564, 'y': 667.5518642012795, 'z': 60.0}
2026-02-13 20:55:30,927 - Drone_3 - INFO - Drone 3: Reached target position
2026-02-13 20:55:30,985 - Drone_4 - INFO - Drone 4: Reached target position
2026-02-13 20:55:31,677 - Drone_3 - INFO - Drone 3: Flying to {'x': 1400.1192645721674, 'y': 715.6885272829871, 'z': 60.0}
2026-02-13 20:55:31,678 - Drone_4 - INFO - Drone 4: Flying to {'x': 1442.1450709240773, 'y': 662.8673042710976, 'z': 60.0}
2026-02-13 20:55:31,934 - Drone_3 - INFO - Drone 3: Reached target position
2026-02-13 20:55:31,992 - Drone_4 - INFO - Drone 4: Reached target position
2026-02-13 20:55:32,681 - Drone_3 - INFO - Drone 3: Flying to {'x': 1393.498365458832, 'y': 710.7437740943087, 'z': 60.0}
2026-02-13 20:55:32,682 - Drone_4 - INFO - Drone 4: Flying to {'x': 1435.8525999481224, 'y': 658.1855319164522, 'z': 60.0}
2026-02-13 20:55:32,940 - Drone_3 - INFO - Drone 3: Reached target position
2026-02-13 20:55:33,000 - Drone_4 - INFO - Drone 4: Reached target position
2026-02-13 20:55:33,683 - Drone_3 - INFO - Drone 3: Flying to {'x': 1386.8583008679084, 'y': 705.7572460727846, 'z': 60.0}
2026-02-13 20:55:33,683 - Drone_4 - INFO - Drone 4: Flying to {'x': 1429.579524478478, 'y': 653.4968686036569, 'z': 60.0}
2026-02-13 20:55:33,946 - Drone_3 - INFO - Drone 3: Reached target position
2026-02-13 20:55:34,005 - Drone_4 - INFO - Drone 4: Reached target position
2026-02-13 20:55:34,685 - Drone_3 - INFO - Drone 3: Flying to {'x': 1380.2310305417116, 'y': 700.744223356377, 'z': 60.0}
2026-02-13 20:55:34,685 - Drone_4 - INFO - Drone 4: Flying to {'x': 1423.3550526115157, 'y': 648.8157271281686, 'z': 60.0}
2026-02-13 20:55:34,952 - Drone_3 - INFO - Drone 3: Reached target position
2026-02-13 20:55:35,012 - Drone_4 - INFO - Drone 4: Reached target position
2026-02-13 20:55:35,687 - Drone_3 - INFO - Drone 3: Flying to {'x': 1373.599059752442, 'y': 695.6828679377378, 'z': 60.0}
2026-02-13 20:55:35,688 - Drone_4 - INFO - Drone 4: Flying to {'x': 1417.1617572799596, 'y': 644.1218227182507, 'z': 60.0}
2026-02-13 20:55:35,959 - Drone_3 - INFO - Drone 3: Reached target position
2026-02-13 20:55:36,017 - Drone_4 - INFO - Drone 4: Reached target position
2026-02-13 20:55:36,690 - Drone_3 - INFO - Drone 3: Flying to {'x': 1366.9568284363884, 'y': 690.5600678832559, 'z': 60.0}
2026-02-13 20:55:36,691 - Drone_4 - INFO - Drone 4: Flying to {'x': 1410.9937415129805, 'y': 639.4034428315124, 'z': 60.0}
2026-02-13 20:55:36,965 - Drone_3 - INFO - Drone 3: Reached target position
2026-02-13 20:55:37,024 - Drone_4 - INFO - Drone 4: Reached target position
2026-02-13 20:55:37,692 - Drone_3 - INFO - Drone 3: Flying to {'x': 1360.3321655038565, 'y': 685.3886134578315, 'z': 60.0}
2026-02-13 20:55:37,692 - Drone_4 - INFO - Drone 4: Flying to {'x': 1404.8760668756347, 'y': 634.6728284340215, 'z': 60.0}
2026-02-13 20:55:37,971 - Drone_3 - INFO - Drone 3: Reached target position
2026-02-13 20:55:38,031 - Drone_4 - INFO - Drone 4: Reached target position
2026-02-13 20:55:38,694 - Drone_3 - INFO - Drone 3: Flying to {'x': 1353.7284005228976, 'y': 680.1627564234851, 'z': 60.0}
2026-02-13 20:55:38,694 - Drone_4 - INFO - Drone 4: Flying to {'x': 1398.8108847800709, 'y': 629.9251249785044, 'z': 60.0}
2026-02-13 20:55:38,978 - Drone_3 - INFO - Drone 3: Reached target position
2026-02-13 20:55:39,036 - Drone_4 - INFO - Drone 4: Reached target position
2026-02-13 20:55:39,696 - Drone_3 - INFO - Drone 3: Flying to {'x': 1347.1445082132625, 'y': 674.8732703278823, 'z': 60.0}
2026-02-13 20:55:39,697 - Drone_4 - INFO - Drone 4: Flying to {'x': 1392.7964081431276, 'y': 625.1525097464754, 'z': 60.0}
2026-02-13 20:55:39,984 - Drone_3 - INFO - Drone 3: Reached target position
2026-02-13 20:55:40,042 - Drone_4 - INFO - Drone 4: Reached target position
2026-02-13 20:55:40,568 - PhysicalMLTrainer_Drone5 - INFO - Physical ML model trained drone=5 samples=5101 degree=2 alpha=0.0 val_mse=0.000000
2026-02-13 20:55:40,595 - PhysicalMLTrainer_Drone2 - INFO - Physical ML model trained drone=2 samples=5101 degree=2 alpha=0.0 val_mse=0.001929
2026-02-13 20:55:40,700 - Drone_3 - INFO - Drone 3: Flying to {'x': 1340.4752252094277, 'y': 669.4246585553886, 'z': 60.0}
2026-02-13 20:55:40,701 - Drone_4 - INFO - Drone 4: Flying to {'x': 1386.7364901949281, 'y': 620.2703569944744, 'z': 60.0}
2026-02-13 20:55:40,710 - PhysicalMLTrainer_Drone3 - INFO - Physical ML model trained drone=3 samples=5101 degree=2 alpha=0.0 val_mse=0.000486
2026-02-13 20:55:40,760 - PhysicalMLTrainer_Drone4 - INFO - Physical ML model trained drone=4 samples=5101 degree=2 alpha=0.1 val_mse=0.000406
2026-02-13 20:55:41,013 - Drone_3 - INFO - Drone 3: Reached target position
2026-02-13 20:55:41,063 - Drone_4 - INFO - Drone 4: Reached target position
2026-02-13 20:55:41,703 - Drone_3 - INFO - Drone 3: Flying to {'x': 1334.5957057928042, 'y': 664.5378695134901, 'z': 60.0}
2026-02-13 20:55:41,704 - Drone_4 - INFO - Drone 4: Flying to {'x': 1381.421040763698, 'y': 615.9206091539885, 'z': 60.0}
2026-02-13 20:55:41,920 - Drone_3 - INFO - Drone 3: Reached target position
2026-02-13 20:55:42,070 - Drone_4 - INFO - Drone 4: Reached target position
2026-02-13 20:55:42,705 - Drone_3 - INFO - Drone 3: Flying to {'x': 1328.0975556421117, 'y': 659.0366295123252, 'z': 60.0}
2026-02-13 20:55:42,705 - Drone_4 - INFO - Drone 4: Flying to {'x': 1375.57529867917, 'y': 611.0562802419512, 'z': 60.0}
2026-02-13 20:55:42,926 - Drone_3 - INFO - Drone 3: Reached target position
2026-02-13 20:55:43,076 - Drone_4 - INFO - Drone 4: Reached target position
2026-02-13 20:55:43,707 - Drone_3 - INFO - Drone 3: Flying to {'x': 1321.6251010159444, 'y': 653.4423275075262, 'z': 60.0}
2026-02-13 20:55:43,707 - Drone_4 - INFO - Drone 4: Flying to {'x': 1369.7826722856098, 'y': 606.144353667127, 'z': 60.0}
2026-02-13 20:55:43,931 - Drone_3 - INFO - Drone 3: Reached target position
2026-02-13 20:55:44,081 - Drone_4 - INFO - Drone 4: Reached target position
2026-02-13 20:55:44,709 - Drone_3 - INFO - Drone 3: Flying to {'x': 1315.1933945802036, 'y': 647.7587037401725, 'z': 60.0}
2026-02-13 20:55:44,709 - Drone_4 - INFO - Drone 4: Flying to {'x': 1364.0559541492478, 'y': 601.1893976216397, 'z': 60.0}
2026-02-13 20:55:44,937 - Drone_3 - INFO - Drone 3: Reached target position
2026-02-13 20:55:45,088 - Drone_4 - INFO - Drone 4: Reached target position
2026-02-13 20:55:45,711 - Drone_3 - INFO - Drone 3: Flying to {'x': 1308.811756475338, 'y': 641.9849285013729, 'z': 60.0}
2026-02-13 20:55:45,712 - Drone_4 - INFO - Drone 4: Flying to {'x': 1358.402640810787, 'y': 596.1919793625793, 'z': 60.0}
2026-02-13 20:55:45,945 - Drone_3 - INFO - Drone 3: Reached target position
2026-02-13 20:55:46,095 - Drone_4 - INFO - Drone 4: Reached target position
2026-02-13 20:55:46,714 - Drone_3 - INFO - Drone 3: Flying to {'x': 1302.4834188739292, 'y': 636.1147181052787, 'z': 60.0}
2026-02-13 20:55:46,715 - Drone_4 - INFO - Drone 4: Flying to {'x': 1352.824743721049, 'y': 591.1480525335822, 'z': 60.0}
2026-02-13 20:55:47,052 - Drone_3 - INFO - Drone 3: Reached target position
2026-02-13 20:55:47,101 - Drone_4 - INFO - Drone 4: Reached target position
2026-02-13 20:55:47,717 - Drone_3 - INFO - Drone 3: Flying to {'x': 1296.2059920593185, 'y': 630.1360324013841, 'z': 60.0}
2026-02-13 20:55:47,717 - Drone_4 - INFO - Drone 4: Flying to {'x': 1347.3193219148432, 'y': 586.0488742815832, 'z': 60.0}
2026-02-13 20:55:48,058 - Drone_3 - INFO - Drone 3: Reached target position
2026-02-13 20:55:48,107 - Drone_4 - INFO - Drone 4: Reached target position
2026-02-13 20:55:48,718 - Drone_3 - INFO - Drone 3: Flying to {'x': 1290.0008825253176, 'y': 624.0594712669384, 'z': 60.0}
2026-02-13 20:55:48,719 - Drone_4 - INFO - Drone 4: Flying to {'x': 1341.9041990336286, 'y': 580.9051466234213, 'z': 60.0}
2026-02-13 20:55:49,064 - Drone_3 - INFO - Drone 3: Reached target position
2026-02-13 20:55:49,113 - Drone_4 - INFO - Drone 4: Reached target position
2026-02-13 20:55:49,720 - Drone_3 - INFO - Drone 3: Flying to {'x': 1283.8605941555945, 'y': 617.8675977282496, 'z': 60.0}
2026-02-13 20:55:49,721 - Drone_4 - INFO - Drone 4: Flying to {'x': 1336.57178861856, 'y': 575.7038694978446, 'z': 60.0}
2026-02-13 20:55:50,070 - Drone_3 - INFO - Drone 3: Reached target position
2026-02-13 20:55:50,121 - Drone_4 - INFO - Drone 4: Reached target position
2026-02-13 20:55:50,723 - Drone_3 - INFO - Drone 3: Flying to {'x': 1277.794065252167, 'y': 611.5584891011436, 'z': 60.0}
2026-02-13 20:55:50,723 - Drone_4 - INFO - Drone 4: Flying to {'x': 1331.3287784627587, 'y': 570.445419628533, 'z': 60.0}
2026-02-13 20:55:51,026 - Drone_4 - INFO - Drone 4: Reached target position
2026-02-13 20:55:51,076 - Drone_3 - INFO - Drone 3: Reached target position
2026-02-13 20:55:51,725 - Drone_3 - INFO - Drone 3: Flying to {'x': 1271.7949311302154, 'y': 605.1135016751696, 'z': 60.0}
2026-02-13 20:55:51,726 - Drone_4 - INFO - Drone 4: Flying to {'x': 1326.168536210912, 'y': 565.1164884050709, 'z': 60.0}
2026-02-13 20:55:52,033 - Drone_4 - INFO - Drone 4: Reached target position
2026-02-13 20:55:52,081 - Drone_3 - INFO - Drone 3: Reached target position
2026-02-13 20:55:52,729 - Drone_3 - INFO - Drone 3: Flying to {'x': 1265.881473313523, 'y': 598.539562364809, 'z': 60.0}
2026-02-13 20:55:52,730 - Drone_4 - INFO - Drone 4: Flying to {'x': 1321.1055181663044, 'y': 559.7251981410068, 'z': 60.0}
2026-02-13 20:55:53,040 - Drone_4 - INFO - Drone 4: Reached target position
2026-02-13 20:55:53,088 - Drone_3 - INFO - Drone 3: Reached target position
2026-02-13 20:55:53,733 - Drone_3 - INFO - Drone 3: Flying to {'x': 1260.0759528179965, 'y': 591.8495399541353, 'z': 60.0}
2026-02-13 20:55:53,733 - Drone_4 - INFO - Drone 4: Flying to {'x': 1316.1571901766642, 'y': 554.2843324301405, 'z': 60.0}
2026-02-13 20:55:53,945 - Drone_4 - INFO - Drone 4: Reached target position
2026-02-13 20:55:54,095 - Drone_3 - INFO - Drone 3: Reached target position
2026-02-13 20:55:54,736 - Drone_3 - INFO - Drone 3: Flying to {'x': 1254.3678198127348, 'y': 585.0184363708609, 'z': 60.0}
2026-02-13 20:55:54,737 - Drone_4 - INFO - Drone 4: Flying to {'x': 1311.3127970697476, 'y': 548.7759259004436, 'z': 60.0}
2026-02-13 20:55:54,954 - Drone_4 - INFO - Drone 4: Reached target position
2026-02-13 20:55:55,101 - Drone_3 - INFO - Drone 3: Reached target position
2026-02-13 20:55:55,741 - Drone_3 - INFO - Drone 3: Flying to {'x': 1248.7750737432862, 'y': 578.053713911988, 'z': 60.0}
2026-02-13 20:55:55,742 - Drone_4 - INFO - Drone 4: Flying to {'x': 1306.5856770139703, 'y': 543.2085686334909, 'z': 60.0}
2026-02-13 20:55:55,960 - Drone_4 - INFO - Drone 4: Reached target position
2026-02-13 20:55:56,107 - Drone_3 - INFO - Drone 3: Reached target position
2026-02-13 20:55:56,744 - Drone_3 - INFO - Drone 3: Flying to {'x': 1243.2928999264525, 'y': 570.9339418439947, 'z': 60.0}
2026-02-13 20:55:56,744 - Drone_4 - INFO - Drone 4: Flying to {'x': 1301.9695871315173, 'y': 537.5678455988693, 'z': 60.0}
2026-02-13 20:55:56,966 - Drone_4 - INFO - Drone 4: Reached target position
2026-02-13 20:55:57,215 - Drone_3 - INFO - Drone 3: Reached target position
2026-02-13 20:55:57,746 - Drone_3 - INFO - Drone 3: Flying to {'x': 1237.948876994106, 'y': 563.6789486995871, 'z': 60.0}
2026-02-13 20:55:57,746 - Drone_4 - INFO - Drone 4: Flying to {'x': 1297.4852612534298, 'y': 531.8722049283966, 'z': 60.0}
2026-02-13 20:55:57,973 - Drone_4 - INFO - Drone 4: Reached target position
2026-02-13 20:55:58,221 - Drone_3 - INFO - Drone 3: Reached target position
2026-02-13 20:55:58,750 - Drone_3 - INFO - Drone 3: Flying to {'x': 1232.7415162818957, 'y': 556.2700241000482, 'z': 60.0}
2026-02-13 20:55:58,751 - Drone_4 - INFO - Drone 4: Flying to {'x': 1293.1286120150676, 'y': 526.1096416602854, 'z': 60.0}
2026-02-13 20:55:58,980 - Drone_4 - INFO - Drone 4: Reached target position
2026-02-13 20:55:59,227 - Drone_3 - INFO - Drone 3: Reached target position
2026-02-13 20:55:59,752 - Drone_3 - INFO - Drone 3: Flying to {'x': 1227.6794291278193, 'y': 548.7000946080593, 'z': 60.0}
2026-02-13 20:55:59,752 - Drone_4 - INFO - Drone 4: Flying to {'x': 1288.9036915250604, 'y': 520.2775737150464, 'z': 60.0}
2026-02-13 20:55:59,985 - Drone_4 - INFO - Drone 4: Reached target position
2026-02-13 20:56:00,234 - Drone_3 - INFO - Drone 3: Reached target position
2026-02-13 20:56:00,703 - PhysicalMLTrainer_Drone5 - INFO - Physical ML model trained drone=5 samples=5301 degree=2 alpha=0.0 val_mse=0.000000
2026-02-13 20:56:00,731 - PhysicalMLTrainer_Drone2 - INFO - Physical ML model trained drone=2 samples=5301 degree=2 alpha=0.0 val_mse=0.001682
2026-02-13 20:56:00,754 - Drone_3 - INFO - Drone 3: Flying to {'x': 1222.782643592672, 'y': 540.9789601713777, 'z': 60.0}
2026-02-13 20:56:00,754 - Drone_4 - INFO - Drone 4: Flying to {'x': 1284.8236319541636, 'y': 514.3863716713978, 'z': 60.0}
2026-02-13 20:56:00,856 - PhysicalMLTrainer_Drone3 - INFO - Physical ML model trained drone=3 samples=5301 degree=2 alpha=0.0 val_mse=0.000653
2026-02-13 20:56:00,909 - PhysicalMLTrainer_Drone4 - INFO - Physical ML model trained drone=4 samples=5301 degree=2 alpha=0.1 val_mse=0.000559
2026-02-13 20:56:01,010 - Drone_4 - INFO - Drone 4: Reached target position
2026-02-13 20:56:01,259 - Drone_3 - INFO - Drone 3: Reached target position
2026-02-13 20:56:01,756 - Drone_3 - INFO - Drone 3: Flying to {'x': 1217.9886645199576, 'y': 532.9761484970021, 'z': 60.0}
2026-02-13 20:56:01,756 - Drone_4 - INFO - Drone 4: Flying to {'x': 1280.8323950414474, 'y': 508.3404927488317, 'z': 60.0}
2026-02-13 20:56:02,016 - Drone_4 - INFO - Drone 4: Reached target position
2026-02-13 20:56:02,267 - Drone_3 - INFO - Drone 3: Reached target position
2026-02-13 20:56:02,758 - Drone_3 - INFO - Drone 3: Flying to {'x': 1213.4565564613135, 'y': 524.9342442566451, 'z': 60.0}
2026-02-13 20:56:02,759 - Drone_4 - INFO - Drone 4: Flying to {'x': 1277.057786033663, 'y': 502.32598034971693, 'z': 60.0}
2026-02-13 20:56:03,024 - Drone_4 - INFO - Drone 4: Reached target position
2026-02-13 20:56:03,273 - Drone_3 - INFO - Drone 3: Reached target position
2026-02-13 20:56:03,761 - Drone_3 - INFO - Drone 3: Flying to {'x': 1209.1225725919594, 'y': 516.7246151751301, 'z': 60.0}
2026-02-13 20:56:03,762 - Drone_4 - INFO - Drone 4: Flying to {'x': 1273.441682944645, 'y': 496.2477491200172, 'z': 60.0}
2026-02-13 20:56:04,030 - Drone_4 - INFO - Drone 4: Reached target position
2026-02-13 20:56:04,279 - Drone_3 - INFO - Drone 3: Reached target position
2026-02-13 20:56:04,765 - Drone_3 - INFO - Drone 3: Flying to {'x': 1204.9988348180643, 'y': 508.3398462949673, 'z': 60.0}
2026-02-13 20:56:04,765 - Drone_4 - INFO - Drone 4: Flying to {'x': 1269.988525403691, 'y': 490.10279287111337, 'z': 60.0}
2026-02-13 20:56:05,038 - Drone_4 - INFO - Drone 4: Reached target position
2026-02-13 20:56:05,286 - Drone_3 - INFO - Drone 3: Reached target position
2026-02-13 20:56:05,768 - Drone_3 - INFO - Drone 3: Flying to {'x': 1201.1058196859556, 'y': 499.78821618049136, 'z': 60.0}
2026-02-13 20:56:05,769 - Drone_4 - INFO - Drone 4: Flying to {'x': 1266.709133174447, 'y': 483.8993754634744, 'z': 60.0}
2026-02-13 20:56:05,944 - Drone_4 - INFO - Drone 4: Reached target position
2026-02-13 20:56:06,291 - Drone_3 - INFO - Drone 3: Reached target position
2026-02-13 20:56:06,771 - Drone_3 - INFO - Drone 3: Flying to {'x': 1197.4587289868439, 'y': 491.06641668063804, 'z': 60.0}
2026-02-13 20:56:06,772 - Drone_4 - INFO - Drone 4: Flying to {'x': 1263.6092987451564, 'y': 477.63689246528946, 'z': 60.0}
2026-02-13 20:56:06,951 - Drone_4 - INFO - Drone 4: Reached target position
2026-02-13 20:56:07,299 - Drone_3 - INFO - Drone 3: Reached target position
2026-02-13 20:56:07,775 - Drone_3 - INFO - Drone 3: Flying to {'x': 1194.07911748416, 'y': 482.18556646773374, 'z': 60.0}
2026-02-13 20:56:07,776 - Drone_4 - INFO - Drone 4: Flying to {'x': 1260.6996128992912, 'y': 471.3246461272434, 'z': 60.0}
2026-02-13 20:56:07,958 - Drone_4 - INFO - Drone 4: Reached target position
2026-02-13 20:56:08,306 - Drone_3 - INFO - Drone 3: Reached target position
2026-02-13 20:56:08,778 - Drone_3 - INFO - Drone 3: Flying to {'x': 1190.979694725787, 'y': 473.13201559060525, 'z': 60.0}
2026-02-13 20:56:08,778 - Drone_4 - INFO - Drone 4: Flying to {'x': 1257.9824332390492, 'y': 464.95381091455016, 'z': 60.0}
2026-02-13 20:56:08,964 - Drone_4 - INFO - Drone 4: Reached target position
2026-02-13 20:56:09,311 - Drone_3 - INFO - Drone 3: Reached target position
2026-02-13 20:56:09,780 - Drone_3 - INFO - Drone 3: Flying to {'x': 1188.4480089824172, 'y': 464.84326067923405, 'z': 60.0}
2026-02-13 20:56:09,780 - Drone_4 - INFO - Drone 4: Flying to {'x': 1255.7096215115782, 'y': 459.17532631326014, 'z': 60.0}
2026-02-13 20:56:09,970 - Drone_4 - INFO - Drone 4: Reached target position
2026-02-13 20:56:10,317 - Drone_3 - INFO - Drone 3: Reached target position
2026-02-13 20:56:10,782 - Drone_3 - INFO - Drone 3: Flying to {'x': 1185.9452000818706, 'y': 455.50006811066703, 'z': 60.0}
2026-02-13 20:56:10,783 - Drone_4 - INFO - Drone 4: Flying to {'x': 1253.3879466268568, 'y': 452.72051086737633, 'z': 60.0}
2026-02-13 20:56:10,976 - Drone_4 - INFO - Drone 4: Reached target position
2026-02-13 20:56:11,322 - Drone_3 - INFO - Drone 3: Reached target position
2026-02-13 20:56:11,786 - Drone_3 - INFO - Drone 3: Flying to {'x': 1183.7799107669377, 'y': 445.9843953178444, 'z': 60.0}
2026-02-13 20:56:11,786 - Drone_4 - INFO - Drone 4: Flying to {'x': 1251.279545173399, 'y': 446.20655515689674, 'z': 60.0}
2026-02-13 20:56:11,983 - Drone_4 - INFO - Drone 4: Reached target position
2026-02-13 20:56:12,429 - Drone_3 - INFO - Drone 3: Reached target position
2026-02-13 20:56:12,790 - Drone_3 - INFO - Drone 3: Flying to {'x': 1181.9836235323555, 'y': 436.3442129137018, 'z': 60.0}
2026-02-13 20:56:12,790 - Drone_4 - INFO - Drone 4: Flying to {'x': 1249.4019108736825, 'y': 439.6645339768373, 'z': 60.0}
2026-02-13 20:56:12,889 - Drone_4 - INFO - Drone 4: Reached target position
2026-02-13 20:56:13,437 - Drone_3 - INFO - Drone 3: Reached target position
2026-02-13 20:56:13,792 - Drone_3 - INFO - Drone 3: Flying to {'x': 1180.5744810492772, 'y': 426.56824107864185, 'z': 60.0}
2026-02-13 20:56:13,792 - Drone_4 - INFO - Drone 4: Flying to {'x': 1247.7592653691424, 'y': 433.08397249523756, 'z': 60.0}
2026-02-13 20:56:13,795 - Drone_4 - INFO - Drone 4: Reached target position
2026-02-13 20:56:14,445 - Drone_3 - INFO - Drone 3: Reached target position
2026-02-13 20:56:14,794 - Drone_3 - INFO - Drone 3: Flying to {'x': 1179.5774137116982, 'y': 416.68104511075745, 'z': 60.0}
2026-02-13 20:56:14,794 - Drone_4 - INFO - Drone 4: Flying to {'x': 1246.3626949683476, 'y': 426.4777898492029, 'z': 60.0}
2026-02-13 20:56:14,801 - Drone_4 - INFO - Drone 4: Reached target position
2026-02-13 20:56:15,453 - Drone_3 - INFO - Drone 3: Reached target position
2026-02-13 20:56:15,795 - Drone_3 - INFO - Drone 3: Flying to {'x': 1179.0150284377235, 'y': 406.6928023636622, 'z': 60.0}
2026-02-13 20:56:15,795 - Drone_4 - INFO - Drone 4: Flying to {'x': 1245.2206610697447, 'y': 419.8481893892827, 'z': 60.0}
2026-02-13 20:56:15,808 - Drone_4 - INFO - Drone 4: Reached target position
2026-02-13 20:56:16,459 - Drone_3 - INFO - Drone 3: Reached target position
2026-02-13 20:56:16,797 - Drone_3 - INFO - Drone 3: Flying to {'x': 1178.910443724193, 'y': 396.644127318623, 'z': 60.0}
2026-02-13 20:56:16,797 - Drone_4 - INFO - Drone 4: Flying to {'x': 1244.3444191257036, 'y': 413.2165400323634, 'z': 60.0}
2026-02-13 20:56:16,814 - Drone_4 - INFO - Drone 4: Reached target position
2026-02-13 20:56:17,465 - Drone_3 - INFO - Drone 3: Reached target position
2026-02-13 20:56:17,799 - Drone_3 - INFO - Drone 3: Flying to {'x': 1179.2854801104547, 'y': 386.5258919312564, 'z': 60.0}
2026-02-13 20:56:17,799 - Drone_4 - INFO - Drone 4: Flying to {'x': 1243.7406419201154, 'y': 406.5703953197284, 'z': 60.0}
2026-02-13 20:56:17,821 - Drone_4 - INFO - Drone 4: Reached target position
2026-02-13 20:56:18,471 - Drone_3 - INFO - Drone 3: Reached target position
2026-02-13 20:56:18,803 - Drone_3 - INFO - Drone 3: Flying to {'x': 1180.16514768763, 'y': 376.34915198806266, 'z': 60.0}
2026-02-13 20:56:18,804 - Drone_4 - INFO - Drone 4: Flying to {'x': 1243.4196947415312, 'y': 399.9099727930733, 'z': 60.0}
2026-02-13 20:56:18,830 - Drone_4 - INFO - Drone 4: Reached target position
2026-02-13 20:56:19,480 - Drone_3 - INFO - Drone 3: Reached target position
2026-02-13 20:56:19,807 - Drone_3 - INFO - Drone 3: Flying to {'x': 1181.5660357143447, 'y': 366.1890065030475, 'z': 60.0}
2026-02-13 20:56:19,808 - Drone_4 - INFO - Drone 4: Flying to {'x': 1243.392533316097, 'y': 393.2765348934438, 'z': 60.0}
2026-02-13 20:56:19,938 - Drone_4 - INFO - Drone 4: Reached target position
2026-02-13 20:56:20,586 - Drone_3 - INFO - Drone 3: Reached target position
2026-02-13 20:56:20,811 - Drone_3 - INFO - Drone 3: Flying to {'x': 1183.5098348338577, 'y': 356.0477744500182, 'z': 60.0}
2026-02-13 20:56:20,811 - Drone_4 - INFO - Drone 4: Flying to {'x': 1243.6675873886136, 'y': 386.66304527293846, 'z': 60.0}
2026-02-13 20:56:20,830 - PhysicalMLTrainer_Drone5 - INFO - Physical ML model trained drone=5 samples=5501 degree=2 alpha=0.0 val_mse=0.000000
2026-02-13 20:56:20,862 - PhysicalMLTrainer_Drone2 - INFO - Physical ML model trained drone=2 samples=5501 degree=2 alpha=0.0 val_mse=0.002121
2026-02-13 20:56:20,948 - Drone_4 - INFO - Drone 4: Reached target position
2026-02-13 20:56:21,003 - PhysicalMLTrainer_Drone3 - INFO - Physical ML model trained drone=3 samples=5501 degree=2 alpha=0.0 val_mse=0.000680
2026-02-13 20:56:21,065 - PhysicalMLTrainer_Drone4 - INFO - Physical ML model trained drone=4 samples=5501 degree=2 alpha=0.0 val_mse=0.000790
2026-02-13 20:56:21,607 - Drone_3 - INFO - Drone 3: Reached target position
2026-02-13 20:56:21,813 - Drone_3 - INFO - Drone 3: Flying to {'x': 1186.0713202173094, 'y': 345.7570852349932, 'z': 60.0}
2026-02-13 20:56:21,813 - Drone_4 - INFO - Drone 4: Flying to {'x': 1244.2697172530677, 'y': 379.9506019080157, 'z': 60.0}
2026-02-13 20:56:21,971 - Drone_4 - INFO - Drone 4: Reached target position
2026-02-13 20:56:22,614 - Drone_3 - INFO - Drone 3: Reached target position
2026-02-13 20:56:22,815 - Drone_3 - INFO - Drone 3: Flying to {'x': 1189.1571501976887, 'y': 335.77911611941295, 'z': 60.0}
2026-02-13 20:56:22,816 - Drone_4 - INFO - Drone 4: Flying to {'x': 1245.1799918733873, 'y': 373.43135656509673, 'z': 60.0}
2026-02-13 20:56:22,977 - Drone_4 - INFO - Drone 4: Reached target position
2026-02-13 20:56:23,522 - Drone_3 - INFO - Drone 3: Reached target position
2026-02-13 20:56:23,817 - Drone_3 - INFO - Drone 3: Flying to {'x': 1192.8258501680225, 'y': 325.93900990689474, 'z': 60.0}
2026-02-13 20:56:23,818 - Drone_4 - INFO - Drone 4: Flying to {'x': 1246.414403400865, 'y': 366.9818772824909, 'z': 60.0}
2026-02-13 20:56:23,983 - Drone_4 - INFO - Drone 4: Reached target position
2026-02-13 20:56:24,529 - Drone_3 - INFO - Drone 3: Reached target position
2026-02-13 20:56:24,819 - Drone_3 - INFO - Drone 3: Flying to {'x': 1197.0826035871019, 'y': 316.28248838470637, 'z': 60.0}
2026-02-13 20:56:24,820 - Drone_4 - INFO - Drone 4: Flying to {'x': 1247.9765811240818, 'y': 360.6226851644387, 'z': 60.0}
2026-02-13 20:56:24,991 - Drone_4 - INFO - Drone 4: Reached target position
2026-02-13 20:56:25,536 - Drone_3 - INFO - Drone 3: Reached target position
2026-02-13 20:56:25,821 - Drone_3 - INFO - Drone 3: Flying to {'x': 1201.9400270007145, 'y': 306.8346824780572, 'z': 60.0}
2026-02-13 20:56:25,821 - Drone_4 - INFO - Drone 4: Flying to {'x': 1249.872452881597, 'y': 354.36080739029603, 'z': 60.0}
2026-02-13 20:56:26,098 - Drone_4 - INFO - Drone 4: Reached target position
2026-02-13 20:56:26,543 - Drone_3 - INFO - Drone 3: Reached target position
2026-02-13 20:56:26,823 - Drone_3 - INFO - Drone 3: Flying to {'x': 1207.3832817464863, 'y': 297.66798968195843, 'z': 60.0}
2026-02-13 20:56:26,824 - Drone_4 - INFO - Drone 4: Flying to {'x': 1252.0962722760273, 'y': 348.2347621506971, 'z': 60.0}
2026-02-13 20:56:27,105 - Drone_4 - INFO - Drone 4: Reached target position
2026-02-13 20:56:27,549 - Drone_3 - INFO - Drone 3: Reached target position
2026-02-13 20:56:27,826 - Drone_3 - INFO - Drone 3: Flying to {'x': 1213.4217732074376, 'y': 288.8040689239169, 'z': 60.0}
2026-02-13 20:56:27,827 - Drone_4 - INFO - Drone 4: Flying to {'x': 1254.6508761702416, 'y': 342.2494716156593, 'z': 60.0}
2026-02-13 20:56:28,112 - Drone_4 - INFO - Drone 4: Reached target position
2026-02-13 20:56:28,556 - Drone_3 - INFO - Drone 3: Reached target position
2026-02-13 20:56:28,830 - Drone_3 - INFO - Drone 3: Flying to {'x': 1220.0503797025294, 'y': 280.2883867232439, 'z': 60.0}
2026-02-13 20:56:28,831 - Drone_4 - INFO - Drone 4: Flying to {'x': 1257.5320699974445, 'y': 336.42547689218736, 'z': 60.0}
2026-02-13 20:56:29,118 - Drone_4 - INFO - Drone 4: Reached target position
2026-02-13 20:56:29,562 - Drone_3 - INFO - Drone 3: Reached target position
2026-02-13 20:56:29,834 - Drone_3 - INFO - Drone 3: Flying to {'x': 1227.2520999996361, 'y': 272.17590210892416, 'z': 60.0}
2026-02-13 20:56:29,834 - Drone_4 - INFO - Drone 4: Flying to {'x': 1260.7288136774357, 'y': 330.78954933663584, 'z': 60.0}
2026-02-13 20:56:30,125 - Drone_4 - INFO - Drone 4: Reached target position
2026-02-13 20:56:30,670 - Drone_3 - INFO - Drone 3: Reached target position
2026-02-13 20:56:30,836 - Drone_3 - INFO - Drone 3: Flying to {'x': 1235.0265010344879, 'y': 264.4994304547304, 'z': 60.0}
2026-02-13 20:56:30,836 - Drone_4 - INFO - Drone 4: Flying to {'x': 1264.235738368623, 'y': 325.35228950307885, 'z': 60.0}
2026-02-13 20:56:31,230 - Drone_4 - INFO - Drone 4: Reached target position
2026-02-13 20:56:31,576 - Drone_3 - INFO - Drone 3: Reached target position
2026-02-13 20:56:31,837 - Drone_3 - INFO - Drone 3: Flying to {'x': 1243.376474370408, 'y': 257.2931352397295, 'z': 60.0}
2026-02-13 20:56:31,837 - Drone_4 - INFO - Drone 4: Flying to {'x': 1268.047507667027, 'y': 320.1229857574341, 'z': 60.0}
2026-02-13 20:56:32,237 - Drone_4 - INFO - Drone 4: Reached target position
2026-02-13 20:56:32,685 - Drone_3 - INFO - Drone 3: Reached target position
2026-02-13 20:56:32,839 - Drone_3 - INFO - Drone 3: Flying to {'x': 1252.260311029761, 'y': 250.62804599464346, 'z': 60.0}
2026-02-13 20:56:32,839 - Drone_4 - INFO - Drone 4: Flying to {'x': 1272.1365263232915, 'y': 315.1353019090383, 'z': 60.0}
2026-02-13 20:56:33,145 - Drone_4 - INFO - Drone 4: Reached target position
2026-02-13 20:56:33,690 - Drone_3 - INFO - Drone 3: Reached target position
2026-02-13 20:56:33,842 - Drone_3 - INFO - Drone 3: Flying to {'x': 1261.699917893254, 'y': 244.5262608422671, 'z': 60.0}
2026-02-13 20:56:33,843 - Drone_4 - INFO - Drone 4: Flying to {'x': 1276.5030271488451, 'y': 310.38305970439694, 'z': 60.0}
2026-02-13 20:56:34,149 - Drone_4 - INFO - Drone 4: Reached target position
2026-02-13 20:56:34,697 - Drone_3 - INFO - Drone 3: Reached target position
2026-02-13 20:56:34,845 - Drone_3 - INFO - Drone 3: Flying to {'x': 1270.6199637533439, 'y': 239.58269610856027, 'z': 60.0}
2026-02-13 20:56:34,846 - Drone_4 - INFO - Drone 4: Flying to {'x': 1280.6375677324197, 'y': 306.3352062525122, 'z': 60.0}
2026-02-13 20:56:35,155 - Drone_4 - INFO - Drone 4: Reached target position
2026-02-13 20:56:35,604 - Drone_3 - INFO - Drone 3: Reached target position
2026-02-13 20:56:35,848 - Drone_3 - INFO - Drone 3: Flying to {'x': 1281.0175066548697, 'y': 234.73059461949143, 'z': 60.0}
2026-02-13 20:56:35,849 - Drone_4 - INFO - Drone 4: Flying to {'x': 1285.4558190788787, 'y': 302.08452088089723, 'z': 60.0}
2026-02-13 20:56:36,263 - Drone_4 - INFO - Drone 4: Reached target position
2026-02-13 20:56:36,711 - Drone_3 - INFO - Drone 3: Reached target position
2026-02-13 20:56:36,852 - Drone_3 - INFO - Drone 3: Flying to {'x': 1291.8820223376247, 'y': 230.6226543911569, 'z': 60.0}
2026-02-13 20:56:36,853 - Drone_4 - INFO - Drone 4: Flying to {'x': 1290.4800480605127, 'y': 298.1080933252434, 'z': 60.0}
2026-02-13 20:56:37,269 - Drone_4 - INFO - Drone 4: Reached target position
2026-02-13 20:56:37,717 - Drone_3 - INFO - Drone 3: Reached target position
2026-02-13 20:56:37,854 - Drone_3 - INFO - Drone 3: Flying to {'x': 1303.2375759714519, 'y': 227.31124177887287, 'z': 60.0}
2026-02-13 20:56:37,854 - Drone_4 - INFO - Drone 4: Flying to {'x': 1295.7153262010324, 'y': 294.3907897677452, 'z': 60.0}
2026-02-13 20:56:38,277 - Drone_4 - INFO - Drone 4: Reached target position
2026-02-13 20:56:38,724 - Drone_3 - INFO - Drone 3: Reached target position
2026-02-13 20:56:38,855 - Drone_3 - INFO - Drone 3: Flying to {'x': 1315.0439407817812, 'y': 224.8842496465311, 'z': 60.0}
2026-02-13 20:56:38,856 - Drone_4 - INFO - Drone 4: Flying to {'x': 1301.1434683898528, 'y': 290.93746203836884, 'z': 60.0}
2026-02-13 20:56:39,284 - Drone_4 - INFO - Drone 4: Reached target position
2026-02-13 20:56:39,731 - Drone_3 - INFO - Drone 3: Reached target position
2026-02-13 20:56:39,858 - Drone_3 - INFO - Drone 3: Flying to {'x': 1327.2831414534223, 'y': 223.43607653480012, 'z': 60.0}
2026-02-13 20:56:39,859 - Drone_4 - INFO - Drone 4: Flying to {'x': 1306.7675346657468, 'y': 287.74284039470433, 'z': 60.0}
2026-02-13 20:56:40,291 - Drone_4 - INFO - Drone 4: Reached target position
2026-02-13 20:56:40,838 - Drone_3 - INFO - Drone 3: Reached target position
2026-02-13 20:56:40,862 - Drone_3 - INFO - Drone 3: Flying to {'x': 1339.9013482842747, 'y': 223.08328958509452, 'z': 60.0}
2026-02-13 20:56:40,863 - Drone_4 - INFO - Drone 4: Flying to {'x': 1312.5904377829233, 'y': 284.8114368729176, 'z': 60.0}
2026-02-13 20:56:40,959 - PhysicalMLTrainer_Drone5 - INFO - Physical ML model trained drone=5 samples=5701 degree=2 alpha=0.0 val_mse=0.000000
2026-02-13 20:56:40,995 - PhysicalMLTrainer_Drone2 - INFO - Physical ML model trained drone=2 samples=5701 degree=2 alpha=0.0 val_mse=0.008846
2026-02-13 20:56:41,155 - PhysicalMLTrainer_Drone3 - INFO - Physical ML model trained drone=3 samples=5701 degree=2 alpha=0.0 val_mse=0.000940
2026-02-13 20:56:41,214 - PhysicalMLTrainer_Drone4 - INFO - Physical ML model trained drone=4 samples=5701 degree=2 alpha=0.0 val_mse=0.007677
2026-02-13 20:56:41,316 - Drone_4 - INFO - Drone 4: Reached target position
2026-02-13 20:56:41,759 - Drone_3 - INFO - Drone 3: Reached target position
2026-02-13 20:56:41,865 - Drone_3 - INFO - Drone 3: Flying to {'x': 1353.040334601676, 'y': 223.98665439114055, 'z': 60.0}
2026-02-13 20:56:41,866 - Drone_4 - INFO - Drone 4: Flying to {'x': 1318.7302698144113, 'y': 282.1164183188712, 'z': 60.0}
2026-02-13 20:56:42,323 - Drone_4 - INFO - Drone 4: Reached target position
2026-02-13 20:56:42,866 - Drone_3 - INFO - Drone 3: Reached target position
2026-02-13 20:56:42,867 - Drone_3 - INFO - Drone 3: Flying to {'x': 1366.2133231033404, 'y': 226.28008588997776, 'z': 60.0}
2026-02-13 20:56:42,868 - Drone_4 - INFO - Drone 4: Flying to {'x': 1325.0395769982088, 'y': 279.76814653597773, 'z': 60.0}
2026-02-13 20:56:43,430 - Drone_4 - INFO - Drone 4: Reached target position
2026-02-13 20:56:43,871 - Drone_3 - INFO - Drone 3: Flying to {'x': 1379.3880656414178, 'y': 230.12090201018518, 'z': 60.0}
2026-02-13 20:56:43,873 - Drone_4 - INFO - Drone 4: Flying to {'x': 1331.610710923111, 'y': 277.8029151400968, 'z': 60.0}
2026-02-13 20:56:44,436 - Drone_4 - INFO - Drone 4: Reached target position
2026-02-13 20:56:44,781 - Drone_3 - INFO - Drone 3: Reached target position
2026-02-13 20:56:44,874 - Drone_3 - INFO - Drone 3: Flying to {'x': 1392.3379891821853, 'y': 235.65737858635276, 'z': 60.0}
2026-02-13 20:56:44,875 - Drone_4 - INFO - Drone 4: Flying to {'x': 1338.467070679181, 'y': 276.3289182626754, 'z': 60.0}
2026-02-13 20:56:45,442 - Drone_4 - INFO - Drone 4: Reached target position
2026-02-13 20:56:45,788 - Drone_3 - INFO - Drone 3: Reached target position
2026-02-13 20:56:45,876 - Drone_3 - INFO - Drone 3: Flying to {'x': 1404.7278820003162, 'y': 242.98283767766856, 'z': 60.0}
2026-02-13 20:56:45,876 - Drone_4 - INFO - Drone 4: Flying to {'x': 1345.5800491301757, 'y': 275.5064270670014, 'z': 60.0}
2026-02-13 20:56:46,449 - Drone_4 - INFO - Drone 4: Reached target position
2026-02-13 20:56:46,795 - Drone_3 - INFO - Drone 3: Reached target position
2026-02-13 20:56:46,879 - Drone_3 - INFO - Drone 3: Flying to {'x': 1416.1407490252802, 'y': 252.08329280890726, 'z': 60.0}
2026-02-13 20:56:46,880 - Drone_4 - INFO - Drone 4: Flying to {'x': 1352.843398335586, 'y': 275.52887652238866, 'z': 60.0}
2026-02-13 20:56:47,457 - Drone_4 - INFO - Drone 4: Reached target position
2026-02-13 20:56:47,804 - Drone_3 - INFO - Drone 3: Reached target position
2026-02-13 20:56:47,882 - Drone_3 - INFO - Drone 3: Flying to {'x': 1426.1389167227765, 'y': 262.8026031792777, 'z': 60.0}
2026-02-13 20:56:47,882 - Drone_4 - INFO - Drone 4: Flying to {'x': 1360.060617110298, 'y': 276.5833259587086, 'z': 60.0}
2026-02-13 20:56:48,564 - Drone_4 - INFO - Drone 4: Reached target position
2026-02-13 20:56:48,885 - Drone_3 - INFO - Drone 3: Flying to {'x': 1434.3134649321828, 'y': 274.79460682371086, 'z': 60.0}
2026-02-13 20:56:48,886 - Drone_4 - INFO - Drone 4: Flying to {'x': 1366.9317872871457, 'y': 278.78954333638296, 'z': 60.0}
2026-02-13 20:56:49,570 - Drone_4 - INFO - Drone 4: Reached target position
2026-02-13 20:56:49,815 - Drone_3 - INFO - Drone 3: Reached target position
2026-02-13 20:56:49,888 - Drone_3 - INFO - Drone 3: Flying to {'x': 1440.4208141161234, 'y': 287.63020153265273, 'z': 60.0}
2026-02-13 20:56:49,889 - Drone_4 - INFO - Drone 4: Flying to {'x': 1373.142643917076, 'y': 282.16231211643145, 'z': 60.0}
2026-02-13 20:56:50,578 - Drone_4 - INFO - Drone 4: Reached target position
2026-02-13 20:56:50,821 - Drone_3 - INFO - Drone 3: Reached target position
2026-02-13 20:56:50,890 - Drone_3 - INFO - Drone 3: Flying to {'x': 1444.3786434365898, 'y': 300.8181784271496, 'z': 60.0}
2026-02-13 20:56:50,891 - Drone_4 - INFO - Drone 4: Flying to {'x': 1378.3950484651778, 'y': 286.59090902474355, 'z': 60.0}
2026-02-13 20:56:51,586 - Drone_4 - INFO - Drone 4: Reached target position
2026-02-13 20:56:51,829 - Drone_3 - INFO - Drone 3: Reached target position
2026-02-13 20:56:51,893 - Drone_3 - INFO - Drone 3: Flying to {'x': 1446.2791403591843, 'y': 313.9124948134749, 'z': 60.0}
2026-02-13 20:56:51,894 - Drone_4 - INFO - Drone 4: Flying to {'x': 1382.4801646062363, 'y': 291.8684322823818, 'z': 60.0}
2026-02-13 20:56:52,593 - Drone_4 - INFO - Drone 4: Reached target position
2026-02-13 20:56:52,834 - Drone_3 - INFO - Drone 3: Reached target position
2026-02-13 20:56:52,898 - Drone_3 - INFO - Drone 3: Flying to {'x': 1446.3381840932695, 'y': 326.5761778292559, 'z': 60.0}
2026-02-13 20:56:52,899 - Drone_4 - INFO - Drone 4: Flying to {'x': 1385.304874502049, 'y': 297.745896520496, 'z': 60.0}
2026-02-13 20:56:53,599 - Drone_4 - INFO - Drone 4: Reached target position
2026-02-13 20:56:53,741 - Drone_3 - INFO - Drone 3: Reached target position
2026-02-13 20:56:53,901 - Drone_3 - INFO - Drone 3: Flying to {'x': 1444.8257534329057, 'y': 338.6117219455712, 'z': 60.0}
2026-02-13 20:56:53,901 - Drone_4 - INFO - Drone 4: Flying to {'x': 1386.8809718451514, 'y': 303.99016382425845, 'z': 60.0}
2026-02-13 20:56:54,604 - Drone_4 - INFO - Drone 4: Reached target position
2026-02-13 20:56:54,747 - Drone_3 - INFO - Drone 3: Reached target position
2026-02-13 20:56:54,903 - Drone_3 - INFO - Drone 3: Flying to {'x': 1442.025478810104, 'y': 349.87398329036444, 'z': 60.0}
2026-02-13 20:56:54,903 - Drone_4 - INFO - Drone 4: Flying to {'x': 1387.288041851433, 'y': 310.3763505107215, 'z': 60.0}
2026-02-13 20:56:55,408 - Drone_4 - INFO - Drone 4: Reached target position
2026-02-13 20:56:55,753 - Drone_3 - INFO - Drone 3: Reached target position
2026-02-13 20:56:55,905 - Drone_3 - INFO - Drone 3: Flying to {'x': 1438.17364366254, 'y': 360.38365647000956, 'z': 60.0}
2026-02-13 20:56:55,905 - Drone_4 - INFO - Drone 4: Flying to {'x': 1386.6493024472331, 'y': 316.7775529714323, 'z': 60.0}
2026-02-13 20:56:56,515 - Drone_4 - INFO - Drone 4: Reached target position
2026-02-13 20:56:56,659 - Drone_3 - INFO - Drone 3: Reached target position
2026-02-13 20:56:56,908 - Drone_3 - INFO - Drone 3: Flying to {'x': 1433.4768678861708, 'y': 370.14746733156034, 'z': 60.0}
2026-02-13 20:56:56,908 - Drone_4 - INFO - Drone 4: Flying to {'x': 1385.0945350645477, 'y': 323.0794328417107, 'z': 60.0}
2026-02-13 20:56:57,522 - Drone_4 - INFO - Drone 4: Reached target position
2026-02-13 20:56:57,666 - Drone_3 - INFO - Drone 3: Reached target position
2026-02-13 20:56:57,911 - Drone_3 - INFO - Drone 3: Flying to {'x': 1428.1095817232344, 'y': 379.19200636351025, 'z': 60.0}
2026-02-13 20:56:57,912 - Drone_4 - INFO - Drone 4: Flying to {'x': 1382.7554294057609, 'y': 329.19949824915966, 'z': 60.0}
2026-02-13 20:56:58,530 - Drone_4 - INFO - Drone 4: Reached target position
2026-02-13 20:56:58,674 - Drone_3 - INFO - Drone 3: Reached target position
2026-02-13 20:56:58,913 - Drone_3 - INFO - Drone 3: Flying to {'x': 1422.1962141242284, 'y': 387.5814828122555, 'z': 60.0}
2026-02-13 20:56:58,914 - Drone_4 - INFO - Drone 4: Flying to {'x': 1379.745800368129, 'y': 335.10089238173583, 'z': 60.0}
2026-02-13 20:56:59,536 - Drone_4 - INFO - Drone 4: Reached target position
2026-02-13 20:56:59,579 - Drone_3 - INFO - Drone 3: Reached target position
2026-02-13 20:56:59,915 - Drone_3 - INFO - Drone 3: Flying to {'x': 1415.8143423296028, 'y': 395.3953397542098, 'z': 60.0}
2026-02-13 20:56:59,915 - Drone_4 - INFO - Drone 4: Flying to {'x': 1376.1516244177737, 'y': 340.7774048990117, 'z': 60.0}
2026-02-13 20:57:00,542 - Drone_4 - INFO - Drone 4: Reached target position
2026-02-13 20:57:00,586 - Drone_3 - INFO - Drone 3: Reached target position
2026-02-13 20:57:00,917 - Drone_3 - INFO - Drone 3: Flying to {'x': 1409.0815715539457, 'y': 402.63469879434956, 'z': 60.0}
2026-02-13 20:57:00,917 - Drone_4 - INFO - Drone 4: Flying to {'x': 1372.0792148133642, 'y': 346.1805085544503, 'z': 60.0}
2026-02-13 20:57:01,098 - PhysicalMLTrainer_Drone5 - INFO - Physical ML model trained drone=5 samples=5901 degree=2 alpha=0.0 val_mse=0.000000
2026-02-13 20:57:01,122 - PhysicalMLTrainer_Drone2 - INFO - Physical ML model trained drone=2 samples=5901 degree=2 alpha=0.0 val_mse=0.015855
2026-02-13 20:57:01,305 - PhysicalMLTrainer_Drone3 - INFO - Physical ML model trained drone=3 samples=5901 degree=2 alpha=0.0 val_mse=0.007715
2026-02-13 20:57:01,370 - PhysicalMLTrainer_Drone4 - INFO - Physical ML model trained drone=4 samples=5901 degree=2 alpha=0.0 val_mse=0.013569
2026-02-13 20:57:01,471 - Drone_4 - INFO - Drone 4: Reached target position
2026-02-13 20:57:01,608 - Drone_3 - INFO - Drone 3: Reached target position
2026-02-13 20:57:01,918 - Drone_3 - INFO - Drone 3: Flying to {'x': 1402.61977706538, 'y': 408.8403906099251, 'z': 60.0}
2026-02-13 20:57:01,918 - Drone_4 - INFO - Drone 4: Flying to {'x': 1367.964902081758, 'y': 350.91552859136226, 'z': 60.0}
2026-02-13 20:57:02,514 - Drone_3 - INFO - Drone 3: Reached target position
2026-02-13 20:57:02,579 - Drone_4 - INFO - Drone 4: Reached target position
2026-02-13 20:57:02,920 - Drone_3 - INFO - Drone 3: Flying to {'x': 1395.330630934799, 'y': 415.14829040789436, 'z': 60.0}
2026-02-13 20:57:02,921 - Drone_4 - INFO - Drone 4: Flying to {'x': 1363.1363049844194, 'y': 355.82059555464116, 'z': 60.0}
2026-02-13 20:57:03,485 - Drone_4 - INFO - Drone 4: Reached target position
2026-02-13 20:57:03,522 - Drone_3 - INFO - Drone 3: Reached target position
2026-02-13 20:57:03,923 - Drone_3 - INFO - Drone 3: Flying to {'x': 1387.8096482065507, 'y': 421.0236250323085, 'z': 60.0}
2026-02-13 20:57:03,923 - Drone_4 - INFO - Drone 4: Flying to {'x': 1357.986930759375, 'y': 360.4690585317883, 'z': 60.0}
2026-02-13 20:57:04,427 - Drone_3 - INFO - Drone 3: Reached target position
2026-02-13 20:57:04,592 - Drone_4 - INFO - Drone 4: Reached target position
2026-02-13 20:57:04,925 - Drone_3 - INFO - Drone 3: Flying to {'x': 1380.1006993285168, 'y': 426.48620094107076, 'z': 60.0}
2026-02-13 20:57:04,925 - Drone_4 - INFO - Drone 4: Flying to {'x': 1352.5663234193948, 'y': 364.85740780592045, 'z': 60.0}
2026-02-13 20:57:05,436 - Drone_3 - INFO - Drone 3: Reached target position
2026-02-13 20:57:05,497 - Drone_4 - INFO - Drone 4: Reached target position
2026-02-13 20:57:05,927 - Drone_3 - INFO - Drone 3: Flying to {'x': 1372.2051415541025, 'y': 431.5774862961231, 'z': 60.0}
2026-02-13 20:57:05,927 - Drone_4 - INFO - Drone 4: Flying to {'x': 1346.8915464808808, 'y': 369.0037545513329, 'z': 60.0}
2026-02-13 20:57:06,442 - Drone_3 - INFO - Drone 3: Reached target position
2026-02-13 20:57:06,604 - Drone_4 - INFO - Drone 4: Reached target position
2026-02-13 20:57:06,928 - Drone_3 - INFO - Drone 3: Flying to {'x': 1364.1627015946326, 'y': 436.30610007201057, 'z': 60.0}
2026-02-13 20:57:06,928 - Drone_4 - INFO - Drone 4: Flying to {'x': 1341.0048564592141, 'y': 372.9029123865009, 'z': 60.0}
2026-02-13 20:57:07,448 - Drone_3 - INFO - Drone 3: Reached target position
2026-02-13 20:57:07,509 - Drone_4 - INFO - Drone 4: Reached target position
2026-02-13 20:57:07,929 - Drone_3 - INFO - Drone 3: Flying to {'x': 1355.9865350324776, 'y': 440.6936151784933, 'z': 60.0}
2026-02-13 20:57:07,929 - Drone_4 - INFO - Drone 4: Flying to {'x': 1334.927902181868, 'y': 376.56262436700484, 'z': 60.0}
2026-02-13 20:57:08,454 - Drone_3 - INFO - Drone 3: Reached target position
2026-02-13 20:57:08,615 - Drone_4 - INFO - Drone 4: Reached target position
2026-02-13 20:57:08,931 - Drone_3 - INFO - Drone 3: Flying to {'x': 1347.6733382990399, 'y': 444.76458033186043, 'z': 60.0}
2026-02-13 20:57:08,932 - Drone_4 - INFO - Drone 4: Flying to {'x': 1328.6683216257582, 'y': 379.9953025742052, 'z': 60.0}
2026-02-13 20:57:09,459 - Drone_3 - INFO - Drone 3: Reached target position
2026-02-13 20:57:09,520 - Drone_4 - INFO - Drone 4: Reached target position
2026-02-13 20:57:09,934 - Drone_3 - INFO - Drone 3: Flying to {'x': 1339.279884803222, 'y': 448.5120609149628, 'z': 60.0}
2026-02-13 20:57:09,935 - Drone_4 - INFO - Drone 4: Flying to {'x': 1322.2781846469138, 'y': 383.18831185082087, 'z': 60.0}
2026-02-13 20:57:10,467 - Drone_3 - INFO - Drone 3: Reached target position
2026-02-13 20:57:10,627 - Drone_4 - INFO - Drone 4: Reached target position
2026-02-13 20:57:10,936 - Drone_3 - INFO - Drone 3: Flying to {'x': 1330.8015522897629, 'y': 451.95733370579484, 'z': 60.0}
2026-02-13 20:57:10,937 - Drone_4 - INFO - Drone 4: Flying to {'x': 1315.7624545914289, 'y': 386.15402421136315, 'z': 60.0}
2026-02-13 20:57:11,373 - Drone_3 - INFO - Drone 3: Reached target position
2026-02-13 20:57:11,533 - Drone_4 - INFO - Drone 4: Reached target position
2026-02-13 20:57:11,939 - Drone_3 - INFO - Drone 3: Flying to {'x': 1322.2386715946902, 'y': 455.11521558712224, 'z': 60.0}
2026-02-13 20:57:11,939 - Drone_4 - INFO - Drone 4: Flying to {'x': 1309.1287176463773, 'y': 388.90057138002015, 'z': 60.0}
2026-02-13 20:57:12,379 - Drone_3 - INFO - Drone 3: Reached target position
2026-02-13 20:57:12,539 - Drone_4 - INFO - Drone 4: Reached target position
2026-02-13 20:57:12,942 - Drone_3 - INFO - Drone 3: Flying to {'x': 1313.6121098779793, 'y': 457.99094538725757, 'z': 60.0}
2026-02-13 20:57:12,943 - Drone_4 - INFO - Drone 4: Flying to {'x': 1302.3998242862133, 'y': 391.4286839186996, 'z': 60.0}
2026-02-13 20:57:13,385 - Drone_3 - INFO - Drone 3: Reached target position
2026-02-13 20:57:13,544 - Drone_4 - INFO - Drone 4: Reached target position
2026-02-13 20:57:13,944 - Drone_3 - INFO - Drone 3: Flying to {'x': 1304.92320376873, 'y': 460.595399179802, 'z': 60.0}
2026-02-13 20:57:13,945 - Drone_4 - INFO - Drone 4: Flying to {'x': 1295.582940276726, 'y': 393.74474863771724, 'z': 60.0}
2026-02-13 20:57:14,390 - Drone_3 - INFO - Drone 3: Reached target position
2026-02-13 20:57:14,451 - Drone_4 - INFO - Drone 4: Reached target position
2026-02-13 20:57:14,946 - Drone_3 - INFO - Drone 3: Flying to {'x': 1296.166744058907, 'y': 462.93893603100025, 'z': 60.0}
2026-02-13 20:57:14,947 - Drone_4 - INFO - Drone 4: Flying to {'x': 1288.6795046251116, 'y': 395.8554712601566, 'z': 60.0}
2026-02-13 20:57:15,396 - Drone_3 - INFO - Drone 3: Reached target position
2026-02-13 20:57:15,458 - Drone_4 - INFO - Drone 4: Reached target position
2026-02-13 20:57:15,948 - Drone_3 - INFO - Drone 3: Flying to {'x': 1287.3646728639956, 'y': 465.0233527612789, 'z': 60.0}
2026-02-13 20:57:15,948 - Drone_4 - INFO - Drone 4: Flying to {'x': 1281.7120159324472, 'y': 397.7604545958399, 'z': 60.0}
2026-02-13 20:57:16,402 - Drone_3 - INFO - Drone 3: Reached target position
2026-02-13 20:57:16,468 - Drone_4 - INFO - Drone 4: Reached target position
2026-02-13 20:57:16,949 - Drone_3 - INFO - Drone 3: Flying to {'x': 1278.4949225304092, 'y': 466.85974220285436, 'z': 60.0}
2026-02-13 20:57:16,949 - Drone_4 - INFO - Drone 4: Flying to {'x': 1274.667809093063, 'y': 399.46832433130567, 'z': 60.0}
2026-02-13 20:57:17,408 - Drone_3 - INFO - Drone 3: Reached target position
2026-02-13 20:57:17,476 - Drone_4 - INFO - Drone 4: Reached target position
2026-02-13 20:57:17,951 - Drone_3 - INFO - Drone 3: Flying to {'x': 1269.602768993356, 'y': 468.4442083358949, 'z': 60.0}
2026-02-13 20:57:17,952 - Drone_4 - INFO - Drone 4: Flying to {'x': 1267.5875063490023, 'y': 400.9742986244223, 'z': 60.0}
2026-02-13 20:57:18,414 - Drone_3 - INFO - Drone 3: Reached target position
2026-02-13 20:57:18,481 - Drone_4 - INFO - Drone 4: Reached target position
2026-02-13 20:57:18,955 - Drone_3 - INFO - Drone 3: Flying to {'x': 1260.672894157942, 'y': 469.78472738802384, 'z': 60.0}
2026-02-13 20:57:18,956 - Drone_4 - INFO - Drone 4: Flying to {'x': 1260.4633598580324, 'y': 402.2850526082358, 'z': 60.0}
2026-02-13 20:57:19,420 - Drone_3 - INFO - Drone 3: Reached target position
2026-02-13 20:57:19,487 - Drone_4 - INFO - Drone 4: Reached target position
2026-02-13 20:57:19,958 - Drone_3 - INFO - Drone 3: Flying to {'x': 1251.7107457449838, 'y': 470.88405351763606, 'z': 60.0}
2026-02-13 20:57:19,959 - Drone_4 - INFO - Drone 4: Flying to {'x': 1253.3039580546929, 'y': 403.40285854795434, 'z': 60.0}
2026-02-13 20:57:20,426 - Drone_3 - INFO - Drone 3: Reached target position
2026-02-13 20:57:20,493 - Drone_4 - INFO - Drone 4: Reached target position
2026-02-13 20:57:20,960 - Drone_3 - INFO - Drone 3: Flying to {'x': 1242.7308171398602, 'y': 471.74362796798346, 'z': 60.0}
2026-02-13 20:57:20,961 - Drone_4 - INFO - Drone 4: Flying to {'x': 1246.1250042947975, 'y': 404.32901906488837, 'z': 60.0}
2026-02-13 20:57:21,237 - PhysicalMLTrainer_Drone5 - INFO - Physical ML model trained drone=5 samples=6101 degree=2 alpha=0.0 val_mse=0.000000
2026-02-13 20:57:21,259 - PhysicalMLTrainer_Drone2 - INFO - Physical ML model trained drone=2 samples=6101 degree=2 alpha=0.0 val_mse=0.017371
2026-02-13 20:57:21,431 - Drone_3 - INFO - Drone 3: Reached target position
2026-02-13 20:57:21,449 - PhysicalMLTrainer_Drone3 - INFO - Physical ML model trained drone=3 samples=6101 degree=2 alpha=0.0 val_mse=0.012963
2026-02-13 20:57:21,499 - Drone_4 - INFO - Drone 4: Reached target position
2026-02-13 20:57:21,524 - PhysicalMLTrainer_Drone4 - INFO - Physical ML model trained drone=4 samples=6101 degree=2 alpha=0.0 val_mse=0.018717
2026-02-13 20:57:21,962 - Drone_3 - INFO - Drone 3: Flying to {'x': 1234.4651533565154, 'y': 472.32399564341256, 'z': 60.0}
2026-02-13 20:57:21,963 - Drone_4 - INFO - Drone 4: Flying to {'x': 1239.5156427766808, 'y': 405.0132048545888, 'z': 60.0}
2026-02-13 20:57:22,355 - Drone_3 - INFO - Drone 3: Reached target position
2026-02-13 20:57:22,531 - Drone_4 - INFO - Drone 4: Reached target position
2026-02-13 20:57:22,964 - Drone_3 - INFO - Drone 3: Flying to {'x': 1225.4323688894572, 'y': 472.7306941766605, 'z': 60.0}
2026-02-13 20:57:22,965 - Drone_4 - INFO - Drone 4: Flying to {'x': 1232.2953177838733, 'y': 405.5804899143306, 'z': 60.0}
2026-02-13 20:57:23,361 - Drone_3 - INFO - Drone 3: Reached target position
2026-02-13 20:57:23,539 - Drone_4 - INFO - Drone 4: Reached target position
2026-02-13 20:57:23,966 - Drone_3 - INFO - Drone 3: Flying to {'x': 1216.3981160385204, 'y': 472.9014388988528, 'z': 60.0}
2026-02-13 20:57:23,966 - Drone_4 - INFO - Drone 4: Flying to {'x': 1225.079943887473, 'y': 405.9620942262229, 'z': 60.0}
2026-02-13 20:57:24,367 - Drone_3 - INFO - Drone 3: Reached target position
2026-02-13 20:57:24,546 - Drone_4 - INFO - Drone 4: Reached target position
2026-02-13 20:57:24,967 - Drone_3 - INFO - Drone 3: Flying to {'x': 1207.3377949807495, 'y': 472.8366558029215, 'z': 60.0}
2026-02-13 20:57:24,967 - Drone_4 - INFO - Drone 4: Flying to {'x': 1217.8536807728237, 'y': 406.1608270041127, 'z': 60.0}
2026-02-13 20:57:25,273 - Drone_3 - INFO - Drone 3: Reached target position
2026-02-13 20:57:25,552 - Drone_4 - INFO - Drone 4: Reached target position
2026-02-13 20:57:25,969 - Drone_3 - INFO - Drone 3: Flying to {'x': 1198.273453058169, 'y': 472.5354620809683, 'z': 60.0}
2026-02-13 20:57:25,969 - Drone_4 - INFO - Drone 4: Flying to {'x': 1210.6379433372128, 'y': 406.17757347577356, 'z': 60.0}
2026-02-13 20:57:26,280 - Drone_3 - INFO - Drone 3: Reached target position
2026-02-13 20:57:26,559 - Drone_4 - INFO - Drone 4: Reached target position
2026-02-13 20:57:26,970 - Drone_3 - INFO - Drone 3: Flying to {'x': 1189.2014053728315, 'y': 471.9963805771535, 'z': 60.0}
2026-02-13 20:57:26,970 - Drone_4 - INFO - Drone 4: Flying to {'x': 1203.4335764024202, 'y': 406.0138426767019, 'z': 60.0}
2026-02-13 20:57:27,288 - Drone_3 - INFO - Drone 3: Reached target position
2026-02-13 20:57:27,565 - Drone_4 - INFO - Drone 4: Reached target position
2026-02-13 20:57:27,972 - Drone_3 - INFO - Drone 3: Flying to {'x': 1180.1389158659606, 'y': 471.21864799990703, 'z': 60.0}
2026-02-13 20:57:27,973 - Drone_4 - INFO - Drone 4: Flying to {'x': 1196.2580438529528, 'y': 405.67153736229795, 'z': 60.0}
2026-02-13 20:57:28,294 - Drone_3 - INFO - Drone 3: Reached target position
2026-02-13 20:57:28,571 - Drone_4 - INFO - Drone 4: Reached target position
2026-02-13 20:57:28,975 - Drone_3 - INFO - Drone 3: Flying to {'x': 1171.0583323168437, 'y': 470.1965640742319, 'z': 60.0}
2026-02-13 20:57:28,976 - Drone_4 - INFO - Drone 4: Flying to {'x': 1189.0932341514829, 'y': 405.1504856696506, 'z': 60.0}
2026-02-13 20:57:29,301 - Drone_3 - INFO - Drone 3: Reached target position
2026-02-13 20:57:29,579 - Drone_4 - INFO - Drone 4: Reached target position
2026-02-13 20:57:29,979 - Drone_3 - INFO - Drone 3: Flying to {'x': 1161.9950079893822, 'y': 468.93010798199487, 'z': 60.0}
2026-02-13 20:57:29,980 - Drone_4 - INFO - Drone 4: Flying to {'x': 1181.9708533808318, 'y': 404.45363474642704, 'z': 60.0}
2026-02-13 20:57:30,307 - Drone_3 - INFO - Drone 3: Reached target position
2026-02-13 20:57:30,384 - Drone_4 - INFO - Drone 4: Reached target position
2026-02-13 20:57:30,982 - Drone_3 - INFO - Drone 3: Flying to {'x': 1152.9442619877022, 'y': 467.41463262482785, 'z': 60.0}
2026-02-13 20:57:30,983 - Drone_4 - INFO - Drone 4: Flying to {'x': 1174.890867813398, 'y': 403.5820665418985, 'z': 60.0}
2026-02-13 20:57:31,313 - Drone_3 - INFO - Drone 3: Reached target position
2026-02-13 20:57:31,491 - Drone_4 - INFO - Drone 4: Reached target position
2026-02-13 20:57:31,985 - Drone_3 - INFO - Drone 3: Flying to {'x': 1143.8924791774841, 'y': 465.6418254801039, 'z': 60.0}
2026-02-13 20:57:31,986 - Drone_4 - INFO - Drone 4: Flying to {'x': 1167.8463527223396, 'y': 402.53507511061434, 'z': 60.0}
2026-02-13 20:57:32,321 - Drone_3 - INFO - Drone 3: Reached target position
2026-02-13 20:57:32,396 - Drone_4 - INFO - Drone 4: Reached target position
2026-02-13 20:57:32,989 - Drone_3 - INFO - Drone 3: Flying to {'x': 1134.867380420378, 'y': 463.610377681238, 'z': 60.0}
2026-02-13 20:57:32,990 - Drone_4 - INFO - Drone 4: Flying to {'x': 1160.8625120833105, 'y': 401.3166931712751, 'z': 60.0}
2026-02-13 20:57:33,327 - Drone_3 - INFO - Drone 3: Reached target position
2026-02-13 20:57:33,404 - Drone_4 - INFO - Drone 4: Reached target position
2026-02-13 20:57:33,992 - Drone_3 - INFO - Drone 3: Flying to {'x': 1125.8474142993402, 'y': 461.3073042856635, 'z': 60.0}
2026-02-13 20:57:33,992 - Drone_4 - INFO - Drone 4: Flying to {'x': 1153.9261546701307, 'y': 399.9246166678202, 'z': 60.0}
2026-02-13 20:57:34,334 - Drone_3 - INFO - Drone 3: Reached target position
2026-02-13 20:57:34,412 - Drone_4 - INFO - Drone 4: Reached target position
2026-02-13 20:57:34,993 - Drone_3 - INFO - Drone 3: Flying to {'x': 1116.8659202878625, 'y': 458.7319062010661, 'z': 60.0}
2026-02-13 20:57:34,994 - Drone_4 - INFO - Drone 4: Flying to {'x': 1147.066202240254, 'y': 398.36475478578024, 'z': 60.0}
2026-02-13 20:57:35,340 - Drone_3 - INFO - Drone 3: Reached target position
2026-02-13 20:57:35,418 - Drone_4 - INFO - Drone 4: Reached target position
2026-02-13 20:57:35,995 - Drone_3 - INFO - Drone 3: Flying to {'x': 1107.8876070181534, 'y': 455.862564801167, 'z': 60.0}
2026-02-13 20:57:35,995 - Drone_4 - INFO - Drone 4: Flying to {'x': 1140.2587381958917, 'y': 396.63115534407535, 'z': 60.0}
2026-02-13 20:57:36,345 - Drone_3 - INFO - Drone 3: Reached target position
2026-02-13 20:57:36,426 - Drone_4 - INFO - Drone 4: Reached target position
2026-02-13 20:57:36,997 - Drone_3 - INFO - Drone 3: Flying to {'x': 1098.9618640342442, 'y': 452.7021522322094, 'z': 60.0}
2026-02-13 20:57:36,998 - Drone_4 - INFO - Drone 4: Flying to {'x': 1133.5438302493735, 'y': 394.7337331344313, 'z': 60.0}
2026-02-13 20:57:37,354 - Drone_3 - INFO - Drone 3: Reached target position
2026-02-13 20:57:37,432 - Drone_4 - INFO - Drone 4: Reached target position
2026-02-13 20:57:38,000 - Drone_3 - INFO - Drone 3: Flying to {'x': 1090.0754937165577, 'y': 449.23209353177106, 'z': 60.0}
2026-02-13 20:57:38,001 - Drone_4 - INFO - Drone 4: Flying to {'x': 1126.9133033457103, 'y': 392.67039463820595, 'z': 60.0}
2026-02-13 20:57:38,360 - Drone_3 - INFO - Drone 3: Reached target position
2026-02-13 20:57:38,440 - Drone_4 - INFO - Drone 4: Reached target position
2026-02-13 20:57:39,004 - Drone_3 - INFO - Drone 3: Flying to {'x': 1081.2356788877255, 'y': 445.43786714391064, 'z': 60.0}
2026-02-13 20:57:39,005 - Drone_4 - INFO - Drone 4: Flying to {'x': 1120.3736186537026, 'y': 390.44267034569253, 'z': 60.0}
2026-02-13 20:57:39,366 - Drone_3 - INFO - Drone 3: Reached target position
2026-02-13 20:57:39,446 - Drone_4 - INFO - Drone 4: Reached target position
2026-02-13 20:57:40,008 - Drone_3 - INFO - Drone 3: Flying to {'x': 1072.4603485493496, 'y': 441.30752280039553, 'z': 60.0}
2026-02-13 20:57:40,009 - Drone_4 - INFO - Drone 4: Flying to {'x': 1113.9379337241182, 'y': 388.05473012179664, 'z': 60.0}
2026-02-13 20:57:40,373 - Drone_3 - INFO - Drone 3: Reached target position
2026-02-13 20:57:40,452 - Drone_4 - INFO - Drone 4: Reached target position
2026-02-13 20:57:41,011 - Drone_3 - INFO - Drone 3: Flying to {'x': 1063.7602223453773, 'y': 436.82366106687186, 'z': 60.0}
2026-02-13 20:57:41,011 - Drone_4 - INFO - Drone 4: Flying to {'x': 1107.612421159953, 'y': 385.5086081181813, 'z': 60.0}
2026-02-13 20:57:41,380 - Drone_3 - INFO - Drone 3: Reached target position
2026-02-13 20:57:41,388 - PhysicalMLTrainer_Drone5 - INFO - Physical ML model trained drone=5 samples=6301 degree=2 alpha=0.0 val_mse=0.000000
2026-02-13 20:57:41,396 - PhysicalMLTrainer_Drone2 - INFO - Physical ML model trained drone=2 samples=6301 degree=2 alpha=0.0 val_mse=0.013909
2026-02-13 20:57:41,459 - Drone_4 - INFO - Drone 4: Reached target position
2026-02-13 20:57:41,603 - PhysicalMLTrainer_Drone3 - INFO - Physical ML model trained drone=3 samples=6301 degree=2 alpha=0.0 val_mse=0.010088
2026-02-13 20:57:41,679 - PhysicalMLTrainer_Drone4 - INFO - Physical ML model trained drone=4 samples=6301 degree=2 alpha=0.0 val_mse=0.019569
2026-02-13 20:57:42,012 - Drone_3 - INFO - Drone 3: Flying to {'x': 1054.9602261276834, 'y': 431.8547766844778, 'z': 60.0}
2026-02-13 20:57:42,013 - Drone_4 - INFO - Drone 4: Flying to {'x': 1101.2677670970713, 'y': 382.74406859175684, 'z': 60.0}
2026-02-13 20:57:42,408 - Drone_3 - INFO - Drone 3: Reached target position
2026-02-13 20:57:42,484 - Drone_4 - INFO - Drone 4: Reached target position
2026-02-13 20:57:43,015 - Drone_3 - INFO - Drone 3: Flying to {'x': 1046.4402802390312, 'y': 426.58399194727116, 'z': 60.0}
2026-02-13 20:57:43,016 - Drone_4 - INFO - Drone 4: Flying to {'x': 1095.1720099242364, 'y': 379.877798333489, 'z': 60.0}
2026-02-13 20:57:43,414 - Drone_3 - INFO - Drone 3: Reached target position
2026-02-13 20:57:43,491 - Drone_4 - INFO - Drone 4: Reached target position
2026-02-13 20:57:44,018 - Drone_3 - INFO - Drone 3: Flying to {'x': 1038.0588169479672, 'y': 420.9009826663318, 'z': 60.0}
2026-02-13 20:57:44,019 - Drone_4 - INFO - Drone 4: Flying to {'x': 1089.2129825096201, 'y': 376.8612126204857, 'z': 60.0}
2026-02-13 20:57:44,396 - Drone_4 - INFO - Drone 4: Reached target position
2026-02-13 20:57:44,420 - Drone_3 - INFO - Drone 3: Reached target position
2026-02-13 20:57:45,021 - Drone_3 - INFO - Drone 3: Flying to {'x': 1029.8288752993517, 'y': 414.77212233318266, 'z': 60.0}
2026-02-13 20:57:45,022 - Drone_4 - INFO - Drone 4: Flying to {'x': 1083.386952638646, 'y': 373.6894939883683, 'z': 60.0}
2026-02-13 20:57:45,403 - Drone_4 - INFO - Drone 4: Reached target position
2026-02-13 20:57:45,427 - Drone_3 - INFO - Drone 3: Reached target position
2026-02-13 20:57:46,025 - Drone_3 - INFO - Drone 3: Flying to {'x': 1021.7815299289078, 'y': 408.16885707015734, 'z': 60.0}
2026-02-13 20:57:46,025 - Drone_4 - INFO - Drone 4: Flying to {'x': 1077.6986106502845, 'y': 370.35973008209993, 'z': 60.0}
2026-02-13 20:57:46,409 - Drone_4 - INFO - Drone 4: Reached target position
2026-02-13 20:57:46,432 - Drone_3 - INFO - Drone 3: Reached target position
2026-02-13 20:57:47,030 - Drone_3 - INFO - Drone 3: Flying to {'x': 1013.9608689764075, 'y': 401.06646009729116, 'z': 60.0}
2026-02-13 20:57:47,031 - Drone_4 - INFO - Drone 4: Flying to {'x': 1072.1567903934636, 'y': 366.86873019573454, 'z': 60.0}
2026-02-13 20:57:47,415 - Drone_4 - INFO - Drone 4: Reached target position
2026-02-13 20:57:47,438 - Drone_3 - INFO - Drone 3: Reached target position
2026-02-13 20:57:48,032 - Drone_3 - INFO - Drone 3: Flying to {'x': 1007.1536577186628, 'y': 394.22215241947214, 'z': 60.0}
2026-02-13 20:57:48,033 - Drone_4 - INFO - Drone 4: Flying to {'x': 1067.298183882582, 'y': 363.5809061569972, 'z': 60.0}
2026-02-13 20:57:48,424 - Drone_4 - INFO - Drone 4: Reached target position
2026-02-13 20:57:48,445 - Drone_3 - INFO - Drone 3: Reached target position
2026-02-13 20:57:49,034 - Drone_3 - INFO - Drone 3: Flying to {'x': 999.9130124850354, 'y': 386.10488589520577, 'z': 60.0}
2026-02-13 20:57:49,034 - Drone_4 - INFO - Drone 4: Flying to {'x': 1062.059805520088, 'y': 359.76051049060874, 'z': 60.0}
2026-02-13 20:57:49,430 - Drone_4 - INFO - Drone 4: Reached target position
2026-02-13 20:57:49,551 - Drone_3 - INFO - Drone 3: Reached target position
2026-02-13 20:57:50,035 - Drone_3 - INFO - Drone 3: Flying to {'x': 993.0688643405175, 'y': 377.41724649387623, 'z': 60.0}
2026-02-13 20:57:50,036 - Drone_4 - INFO - Drone 4: Flying to {'x': 1056.9941238658464, 'y': 355.74211801399537, 'z': 60.0}
2026-02-13 20:57:50,436 - Drone_4 - INFO - Drone 4: Reached target position
2026-02-13 20:57:50,559 - Drone_3 - INFO - Drone 3: Reached target position
2026-02-13 20:57:51,038 - Drone_3 - INFO - Drone 3: Flying to {'x': 986.72882300756, 'y': 368.1866282666218, 'z': 60.0}
2026-02-13 20:57:51,039 - Drone_4 - INFO - Drone 4: Flying to {'x': 1052.1393627004845, 'y': 351.5219561402238, 'z': 60.0}
2026-02-13 20:57:51,341 - Drone_4 - INFO - Drone 4: Reached target position
2026-02-13 20:57:51,666 - Drone_3 - INFO - Drone 3: Reached target position
2026-02-13 20:57:52,041 - Drone_3 - INFO - Drone 3: Flying to {'x': 980.9721383638747, 'y': 358.4064658966912, 'z': 60.0}
2026-02-13 20:57:52,041 - Drone_4 - INFO - Drone 4: Flying to {'x': 1047.513428203839, 'y': 347.0703842794014, 'z': 60.0}
2026-02-13 20:57:52,247 - Drone_4 - INFO - Drone 4: Reached target position
2026-02-13 20:57:52,672 - Drone_3 - INFO - Drone 3: Reached target position
2026-02-13 20:57:53,044 - Drone_3 - INFO - Drone 3: Flying to {'x': 975.895253062027, 'y': 348.097217340993, 'z': 60.0}
2026-02-13 20:57:53,045 - Drone_4 - INFO - Drone 4: Flying to {'x': 1043.151022823043, 'y': 342.3603685672126, 'z': 60.0}
2026-02-13 20:57:53,253 - Drone_4 - INFO - Drone 4: Reached target position
2026-02-13 20:57:53,679 - Drone_3 - INFO - Drone 3: Reached target position
2026-02-13 20:57:54,046 - Drone_3 - INFO - Drone 3: Flying to {'x': 971.6069929021764, 'y': 337.3226307218987, 'z': 60.0}
2026-02-13 20:57:54,047 - Drone_4 - INFO - Drone 4: Flying to {'x': 1039.106971568979, 'y': 337.376296178409, 'z': 60.0}
2026-02-13 20:57:54,262 - Drone_4 - INFO - Drone 4: Reached target position
2026-02-13 20:57:54,786 - Drone_3 - INFO - Drone 3: Reached target position
2026-02-13 20:57:55,048 - Drone_3 - INFO - Drone 3: Flying to {'x': 968.2054832553196, 'y': 326.16647827688695, 'z': 60.0}
2026-02-13 20:57:55,049 - Drone_4 - INFO - Drone 4: Flying to {'x': 1035.4435705796184, 'y': 332.10698439757806, 'z': 60.0}
2026-02-13 20:57:55,269 - Drone_4 - INFO - Drone 4: Reached target position
2026-02-13 20:57:55,794 - Drone_3 - INFO - Drone 3: Reached target position
2026-02-13 20:57:56,050 - Drone_3 - INFO - Drone 3: Flying to {'x': 965.7734499439335, 'y': 314.74012205475526, 'z': 60.0}
2026-02-13 20:57:56,050 - Drone_4 - INFO - Drone 4: Flying to {'x': 1032.2314612457494, 'y': 326.55463574799364, 'z': 60.0}
2026-02-13 20:57:56,176 - Drone_4 - INFO - Drone 4: Reached target position
2026-02-13 20:57:56,800 - Drone_3 - INFO - Drone 3: Reached target position
2026-02-13 20:57:57,053 - Drone_3 - INFO - Drone 3: Flying to {'x': 964.3680016452885, 'y': 303.17408128639306, 'z': 60.0}
2026-02-13 20:57:57,053 - Drone_4 - INFO - Drone 4: Flying to {'x': 1029.54303585593, 'y': 320.7372505801658, 'z': 60.0}
2026-02-13 20:57:57,181 - Drone_4 - INFO - Drone 4: Reached target position
2026-02-13 20:57:57,806 - Drone_3 - INFO - Drone 3: Reached target position
2026-02-13 20:57:58,056 - Drone_3 - INFO - Drone 3: Flying to {'x': 964.0147761849056, 'y': 291.5856348063959, 'z': 60.0}
2026-02-13 20:57:58,056 - Drone_4 - INFO - Drone 4: Flying to {'x': 1027.4419698298943, 'y': 314.67764871426255, 'z': 60.0}
2026-02-13 20:57:58,087 - Drone_4 - INFO - Drone 4: Reached target position
2026-02-13 20:57:58,812 - Drone_3 - INFO - Drone 3: Reached target position
2026-02-13 20:57:59,058 - Drone_3 - INFO - Drone 3: Flying to {'x': 964.7115256362199, 'y': 280.1106936158318, 'z': 60.0}
2026-02-13 20:57:59,059 - Drone_4 - INFO - Drone 4: Flying to {'x': 1025.986669482993, 'y': 308.4233541506045, 'z': 60.0}
2026-02-13 20:57:59,093 - Drone_4 - INFO - Drone 4: Reached target position
2026-02-13 20:57:59,818 - Drone_3 - INFO - Drone 3: Reached target position
2026-02-13 20:58:00,061 - Drone_3 - INFO - Drone 3: Flying to {'x': 966.4220230206258, 'y': 268.8903135488918, 'z': 60.0}
2026-02-13 20:58:00,062 - Drone_4 - INFO - Drone 4: Flying to {'x': 1025.219566933049, 'y': 302.04297301787955, 'z': 60.0}
2026-02-13 20:58:00,099 - Drone_4 - INFO - Drone 4: Reached target position
2026-02-13 20:58:00,825 - Drone_3 - INFO - Drone 3: Reached target position
2026-02-13 20:58:01,068 - Drone_3 - INFO - Drone 3: Flying to {'x': 969.0809867267541, 'y': 258.03999642841853, 'z': 60.0}
2026-02-13 20:58:01,069 - Drone_4 - INFO - Drone 4: Flying to {'x': 1025.159650460814, 'y': 295.60904584149586, 'z': 60.0}
2026-02-13 20:58:01,206 - Drone_4 - INFO - Drone 4: Reached target position
2026-02-13 20:58:01,541 - PhysicalMLTrainer_Drone5 - INFO - Physical ML model trained drone=5 samples=6501 degree=2 alpha=0.0 val_mse=0.000000
2026-02-13 20:58:01,541 - PhysicalMLTrainer_Drone2 - INFO - Physical ML model trained drone=2 samples=6501 degree=2 alpha=0.0 val_mse=0.013451
2026-02-13 20:58:01,749 - PhysicalMLTrainer_Drone3 - INFO - Physical ML model trained drone=3 samples=6501 degree=2 alpha=0.0 val_mse=0.007774
2026-02-13 20:58:01,837 - PhysicalMLTrainer_Drone4 - INFO - Physical ML model trained drone=4 samples=6501 degree=2 alpha=0.0 val_mse=0.018878
2026-02-13 20:58:01,850 - Drone_3 - INFO - Drone 3: Reached target position
2026-02-13 20:58:02,070 - Drone_3 - INFO - Drone 3: Flying to {'x': 972.7210554847294, 'y': 247.34969181252745, 'z': 60.0}
2026-02-13 20:58:02,070 - Drone_4 - INFO - Drone 4: Flying to {'x': 1025.8348731229846, 'y': 289.00509213337625, 'z': 60.0}
2026-02-13 20:58:02,240 - Drone_4 - INFO - Drone 4: Reached target position
2026-02-13 20:58:02,856 - Drone_3 - INFO - Drone 3: Reached target position
2026-02-13 20:58:03,073 - Drone_3 - INFO - Drone 3: Flying to {'x': 977.0571639143661, 'y': 237.44421814492412, 'z': 60.0}
2026-02-13 20:58:03,073 - Drone_4 - INFO - Drone 4: Flying to {'x': 1027.1879944072082, 'y': 282.6454331075546, 'z': 60.0}
2026-02-13 20:58:03,348 - Drone_4 - INFO - Drone 4: Reached target position
2026-02-13 20:58:03,862 - Drone_3 - INFO - Drone 3: Reached target position
2026-02-13 20:58:04,075 - Drone_3 - INFO - Drone 3: Flying to {'x': 982.0745301615673, 'y': 228.08910228475278, 'z': 60.0}
2026-02-13 20:58:04,076 - Drone_4 - INFO - Drone 4: Flying to {'x': 1029.192436750374, 'y': 276.4228676945415, 'z': 60.0}
2026-02-13 20:58:04,355 - Drone_4 - INFO - Drone 4: Reached target position
2026-02-13 20:58:04,868 - Drone_3 - INFO - Drone 3: Reached target position
2026-02-13 20:58:05,078 - Drone_3 - INFO - Drone 3: Flying to {'x': 987.678874046214, 'y': 219.3027557523546, 'z': 60.0}
2026-02-13 20:58:05,079 - Drone_4 - INFO - Drone 4: Flying to {'x': 1031.8009692001363, 'y': 270.3859302741895, 'z': 60.0}
2026-02-13 20:58:05,364 - Drone_4 - INFO - Drone 4: Reached target position
2026-02-13 20:58:05,874 - Drone_3 - INFO - Drone 3: Reached target position
2026-02-13 20:58:06,081 - Drone_3 - INFO - Drone 3: Flying to {'x': 993.8154544066333, 'y': 211.04583618989255, 'z': 60.0}
2026-02-13 20:58:06,081 - Drone_4 - INFO - Drone 4: Flying to {'x': 1034.9779588340646, 'y': 264.542548511882, 'z': 60.0}
2026-02-13 20:58:06,473 - Drone_4 - INFO - Drone 4: Reached target position
2026-02-13 20:58:06,879 - Drone_3 - INFO - Drone 3: Reached target position
2026-02-13 20:58:07,084 - Drone_3 - INFO - Drone 3: Flying to {'x': 1000.3735504160765, 'y': 203.35773445068997, 'z': 60.0}
2026-02-13 20:58:07,085 - Drone_4 - INFO - Drone 4: Flying to {'x': 1038.6526391957125, 'y': 258.9541494628177, 'z': 60.0}
2026-02-13 20:58:07,481 - Drone_4 - INFO - Drone 4: Reached target position
2026-02-13 20:58:07,889 - Drone_3 - INFO - Drone 3: Reached target position
2026-02-13 20:58:08,086 - Drone_3 - INFO - Drone 3: Flying to {'x': 1007.311990409819, 'y': 196.19028192092, 'z': 60.0}
2026-02-13 20:58:08,087 - Drone_4 - INFO - Drone 4: Flying to {'x': 1042.7862684042582, 'y': 253.61697955166707, 'z': 60.0}
2026-02-13 20:58:08,489 - Drone_4 - INFO - Drone 4: Reached target position
2026-02-13 20:58:08,795 - Drone_3 - INFO - Drone 3: Reached target position
2026-02-13 20:58:09,088 - Drone_3 - INFO - Drone 3: Flying to {'x': 1013.8245737590709, 'y': 190.17800333300372, 'z': 60.0}
2026-02-13 20:58:09,088 - Drone_4 - INFO - Drone 4: Flying to {'x': 1046.8517996083235, 'y': 249.0460961567267, 'z': 60.0}
2026-02-13 20:58:09,395 - Drone_4 - INFO - Drone 4: Reached target position
2026-02-13 20:58:09,701 - Drone_3 - INFO - Drone 3: Reached target position
2026-02-13 20:58:10,091 - Drone_3 - INFO - Drone 3: Flying to {'x': 1021.3130833829114, 'y': 183.96218164128547, 'z': 60.0}
2026-02-13 20:58:10,091 - Drone_4 - INFO - Drone 4: Flying to {'x': 1051.7090642455546, 'y': 244.23103219775302, 'z': 60.0}
2026-02-13 20:58:10,501 - Drone_4 - INFO - Drone 4: Reached target position
2026-02-13 20:58:10,808 - Drone_3 - INFO - Drone 3: Reached target position
2026-02-13 20:58:11,094 - Drone_3 - INFO - Drone 3: Flying to {'x': 1029.036294306587, 'y': 178.20385585812784, 'z': 60.0}
2026-02-13 20:58:11,095 - Drone_4 - INFO - Drone 4: Flying to {'x': 1056.888786776933, 'y': 239.68953437914047, 'z': 60.0}
2026-02-13 20:58:11,507 - Drone_4 - INFO - Drone 4: Reached target position
2026-02-13 20:58:11,817 - Drone_3 - INFO - Drone 3: Reached target position
2026-02-13 20:58:12,097 - Drone_3 - INFO - Drone 3: Flying to {'x': 1036.9576042693134, 'y': 172.8806338969365, 'z': 60.0}
2026-02-13 20:58:12,098 - Drone_4 - INFO - Drone 4: Flying to {'x': 1062.351325580545, 'y': 235.42189162307665, 'z': 60.0}
2026-02-13 20:58:12,513 - Drone_4 - INFO - Drone 4: Reached target position
2026-02-13 20:58:12,823 - Drone_3 - INFO - Drone 3: Reached target position
2026-02-13 20:58:13,101 - Drone_3 - INFO - Drone 3: Flying to {'x': 1045.0563228113049, 'y': 167.96464290284143, 'z': 60.0}
2026-02-13 20:58:13,101 - Drone_4 - INFO - Drone 4: Flying to {'x': 1068.0683216713585, 'y': 231.4209105874831, 'z': 60.0}
2026-02-13 20:58:13,519 - Drone_4 - INFO - Drone 4: Reached target position
2026-02-13 20:58:13,829 - Drone_3 - INFO - Drone 3: Reached target position
2026-02-13 20:58:14,103 - Drone_3 - INFO - Drone 3: Flying to {'x': 1053.3155292668355, 'y': 163.43181801865768, 'z': 60.0}
2026-02-13 20:58:14,103 - Drone_4 - INFO - Drone 4: Flying to {'x': 1074.0149980092717, 'y': 227.67963505379834, 'z': 60.0}
2026-02-13 20:58:14,526 - Drone_4 - INFO - Drone 4: Reached target position
2026-02-13 20:58:14,837 - Drone_3 - INFO - Drone 3: Reached target position
2026-02-13 20:58:15,105 - Drone_3 - INFO - Drone 3: Flying to {'x': 1061.6907219878617, 'y': 159.27582298542617, 'z': 60.0}
2026-02-13 20:58:15,105 - Drone_4 - INFO - Drone 4: Flying to {'x': 1080.147048077386, 'y': 224.20358305211224, 'z': 60.0}
2026-02-13 20:58:15,631 - Drone_4 - INFO - Drone 4: Reached target position
2026-02-13 20:58:15,843 - Drone_3 - INFO - Drone 3: Reached target position
2026-02-13 20:58:16,107 - Drone_3 - INFO - Drone 3: Flying to {'x': 1070.1752409971211, 'y': 155.4727180729355, 'z': 60.0}
2026-02-13 20:58:16,107 - Drone_4 - INFO - Drone 4: Flying to {'x': 1086.4481363260131, 'y': 220.98182337605294, 'z': 60.0}
2026-02-13 20:58:16,637 - Drone_4 - INFO - Drone 4: Reached target position
2026-02-13 20:58:16,848 - Drone_3 - INFO - Drone 3: Reached target position
2026-02-13 20:58:17,108 - Drone_3 - INFO - Drone 3: Flying to {'x': 1078.7532986350532, 'y': 152.00688205589955, 'z': 60.0}
2026-02-13 20:58:17,109 - Drone_4 - INFO - Drone 4: Flying to {'x': 1092.8961925354727, 'y': 218.00861348865425, 'z': 60.0}
2026-02-13 20:58:17,643 - Drone_4 - INFO - Drone 4: Reached target position
2026-02-13 20:58:17,856 - Drone_3 - INFO - Drone 3: Reached target position
2026-02-13 20:58:18,111 - Drone_3 - INFO - Drone 3: Flying to {'x': 1087.4151157491651, 'y': 148.86292707127714, 'z': 60.0}
2026-02-13 20:58:18,111 - Drone_4 - INFO - Drone 4: Flying to {'x': 1099.4744208997245, 'y': 215.27695540329213, 'z': 60.0}
2026-02-13 20:58:18,650 - Drone_4 - INFO - Drone 4: Reached target position
2026-02-13 20:58:18,861 - Drone_3 - INFO - Drone 3: Reached target position
2026-02-13 20:58:19,114 - Drone_3 - INFO - Drone 3: Flying to {'x': 1096.1457479282692, 'y': 146.029623693072, 'z': 60.0}
2026-02-13 20:58:19,115 - Drone_4 - INFO - Drone 4: Flying to {'x': 1106.1627982631087, 'y': 212.78221692052117, 'z': 60.0}
2026-02-13 20:58:19,656 - Drone_4 - INFO - Drone 4: Reached target position
2026-02-13 20:58:19,868 - Drone_3 - INFO - Drone 3: Reached target position
2026-02-13 20:58:20,118 - Drone_3 - INFO - Drone 3: Flying to {'x': 1104.9341216953603, 'y': 143.49599692246636, 'z': 60.0}
2026-02-13 20:58:20,118 - Drone_4 - INFO - Drone 4: Flying to {'x': 1112.9448290303576, 'y': 210.51896737285017, 'z': 60.0}
2026-02-13 20:58:20,662 - Drone_4 - INFO - Drone 4: Reached target position
2026-02-13 20:58:20,874 - Drone_3 - INFO - Drone 3: Reached target position
2026-02-13 20:58:21,122 - Drone_3 - INFO - Drone 3: Flying to {'x': 1113.793299250015, 'y': 141.24686183404253, 'z': 60.0}
2026-02-13 20:58:21,122 - Drone_4 - INFO - Drone 4: Flying to {'x': 1119.8233712316987, 'y': 208.47697585964653, 'z': 60.0}
2026-02-13 20:58:21,676 - Drone_4 - INFO - Drone 4: Reached target position
2026-02-13 20:58:21,698 - PhysicalMLTrainer_Drone5 - INFO - Physical ML model trained drone=5 samples=6701 degree=2 alpha=0.0 val_mse=0.000000
2026-02-13 20:58:21,701 - PhysicalMLTrainer_Drone2 - INFO - Physical ML model trained drone=2 samples=6701 degree=2 alpha=0.0 val_mse=0.019361
2026-02-13 20:58:21,882 - Drone_3 - INFO - Drone 3: Reached target position
2026-02-13 20:58:21,908 - PhysicalMLTrainer_Drone3 - INFO - Physical ML model trained drone=3 samples=6701 degree=2 alpha=0.0 val_mse=0.007042
2026-02-13 20:58:22,005 - PhysicalMLTrainer_Drone4 - INFO - Physical ML model trained drone=4 samples=6701 degree=2 alpha=0.0 val_mse=0.027396
2026-02-13 20:58:22,124 - Drone_3 - INFO - Drone 3: Flying to {'x': 1123.0617493231214, 'y': 139.20555986404617, 'z': 60.0}
2026-02-13 20:58:22,124 - Drone_4 - INFO - Drone 4: Flying to {'x': 1127.056929402437, 'y': 206.5872230680206, 'z': 60.0}
2026-02-13 20:58:22,709 - Drone_4 - INFO - Drone 4: Reached target position
2026-02-13 20:58:22,915 - Drone_3 - INFO - Drone 3: Reached target position
2026-02-13 20:58:23,126 - Drone_3 - INFO - Drone 3: Flying to {'x': 1132.010738231508, 'y': 137.522002138966, 'z': 60.0}
2026-02-13 20:58:23,126 - Drone_4 - INFO - Drone 4: Flying to {'x': 1134.0694882436499, 'y': 204.99059889617968, 'z': 60.0}
2026-02-13 20:58:23,716 - Drone_4 - INFO - Drone 4: Reached target position
2026-02-13 20:58:23,921 - Drone_3 - INFO - Drone 3: Reached target position
2026-02-13 20:58:24,130 - Drone_3 - INFO - Drone 3: Flying to {'x': 1141.0053446821044, 'y': 136.10426990365585, 'z': 60.0}
2026-02-13 20:58:24,131 - Drone_4 - INFO - Drone 4: Flying to {'x': 1141.1398350724726, 'y': 203.6041359208184, 'z': 60.0}
2026-02-13 20:58:24,723 - Drone_4 - INFO - Drone 4: Reached target position
2026-02-13 20:58:24,927 - Drone_3 - INFO - Drone 3: Reached target position
2026-02-13 20:58:25,134 - Drone_3 - INFO - Drone 3: Flying to {'x': 1150.0157345973075, 'y': 134.9509461607175, 'z': 60.0}
2026-02-13 20:58:25,135 - Drone_4 - INFO - Drone 4: Flying to {'x': 1148.2388926600665, 'y': 202.42755568379638, 'z': 60.0}
2026-02-13 20:58:25,728 - Drone_4 - INFO - Drone 4: Reached target position
2026-02-13 20:58:25,934 - Drone_3 - INFO - Drone 3: Reached target position
2026-02-13 20:58:26,138 - Drone_3 - INFO - Drone 3: Flying to {'x': 1159.0618069946552, 'y': 134.0546127523969, 'z': 60.0}
2026-02-13 20:58:26,139 - Drone_4 - INFO - Drone 4: Flying to {'x': 1155.3770278271948, 'y': 201.45396291608205, 'z': 60.0}
2026-02-13 20:58:26,737 - Drone_4 - INFO - Drone 4: Reached target position
2026-02-13 20:58:26,941 - Drone_3 - INFO - Drone 3: Reached target position
2026-02-13 20:58:27,143 - Drone_3 - INFO - Drone 3: Flying to {'x': 1168.1346403933326, 'y': 133.41317358323732, 'z': 60.0}
2026-02-13 20:58:27,144 - Drone_4 - INFO - Drone 4: Flying to {'x': 1162.5421320842843, 'y': 200.6810994529505, 'z': 60.0}
2026-02-13 20:58:27,743 - Drone_4 - INFO - Drone 4: Reached target position
2026-02-13 20:58:27,750 - Drone_3 - INFO - Drone 3: Reached target position
2026-02-13 20:58:28,145 - Drone_3 - INFO - Drone 3: Flying to {'x': 1177.2266596008055, 'y': 133.0248376006747, 'z': 60.0}
2026-02-13 20:58:28,146 - Drone_4 - INFO - Drone 4: Flying to {'x': 1169.7233191740236, 'y': 200.10650337039021, 'z': 60.0}
2026-02-13 20:58:28,652 - Drone_4 - INFO - Drone 4: Reached target position
2026-02-13 20:58:28,857 - Drone_3 - INFO - Drone 3: Reached target position
2026-02-13 20:58:29,147 - Drone_3 - INFO - Drone 3: Flying to {'x': 1186.3293413149577, 'y': 132.88825058470437, 'z': 60.0}
2026-02-13 20:58:29,147 - Drone_4 - INFO - Drone 4: Flying to {'x': 1176.909098908281, 'y': 199.7276778189308, 'z': 60.0}
2026-02-13 20:58:29,759 - Drone_4 - INFO - Drone 4: Reached target position
2026-02-13 20:58:29,862 - Drone_3 - INFO - Drone 3: Reached target position
2026-02-13 20:58:30,149 - Drone_3 - INFO - Drone 3: Flying to {'x': 1194.5329867740656, 'y': 132.97992325327166, 'z': 60.0}
2026-02-13 20:58:30,150 - Drone_4 - INFO - Drone 4: Flying to {'x': 1183.3780691304537, 'y': 199.55182282331722, 'z': 60.0}
2026-02-13 20:58:30,668 - Drone_4 - INFO - Drone 4: Reached target position
2026-02-13 20:58:30,769 - Drone_3 - INFO - Drone 3: Reached target position
2026-02-13 20:58:31,153 - Drone_3 - INFO - Drone 3: Flying to {'x': 1203.6476945905679, 'y': 133.32003887539204, 'z': 60.0}
2026-02-13 20:58:31,154 - Drone_4 - INFO - Drone 4: Flying to {'x': 1190.5534143779623, 'y': 199.53778442531066, 'z': 60.0}
2026-02-13 20:58:31,777 - Drone_4 - INFO - Drone 4: Reached target position
2026-02-13 20:58:31,875 - Drone_3 - INFO - Drone 3: Reached target position
2026-02-13 20:58:32,158 - Drone_3 - INFO - Drone 3: Flying to {'x': 1212.7761016796082, 'y': 133.91265525973498, 'z': 60.0}
2026-02-13 20:58:32,159 - Drone_4 - INFO - Drone 4: Flying to {'x': 1197.7225547887572, 'y': 199.71266077648968, 'z': 60.0}
2026-02-13 20:58:32,683 - Drone_4 - INFO - Drone 4: Reached target position
2026-02-13 20:58:32,881 - Drone_3 - INFO - Drone 3: Reached target position
2026-02-13 20:58:33,162 - Drone_3 - INFO - Drone 3: Flying to {'x': 1221.9002447331372, 'y': 134.75876963951566, 'z': 60.0}
2026-02-13 20:58:33,163 - Drone_4 - INFO - Drone 4: Flying to {'x': 1204.8669579860243, 'y': 200.07428956082248, 'z': 60.0}
2026-02-13 20:58:33,790 - Drone_4 - INFO - Drone 4: Reached target position
2026-02-13 20:58:33,888 - Drone_3 - INFO - Drone 3: Reached target position
2026-02-13 20:58:34,166 - Drone_3 - INFO - Drone 3: Flying to {'x': 1231.0238867514133, 'y': 135.86159096647347, 'z': 60.0}
2026-02-13 20:58:34,167 - Drone_4 - INFO - Drone 4: Flying to {'x': 1211.985241925793, 'y': 200.62099185317012, 'z': 60.0}
2026-02-13 20:58:34,697 - Drone_4 - INFO - Drone 4: Reached target position
2026-02-13 20:58:34,895 - Drone_3 - INFO - Drone 3: Reached target position
2026-02-13 20:58:35,168 - Drone_3 - INFO - Drone 3: Flying to {'x': 1240.1428005366786, 'y': 137.22473571465832, 'z': 60.0}
2026-02-13 20:58:35,169 - Drone_4 - INFO - Drone 4: Flying to {'x': 1219.0698141862842, 'y': 201.35101150139099, 'z': 60.0}
2026-02-13 20:58:35,806 - Drone_4 - INFO - Drone 4: Reached target position
2026-02-13 20:58:35,904 - Drone_3 - INFO - Drone 3: Reached target position
2026-02-13 20:58:36,171 - Drone_3 - INFO - Drone 3: Flying to {'x': 1249.2751368450768, 'y': 138.85710274938694, 'z': 60.0}
2026-02-13 20:58:36,171 - Drone_4 - INFO - Drone 4: Flying to {'x': 1226.1304495834365, 'y': 202.26509476585804, 'z': 60.0}
2026-02-13 20:58:36,711 - Drone_4 - INFO - Drone 4: Reached target position
2026-02-13 20:58:36,909 - Drone_3 - INFO - Drone 3: Reached target position
2026-02-13 20:58:37,174 - Drone_3 - INFO - Drone 3: Flying to {'x': 1258.3674184350764, 'y': 140.75514441346579, 'z': 60.0}
2026-02-13 20:58:37,175 - Drone_4 - INFO - Drone 4: Flying to {'x': 1233.121705174897, 'y': 203.35629425901422, 'z': 60.0}
2026-02-13 20:58:37,818 - Drone_4 - INFO - Drone 4: Reached target position
2026-02-13 20:58:37,916 - Drone_3 - INFO - Drone 3: Reached target position
2026-02-13 20:58:38,177 - Drone_3 - INFO - Drone 3: Flying to {'x': 1267.4513403107496, 'y': 142.93232851441422, 'z': 60.0}
2026-02-13 20:58:38,178 - Drone_4 - INFO - Drone 4: Flying to {'x': 1240.0641548999067, 'y': 204.6266724632083, 'z': 60.0}
2026-02-13 20:58:38,824 - Drone_4 - INFO - Drone 4: Reached target position
2026-02-13 20:58:38,922 - Drone_3 - INFO - Drone 3: Reached target position
2026-02-13 20:58:39,181 - Drone_3 - INFO - Drone 3: Flying to {'x': 1276.5062453991925, 'y': 145.3927720532344, 'z': 60.0}
2026-02-13 20:58:39,181 - Drone_4 - INFO - Drone 4: Flying to {'x': 1246.9383019245354, 'y': 206.07214843994007, 'z': 60.0}
2026-02-13 20:58:39,830 - Drone_4 - INFO - Drone 4: Reached target position
2026-02-13 20:58:39,927 - Drone_3 - INFO - Drone 3: Reached target position
2026-02-13 20:58:40,185 - Drone_3 - INFO - Drone 3: Flying to {'x': 1285.5209770247536, 'y': 148.14306334993074, 'z': 60.0}
2026-02-13 20:58:40,185 - Drone_4 - INFO - Drone 4: Flying to {'x': 1253.7324911058656, 'y': 207.68919809421664, 'z': 60.0}
2026-02-13 20:58:40,836 - Drone_4 - INFO - Drone 4: Reached target position
2026-02-13 20:58:40,933 - Drone_3 - INFO - Drone 3: Reached target position
2026-02-13 20:58:41,189 - Drone_3 - INFO - Drone 3: Flying to {'x': 1294.507973832852, 'y': 151.19908923891668, 'z': 60.0}
2026-02-13 20:58:41,190 - Drone_4 - INFO - Drone 4: Flying to {'x': 1260.4533140540864, 'y': 209.4788468512518, 'z': 60.0}
2026-02-13 20:58:41,843 - Drone_4 - INFO - Drone 4: Reached target position
2026-02-13 20:58:41,855 - PhysicalMLTrainer_Drone5 - INFO - Physical ML model trained drone=5 samples=6901 degree=2 alpha=0.0 val_mse=0.000000
2026-02-13 20:58:41,856 - PhysicalMLTrainer_Drone2 - INFO - Physical ML model trained drone=2 samples=6901 degree=2 alpha=0.0 val_mse=0.013485
2026-02-13 20:58:41,940 - Drone_3 - INFO - Drone 3: Reached target position
2026-02-13 20:58:42,062 - PhysicalMLTrainer_Drone3 - INFO - Physical ML model trained drone=3 samples=6901 degree=2 alpha=0.0 val_mse=0.007771
2026-02-13 20:58:42,175 - PhysicalMLTrainer_Drone4 - INFO - Physical ML model trained drone=4 samples=6901 degree=2 alpha=0.0 val_mse=0.016662
2026-02-13 20:58:42,191 - Drone_3 - INFO - Drone 3: Flying to {'x': 1303.8027613062782, 'y': 154.710718720761, 'z': 60.0}
2026-02-13 20:58:42,191 - Drone_4 - INFO - Drone 4: Flying to {'x': 1267.3463957805252, 'y': 211.51902280258236, 'z': 60.0}
2026-02-13 20:58:42,778 - Drone_4 - INFO - Drone 4: Reached target position
2026-02-13 20:58:43,069 - Drone_3 - INFO - Drone 3: Reached target position
2026-02-13 20:58:43,193 - Drone_3 - INFO - Drone 3: Flying to {'x': 1312.7147380587664, 'y': 158.43327314030012, 'z': 60.0}
2026-02-13 20:58:43,194 - Drone_4 - INFO - Drone 4: Flying to {'x': 1273.8976876658633, 'y': 213.65542991450462, 'z': 60.0}
2026-02-13 20:58:43,886 - Drone_4 - INFO - Drone 4: Reached target position
2026-02-13 20:58:43,975 - Drone_3 - INFO - Drone 3: Reached target position
2026-02-13 20:58:44,197 - Drone_3 - INFO - Drone 3: Flying to {'x': 1321.570440594079, 'y': 162.504968720996, 'z': 60.0}
2026-02-13 20:58:44,197 - Drone_4 - INFO - Drone 4: Flying to {'x': 1280.350634958196, 'y': 215.9575423104878, 'z': 60.0}
2026-02-13 20:58:44,893 - Drone_4 - INFO - Drone 4: Reached target position
2026-02-13 20:58:44,982 - Drone_3 - INFO - Drone 3: Reached target position
2026-02-13 20:58:45,200 - Drone_3 - INFO - Drone 3: Flying to {'x': 1330.3442156984695, 'y': 166.93690648935822, 'z': 60.0}
2026-02-13 20:58:45,201 - Drone_4 - INFO - Drone 4: Flying to {'x': 1286.6882376987057, 'y': 218.4189964322127, 'z': 60.0}
2026-02-13 20:58:45,899 - Drone_4 - INFO - Drone 4: Reached target position
2026-02-13 20:58:45,988 - Drone_3 - INFO - Drone 3: Reached target position
2026-02-13 20:58:46,203 - Drone_3 - INFO - Drone 3: Flying to {'x': 1339.04264609319, 'y': 171.75999954459684, 'z': 60.0}
2026-02-13 20:58:46,203 - Drone_4 - INFO - Drone 4: Flying to {'x': 1292.918993530277, 'y': 221.04345188162068, 'z': 60.0}
2026-02-13 20:58:46,906 - Drone_4 - INFO - Drone 4: Reached target position
2026-02-13 20:58:46,996 - Drone_3 - INFO - Drone 3: Reached target position
2026-02-13 20:58:47,205 - Drone_3 - INFO - Drone 3: Flying to {'x': 1347.6362480615942, 'y': 176.99097260497678, 'z': 60.0}
2026-02-13 20:58:47,205 - Drone_4 - INFO - Drone 4: Flying to {'x': 1299.0281021753856, 'y': 223.82576900151366, 'z': 60.0}
2026-02-13 20:58:47,711 - Drone_4 - INFO - Drone 4: Reached target position
2026-02-13 20:58:48,103 - Drone_3 - INFO - Drone 3: Reached target position
2026-02-13 20:58:48,208 - Drone_3 - INFO - Drone 3: Flying to {'x': 1356.1019434808331, 'y': 182.65376865567606, 'z': 60.0}
2026-02-13 20:58:48,208 - Drone_4 - INFO - Drone 4: Flying to {'x': 1305.0089181569479, 'y': 226.76445628637208, 'z': 60.0}
2026-02-13 20:58:48,821 - Drone_4 - INFO - Drone 4: Reached target position
2026-02-13 20:58:49,008 - Drone_3 - INFO - Drone 3: Reached target position
2026-02-13 20:58:49,211 - Drone_3 - INFO - Drone 3: Flying to {'x': 1364.421335819303, 'y': 188.7819279324358, 'z': 60.0}
2026-02-13 20:58:49,212 - Drone_4 - INFO - Drone 4: Flying to {'x': 1310.8622054486502, 'y': 229.8631834383158, 'z': 60.0}
2026-02-13 20:58:49,828 - Drone_4 - INFO - Drone 4: Reached target position
2026-02-13 20:58:50,116 - Drone_3 - INFO - Drone 3: Reached target position
2026-02-13 20:58:50,214 - Drone_3 - INFO - Drone 3: Flying to {'x': 1372.5462186509444, 'y': 195.39361192497287, 'z': 60.0}
2026-02-13 20:58:50,215 - Drone_4 - INFO - Drone 4: Flying to {'x': 1316.5725933176036, 'y': 233.11897828559032, 'z': 60.0}
2026-02-13 20:58:50,834 - Drone_4 - INFO - Drone 4: Reached target position
2026-02-13 20:58:50,920 - Drone_3 - INFO - Drone 3: Reached target position
2026-02-13 20:58:51,219 - Drone_3 - INFO - Drone 3: Flying to {'x': 1380.4446584227596, 'y': 202.5263630708581, 'z': 60.0}
2026-02-13 20:58:51,219 - Drone_4 - INFO - Drone 4: Flying to {'x': 1322.1416229313597, 'y': 236.54115474284316, 'z': 60.0}
2026-02-13 20:58:51,841 - Drone_4 - INFO - Drone 4: Reached target position
2026-02-13 20:58:52,027 - Drone_3 - INFO - Drone 3: Reached target position
2026-02-13 20:58:52,222 - Drone_3 - INFO - Drone 3: Flying to {'x': 1387.309564722346, 'y': 209.4084380993398, 'z': 60.0}
2026-02-13 20:58:52,223 - Drone_4 - INFO - Drone 4: Flying to {'x': 1327.0221161418297, 'y': 239.76751489115944, 'z': 60.0}
2026-02-13 20:58:52,746 - Drone_4 - INFO - Drone 4: Reached target position
2026-02-13 20:58:52,933 - Drone_3 - INFO - Drone 3: Reached target position
2026-02-13 20:58:53,225 - Drone_3 - INFO - Drone 3: Flying to {'x': 1394.6154230751386, 'y': 217.59966243498658, 'z': 60.0}
2026-02-13 20:58:53,225 - Drone_4 - INFO - Drone 4: Flying to {'x': 1332.294946196268, 'y': 243.5304966211473, 'z': 60.0}
2026-02-13 20:58:53,856 - Drone_4 - INFO - Drone 4: Reached target position
2026-02-13 20:58:54,040 - Drone_3 - INFO - Drone 3: Reached target position
2026-02-13 20:58:54,229 - Drone_3 - INFO - Drone 3: Flying to {'x': 1401.4880642244466, 'y': 226.35510334205418, 'z': 60.0}
2026-02-13 20:58:54,229 - Drone_4 - INFO - Drone 4: Flying to {'x': 1337.3808297011683, 'y': 247.48594529824277, 'z': 60.0}
2026-02-13 20:58:54,863 - Drone_4 - INFO - Drone 4: Reached target position
2026-02-13 20:58:55,048 - Drone_3 - INFO - Drone 3: Reached target position
2026-02-13 20:58:55,231 - Drone_3 - INFO - Drone 3: Flying to {'x': 1407.8512100618498, 'y': 235.6920847340146, 'z': 60.0}
2026-02-13 20:58:55,231 - Drone_4 - INFO - Drone 4: Flying to {'x': 1342.267292010525, 'y': 251.66079454530228, 'z': 60.0}
2026-02-13 20:58:55,869 - Drone_4 - INFO - Drone 4: Reached target position
2026-02-13 20:58:56,053 - Drone_3 - INFO - Drone 3: Reached target position
2026-02-13 20:58:56,232 - Drone_3 - INFO - Drone 3: Flying to {'x': 1413.6152981598793, 'y': 245.6174438134939, 'z': 60.0}
2026-02-13 20:58:56,232 - Drone_4 - INFO - Drone 4: Flying to {'x': 1346.9322883373402, 'y': 256.0876969626361, 'z': 60.0}
2026-02-13 20:58:56,875 - Drone_4 - INFO - Drone 4: Reached target position
2026-02-13 20:58:57,058 - Drone_3 - INFO - Drone 3: Reached target position
2026-02-13 20:58:57,234 - Drone_3 - INFO - Drone 3: Flying to {'x': 1418.6688207705, 'y': 256.0999260498794, 'z': 60.0}
2026-02-13 20:58:57,234 - Drone_4 - INFO - Drone 4: Flying to {'x': 1351.3321608791096, 'y': 260.79292452326945, 'z': 60.0}
2026-02-13 20:58:57,881 - Drone_4 - INFO - Drone 4: Reached target position
2026-02-13 20:58:58,065 - Drone_3 - INFO - Drone 3: Reached target position
2026-02-13 20:58:58,235 - Drone_3 - INFO - Drone 3: Flying to {'x': 1422.8737613429105, 'y': 267.00943838306756, 'z': 60.0}
2026-02-13 20:58:58,236 - Drone_4 - INFO - Drone 4: Flying to {'x': 1355.3852097514207, 'y': 265.7662955582792, 'z': 60.0}
2026-02-13 20:58:58,890 - Drone_4 - INFO - Drone 4: Reached target position
2026-02-13 20:58:59,072 - Drone_3 - INFO - Drone 3: Reached target position
2026-02-13 20:58:59,238 - Drone_3 - INFO - Drone 3: Flying to {'x': 1426.154157600042, 'y': 278.30665049295965, 'z': 60.0}
2026-02-13 20:58:59,239 - Drone_4 - INFO - Drone 4: Flying to {'x': 1359.0461503722283, 'y': 271.0426732138294, 'z': 60.0}
2026-02-13 20:58:59,897 - Drone_4 - INFO - Drone 4: Reached target position
2026-02-13 20:59:00,079 - Drone_3 - INFO - Drone 3: Reached target position
2026-02-13 20:59:00,241 - Drone_3 - INFO - Drone 3: Flying to {'x': 1428.4223592641172, 'y': 289.85627615535316, 'z': 60.0}
2026-02-13 20:59:00,242 - Drone_4 - INFO - Drone 4: Flying to {'x': 1362.2346290530656, 'y': 276.61111215074095, 'z': 60.0}
2026-02-13 20:59:00,903 - Drone_4 - INFO - Drone 4: Reached target position
2026-02-13 20:59:01,084 - Drone_3 - INFO - Drone 3: Reached target position
2026-02-13 20:59:01,245 - Drone_3 - INFO - Drone 3: Flying to {'x': 1429.6266818778754, 'y': 301.53831045756823, 'z': 60.0}
2026-02-13 20:59:01,245 - Drone_4 - INFO - Drone 4: Flying to {'x': 1364.879045143644, 'y': 282.4596957979032, 'z': 60.0}
2026-02-13 20:59:01,909 - Drone_4 - INFO - Drone 4: Reached target position
2026-02-13 20:59:02,020 - PhysicalMLTrainer_Drone2 - INFO - Physical ML model trained drone=2 samples=7101 degree=2 alpha=0.0 val_mse=0.003996
2026-02-13 20:59:02,020 - PhysicalMLTrainer_Drone5 - INFO - Physical ML model trained drone=5 samples=7101 degree=2 alpha=0.0 val_mse=0.000000
2026-02-13 20:59:02,096 - Drone_3 - INFO - Drone 3: Reached target position
2026-02-13 20:59:02,217 - PhysicalMLTrainer_Drone3 - INFO - Physical ML model trained drone=3 samples=7101 degree=2 alpha=0.0 val_mse=0.007347
2026-02-13 20:59:02,247 - Drone_3 - INFO - Drone 3: Flying to {'x': 1429.727783092486, 'y': 313.5729647181991, 'z': 60.0}
2026-02-13 20:59:02,247 - Drone_4 - INFO - Drone 4: Flying to {'x': 1366.9592390238251, 'y': 288.7463685862172, 'z': 60.0}
2026-02-13 20:59:02,331 - PhysicalMLTrainer_Drone4 - INFO - Physical ML model trained drone=4 samples=7101 degree=2 alpha=0.0 val_mse=0.004239
2026-02-13 20:59:02,936 - Drone_4 - INFO - Drone 4: Reached target position
2026-02-13 20:59:03,124 - Drone_3 - INFO - Drone 3: Reached target position
2026-02-13 20:59:03,249 - Drone_3 - INFO - Drone 3: Flying to {'x': 1428.735933609763, 'y': 325.07952866374404, 'z': 60.0}
2026-02-13 20:59:03,250 - Drone_4 - INFO - Drone 4: Flying to {'x': 1368.293531061665, 'y': 295.0301364200786, 'z': 60.0}
2026-02-13 20:59:03,943 - Drone_4 - INFO - Drone 4: Reached target position
2026-02-13 20:59:04,131 - Drone_3 - INFO - Drone 3: Reached target position
2026-02-13 20:59:04,253 - Drone_3 - INFO - Drone 3: Flying to {'x': 1426.7191065657935, 'y': 336.2766995967468, 'z': 60.0}
2026-02-13 20:59:04,253 - Drone_4 - INFO - Drone 4: Flying to {'x': 1368.9146524669359, 'y': 301.421354435164, 'z': 60.0}
2026-02-13 20:59:04,950 - Drone_4 - INFO - Drone 4: Reached target position
2026-02-13 20:59:05,036 - Drone_3 - INFO - Drone 3: Reached target position
2026-02-13 20:59:05,254 - Drone_3 - INFO - Drone 3: Flying to {'x': 1423.750421088337, 'y': 347.0670914805337, 'z': 60.0}
2026-02-13 20:59:05,255 - Drone_4 - INFO - Drone 4: Flying to {'x': 1368.810026218667, 'y': 307.8522599551434, 'z': 60.0}
2026-02-13 20:59:05,957 - Drone_4 - INFO - Drone 4: Reached target position
2026-02-13 20:59:06,041 - Drone_3 - INFO - Drone 3: Reached target position
2026-02-13 20:59:06,256 - Drone_3 - INFO - Drone 3: Flying to {'x': 1419.9111370742742, 'y': 357.3909396957272, 'z': 60.0}
2026-02-13 20:59:06,257 - Drone_4 - INFO - Drone 4: Flying to {'x': 1367.9848272698866, 'y': 314.26428494372067, 'z': 60.0}
2026-02-13 20:59:06,762 - Drone_4 - INFO - Drone 4: Reached target position
2026-02-13 20:59:07,047 - Drone_3 - INFO - Drone 3: Reached target position
2026-02-13 20:59:07,258 - Drone_3 - INFO - Drone 3: Flying to {'x': 1415.3047399903992, 'y': 367.17167802777067, 'z': 60.0}
2026-02-13 20:59:07,258 - Drone_4 - INFO - Drone 4: Flying to {'x': 1366.4649066917543, 'y': 320.5785381533152, 'z': 60.0}
2026-02-13 20:59:07,868 - Drone_4 - INFO - Drone 4: Reached target position
2026-02-13 20:59:08,055 - Drone_3 - INFO - Drone 3: Reached target position
2026-02-13 20:59:08,260 - Drone_3 - INFO - Drone 3: Flying to {'x': 1410.5741865649102, 'y': 375.50162585923584, 'z': 60.0}
2026-02-13 20:59:08,261 - Drone_4 - INFO - Drone 4: Flying to {'x': 1364.5314105216985, 'y': 326.1426066810282, 'z': 60.0}
2026-02-13 20:59:08,774 - Drone_4 - INFO - Drone 4: Reached target position
2026-02-13 20:59:08,961 - Drone_3 - INFO - Drone 3: Reached target position
2026-02-13 20:59:09,264 - Drone_3 - INFO - Drone 3: Flying to {'x': 1404.765870574497, 'y': 384.1980030209168, 'z': 60.0}
2026-02-13 20:59:09,265 - Drone_4 - INFO - Drone 4: Flying to {'x': 1361.8035901893181, 'y': 332.1356129095777, 'z': 60.0}
2026-02-13 20:59:09,882 - Drone_4 - INFO - Drone 4: Reached target position
2026-02-13 20:59:10,070 - Drone_3 - INFO - Drone 3: Reached target position
2026-02-13 20:59:10,267 - Drone_3 - INFO - Drone 3: Flying to {'x': 1398.460069736532, 'y': 392.31040131964573, 'z': 60.0}
2026-02-13 20:59:10,268 - Drone_4 - INFO - Drone 4: Flying to {'x': 1358.5186221969277, 'y': 337.89596602494623, 'z': 60.0}
2026-02-13 20:59:10,790 - Drone_4 - INFO - Drone 4: Reached target position
2026-02-13 20:59:10,878 - Drone_3 - INFO - Drone 3: Reached target position
2026-02-13 20:59:11,269 - Drone_3 - INFO - Drone 3: Flying to {'x': 1391.706650823021, 'y': 399.882149026102, 'z': 60.0}
2026-02-13 20:59:11,269 - Drone_4 - INFO - Drone 4: Flying to {'x': 1354.7166505775408, 'y': 343.41986177311, 'z': 60.0}
2026-02-13 20:59:11,885 - Drone_3 - INFO - Drone 3: Reached target position
2026-02-13 20:59:11,899 - Drone_4 - INFO - Drone 4: Reached target position
2026-02-13 20:59:12,272 - Drone_3 - INFO - Drone 3: Flying to {'x': 1384.6167746142123, 'y': 406.8843409072071, 'z': 60.0}
2026-02-13 20:59:12,272 - Drone_4 - INFO - Drone 4: Flying to {'x': 1350.4772162559084, 'y': 348.6542751756629, 'z': 60.0}
2026-02-13 20:59:12,804 - Drone_4 - INFO - Drone 4: Reached target position
2026-02-13 20:59:12,892 - Drone_3 - INFO - Drone 3: Reached target position
2026-02-13 20:59:13,275 - Drone_3 - INFO - Drone 3: Flying to {'x': 1377.1890688285869, 'y': 413.397578449127, 'z': 60.0}
2026-02-13 20:59:13,275 - Drone_4 - INFO - Drone 4: Flying to {'x': 1345.816357703571, 'y': 353.63134218929287, 'z': 60.0}
2026-02-13 20:59:13,899 - Drone_3 - INFO - Drone 3: Reached target position
2026-02-13 20:59:13,912 - Drone_4 - INFO - Drone 4: Reached target position
2026-02-13 20:59:14,277 - Drone_3 - INFO - Drone 3: Flying to {'x': 1369.5355947776968, 'y': 419.391831635473, 'z': 60.0}
2026-02-13 20:59:14,278 - Drone_4 - INFO - Drone 4: Flying to {'x': 1340.8217006810075, 'y': 358.30367987259746, 'z': 60.0}
2026-02-13 20:59:14,818 - Drone_4 - INFO - Drone 4: Reached target position
2026-02-13 20:59:14,909 - Drone_3 - INFO - Drone 3: Reached target position
2026-02-13 20:59:15,280 - Drone_3 - INFO - Drone 3: Flying to {'x': 1361.6580459016454, 'y': 424.9269369943847, 'z': 60.0}
2026-02-13 20:59:15,280 - Drone_4 - INFO - Drone 4: Flying to {'x': 1335.5119062961935, 'y': 362.69648316563445, 'z': 60.0}
2026-02-13 20:59:15,814 - Drone_3 - INFO - Drone 3: Reached target position
2026-02-13 20:59:15,826 - Drone_4 - INFO - Drone 4: Reached target position
2026-02-13 20:59:16,283 - Drone_3 - INFO - Drone 3: Flying to {'x': 1353.5892058223567, 'y': 430.0274347603086, 'z': 60.0}
2026-02-13 20:59:16,284 - Drone_4 - INFO - Drone 4: Flying to {'x': 1329.9245432488342, 'y': 366.81166342687214, 'z': 60.0}
2026-02-13 20:59:16,820 - Drone_3 - INFO - Drone 3: Reached target position
2026-02-13 20:59:16,831 - Drone_4 - INFO - Drone 4: Reached target position
2026-02-13 20:59:17,286 - Drone_3 - INFO - Drone 3: Flying to {'x': 1345.367453222623, 'y': 434.71061332556957, 'z': 60.0}
2026-02-13 20:59:17,287 - Drone_4 - INFO - Drone 4: Flying to {'x': 1324.1010040766557, 'y': 370.6482363737112, 'z': 60.0}
2026-02-13 20:59:17,826 - Drone_3 - INFO - Drone 3: Reached target position
2026-02-13 20:59:17,837 - Drone_4 - INFO - Drone 4: Reached target position
2026-02-13 20:59:18,289 - Drone_3 - INFO - Drone 3: Flying to {'x': 1337.0128349673744, 'y': 439.0010782890148, 'z': 60.0}
2026-02-13 20:59:18,289 - Drone_4 - INFO - Drone 4: Flying to {'x': 1318.0693655146385, 'y': 374.21377270301855, 'z': 60.0}
2026-02-13 20:59:18,832 - Drone_3 - INFO - Drone 3: Reached target position
2026-02-13 20:59:18,843 - Drone_4 - INFO - Drone 4: Reached target position
2026-02-13 20:59:19,290 - Drone_3 - INFO - Drone 3: Flying to {'x': 1328.5281725817335, 'y': 442.92657406050165, 'z': 60.0}
2026-02-13 20:59:19,290 - Drone_4 - INFO - Drone 4: Flying to {'x': 1311.844048953928, 'y': 377.5209931153552, 'z': 60.0}
2026-02-13 20:59:19,839 - Drone_3 - INFO - Drone 3: Reached target position
2026-02-13 20:59:19,851 - Drone_4 - INFO - Drone 4: Reached target position
2026-02-13 20:59:20,292 - Drone_3 - INFO - Drone 3: Flying to {'x': 1319.9571130513114, 'y': 446.49264696897126, 'z': 60.0}
2026-02-13 20:59:20,292 - Drone_4 - INFO - Drone 4: Flying to {'x': 1305.4686549896724, 'y': 380.5659104882677, 'z': 60.0}
2026-02-13 20:59:20,845 - Drone_3 - INFO - Drone 3: Reached target position
2026-02-13 20:59:20,857 - Drone_4 - INFO - Drone 4: Reached target position
2026-02-13 20:59:21,293 - Drone_3 - INFO - Drone 3: Flying to {'x': 1311.2914934984744, 'y': 449.724975003733, 'z': 60.0}
2026-02-13 20:59:21,294 - Drone_4 - INFO - Drone 4: Flying to {'x': 1298.9477322026717, 'y': 383.3632273092046, 'z': 60.0}
2026-02-13 20:59:21,852 - Drone_3 - INFO - Drone 3: Reached target position
2026-02-13 20:59:21,864 - Drone_4 - INFO - Drone 4: Reached target position
2026-02-13 20:59:22,166 - PhysicalMLTrainer_Drone5 - INFO - Physical ML model trained drone=5 samples=7301 degree=2 alpha=0.0 val_mse=0.000000
2026-02-13 20:59:22,167 - PhysicalMLTrainer_Drone2 - INFO - Physical ML model trained drone=2 samples=7301 degree=2 alpha=0.0 val_mse=0.001673
2026-02-13 20:59:22,296 - Drone_3 - INFO - Drone 3: Flying to {'x': 1302.319482037473, 'y': 452.70635614192855, 'z': 60.0}
2026-02-13 20:59:22,296 - Drone_4 - INFO - Drone 4: Flying to {'x': 1292.1286573352966, 'y': 385.9800712768958, 'z': 60.0}
2026-02-13 20:59:22,379 - PhysicalMLTrainer_Drone3 - INFO - Physical ML model trained drone=3 samples=7301 degree=2 alpha=0.0 val_mse=0.001693
2026-02-13 20:59:22,488 - PhysicalMLTrainer_Drone4 - INFO - Physical ML model trained drone=4 samples=7301 degree=2 alpha=0.0 val_mse=0.003359
2026-02-13 20:59:22,781 - Drone_3 - INFO - Drone 3: Reached target position
2026-02-13 20:59:22,893 - Drone_4 - INFO - Drone 4: Reached target position
2026-02-13 20:59:23,299 - Drone_3 - INFO - Drone 3: Flying to {'x': 1293.5031923847123, 'y': 455.30019813326635, 'z': 60.0}
2026-02-13 20:59:23,300 - Drone_4 - INFO - Drone 4: Flying to {'x': 1285.3721431593717, 'y': 388.29172077036026, 'z': 60.0}
2026-02-13 20:59:23,787 - Drone_3 - INFO - Drone 3: Reached target position
2026-02-13 20:59:23,900 - Drone_4 - INFO - Drone 4: Reached target position
2026-02-13 20:59:24,302 - Drone_3 - INFO - Drone 3: Flying to {'x': 1284.6336778831694, 'y': 457.59382556862215, 'z': 60.0}
2026-02-13 20:59:24,302 - Drone_4 - INFO - Drone 4: Flying to {'x': 1278.5280908658426, 'y': 390.3705274706126, 'z': 60.0}
2026-02-13 20:59:24,793 - Drone_3 - INFO - Drone 3: Reached target position
2026-02-13 20:59:24,804 - Drone_4 - INFO - Drone 4: Reached target position
2026-02-13 20:59:25,303 - Drone_3 - INFO - Drone 3: Flying to {'x': 1275.71845942301, 'y': 459.5970923414537, 'z': 60.0}
2026-02-13 20:59:25,303 - Drone_4 - INFO - Drone 4: Flying to {'x': 1271.6098291115284, 'y': 392.2222516591665, 'z': 60.0}
2026-02-13 20:59:25,798 - Drone_3 - INFO - Drone 3: Reached target position
2026-02-13 20:59:25,813 - Drone_4 - INFO - Drone 4: Reached target position
2026-02-13 20:59:26,305 - Drone_3 - INFO - Drone 3: Flying to {'x': 1266.7562670342404, 'y': 461.3198478503785, 'z': 60.0}
2026-02-13 20:59:26,307 - Drone_4 - INFO - Drone 4: Flying to {'x': 1264.6232896122756, 'y': 393.85355695398056, 'z': 60.0}
2026-02-13 20:59:26,804 - Drone_3 - INFO - Drone 3: Reached target position
2026-02-13 20:59:26,821 - Drone_4 - INFO - Drone 4: Reached target position
2026-02-13 20:59:27,310 - Drone_3 - INFO - Drone 3: Flying to {'x': 1257.7546217410563, 'y': 462.76833592098393, 'z': 60.0}
2026-02-13 20:59:27,310 - Drone_4 - INFO - Drone 4: Flying to {'x': 1257.580768068167, 'y': 395.2685598109817, 'z': 60.0}
2026-02-13 20:59:27,811 - Drone_3 - INFO - Drone 3: Reached target position
2026-02-13 20:59:27,825 - Drone_4 - INFO - Drone 4: Reached target position
2026-02-13 20:59:28,311 - Drone_3 - INFO - Drone 3: Flying to {'x': 1248.7201820581943, 'y': 463.9478984051004, 'z': 60.0}
2026-02-13 20:59:28,311 - Drone_4 - INFO - Drone 4: Flying to {'x': 1250.4935334054474, 'y': 396.4711970556776, 'z': 60.0}
2026-02-13 20:59:28,716 - Drone_3 - INFO - Drone 3: Reached target position
2026-02-13 20:59:28,832 - Drone_4 - INFO - Drone 4: Reached target position
2026-02-13 20:59:29,313 - Drone_3 - INFO - Drone 3: Flying to {'x': 1239.641437821813, 'y': 464.8644744346275, 'z': 60.0}
2026-02-13 20:59:29,314 - Drone_4 - INFO - Drone 4: Flying to {'x': 1243.358248987823, 'y': 397.46688312190906, 'z': 60.0}
2026-02-13 20:59:29,721 - Drone_3 - INFO - Drone 3: Reached target position
2026-02-13 20:59:29,839 - Drone_4 - INFO - Drone 4: Reached target position
2026-02-13 20:59:30,316 - Drone_3 - INFO - Drone 3: Flying to {'x': 1230.5512589840384, 'y': 465.5186201994811, 'z': 60.0}
2026-02-13 20:59:30,317 - Drone_4 - INFO - Drone 4: Flying to {'x': 1236.2062345178522, 'y': 398.2559169255867, 'z': 60.0}
2026-02-13 20:59:30,728 - Drone_3 - INFO - Drone 3: Reached target position
2026-02-13 20:59:30,847 - Drone_4 - INFO - Drone 4: Reached target position
2026-02-13 20:59:31,320 - Drone_3 - INFO - Drone 3: Flying to {'x': 1222.36558274915, 'y': 465.88595180203583, 'z': 60.0}
2026-02-13 20:59:31,321 - Drone_4 - INFO - Drone 4: Flying to {'x': 1229.7636140185612, 'y': 398.792590481136, 'z': 60.0}
2026-02-13 20:59:31,632 - Drone_3 - INFO - Drone 3: Reached target position
2026-02-13 20:59:31,754 - Drone_4 - INFO - Drone 4: Reached target position
2026-02-13 20:59:32,324 - Drone_3 - INFO - Drone 3: Flying to {'x': 1213.2488470421965, 'y': 466.05084087050835, 'z': 60.0}
2026-02-13 20:59:32,325 - Drone_4 - INFO - Drone 4: Flying to {'x': 1222.5903229386338, 'y': 399.20035973479565, 'z': 60.0}
2026-02-13 20:59:32,638 - Drone_3 - INFO - Drone 3: Reached target position
2026-02-13 20:59:32,861 - Drone_4 - INFO - Drone 4: Reached target position
2026-02-13 20:59:33,328 - Drone_3 - INFO - Drone 3: Flying to {'x': 1204.1201473289468, 'y': 465.96012093757537, 'z': 60.0}
2026-02-13 20:59:33,328 - Drone_4 - INFO - Drone 4: Flying to {'x': 1215.4146088367463, 'y': 399.41175402110747, 'z': 60.0}
2026-02-13 20:59:33,644 - Drone_3 - INFO - Drone 3: Reached target position
2026-02-13 20:59:33,867 - Drone_4 - INFO - Drone 4: Reached target position
2026-02-13 20:59:34,331 - Drone_3 - INFO - Drone 3: Flying to {'x': 1194.9952874012204, 'y': 465.6144712353545, 'z': 60.0}
2026-02-13 20:59:34,331 - Drone_4 - INFO - Drone 4: Flying to {'x': 1208.2536702617806, 'y': 399.4293876898696, 'z': 60.0}
2026-02-13 20:59:34,650 - Drone_3 - INFO - Drone 3: Reached target position
2026-02-13 20:59:34,773 - Drone_4 - INFO - Drone 4: Reached target position
2026-02-13 20:59:35,333 - Drone_3 - INFO - Drone 3: Flying to {'x': 1185.8587566209094, 'y': 465.0125144927853, 'z': 60.0}
2026-02-13 20:59:35,333 - Drone_4 - INFO - Drone 4: Flying to {'x': 1201.0999973084536, 'y': 399.25573094687, 'z': 60.0}
2026-02-13 20:59:35,657 - Drone_3 - INFO - Drone 3: Reached target position
2026-02-13 20:59:35,881 - Drone_4 - INFO - Drone 4: Reached target position
2026-02-13 20:59:36,336 - Drone_3 - INFO - Drone 3: Flying to {'x': 1176.7120569232866, 'y': 464.1517208545786, 'z': 60.0}
2026-02-13 20:59:36,337 - Drone_4 - INFO - Drone 4: Flying to {'x': 1193.9594155908121, 'y': 398.89240260044943, 'z': 60.0}
2026-02-13 20:59:36,664 - Drone_3 - INFO - Drone 3: Reached target position
2026-02-13 20:59:36,786 - Drone_4 - INFO - Drone 4: Reached target position
2026-02-13 20:59:37,340 - Drone_3 - INFO - Drone 3: Flying to {'x': 1167.557509629282, 'y': 463.0285158793398, 'z': 60.0}
2026-02-13 20:59:37,341 - Drone_4 - INFO - Drone 4: Flying to {'x': 1186.8383442422507, 'y': 398.34080903617405, 'z': 60.0}
2026-02-13 20:59:37,670 - Drone_3 - INFO - Drone 3: Reached target position
2026-02-13 20:59:37,794 - Drone_4 - INFO - Drone 4: Reached target position
2026-02-13 20:59:38,344 - Drone_3 - INFO - Drone 3: Flying to {'x': 1158.427804459188, 'y': 461.6433048968645, 'z': 60.0}
2026-02-13 20:59:38,344 - Drone_4 - INFO - Drone 4: Flying to {'x': 1179.7666363653118, 'y': 397.60500188310414, 'z': 60.0}
2026-02-13 20:59:38,679 - Drone_3 - INFO - Drone 3: Reached target position
2026-02-13 20:59:38,800 - Drone_4 - INFO - Drone 4: Reached target position
2026-02-13 20:59:39,346 - Drone_3 - INFO - Drone 3: Flying to {'x': 1149.2974003817287, 'y': 459.98735060146373, 'z': 60.0}
2026-02-13 20:59:39,346 - Drone_4 - INFO - Drone 4: Flying to {'x': 1172.7287935106071, 'y': 396.68474547308097, 'z': 60.0}
2026-02-13 20:59:39,686 - Drone_3 - INFO - Drone 3: Reached target position
2026-02-13 20:59:39,812 - Drone_4 - INFO - Drone 4: Reached target position
2026-02-13 20:59:40,348 - Drone_3 - INFO - Drone 3: Flying to {'x': 1140.195377392318, 'y': 458.05977864853253, 'z': 60.0}
2026-02-13 20:59:40,348 - Drone_4 - INFO - Drone 4: Flying to {'x': 1165.7514157261196, 'y': 395.5846723686608, 'z': 60.0}
2026-02-13 20:59:40,693 - Drone_3 - INFO - Drone 3: Reached target position
2026-02-13 20:59:40,820 - Drone_4 - INFO - Drone 4: Reached target position
2026-02-13 20:59:41,351 - Drone_3 - INFO - Drone 3: Flying to {'x': 1131.112629427923, 'y': 455.85163670930604, 'z': 60.0}
2026-02-13 20:59:41,351 - Drone_4 - INFO - Drone 4: Flying to {'x': 1158.831413249809, 'y': 394.30556434529944, 'z': 60.0}
2026-02-13 20:59:41,699 - Drone_3 - INFO - Drone 3: Reached target position
2026-02-13 20:59:41,826 - Drone_4 - INFO - Drone 4: Reached target position
2026-02-13 20:59:42,325 - PhysicalMLTrainer_Drone2 - INFO - Physical ML model trained drone=2 samples=7501 degree=2 alpha=0.0 val_mse=0.000716
2026-02-13 20:59:42,325 - PhysicalMLTrainer_Drone5 - INFO - Physical ML model trained drone=5 samples=7501 degree=2 alpha=0.0 val_mse=0.000000
2026-02-13 20:59:42,352 - Drone_3 - INFO - Drone 3: Flying to {'x': 1121.9686097988993, 'y': 453.3298324428787, 'z': 60.0}
2026-02-13 20:59:42,353 - Drone_4 - INFO - Drone 4: Flying to {'x': 1151.911750259274, 'y': 392.8347223977662, 'z': 60.0}
2026-02-13 20:59:42,532 - PhysicalMLTrainer_Drone3 - INFO - Physical ML model trained drone=3 samples=7501 degree=2 alpha=0.0 val_mse=0.001077
2026-02-13 20:59:42,659 - PhysicalMLTrainer_Drone4 - INFO - Physical ML model trained drone=4 samples=7501 degree=2 alpha=0.0 val_mse=0.001182
2026-02-13 20:59:42,744 - Drone_3 - INFO - Drone 3: Reached target position
2026-02-13 20:59:42,860 - Drone_4 - INFO - Drone 4: Reached target position
2026-02-13 20:59:43,355 - Drone_3 - INFO - Drone 3: Flying to {'x': 1112.6056753121202, 'y': 450.422085942801, 'z': 60.0}
2026-02-13 20:59:43,356 - Drone_4 - INFO - Drone 4: Flying to {'x': 1144.8792333293618, 'y': 391.1374551106221, 'z': 60.0}
2026-02-13 20:59:43,751 - Drone_3 - INFO - Drone 3: Reached target position
2026-02-13 20:59:43,767 - Drone_4 - INFO - Drone 4: Reached target position
2026-02-13 20:59:44,359 - Drone_3 - INFO - Drone 3: Flying to {'x': 1103.6053200728827, 'y': 447.3013761251601, 'z': 60.0}
2026-02-13 20:59:44,359 - Drone_4 - INFO - Drone 4: Flying to {'x': 1138.1732123935574, 'y': 389.324563341891, 'z': 60.0}
2026-02-13 20:59:44,757 - Drone_3 - INFO - Drone 3: Reached target position
2026-02-13 20:59:44,773 - Drone_4 - INFO - Drone 4: Reached target position
2026-02-13 20:59:45,361 - Drone_3 - INFO - Drone 3: Flying to {'x': 1094.6380834465988, 'y': 443.85433827888687, 'z': 60.0}
2026-02-13 20:59:45,361 - Drone_4 - INFO - Drone 4: Flying to {'x': 1131.5472287685427, 'y': 387.3391633998899, 'z': 60.0}
2026-02-13 20:59:45,764 - Drone_3 - INFO - Drone 3: Reached target position
2026-02-13 20:59:45,780 - Drone_4 - INFO - Drone 4: Reached target position
2026-02-13 20:59:46,362 - Drone_3 - INFO - Drone 3: Flying to {'x': 1085.7333468371648, 'y': 440.07470824956465, 'z': 60.0}
2026-02-13 20:59:46,363 - Drone_4 - INFO - Drone 4: Flying to {'x': 1125.0240253853685, 'y': 385.18852985079354, 'z': 60.0}
2026-02-13 20:59:46,770 - Drone_3 - INFO - Drone 3: Reached target position
2026-02-13 20:59:46,785 - Drone_4 - INFO - Drone 4: Reached target position
2026-02-13 20:59:47,364 - Drone_3 - INFO - Drone 3: Flying to {'x': 1076.8950486992833, 'y': 435.9444085909482, 'z': 60.0}
2026-02-13 20:59:47,364 - Drone_4 - INFO - Drone 4: Flying to {'x': 1118.6060329248282, 'y': 382.87423057224964, 'z': 60.0}
2026-02-13 20:59:47,775 - Drone_3 - INFO - Drone 3: Reached target position
2026-02-13 20:59:47,792 - Drone_4 - INFO - Drone 4: Reached target position
2026-02-13 20:59:48,366 - Drone_3 - INFO - Drone 3: Flying to {'x': 1068.112717866916, 'y': 431.4332388912344, 'z': 60.0}
2026-02-13 20:59:48,367 - Drone_4 - INFO - Drone 4: Flying to {'x': 1112.283716342449, 'y': 380.39234456448446, 'z': 60.0}
2026-02-13 20:59:48,782 - Drone_3 - INFO - Drone 3: Reached target position
2026-02-13 20:59:48,798 - Drone_4 - INFO - Drone 4: Reached target position
2026-02-13 20:59:49,369 - Drone_3 - INFO - Drone 3: Flying to {'x': 1059.4352615557052, 'y': 426.5376493862737, 'z': 60.0}
2026-02-13 20:59:49,369 - Drone_4 - INFO - Drone 4: Flying to {'x': 1106.0880216104695, 'y': 377.7547632552482, 'z': 60.0}
2026-02-13 20:59:49,787 - Drone_3 - INFO - Drone 3: Reached target position
2026-02-13 20:59:49,804 - Drone_4 - INFO - Drone 4: Reached target position
2026-02-13 20:59:50,372 - Drone_3 - INFO - Drone 3: Flying to {'x': 1051.7077992617067, 'y': 421.77117413762335, 'z': 60.0}
2026-02-13 20:59:50,373 - Drone_4 - INFO - Drone 4: Flying to {'x': 1100.6089727387678, 'y': 375.24241708817715, 'z': 60.0}
2026-02-13 20:59:50,691 - Drone_3 - INFO - Drone 3: Reached target position
2026-02-13 20:59:50,709 - Drone_4 - INFO - Drone 4: Reached target position
2026-02-13 20:59:51,377 - Drone_3 - INFO - Drone 3: Flying to {'x': 1043.248670922244, 'y': 416.0596748669021, 'z': 60.0}
2026-02-13 20:59:51,378 - Drone_4 - INFO - Drone 4: Flying to {'x': 1094.644647550926, 'y': 372.30234877876046, 'z': 60.0}
2026-02-13 20:59:51,717 - Drone_4 - INFO - Drone 4: Reached target position
2026-02-13 20:59:51,797 - Drone_3 - INFO - Drone 3: Reached target position
2026-02-13 20:59:52,380 - Drone_3 - INFO - Drone 3: Flying to {'x': 1034.9423337577568, 'y': 409.8785481605724, 'z': 60.0}
2026-02-13 20:59:52,380 - Drone_4 - INFO - Drone 4: Flying to {'x': 1088.8097351915417, 'y': 369.2023504182626, 'z': 60.0}
2026-02-13 20:59:52,723 - Drone_4 - INFO - Drone 4: Reached target position
2026-02-13 20:59:52,804 - Drone_3 - INFO - Drone 3: Reached target position
2026-02-13 20:59:53,381 - Drone_3 - INFO - Drone 3: Flying to {'x': 1026.823519558503, 'y': 403.1971820210112, 'z': 60.0}
2026-02-13 20:59:53,381 - Drone_4 - INFO - Drone 4: Flying to {'x': 1083.1092372938415, 'y': 365.9390556722829, 'z': 60.0}
2026-02-13 20:59:53,728 - Drone_4 - INFO - Drone 4: Reached target position
2026-02-13 20:59:53,811 - Drone_3 - INFO - Drone 3: Reached target position
2026-02-13 20:59:54,383 - Drone_3 - INFO - Drone 3: Flying to {'x': 1018.9444959892152, 'y': 395.9924607798016, 'z': 60.0}
2026-02-13 20:59:54,383 - Drone_4 - INFO - Drone 4: Flying to {'x': 1077.554843584576, 'y': 362.50997050875117, 'z': 60.0}
2026-02-13 20:59:54,734 - Drone_4 - INFO - Drone 4: Reached target position
2026-02-13 20:59:54,816 - Drone_3 - INFO - Drone 3: Reached target position
2026-02-13 20:59:55,385 - Drone_3 - INFO - Drone 3: Flying to {'x': 1011.3584833233698, 'y': 388.23541883192456, 'z': 60.0}
2026-02-13 20:59:55,385 - Drone_4 - INFO - Drone 4: Flying to {'x': 1072.153098256739, 'y': 358.9051478631221, 'z': 60.0}
2026-02-13 20:59:55,742 - Drone_4 - INFO - Drone 4: Reached target position
2026-02-13 20:59:55,922 - Drone_3 - INFO - Drone 3: Reached target position
2026-02-13 20:59:56,387 - Drone_3 - INFO - Drone 3: Flying to {'x': 1004.1421733356642, 'y': 379.91457979583936, 'z': 60.0}
2026-02-13 20:59:56,387 - Drone_4 - INFO - Drone 4: Flying to {'x': 1066.9218887361653, 'y': 355.1162465003923, 'z': 60.0}
2026-02-13 20:59:56,747 - Drone_4 - INFO - Drone 4: Reached target position
2026-02-13 20:59:56,927 - Drone_3 - INFO - Drone 3: Reached target position
2026-02-13 20:59:57,389 - Drone_3 - INFO - Drone 3: Flying to {'x': 997.3546263655464, 'y': 370.9897064950244, 'z': 60.0}
2026-02-13 20:59:57,390 - Drone_4 - INFO - Drone 4: Flying to {'x': 1061.8618279152804, 'y': 351.113314764582, 'z': 60.0}
2026-02-13 20:59:57,754 - Drone_4 - INFO - Drone 4: Reached target position
2026-02-13 20:59:58,034 - Drone_3 - INFO - Drone 3: Reached target position
2026-02-13 20:59:58,393 - Drone_3 - INFO - Drone 3: Flying to {'x': 991.1084724800564, 'y': 361.48344557735277, 'z': 60.0}
2026-02-13 20:59:58,393 - Drone_4 - INFO - Drone 4: Flying to {'x': 1057.0108993521142, 'y': 346.8848109708879, 'z': 60.0}
2026-02-13 20:59:58,762 - Drone_4 - INFO - Drone 4: Reached target position
2026-02-13 20:59:59,041 - Drone_3 - INFO - Drone 3: Reached target position
2026-02-13 20:59:59,395 - Drone_3 - INFO - Drone 3: Flying to {'x': 985.5097092059401, 'y': 351.4213136749351, 'z': 60.0}
2026-02-13 20:59:59,395 - Drone_4 - INFO - Drone 4: Flying to {'x': 1052.4053950465943, 'y': 342.4092542039544, 'z': 60.0}
2026-02-13 20:59:59,669 - Drone_4 - INFO - Drone 4: Reached target position
2026-02-13 21:00:00,048 - Drone_3 - INFO - Drone 3: Reached target position
2026-02-13 21:00:00,397 - Drone_3 - INFO - Drone 3: Flying to {'x': 980.652328517639, 'y': 340.8146232994931, 'z': 60.0}
2026-02-13 21:00:00,397 - Drone_4 - INFO - Drone 4: Flying to {'x': 1048.0780365289668, 'y': 337.64856910362465, 'z': 60.0}
2026-02-13 21:00:00,674 - Drone_4 - INFO - Drone 4: Reached target position
2026-02-13 21:00:01,055 - Drone_3 - INFO - Drone 3: Reached target position
2026-02-13 21:00:01,399 - Drone_3 - INFO - Drone 3: Flying to {'x': 976.6713204970629, 'y': 329.7996997814632, 'z': 60.0}
2026-02-13 21:00:01,399 - Drone_4 - INFO - Drone 4: Flying to {'x': 1044.112631305214, 'y': 332.61387754385447, 'z': 60.0}
2026-02-13 21:00:01,680 - Drone_4 - INFO - Drone 4: Reached target position
2026-02-13 21:00:02,162 - Drone_3 - INFO - Drone 3: Reached target position
2026-02-13 21:00:02,401 - Drone_3 - INFO - Drone 3: Flying to {'x': 973.6411383508834, 'y': 318.42558808244024, 'z': 60.0}
2026-02-13 21:00:02,402 - Drone_4 - INFO - Drone 4: Flying to {'x': 1040.5586276972308, 'y': 327.27429530900514, 'z': 60.0}
2026-02-13 21:00:02,482 - PhysicalMLTrainer_Drone5 - INFO - Physical ML model trained drone=5 samples=7701 degree=2 alpha=0.0 val_mse=0.000000
2026-02-13 21:00:02,482 - PhysicalMLTrainer_Drone2 - INFO - Physical ML model trained drone=2 samples=7701 degree=2 alpha=0.0 val_mse=0.000529
2026-02-13 21:00:02,685 - Drone_4 - INFO - Drone 4: Reached target position
2026-02-13 21:00:02,688 - PhysicalMLTrainer_Drone3 - INFO - Physical ML model trained drone=3 samples=7701 degree=2 alpha=0.0 val_mse=0.001114
2026-02-13 21:00:02,808 - PhysicalMLTrainer_Drone4 - INFO - Physical ML model trained drone=4 samples=7701 degree=2 alpha=0.0 val_mse=0.000975
2026-02-13 21:00:03,195 - Drone_3 - INFO - Drone 3: Reached target position
2026-02-13 21:00:03,404 - Drone_3 - INFO - Drone 3: Flying to {'x': 971.5816681406044, 'y': 306.3219341620444, 'z': 60.0}
2026-02-13 21:00:03,405 - Drone_4 - INFO - Drone 4: Flying to {'x': 1037.3782517678428, 'y': 321.39043053639534, 'z': 60.0}
2026-02-13 21:00:03,615 - Drone_4 - INFO - Drone 4: Reached target position
2026-02-13 21:00:04,201 - Drone_3 - INFO - Drone 3: Reached target position
2026-02-13 21:00:04,408 - Drone_3 - INFO - Drone 3: Flying to {'x': 970.7049106381066, 'y': 294.6176266943281, 'z': 60.0}
2026-02-13 21:00:04,409 - Drone_4 - INFO - Drone 4: Flying to {'x': 1034.9038838196486, 'y': 315.46809053654636, 'z': 60.0}
2026-02-13 21:00:04,520 - Drone_4 - INFO - Drone 4: Reached target position
2026-02-13 21:00:05,208 - Drone_3 - INFO - Drone 3: Reached target position
2026-02-13 21:00:05,410 - Drone_3 - INFO - Drone 3: Flying to {'x': 970.8493677171606, 'y': 284.1365857757661, 'z': 60.0}
2026-02-13 21:00:05,410 - Drone_4 - INFO - Drone 4: Flying to {'x': 1033.2208688302926, 'y': 309.9444498658952, 'z': 60.0}
2026-02-13 21:00:05,526 - Drone_4 - INFO - Drone 4: Reached target position
2026-02-13 21:00:06,114 - Drone_3 - INFO - Drone 3: Reached target position
2026-02-13 21:00:06,411 - Drone_3 - INFO - Drone 3: Flying to {'x': 972.0277234911397, 'y': 272.6662818265984, 'z': 60.0}
2026-02-13 21:00:06,412 - Drone_4 - INFO - Drone 4: Flying to {'x': 1032.0022773572637, 'y': 303.63889696577235, 'z': 60.0}
2026-02-13 21:00:06,431 - Drone_4 - INFO - Drone 4: Reached target position
2026-02-13 21:00:07,118 - Drone_3 - INFO - Drone 3: Reached target position
2026-02-13 21:00:07,413 - Drone_3 - INFO - Drone 3: Flying to {'x': 974.2303253590047, 'y': 261.49779503112535, 'z': 60.0}
2026-02-13 21:00:07,414 - Drone_4 - INFO - Drone 4: Flying to {'x': 1031.5031430021277, 'y': 297.219978044172, 'z': 60.0}
2026-02-13 21:00:07,436 - Drone_4 - INFO - Drone 4: Reached target position
2026-02-13 21:00:08,124 - Drone_3 - INFO - Drone 3: Reached target position
2026-02-13 21:00:08,416 - Drone_3 - INFO - Drone 3: Flying to {'x': 977.3705116230482, 'y': 250.77682433312472, 'z': 60.0}
2026-02-13 21:00:08,416 - Drone_4 - INFO - Drone 4: Flying to {'x': 1031.7351221282725, 'y': 290.78606232405946, 'z': 60.0}
2026-02-13 21:00:08,543 - Drone_4 - INFO - Drone 4: Reached target position
2026-02-13 21:00:09,130 - Drone_3 - INFO - Drone 3: Reached target position
2026-02-13 21:00:09,418 - Drone_3 - INFO - Drone 3: Flying to {'x': 981.3600704683347, 'y': 240.55459980069259, 'z': 60.0}
2026-02-13 21:00:09,418 - Drone_4 - INFO - Drone 4: Flying to {'x': 1032.6856353277017, 'y': 284.39449478080064, 'z': 60.0}
2026-02-13 21:00:09,549 - Drone_4 - INFO - Drone 4: Reached target position
2026-02-13 21:00:10,136 - Drone_3 - INFO - Drone 3: Reached target position
2026-02-13 21:00:10,420 - Drone_3 - INFO - Drone 3: Flying to {'x': 986.1025527805172, 'y': 230.8773130841082, 'z': 60.0}
2026-02-13 21:00:10,420 - Drone_4 - INFO - Drone 4: Flying to {'x': 1034.3267768238236, 'y': 278.1073270097994, 'z': 60.0}
2026-02-13 21:00:10,554 - Drone_4 - INFO - Drone 4: Reached target position
2026-02-13 21:00:11,142 - Drone_3 - INFO - Drone 3: Reached target position
2026-02-13 21:00:11,422 - Drone_3 - INFO - Drone 3: Flying to {'x': 991.5007945848777, 'y': 221.772355010314, 'z': 60.0}
2026-02-13 21:00:11,422 - Drone_4 - INFO - Drone 4: Flying to {'x': 1036.617293425607, 'y': 271.9794414857756, 'z': 60.0}
2026-02-13 21:00:11,661 - Drone_4 - INFO - Drone 4: Reached target position
2026-02-13 21:00:12,149 - Drone_3 - INFO - Drone 3: Reached target position
2026-02-13 21:00:12,423 - Drone_3 - INFO - Drone 3: Flying to {'x': 997.4610612647941, 'y': 213.25077712252698, 'z': 60.0}
2026-02-13 21:00:12,424 - Drone_4 - INFO - Drone 4: Flying to {'x': 1039.5063288854424, 'y': 266.05651043537927, 'z': 60.0}
2026-02-13 21:00:12,667 - Drone_4 - INFO - Drone 4: Reached target position
2026-02-13 21:00:13,155 - Drone_3 - INFO - Drone 3: Reached target position
2026-02-13 21:00:13,425 - Drone_3 - INFO - Drone 3: Flying to {'x': 1003.9065595872717, 'y': 205.29825753783754, 'z': 60.0}
2026-02-13 21:00:13,426 - Drone_4 - INFO - Drone 4: Flying to {'x': 1042.9431432539936, 'y': 260.3654450057936, 'z': 60.0}
2026-02-13 21:00:13,675 - Drone_4 - INFO - Drone 4: Reached target position
2026-02-13 21:00:14,162 - Drone_3 - INFO - Drone 3: Reached target position
2026-02-13 21:00:14,428 - Drone_3 - INFO - Drone 3: Flying to {'x': 1010.7650663237379, 'y': 197.8998118895791, 'z': 60.0}
2026-02-13 21:00:14,429 - Drone_4 - INFO - Drone 4: Flying to {'x': 1046.8740454640595, 'y': 254.9295552297329, 'z': 60.0}
2026-02-13 21:00:14,782 - Drone_4 - INFO - Drone 4: Reached target position
2026-02-13 21:00:15,169 - Drone_3 - INFO - Drone 3: Reached target position
2026-02-13 21:00:15,432 - Drone_3 - INFO - Drone 3: Flying to {'x': 1017.9664388406093, 'y': 191.04111488617838, 'z': 60.0}
2026-02-13 21:00:15,432 - Drone_4 - INFO - Drone 4: Flying to {'x': 1051.2419861759342, 'y': 249.76919973094874, 'z': 60.0}
2026-02-13 21:00:15,787 - Drone_4 - INFO - Drone 4: Reached target position
2026-02-13 21:00:16,174 - Drone_3 - INFO - Drone 3: Reached target position
2026-02-13 21:00:16,435 - Drone_3 - INFO - Drone 3: Flying to {'x': 1025.4567931734443, 'y': 184.69591300125313, 'z': 60.0}
2026-02-13 21:00:16,435 - Drone_4 - INFO - Drone 4: Flying to {'x': 1055.9966816039293, 'y': 244.8919694722008, 'z': 60.0}
2026-02-13 21:00:16,794 - Drone_4 - INFO - Drone 4: Reached target position
2026-02-13 21:00:17,182 - Drone_3 - INFO - Drone 3: Reached target position
2026-02-13 21:00:17,438 - Drone_3 - INFO - Drone 3: Flying to {'x': 1033.1901197841823, 'y': 178.83735544379184, 'z': 60.0}
2026-02-13 21:00:17,439 - Drone_4 - INFO - Drone 4: Flying to {'x': 1061.091530884312, 'y': 240.3008507773762, 'z': 60.0}
2026-02-13 21:00:17,801 - Drone_4 - INFO - Drone 4: Reached target position
2026-02-13 21:00:18,188 - Drone_3 - INFO - Drone 3: Reached target position
2026-02-13 21:00:18,443 - Drone_3 - INFO - Drone 3: Flying to {'x': 1041.13609311537, 'y': 173.43339810393968, 'z': 60.0}
2026-02-13 21:00:18,444 - Drone_4 - INFO - Drone 4: Flying to {'x': 1066.4900412957281, 'y': 235.9907902464172, 'z': 60.0}
2026-02-13 21:00:18,907 - Drone_4 - INFO - Drone 4: Reached target position
2026-02-13 21:00:19,195 - Drone_3 - INFO - Drone 3: Reached target position
2026-02-13 21:00:19,445 - Drone_3 - INFO - Drone 3: Flying to {'x': 1049.2671551116475, 'y': 168.45719324936834, 'z': 60.0}
2026-02-13 21:00:19,446 - Drone_4 - INFO - Drone 4: Flying to {'x': 1072.1581573882333, 'y': 231.9572091137233, 'z': 60.0}
2026-02-13 21:00:19,914 - Drone_4 - INFO - Drone 4: Reached target position
2026-02-13 21:00:20,201 - Drone_3 - INFO - Drone 3: Reached target position
2026-02-13 21:00:20,447 - Drone_3 - INFO - Drone 3: Flying to {'x': 1057.5353337731171, 'y': 163.89761955399825, 'z': 60.0}
2026-02-13 21:00:20,447 - Drone_4 - INFO - Drone 4: Flying to {'x': 1078.0476462898032, 'y': 228.205434282986, 'z': 60.0}
2026-02-13 21:00:20,921 - Drone_4 - INFO - Drone 4: Reached target position
2026-02-13 21:00:21,209 - Drone_3 - INFO - Drone 3: Reached target position
2026-02-13 21:00:21,449 - Drone_3 - INFO - Drone 3: Flying to {'x': 1065.9314100518993, 'y': 159.7246158530874, 'z': 60.0}
2026-02-13 21:00:21,449 - Drone_4 - INFO - Drone 4: Flying to {'x': 1084.1381546690457, 'y': 224.7228039081864, 'z': 60.0}
2026-02-13 21:00:21,927 - Drone_4 - INFO - Drone 4: Reached target position
2026-02-13 21:00:22,216 - Drone_3 - INFO - Drone 3: Reached target position
2026-02-13 21:00:22,451 - Drone_3 - INFO - Drone 3: Flying to {'x': 1074.448238050225, 'y': 155.91358476176657, 'z': 60.0}
2026-02-13 21:00:22,452 - Drone_4 - INFO - Drone 4: Flying to {'x': 1090.4122999813462, 'y': 221.49863432841192, 'z': 60.0}
2026-02-13 21:00:22,626 - PhysicalMLTrainer_Drone5 - INFO - Physical ML model trained drone=5 samples=7901 degree=2 alpha=0.0 val_mse=0.000000
2026-02-13 21:00:22,639 - PhysicalMLTrainer_Drone2 - INFO - Physical ML model trained drone=2 samples=7901 degree=2 alpha=0.0 val_mse=0.000492
2026-02-13 21:00:22,845 - PhysicalMLTrainer_Drone3 - INFO - Physical ML model trained drone=3 samples=7901 degree=2 alpha=0.0 val_mse=0.001283
2026-02-13 21:00:22,933 - Drone_4 - INFO - Drone 4: Reached target position
2026-02-13 21:00:22,964 - PhysicalMLTrainer_Drone4 - INFO - Physical ML model trained drone=4 samples=7901 degree=2 alpha=0.0 val_mse=0.000946
2026-02-13 21:00:23,249 - Drone_3 - INFO - Drone 3: Reached target position
2026-02-13 21:00:23,455 - Drone_3 - INFO - Drone 3: Flying to {'x': 1083.323076063989, 'y': 152.35286273370573, 'z': 60.0}
2026-02-13 21:00:23,455 - Drone_4 - INFO - Drone 4: Flying to {'x': 1097.037728982522, 'y': 218.44490684889539, 'z': 60.0}
2026-02-13 21:00:23,870 - Drone_4 - INFO - Drone 4: Reached target position
2026-02-13 21:00:24,255 - Drone_3 - INFO - Drone 3: Reached target position
2026-02-13 21:00:24,459 - Drone_3 - INFO - Drone 3: Flying to {'x': 1092.0148312205301, 'y': 149.23626817033417, 'z': 60.0}
2026-02-13 21:00:24,460 - Drone_4 - INFO - Drone 4: Flying to {'x': 1103.5991596253589, 'y': 215.73478947275922, 'z': 60.0}
2026-02-13 21:00:24,879 - Drone_4 - INFO - Drone 4: Reached target position
2026-02-13 21:00:25,261 - Drone_3 - INFO - Drone 3: Reached target position
2026-02-13 21:00:25,462 - Drone_3 - INFO - Drone 3: Flying to {'x': 1100.7870458553164, 'y': 146.43560865427855, 'z': 60.0}
2026-02-13 21:00:25,463 - Drone_4 - INFO - Drone 4: Flying to {'x': 1110.2831491548393, 'y': 213.2643002629341, 'z': 60.0}
2026-02-13 21:00:25,988 - Drone_4 - INFO - Drone 4: Reached target position
2026-02-13 21:00:26,066 - Drone_3 - INFO - Drone 3: Reached target position
2026-02-13 21:00:26,465 - Drone_3 - INFO - Drone 3: Flying to {'x': 1109.6122430440091, 'y': 143.94445343564198, 'z': 60.0}
2026-02-13 21:00:26,466 - Drone_4 - INFO - Drone 4: Flying to {'x': 1117.0601164590985, 'y': 211.03230018594994, 'z': 60.0}
2026-02-13 21:00:26,995 - Drone_4 - INFO - Drone 4: Reached target position
2026-02-13 21:00:27,174 - Drone_3 - INFO - Drone 3: Reached target position
2026-02-13 21:00:27,469 - Drone_3 - INFO - Drone 3: Flying to {'x': 1117.6190756464412, 'y': 141.95153951310044, 'z': 60.0}
2026-02-13 21:00:27,469 - Drone_4 - INFO - Drone 4: Flying to {'x': 1123.2468750721287, 'y': 209.21652203464902, 'z': 60.0}
2026-02-13 21:00:27,901 - Drone_4 - INFO - Drone 4: Reached target position
2026-02-13 21:00:28,082 - Drone_3 - INFO - Drone 3: Reached target position
2026-02-13 21:00:28,471 - Drone_3 - INFO - Drone 3: Flying to {'x': 1126.5516854716413, 'y': 140.01314468360545, 'z': 60.0}
2026-02-13 21:00:28,471 - Drone_4 - INFO - Drone 4: Flying to {'x': 1130.1843828982567, 'y': 207.41532201792205, 'z': 60.0}
2026-02-13 21:00:29,008 - Drone_4 - INFO - Drone 4: Reached target position
2026-02-13 21:00:29,188 - Drone_3 - INFO - Drone 3: Reached target position
2026-02-13 21:00:29,474 - Drone_3 - INFO - Drone 3: Flying to {'x': 1135.5225136515016, 'y': 138.35565432988335, 'z': 60.0}
2026-02-13 21:00:29,474 - Drone_4 - INFO - Drone 4: Flying to {'x': 1137.182014309533, 'y': 205.8352516728284, 'z': 60.0}
2026-02-13 21:00:30,017 - Drone_4 - INFO - Drone 4: Reached target position
2026-02-13 21:00:30,195 - Drone_3 - INFO - Drone 3: Reached target position
2026-02-13 21:00:30,478 - Drone_3 - INFO - Drone 3: Flying to {'x': 1144.525201370776, 'y': 136.97220834465006, 'z': 60.0}
2026-02-13 21:00:30,478 - Drone_4 - INFO - Drone 4: Flying to {'x': 1144.228379805627, 'y': 204.47155572637266, 'z': 60.0}
2026-02-13 21:00:31,025 - Drone_4 - INFO - Drone 4: Reached target position
2026-02-13 21:00:31,203 - Drone_3 - INFO - Drone 3: Reached target position
2026-02-13 21:00:31,481 - Drone_3 - INFO - Drone 3: Flying to {'x': 1153.5630764659968, 'y': 135.85605474760433, 'z': 60.0}
2026-02-13 21:00:31,482 - Drone_4 - INFO - Drone 4: Flying to {'x': 1151.320081168209, 'y': 203.31877758098915, 'z': 60.0}
2026-02-13 21:00:32,032 - Drone_4 - INFO - Drone 4: Reached target position
2026-02-13 21:00:32,212 - Drone_3 - INFO - Drone 3: Reached target position
2026-02-13 21:00:32,485 - Drone_3 - INFO - Drone 3: Flying to {'x': 1162.627649066436, 'y': 135.00346440733637, 'z': 60.0}
2026-02-13 21:00:32,485 - Drone_4 - INFO - Drone 4: Flying to {'x': 1158.4447779751342, 'y': 202.3737367047937, 'z': 60.0}
2026-02-13 21:00:33,038 - Drone_4 - INFO - Drone 4: Reached target position
2026-02-13 21:00:33,219 - Drone_3 - INFO - Drone 3: Reached target position
2026-02-13 21:00:33,487 - Drone_3 - INFO - Drone 3: Flying to {'x': 1171.7166833083675, 'y': 134.41096852437815, 'z': 60.0}
2026-02-13 21:00:33,488 - Drone_4 - INFO - Drone 4: Flying to {'x': 1165.5952931061047, 'y': 201.63282941792707, 'z': 60.0}
2026-02-13 21:00:34,044 - Drone_4 - INFO - Drone 4: Reached target position
2026-02-13 21:00:34,226 - Drone_3 - INFO - Drone 3: Reached target position
2026-02-13 21:00:34,489 - Drone_3 - INFO - Drone 3: Flying to {'x': 1180.8239116034238, 'y': 134.0763734582083, 'z': 60.0}
2026-02-13 21:00:34,490 - Drone_4 - INFO - Drone 4: Flying to {'x': 1172.7614873718967, 'y': 201.09314237100267, 'z': 60.0}
2026-02-13 21:00:35,050 - Drone_4 - INFO - Drone 4: Reached target position
2026-02-13 21:00:35,233 - Drone_3 - INFO - Drone 3: Reached target position
2026-02-13 21:00:35,491 - Drone_3 - INFO - Drone 3: Flying to {'x': 1189.9397811752751, 'y': 133.99812305661504, 'z': 60.0}
2026-02-13 21:00:35,492 - Drone_4 - INFO - Drone 4: Flying to {'x': 1179.9308130955578, 'y': 200.75192862587983, 'z': 60.0}
2026-02-13 21:00:36,057 - Drone_4 - INFO - Drone 4: Reached target position
2026-02-13 21:00:36,239 - Drone_3 - INFO - Drone 3: Reached target position
2026-02-13 21:00:36,494 - Drone_3 - INFO - Drone 3: Flying to {'x': 1199.0730340366372, 'y': 134.17554638835765, 'z': 60.0}
2026-02-13 21:00:36,495 - Drone_4 - INFO - Drone 4: Flying to {'x': 1187.1052648265968, 'y': 200.60613046026845, 'z': 60.0}
2026-02-13 21:00:37,064 - Drone_4 - INFO - Drone 4: Reached target position
2026-02-13 21:00:37,246 - Drone_3 - INFO - Drone 3: Reached target position
2026-02-13 21:00:37,498 - Drone_3 - INFO - Drone 3: Flying to {'x': 1208.2198064973536, 'y': 134.60944088266223, 'z': 60.0}
2026-02-13 21:00:37,499 - Drone_4 - INFO - Drone 4: Flying to {'x': 1194.277008835416, 'y': 200.653732031544, 'z': 60.0}
2026-02-13 21:00:38,072 - Drone_4 - INFO - Drone 4: Reached target position
2026-02-13 21:00:38,254 - Drone_3 - INFO - Drone 3: Reached target position
2026-02-13 21:00:38,501 - Drone_3 - INFO - Drone 3: Flying to {'x': 1217.383786086647, 'y': 135.3021401106866, 'z': 60.0}
2026-02-13 21:00:38,502 - Drone_4 - INFO - Drone 4: Flying to {'x': 1201.4441952808506, 'y': 200.89314136042952, 'z': 60.0}
2026-02-13 21:00:39,078 - Drone_4 - INFO - Drone 4: Reached target position
2026-02-13 21:00:39,263 - Drone_3 - INFO - Drone 3: Reached target position
2026-02-13 21:00:39,505 - Drone_3 - INFO - Drone 3: Flying to {'x': 1226.5308162263077, 'y': 136.25316794385313, 'z': 60.0}
2026-02-13 21:00:39,505 - Drone_4 - INFO - Drone 4: Flying to {'x': 1208.5754953926753, 'y': 201.3212588468551, 'z': 60.0}
2026-02-13 21:00:40,085 - Drone_4 - INFO - Drone 4: Reached target position
2026-02-13 21:00:40,272 - Drone_3 - INFO - Drone 3: Reached target position
2026-02-13 21:00:40,508 - Drone_3 - INFO - Drone 3: Flying to {'x': 1235.6566257670554, 'y': 137.46392684172994, 'z': 60.0}
2026-02-13 21:00:40,509 - Drone_4 - INFO - Drone 4: Flying to {'x': 1215.6632053945216, 'y': 201.93495244088686, 'z': 60.0}
2026-02-13 21:00:41,092 - Drone_4 - INFO - Drone 4: Reached target position
2026-02-13 21:00:41,279 - Drone_3 - INFO - Drone 3: Reached target position
2026-02-13 21:00:41,511 - Drone_3 - INFO - Drone 3: Flying to {'x': 1244.7847353883537, 'y': 138.94164040666573, 'z': 60.0}
2026-02-13 21:00:41,511 - Drone_4 - INFO - Drone 4: Flying to {'x': 1222.7212341629322, 'y': 202.73389631344344, 'z': 60.0}
2026-02-13 21:00:42,097 - Drone_4 - INFO - Drone 4: Reached target position
2026-02-13 21:00:42,285 - Drone_3 - INFO - Drone 3: Reached target position
2026-02-13 21:00:42,511 - Drone_3 - INFO - Drone 3: Flying to {'x': 1253.9087041991886, 'y': 140.69155971865752, 'z': 60.0}
2026-02-13 21:00:42,512 - Drone_4 - INFO - Drone 4: Flying to {'x': 1229.7402112935622, 'y': 203.71642743506527, 'z': 60.0}
2026-02-13 21:00:42,787 - PhysicalMLTrainer_Drone2 - INFO - Physical ML model trained drone=2 samples=8101 degree=2 alpha=0.0 val_mse=0.000561
2026-02-13 21:00:42,788 - PhysicalMLTrainer_Drone5 - INFO - Physical ML model trained drone=5 samples=8101 degree=2 alpha=0.0 val_mse=0.000000
2026-02-13 21:00:43,012 - PhysicalMLTrainer_Drone3 - INFO - Physical ML model trained drone=3 samples=8101 degree=2 alpha=0.0 val_mse=0.001556
2026-02-13 21:00:43,103 - Drone_4 - INFO - Drone 4: Reached target position
2026-02-13 21:00:43,129 - PhysicalMLTrainer_Drone4 - INFO - Physical ML model trained drone=4 samples=8101 degree=2 alpha=0.0 val_mse=0.001152
2026-02-13 21:00:43,316 - Drone_3 - INFO - Drone 3: Reached target position
2026-02-13 21:00:43,514 - Drone_3 - INFO - Drone 3: Flying to {'x': 1263.3674764571665, 'y': 142.8031645681103, 'z': 60.0}
2026-02-13 21:00:43,514 - Drone_4 - INFO - Drone 4: Flying to {'x': 1236.9745094347513, 'y': 204.92933692528769, 'z': 60.0}
2026-02-13 21:00:44,037 - Drone_4 - INFO - Drone 4: Reached target position
2026-02-13 21:00:44,221 - Drone_3 - INFO - Drone 3: Reached target position
2026-02-13 21:00:44,517 - Drone_3 - INFO - Drone 3: Flying to {'x': 1272.462345679517, 'y': 145.12768322797336, 'z': 60.0}
2026-02-13 21:00:44,518 - Drone_4 - INFO - Drone 4: Flying to {'x': 1243.885192189029, 'y': 206.2799219309113, 'z': 60.0}
2026-02-13 21:00:45,143 - Drone_4 - INFO - Drone 4: Reached target position
2026-02-13 21:00:45,231 - Drone_3 - INFO - Drone 3: Reached target position
2026-02-13 21:00:45,520 - Drone_3 - INFO - Drone 3: Flying to {'x': 1281.5177874665478, 'y': 147.74158030181343, 'z': 60.0}
2026-02-13 21:00:45,521 - Drone_4 - INFO - Drone 4: Flying to {'x': 1250.7180251712002, 'y': 207.80508538227048, 'z': 60.0}
2026-02-13 21:00:46,049 - Drone_4 - INFO - Drone 4: Reached target position
2026-02-13 21:00:46,238 - Drone_3 - INFO - Drone 3: Reached target position
2026-02-13 21:00:46,524 - Drone_3 - INFO - Drone 3: Flying to {'x': 1290.546532445947, 'y': 150.65970233181324, 'z': 60.0}
2026-02-13 21:00:46,524 - Drone_4 - INFO - Drone 4: Flying to {'x': 1257.4795339898242, 'y': 209.50546354791757, 'z': 60.0}
2026-02-13 21:00:47,157 - Drone_4 - INFO - Drone 4: Reached target position
2026-02-13 21:00:47,244 - Drone_3 - INFO - Drone 3: Reached target position
2026-02-13 21:00:47,527 - Drone_3 - INFO - Drone 3: Flying to {'x': 1298.6430605031464, 'y': 153.5555822738072, 'z': 60.0}
2026-02-13 21:00:47,527 - Drone_4 - INFO - Drone 4: Flying to {'x': 1263.4968417096306, 'y': 211.18364231853127, 'z': 60.0}
2026-02-13 21:00:48,063 - Drone_4 - INFO - Drone 4: Reached target position
2026-02-13 21:00:48,250 - Drone_3 - INFO - Drone 3: Reached target position
2026-02-13 21:00:48,529 - Drone_3 - INFO - Drone 3: Flying to {'x': 1307.588847258047, 'y': 157.08067952234956, 'z': 60.0}
2026-02-13 21:00:48,529 - Drone_4 - INFO - Drone 4: Flying to {'x': 1270.0923349902494, 'y': 213.2078705063184, 'z': 60.0}
2026-02-13 21:00:49,169 - Drone_4 - INFO - Drone 4: Reached target position
2026-02-13 21:00:49,257 - Drone_3 - INFO - Drone 3: Reached target position
2026-02-13 21:00:49,531 - Drone_3 - INFO - Drone 3: Flying to {'x': 1316.5039852120133, 'y': 160.95715751674683, 'z': 60.0}
2026-02-13 21:00:49,531 - Drone_4 - INFO - Drone 4: Flying to {'x': 1276.6083255087776, 'y': 215.4051725112681, 'z': 60.0}
2026-02-13 21:00:50,076 - Drone_4 - INFO - Drone 4: Reached target position
2026-02-13 21:00:50,263 - Drone_3 - INFO - Drone 3: Reached target position
2026-02-13 21:00:50,533 - Drone_3 - INFO - Drone 3: Flying to {'x': 1325.3366653927321, 'y': 165.18434273800534, 'z': 60.0}
2026-02-13 21:00:50,534 - Drone_4 - INFO - Drone 4: Flying to {'x': 1283.0075725275108, 'y': 217.76283546276363, 'z': 60.0}
2026-02-13 21:00:51,182 - Drone_4 - INFO - Drone 4: Reached target position
2026-02-13 21:00:51,269 - Drone_3 - INFO - Drone 3: Reached target position
2026-02-13 21:00:51,536 - Drone_3 - INFO - Drone 3: Flying to {'x': 1334.0861809187156, 'y': 169.78576548705317, 'z': 60.0}
2026-02-13 21:00:51,537 - Drone_4 - INFO - Drone 4: Flying to {'x': 1289.2923613902014, 'y': 220.28095072333988, 'z': 60.0}
2026-02-13 21:00:52,087 - Drone_4 - INFO - Drone 4: Reached target position
2026-02-13 21:00:52,275 - Drone_3 - INFO - Drone 3: Reached target position
2026-02-13 21:00:52,540 - Drone_3 - INFO - Drone 3: Flying to {'x': 1342.7657928771146, 'y': 174.79981659901296, 'z': 60.0}
2026-02-13 21:00:52,541 - Drone_4 - INFO - Drone 4: Flying to {'x': 1295.4770388164807, 'y': 222.96644134471086, 'z': 60.0}
2026-02-13 21:00:53,194 - Drone_4 - INFO - Drone 4: Reached target position
2026-02-13 21:00:53,382 - Drone_3 - INFO - Drone 3: Reached target position
2026-02-13 21:00:53,543 - Drone_3 - INFO - Drone 3: Flying to {'x': 1351.316722418783, 'y': 180.2284406281037, 'z': 60.0}
2026-02-13 21:00:53,544 - Drone_4 - INFO - Drone 4: Flying to {'x': 1301.5276363075552, 'y': 225.80581334975963, 'z': 60.0}
2026-02-13 21:00:54,100 - Drone_4 - INFO - Drone 4: Reached target position
2026-02-13 21:00:54,288 - Drone_3 - INFO - Drone 3: Reached target position
2026-02-13 21:00:54,546 - Drone_3 - INFO - Drone 3: Flying to {'x': 1359.7192820368207, 'y': 186.09869815973502, 'z': 60.0}
2026-02-13 21:00:54,546 - Drone_4 - INFO - Drone 4: Flying to {'x': 1307.4421127524408, 'y': 228.79937229507289, 'z': 60.0}
2026-02-13 21:00:55,208 - Drone_4 - INFO - Drone 4: Reached target position
2026-02-13 21:00:55,395 - Drone_3 - INFO - Drone 3: Reached target position
2026-02-13 21:00:55,548 - Drone_3 - INFO - Drone 3: Flying to {'x': 1367.9685206422862, 'y': 192.45738169138212, 'z': 60.0}
2026-02-13 21:00:55,548 - Drone_4 - INFO - Drone 4: Flying to {'x': 1313.2331335303786, 'y': 231.9578550772746, 'z': 60.0}
2026-02-13 21:00:56,114 - Drone_4 - INFO - Drone 4: Reached target position
2026-02-13 21:00:56,300 - Drone_3 - INFO - Drone 3: Reached target position
2026-02-13 21:00:56,549 - Drone_3 - INFO - Drone 3: Flying to {'x': 1376.0037651587697, 'y': 199.31748765239203, 'z': 60.0}
2026-02-13 21:00:56,549 - Drone_4 - INFO - Drone 4: Flying to {'x': 1318.8794196229194, 'y': 235.27661927567746, 'z': 60.0}
2026-02-13 21:00:57,222 - Drone_4 - INFO - Drone 4: Reached target position
2026-02-13 21:00:57,405 - Drone_3 - INFO - Drone 3: Reached target position
2026-02-13 21:00:57,551 - Drone_3 - INFO - Drone 3: Flying to {'x': 1383.788548823929, 'y': 206.71781110658426, 'z': 60.0}
2026-02-13 21:00:57,551 - Drone_4 - INFO - Drone 4: Flying to {'x': 1324.3824691130794, 'y': 238.76726809711968, 'z': 60.0}
2026-02-13 21:00:58,128 - Drone_4 - INFO - Drone 4: Reached target position
2026-02-13 21:00:58,311 - Drone_3 - INFO - Drone 3: Reached target position
2026-02-13 21:00:58,553 - Drone_3 - INFO - Drone 3: Flying to {'x': 1391.2496804358138, 'y': 214.6708100821316, 'z': 60.0}
2026-02-13 21:00:58,554 - Drone_4 - INFO - Drone 4: Flying to {'x': 1329.7236201702517, 'y': 242.43398548046076, 'z': 60.0}
2026-02-13 21:00:59,235 - Drone_4 - INFO - Drone 4: Reached target position
2026-02-13 21:00:59,419 - Drone_3 - INFO - Drone 3: Reached target position
2026-02-13 21:00:59,556 - Drone_3 - INFO - Drone 3: Flying to {'x': 1398.3263985941494, 'y': 223.2080565118244, 'z': 60.0}
2026-02-13 21:00:59,557 - Drone_4 - INFO - Drone 4: Flying to {'x': 1334.898169267744, 'y': 246.29722549896877, 'z': 60.0}
2026-02-13 21:01:00,141 - Drone_4 - INFO - Drone 4: Reached target position
2026-02-13 21:01:00,426 - Drone_3 - INFO - Drone 3: Reached target position
2026-02-13 21:01:00,559 - Drone_3 - INFO - Drone 3: Flying to {'x': 1404.9266054597463, 'y': 232.33134167597248, 'z': 60.0}
2026-02-13 21:01:00,560 - Drone_4 - INFO - Drone 4: Flying to {'x': 1339.8823640944827, 'y': 250.37286780923884, 'z': 60.0}
2026-02-13 21:01:01,248 - Drone_4 - INFO - Drone 4: Reached target position
2026-02-13 21:01:01,433 - Drone_3 - INFO - Drone 3: Reached target position
2026-02-13 21:01:01,562 - Drone_3 - INFO - Drone 3: Flying to {'x': 1410.9503966299403, 'y': 242.02953880883354, 'z': 60.0}
2026-02-13 21:01:01,563 - Drone_4 - INFO - Drone 4: Flying to {'x': 1344.6467554530136, 'y': 254.6816993627208, 'z': 60.0}
2026-02-13 21:01:02,155 - Drone_4 - INFO - Drone 4: Reached target position
2026-02-13 21:01:02,439 - Drone_3 - INFO - Drone 3: Reached target position
2026-02-13 21:01:02,564 - Drone_3 - INFO - Drone 3: Flying to {'x': 1416.2949719288695, 'y': 252.28021653563087, 'z': 60.0}
2026-02-13 21:01:02,565 - Drone_4 - INFO - Drone 4: Flying to {'x': 1349.1558000522105, 'y': 259.2502667303186, 'z': 60.0}
2026-02-13 21:01:02,957 - PhysicalMLTrainer_Drone2 - INFO - Physical ML model trained drone=2 samples=8301 degree=2 alpha=0.0 val_mse=0.000774
2026-02-13 21:01:02,957 - PhysicalMLTrainer_Drone5 - INFO - Physical ML model trained drone=5 samples=8301 degree=2 alpha=0.0 val_mse=0.000000
2026-02-13 21:01:03,165 - PhysicalMLTrainer_Drone3 - INFO - Physical ML model trained drone=3 samples=8301 degree=2 alpha=0.0 val_mse=0.001744
2026-02-13 21:01:03,263 - Drone_4 - INFO - Drone 4: Reached target position
2026-02-13 21:01:03,291 - PhysicalMLTrainer_Drone4 - INFO - Physical ML model trained drone=4 samples=8301 degree=2 alpha=0.0 val_mse=0.001355
2026-02-13 21:01:03,479 - Drone_3 - INFO - Drone 3: Reached target position
2026-02-13 21:01:03,566 - Drone_3 - INFO - Drone 3: Flying to {'x': 1420.9939146117304, 'y': 263.4203844632992, 'z': 60.0}
2026-02-13 21:01:03,566 - Drone_4 - INFO - Drone 4: Flying to {'x': 1353.4993836642998, 'y': 264.2796237700856, 'z': 60.0}
2026-02-13 21:01:04,096 - Drone_4 - INFO - Drone 4: Reached target position
2026-02-13 21:01:04,384 - Drone_3 - INFO - Drone 3: Reached target position
2026-02-13 21:01:04,568 - Drone_3 - INFO - Drone 3: Flying to {'x': 1424.3027178270559, 'y': 273.4723666929801, 'z': 60.0}
2026-02-13 21:01:04,568 - Drone_4 - INFO - Drone 4: Flying to {'x': 1356.95702304434, 'y': 268.9108544181675, 'z': 60.0}
2026-02-13 21:01:05,203 - Drone_4 - INFO - Drone 4: Reached target position
2026-02-13 21:01:05,291 - Drone_3 - INFO - Drone 3: Reached target position
2026-02-13 21:01:05,570 - Drone_3 - INFO - Drone 3: Flying to {'x': 1427.0428191151623, 'y': 284.93266299455394, 'z': 60.0}
2026-02-13 21:01:05,570 - Drone_4 - INFO - Drone 4: Flying to {'x': 1360.3791712994534, 'y': 274.3398324048032, 'z': 60.0}
2026-02-13 21:01:06,210 - Drone_4 - INFO - Drone 4: Reached target position
2026-02-13 21:01:06,398 - Drone_3 - INFO - Drone 3: Reached target position
2026-02-13 21:01:06,572 - Drone_3 - INFO - Drone 3: Flying to {'x': 1428.7349806497712, 'y': 296.587336407566, 'z': 60.0}
2026-02-13 21:01:06,573 - Drone_4 - INFO - Drone 4: Flying to {'x': 1363.2892045267724, 'y': 280.0615871761894, 'z': 60.0}
2026-02-13 21:01:07,216 - Drone_4 - INFO - Drone 4: Reached target position
2026-02-13 21:01:07,404 - Drone_3 - INFO - Drone 3: Reached target position
2026-02-13 21:01:07,575 - Drone_3 - INFO - Drone 3: Flying to {'x': 1429.34056238202, 'y': 308.2825876816811, 'z': 60.0}
2026-02-13 21:01:07,575 - Drone_4 - INFO - Drone 4: Flying to {'x': 1365.610215974726, 'y': 286.04089379820323, 'z': 60.0}
2026-02-13 21:01:08,222 - Drone_4 - INFO - Drone 4: Reached target position
2026-02-13 21:01:08,412 - Drone_3 - INFO - Drone 3: Reached target position
2026-02-13 21:01:08,578 - Drone_3 - INFO - Drone 3: Flying to {'x': 1428.8593275801334, 'y': 319.8707377952184, 'z': 60.0}
2026-02-13 21:01:08,578 - Drone_4 - INFO - Drone 4: Flying to {'x': 1367.278877877652, 'y': 292.2284112932735, 'z': 60.0}
2026-02-13 21:01:09,231 - Drone_4 - INFO - Drone 4: Reached target position
2026-02-13 21:01:09,419 - Drone_3 - INFO - Drone 3: Reached target position
2026-02-13 21:01:09,581 - Drone_3 - INFO - Drone 3: Flying to {'x': 1427.321104070275, 'y': 331.23959702679747, 'z': 60.0}
2026-02-13 21:01:09,581 - Drone_4 - INFO - Drone 4: Flying to {'x': 1368.2508368001868, 'y': 298.5753424870046, 'z': 60.0}
2026-02-13 21:01:10,238 - Drone_4 - INFO - Drone 4: Reached target position
2026-02-13 21:01:10,425 - Drone_3 - INFO - Drone 3: Reached target position
2026-02-13 21:01:10,583 - Drone_3 - INFO - Drone 3: Flying to {'x': 1424.786762341868, 'y': 342.2552528052807, 'z': 60.0}
2026-02-13 21:01:10,584 - Drone_4 - INFO - Drone 4: Flying to {'x': 1368.497370131958, 'y': 305.00267806689607, 'z': 60.0}
2026-02-13 21:01:11,247 - Drone_4 - INFO - Drone 4: Reached target position
2026-02-13 21:01:11,333 - Drone_3 - INFO - Drone 3: Reached target position
2026-02-13 21:01:11,586 - Drone_3 - INFO - Drone 3: Flying to {'x': 1421.3401788109395, 'y': 352.8184796648016, 'z': 60.0}
2026-02-13 21:01:11,587 - Drone_4 - INFO - Drone 4: Flying to {'x': 1368.0149762917417, 'y': 311.4340287648976, 'z': 60.0}
2026-02-13 21:01:12,253 - Drone_4 - INFO - Drone 4: Reached target position
2026-02-13 21:01:12,339 - Drone_3 - INFO - Drone 3: Reached target position
2026-02-13 21:01:12,590 - Drone_3 - INFO - Drone 3: Flying to {'x': 1417.0793368024752, 'y': 362.8567817779167, 'z': 60.0}
2026-02-13 21:01:12,590 - Drone_4 - INFO - Drone 4: Flying to {'x': 1366.8220204972595, 'y': 317.79624296847146, 'z': 60.0}
2026-02-13 21:01:13,259 - Drone_4 - INFO - Drone 4: Reached target position
2026-02-13 21:01:13,345 - Drone_3 - INFO - Drone 3: Reached target position
2026-02-13 21:01:13,593 - Drone_3 - INFO - Drone 3: Flying to {'x': 1412.0984332173675, 'y': 372.3400113624288, 'z': 60.0}
2026-02-13 21:01:13,594 - Drone_4 - INFO - Drone 4: Flying to {'x': 1364.9509524884284, 'y': 324.0350937979168, 'z': 60.0}
2026-02-13 21:01:14,265 - Drone_4 - INFO - Drone 4: Reached target position
2026-02-13 21:01:14,352 - Drone_3 - INFO - Drone 3: Reached target position
2026-02-13 21:01:14,597 - Drone_3 - INFO - Drone 3: Flying to {'x': 1406.4797715560792, 'y': 381.2665819559576, 'z': 60.0}
2026-02-13 21:01:14,597 - Drone_4 - INFO - Drone 4: Flying to {'x': 1362.439858949214, 'y': 330.1125391286338, 'z': 60.0}
2026-02-13 21:01:15,272 - Drone_4 - INFO - Drone 4: Reached target position
2026-02-13 21:01:15,359 - Drone_3 - INFO - Drone 3: Reached target position
2026-02-13 21:01:15,599 - Drone_3 - INFO - Drone 3: Flying to {'x': 1400.3387827427437, 'y': 389.59200363865705, 'z': 60.0}
2026-02-13 21:01:15,599 - Drone_4 - INFO - Drone 4: Flying to {'x': 1359.352379559698, 'y': 335.9602522770166, 'z': 60.0}
2026-02-13 21:01:16,265 - Drone_3 - INFO - Drone 3: Reached target position
2026-02-13 21:01:16,277 - Drone_4 - INFO - Drone 4: Reached target position
2026-02-13 21:01:16,602 - Drone_3 - INFO - Drone 3: Flying to {'x': 1393.7315830962316, 'y': 397.35972120019727, 'z': 60.0}
2026-02-13 21:01:16,602 - Drone_4 - INFO - Drone 4: Flying to {'x': 1355.7314726916375, 'y': 341.5722529905834, 'z': 60.0}
2026-02-13 21:01:17,271 - Drone_3 - INFO - Drone 3: Reached target position
2026-02-13 21:01:17,283 - Drone_4 - INFO - Drone 4: Reached target position
2026-02-13 21:01:17,603 - Drone_3 - INFO - Drone 3: Flying to {'x': 1386.7585118789357, 'y': 404.5542994136173, 'z': 60.0}
2026-02-13 21:01:17,604 - Drone_4 - INFO - Drone 4: Flying to {'x': 1351.6489542495724, 'y': 346.9038964395668, 'z': 60.0}
2026-02-13 21:01:18,188 - Drone_4 - INFO - Drone 4: Reached target position
2026-02-13 21:01:18,277 - Drone_3 - INFO - Drone 3: Reached target position
2026-02-13 21:01:18,606 - Drone_3 - INFO - Drone 3: Flying to {'x': 1379.4677623922298, 'y': 411.2161930155368, 'z': 60.0}
2026-02-13 21:01:18,607 - Drone_4 - INFO - Drone 4: Flying to {'x': 1347.1514673305987, 'y': 351.95484749006306, 'z': 60.0}
2026-02-13 21:01:19,282 - Drone_3 - INFO - Drone 3: Reached target position
2026-02-13 21:01:19,294 - Drone_4 - INFO - Drone 4: Reached target position
2026-02-13 21:01:19,610 - Drone_3 - INFO - Drone 3: Flying to {'x': 1371.9006044109633, 'y': 417.3803473282491, 'z': 60.0}
2026-02-13 21:01:19,610 - Drone_4 - INFO - Drone 4: Flying to {'x': 1342.281899287284, 'y': 356.72573244367067, 'z': 60.0}
2026-02-13 21:01:20,199 - Drone_4 - INFO - Drone 4: Reached target position
2026-02-13 21:01:20,289 - Drone_3 - INFO - Drone 3: Reached target position
2026-02-13 21:01:20,612 - Drone_3 - INFO - Drone 3: Flying to {'x': 1364.0992338262981, 'y': 423.0728042657527, 'z': 60.0}
2026-02-13 21:01:20,613 - Drone_4 - INFO - Drone 4: Flying to {'x': 1337.0841402133428, 'y': 361.2146219687981, 'z': 60.0}
2026-02-13 21:01:21,195 - Drone_3 - INFO - Drone 3: Reached target position
2026-02-13 21:01:21,305 - Drone_4 - INFO - Drone 4: Reached target position
2026-02-13 21:01:21,615 - Drone_3 - INFO - Drone 3: Flying to {'x': 1356.0971082083893, 'y': 428.3203126327091, 'z': 60.0}
2026-02-13 21:01:21,615 - Drone_4 - INFO - Drone 4: Flying to {'x': 1331.5964890089726, 'y': 365.42381305725434, 'z': 60.0}
2026-02-13 21:01:22,200 - Drone_3 - INFO - Drone 3: Reached target position
2026-02-13 21:01:22,211 - Drone_4 - INFO - Drone 4: Reached target position
2026-02-13 21:01:22,617 - Drone_3 - INFO - Drone 3: Flying to {'x': 1347.9292493376263, 'y': 433.14381490782273, 'z': 60.0}
2026-02-13 21:01:22,618 - Drone_4 - INFO - Drone 4: Flying to {'x': 1325.8581657790226, 'y': 369.3541819683778, 'z': 60.0}
2026-02-13 21:01:23,107 - PhysicalMLTrainer_Drone2 - INFO - Physical ML model trained drone=2 samples=8501 degree=2 alpha=0.0 val_mse=0.000717
2026-02-13 21:01:23,108 - PhysicalMLTrainer_Drone5 - INFO - Physical ML model trained drone=5 samples=8501 degree=2 alpha=0.0 val_mse=0.000000
2026-02-13 21:01:23,205 - Drone_3 - INFO - Drone 3: Reached target position
2026-02-13 21:01:23,320 - Drone_4 - INFO - Drone 4: Reached target position
2026-02-13 21:01:23,333 - PhysicalMLTrainer_Drone3 - INFO - Physical ML model trained drone=3 samples=8501 degree=2 alpha=0.0 val_mse=0.001599
2026-02-13 21:01:23,448 - PhysicalMLTrainer_Drone4 - INFO - Physical ML model trained drone=4 samples=8501 degree=2 alpha=0.0 val_mse=0.001408
2026-02-13 21:01:23,620 - Drone_3 - INFO - Drone 3: Flying to {'x': 1340.0835448421055, 'y': 437.3306631517378, 'z': 60.0}
2026-02-13 21:01:23,621 - Drone_4 - INFO - Drone 4: Flying to {'x': 1320.2351311573773, 'y': 372.8148474613206, 'z': 60.0}
2026-02-13 21:01:24,138 - Drone_3 - INFO - Drone 3: Reached target position
2026-02-13 21:01:24,152 - Drone_4 - INFO - Drone 4: Reached target position
2026-02-13 21:01:24,623 - Drone_3 - INFO - Drone 3: Flying to {'x': 1331.649858029628, 'y': 441.3994292303902, 'z': 60.0}
2026-02-13 21:01:24,623 - Drone_4 - INFO - Drone 4: Flying to {'x': 1314.0888090537555, 'y': 376.2238236799466, 'z': 60.0}
2026-02-13 21:01:25,144 - Drone_3 - INFO - Drone 3: Reached target position
2026-02-13 21:01:25,260 - Drone_4 - INFO - Drone 4: Reached target position
2026-02-13 21:01:25,626 - Drone_3 - INFO - Drone 3: Flying to {'x': 1323.1012794483527, 'y': 445.1104329759529, 'z': 60.0}
2026-02-13 21:01:25,626 - Drone_4 - INFO - Drone 4: Flying to {'x': 1307.7663617046505, 'y': 379.3754324222608, 'z': 60.0}
2026-02-13 21:01:26,149 - Drone_3 - INFO - Drone 3: Reached target position
2026-02-13 21:01:26,165 - Drone_4 - INFO - Drone 4: Reached target position
2026-02-13 21:01:26,629 - Drone_3 - INFO - Drone 3: Flying to {'x': 1314.4611796248173, 'y': 448.47653939032796, 'z': 60.0}
2026-02-13 21:01:26,630 - Drone_4 - INFO - Drone 4: Flying to {'x': 1301.2960086035573, 'y': 382.27285163820216, 'z': 60.0}
2026-02-13 21:01:27,156 - Drone_3 - INFO - Drone 3: Reached target position
2026-02-13 21:01:27,171 - Drone_4 - INFO - Drone 4: Reached target position
2026-02-13 21:01:27,634 - Drone_3 - INFO - Drone 3: Flying to {'x': 1305.7300145044928, 'y': 451.51696786965306, 'z': 60.0}
2026-02-13 21:01:27,635 - Drone_4 - INFO - Drone 4: Flying to {'x': 1294.688046665382, 'y': 384.92624069056274, 'z': 60.0}
2026-02-13 21:01:28,063 - Drone_3 - INFO - Drone 3: Reached target position
2026-02-13 21:01:28,179 - Drone_4 - INFO - Drone 4: Reached target position
2026-02-13 21:01:28,638 - Drone_3 - INFO - Drone 3: Flying to {'x': 1296.943980637467, 'y': 454.23647144718905, 'z': 60.0}
2026-02-13 21:01:28,638 - Drone_4 - INFO - Drone 4: Flying to {'x': 1287.979159876534, 'y': 387.33443867744177, 'z': 60.0}
2026-02-13 21:01:29,068 - Drone_3 - INFO - Drone 3: Reached target position
2026-02-13 21:01:29,186 - Drone_4 - INFO - Drone 4: Reached target position
2026-02-13 21:01:29,640 - Drone_3 - INFO - Drone 3: Flying to {'x': 1288.086859434455, 'y': 456.6547967194226, 'z': 60.0}
2026-02-13 21:01:29,641 - Drone_4 - INFO - Drone 4: Flying to {'x': 1281.1654433175015, 'y': 389.51059370132145, 'z': 60.0}
2026-02-13 21:01:30,077 - Drone_3 - INFO - Drone 3: Reached target position
2026-02-13 21:01:30,191 - Drone_4 - INFO - Drone 4: Reached target position
2026-02-13 21:01:30,643 - Drone_3 - INFO - Drone 3: Flying to {'x': 1279.1819129122928, 'y': 458.77762369293373, 'z': 60.0}
2026-02-13 21:01:30,644 - Drone_4 - INFO - Drone 4: Flying to {'x': 1274.2725392323514, 'y': 391.4563933857661, 'z': 60.0}
2026-02-13 21:01:31,083 - Drone_3 - INFO - Drone 3: Reached target position
2026-02-13 21:01:31,197 - Drone_4 - INFO - Drone 4: Reached target position
2026-02-13 21:01:31,647 - Drone_3 - INFO - Drone 3: Flying to {'x': 1270.238431066974, 'y': 460.6137273871726, 'z': 60.0}
2026-02-13 21:01:31,648 - Drone_4 - INFO - Drone 4: Flying to {'x': 1267.3149099654693, 'y': 393.1770680365712, 'z': 60.0}
2026-02-13 21:01:32,089 - Drone_3 - INFO - Drone 3: Reached target position
2026-02-13 21:01:32,203 - Drone_4 - INFO - Drone 4: Reached target position
2026-02-13 21:01:32,651 - Drone_3 - INFO - Drone 3: Flying to {'x': 1261.252730229466, 'y': 462.1727350801598, 'z': 60.0}
2026-02-13 21:01:32,652 - Drone_4 - INFO - Drone 4: Flying to {'x': 1260.2963886460013, 'y': 394.67951015516644, 'z': 60.0}
2026-02-13 21:01:33,096 - Drone_3 - INFO - Drone 3: Reached target position
2026-02-13 21:01:33,211 - Drone_4 - INFO - Drone 4: Reached target position
2026-02-13 21:01:33,655 - Drone_3 - INFO - Drone 3: Flying to {'x': 1252.2336016194827, 'y': 463.4601880307452, 'z': 60.0}
2026-02-13 21:01:33,655 - Drone_4 - INFO - Drone 4: Flying to {'x': 1253.230087077181, 'y': 395.9675438631576, 'z': 60.0}
2026-02-13 21:01:34,104 - Drone_3 - INFO - Drone 3: Reached target position
2026-02-13 21:01:34,218 - Drone_4 - INFO - Drone 4: Reached target position
2026-02-13 21:01:34,658 - Drone_3 - INFO - Drone 3: Flying to {'x': 1243.1757172864993, 'y': 464.4822280665527, 'z': 60.0}
2026-02-13 21:01:34,659 - Drone_4 - INFO - Drone 4: Flying to {'x': 1246.117694591406, 'y': 397.0463713615518, 'z': 60.0}
2026-02-13 21:01:35,112 - Drone_3 - INFO - Drone 3: Reached target position
2026-02-13 21:01:35,223 - Drone_4 - INFO - Drone 4: Reached target position
2026-02-13 21:01:35,662 - Drone_3 - INFO - Drone 3: Flying to {'x': 1234.102928243523, 'y': 465.24076524519194, 'z': 60.0}
2026-02-13 21:01:35,662 - Drone_4 - INFO - Drone 4: Flying to {'x': 1238.9835476831745, 'y': 397.9174442198199, 'z': 60.0}
2026-02-13 21:01:36,118 - Drone_3 - INFO - Drone 3: Reached target position
2026-02-13 21:01:36,231 - Drone_4 - INFO - Drone 4: Reached target position
2026-02-13 21:01:36,665 - Drone_3 - INFO - Drone 3: Flying to {'x': 1225.0017872658175, 'y': 465.7403928544556, 'z': 60.0}
2026-02-13 21:01:36,667 - Drone_4 - INFO - Drone 4: Flying to {'x': 1231.8224141042986, 'y': 398.5858766285889, 'z': 60.0}
2026-02-13 21:01:37,124 - Drone_3 - INFO - Drone 3: Reached target position
2026-02-13 21:01:37,237 - Drone_4 - INFO - Drone 4: Reached target position
2026-02-13 21:01:37,669 - Drone_3 - INFO - Drone 3: Flying to {'x': 1215.8904416650873, 'y': 465.982411195045, 'z': 60.0}
2026-02-13 21:01:37,669 - Drone_4 - INFO - Drone 4: Flying to {'x': 1224.6537231602904, 'y': 399.053681209815, 'z': 60.0}
2026-02-13 21:01:38,029 - Drone_3 - INFO - Drone 3: Reached target position
2026-02-13 21:01:38,245 - Drone_4 - INFO - Drone 4: Reached target position
2026-02-13 21:01:38,670 - Drone_3 - INFO - Drone 3: Flying to {'x': 1206.7727027259602, 'y': 465.96857036408585, 'z': 60.0}
2026-02-13 21:01:38,670 - Drone_4 - INFO - Drone 4: Flying to {'x': 1217.4854411734232, 'y': 399.32408645914256, 'z': 60.0}
2026-02-13 21:01:39,035 - Drone_3 - INFO - Drone 3: Reached target position
2026-02-13 21:01:39,251 - Drone_4 - INFO - Drone 4: Reached target position
2026-02-13 21:01:39,672 - Drone_3 - INFO - Drone 3: Flying to {'x': 1197.6341552328547, 'y': 465.6989196000994, 'z': 60.0}
2026-02-13 21:01:39,673 - Drone_4 - INFO - Drone 4: Flying to {'x': 1210.3110725196445, 'y': 399.4000073307123, 'z': 60.0}
2026-02-13 21:01:40,041 - Drone_3 - INFO - Drone 3: Reached target position
2026-02-13 21:01:40,258 - Drone_4 - INFO - Drone 4: Reached target position
2026-02-13 21:01:40,675 - Drone_3 - INFO - Drone 3: Flying to {'x': 1188.5019422405753, 'y': 465.1736602408718, 'z': 60.0}
2026-02-13 21:01:40,675 - Drone_4 - INFO - Drone 4: Flying to {'x': 1203.1566680646833, 'y': 399.2836836813054, 'z': 60.0}
2026-02-13 21:01:41,046 - Drone_3 - INFO - Drone 3: Reached target position
2026-02-13 21:01:41,267 - Drone_4 - INFO - Drone 4: Reached target position
2026-02-13 21:01:41,676 - Drone_3 - INFO - Drone 3: Flying to {'x': 1179.3498319853745, 'y': 464.3893477931345, 'z': 60.0}
2026-02-13 21:01:41,677 - Drone_4 - INFO - Drone 4: Flying to {'x': 1196.0063243885195, 'y': 398.9767246931245, 'z': 60.0}
2026-02-13 21:01:42,054 - Drone_3 - INFO - Drone 3: Reached target position
2026-02-13 21:01:42,273 - Drone_4 - INFO - Drone 4: Reached target position
2026-02-13 21:01:42,679 - Drone_3 - INFO - Drone 3: Flying to {'x': 1170.21807096355, 'y': 463.34690637017246, 'z': 60.0}
2026-02-13 21:01:42,680 - Drone_4 - INFO - Drone 4: Flying to {'x': 1188.8960579730087, 'y': 398.4825648466937, 'z': 60.0}
2026-02-13 21:01:43,060 - Drone_3 - INFO - Drone 3: Reached target position
2026-02-13 21:01:43,274 - PhysicalMLTrainer_Drone5 - INFO - Physical ML model trained drone=5 samples=8701 degree=2 alpha=0.0 val_mse=0.000000
2026-02-13 21:01:43,274 - PhysicalMLTrainer_Drone2 - INFO - Physical ML model trained drone=2 samples=8701 degree=2 alpha=0.0 val_mse=0.000600
2026-02-13 21:01:43,280 - Drone_4 - INFO - Drone 4: Reached target position
2026-02-13 21:01:43,493 - PhysicalMLTrainer_Drone3 - INFO - Physical ML model trained drone=3 samples=8701 degree=2 alpha=0.0 val_mse=0.001314
2026-02-13 21:01:43,615 - PhysicalMLTrainer_Drone4 - INFO - Physical ML model trained drone=4 samples=8701 degree=2 alpha=0.0 val_mse=0.001252
2026-02-13 21:01:43,682 - Drone_3 - INFO - Drone 3: Flying to {'x': 1160.707944495513, 'y': 461.98011650957187, 'z': 60.0}
2026-02-13 21:01:43,683 - Drone_4 - INFO - Drone 4: Flying to {'x': 1181.5214267283031, 'y': 397.7691442591431, 'z': 60.0}
2026-02-13 21:01:43,997 - Drone_3 - INFO - Drone 3: Reached target position
2026-02-13 21:01:44,119 - Drone_4 - INFO - Drone 4: Reached target position
2026-02-13 21:01:44,685 - Drone_3 - INFO - Drone 3: Flying to {'x': 1151.5852528262333, 'y': 460.39559507722976, 'z': 60.0}
2026-02-13 21:01:44,685 - Drone_4 - INFO - Drone 4: Flying to {'x': 1174.4813445755237, 'y': 396.89741413786686, 'z': 60.0}
2026-02-13 21:01:45,006 - Drone_3 - INFO - Drone 3: Reached target position
2026-02-13 21:01:45,226 - Drone_4 - INFO - Drone 4: Reached target position
2026-02-13 21:01:45,687 - Drone_3 - INFO - Drone 3: Flying to {'x': 1143.3835531022596, 'y': 458.7359044380731, 'z': 60.0}
2026-02-13 21:01:45,687 - Drone_4 - INFO - Drone 4: Flying to {'x': 1168.1839436264436, 'y': 395.95700169321805, 'z': 60.0}
2026-02-13 21:01:45,912 - Drone_3 - INFO - Drone 3: Reached target position
2026-02-13 21:01:46,132 - Drone_4 - INFO - Drone 4: Reached target position
2026-02-13 21:01:46,690 - Drone_3 - INFO - Drone 3: Flying to {'x': 1134.2706986895669, 'y': 456.6227488381181, 'z': 60.0}
2026-02-13 21:01:46,691 - Drone_4 - INFO - Drone 4: Flying to {'x': 1161.2263287280352, 'y': 394.7386312534808, 'z': 60.0}
2026-02-13 21:01:46,918 - Drone_3 - INFO - Drone 3: Reached target position
2026-02-13 21:01:47,241 - Drone_4 - INFO - Drone 4: Reached target position
2026-02-13 21:01:47,693 - Drone_3 - INFO - Drone 3: Flying to {'x': 1125.19948718909, 'y': 454.2278848698982, 'z': 60.0}
2026-02-13 21:01:47,694 - Drone_4 - INFO - Drone 4: Flying to {'x': 1154.3456669296895, 'y': 393.3447984950382, 'z': 60.0}
2026-02-13 21:01:47,925 - Drone_3 - INFO - Drone 3: Reached target position
2026-02-13 21:01:48,149 - Drone_4 - INFO - Drone 4: Reached target position
2026-02-13 21:01:48,697 - Drone_3 - INFO - Drone 3: Flying to {'x': 1116.139672102725, 'y': 451.5331895052847, 'z': 60.0}
2026-02-13 21:01:48,698 - Drone_4 - INFO - Drone 4: Flying to {'x': 1147.5224716852845, 'y': 391.77225000161815, 'z': 60.0}
2026-02-13 21:01:48,933 - Drone_3 - INFO - Drone 3: Reached target position
2026-02-13 21:01:49,154 - Drone_4 - INFO - Drone 4: Reached target position
2026-02-13 21:01:49,700 - Drone_3 - INFO - Drone 3: Flying to {'x': 1107.1344027629837, 'y': 448.5398326171721, 'z': 60.0}
2026-02-13 21:01:49,701 - Drone_4 - INFO - Drone 4: Flying to {'x': 1140.792226639898, 'y': 390.0299967613896, 'z': 60.0}
2026-02-13 21:01:49,941 - Drone_3 - INFO - Drone 3: Reached target position
2026-02-13 21:01:50,161 - Drone_4 - INFO - Drone 4: Reached target position
2026-02-13 21:01:50,703 - Drone_3 - INFO - Drone 3: Flying to {'x': 1098.152272403137, 'y': 445.22335888762626, 'z': 60.0}
2026-02-13 21:01:50,703 - Drone_4 - INFO - Drone 4: Flying to {'x': 1134.1337613847268, 'y': 388.11309316711225, 'z': 60.0}
2026-02-13 21:01:50,947 - Drone_3 - INFO - Drone 3: Reached target position
2026-02-13 21:01:51,166 - Drone_4 - INFO - Drone 4: Reached target position
2026-02-13 21:01:51,705 - Drone_3 - INFO - Drone 3: Flying to {'x': 1089.213786730172, 'y': 441.5735588300351, 'z': 60.0}
2026-02-13 21:01:51,706 - Drone_4 - INFO - Drone 4: Flying to {'x': 1127.5639459475376, 'y': 386.0261440566839, 'z': 60.0}
2026-02-13 21:01:52,053 - Drone_3 - INFO - Drone 3: Reached target position
2026-02-13 21:01:52,173 - Drone_4 - INFO - Drone 4: Reached target position
2026-02-13 21:01:52,707 - Drone_3 - INFO - Drone 3: Flying to {'x': 1080.3416823087518, 'y': 437.58053349309654, 'z': 60.0}
2026-02-13 21:01:52,708 - Drone_4 - INFO - Drone 4: Flying to {'x': 1121.0997247694936, 'y': 383.77503215012626, 'z': 60.0}
2026-02-13 21:01:53,060 - Drone_3 - INFO - Drone 3: Reached target position
2026-02-13 21:01:53,179 - Drone_4 - INFO - Drone 4: Reached target position
2026-02-13 21:01:53,710 - Drone_3 - INFO - Drone 3: Flying to {'x': 1071.5445359649175, 'y': 433.2262494661042, 'z': 60.0}
2026-02-13 21:01:53,710 - Drone_4 - INFO - Drone 4: Flying to {'x': 1114.7458934964143, 'y': 381.36207389726104, 'z': 60.0}
2026-02-13 21:01:54,066 - Drone_3 - INFO - Drone 3: Reached target position
2026-02-13 21:01:54,185 - Drone_4 - INFO - Drone 4: Reached target position
2026-02-13 21:01:54,712 - Drone_3 - INFO - Drone 3: Flying to {'x': 1062.8205847411793, 'y': 428.4826695639027, 'z': 60.0}
2026-02-13 21:01:54,712 - Drone_4 - INFO - Drone 4: Flying to {'x': 1108.4978544899598, 'y': 378.78521461601673, 'z': 60.0}
2026-02-13 21:01:55,073 - Drone_3 - INFO - Drone 3: Reached target position
2026-02-13 21:01:55,192 - Drone_4 - INFO - Drone 4: Reached target position
2026-02-13 21:01:55,715 - Drone_3 - INFO - Drone 3: Flying to {'x': 1054.2016999480811, 'y': 423.33518129232436, 'z': 60.0}
2026-02-13 21:01:55,716 - Drone_4 - INFO - Drone 4: Flying to {'x': 1102.3725269750344, 'y': 376.0507079047592, 'z': 60.0}
2026-02-13 21:01:56,079 - Drone_3 - INFO - Drone 3: Reached target position
2026-02-13 21:01:56,197 - Drone_4 - INFO - Drone 4: Reached target position
2026-02-13 21:01:56,718 - Drone_3 - INFO - Drone 3: Flying to {'x': 1045.6809968024259, 'y': 417.74044834448114, 'z': 60.0}
2026-02-13 21:01:56,718 - Drone_4 - INFO - Drone 4: Flying to {'x': 1096.3559142599834, 'y': 373.15005991076475, 'z': 60.0}
2026-02-13 21:01:57,186 - Drone_3 - INFO - Drone 3: Reached target position
2026-02-13 21:01:57,205 - Drone_4 - INFO - Drone 4: Reached target position
2026-02-13 21:01:57,720 - Drone_3 - INFO - Drone 3: Flying to {'x': 1037.321301268914, 'y': 411.6943838075789, 'z': 60.0}
2026-02-13 21:01:57,720 - Drone_4 - INFO - Drone 4: Flying to {'x': 1090.4792293547032, 'y': 370.09528908634616, 'z': 60.0}
2026-02-13 21:01:58,193 - Drone_3 - INFO - Drone 3: Reached target position
2026-02-13 21:01:58,212 - Drone_4 - INFO - Drone 4: Reached target position
2026-02-13 21:01:58,721 - Drone_3 - INFO - Drone 3: Flying to {'x': 1029.1499245822392, 'y': 405.1659306522462, 'z': 60.0}
2026-02-13 21:01:58,721 - Drone_4 - INFO - Drone 4: Flying to {'x': 1084.7436437369624, 'y': 366.8829267138698, 'z': 60.0}
2026-02-13 21:01:59,119 - Drone_4 - INFO - Drone 4: Reached target position
2026-02-13 21:01:59,202 - Drone_3 - INFO - Drone 3: Reached target position
2026-02-13 21:01:59,724 - Drone_3 - INFO - Drone 3: Flying to {'x': 1021.1978278894251, 'y': 398.1174634164212, 'z': 60.0}
2026-02-13 21:01:59,724 - Drone_4 - INFO - Drone 4: Flying to {'x': 1079.1475526961033, 'y': 363.5041799138369, 'z': 60.0}
2026-02-13 21:02:00,125 - Drone_4 - INFO - Drone 4: Reached target position
2026-02-13 21:02:00,308 - Drone_3 - INFO - Drone 3: Reached target position
2026-02-13 21:02:00,727 - Drone_3 - INFO - Drone 3: Flying to {'x': 1013.5171231616631, 'y': 390.51972676503055, 'z': 60.0}
2026-02-13 21:02:00,728 - Drone_4 - INFO - Drone 4: Flying to {'x': 1073.6983507308812, 'y': 359.95062719926, 'z': 60.0}
2026-02-13 21:02:01,031 - Drone_4 - INFO - Drone 4: Reached target position
2026-02-13 21:02:01,315 - Drone_3 - INFO - Drone 3: Reached target position
2026-02-13 21:02:01,731 - Drone_3 - INFO - Drone 3: Flying to {'x': 1006.1915794980663, 'y': 382.37021976898427, 'z': 60.0}
2026-02-13 21:02:01,731 - Drone_4 - INFO - Drone 4: Flying to {'x': 1068.420421776025, 'y': 356.22024484079475, 'z': 60.0}
2026-02-13 21:02:02,038 - Drone_4 - INFO - Drone 4: Reached target position
2026-02-13 21:02:02,322 - Drone_3 - INFO - Drone 3: Reached target position
2026-02-13 21:02:02,735 - Drone_3 - INFO - Drone 3: Flying to {'x': 999.2852096527549, 'y': 373.641654619389, 'z': 60.0}
2026-02-13 21:02:02,736 - Drone_4 - INFO - Drone 4: Flying to {'x': 1063.3196864660017, 'y': 352.2913436321048, 'z': 60.0}
2026-02-13 21:02:03,044 - Drone_4 - INFO - Drone 4: Reached target position
2026-02-13 21:02:03,430 - Drone_3 - INFO - Drone 3: Reached target position
2026-02-13 21:02:03,436 - PhysicalMLTrainer_Drone5 - INFO - Physical ML model trained drone=5 samples=8901 degree=2 alpha=0.0 val_mse=0.000000
2026-02-13 21:02:03,436 - PhysicalMLTrainer_Drone2 - INFO - Physical ML model trained drone=2 samples=8901 degree=2 alpha=0.0 val_mse=0.000512
2026-02-13 21:02:03,655 - PhysicalMLTrainer_Drone3 - INFO - Physical ML model trained drone=3 samples=8901 degree=2 alpha=0.0 val_mse=0.001069
2026-02-13 21:02:03,739 - Drone_3 - INFO - Drone 3: Flying to {'x': 993.2095619439729, 'y': 364.8296655489825, 'z': 60.0}
2026-02-13 21:02:03,739 - Drone_4 - INFO - Drone 4: Flying to {'x': 1058.6703930847034, 'y': 348.3636524807029, 'z': 60.0}
2026-02-13 21:02:03,774 - PhysicalMLTrainer_Drone4 - INFO - Physical ML model trained drone=4 samples=8901 degree=2 alpha=0.0 val_mse=0.001070
2026-02-13 21:02:03,976 - Drone_4 - INFO - Drone 4: Reached target position
2026-02-13 21:02:04,362 - Drone_3 - INFO - Drone 3: Reached target position
2026-02-13 21:02:04,741 - Drone_3 - INFO - Drone 3: Flying to {'x': 987.3868329910757, 'y': 354.9806364029038, 'z': 60.0}
2026-02-13 21:02:04,741 - Drone_4 - INFO - Drone 4: Flying to {'x': 1053.9857256351388, 'y': 343.98802531251414, 'z': 60.0}
2026-02-13 21:02:05,082 - Drone_4 - INFO - Drone 4: Reached target position
2026-02-13 21:02:05,369 - Drone_3 - INFO - Drone 3: Reached target position
2026-02-13 21:02:05,742 - Drone_3 - INFO - Drone 3: Flying to {'x': 982.2714567597018, 'y': 344.58932971428345, 'z': 60.0}
2026-02-13 21:02:05,743 - Drone_4 - INFO - Drone 4: Flying to {'x': 1049.567383205775, 'y': 339.34449570693033, 'z': 60.0}
2026-02-13 21:02:05,991 - Drone_4 - INFO - Drone 4: Reached target position
2026-02-13 21:02:06,476 - Drone_3 - INFO - Drone 3: Reached target position
2026-02-13 21:02:06,745 - Drone_3 - INFO - Drone 3: Flying to {'x': 977.9724344401654, 'y': 333.7124056269463, 'z': 60.0}
2026-02-13 21:02:06,746 - Drone_4 - INFO - Drone 4: Flying to {'x': 1045.4688263864978, 'y': 334.41031266022503, 'z': 60.0}
2026-02-13 21:02:06,998 - Drone_4 - INFO - Drone 4: Reached target position
2026-02-13 21:02:07,483 - Drone_3 - INFO - Drone 3: Reached target position
2026-02-13 21:02:07,749 - Drone_3 - INFO - Drone 3: Flying to {'x': 974.5963514937914, 'y': 322.4486612232042, 'z': 60.0}
2026-02-13 21:02:07,749 - Drone_4 - INFO - Drone 4: Flying to {'x': 1041.760150014893, 'y': 329.17726941635055, 'z': 60.0}
2026-02-13 21:02:08,007 - Drone_4 - INFO - Drone 4: Reached target position
2026-02-13 21:02:08,489 - Drone_3 - INFO - Drone 3: Reached target position
2026-02-13 21:02:08,751 - Drone_3 - INFO - Drone 3: Flying to {'x': 972.2248823074407, 'y': 310.8983531391062, 'z': 60.0}
2026-02-13 21:02:08,751 - Drone_4 - INFO - Drone 4: Flying to {'x': 1038.5116096058466, 'y': 323.6388313117166, 'z': 60.0}
2026-02-13 21:02:09,015 - Drone_4 - INFO - Drone 4: Reached target position
2026-02-13 21:02:09,495 - Drone_3 - INFO - Drone 3: Reached target position
2026-02-13 21:02:09,753 - Drone_3 - INFO - Drone 3: Flying to {'x': 970.9214341237322, 'y': 299.2283744859837, 'z': 60.0}
2026-02-13 21:02:09,754 - Drone_4 - INFO - Drone 4: Flying to {'x': 1035.808185594844, 'y': 317.8283606022731, 'z': 60.0}
2026-02-13 21:02:09,921 - Drone_4 - INFO - Drone 4: Reached target position
2026-02-13 21:02:10,502 - Drone_3 - INFO - Drone 3: Reached target position
2026-02-13 21:02:10,757 - Drone_3 - INFO - Drone 3: Flying to {'x': 970.7078345813759, 'y': 287.508564745991, 'z': 60.0}
2026-02-13 21:02:10,757 - Drone_4 - INFO - Drone 4: Flying to {'x': 1033.707180363592, 'y': 311.74350710228254, 'z': 60.0}
2026-02-13 21:02:10,929 - Drone_4 - INFO - Drone 4: Reached target position
2026-02-13 21:02:11,510 - Drone_3 - INFO - Drone 3: Reached target position
2026-02-13 21:02:11,759 - Drone_3 - INFO - Drone 3: Flying to {'x': 971.5762258747135, 'y': 275.9853617128227, 'z': 60.0}
2026-02-13 21:02:11,759 - Drone_4 - INFO - Drone 4: Flying to {'x': 1032.2859213780282, 'y': 305.4910030699395, 'z': 60.0}
2026-02-13 21:02:11,835 - Drone_4 - INFO - Drone 4: Reached target position
2026-02-13 21:02:12,516 - Drone_3 - INFO - Drone 3: Reached target position
2026-02-13 21:02:12,761 - Drone_3 - INFO - Drone 3: Flying to {'x': 973.4807026622406, 'y': 264.74175515422195, 'z': 60.0}
2026-02-13 21:02:12,762 - Drone_4 - INFO - Drone 4: Flying to {'x': 1031.574680824906, 'y': 299.1123778025789, 'z': 60.0}
2026-02-13 21:02:12,842 - Drone_4 - INFO - Drone 4: Reached target position
2026-02-13 21:02:13,522 - Drone_3 - INFO - Drone 3: Reached target position
2026-02-13 21:02:13,764 - Drone_3 - INFO - Drone 3: Flying to {'x': 976.3510199840515, 'y': 253.89056013500752, 'z': 60.0}
2026-02-13 21:02:13,765 - Drone_4 - INFO - Drone 4: Flying to {'x': 1031.5913711861906, 'y': 292.6817137536399, 'z': 60.0}
2026-02-13 21:02:13,950 - Drone_4 - INFO - Drone 4: Reached target position
2026-02-13 21:02:14,527 - Drone_3 - INFO - Drone 3: Reached target position
2026-02-13 21:02:14,767 - Drone_3 - INFO - Drone 3: Flying to {'x': 980.0987193088815, 'y': 243.51733585068206, 'z': 60.0}
2026-02-13 21:02:14,768 - Drone_4 - INFO - Drone 4: Flying to {'x': 1032.3314964793447, 'y': 286.2723003467584, 'z': 60.0}
2026-02-13 21:02:14,956 - Drone_4 - INFO - Drone 4: Reached target position
2026-02-13 21:02:15,534 - Drone_3 - INFO - Drone 3: Reached target position
2026-02-13 21:02:15,771 - Drone_3 - INFO - Drone 3: Flying to {'x': 984.6267632416956, 'y': 233.67939047094646, 'z': 60.0}
2026-02-13 21:02:15,771 - Drone_4 - INFO - Drone 4: Flying to {'x': 1033.7714078788538, 'y': 279.95091414898667, 'z': 60.0}
2026-02-13 21:02:15,963 - Drone_4 - INFO - Drone 4: Reached target position
2026-02-13 21:02:16,540 - Drone_3 - INFO - Drone 3: Reached target position
2026-02-13 21:02:16,773 - Drone_3 - INFO - Drone 3: Flying to {'x': 989.8513199056906, 'y': 224.38648388341895, 'z': 60.0}
2026-02-13 21:02:16,774 - Drone_4 - INFO - Drone 4: Flying to {'x': 1035.8792149745352, 'y': 273.75938004651056, 'z': 60.0}
2026-02-13 21:02:17,070 - Drone_4 - INFO - Drone 4: Reached target position
2026-02-13 21:02:17,546 - Drone_3 - INFO - Drone 3: Reached target position
2026-02-13 21:02:17,778 - Drone_3 - INFO - Drone 3: Flying to {'x': 995.651519063361, 'y': 215.69887258163934, 'z': 60.0}
2026-02-13 21:02:17,778 - Drone_4 - INFO - Drone 4: Flying to {'x': 1038.5957785236487, 'y': 267.77612845603704, 'z': 60.0}
2026-02-13 21:02:18,080 - Drone_4 - INFO - Drone 4: Reached target position
2026-02-13 21:02:18,552 - Drone_3 - INFO - Drone 3: Reached target position
2026-02-13 21:02:18,781 - Drone_3 - INFO - Drone 3: Flying to {'x': 1001.9636822583843, 'y': 207.57798143232503, 'z': 60.0}
2026-02-13 21:02:18,781 - Drone_4 - INFO - Drone 4: Flying to {'x': 1041.877673085355, 'y': 262.012559930413, 'z': 60.0}
2026-02-13 21:02:19,086 - Drone_4 - INFO - Drone 4: Reached target position
2026-02-13 21:02:19,562 - Drone_3 - INFO - Drone 3: Reached target position
2026-02-13 21:02:19,784 - Drone_3 - INFO - Drone 3: Flying to {'x': 1008.7022692497735, 'y': 200.02401432347915, 'z': 60.0}
2026-02-13 21:02:19,784 - Drone_4 - INFO - Drone 4: Flying to {'x': 1045.6655677585595, 'y': 256.50378559913474, 'z': 60.0}
2026-02-13 21:02:20,093 - Drone_4 - INFO - Drone 4: Reached target position
2026-02-13 21:02:20,568 - Drone_3 - INFO - Drone 3: Reached target position
2026-02-13 21:02:20,785 - Drone_3 - INFO - Drone 3: Flying to {'x': 1015.8015903461442, 'y': 193.01503547799365, 'z': 60.0}
2026-02-13 21:02:20,786 - Drone_4 - INFO - Drone 4: Flying to {'x': 1049.9056639248934, 'y': 251.26589096815155, 'z': 60.0}
2026-02-13 21:02:21,099 - Drone_4 - INFO - Drone 4: Reached target position
2026-02-13 21:02:21,574 - Drone_3 - INFO - Drone 3: Reached target position
2026-02-13 21:02:21,788 - Drone_3 - INFO - Drone 3: Flying to {'x': 1023.2193938554243, 'y': 186.51416045233705, 'z': 60.0}
2026-02-13 21:02:21,788 - Drone_4 - INFO - Drone 4: Flying to {'x': 1054.5559324315402, 'y': 246.29937058049163, 'z': 60.0}
2026-02-13 21:02:22,205 - Drone_4 - INFO - Drone 4: Reached target position
2026-02-13 21:02:22,580 - Drone_3 - INFO - Drone 3: Reached target position
2026-02-13 21:02:22,791 - Drone_3 - INFO - Drone 3: Flying to {'x': 1030.8817395113156, 'y': 180.51754764682357, 'z': 60.0}
2026-02-13 21:02:22,791 - Drone_4 - INFO - Drone 4: Flying to {'x': 1059.552599669119, 'y': 241.62590859531974, 'z': 60.0}
2026-02-13 21:02:23,213 - Drone_4 - INFO - Drone 4: Reached target position
2026-02-13 21:02:23,585 - Drone_3 - INFO - Drone 3: Reached target position
2026-02-13 21:02:23,597 - PhysicalMLTrainer_Drone2 - INFO - Physical ML model trained drone=2 samples=9101 degree=2 alpha=0.0 val_mse=0.000449
2026-02-13 21:02:23,597 - PhysicalMLTrainer_Drone5 - INFO - Physical ML model trained drone=5 samples=9101 degree=2 alpha=0.0 val_mse=0.000000
2026-02-13 21:02:23,802 - Drone_3 - INFO - Drone 3: Flying to {'x': 1039.1220562045244, 'y': 174.7488551339404, 'z': 60.0}
2026-02-13 21:02:23,803 - Drone_4 - INFO - Drone 4: Flying to {'x': 1065.1079965849265, 'y': 237.04637436662077, 'z': 60.0}
2026-02-13 21:02:23,817 - PhysicalMLTrainer_Drone3 - INFO - Physical ML model trained drone=3 samples=9101 degree=2 alpha=0.0 val_mse=0.001098
2026-02-13 21:02:23,949 - PhysicalMLTrainer_Drone4 - INFO - Physical ML model trained drone=4 samples=9101 degree=2 alpha=0.0 val_mse=0.000928
2026-02-13 21:02:24,253 - Drone_4 - INFO - Drone 4: Reached target position
2026-02-13 21:02:24,634 - Drone_3 - INFO - Drone 3: Reached target position
2026-02-13 21:02:24,804 - Drone_3 - INFO - Drone 3: Flying to {'x': 1046.3806065248282, 'y': 170.16384200780504, 'z': 60.0}
2026-02-13 21:02:24,804 - Drone_4 - INFO - Drone 4: Flying to {'x': 1070.1311467361334, 'y': 233.34739872686913, 'z': 60.0}
2026-02-13 21:02:25,260 - Drone_4 - INFO - Drone 4: Reached target position
2026-02-13 21:02:25,439 - Drone_3 - INFO - Drone 3: Reached target position
2026-02-13 21:02:25,806 - Drone_3 - INFO - Drone 3: Flying to {'x': 1054.6223807334004, 'y': 165.44960667996534, 'z': 60.0}
2026-02-13 21:02:25,806 - Drone_4 - INFO - Drone 4: Flying to {'x': 1075.9598303644816, 'y': 229.4883702785942, 'z': 60.0}
2026-02-13 21:02:26,269 - Drone_4 - INFO - Drone 4: Reached target position
2026-02-13 21:02:26,547 - Drone_3 - INFO - Drone 3: Reached target position
2026-02-13 21:02:26,808 - Drone_3 - INFO - Drone 3: Flying to {'x': 1062.9820788706331, 'y': 161.14042001267478, 'z': 60.0}
2026-02-13 21:02:26,808 - Drone_4 - INFO - Drone 4: Flying to {'x': 1081.987442692168, 'y': 225.90959590685378, 'z': 60.0}
2026-02-13 21:02:27,275 - Drone_4 - INFO - Drone 4: Reached target position
2026-02-13 21:02:27,554 - Drone_3 - INFO - Drone 3: Reached target position
2026-02-13 21:02:27,809 - Drone_3 - INFO - Drone 3: Flying to {'x': 1071.4887144686372, 'y': 157.19156805253917, 'z': 60.0}
2026-02-13 21:02:27,810 - Drone_4 - INFO - Drone 4: Flying to {'x': 1088.2223215783451, 'y': 222.58450645645198, 'z': 60.0}
2026-02-13 21:02:28,383 - Drone_4 - INFO - Drone 4: Reached target position
2026-02-13 21:02:28,560 - Drone_3 - INFO - Drone 3: Reached target position
2026-02-13 21:02:28,812 - Drone_3 - INFO - Drone 3: Flying to {'x': 1080.067382376496, 'y': 153.61163143122195, 'z': 60.0}
2026-02-13 21:02:28,813 - Drone_4 - INFO - Drone 4: Flying to {'x': 1094.5977876317393, 'y': 219.5291353517922, 'z': 60.0}
2026-02-13 21:02:29,390 - Drone_4 - INFO - Drone 4: Reached target position
2026-02-13 21:02:29,565 - Drone_3 - INFO - Drone 3: Reached target position
2026-02-13 21:02:29,816 - Drone_3 - INFO - Drone 3: Flying to {'x': 1088.7294299028745, 'y': 150.37146226418542, 'z': 60.0}
2026-02-13 21:02:29,816 - Drone_4 - INFO - Drone 4: Flying to {'x': 1101.1111329900896, 'y': 216.7261412903103, 'z': 60.0}
2026-02-13 21:02:30,396 - Drone_4 - INFO - Drone 4: Reached target position
2026-02-13 21:02:30,572 - Drone_3 - INFO - Drone 3: Reached target position
2026-02-13 21:02:30,819 - Drone_3 - INFO - Drone 3: Flying to {'x': 1097.4814070223683, 'y': 147.45038379175207, 'z': 60.0}
2026-02-13 21:02:30,820 - Drone_4 - INFO - Drone 4: Flying to {'x': 1107.7576747901608, 'y': 214.16356330498343, 'z': 60.0}
2026-02-13 21:02:31,402 - Drone_4 - INFO - Drone 4: Reached target position
2026-02-13 21:02:31,579 - Drone_3 - INFO - Drone 3: Reached target position
2026-02-13 21:02:31,822 - Drone_3 - INFO - Drone 3: Flying to {'x': 1106.2893448809639, 'y': 144.84384260402834, 'z': 60.0}
2026-02-13 21:02:31,822 - Drone_4 - INFO - Drone 4: Flying to {'x': 1114.5027188183215, 'y': 211.84227906761407, 'z': 60.0}
2026-02-13 21:02:32,408 - Drone_4 - INFO - Drone 4: Reached target position
2026-02-13 21:02:32,584 - Drone_3 - INFO - Drone 3: Reached target position
2026-02-13 21:02:32,824 - Drone_3 - INFO - Drone 3: Flying to {'x': 1115.1714708718364, 'y': 142.53316553790322, 'z': 60.0}
2026-02-13 21:02:32,824 - Drone_4 - INFO - Drone 4: Flying to {'x': 1121.3521003310948, 'y': 209.74960563619575, 'z': 60.0}
2026-02-13 21:02:33,416 - Drone_4 - INFO - Drone 4: Reached target position
2026-02-13 21:02:33,590 - Drone_3 - INFO - Drone 3: Reached target position
2026-02-13 21:02:33,826 - Drone_3 - INFO - Drone 3: Flying to {'x': 1124.0924055101837, 'y': 140.5162162302876, 'z': 60.0}
2026-02-13 21:02:33,826 - Drone_4 - INFO - Drone 4: Flying to {'x': 1128.2709976676929, 'y': 207.88675406086455, 'z': 60.0}
2026-02-13 21:02:34,423 - Drone_4 - INFO - Drone 4: Reached target position
2026-02-13 21:02:34,598 - Drone_3 - INFO - Drone 3: Reached target position
2026-02-13 21:02:34,828 - Drone_3 - INFO - Drone 3: Flying to {'x': 1133.0654303707595, 'y': 138.78014810003995, 'z': 60.0}
2026-02-13 21:02:34,828 - Drone_4 - INFO - Drone 4: Flying to {'x': 1135.2626987738643, 'y': 206.24437574376768, 'z': 60.0}
2026-02-13 21:02:35,429 - Drone_4 - INFO - Drone 4: Reached target position
2026-02-13 21:02:35,605 - Drone_3 - INFO - Drone 3: Reached target position
2026-02-13 21:02:35,831 - Drone_3 - INFO - Drone 3: Flying to {'x': 1142.0799105774156, 'y': 137.31949169732707, 'z': 60.0}
2026-02-13 21:02:35,832 - Drone_4 - INFO - Drone 4: Flying to {'x': 1142.3124360855556, 'y': 204.81909119160605, 'z': 60.0}
2026-02-13 21:02:36,434 - Drone_4 - INFO - Drone 4: Reached target position
2026-02-13 21:02:36,611 - Drone_3 - INFO - Drone 3: Reached target position
2026-02-13 21:02:36,834 - Drone_3 - INFO - Drone 3: Flying to {'x': 1151.1095331505162, 'y': 136.13120293788592, 'z': 60.0}
2026-02-13 21:02:36,835 - Drone_4 - INFO - Drone 4: Flying to {'x': 1149.3934380910955, 'y': 203.60938472835085, 'z': 60.0}
2026-02-13 21:02:37,342 - Drone_4 - INFO - Drone 4: Reached target position
2026-02-13 21:02:37,617 - Drone_3 - INFO - Drone 3: Reached target position
2026-02-13 21:02:37,837 - Drone_3 - INFO - Drone 3: Flying to {'x': 1160.1864228465734, 'y': 135.2058885956395, 'z': 60.0}
2026-02-13 21:02:37,838 - Drone_4 - INFO - Drone 4: Flying to {'x': 1156.5251334728368, 'y': 202.60651886065827, 'z': 60.0}
2026-02-13 21:02:38,349 - Drone_4 - INFO - Drone 4: Reached target position
2026-02-13 21:02:38,624 - Drone_3 - INFO - Drone 3: Reached target position
2026-02-13 21:02:38,840 - Drone_3 - INFO - Drone 3: Flying to {'x': 1169.2889226076618, 'y': 134.54256636486116, 'z': 60.0}
2026-02-13 21:02:38,840 - Drone_4 - INFO - Drone 4: Flying to {'x': 1163.6850187921518, 'y': 201.80954386516595, 'z': 60.0}
2026-02-13 21:02:39,354 - Drone_4 - INFO - Drone 4: Reached target position
2026-02-13 21:02:39,631 - Drone_3 - INFO - Drone 3: Reached target position
2026-02-13 21:02:39,842 - Drone_3 - INFO - Drone 3: Flying to {'x': 1178.3968568872053, 'y': 134.1391775529257, 'z': 60.0}
2026-02-13 21:02:39,842 - Drone_4 - INFO - Drone 4: Flying to {'x': 1170.8519165112568, 'y': 201.2161771483413, 'z': 60.0}
2026-02-13 21:02:40,360 - Drone_4 - INFO - Drone 4: Reached target position
2026-02-13 21:02:40,640 - Drone_3 - INFO - Drone 3: Reached target position
2026-02-13 21:02:40,844 - Drone_3 - INFO - Drone 3: Flying to {'x': 1187.509954307176, 'y': 133.99278424507168, 'z': 60.0}
2026-02-13 21:02:40,844 - Drone_4 - INFO - Drone 4: Flying to {'x': 1178.0205296570657, 'y': 200.8224245239919, 'z': 60.0}
2026-02-13 21:02:41,467 - Drone_4 - INFO - Drone 4: Reached target position
2026-02-13 21:02:41,647 - Drone_3 - INFO - Drone 3: Reached target position
2026-02-13 21:02:41,847 - Drone_3 - INFO - Drone 3: Flying to {'x': 1196.6465213156064, 'y': 134.10227473616675, 'z': 60.0}
2026-02-13 21:02:41,847 - Drone_4 - INFO - Drone 4: Flying to {'x': 1185.2003419026498, 'y': 200.62471438510335, 'z': 60.0}
2026-02-13 21:02:42,371 - Drone_4 - INFO - Drone 4: Reached target position
2026-02-13 21:02:42,451 - Drone_3 - INFO - Drone 3: Reached target position
2026-02-13 21:02:42,850 - Drone_3 - INFO - Drone 3: Flying to {'x': 1205.7863571887028, 'y': 134.4677351742271, 'z': 60.0}
2026-02-13 21:02:42,851 - Drone_4 - INFO - Drone 4: Flying to {'x': 1192.37065398281, 'y': 200.62110929445922, 'z': 60.0}
2026-02-13 21:02:43,479 - Drone_4 - INFO - Drone 4: Reached target position
2026-02-13 21:02:43,557 - Drone_3 - INFO - Drone 3: Reached target position
2026-02-13 21:02:43,762 - PhysicalMLTrainer_Drone5 - INFO - Physical ML model trained drone=5 samples=9301 degree=2 alpha=0.0 val_mse=0.000000
2026-02-13 21:02:43,768 - PhysicalMLTrainer_Drone2 - INFO - Physical ML model trained drone=2 samples=9301 degree=2 alpha=0.0 val_mse=0.000376
2026-02-13 21:02:43,853 - Drone_3 - INFO - Drone 3: Flying to {'x': 1214.0430182934888, 'y': 135.01840938829037, 'z': 60.0}
2026-02-13 21:02:43,854 - Drone_4 - INFO - Drone 4: Flying to {'x': 1198.833853970123, 'y': 200.78261941612283, 'z': 60.0}
2026-02-13 21:02:43,987 - PhysicalMLTrainer_Drone3 - INFO - Physical ML model trained drone=3 samples=9301 degree=2 alpha=0.0 val_mse=0.001115
2026-02-13 21:02:44,116 - PhysicalMLTrainer_Drone4 - INFO - Physical ML model trained drone=4 samples=9301 degree=2 alpha=0.0 val_mse=0.000895
2026-02-13 21:02:44,419 - Drone_4 - INFO - Drone 4: Reached target position
2026-02-13 21:02:44,501 - Drone_3 - INFO - Drone 3: Reached target position
2026-02-13 21:02:44,855 - Drone_3 - INFO - Drone 3: Flying to {'x': 1223.535099667614, 'y': 135.91253858285248, 'z': 60.0}
2026-02-13 21:02:44,856 - Drone_4 - INFO - Drone 4: Flying to {'x': 1206.2430762700562, 'y': 201.16003605837497, 'z': 60.0}
2026-02-13 21:02:45,526 - Drone_4 - INFO - Drone 4: Reached target position
2026-02-13 21:02:45,709 - Drone_3 - INFO - Drone 3: Reached target position
2026-02-13 21:02:45,857 - Drone_3 - INFO - Drone 3: Flying to {'x': 1232.6886352709878, 'y': 137.04074065932303, 'z': 60.0}
2026-02-13 21:02:45,857 - Drone_4 - INFO - Drone 4: Flying to {'x': 1213.3616683870516, 'y': 201.7146793909887, 'z': 60.0}
2026-02-13 21:02:46,431 - Drone_4 - INFO - Drone 4: Reached target position
2026-02-13 21:02:46,514 - Drone_3 - INFO - Drone 3: Reached target position
2026-02-13 21:02:46,858 - Drone_3 - INFO - Drone 3: Flying to {'x': 1241.8177225828083, 'y': 138.43122694990853, 'z': 60.0}
2026-02-13 21:02:46,859 - Drone_4 - INFO - Drone 4: Flying to {'x': 1220.4311631260832, 'y': 202.4536064324298, 'z': 60.0}
2026-02-13 21:02:47,537 - Drone_4 - INFO - Drone 4: Reached target position
2026-02-13 21:02:47,720 - Drone_3 - INFO - Drone 3: Reached target position
2026-02-13 21:02:47,862 - Drone_3 - INFO - Drone 3: Flying to {'x': 1250.9324995691156, 'y': 140.08974350043002, 'z': 60.0}
2026-02-13 21:02:47,862 - Drone_4 - INFO - Drone 4: Flying to {'x': 1227.4551971239837, 'y': 203.3753364098735, 'z': 60.0}
2026-02-13 21:02:48,444 - Drone_4 - INFO - Drone 4: Reached target position
2026-02-13 21:02:48,626 - Drone_3 - INFO - Drone 3: Reached target position
2026-02-13 21:02:48,864 - Drone_3 - INFO - Drone 3: Flying to {'x': 1260.0320780846923, 'y': 142.02226550409415, 'z': 60.0}
2026-02-13 21:02:48,864 - Drone_4 - INFO - Drone 4: Flying to {'x': 1234.4289299626535, 'y': 204.4780803353886, 'z': 60.0}
2026-02-13 21:02:49,549 - Drone_4 - INFO - Drone 4: Reached target position
2026-02-13 21:02:49,634 - Drone_3 - INFO - Drone 3: Reached target position
2026-02-13 21:02:49,866 - Drone_3 - INFO - Drone 3: Flying to {'x': 1269.1121401273617, 'y': 144.23548671718814, 'z': 60.0}
2026-02-13 21:02:49,867 - Drone_4 - INFO - Drone 4: Flying to {'x': 1241.3450743741787, 'y': 205.75979134112046, 'z': 60.0}
2026-02-13 21:02:50,454 - Drone_4 - INFO - Drone 4: Reached target position
2026-02-13 21:02:50,639 - Drone_3 - INFO - Drone 3: Reached target position
2026-02-13 21:02:50,869 - Drone_3 - INFO - Drone 3: Flying to {'x': 1278.182059137098, 'y': 146.7415246827216, 'z': 60.0}
2026-02-13 21:02:50,870 - Drone_4 - INFO - Drone 4: Flying to {'x': 1248.2069640973164, 'y': 207.22080772539726, 'z': 60.0}
2026-02-13 21:02:51,560 - Drone_4 - INFO - Drone 4: Reached target position
2026-02-13 21:02:51,644 - Drone_3 - INFO - Drone 3: Reached target position
2026-02-13 21:02:51,871 - Drone_3 - INFO - Drone 3: Flying to {'x': 1287.212860792321, 'y': 149.5433688249289, 'z': 60.0}
2026-02-13 21:02:51,871 - Drone_4 - INFO - Drone 4: Flying to {'x': 1254.9893059881279, 'y': 208.85519324284036, 'z': 60.0}
2026-02-13 21:02:52,566 - Drone_4 - INFO - Drone 4: Reached target position
2026-02-13 21:02:52,650 - Drone_3 - INFO - Drone 3: Reached target position
2026-02-13 21:02:52,872 - Drone_3 - INFO - Drone 3: Flying to {'x': 1296.223300756949, 'y': 152.6599894363489, 'z': 60.0}
2026-02-13 21:02:52,872 - Drone_4 - INFO - Drone 4: Flying to {'x': 1261.7033538356518, 'y': 210.6653621577687, 'z': 60.0}
2026-02-13 21:02:53,572 - Drone_4 - INFO - Drone 4: Reached target position
2026-02-13 21:02:53,656 - Drone_3 - INFO - Drone 3: Reached target position
2026-02-13 21:02:53,874 - Drone_3 - INFO - Drone 3: Flying to {'x': 1305.1908274800799, 'y': 156.09941544394192, 'z': 60.0}
2026-02-13 21:02:53,874 - Drone_4 - INFO - Drone 4: Flying to {'x': 1268.3300995509626, 'y': 212.646181368578, 'z': 60.0}
2026-02-13 21:02:54,577 - Drone_4 - INFO - Drone 4: Reached target position
2026-02-13 21:02:54,662 - Drone_3 - INFO - Drone 3: Reached target position
2026-02-13 21:02:54,877 - Drone_3 - INFO - Drone 3: Flying to {'x': 1314.0982041806315, 'y': 159.872134936158, 'z': 60.0}
2026-02-13 21:02:54,878 - Drone_4 - INFO - Drone 4: Flying to {'x': 1274.855824761879, 'y': 214.7928565042026, 'z': 60.0}
2026-02-13 21:02:55,381 - Drone_4 - INFO - Drone 4: Reached target position
2026-02-13 21:02:55,668 - Drone_3 - INFO - Drone 3: Reached target position
2026-02-13 21:02:55,880 - Drone_3 - INFO - Drone 3: Flying to {'x': 1322.9557143892707, 'y': 164.0034448481473, 'z': 60.0}
2026-02-13 21:02:55,881 - Drone_4 - INFO - Drone 4: Flying to {'x': 1281.2883157906404, 'y': 217.1078504471451, 'z': 60.0}
2026-02-13 21:02:56,488 - Drone_4 - INFO - Drone 4: Reached target position
2026-02-13 21:02:56,675 - Drone_3 - INFO - Drone 3: Reached target position
2026-02-13 21:02:56,883 - Drone_3 - INFO - Drone 3: Flying to {'x': 1331.732706526107, 'y': 168.50361728825717, 'z': 60.0}
2026-02-13 21:02:56,883 - Drone_4 - INFO - Drone 4: Flying to {'x': 1287.607271119206, 'y': 219.58390654107356, 'z': 60.0}
2026-02-13 21:02:57,493 - Drone_4 - INFO - Drone 4: Reached target position
2026-02-13 21:02:57,680 - Drone_3 - INFO - Drone 3: Reached target position
2026-02-13 21:02:57,887 - Drone_3 - INFO - Drone 3: Flying to {'x': 1340.411983300063, 'y': 173.391281590138, 'z': 60.0}
2026-02-13 21:02:57,888 - Drone_4 - INFO - Drone 4: Flying to {'x': 1293.8047092754898, 'y': 222.21762701961237, 'z': 60.0}
2026-02-13 21:02:58,499 - Drone_4 - INFO - Drone 4: Reached target position
2026-02-13 21:02:58,688 - Drone_3 - INFO - Drone 3: Reached target position
2026-02-13 21:02:58,891 - Drone_3 - INFO - Drone 3: Flying to {'x': 1348.9874757276864, 'y': 178.69632043042168, 'z': 60.0}
2026-02-13 21:02:58,891 - Drone_4 - INFO - Drone 4: Flying to {'x': 1299.8834324136894, 'y': 225.01092860340657, 'z': 60.0}
2026-02-13 21:02:59,505 - Drone_4 - INFO - Drone 4: Reached target position
2026-02-13 21:02:59,794 - Drone_3 - INFO - Drone 3: Reached target position
2026-02-13 21:02:59,893 - Drone_3 - INFO - Drone 3: Flying to {'x': 1357.429548529152, 'y': 184.4402075282427, 'z': 60.0}
2026-02-13 21:02:59,893 - Drone_4 - INFO - Drone 4: Flying to {'x': 1305.833012555907, 'y': 227.96086326275133, 'z': 60.0}
2026-02-13 21:03:00,512 - Drone_4 - INFO - Drone 4: Reached target position
2026-02-13 21:03:00,599 - Drone_3 - INFO - Drone 3: Reached target position
2026-02-13 21:03:00,895 - Drone_3 - INFO - Drone 3: Flying to {'x': 1365.728173215627, 'y': 190.6647921354405, 'z': 60.0}
2026-02-13 21:03:00,895 - Drone_4 - INFO - Drone 4: Flying to {'x': 1311.6611734678563, 'y': 231.07530485520869, 'z': 60.0}
2026-02-13 21:03:01,518 - Drone_4 - INFO - Drone 4: Reached target position
2026-02-13 21:03:01,706 - Drone_3 - INFO - Drone 3: Reached target position
2026-02-13 21:03:01,896 - Drone_3 - INFO - Drone 3: Flying to {'x': 1373.8326238197897, 'y': 197.3901907031519, 'z': 60.0}
2026-02-13 21:03:01,896 - Drone_4 - INFO - Drone 4: Flying to {'x': 1317.3521124107438, 'y': 234.3523582663867, 'z': 60.0}
2026-02-13 21:03:02,525 - Drone_4 - INFO - Drone 4: Reached target position
2026-02-13 21:03:02,612 - Drone_3 - INFO - Drone 3: Reached target position
2026-02-13 21:03:02,899 - Drone_3 - INFO - Drone 3: Flying to {'x': 1381.687360263043, 'y': 204.63626139372238, 'z': 60.0}
2026-02-13 21:03:02,899 - Drone_4 - INFO - Drone 4: Flying to {'x': 1322.8923233736573, 'y': 237.7933667736522, 'z': 60.0}
2026-02-13 21:03:03,532 - Drone_4 - INFO - Drone 4: Reached target position
2026-02-13 21:03:03,718 - Drone_3 - INFO - Drone 3: Reached target position
2026-02-13 21:03:03,906 - Drone_3 - INFO - Drone 3: Flying to {'x': 1389.2819072062769, 'y': 212.47801487546008, 'z': 60.0}
2026-02-13 21:03:03,906 - Drone_4 - INFO - Drone 4: Flying to {'x': 1328.3063234372905, 'y': 241.43018550274365, 'z': 60.0}
2026-02-13 21:03:03,927 - PhysicalMLTrainer_Drone2 - INFO - Physical ML model trained drone=2 samples=9501 degree=2 alpha=0.0 val_mse=0.000429
2026-02-13 21:03:03,932 - PhysicalMLTrainer_Drone5 - INFO - Physical ML model trained drone=5 samples=9501 degree=2 alpha=0.0 val_mse=0.000000
2026-02-13 21:03:04,144 - PhysicalMLTrainer_Drone3 - INFO - Physical ML model trained drone=3 samples=9501 degree=2 alpha=0.0 val_mse=0.001241
2026-02-13 21:03:04,271 - PhysicalMLTrainer_Drone4 - INFO - Physical ML model trained drone=4 samples=9501 degree=2 alpha=0.0 val_mse=0.000970
2026-02-13 21:03:04,473 - Drone_4 - INFO - Drone 4: Reached target position
2026-02-13 21:03:04,652 - Drone_3 - INFO - Drone 3: Reached target position
2026-02-13 21:03:04,907 - Drone_3 - INFO - Drone 3: Flying to {'x': 1396.0495977555536, 'y': 220.34011046526712, 'z': 60.0}
2026-02-13 21:03:04,908 - Drone_4 - INFO - Drone 4: Flying to {'x': 1333.218234711336, 'y': 245.00729145551622, 'z': 60.0}
2026-02-13 21:03:05,578 - Drone_4 - INFO - Drone 4: Reached target position
2026-02-13 21:03:05,760 - Drone_3 - INFO - Drone 3: Reached target position
2026-02-13 21:03:05,911 - Drone_3 - INFO - Drone 3: Flying to {'x': 1402.8017217444838, 'y': 229.2493803783802, 'z': 60.0}
2026-02-13 21:03:05,911 - Drone_4 - INFO - Drone 4: Flying to {'x': 1338.25623572083, 'y': 249.0010950880032, 'z': 60.0}
2026-02-13 21:03:06,583 - Drone_4 - INFO - Drone 4: Reached target position
2026-02-13 21:03:06,765 - Drone_3 - INFO - Drone 3: Reached target position
2026-02-13 21:03:06,913 - Drone_3 - INFO - Drone 3: Flying to {'x': 1409.025958390776, 'y': 238.75645774505924, 'z': 60.0}
2026-02-13 21:03:06,913 - Drone_4 - INFO - Drone 4: Flying to {'x': 1343.0956693827025, 'y': 253.228741300598, 'z': 60.0}
2026-02-13 21:03:07,589 - Drone_4 - INFO - Drone 4: Reached target position
2026-02-13 21:03:07,771 - Drone_3 - INFO - Drone 3: Reached target position
2026-02-13 21:03:07,916 - Drone_3 - INFO - Drone 3: Flying to {'x': 1414.6066792619215, 'y': 248.82670602272248, 'z': 60.0}
2026-02-13 21:03:07,916 - Drone_4 - INFO - Drone 4: Flying to {'x': 1347.6934605253916, 'y': 257.7076495715407, 'z': 60.0}
2026-02-13 21:03:08,596 - Drone_4 - INFO - Drone 4: Reached target position
2026-02-13 21:03:08,778 - Drone_3 - INFO - Drone 3: Reached target position
2026-02-13 21:03:08,919 - Drone_3 - INFO - Drone 3: Flying to {'x': 1419.4350843688212, 'y': 259.4177280235848, 'z': 60.0}
2026-02-13 21:03:08,919 - Drone_4 - INFO - Drone 4: Flying to {'x': 1352.0037673815687, 'y': 262.4619831647724, 'z': 60.0}
2026-02-13 21:03:09,601 - Drone_4 - INFO - Drone 4: Reached target position
2026-02-13 21:03:09,783 - Drone_3 - INFO - Drone 3: Reached target position
2026-02-13 21:03:09,921 - Drone_3 - INFO - Drone 3: Flying to {'x': 1423.4010567108978, 'y': 270.4516753604306, 'z': 60.0}
2026-02-13 21:03:09,921 - Drone_4 - INFO - Drone 4: Flying to {'x': 1355.9653083965989, 'y': 267.50721457948634, 'z': 60.0}
2026-02-13 21:03:10,608 - Drone_4 - INFO - Drone 4: Reached target position
2026-02-13 21:03:10,788 - Drone_3 - INFO - Drone 3: Reached target position
2026-02-13 21:03:10,925 - Drone_3 - INFO - Drone 3: Flying to {'x': 1426.4120533947623, 'y': 281.841706786823, 'z': 60.0}
2026-02-13 21:03:10,926 - Drone_4 - INFO - Drone 4: Flying to {'x': 1359.5126391235542, 'y': 272.85736651225284, 'z': 60.0}
2026-02-13 21:03:11,613 - Drone_4 - INFO - Drone 4: Reached target position
2026-02-13 21:03:11,795 - Drone_3 - INFO - Drone 3: Reached target position
2026-02-13 21:03:11,928 - Drone_3 - INFO - Drone 3: Flying to {'x': 1428.3894296267606, 'y': 293.4559405537318, 'z': 60.0}
2026-02-13 21:03:11,928 - Drone_4 - INFO - Drone 4: Flying to {'x': 1362.566728611472, 'y': 278.5019433940457, 'z': 60.0}
2026-02-13 21:03:12,620 - Drone_4 - INFO - Drone 4: Reached target position
2026-02-13 21:03:12,800 - Drone_3 - INFO - Drone 3: Reached target position
2026-02-13 21:03:12,929 - Drone_3 - INFO - Drone 3: Flying to {'x': 1429.2874728626496, 'y': 305.1559305944597, 'z': 60.0}
2026-02-13 21:03:12,930 - Drone_4 - INFO - Drone 4: Flying to {'x': 1365.0523879013801, 'y': 284.4169851049101, 'z': 60.0}
2026-02-13 21:03:13,627 - Drone_4 - INFO - Drone 4: Reached target position
2026-02-13 21:03:13,807 - Drone_3 - INFO - Drone 3: Reached target position
2026-02-13 21:03:13,933 - Drone_3 - INFO - Drone 3: Flying to {'x': 1429.0939783135368, 'y': 316.80335758594526, 'z': 60.0}
2026-02-13 21:03:13,933 - Drone_4 - INFO - Drone 4: Flying to {'x': 1366.9029995831847, 'y': 290.563461157779, 'z': 60.0}
2026-02-13 21:03:14,633 - Drone_4 - INFO - Drone 4: Reached target position
2026-02-13 21:03:14,815 - Drone_3 - INFO - Drone 3: Reached target position
2026-02-13 21:03:14,936 - Drone_3 - INFO - Drone 3: Flying to {'x': 1427.8330328775955, 'y': 328.2395832273411, 'z': 60.0}
2026-02-13 21:03:14,937 - Drone_4 - INFO - Drone 4: Flying to {'x': 1368.0637676767778, 'y': 296.8726430298283, 'z': 60.0}
2026-02-13 21:03:15,640 - Drone_4 - INFO - Drone 4: Reached target position
2026-02-13 21:03:15,822 - Drone_3 - INFO - Drone 3: Reached target position
2026-02-13 21:03:15,940 - Drone_3 - INFO - Drone 3: Flying to {'x': 1425.5599578754359, 'y': 339.3473872306114, 'z': 60.0}
2026-02-13 21:03:15,941 - Drone_4 - INFO - Drone 4: Flying to {'x': 1368.504833745255, 'y': 303.2785251680285, 'z': 60.0}
2026-02-13 21:03:16,445 - Drone_4 - INFO - Drone 4: Reached target position
2026-02-13 21:03:16,727 - Drone_3 - INFO - Drone 3: Reached target position
2026-02-13 21:03:16,943 - Drone_3 - INFO - Drone 3: Flying to {'x': 1422.3501604110177, 'y': 350.03469382024844, 'z': 60.0}
2026-02-13 21:03:16,944 - Drone_4 - INFO - Drone 4: Flying to {'x': 1368.2168797497554, 'y': 309.7130132395855, 'z': 60.0}
2026-02-13 21:03:17,552 - Drone_4 - INFO - Drone 4: Reached target position
2026-02-13 21:03:17,734 - Drone_3 - INFO - Drone 3: Reached target position
2026-02-13 21:03:17,947 - Drone_3 - INFO - Drone 3: Flying to {'x': 1418.2970358370708, 'y': 360.2204733656229, 'z': 60.0}
2026-02-13 21:03:17,948 - Drone_4 - INFO - Drone 4: Flying to {'x': 1367.2113330844913, 'y': 316.10130548730643, 'z': 60.0}
2026-02-13 21:03:18,558 - Drone_4 - INFO - Drone 4: Reached target position
2026-02-13 21:03:18,740 - Drone_3 - INFO - Drone 3: Reached target position
2026-02-13 21:03:18,949 - Drone_3 - INFO - Drone 3: Flying to {'x': 1413.5034996193522, 'y': 369.8479461026109, 'z': 60.0}
2026-02-13 21:03:18,949 - Drone_4 - INFO - Drone 4: Flying to {'x': 1365.5195382497636, 'y': 322.37385368072444, 'z': 60.0}
2026-02-13 21:03:19,464 - Drone_4 - INFO - Drone 4: Reached target position
2026-02-13 21:03:19,747 - Drone_3 - INFO - Drone 3: Reached target position
2026-02-13 21:03:19,951 - Drone_3 - INFO - Drone 3: Flying to {'x': 1408.0540387394997, 'y': 378.91512023986326, 'z': 60.0}
2026-02-13 21:03:19,951 - Drone_4 - INFO - Drone 4: Flying to {'x': 1363.17888989874, 'y': 328.49219870094754, 'z': 60.0}
2026-02-13 21:03:20,571 - Drone_4 - INFO - Drone 4: Reached target position
2026-02-13 21:03:20,756 - Drone_3 - INFO - Drone 3: Reached target position
2026-02-13 21:03:20,954 - Drone_3 - INFO - Drone 3: Flying to {'x': 1402.0529337117034, 'y': 387.3922136458516, 'z': 60.0}
2026-02-13 21:03:20,954 - Drone_4 - INFO - Drone 4: Flying to {'x': 1360.245181019741, 'y': 334.3982346024952, 'z': 60.0}
2026-02-13 21:03:21,477 - Drone_4 - INFO - Drone 4: Reached target position
2026-02-13 21:03:21,662 - Drone_3 - INFO - Drone 3: Reached target position
2026-02-13 21:03:21,957 - Drone_3 - INFO - Drone 3: Flying to {'x': 1395.5805372168998, 'y': 395.29201338193536, 'z': 60.0}
2026-02-13 21:03:21,958 - Drone_4 - INFO - Drone 4: Flying to {'x': 1356.7723048930384, 'y': 340.06365921582596, 'z': 60.0}
2026-02-13 21:03:22,568 - Drone_3 - INFO - Drone 3: Reached target position
2026-02-13 21:03:22,586 - Drone_4 - INFO - Drone 4: Reached target position
2026-02-13 21:03:22,961 - Drone_3 - INFO - Drone 3: Flying to {'x': 1388.7014238684783, 'y': 402.64023994386366, 'z': 60.0}
2026-02-13 21:03:22,961 - Drone_4 - INFO - Drone 4: Flying to {'x': 1352.8106672415438, 'y': 345.472910211348, 'z': 60.0}
2026-02-13 21:03:23,491 - Drone_4 - INFO - Drone 4: Reached target position
2026-02-13 21:03:23,575 - Drone_3 - INFO - Drone 3: Reached target position
2026-02-13 21:03:23,964 - Drone_3 - INFO - Drone 3: Flying to {'x': 1381.4826123019573, 'y': 409.45355734153173, 'z': 60.0}
2026-02-13 21:03:23,965 - Drone_4 - INFO - Drone 4: Flying to {'x': 1348.4156277470245, 'y': 350.6077883139812, 'z': 60.0}
2026-02-13 21:03:24,084 - PhysicalMLTrainer_Drone2 - INFO - Physical ML model trained drone=2 samples=9701 degree=2 alpha=0.0 val_mse=0.000497
2026-02-13 21:03:24,086 - PhysicalMLTrainer_Drone5 - INFO - Physical ML model trained drone=5 samples=9701 degree=2 alpha=0.01 val_mse=0.000000
2026-02-13 21:03:24,310 - PhysicalMLTrainer_Drone3 - INFO - Physical ML model trained drone=3 samples=9701 degree=2 alpha=0.0 val_mse=0.001357
2026-02-13 21:03:24,428 - PhysicalMLTrainer_Drone4 - INFO - Physical ML model trained drone=4 samples=9701 degree=2 alpha=0.0 val_mse=0.001151
2026-02-13 21:03:24,512 - Drone_3 - INFO - Drone 3: Reached target position
2026-02-13 21:03:24,631 - Drone_4 - INFO - Drone 4: Reached target position
2026-02-13 21:03:24,968 - Drone_3 - INFO - Drone 3: Flying to {'x': 1374.3919755687257, 'y': 415.4254341749918, 'z': 60.0}
2026-02-13 21:03:24,969 - Drone_4 - INFO - Drone 4: Flying to {'x': 1343.904890427365, 'y': 355.20261757211756, 'z': 60.0}
2026-02-13 21:03:25,520 - Drone_3 - INFO - Drone 3: Reached target position
2026-02-13 21:03:25,538 - Drone_4 - INFO - Drone 4: Reached target position
2026-02-13 21:03:25,971 - Drone_3 - INFO - Drone 3: Flying to {'x': 1366.652974160226, 'y': 421.27567698403044, 'z': 60.0}
2026-02-13 21:03:25,971 - Drone_4 - INFO - Drone 4: Flying to {'x': 1338.8029856500855, 'y': 359.7888642516645, 'z': 60.0}
2026-02-13 21:03:26,525 - Drone_3 - INFO - Drone 3: Reached target position
2026-02-13 21:03:26,544 - Drone_4 - INFO - Drone 4: Reached target position
2026-02-13 21:03:26,973 - Drone_3 - INFO - Drone 3: Flying to {'x': 1358.7045077422817, 'y': 426.6700173343581, 'z': 60.0}
2026-02-13 21:03:26,973 - Drone_4 - INFO - Drone 4: Flying to {'x': 1333.3998547457645, 'y': 364.0926689027901, 'z': 60.0}
2026-02-13 21:03:27,530 - Drone_3 - INFO - Drone 3: Reached target position
2026-02-13 21:03:27,550 - Drone_4 - INFO - Drone 4: Reached target position
2026-02-13 21:03:27,975 - Drone_3 - INFO - Drone 3: Flying to {'x': 1350.5839811196179, 'y': 431.63004765902275, 'z': 60.0}
2026-02-13 21:03:27,975 - Drone_4 - INFO - Drone 4: Flying to {'x': 1327.7366433708771, 'y': 368.11430820969446, 'z': 60.0}
2026-02-13 21:03:28,535 - Drone_3 - INFO - Drone 3: Reached target position
2026-02-13 21:03:28,555 - Drone_4 - INFO - Drone 4: Reached target position
2026-02-13 21:03:28,977 - Drone_3 - INFO - Drone 3: Flying to {'x': 1342.3104707879863, 'y': 436.1839479241375, 'z': 60.0}
2026-02-13 21:03:28,978 - Drone_4 - INFO - Drone 4: Flying to {'x': 1321.8412663015922, 'y': 371.8623989090975, 'z': 60.0}
2026-02-13 21:03:29,541 - Drone_3 - INFO - Drone 3: Reached target position
2026-02-13 21:03:29,563 - Drone_4 - INFO - Drone 4: Reached target position
2026-02-13 21:03:29,980 - Drone_3 - INFO - Drone 3: Flying to {'x': 1333.9048966966845, 'y': 440.353470190376, 'z': 60.0}
2026-02-13 21:03:29,981 - Drone_4 - INFO - Drone 4: Flying to {'x': 1315.7419685033449, 'y': 375.34302457243257, 'z': 60.0}
2026-02-13 21:03:30,547 - Drone_3 - INFO - Drone 3: Reached target position
2026-02-13 21:03:30,568 - Drone_4 - INFO - Drone 4: Reached target position
2026-02-13 21:03:30,983 - Drone_3 - INFO - Drone 3: Flying to {'x': 1325.3892438009007, 'y': 444.15629523953487, 'z': 60.0}
2026-02-13 21:03:30,983 - Drone_4 - INFO - Drone 4: Flying to {'x': 1309.4670185139712, 'y': 378.5610763443116, 'z': 60.0}
2026-02-13 21:03:31,553 - Drone_3 - INFO - Drone 3: Reached target position
2026-02-13 21:03:31,576 - Drone_4 - INFO - Drone 4: Reached target position
2026-02-13 21:03:31,985 - Drone_3 - INFO - Drone 3: Flying to {'x': 1316.7726409571392, 'y': 447.6125537016276, 'z': 60.0}
2026-02-13 21:03:31,986 - Drone_4 - INFO - Drone 4: Flying to {'x': 1303.0343726268752, 'y': 381.5254143832574, 'z': 60.0}
2026-02-13 21:03:32,560 - Drone_3 - INFO - Drone 3: Reached target position
2026-02-13 21:03:32,582 - Drone_4 - INFO - Drone 4: Reached target position
2026-02-13 21:03:32,988 - Drone_3 - INFO - Drone 3: Flying to {'x': 1308.0771733857314, 'y': 450.73424000078523, 'z': 60.0}
2026-02-13 21:03:32,989 - Drone_4 - INFO - Drone 4: Flying to {'x': 1296.4708339759723, 'y': 384.2395568636691, 'z': 60.0}
2026-02-13 21:03:33,464 - Drone_3 - INFO - Drone 3: Reached target position
2026-02-13 21:03:33,587 - Drone_4 - INFO - Drone 4: Reached target position
2026-02-13 21:03:33,990 - Drone_3 - INFO - Drone 3: Flying to {'x': 1299.292266830717, 'y': 453.54215778837175, 'z': 60.0}
2026-02-13 21:03:33,991 - Drone_4 - INFO - Drone 4: Flying to {'x': 1289.777701591348, 'y': 386.71609215297923, 'z': 60.0}
2026-02-13 21:03:34,471 - Drone_3 - INFO - Drone 3: Reached target position
2026-02-13 21:03:34,594 - Drone_4 - INFO - Drone 4: Reached target position
2026-02-13 21:03:34,992 - Drone_3 - INFO - Drone 3: Flying to {'x': 1290.4642422773452, 'y': 456.0368730784761, 'z': 60.0}
2026-02-13 21:03:34,992 - Drone_4 - INFO - Drone 4: Flying to {'x': 1282.998968685796, 'y': 388.95096032323875, 'z': 60.0}
2026-02-13 21:03:35,478 - Drone_3 - INFO - Drone 3: Reached target position
2026-02-13 21:03:35,500 - Drone_4 - INFO - Drone 4: Reached target position
2026-02-13 21:03:35,994 - Drone_3 - INFO - Drone 3: Flying to {'x': 1281.582947502562, 'y': 458.2352143581811, 'z': 60.0}
2026-02-13 21:03:35,995 - Drone_4 - INFO - Drone 4: Flying to {'x': 1276.1349392189236, 'y': 390.9554313194301, 'z': 60.0}
2026-02-13 21:03:36,485 - Drone_3 - INFO - Drone 3: Reached target position
2026-02-13 21:03:36,506 - Drone_4 - INFO - Drone 4: Reached target position
2026-02-13 21:03:36,997 - Drone_3 - INFO - Drone 3: Flying to {'x': 1272.6513187404398, 'y': 460.14720320326023, 'z': 60.0}
2026-02-13 21:03:36,998 - Drone_4 - INFO - Drone 4: Flying to {'x': 1269.1951891548638, 'y': 392.7357415050616, 'z': 60.0}
2026-02-13 21:03:37,491 - Drone_3 - INFO - Drone 3: Reached target position
2026-02-13 21:03:37,513 - Drone_4 - INFO - Drone 4: Reached target position
2026-02-13 21:03:38,001 - Drone_3 - INFO - Drone 3: Flying to {'x': 1263.6669983119525, 'y': 461.78172439605146, 'z': 60.0}
2026-02-13 21:03:38,001 - Drone_4 - INFO - Drone 4: Flying to {'x': 1262.1846092395174, 'y': 394.29800396928545, 'z': 60.0}
2026-02-13 21:03:38,498 - Drone_3 - INFO - Drone 3: Reached target position
2026-02-13 21:03:38,520 - Drone_4 - INFO - Drone 4: Reached target position
2026-02-13 21:03:39,004 - Drone_3 - INFO - Drone 3: Flying to {'x': 1254.6556586471277, 'y': 463.141550518059, 'z': 60.0}
2026-02-13 21:03:39,004 - Drone_4 - INFO - Drone 4: Flying to {'x': 1255.1295985362478, 'y': 395.6432143831475, 'z': 60.0}
2026-02-13 21:03:39,504 - Drone_3 - INFO - Drone 3: Reached target position
2026-02-13 21:03:39,527 - Drone_4 - INFO - Drone 4: Reached target position
2026-02-13 21:03:40,008 - Drone_3 - INFO - Drone 3: Flying to {'x': 1245.6176703942685, 'y': 464.23333369094297, 'z': 60.0}
2026-02-13 21:03:40,009 - Drone_4 - INFO - Drone 4: Flying to {'x': 1248.0364712661728, 'y': 396.7766853726187, 'z': 60.0}
2026-02-13 21:03:40,510 - Drone_3 - INFO - Drone 3: Reached target position
2026-02-13 21:03:40,536 - Drone_4 - INFO - Drone 4: Reached target position
2026-02-13 21:03:41,011 - Drone_3 - INFO - Drone 3: Flying to {'x': 1236.5463487874874, 'y': 465.0625770691069, 'z': 60.0}
2026-02-13 21:03:41,012 - Drone_4 - INFO - Drone 4: Flying to {'x': 1240.9056317101279, 'y': 397.7034896910821, 'z': 60.0}
2026-02-13 21:03:41,416 - Drone_3 - INFO - Drone 3: Reached target position
2026-02-13 21:03:41,542 - Drone_4 - INFO - Drone 4: Reached target position
2026-02-13 21:03:42,014 - Drone_3 - INFO - Drone 3: Flying to {'x': 1227.4523252295983, 'y': 465.63165624075293, 'z': 60.0}
2026-02-13 21:03:42,014 - Drone_4 - INFO - Drone 4: Flying to {'x': 1233.7508358766743, 'y': 398.42615971235375, 'z': 60.0}
2026-02-13 21:03:42,423 - Drone_3 - INFO - Drone 3: Reached target position
2026-02-13 21:03:42,550 - Drone_4 - INFO - Drone 4: Reached target position
2026-02-13 21:03:43,015 - Drone_3 - INFO - Drone 3: Flying to {'x': 1218.3412960909288, 'y': 465.94281753537786, 'z': 60.0}
2026-02-13 21:03:43,016 - Drone_4 - INFO - Drone 4: Flying to {'x': 1226.5817624506665, 'y': 398.9477079065845, 'z': 60.0}
2026-02-13 21:03:43,329 - Drone_3 - INFO - Drone 3: Reached target position
2026-02-13 21:03:43,557 - Drone_4 - INFO - Drone 4: Reached target position
2026-02-13 21:03:44,017 - Drone_3 - INFO - Drone 3: Flying to {'x': 1209.2196636738956, 'y': 465.9975918314206, 'z': 60.0}
2026-02-13 21:03:44,017 - Drone_4 - INFO - Drone 4: Flying to {'x': 1219.4084693918032, 'y': 399.2709986466735, 'z': 60.0}
2026-02-13 21:03:44,245 - PhysicalMLTrainer_Drone2 - INFO - Physical ML model trained drone=2 samples=9901 degree=2 alpha=0.0 val_mse=0.000556
2026-02-13 21:03:44,247 - PhysicalMLTrainer_Drone5 - INFO - Physical ML model trained drone=5 samples=9901 degree=2 alpha=0.1 val_mse=0.000000
2026-02-13 21:03:44,338 - Drone_3 - INFO - Drone 3: Reached target position
2026-02-13 21:03:44,462 - Drone_4 - INFO - Drone 4: Reached target position
2026-02-13 21:03:44,463 - PhysicalMLTrainer_Drone3 - INFO - Physical ML model trained drone=3 samples=9901 degree=2 alpha=0.0 val_mse=0.001291
2026-02-13 21:03:44,591 - PhysicalMLTrainer_Drone4 - INFO - Physical ML model trained drone=4 samples=9901 degree=2 alpha=0.0 val_mse=0.001188
2026-02-13 21:03:45,020 - Drone_3 - INFO - Drone 3: Flying to {'x': 1200.6029804361717, 'y': 465.8138816340649, 'z': 60.0}
2026-02-13 21:03:45,020 - Drone_4 - INFO - Drone 4: Flying to {'x': 1212.640105205873, 'y': 399.39582966565314, 'z': 60.0}
2026-02-13 21:03:45,375 - Drone_3 - INFO - Drone 3: Reached target position
2026-02-13 21:03:45,498 - Drone_4 - INFO - Drone 4: Reached target position
2026-02-13 21:03:46,023 - Drone_3 - INFO - Drone 3: Flying to {'x': 1191.4738229984364, 'y': 465.3720830475017, 'z': 60.0}
2026-02-13 21:03:46,024 - Drone_4 - INFO - Drone 4: Flying to {'x': 1205.4827369708696, 'y': 399.3417844769745, 'z': 60.0}
2026-02-13 21:03:46,382 - Drone_3 - INFO - Drone 3: Reached target position
2026-02-13 21:03:46,505 - Drone_4 - INFO - Drone 4: Reached target position
2026-02-13 21:03:47,027 - Drone_3 - INFO - Drone 3: Flying to {'x': 1182.3261417008682, 'y': 464.67227855892565, 'z': 60.0}
2026-02-13 21:03:47,027 - Drone_4 - INFO - Drone 4: Flying to {'x': 1198.3289801051426, 'y': 399.0966797205873, 'z': 60.0}
2026-02-13 21:03:47,389 - Drone_3 - INFO - Drone 3: Reached target position
2026-02-13 21:03:47,510 - Drone_4 - INFO - Drone 4: Reached target position
2026-02-13 21:03:48,030 - Drone_3 - INFO - Drone 3: Flying to {'x': 1173.1900127481651, 'y': 463.7143390472568, 'z': 60.0}
2026-02-13 21:03:48,031 - Drone_4 - INFO - Drone 4: Flying to {'x': 1191.2069657556306, 'y': 398.66328675502405, 'z': 60.0}
2026-02-13 21:03:48,395 - Drone_3 - INFO - Drone 3: Reached target position
2026-02-13 21:03:48,516 - Drone_4 - INFO - Drone 4: Reached target position
2026-02-13 21:03:49,033 - Drone_3 - INFO - Drone 3: Flying to {'x': 1164.0440337198957, 'y': 462.4925255189199, 'z': 60.0}
2026-02-13 21:03:49,033 - Drone_4 - INFO - Drone 4: Flying to {'x': 1184.1045152127926, 'y': 398.04233481110936, 'z': 60.0}
2026-02-13 21:03:49,402 - Drone_3 - INFO - Drone 3: Reached target position
2026-02-13 21:03:49,524 - Drone_4 - INFO - Drone 4: Reached target position
2026-02-13 21:03:50,035 - Drone_3 - INFO - Drone 3: Flying to {'x': 1154.9090288447949, 'y': 461.0047732514309, 'z': 60.0}
2026-02-13 21:03:50,035 - Drone_4 - INFO - Drone 4: Flying to {'x': 1177.042274645076, 'y': 397.2366822470395, 'z': 60.0}
2026-02-13 21:03:50,409 - Drone_3 - INFO - Drone 3: Reached target position
2026-02-13 21:03:50,530 - Drone_4 - INFO - Drone 4: Reached target position
2026-02-13 21:03:51,037 - Drone_3 - INFO - Drone 3: Flying to {'x': 1145.767791021239, 'y': 459.24198418893724, 'z': 60.0}
2026-02-13 21:03:51,038 - Drone_4 - INFO - Drone 4: Flying to {'x': 1170.0113223021597, 'y': 396.245943114668, 'z': 60.0}
2026-02-13 21:03:51,416 - Drone_3 - INFO - Drone 3: Reached target position
2026-02-13 21:03:51,536 - Drone_4 - INFO - Drone 4: Reached target position
2026-02-13 21:03:52,041 - Drone_3 - INFO - Drone 3: Flying to {'x': 1136.6694685558605, 'y': 457.20728787086637, 'z': 60.0}
2026-02-13 21:03:52,041 - Drone_4 - INFO - Drone 4: Flying to {'x': 1163.0535718204023, 'y': 395.0773506833399, 'z': 60.0}
2026-02-13 21:03:52,422 - Drone_3 - INFO - Drone 3: Reached target position
2026-02-13 21:03:52,542 - Drone_4 - INFO - Drone 4: Reached target position
2026-02-13 21:03:53,044 - Drone_3 - INFO - Drone 3: Flying to {'x': 1127.5854066666532, 'y': 454.8869251535589, 'z': 60.0}
2026-02-13 21:03:53,045 - Drone_4 - INFO - Drone 4: Flying to {'x': 1156.1508687879766, 'y': 393.7292242991675, 'z': 60.0}
2026-02-13 21:03:53,428 - Drone_3 - INFO - Drone 3: Reached target position
2026-02-13 21:03:53,451 - Drone_4 - INFO - Drone 4: Reached target position
2026-02-13 21:03:54,046 - Drone_3 - INFO - Drone 3: Flying to {'x': 1118.5370690502816, 'y': 452.27682489807535, 'z': 60.0}
2026-02-13 21:03:54,046 - Drone_4 - INFO - Drone 4: Flying to {'x': 1149.323095749275, 'y': 392.20627837077234, 'z': 60.0}
2026-02-13 21:03:54,435 - Drone_3 - INFO - Drone 3: Reached target position
2026-02-13 21:03:54,456 - Drone_4 - INFO - Drone 4: Reached target position
2026-02-13 21:03:55,048 - Drone_3 - INFO - Drone 3: Flying to {'x': 1109.5164282593666, 'y': 449.3634266314799, 'z': 60.0}
2026-02-13 21:03:55,049 - Drone_4 - INFO - Drone 4: Flying to {'x': 1142.5672924634075, 'y': 390.5086020597761, 'z': 60.0}
2026-02-13 21:03:55,440 - Drone_3 - INFO - Drone 3: Reached target position
2026-02-13 21:03:55,462 - Drone_4 - INFO - Drone 4: Reached target position
2026-02-13 21:03:56,051 - Drone_3 - INFO - Drone 3: Flying to {'x': 1100.5232810372033, 'y': 446.13233132971385, 'z': 60.0}
2026-02-13 21:03:56,051 - Drone_4 - INFO - Drone 4: Flying to {'x': 1135.8859810714255, 'y': 388.6368580619023, 'z': 60.0}
2026-02-13 21:03:56,447 - Drone_3 - INFO - Drone 3: Reached target position
2026-02-13 21:03:56,468 - Drone_4 - INFO - Drone 4: Reached target position
2026-02-13 21:03:57,053 - Drone_3 - INFO - Drone 3: Flying to {'x': 1091.5754567276247, 'y': 442.573429665973, 'z': 60.0}
2026-02-13 21:03:57,053 - Drone_4 - INFO - Drone 4: Flying to {'x': 1129.2942434596755, 'y': 386.5953703260667, 'z': 60.0}
2026-02-13 21:03:57,454 - Drone_3 - INFO - Drone 3: Reached target position
2026-02-13 21:03:57,474 - Drone_4 - INFO - Drone 4: Reached target position
2026-02-13 21:03:58,056 - Drone_3 - INFO - Drone 3: Flying to {'x': 1082.6838079109082, 'y': 438.67240695024736, 'z': 60.0}
2026-02-13 21:03:58,056 - Drone_4 - INFO - Drone 4: Flying to {'x': 1122.8006871263608, 'y': 384.3871787383961, 'z': 60.0}
2026-02-13 21:03:58,462 - Drone_3 - INFO - Drone 3: Reached target position
2026-02-13 21:03:58,479 - Drone_4 - INFO - Drone 4: Reached target position
2026-02-13 21:03:59,058 - Drone_3 - INFO - Drone 3: Flying to {'x': 1073.85779876973, 'y': 434.4115674025379, 'z': 60.0}
2026-02-13 21:03:59,059 - Drone_4 - INFO - Drone 4: Flying to {'x': 1116.4113608740845, 'y': 382.01457939529826, 'z': 60.0}
2026-02-13 21:03:59,469 - Drone_3 - INFO - Drone 3: Reached target position
2026-02-13 21:03:59,485 - Drone_4 - INFO - Drone 4: Reached target position
2026-02-13 21:04:00,061 - Drone_3 - INFO - Drone 3: Flying to {'x': 1065.1142554201942, 'y': 429.7735327480832, 'z': 60.0}
2026-02-13 21:04:00,062 - Drone_4 - INFO - Drone 4: Flying to {'x': 1110.1356507971664, 'y': 379.4811480530783, 'z': 60.0}
2026-02-13 21:04:00,390 - Drone_4 - INFO - Drone 4: Reached target position
2026-02-13 21:04:00,477 - Drone_3 - INFO - Drone 3: Reached target position
2026-02-13 21:04:01,064 - Drone_3 - INFO - Drone 3: Flying to {'x': 1056.4632859088379, 'y': 424.7333820862234, 'z': 60.0}
2026-02-13 21:04:01,064 - Drone_4 - INFO - Drone 4: Flying to {'x': 1103.9755889777948, 'y': 376.78725547433135, 'z': 60.0}
2026-02-13 21:04:01,398 - Drone_4 - INFO - Drone 4: Reached target position
2026-02-13 21:04:01,484 - Drone_3 - INFO - Drone 3: Reached target position
2026-02-13 21:04:02,065 - Drone_3 - INFO - Drone 3: Flying to {'x': 1047.9318162471686, 'y': 419.2711762181839, 'z': 60.0}
2026-02-13 21:04:02,068 - Drone_4 - INFO - Drone 4: Flying to {'x': 1097.9420559592336, 'y': 373.9365765845507, 'z': 60.0}
2026-02-13 21:04:02,404 - Drone_4 - INFO - Drone 4: Reached target position
2026-02-13 21:04:02,490 - Drone_3 - INFO - Drone 3: Reached target position
2026-02-13 21:04:03,069 - Drone_3 - INFO - Drone 3: Flying to {'x': 1039.5387252740072, 'y': 413.35680129523564, 'z': 60.0}
2026-02-13 21:04:03,069 - Drone_4 - INFO - Drone 4: Flying to {'x': 1092.0363301797158, 'y': 370.9274308171796, 'z': 60.0}
2026-02-13 21:04:03,411 - Drone_4 - INFO - Drone 4: Reached target position
2026-02-13 21:04:03,497 - Drone_3 - INFO - Drone 3: Reached target position
2026-02-13 21:04:04,071 - Drone_3 - INFO - Drone 3: Flying to {'x': 1031.3166277120395, 'y': 406.9627153276917, 'z': 60.0}
2026-02-13 21:04:04,071 - Drone_4 - INFO - Drone 4: Flying to {'x': 1086.2648067804548, 'y': 367.75879183698277, 'z': 60.0}
2026-02-13 21:04:04,417 - Drone_4 - INFO - Drone 4: Reached target position
2026-02-13 21:04:04,504 - Drone_3 - INFO - Drone 3: Reached target position
2026-02-13 21:04:05,072 - Drone_3 - INFO - Drone 3: Flying to {'x': 1023.2937918982378, 'y': 400.0495299297081, 'z': 60.0}
2026-02-13 21:04:05,073 - Drone_4 - INFO - Drone 4: Flying to {'x': 1080.625511536701, 'y': 364.4219574149174, 'z': 60.0}
2026-02-13 21:04:05,424 - Drone_4 - INFO - Drone 4: Reached target position
2026-02-13 21:04:05,510 - Drone_3 - INFO - Drone 3: Reached target position
2026-02-13 21:04:06,075 - Drone_3 - INFO - Drone 3: Flying to {'x': 1015.5497462686446, 'y': 392.6160439660681, 'z': 60.0}
2026-02-13 21:04:06,076 - Drone_4 - INFO - Drone 4: Flying to {'x': 1075.1467954580874, 'y': 360.9231152924483, 'z': 60.0}
2026-02-13 21:04:06,432 - Drone_4 - INFO - Drone 4: Reached target position
2026-02-13 21:04:06,617 - Drone_3 - INFO - Drone 3: Reached target position
2026-02-13 21:04:07,079 - Drone_3 - INFO - Drone 3: Flying to {'x': 1008.1226429285339, 'y': 384.6173626763225, 'z': 60.0}
2026-02-13 21:04:07,080 - Drone_4 - INFO - Drone 4: Flying to {'x': 1069.822212149365, 'y': 357.2419511184321, 'z': 60.0}
2026-02-13 21:04:07,439 - Drone_4 - INFO - Drone 4: Reached target position
2026-02-13 21:04:07,624 - Drone_3 - INFO - Drone 3: Reached target position
2026-02-13 21:04:08,083 - Drone_3 - INFO - Drone 3: Flying to {'x': 1001.0852843000526, 'y': 376.0321361354612, 'z': 60.0}
2026-02-13 21:04:08,084 - Drone_4 - INFO - Drone 4: Flying to {'x': 1064.6645752154923, 'y': 353.3622493538759, 'z': 60.0}
2026-02-13 21:04:08,446 - Drone_4 - INFO - Drone 4: Reached target position
2026-02-13 21:04:08,631 - Drone_3 - INFO - Drone 3: Reached target position
2026-02-13 21:04:09,086 - Drone_3 - INFO - Drone 3: Flying to {'x': 995.1711546443283, 'y': 367.8168018478327, 'z': 60.0}
2026-02-13 21:04:09,087 - Drone_4 - INFO - Drone 4: Flying to {'x': 1060.1926881676463, 'y': 349.69360736462886, 'z': 60.0}
2026-02-13 21:04:09,351 - Drone_4 - INFO - Drone 4: Reached target position
2026-02-13 21:04:09,638 - Drone_3 - INFO - Drone 3: Reached target position
2026-02-13 21:04:10,088 - Drone_3 - INFO - Drone 3: Flying to {'x': 989.1396924101816, 'y': 358.13116143851056, 'z': 60.0}
2026-02-13 21:04:10,089 - Drone_4 - INFO - Drone 4: Flying to {'x': 1055.4263322905538, 'y': 345.3902284518784, 'z': 60.0}
2026-02-13 21:04:10,359 - Drone_4 - INFO - Drone 4: Reached target position
2026-02-13 21:04:10,745 - Drone_3 - INFO - Drone 3: Reached target position
2026-02-13 21:04:11,090 - Drone_3 - INFO - Drone 3: Flying to {'x': 983.7850423665055, 'y': 347.89248313244275, 'z': 60.0}
2026-02-13 21:04:11,090 - Drone_4 - INFO - Drone 4: Flying to {'x': 1050.9142948197186, 'y': 340.82753691376706, 'z': 60.0}
2026-02-13 21:04:11,367 - Drone_4 - INFO - Drone 4: Reached target position
2026-02-13 21:04:11,752 - Drone_3 - INFO - Drone 3: Reached target position
2026-02-13 21:04:12,092 - Drone_3 - INFO - Drone 3: Flying to {'x': 979.2185120883815, 'y': 337.1564595922122, 'z': 60.0}
2026-02-13 21:04:12,092 - Drone_4 - INFO - Drone 4: Flying to {'x': 1046.7083404721704, 'y': 335.9846811461258, 'z': 60.0}
2026-02-13 21:04:12,372 - Drone_4 - INFO - Drone 4: Reached target position
2026-02-13 21:04:12,859 - Drone_3 - INFO - Drone 3: Reached target position
2026-02-13 21:04:13,093 - Drone_3 - INFO - Drone 3: Flying to {'x': 975.5444672032577, 'y': 326.0026106544765, 'z': 60.0}
2026-02-13 21:04:13,093 - Drone_4 - INFO - Drone 4: Flying to {'x': 1042.8705053590006, 'y': 330.84560417619866, 'z': 60.0}
2026-02-13 21:04:13,379 - Drone_4 - INFO - Drone 4: Reached target position
2026-02-13 21:04:13,866 - Drone_3 - INFO - Drone 3: Reached target position
2026-02-13 21:04:14,095 - Drone_3 - INFO - Drone 3: Flying to {'x': 972.8542318862015, 'y': 314.5427146399263, 'z': 60.0}
2026-02-13 21:04:14,096 - Drone_4 - INFO - Drone 4: Flying to {'x': 1039.473935323474, 'y': 325.40849182933425, 'z': 60.0}
2026-02-13 21:04:14,286 - Drone_4 - INFO - Drone 4: Reached target position
2026-02-13 21:04:14,874 - Drone_3 - INFO - Drone 3: Reached target position
2026-02-13 21:04:15,098 - Drone_3 - INFO - Drone 3: Flying to {'x': 971.2124920590238, 'y': 302.89903162013644, 'z': 60.0}
2026-02-13 21:04:15,099 - Drone_4 - INFO - Drone 4: Flying to {'x': 1036.592742256681, 'y': 319.68214468332377, 'z': 60.0}
2026-02-13 21:04:15,293 - Drone_4 - INFO - Drone 4: Reached target position
2026-02-13 21:04:15,880 - Drone_3 - INFO - Drone 3: Reached target position
2026-02-13 21:04:16,101 - Drone_3 - INFO - Drone 3: Flying to {'x': 970.6551778571728, 'y': 291.20252049517234, 'z': 60.0}
2026-02-13 21:04:16,101 - Drone_4 - INFO - Drone 4: Flying to {'x': 1034.2989129229375, 'y': 313.69085051051076, 'z': 60.0}
2026-02-13 21:04:16,299 - Drone_4 - INFO - Drone 4: Reached target position
2026-02-13 21:04:16,887 - Drone_3 - INFO - Drone 3: Reached target position
2026-02-13 21:04:17,103 - Drone_3 - INFO - Drone 3: Flying to {'x': 971.1840496872044, 'y': 279.62279000828624, 'z': 60.0}
2026-02-13 21:04:17,104 - Drone_4 - INFO - Drone 4: Flying to {'x': 1032.6605262739631, 'y': 307.4955872571757, 'z': 60.0}
2026-02-13 21:04:17,106 - Drone_4 - INFO - Drone 4: Reached target position
2026-02-13 21:04:17,892 - Drone_3 - INFO - Drone 3: Reached target position
2026-02-13 21:04:18,107 - Drone_3 - INFO - Drone 3: Flying to {'x': 972.7650222473292, 'y': 268.2818489429589, 'z': 60.0}
2026-02-13 21:04:18,108 - Drone_4 - INFO - Drone 4: Flying to {'x': 1031.7210365392948, 'y': 301.15187143771146, 'z': 60.0}
2026-02-13 21:04:18,113 - Drone_4 - INFO - Drone 4: Reached target position
2026-02-13 21:04:18,898 - Drone_3 - INFO - Drone 3: Reached target position
2026-02-13 21:04:19,111 - Drone_3 - INFO - Drone 3: Flying to {'x': 975.3341702870807, 'y': 257.3053815577788, 'z': 60.0}
2026-02-13 21:04:19,111 - Drone_4 - INFO - Drone 4: Flying to {'x': 1031.5055442544742, 'y': 294.7356733895989, 'z': 60.0}
2026-02-13 21:04:19,219 - Drone_4 - INFO - Drone 4: Reached target position
2026-02-13 21:04:19,903 - Drone_3 - INFO - Drone 3: Reached target position
2026-02-13 21:04:20,112 - Drone_3 - INFO - Drone 3: Flying to {'x': 978.8118921514944, 'y': 246.77318596478747, 'z': 60.0}
2026-02-13 21:04:20,113 - Drone_4 - INFO - Drone 4: Flying to {'x': 1032.0165966089853, 'y': 288.3124375660264, 'z': 60.0}
2026-02-13 21:04:20,225 - Drone_4 - INFO - Drone 4: Reached target position
2026-02-13 21:04:20,910 - Drone_3 - INFO - Drone 3: Reached target position
2026-02-13 21:04:21,115 - Drone_3 - INFO - Drone 3: Flying to {'x': 983.1018753555256, 'y': 236.75929605129556, 'z': 60.0}
2026-02-13 21:04:21,115 - Drone_4 - INFO - Drone 4: Flying to {'x': 1033.2368731473357, 'y': 281.95588880357275, 'z': 60.0}
2026-02-13 21:04:21,233 - Drone_4 - INFO - Drone 4: Reached target position
2026-02-13 21:04:21,916 - Drone_3 - INFO - Drone 3: Reached target position
2026-02-13 21:04:22,118 - Drone_3 - INFO - Drone 3: Flying to {'x': 988.113572529118, 'y': 227.29118234986146, 'z': 60.0}
2026-02-13 21:04:22,118 - Drone_4 - INFO - Drone 4: Flying to {'x': 1035.1357841527952, 'y': 275.71805106979957, 'z': 60.0}
2026-02-13 21:04:22,341 - Drone_4 - INFO - Drone 4: Reached target position
2026-02-13 21:04:22,924 - Drone_3 - INFO - Drone 3: Reached target position
2026-02-13 21:04:23,120 - Drone_3 - INFO - Drone 3: Flying to {'x': 993.7364931581365, 'y': 218.4155326755941, 'z': 60.0}
2026-02-13 21:04:23,120 - Drone_4 - INFO - Drone 4: Flying to {'x': 1037.6622743169432, 'y': 269.66761311715874, 'z': 60.0}
2026-02-13 21:04:23,347 - Drone_4 - INFO - Drone 4: Reached target position
2026-02-13 21:04:23,828 - Drone_3 - INFO - Drone 3: Reached target position
2026-02-13 21:04:24,122 - Drone_3 - INFO - Drone 3: Flying to {'x': 999.8920843568498, 'y': 210.1160287087421, 'z': 60.0}
2026-02-13 21:04:24,123 - Drone_4 - INFO - Drone 4: Flying to {'x': 1040.7684054429033, 'y': 263.8317282245247, 'z': 60.0}
2026-02-13 21:04:24,355 - Drone_4 - INFO - Drone 4: Reached target position
2026-02-13 21:04:24,834 - Drone_3 - INFO - Drone 3: Reached target position
2026-02-13 21:04:25,126 - Drone_3 - INFO - Drone 3: Flying to {'x': 1006.5136722306867, 'y': 202.36978780882072, 'z': 60.0}
2026-02-13 21:04:25,126 - Drone_4 - INFO - Drone 4: Flying to {'x': 1044.4070984184598, 'y': 258.2297757407187, 'z': 60.0}
2026-02-13 21:04:25,465 - Drone_4 - INFO - Drone 4: Reached target position
2026-02-13 21:04:25,839 - Drone_3 - INFO - Drone 3: Reached target position
2026-02-13 21:04:26,127 - Drone_3 - INFO - Drone 3: Flying to {'x': 1013.50662949615, 'y': 195.18802962208727, 'z': 60.0}
2026-02-13 21:04:26,128 - Drone_4 - INFO - Drone 4: Flying to {'x': 1048.51011360604, 'y': 252.9028985916057, 'z': 60.0}
2026-02-13 21:04:26,470 - Drone_4 - INFO - Drone 4: Reached target position
2026-02-13 21:04:26,847 - Drone_3 - INFO - Drone 3: Reached target position
2026-02-13 21:04:27,129 - Drone_3 - INFO - Drone 3: Flying to {'x': 1020.822029079504, 'y': 188.53373955268557, 'z': 60.0}
2026-02-13 21:04:27,129 - Drone_4 - INFO - Drone 4: Flying to {'x': 1053.030935743265, 'y': 247.8535198247426, 'z': 60.0}
2026-02-13 21:04:27,476 - Drone_4 - INFO - Drone 4: Reached target position
2026-02-13 21:04:27,853 - Drone_3 - INFO - Drone 3: Reached target position
2026-02-13 21:04:28,130 - Drone_3 - INFO - Drone 3: Flying to {'x': 1028.4001656477944, 'y': 182.3877567759329, 'z': 60.0}
2026-02-13 21:04:28,131 - Drone_4 - INFO - Drone 4: Flying to {'x': 1057.914891269007, 'y': 243.09303637750085, 'z': 60.0}
2026-02-13 21:04:28,583 - Drone_4 - INFO - Drone 4: Reached target position
2026-02-13 21:04:28,860 - Drone_3 - INFO - Drone 3: Reached target position
2026-02-13 21:04:29,132 - Drone_3 - INFO - Drone 3: Flying to {'x': 1036.2138041160856, 'y': 176.71069344711879, 'z': 60.0}
2026-02-13 21:04:29,133 - Drone_4 - INFO - Drone 4: Flying to {'x': 1063.127340617512, 'y': 238.61312920683986, 'z': 60.0}
2026-02-13 21:04:29,589 - Drone_4 - INFO - Drone 4: Reached target position
2026-02-13 21:04:29,865 - Drone_3 - INFO - Drone 3: Reached target position
2026-02-13 21:04:30,135 - Drone_3 - INFO - Drone 3: Flying to {'x': 1044.218683418356, 'y': 171.48319838181806, 'z': 60.0}
2026-02-13 21:04:30,136 - Drone_4 - INFO - Drone 4: Flying to {'x': 1068.622594929676, 'y': 234.4172837644441, 'z': 60.0}
2026-02-13 21:04:30,595 - Drone_4 - INFO - Drone 4: Reached target position
2026-02-13 21:04:30,872 - Drone_3 - INFO - Drone 3: Reached target position
2026-02-13 21:04:31,137 - Drone_1 - INFO - Drone 1 stopped
2026-02-13 21:04:31,208 - Drone_2 - INFO - Drone 2 stopped
2026-02-13 21:04:31,274 - Drone_3 - INFO - Drone 3 stopped
2026-02-13 21:04:31,299 - Drone_4 - INFO - Drone 4 stopped
2026-02-13 21:04:31,309 - Drone_5 - INFO - Drone 5 stopped
2026-02-13 21:04:31,310 - Main - INFO - System shutdown complete
